{"type":"FeatureCollection","features":[{"type":"Feature","properties":{"id":"dogal-0","kind":"district","btype":"dogal","name":"Sai Kung East Country Park","lab":1},"geometry":{"type":"MultiPolygon","coordinates":[[[[114.34625,22.43933],[114.3476,22.43781],[114.34767,22.43732],[114.34713,22.4368],[114.34716,22.43551],[114.3482,22.43341],[114.34889,22.43282],[114.34946,22.43066],[114.34988,22.43026],[114.34949,22.42965],[114.34982,22.42782],[114.35106,22.42655],[114.34831,22.42562],[114.34642,22.42408],[114.34535,22.42513],[114.3449,22.42489],[114.3439,22.42522],[114.34312,22.42435],[114.34332,22.42379],[114.34485,22.42312],[114.34624,22.42303],[114.34682,22.42255],[114.34693,22.42212],[114.34631,22.42176],[114.34649,22.42133],[114.34558,22.42054],[114.34662,22.41899],[114.34842,22.41943],[114.34904,22.4206],[114.35079,22.42063],[114.35191,22.4203],[114.35477,22.41749],[114.35791,22.41791],[114.35424,22.42016],[114.35351,22.4223],[114.35477,22.422],[114.3556,22.42247],[114.35607,22.42229],[114.35553,22.42316],[114.35445,22.42344],[114.35379,22.42414],[114.35397,22.42465],[114.35348,22.42487],[114.35621,22.42502],[114.35593,22.42571],[114.35467,22.42653],[114.35543,22.42737],[114.35372,22.42782],[114.35352,22.42839],[114.35446,22.42946],[114.35395,22.43085],[114.35406,22.43314],[114.35521,22.4341],[114.35421,22.43525],[114.35461,22.43635],[114.35449,22.43739],[114.35605,22.4396],[114.35495,22.44093],[114.35528,22.44198],[114.355,22.44269],[114.35676,22.44591],[114.35545,22.44578],[114.35457,22.44503],[114.35335,22.44497],[114.35402,22.44738],[114.3547,22.44789],[114.3537,22.44971],[114.35292,22.44995],[114.35453,22.45075],[114.35491,22.45061],[114.3552,22.44938],[114.35646,22.45015],[114.35726,22.44993],[114.35716,22.45062],[114.3576,22.45141],[114.35785,22.44978],[114.35846,22.44912],[114.36224,22.44969],[114.36346,22.44862],[114.36387,22.44872],[114.36412,22.44897],[114.36364,22.45012],[114.36415,22.45199],[114.36179,22.45566],[114.36149,22.45738],[114.36244,22.45906],[114.36401,22.45783],[114.36544,22.45793],[114.36643,22.45885],[114.36724,22.45822],[114.36779,22.45669],[114.36998,22.45543],[114.36986,22.45473],[114.37042,22.45365],[114.36992,22.44966],[114.36851,22.44849],[114.36846,22.44801],[114.367,22.44756],[114.36659,22.44664],[114.36693,22.44481],[114.36769,22.44378],[114.36964,22.43816],[114.37009,22.43775],[114.3718,22.43705],[114.37307,22.43801],[114.37463,22.43807],[114.37509,22.43889],[114.37535,22.4385],[114.37659,22.4389],[114.37782,22.43751],[114.37994,22.43667],[114.38215,22.43636],[114.38373,22.4372],[114.38437,22.43825],[114.38662,22.43852],[114.38798,22.43911],[114.38949,22.43867],[114.39105,22.43921],[114.39141,22.44069],[114.39212,22.44127],[114.39244,22.44089],[114.3921,22.44062],[114.39258,22.44023],[114.39151,22.43821],[114.39228,22.43718],[114.3928,22.43711],[114.39465,22.43886],[114.3951,22.43717],[114.39556,22.43707],[114.39577,22.43598],[114.39659,22.43512],[114.39705,22.43585],[114.39822,22.43628],[114.39918,22.4361],[114.40037,22.43646],[114.40128,22.43614],[114.3996,22.43379],[114.39908,22.43438],[114.39866,22.43411],[114.39887,22.43375],[114.39832,22.43344],[114.3987,22.43341],[114.3986,22.43188],[114.39898,22.43167],[114.39832,22.43121],[114.39838,22.43083],[114.39799,22.43054],[114.39774,22.43082],[114.39661,22.43068],[114.39668,22.43013],[114.3954,22.42962],[114.39699,22.42818],[114.39686,22.42722],[114.39802,22.42702],[114.3979,22.4266],[114.39831,22.42629],[114.3978,22.42473],[114.3972,22.42466],[114.39753,22.42397],[114.39702,22.42317],[114.39898,22.42191],[114.39935,22.42108],[114.40182,22.42045],[114.40236,22.41951],[114.40266,22.41983],[114.40362,22.41942],[114.403,22.41762],[114.40506,22.41692],[114.40478,22.4163],[114.40415,22.41677],[114.40448,22.41583],[114.40365,22.41557],[114.40394,22.41493],[114.40506,22.41426],[114.40568,22.41281],[114.40513,22.41259],[114.40416,22.41335],[114.40438,22.4121],[114.40284,22.4123],[114.40238,22.4118],[114.40175,22.41216],[114.40164,22.41272],[114.40109,22.41281],[114.40098,22.41181],[114.3998,22.41148],[114.39826,22.4125],[114.39827,22.41364],[114.39715,22.41422],[114.39655,22.41407],[114.39609,22.41506],[114.39586,22.41485],[114.39476,22.41542],[114.39433,22.41676],[114.39491,22.41777],[114.39306,22.41905],[114.39314,22.41988],[114.39227,22.42009],[114.39238,22.42041],[114.39003,22.41968],[114.38878,22.42015],[114.38759,22.42009],[114.38667,22.42077],[114.38584,22.42053],[114.38364,22.41892],[114.38372,22.41861],[114.38334,22.41873],[114.38315,22.41787],[114.38283,22.41784],[114.38298,22.41741],[114.38242,22.41687],[114.38167,22.41685],[114.38159,22.41725],[114.38016,22.41583],[114.37971,22.4146],[114.37878,22.41355],[114.37837,22.4119],[114.37871,22.41103],[114.37928,22.4108],[114.37936,22.40925],[114.37847,22.40921],[114.37705,22.40989],[114.37512,22.40814],[114.37445,22.40645],[114.37555,22.40528],[114.37505,22.40515],[114.37509,22.40459],[114.37459,22.4049],[114.37446,22.40459],[114.3751,22.40413],[114.37462,22.40375],[114.37535,22.40323],[114.37504,22.403],[114.37418,22.40345],[114.37376,22.40309],[114.37464,22.40245],[114.37382,22.40213],[114.3744,22.40168],[114.37399,22.40181],[114.37358,22.40118],[114.37378,22.40079],[114.3724,22.40133],[114.37205,22.40104],[114.37231,22.40053],[114.37009,22.4003],[114.37124,22.39822],[114.37295,22.397],[114.37392,22.39696],[114.37478,22.39815],[114.37655,22.39832],[114.3765,22.39654],[114.37757,22.39703],[114.37842,22.39577],[114.3786,22.39621],[114.37883,22.39589],[114.37973,22.3961],[114.3801,22.39554],[114.37984,22.39529],[114.38162,22.3932],[114.38141,22.3917],[114.38229,22.3914],[114.38301,22.39172],[114.38379,22.39091],[114.38443,22.38932],[114.38523,22.38927],[114.38557,22.3901],[114.38673,22.39062],[114.38697,22.38975],[114.38811,22.38936],[114.38816,22.389],[114.38881,22.38923],[114.38877,22.38876],[114.38948,22.38897],[114.3898,22.38811],[114.39065,22.38787],[114.39062,22.38747],[114.38994,22.38753],[114.39072,22.38637],[114.39019,22.38567],[114.38954,22.3856],[114.39041,22.38535],[114.39011,22.3849],[114.39041,22.38427],[114.39001,22.38379],[114.39064,22.3837],[114.3901,22.38358],[114.39029,22.38229],[114.38971,22.38205],[114.39022,22.38186],[114.39003,22.3813],[114.39049,22.38132],[114.39056,22.38087],[114.39138,22.38044],[114.39087,22.38031],[114.39148,22.3795],[114.39075,22.37957],[114.39128,22.37835],[114.39184,22.37802],[114.39142,22.3778],[114.39159,22.37721],[114.39073,22.37672],[114.39046,22.37741],[114.39021,22.37673],[114.38987,22.37718],[114.38997,22.37637],[114.38973,22.37678],[114.38862,22.37679],[114.38857,22.37645],[114.38842,22.37695],[114.38759,22.3768],[114.38687,22.37738],[114.38685,22.37685],[114.38642,22.37692],[114.38718,22.37626],[114.38687,22.37596],[114.38738,22.37568],[114.38717,22.37525],[114.38764,22.37518],[114.38735,22.37457],[114.38836,22.37437],[114.38868,22.37329],[114.39008,22.37146],[114.38962,22.3699],[114.39052,22.37091],[114.39102,22.37059],[114.39147,22.36768],[114.39071,22.36744],[114.38951,22.36796],[114.3901,22.3673],[114.38977,22.36709],[114.39082,22.36631],[114.39033,22.36583],[114.3894,22.36653],[114.39001,22.36585],[114.38917,22.36582],[114.38985,22.36538],[114.38974,22.36506],[114.38827,22.36558],[114.388,22.36605],[114.3877,22.36565],[114.38669,22.36612],[114.38578,22.36741],[114.38581,22.36744],[114.38629,22.36715],[114.38647,22.36711],[114.38528,22.36854],[114.38571,22.36937],[114.38468,22.37071],[114.38479,22.37104],[114.38401,22.37132],[114.3833,22.37244],[114.3829,22.37387],[114.38334,22.37436],[114.38237,22.37586],[114.38163,22.37583],[114.3816,22.37443],[114.38075,22.37418],[114.3806,22.37373],[114.38019,22.37371],[114.38015,22.37405],[114.37926,22.3739],[114.37814,22.37478],[114.3771,22.37443],[114.37577,22.37331],[114.3753,22.37257],[114.37593,22.37142],[114.37574,22.37058],[114.3762,22.37044],[114.37557,22.36957],[114.37596,22.36985],[114.37621,22.3691],[114.37747,22.36896],[114.37952,22.36786],[114.37942,22.36749],[114.37995,22.36716],[114.37932,22.36644],[114.38071,22.36677],[114.38107,22.36636],[114.38064,22.36597],[114.38103,22.36608],[114.38119,22.36547],[114.38093,22.36429],[114.37993,22.36311],[114.37816,22.36297],[114.37704,22.36348],[114.37428,22.35966],[114.37449,22.3594],[114.37575,22.35966],[114.37712,22.35899],[114.37771,22.35838],[114.37777,22.35765],[114.37701,22.35784],[114.37658,22.35731],[114.37524,22.35792],[114.37467,22.35672],[114.37551,22.35613],[114.37474,22.35612],[114.37444,22.35569],[114.3734,22.35584],[114.37303,22.35545],[114.37408,22.3545],[114.37414,22.35386],[114.37359,22.35387],[114.37393,22.35338],[114.3717,22.35402],[114.37086,22.35308],[114.37136,22.35272],[114.37099,22.35176],[114.36917,22.35385],[114.36743,22.3542],[114.36719,22.35373],[114.36575,22.35499],[114.36495,22.35483],[114.36519,22.3536],[114.364,22.35352],[114.36392,22.35274],[114.36671,22.3518],[114.36713,22.35134],[114.36649,22.35076],[114.36725,22.3511],[114.36709,22.35052],[114.36764,22.35076],[114.36684,22.34998],[114.36765,22.34951],[114.36677,22.34984],[114.36621,22.35036],[114.36537,22.34976],[114.36552,22.34915],[114.36437,22.34915],[114.36361,22.35044],[114.36164,22.352],[114.35946,22.35133],[114.35943,22.34935],[114.36016,22.34796],[114.35972,22.34772],[114.36005,22.34707],[114.35927,22.3462],[114.35915,22.34539],[114.36011,22.34405],[114.36042,22.34279],[114.36121,22.34253],[114.36098,22.34176],[114.36147,22.34118],[114.36033,22.34146],[114.35889,22.33964],[114.35937,22.33868],[114.35917,22.33653],[114.3577,22.33633],[114.35693,22.33534],[114.35578,22.33575],[114.35597,22.33624],[114.35494,22.33636],[114.35493,22.33754],[114.35421,22.33916],[114.35478,22.33973],[114.35433,22.34066],[114.35442,22.34172],[114.35284,22.34263],[114.35221,22.34539],[114.35274,22.3458],[114.35255,22.34722],[114.35397,22.34733],[114.35557,22.34683],[114.35689,22.3473],[114.3555,22.34859],[114.35451,22.3489],[114.35465,22.34968],[114.35543,22.35007],[114.35351,22.35106],[114.35305,22.35239],[114.35267,22.35237],[114.35181,22.35447],[114.35143,22.35676],[114.35095,22.35583],[114.34964,22.3559],[114.34713,22.35071],[114.34535,22.35035],[114.34479,22.34824],[114.34406,22.34774],[114.34426,22.34724],[114.34333,22.34698],[114.34305,22.3475],[114.34236,22.34765],[114.34242,22.3481],[114.34162,22.34883],[114.34106,22.3489],[114.34082,22.35023],[114.34021,22.3505],[114.34029,22.35084],[114.33909,22.35152],[114.33933,22.35348],[114.338,22.35447],[114.34024,22.35478],[114.3419,22.35419],[114.34203,22.35493],[114.34084,22.35676],[114.33838,22.35781],[114.33797,22.35909],[114.33733,22.35963],[114.33658,22.35969],[114.33623,22.35881],[114.33483,22.35925],[114.33198,22.36197],[114.33124,22.36332],[114.33125,22.36447],[114.33256,22.36596],[114.33319,22.36794],[114.33478,22.36771],[114.33748,22.36839],[114.33681,22.36908],[114.33592,22.36899],[114.3342,22.37035],[114.33456,22.37136],[114.33437,22.37382],[114.33536,22.3768],[114.3354,22.37859],[114.33491,22.37859],[114.33262,22.37656],[114.33153,22.37733],[114.32637,22.37879],[114.32269,22.3813],[114.32292,22.38238],[114.3239,22.38338],[114.32325,22.38405],[114.32285,22.3834],[114.32178,22.38405],[114.32143,22.38241],[114.32011,22.38262],[114.3193,22.38154],[114.31803,22.38235],[114.31808,22.38373],[114.31908,22.3856],[114.31915,22.38703],[114.32089,22.38744],[114.32188,22.38721],[114.32149,22.38989],[114.31922,22.38978],[114.31848,22.39058],[114.31746,22.39042],[114.31719,22.39135],[114.31917,22.39283],[114.32033,22.39239],[114.32068,22.39157],[114.32092,22.3919],[114.32215,22.39748],[114.32184,22.39848],[114.3247,22.40054],[114.3232,22.40263],[114.32386,22.40326],[114.32511,22.40361],[114.32566,22.4034],[114.32575,22.40443],[114.32651,22.40535],[114.32607,22.40582],[114.32555,22.40573],[114.32569,22.40703],[114.32514,22.40891],[114.32659,22.41123],[114.32754,22.41175],[114.32755,22.41286],[114.32819,22.41397],[114.32916,22.4147],[114.33077,22.41862],[114.33226,22.41822],[114.33282,22.41682],[114.33325,22.41719],[114.335,22.41701],[114.33502,22.41812],[114.33438,22.41918],[114.33521,22.41972],[114.33554,22.42055],[114.3345,22.42118],[114.33343,22.42125],[114.33308,22.42085],[114.33218,22.42113],[114.33245,22.42532],[114.3311,22.42677],[114.32935,22.42768],[114.32962,22.42865],[114.32889,22.42935],[114.32886,22.43045],[114.32942,22.43107],[114.33018,22.43052],[114.33097,22.43104],[114.33135,22.43043],[114.33232,22.43067],[114.33289,22.43132],[114.33167,22.43189],[114.33106,22.4327],[114.33107,22.43347],[114.33193,22.43364],[114.33213,22.43403],[114.33139,22.43434],[114.33146,22.43501],[114.33254,22.43539],[114.33406,22.43493],[114.33455,22.43591],[114.33386,22.43668],[114.33521,22.43678],[114.33681,22.43539],[114.33728,22.43413],[114.33681,22.43413],[114.3371,22.43332],[114.33673,22.43071],[114.33565,22.42915],[114.33359,22.42854],[114.33417,22.42819],[114.33417,22.42616],[114.33585,22.42608],[114.33801,22.427],[114.33976,22.42679],[114.33949,22.42732],[114.34013,22.42802],[114.34159,22.4285],[114.33972,22.42868],[114.33862,22.4292],[114.33797,22.43158],[114.33888,22.43179],[114.33963,22.43115],[114.34124,22.43101],[114.34192,22.43145],[114.34191,22.43248],[114.34243,22.43317],[114.34186,22.43412],[114.34206,22.43537],[114.34293,22.43703],[114.34346,22.43613],[114.34507,22.43622],[114.34541,22.43789],[114.34482,22.43869],[114.34625,22.43933]]]]}},{"type":"Feature","properties":{"id":"dogal-lab-0","kind":"district-label","btype":"dogal","name":"Sai Kung East Country Park"},"geometry":{"type":"Point","coordinates":[114.35842,22.3978]}},{"type":"Feature","properties":{"id":"dogal-1","kind":"district","btype":"dogal","name":"Tai Lam Country Park","lab":1},"geometry":{"type":"MultiPolygon","coordinates":[[[[114.01437,22.38293],[114.0134,22.38175],[114.01094,22.38136],[114.00951,22.38022],[114.00808,22.38024],[114.005,22.37925],[114.00497,22.38003],[114.00401,22.38004],[114.00177,22.37826],[114.00057,22.3792],[113.9992,22.37899],[113.99872,22.3794],[113.99863,22.37859],[113.9975,22.37793],[113.99703,22.37808],[113.99676,22.37912],[113.99551,22.3782],[113.99348,22.37845],[113.99266,22.37817],[113.99212,22.37877],[113.9912,22.37882],[113.98995,22.37831],[113.98931,22.3784],[113.9888,22.37902],[113.98804,22.37885],[113.98459,22.38018],[113.98467,22.38093],[113.98322,22.38188],[113.98397,22.38268],[113.98417,22.38478],[113.98368,22.38673],[113.98382,22.38792],[113.98319,22.38886],[113.98321,22.39135],[113.98225,22.39343],[113.9828,22.39487],[113.98357,22.39482],[113.98472,22.39543],[113.98596,22.39525],[113.9873,22.39428],[113.98969,22.39468],[113.98868,22.39567],[113.98849,22.39736],[113.98784,22.39834],[113.98859,22.4007],[113.98958,22.40109],[113.98839,22.40655],[113.98848,22.40977],[113.98914,22.41155],[113.99494,22.41138],[113.99731,22.41249],[113.99651,22.41322],[113.99744,22.4138],[114.00128,22.4141],[114.00346,22.41486],[114.0053,22.41483],[114.00641,22.41413],[114.00935,22.41532],[114.01031,22.41463],[114.01088,22.41352],[114.01049,22.41241],[114.01105,22.41171],[114.01009,22.41135],[114.01063,22.4102],[114.01023,22.40865],[114.01187,22.40901],[114.01271,22.40777],[114.01341,22.40805],[114.01408,22.40879],[114.01552,22.40936],[114.01571,22.41093],[114.01709,22.41173],[114.01677,22.41103],[114.0176,22.4108],[114.01758,22.40961],[114.0184,22.4098],[114.01961,22.40862],[114.02037,22.40852],[114.0214,22.4099],[114.02224,22.40993],[114.02246,22.41088],[114.0229,22.41105],[114.02362,22.41012],[114.02311,22.40809],[114.02351,22.40746],[114.02379,22.40829],[114.02448,22.4085],[114.02613,22.40667],[114.0286,22.40796],[114.02987,22.40906],[114.03024,22.40992],[114.03287,22.41048],[114.03363,22.40999],[114.03479,22.41044],[114.03469,22.41149],[114.03309,22.4131],[114.03333,22.41396],[114.03423,22.41394],[114.03441,22.41311],[114.03544,22.413],[114.03635,22.41174],[114.03857,22.41088],[114.04185,22.41136],[114.04333,22.41229],[114.04322,22.41316],[114.04388,22.41389],[114.04372,22.41479],[114.04506,22.41691],[114.0471,22.41551],[114.04967,22.41548],[114.05098,22.41506],[114.05161,22.41716],[114.05066,22.41844],[114.05127,22.41951],[114.05204,22.42013],[114.05539,22.421],[114.05535,22.42317],[114.05705,22.42423],[114.05788,22.42546],[114.05932,22.42651],[114.06084,22.42687],[114.06301,22.42611],[114.06348,22.42497],[114.064,22.42482],[114.06401,22.42317],[114.06284,22.4231],[114.06363,22.42178],[114.06341,22.42143],[114.06069,22.42213],[114.06065,22.42],[114.05856,22.41945],[114.06085,22.41874],[114.06101,22.4175],[114.06242,22.41648],[114.06205,22.41605],[114.06233,22.41533],[114.06188,22.41438],[114.06029,22.41296],[114.05979,22.41293],[114.06032,22.41172],[114.05916,22.41131],[114.0591,22.41056],[114.05752,22.40961],[114.05736,22.40894],[114.05548,22.40899],[114.05615,22.40809],[114.05529,22.40774],[114.0561,22.40708],[114.05533,22.40668],[114.0558,22.40556],[114.05744,22.40595],[114.05778,22.40652],[114.05967,22.40742],[114.06088,22.40727],[114.06172,22.40771],[114.06243,22.40735],[114.06481,22.40781],[114.06573,22.40965],[114.06556,22.41053],[114.06677,22.41155],[114.06725,22.41131],[114.06859,22.41208],[114.06888,22.41123],[114.07084,22.41146],[114.07221,22.41059],[114.07192,22.41132],[114.07229,22.41182],[114.07535,22.41263],[114.07656,22.41241],[114.08044,22.41676],[114.08189,22.41674],[114.08272,22.41611],[114.08467,22.41561],[114.08673,22.41579],[114.08641,22.41667],[114.08701,22.41707],[114.08689,22.41796],[114.08755,22.41872],[114.08928,22.41937],[114.08956,22.42014],[114.09059,22.41994],[114.09202,22.42057],[114.09255,22.42003],[114.09389,22.41991],[114.09389,22.42201],[114.09558,22.42214],[114.09565,22.42455],[114.09784,22.42579],[114.09847,22.42578],[114.09904,22.42498],[114.09965,22.42492],[114.10066,22.42392],[114.10093,22.42286],[114.10208,22.42211],[114.10365,22.42256],[114.10328,22.42132],[114.10262,22.42091],[114.10256,22.41978],[114.10306,22.4192],[114.10413,22.41931],[114.10512,22.4202],[114.10372,22.42193],[114.10393,22.42258],[114.1051,22.42353],[114.10605,22.42238],[114.10847,22.42099],[114.10974,22.41933],[114.11066,22.41909],[114.11186,22.41708],[114.11232,22.41766],[114.11209,22.41864],[114.11294,22.41893],[114.1136,22.42092],[114.11643,22.42091],[114.11764,22.42142],[114.11705,22.42043],[114.11558,22.42036],[114.11585,22.41931],[114.11543,22.41791],[114.11426,22.41744],[114.11341,22.41768],[114.11301,22.41533],[114.11148,22.41434],[114.1109,22.41343],[114.10992,22.4134],[114.10943,22.41205],[114.10763,22.41192],[114.10726,22.41082],[114.10498,22.40964],[114.10537,22.40602],[114.10469,22.40503],[114.10511,22.40434],[114.10466,22.4041],[114.104,22.40438],[114.10374,22.40388],[114.1048,22.40267],[114.1063,22.40226],[114.10668,22.40129],[114.10864,22.39997],[114.10885,22.39848],[114.10998,22.39779],[114.10956,22.39644],[114.10852,22.3963],[114.10773,22.39672],[114.10724,22.39725],[114.10743,22.39838],[114.1058,22.39964],[114.10496,22.39979],[114.10679,22.39773],[114.10504,22.39649],[114.10278,22.39607],[114.10128,22.39473],[114.10116,22.39063],[114.10244,22.38857],[114.10144,22.38882],[114.10062,22.38806],[114.10003,22.38801],[114.09835,22.38899],[114.09817,22.38988],[114.0974,22.38852],[114.09741,22.38776],[114.09666,22.38743],[114.09667,22.38695],[114.09565,22.38656],[114.09655,22.38539],[114.09542,22.38364],[114.09566,22.38325],[114.09435,22.38322],[114.09309,22.37909],[114.0941,22.37755],[114.09441,22.37591],[114.09466,22.3761],[114.09492,22.37569],[114.09433,22.37428],[114.0952,22.37354],[114.09354,22.37262],[114.09254,22.37275],[114.09044,22.37213],[114.09003,22.37122],[114.08887,22.37139],[114.08864,22.37092],[114.08906,22.37059],[114.08905,22.36976],[114.08869,22.36942],[114.08312,22.37071],[114.08165,22.372],[114.08042,22.37225],[114.07984,22.37346],[114.07904,22.37254],[114.07703,22.37198],[114.07505,22.37323],[114.07484,22.37418],[114.07367,22.3737],[114.07211,22.37417],[114.07005,22.37555],[114.07016,22.37604],[114.06887,22.37606],[114.06834,22.37672],[114.06641,22.37673],[114.06641,22.37597],[114.06538,22.37557],[114.06504,22.37429],[114.06387,22.37538],[114.06349,22.37519],[114.062,22.37624],[114.06161,22.37615],[114.06128,22.37524],[114.05967,22.37459],[114.05883,22.37519],[114.05787,22.37497],[114.05707,22.37537],[114.05262,22.37011],[114.05126,22.37007],[114.04964,22.36929],[114.04906,22.36957],[114.04786,22.36761],[114.04469,22.36575],[114.04351,22.36557],[114.04269,22.36644],[114.04182,22.36656],[114.04106,22.36548],[114.0398,22.36501],[114.03954,22.36405],[114.03797,22.36403],[114.0372,22.36361],[114.03687,22.36273],[114.03718,22.36211],[114.03632,22.36055],[114.03084,22.35803],[114.02856,22.35884],[114.0267,22.36117],[114.02673,22.36241],[114.02776,22.36324],[114.02685,22.36384],[114.02769,22.36512],[114.02748,22.36546],[114.02669,22.36543],[114.02638,22.36629],[114.02832,22.36958],[114.02731,22.37181],[114.02614,22.37226],[114.02701,22.37368],[114.02668,22.37333],[114.02603,22.37349],[114.02235,22.37503],[114.02149,22.37477],[114.02013,22.37346],[114.01951,22.3736],[114.01948,22.37282],[114.01892,22.37233],[114.01882,22.37315],[114.01812,22.37264],[114.01719,22.37386],[114.0162,22.37366],[114.0166,22.37465],[114.01521,22.37506],[114.01517,22.37564],[114.01568,22.3761],[114.01574,22.37732],[114.01729,22.37841],[114.01737,22.37914],[114.01609,22.38026],[114.01611,22.38155],[114.01544,22.38216],[114.01478,22.38219],[114.01437,22.38293]]]]}},{"type":"Feature","properties":{"id":"dogal-lab-1","kind":"district-label","btype":"dogal","name":"Tai Lam Country Park"},"geometry":{"type":"Point","coordinates":[114.04853,22.39426]}},{"type":"Feature","properties":{"id":"dogal-2","kind":"district","btype":"dogal","name":"Plover Cove Country Park","lab":1},"geometry":{"type":"MultiPolygon","coordinates":[[[[114.27487,22.46853],[114.27004,22.46574],[114.26805,22.46522],[114.26588,22.46322],[114.26295,22.46207],[114.26221,22.4609],[114.26119,22.4605],[114.26044,22.4586],[114.25947,22.45768],[114.25929,22.45684],[114.25956,22.45678],[114.25877,22.4556],[114.25718,22.45561],[114.25742,22.45472],[114.25686,22.45387],[114.25453,22.45301],[114.25414,22.45253],[114.25318,22.45356],[114.25134,22.45333],[114.24784,22.45128],[114.24688,22.4497],[114.24654,22.44995],[114.24692,22.45302],[114.24662,22.45373],[114.24768,22.45509],[114.2348,22.46782],[114.23393,22.46769],[114.23356,22.46845],[114.23305,22.47101],[114.23378,22.4711],[114.23418,22.47185],[114.23545,22.47257],[114.23606,22.47226],[114.23714,22.47385],[114.23911,22.47483],[114.23922,22.47541],[114.23852,22.47598],[114.23886,22.47612],[114.23908,22.47726],[114.24094,22.47498],[114.24113,22.47512],[114.23917,22.47737],[114.24043,22.47674],[114.23948,22.47755],[114.23945,22.47805],[114.23984,22.47897],[114.2409,22.47938],[114.2404,22.47972],[114.24111,22.48101],[114.2433,22.48318],[114.2428,22.48472],[114.24396,22.48613],[114.24393,22.48708],[114.24227,22.48836],[114.24252,22.48956],[114.24182,22.49109],[114.24197,22.49292],[114.2411,22.49539],[114.24128,22.49674],[114.24016,22.49922],[114.23916,22.49999],[114.2392,22.50167],[114.23671,22.50291],[114.23392,22.50635],[114.2343,22.5097],[114.2338,22.51294],[114.22901,22.51809],[114.22805,22.52006],[114.22659,22.52029],[114.22569,22.52129],[114.22401,22.52111],[114.22179,22.52502],[114.21997,22.52452],[114.21949,22.52531],[114.21888,22.52513],[114.22022,22.52748],[114.22039,22.52858],[114.22172,22.52808],[114.22129,22.53009],[114.22182,22.53076],[114.22355,22.52981],[114.22394,22.52699],[114.22462,22.52668],[114.22537,22.52554],[114.22688,22.52526],[114.22648,22.52595],[114.22728,22.52657],[114.22618,22.52804],[114.22593,22.52928],[114.22701,22.53071],[114.22743,22.53069],[114.2277,22.52993],[114.22848,22.53025],[114.22901,22.53098],[114.2291,22.53373],[114.22962,22.53393],[114.23077,22.5335],[114.23177,22.53239],[114.23112,22.52872],[114.23224,22.52906],[114.23236,22.52859],[114.23165,22.52744],[114.23004,22.52641],[114.23102,22.52619],[114.23116,22.52552],[114.23206,22.52503],[114.23201,22.5242],[114.23334,22.52603],[114.23465,22.52659],[114.23429,22.52471],[114.23324,22.52367],[114.23391,22.52337],[114.23383,22.52256],[114.23423,22.52331],[114.23488,22.52293],[114.23537,22.52414],[114.23641,22.52453],[114.23852,22.52389],[114.23926,22.52421],[114.23704,22.52569],[114.23638,22.52572],[114.23598,22.52683],[114.23435,22.52896],[114.23507,22.52935],[114.23685,22.52879],[114.23726,22.52717],[114.23796,22.52622],[114.2395,22.52574],[114.23827,22.52756],[114.23888,22.52847],[114.23948,22.52825],[114.23991,22.52863],[114.23888,22.53169],[114.23965,22.53208],[114.23758,22.53266],[114.23661,22.53379],[114.23661,22.53488],[114.23753,22.53575],[114.23753,22.5365],[114.23833,22.53782],[114.23872,22.54097],[114.24083,22.54373],[114.24097,22.54624],[114.2418,22.54787],[114.24283,22.54859],[114.2425,22.54997],[114.24273,22.55039],[114.24309,22.54992],[114.2431,22.54847],[114.24359,22.54828],[114.24378,22.54762],[114.24378,22.5459],[114.24456,22.54617],[114.24414,22.54837],[114.2449,22.54963],[114.24758,22.54934],[114.24671,22.54794],[114.2471,22.54621],[114.24668,22.54627],[114.24558,22.54504],[114.24645,22.54283],[114.24384,22.5418],[114.24284,22.54374],[114.24239,22.54367],[114.24321,22.5419],[114.24277,22.54126],[114.2435,22.54078],[114.24456,22.54108],[114.24454,22.5407],[114.24683,22.54207],[114.24914,22.54115],[114.24886,22.54176],[114.24757,22.54246],[114.24763,22.54302],[114.24819,22.54364],[114.24831,22.54303],[114.24893,22.54332],[114.24894,22.54397],[114.24982,22.54397],[114.2505,22.54468],[114.25034,22.54499],[114.24929,22.54455],[114.24711,22.54618],[114.2493,22.54461],[114.25043,22.54506],[114.25122,22.54558],[114.25056,22.54569],[114.25034,22.5478],[114.25145,22.54818],[114.25207,22.54758],[114.25306,22.54789],[114.25348,22.54766],[114.25325,22.5466],[114.25362,22.54631],[114.25215,22.54506],[114.25287,22.5447],[114.25421,22.54539],[114.25528,22.54743],[114.25491,22.54865],[114.25529,22.54941],[114.25697,22.54936],[114.25844,22.54789],[114.25939,22.54807],[114.26028,22.54903],[114.26075,22.54878],[114.26063,22.54784],[114.25945,22.54765],[114.25821,22.54605],[114.25732,22.54589],[114.25645,22.54462],[114.25825,22.54465],[114.25902,22.54414],[114.25789,22.54314],[114.25829,22.54148],[114.25669,22.54021],[114.2569,22.53997],[114.2566,22.54014],[114.25555,22.53874],[114.25442,22.53877],[114.25417,22.53803],[114.25296,22.53813],[114.25056,22.53675],[114.25084,22.53569],[114.25012,22.53492],[114.25019,22.53442],[114.24905,22.53329],[114.2483,22.53326],[114.24789,22.53215],[114.24666,22.53116],[114.24662,22.53068],[114.24722,22.53007],[114.24828,22.53136],[114.24988,22.53206],[114.25073,22.53298],[114.25157,22.53278],[114.25292,22.53513],[114.25966,22.53913],[114.26133,22.54063],[114.26241,22.54057],[114.26349,22.53838],[114.26191,22.53535],[114.26184,22.53384],[114.26238,22.53393],[114.26426,22.53666],[114.26732,22.53688],[114.26773,22.53401],[114.26706,22.53326],[114.2641,22.53261],[114.26233,22.52803],[114.26029,22.52958],[114.25929,22.5289],[114.25813,22.5287],[114.25961,22.528],[114.25867,22.52783],[114.25651,22.52506],[114.25458,22.5248],[114.25343,22.52609],[114.25327,22.52509],[114.25355,22.52452],[114.2543,22.52429],[114.25346,22.52302],[114.25183,22.52287],[114.25068,22.5221],[114.24953,22.52188],[114.25118,22.52126],[114.25149,22.51991],[114.25346,22.5201],[114.254,22.51968],[114.25376,22.51849],[114.25513,22.5204],[114.25599,22.52034],[114.25561,22.51853],[114.25511,22.51795],[114.25577,22.51795],[114.25536,22.51741],[114.25544,22.51635],[114.25706,22.51686],[114.25968,22.51573],[114.25974,22.51494],[114.2603,22.51535],[114.26127,22.51503],[114.2607,22.51625],[114.2612,22.5175],[114.26068,22.51816],[114.26161,22.51818],[114.26186,22.51857],[114.26164,22.51904],[114.26005,22.51917],[114.26003,22.52],[114.25901,22.52099],[114.26056,22.52227],[114.26052,22.52316],[114.2611,22.52335],[114.26123,22.52463],[114.26256,22.52453],[114.26334,22.52329],[114.2634,22.52529],[114.26415,22.52561],[114.26413,22.52371],[114.26455,22.52244],[114.2639,22.52095],[114.26295,22.52018],[114.26287,22.51917],[114.26527,22.51971],[114.26553,22.52011],[114.26706,22.51959],[114.26653,22.52076],[114.26727,22.52038],[114.26656,22.52296],[114.26693,22.52464],[114.26628,22.52604],[114.26654,22.527],[114.2679,22.52731],[114.26874,22.52634],[114.27094,22.52577],[114.27173,22.52509],[114.27251,22.52575],[114.27361,22.5254],[114.27423,22.52646],[114.27566,22.52687],[114.27541,22.52799],[114.27372,22.52884],[114.27366,22.52939],[114.27431,22.52966],[114.27532,22.52873],[114.27663,22.52839],[114.28031,22.52906],[114.28171,22.52868],[114.27987,22.52723],[114.27959,22.52606],[114.27806,22.5246],[114.27863,22.52346],[114.27758,22.52343],[114.27737,22.52304],[114.27838,22.52244],[114.27954,22.5227],[114.27941,22.52188],[114.28012,22.52194],[114.28067,22.52316],[114.28222,22.52378],[114.28264,22.52469],[114.28303,22.5248],[114.28302,22.52427],[114.2836,22.52399],[114.28478,22.52434],[114.28455,22.52519],[114.28503,22.52549],[114.28565,22.5256],[114.2859,22.525],[114.2864,22.52494],[114.28588,22.52498],[114.28574,22.52397],[114.28316,22.52127],[114.28112,22.52036],[114.28187,22.51922],[114.28193,22.51836],[114.28163,22.51811],[114.2807,22.51858],[114.27967,22.51825],[114.27919,22.51673],[114.27959,22.51521],[114.27908,22.51514],[114.27826,22.51335],[114.27749,22.51376],[114.27676,22.51529],[114.27612,22.51567],[114.27637,22.51632],[114.27478,22.51624],[114.27413,22.51743],[114.27217,22.51751],[114.27087,22.51701],[114.27083,22.5186],[114.26882,22.51944],[114.26871,22.51904],[114.26921,22.51848],[114.26889,22.51838],[114.26808,22.51912],[114.2675,22.51914],[114.26796,22.51821],[114.26717,22.51807],[114.26708,22.51694],[114.26823,22.51685],[114.26787,22.51622],[114.26997,22.51463],[114.26877,22.51442],[114.26871,22.51373],[114.27005,22.5134],[114.27083,22.51368],[114.27097,22.51429],[114.27223,22.51385],[114.27182,22.5137],[114.27229,22.51319],[114.27126,22.5129],[114.27202,22.51268],[114.27223,22.51213],[114.27224,22.51275],[114.27335,22.51339],[114.27523,22.51328],[114.27476,22.51308],[114.27461,22.51247],[114.27422,22.51255],[114.27426,22.51199],[114.27535,22.51147],[114.2736,22.51082],[114.27478,22.50886],[114.27435,22.50869],[114.27257,22.50943],[114.27204,22.50918],[114.27231,22.50852],[114.27157,22.50813],[114.27107,22.50711],[114.27208,22.50776],[114.27285,22.50764],[114.2729,22.50869],[114.27391,22.50824],[114.27394,22.50789],[114.27448,22.50825],[114.27551,22.50793],[114.27589,22.50844],[114.27538,22.50981],[114.27574,22.51011],[114.27732,22.50963],[114.27795,22.50891],[114.27805,22.51048],[114.27894,22.51057],[114.27951,22.50992],[114.27986,22.51048],[114.28192,22.51077],[114.28337,22.51032],[114.28393,22.51155],[114.2843,22.51079],[114.28541,22.51102],[114.28589,22.5105],[114.2848,22.51018],[114.284,22.50904],[114.2833,22.50962],[114.28176,22.50979],[114.28238,22.50892],[114.28303,22.50929],[114.28338,22.50844],[114.28438,22.5081],[114.28532,22.5087],[114.28637,22.50835],[114.28765,22.50925],[114.28784,22.50811],[114.2866,22.5068],[114.28626,22.50586],[114.28825,22.50663],[114.28844,22.50599],[114.28916,22.50592],[114.29001,22.50512],[114.29102,22.50509],[114.29101,22.50436],[114.29142,22.50439],[114.29159,22.50556],[114.29007,22.50596],[114.28988,22.50691],[114.29034,22.50738],[114.28965,22.50803],[114.29163,22.50901],[114.29162,22.50779],[114.29235,22.50766],[114.29238,22.50688],[114.29289,22.50717],[114.29281,22.50851],[114.29372,22.50804],[114.29353,22.50694],[114.29387,22.50619],[114.29274,22.50516],[114.29325,22.50447],[114.29298,22.50401],[114.29411,22.50399],[114.29377,22.50492],[114.29462,22.50531],[114.29691,22.50478],[114.29759,22.50354],[114.29744,22.50254],[114.29522,22.5015],[114.29489,22.5],[114.29545,22.49952],[114.29595,22.49971],[114.29573,22.49915],[114.29705,22.49951],[114.29738,22.49839],[114.2976,22.4991],[114.29908,22.5002],[114.29922,22.50111],[114.29846,22.50138],[114.29808,22.50221],[114.29957,22.50277],[114.30055,22.50227],[114.30028,22.50113],[114.30163,22.5012],[114.30301,22.49987],[114.30373,22.49821],[114.30412,22.49808],[114.30464,22.4982],[114.30432,22.49924],[114.30523,22.5003],[114.30668,22.50138],[114.3086,22.50156],[114.30898,22.50113],[114.30914,22.50188],[114.31025,22.50263],[114.31329,22.50288],[114.31333,22.50339],[114.31474,22.50416],[114.31609,22.50421],[114.3164,22.50373],[114.31746,22.50436],[114.31783,22.50384],[114.32018,22.50374],[114.32001,22.50444],[114.32185,22.50488],[114.32215,22.50534],[114.324,22.50588],[114.32676,22.50602],[114.32816,22.50783],[114.33313,22.51121],[114.33399,22.51134],[114.3344,22.51055],[114.33592,22.51004],[114.33601,22.50931],[114.33662,22.50901],[114.33644,22.50766],[114.33504,22.50684],[114.33408,22.50538],[114.33125,22.50354],[114.32946,22.50329],[114.3283,22.50161],[114.32695,22.50048],[114.3258,22.5007],[114.32451,22.49925],[114.32351,22.49697],[114.32315,22.49662],[114.32198,22.49672],[114.32138,22.49503],[114.31971,22.49475],[114.31882,22.49198],[114.3183,22.49157],[114.31803,22.49201],[114.31694,22.49175],[114.3153,22.48925],[114.31222,22.48739],[114.31168,22.48848],[114.31245,22.48972],[114.31128,22.48991],[114.31071,22.48937],[114.31056,22.4885],[114.3091,22.48869],[114.3084,22.48721],[114.30641,22.48662],[114.30694,22.48573],[114.30945,22.48583],[114.30709,22.48309],[114.30008,22.47958],[114.29433,22.47873],[114.29435,22.4776],[114.29357,22.47659],[114.29195,22.47535],[114.28979,22.47521],[114.29017,22.47463],[114.28977,22.4743],[114.28913,22.47419],[114.28855,22.4747],[114.28726,22.47393],[114.28514,22.47367],[114.27954,22.47042],[114.27822,22.47057],[114.27701,22.4714],[114.27331,22.47103],[114.27176,22.46904],[114.27061,22.46876],[114.26988,22.46808],[114.27039,22.46711],[114.27362,22.4688],[114.27465,22.46886],[114.27487,22.46853]]]]}},{"type":"Feature","properties":{"id":"dogal-lab-2","kind":"district-label","btype":"dogal","name":"Plover Cove Country Park"},"geometry":{"type":"Point","coordinates":[114.2661,22.49829]}},{"type":"Feature","properties":{"id":"dogal-3","kind":"district","btype":"dogal","name":"Victoria Harbour","lab":1},"geometry":{"type":"MultiPolygon","coordinates":[[[[114.13087,22.31817],[114.13336,22.31713],[114.13412,22.3136],[114.13435,22.31436],[114.13359,22.31821],[114.13742,22.31886],[114.13816,22.31513],[114.13521,22.31453],[114.13845,22.31501],[114.13789,22.31793],[114.13848,22.31809],[114.14021,22.31772],[114.14101,22.3163],[114.14236,22.31502],[114.14318,22.31646],[114.14475,22.31792],[114.14436,22.31872],[114.14506,22.31988],[114.1461,22.32085],[114.14742,22.32126],[114.14761,22.32194],[114.14682,22.32337],[114.14461,22.32443],[114.14534,22.32387],[114.14498,22.32353],[114.14522,22.32331],[114.14483,22.3234],[114.14385,22.32222],[114.14319,22.32276],[114.14373,22.32212],[114.14312,22.32153],[114.14248,22.32213],[114.14272,22.32237],[114.14236,22.32225],[114.14268,22.32252],[114.14216,22.32245],[114.14122,22.32331],[114.14279,22.32468],[114.1437,22.32494],[114.14052,22.32668],[114.14131,22.3278],[114.14311,22.32679],[114.14457,22.32897],[114.14854,22.32666],[114.14924,22.32611],[114.14881,22.32562],[114.1494,22.326],[114.1502,22.32537],[114.14976,22.32488],[114.15035,22.32525],[114.15183,22.3241],[114.15145,22.32369],[114.1519,22.32404],[114.15235,22.3237],[114.15198,22.32328],[114.15243,22.32364],[114.15313,22.3231],[114.15209,22.32189],[114.15262,22.3215],[114.15367,22.32267],[114.15493,22.32106],[114.1549,22.31576],[114.15504,22.31683],[114.15937,22.31683],[114.15992,22.31553],[114.15992,22.30703],[114.1572,22.3034],[114.15503,22.3034],[114.15488,22.3045],[114.15414,22.3048],[114.1549,22.3041],[114.1549,22.30282],[114.15437,22.30196],[114.1544,22.29951],[114.15531,22.29866],[114.15798,22.29864],[114.15902,22.29979],[114.16022,22.30022],[114.167,22.3009],[114.16687,22.29933],[114.16476,22.2988],[114.16739,22.29919],[114.1682,22.2956],[114.16463,22.2949],[114.16475,22.29424],[114.16836,22.29493],[114.16851,22.29426],[114.1679,22.29348],[114.16844,22.29392],[114.16877,22.29355],[114.16843,22.29296],[114.16916,22.29355],[114.16957,22.29292],[114.17279,22.29325],[114.17323,22.29378],[114.17342,22.2932],[114.17471,22.29329],[114.17468,22.29371],[114.17535,22.29376],[114.17595,22.29441],[114.17648,22.29565],[114.18087,22.29896],[114.1812,22.29957],[114.18257,22.29958],[114.18258,22.29795],[114.18199,22.29763],[114.18224,22.29724],[114.18305,22.29768],[114.18305,22.29951],[114.18384,22.29952],[114.18421,22.29871],[114.189,22.3007],[114.18939,22.3001],[114.1893,22.30083],[114.19054,22.30114],[114.19108,22.30195],[114.19168,22.30181],[114.19312,22.30278],[114.1928,22.30378],[114.19386,22.30834],[114.19179,22.30992],[114.19226,22.31051],[114.19181,22.31052],[114.192,22.31448],[114.19258,22.31469],[114.1938,22.31738],[114.19441,22.31715],[114.19385,22.31748],[114.194,22.31779],[114.1947,22.31765],[114.19416,22.3181],[114.19527,22.32035],[114.19603,22.32075],[114.20797,22.30987],[114.21593,22.30328],[114.21735,22.3048],[114.21533,22.30682],[114.21531,22.30809],[114.21317,22.30996],[114.21286,22.30938],[114.21163,22.31005],[114.20004,22.32028],[114.20081,22.32216],[114.21098,22.31315],[114.21343,22.31552],[114.21948,22.30913],[114.2199,22.30941],[114.22037,22.30882],[114.22003,22.30845],[114.22044,22.30873],[114.22076,22.30832],[114.21873,22.30679],[114.22093,22.3081],[114.22197,22.30677],[114.22113,22.30605],[114.22207,22.30664],[114.22297,22.30558],[114.2226,22.30529],[114.22509,22.30254],[114.22735,22.30135],[114.2293,22.29857],[114.23104,22.29811],[114.23535,22.29861],[114.2361,22.29696],[114.23269,22.29531],[114.23337,22.29364],[114.23709,22.29013],[114.23645,22.2911],[114.23781,22.29231],[114.23856,22.29148],[114.23334,22.28365],[114.23032,22.28308],[114.22627,22.283],[114.22487,22.28428],[114.22601,22.28564],[114.22531,22.28532],[114.22475,22.28584],[114.22511,22.2865],[114.22453,22.28605],[114.22221,22.28822],[114.21962,22.28934],[114.2154,22.2901],[114.21121,22.29199],[114.20493,22.29363],[114.20306,22.29393],[114.20121,22.29355],[114.2008,22.29484],[114.20084,22.29347],[114.20006,22.29331],[114.19962,22.29443],[114.1999,22.29328],[114.19609,22.2927],[114.1937,22.2916],[114.19304,22.29087],[114.19229,22.29131],[114.18838,22.28755],[114.18746,22.28806],[114.18889,22.28703],[114.1891,22.28605],[114.18981,22.28576],[114.18992,22.28519],[114.18562,22.28405],[114.18319,22.28231],[114.18336,22.28453],[114.18293,22.28483],[114.18334,22.28499],[114.18275,22.28487],[114.18237,22.28559],[114.18257,22.28483],[114.18143,22.28453],[114.18186,22.28436],[114.18188,22.28322],[114.18024,22.28251],[114.17994,22.28326],[114.1809,22.2843],[114.17902,22.28299],[114.17813,22.28327],[114.17645,22.28305],[114.17629,22.28374],[114.17608,22.28301],[114.17465,22.28289],[114.1743,22.28518],[114.17425,22.28469],[114.17229,22.28468],[114.17127,22.283],[114.17022,22.28262],[114.16587,22.28335],[114.16317,22.28437],[114.16212,22.2863],[114.15605,22.28822],[114.15528,22.28841],[114.15422,22.2874],[114.15072,22.28843],[114.14987,22.28944],[114.14571,22.29049],[114.14039,22.29067],[114.13893,22.2903],[114.13883,22.29064],[114.13884,22.29028],[114.13846,22.29018],[114.13836,22.29053],[114.13822,22.29049],[114.13832,22.29015],[114.13713,22.28985],[114.13688,22.29016],[114.13698,22.28981],[114.1361,22.28959],[114.13585,22.2899],[114.13596,22.28955],[114.13526,22.28938],[114.13502,22.28969],[114.13511,22.28934],[114.13435,22.28915],[114.13177,22.28953],[114.13172,22.28923],[114.13445,22.28884],[114.13472,22.28789],[114.13231,22.28824],[114.12755,22.28396],[114.12572,22.28366],[114.12541,22.28403],[114.12539,22.28354],[114.1239,22.28339],[114.12402,22.28309],[114.11882,22.28138],[114.11749,22.28007],[114.1165,22.27821],[114.11634,22.27497],[114.1107,22.2831],[114.10621,22.32702],[114.10803,22.32714],[114.10813,22.32576],[114.10718,22.32587],[114.10803,22.32553],[114.10898,22.32589],[114.10823,22.32577],[114.10812,22.32714],[114.10999,22.32717],[114.11042,22.3266],[114.11168,22.32673],[114.11029,22.32686],[114.11024,22.32856],[114.1129,22.32881],[114.11265,22.32743],[114.11412,22.32745],[114.11767,22.33099],[114.11208,22.3475],[114.11224,22.3483],[114.11016,22.35202],[114.10931,22.35472],[114.10885,22.36043],[114.10741,22.36318],[114.10035,22.36379],[114.09595,22.36161],[114.09002,22.36162],[114.08968,22.36284],[114.08891,22.36282],[114.0889,22.3624],[114.0854,22.36173],[114.08289,22.36043],[114.08016,22.35968],[114.07893,22.35848],[114.07862,22.36686],[114.07966,22.36791],[114.07914,22.36861],[114.08112,22.36919],[114.08489,22.36739],[114.09119,22.36715],[114.09301,22.36781],[114.09917,22.3685],[114.10402,22.37217],[114.10556,22.37202],[114.10801,22.3697],[114.10834,22.36822],[114.11103,22.36644],[114.1124,22.36468],[114.11137,22.36181],[114.11195,22.35929],[114.11329,22.36016],[114.11557,22.35519],[114.11642,22.35472],[114.11591,22.35174],[114.11514,22.35149],[114.11442,22.35311],[114.1136,22.35257],[114.11546,22.34738],[114.11984,22.34864],[114.12339,22.33814],[114.12874,22.33972],[114.12963,22.33708],[114.1243,22.33552],[114.1267,22.32837],[114.13447,22.33038],[114.13539,22.32761],[114.12262,22.32386],[114.12152,22.32239],[114.12163,22.32153],[114.12942,22.31755],[114.13087,22.31817]]]]}},{"type":"Feature","properties":{"id":"dogal-lab-3","kind":"district-label","btype":"dogal","name":"Victoria Harbour"},"geometry":{"type":"Point","coordinates":[114.15283,22.30856]}},{"type":"Feature","properties":{"id":"dogal-4","kind":"district","btype":"dogal","name":"Sai Kung West Country Park","lab":1},"geometry":{"type":"MultiPolygon","coordinates":[[[[114.32539,22.40775],[114.32573,22.40594],[114.32296,22.40191],[114.32386,22.39996],[114.32184,22.39848],[114.32216,22.39756],[114.32201,22.39716],[114.32006,22.39621],[114.31936,22.39679],[114.31987,22.39735],[114.31719,22.395],[114.31484,22.39464],[114.31252,22.39336],[114.31082,22.39315],[114.30995,22.39452],[114.30856,22.39426],[114.30751,22.39284],[114.30653,22.39003],[114.30665,22.38963],[114.30749,22.38937],[114.30734,22.38796],[114.30677,22.38727],[114.30462,22.38646],[114.30371,22.38676],[114.30142,22.38939],[114.30235,22.39099],[114.30152,22.39287],[114.3015,22.39392],[114.30186,22.39455],[114.30178,22.39576],[114.30306,22.39828],[114.3025,22.39907],[114.30245,22.40069],[114.30192,22.4019],[114.30379,22.40452],[114.30507,22.40775],[114.30221,22.40778],[114.29955,22.40212],[114.2988,22.40279],[114.29869,22.40374],[114.29802,22.40445],[114.29816,22.40645],[114.29779,22.40512],[114.29797,22.40436],[114.29863,22.40363],[114.29864,22.40299],[114.29742,22.40389],[114.29593,22.40383],[114.29502,22.40449],[114.29368,22.40403],[114.29352,22.40281],[114.2947,22.40206],[114.29587,22.40264],[114.29595,22.4038],[114.29753,22.4038],[114.29935,22.40225],[114.3003,22.39978],[114.30002,22.39896],[114.29938,22.39873],[114.29566,22.39379],[114.29483,22.39338],[114.29305,22.39333],[114.29069,22.39587],[114.28793,22.39624],[114.28765,22.39795],[114.2852,22.40027],[114.28302,22.39902],[114.28215,22.40088],[114.28201,22.40352],[114.27929,22.40483],[114.27678,22.4097],[114.2764,22.40964],[114.27574,22.41199],[114.27596,22.41326],[114.27503,22.41509],[114.27576,22.41657],[114.27598,22.41909],[114.27846,22.41979],[114.27931,22.42074],[114.28298,22.42264],[114.28555,22.42511],[114.28677,22.42523],[114.2873,22.42481],[114.28989,22.42535],[114.29146,22.42445],[114.29285,22.42492],[114.29306,22.42437],[114.29401,22.42446],[114.29482,22.42582],[114.29524,22.42806],[114.29425,22.42886],[114.29395,22.42974],[114.29296,22.42914],[114.29244,22.42983],[114.292,22.42915],[114.29062,22.42887],[114.28649,22.43004],[114.28559,22.42975],[114.2833,22.43283],[114.28342,22.43522],[114.28228,22.43601],[114.28193,22.43787],[114.28115,22.43902],[114.28149,22.44056],[114.28417,22.44193],[114.28489,22.44146],[114.28459,22.44027],[114.28522,22.43931],[114.28599,22.43893],[114.288,22.43929],[114.2893,22.44038],[114.28891,22.44107],[114.28979,22.44106],[114.28934,22.44184],[114.29031,22.44181],[114.29002,22.44261],[114.29189,22.44402],[114.29145,22.44471],[114.29029,22.44479],[114.28977,22.44536],[114.28907,22.44455],[114.28739,22.44443],[114.28633,22.44377],[114.28211,22.44381],[114.28142,22.44331],[114.28026,22.44402],[114.27857,22.44437],[114.27851,22.44302],[114.27822,22.4429],[114.27723,22.44405],[114.27743,22.44498],[114.27816,22.44512],[114.27911,22.44598],[114.28184,22.45036],[114.28266,22.45114],[114.28541,22.45237],[114.2861,22.4538],[114.28692,22.45379],[114.28725,22.45327],[114.2889,22.45249],[114.29001,22.44939],[114.29164,22.45013],[114.29222,22.45073],[114.29134,22.45269],[114.29186,22.45406],[114.29146,22.45505],[114.29214,22.45682],[114.29157,22.45815],[114.29189,22.45848],[114.29348,22.45807],[114.29454,22.45623],[114.29479,22.45667],[114.29489,22.45626],[114.2965,22.45583],[114.29893,22.45669],[114.29965,22.45654],[114.30002,22.45566],[114.29948,22.45467],[114.30008,22.45435],[114.29943,22.45366],[114.29942,22.45179],[114.29897,22.45178],[114.29935,22.45047],[114.30025,22.4502],[114.30124,22.45108],[114.30228,22.45091],[114.30251,22.4521],[114.30116,22.45325],[114.30202,22.45416],[114.3017,22.45471],[114.30307,22.45539],[114.30347,22.45626],[114.3052,22.45586],[114.30626,22.45819],[114.30543,22.45915],[114.30396,22.45868],[114.3038,22.4595],[114.30339,22.46007],[114.30312,22.45985],[114.30316,22.46035],[114.3027,22.46072],[114.30265,22.46138],[114.30327,22.46142],[114.30317,22.46208],[114.30213,22.46261],[114.30198,22.46305],[114.30342,22.46255],[114.30389,22.46275],[114.30479,22.46377],[114.30443,22.46466],[114.3052,22.46524],[114.30545,22.46769],[114.30764,22.46931],[114.3085,22.47096],[114.30999,22.47162],[114.3113,22.47147],[114.31204,22.47166],[114.31211,22.47212],[114.31254,22.47197],[114.31402,22.47357],[114.31471,22.47547],[114.31622,22.47709],[114.31781,22.47735],[114.32026,22.47672],[114.32072,22.47944],[114.32138,22.48067],[114.32224,22.48027],[114.3223,22.47936],[114.32378,22.47681],[114.32298,22.47425],[114.32329,22.47339],[114.32355,22.47349],[114.32473,22.47181],[114.32558,22.4714],[114.32822,22.47132],[114.32816,22.47222],[114.33002,22.47418],[114.33138,22.47311],[114.3311,22.47132],[114.33193,22.47],[114.32969,22.47085],[114.32901,22.47006],[114.32908,22.46833],[114.32858,22.46806],[114.32871,22.46632],[114.32805,22.46584],[114.32692,22.46294],[114.3267,22.46133],[114.32705,22.4612],[114.32697,22.46071],[114.32547,22.45924],[114.3254,22.45847],[114.32822,22.45969],[114.32861,22.45897],[114.3291,22.45967],[114.33029,22.46015],[114.33065,22.46149],[114.3302,22.46199],[114.33039,22.46278],[114.3312,22.46383],[114.33246,22.46388],[114.33321,22.46212],[114.33482,22.4627],[114.33468,22.46323],[114.33514,22.46338],[114.33585,22.46253],[114.33695,22.46309],[114.33769,22.46265],[114.33887,22.45968],[114.33849,22.45719],[114.33708,22.45502],[114.337,22.45399],[114.33825,22.45235],[114.33884,22.45056],[114.33796,22.44861],[114.33956,22.44755],[114.34122,22.44722],[114.34172,22.44546],[114.34165,22.44436],[114.34066,22.4421],[114.33977,22.44165],[114.33884,22.4404],[114.33722,22.44039],[114.33695,22.44088],[114.33556,22.44112],[114.33541,22.44225],[114.33384,22.44247],[114.334,22.44177],[114.33256,22.44127],[114.3314,22.4401],[114.33165,22.43841],[114.33138,22.43738],[114.32924,22.43551],[114.32891,22.43465],[114.32818,22.43475],[114.32709,22.43426],[114.32651,22.43449],[114.32619,22.43358],[114.32396,22.43211],[114.3245,22.42914],[114.32416,22.42849],[114.3263,22.42744],[114.32719,22.42775],[114.32922,22.42735],[114.32935,22.42768],[114.3311,22.42677],[114.33247,22.4252],[114.33223,22.42121],[114.33012,22.41759],[114.32916,22.4147],[114.32758,22.41291],[114.32754,22.41175],[114.32659,22.41123],[114.32518,22.409],[114.32519,22.40817],[114.32158,22.40992],[114.32059,22.40948],[114.32115,22.40814],[114.32032,22.40875],[114.31963,22.40761],[114.31977,22.40702],[114.32061,22.40708],[114.32095,22.40634],[114.32072,22.40558],[114.32182,22.40533],[114.32181,22.40736],[114.32138,22.40782],[114.32388,22.4063],[114.32539,22.40775]]]]}},{"type":"Feature","properties":{"id":"dogal-lab-4","kind":"district-label","btype":"dogal","name":"Sai Kung West Country Park"},"geometry":{"type":"Point","coordinates":[114.30856,22.43204]}},{"type":"Feature","properties":{"id":"dogal-5","kind":"district","btype":"dogal","name":"Pat Sin Leng Country Park","lab":1},"geometry":{"type":"MultiPolygon","coordinates":[[[[114.17069,22.49946],[114.17151,22.49942],[114.17271,22.50032],[114.17736,22.49855],[114.17836,22.49899],[114.18025,22.4978],[114.179,22.49934],[114.18021,22.49891],[114.18172,22.49962],[114.18063,22.50245],[114.18116,22.50361],[114.18135,22.50568],[114.18354,22.5065],[114.18286,22.50767],[114.18429,22.50842],[114.18256,22.50854],[114.18335,22.50943],[114.1824,22.51142],[114.18309,22.51273],[114.18238,22.51361],[114.18313,22.51522],[114.18478,22.5151],[114.18715,22.51634],[114.18904,22.51615],[114.19174,22.51739],[114.19281,22.51605],[114.19457,22.51677],[114.19551,22.51845],[114.19832,22.5191],[114.19851,22.52042],[114.20263,22.52404],[114.20465,22.52759],[114.20578,22.52835],[114.20737,22.52734],[114.2078,22.5239],[114.20669,22.52307],[114.20697,22.52284],[114.2063,22.52197],[114.20428,22.52111],[114.20486,22.52038],[114.20439,22.51969],[114.20293,22.51925],[114.2013,22.51748],[114.20032,22.51718],[114.1999,22.51644],[114.20192,22.51768],[114.20522,22.51847],[114.20535,22.51804],[114.20676,22.51748],[114.20668,22.517],[114.20728,22.51647],[114.20669,22.51518],[114.20725,22.51408],[114.20798,22.51459],[114.20845,22.51367],[114.20896,22.51408],[114.20953,22.51371],[114.21069,22.51436],[114.21127,22.51427],[114.21219,22.51501],[114.21172,22.51609],[114.21185,22.51771],[114.21353,22.51891],[114.21241,22.51941],[114.21151,22.5206],[114.21182,22.52083],[114.21139,22.52169],[114.21176,22.52169],[114.21196,22.52256],[114.21169,22.52371],[114.21196,22.52433],[114.21254,22.52417],[114.21373,22.52467],[114.21522,22.5243],[114.21476,22.52379],[114.21494,22.5207],[114.21385,22.51886],[114.2142,22.51852],[114.21807,22.51805],[114.21822,22.5186],[114.21948,22.51863],[114.2203,22.51821],[114.22072,22.51944],[114.22015,22.52038],[114.22157,22.5209],[114.22071,22.523],[114.22352,22.52118],[114.22559,22.52129],[114.22663,22.52023],[114.22805,22.52005],[114.22901,22.51809],[114.2338,22.51294],[114.2343,22.50959],[114.23387,22.50654],[114.23432,22.50576],[114.23671,22.50291],[114.23928,22.50152],[114.23912,22.50008],[114.24016,22.49922],[114.24128,22.49674],[114.24117,22.49514],[114.24198,22.49284],[114.24182,22.49109],[114.24252,22.48956],[114.24229,22.48835],[114.24366,22.48742],[114.24405,22.48651],[114.2428,22.48472],[114.24334,22.4837],[114.24311,22.48289],[114.24005,22.47945],[114.23806,22.47774],[114.2368,22.47741],[114.23606,22.47597],[114.2356,22.47684],[114.23603,22.47705],[114.23542,22.47738],[114.234,22.47726],[114.23131,22.47607],[114.23067,22.47665],[114.22934,22.47707],[114.22899,22.4768],[114.22791,22.47748],[114.22707,22.47683],[114.22633,22.47728],[114.22501,22.47672],[114.22247,22.47829],[114.21968,22.47686],[114.21921,22.47762],[114.21828,22.47782],[114.21761,22.4799],[114.21713,22.47972],[114.21673,22.47881],[114.21596,22.47968],[114.21566,22.48056],[114.2169,22.4828],[114.21676,22.48386],[114.21595,22.48438],[114.21438,22.48348],[114.21357,22.48377],[114.21462,22.4822],[114.21499,22.48049],[114.21408,22.48006],[114.21375,22.47916],[114.21224,22.48],[114.20932,22.48004],[114.20834,22.48082],[114.20839,22.48015],[114.20749,22.47888],[114.2083,22.47861],[114.20751,22.47718],[114.20763,22.4763],[114.20719,22.47592],[114.20612,22.47679],[114.20536,22.47678],[114.20086,22.47493],[114.20038,22.4756],[114.20054,22.47625],[114.19934,22.47618],[114.19841,22.47557],[114.19774,22.47596],[114.19607,22.4738],[114.19508,22.47323],[114.19429,22.47316],[114.19212,22.47401],[114.18877,22.4733],[114.18724,22.47177],[114.18432,22.47148],[114.18338,22.47197],[114.18298,22.47268],[114.18352,22.47288],[114.18375,22.4736],[114.18327,22.47397],[114.18307,22.47526],[114.1845,22.47599],[114.18592,22.47606],[114.18638,22.47676],[114.18618,22.47754],[114.18651,22.47822],[114.1871,22.47811],[114.18814,22.47865],[114.18757,22.47961],[114.18811,22.47974],[114.18792,22.48031],[114.18738,22.48089],[114.18765,22.48203],[114.1873,22.48224],[114.18688,22.48123],[114.18526,22.48147],[114.1849,22.48277],[114.18531,22.48353],[114.18894,22.48645],[114.19039,22.48665],[114.19186,22.48603],[114.19466,22.48616],[114.19591,22.48681],[114.19448,22.48671],[114.19446,22.48732],[114.19323,22.48762],[114.19173,22.48725],[114.19027,22.48817],[114.18952,22.48777],[114.1876,22.48811],[114.18751,22.4877],[114.18675,22.48738],[114.18811,22.48632],[114.18809,22.48591],[114.18703,22.48541],[114.18481,22.48307],[114.18488,22.48139],[114.18297,22.4818],[114.18199,22.48074],[114.18007,22.48003],[114.17965,22.47934],[114.17807,22.4789],[114.17871,22.47877],[114.1787,22.47835],[114.17811,22.47819],[114.17825,22.47748],[114.17738,22.47722],[114.17786,22.47696],[114.17919,22.47736],[114.17842,22.47658],[114.17941,22.47582],[114.17912,22.47523],[114.17871,22.47538],[114.17874,22.47482],[114.17939,22.47509],[114.17937,22.47478],[114.18043,22.47452],[114.18082,22.47469],[114.18053,22.47522],[114.18125,22.47557],[114.18107,22.47447],[114.18182,22.47487],[114.18266,22.47368],[114.18252,22.47309],[114.18109,22.474],[114.17953,22.47438],[114.17828,22.47416],[114.17763,22.47466],[114.1747,22.47358],[114.17169,22.47439],[114.17079,22.47503],[114.17037,22.47608],[114.17051,22.47691],[114.17099,22.47674],[114.17202,22.47865],[114.17178,22.47919],[114.17227,22.47979],[114.17177,22.48086],[114.17228,22.48172],[114.17232,22.48376],[114.17078,22.48463],[114.1697,22.48466],[114.17006,22.48533],[114.1689,22.48694],[114.16854,22.4865],[114.1656,22.48568],[114.16414,22.48603],[114.16431,22.4867],[114.16381,22.48763],[114.16441,22.48914],[114.16419,22.48969],[114.163,22.48972],[114.16348,22.49015],[114.16384,22.49162],[114.16206,22.49181],[114.16308,22.49268],[114.1634,22.49366],[114.16409,22.494],[114.16456,22.49767],[114.16612,22.49784],[114.16689,22.49725],[114.16944,22.49875],[114.1698,22.49819],[114.16911,22.49749],[114.16909,22.497],[114.17036,22.49677],[114.17041,22.49804],[114.17086,22.49849],[114.17048,22.49964],[114.17074,22.50084],[114.17011,22.50198],[114.17027,22.50367],[114.17097,22.50498],[114.17143,22.50495],[114.17129,22.50599],[114.17229,22.50676],[114.17431,22.50729],[114.17505,22.50883],[114.17631,22.50908],[114.1762,22.51025],[114.17756,22.51035],[114.17683,22.50772],[114.17599,22.50769],[114.17355,22.50499],[114.17337,22.50396],[114.17159,22.5015],[114.17069,22.49946]]]]}},{"type":"Feature","properties":{"id":"dogal-lab-5","kind":"district-label","btype":"dogal","name":"Pat Sin Leng Country Park"},"geometry":{"type":"Point","coordinates":[114.20563,22.49623]}},{"type":"Feature","properties":{"id":"dogal-6","kind":"district","btype":"dogal","name":"Ma On Shan Country Park","lab":1},"geometry":{"type":"MultiPolygon","coordinates":[[[[114.21417,22.35582],[114.21096,22.35522],[114.20891,22.35588],[114.2098,22.3563],[114.2106,22.35739],[114.21144,22.35743],[114.21183,22.35841],[114.21279,22.35925],[114.21258,22.35979],[114.21124,22.36041],[114.21033,22.36013],[114.21043,22.36164],[114.20998,22.36248],[114.20955,22.36265],[114.20951,22.36299],[114.20935,22.3634],[114.21023,22.36337],[114.21174,22.36409],[114.21319,22.3635],[114.21361,22.3629],[114.21596,22.36288],[114.21576,22.36368],[114.21726,22.3641],[114.21649,22.36446],[114.21675,22.36581],[114.21649,22.36676],[114.21523,22.36683],[114.21517,22.36624],[114.2145,22.36598],[114.21342,22.36652],[114.21304,22.36722],[114.21197,22.36641],[114.21176,22.36555],[114.20983,22.36599],[114.20851,22.36536],[114.20947,22.36267],[114.21009,22.3621],[114.20853,22.36132],[114.20811,22.36059],[114.20623,22.36044],[114.20603,22.35996],[114.20455,22.35957],[114.20267,22.35974],[114.20266,22.36009],[114.20218,22.35956],[114.20045,22.35995],[114.20077,22.35923],[114.20198,22.35898],[114.20188,22.35853],[114.20288,22.35714],[114.20663,22.3581],[114.2069,22.35785],[114.20612,22.35694],[114.20672,22.35704],[114.20668,22.35642],[114.20479,22.35583],[114.20494,22.355],[114.20296,22.35436],[114.20222,22.35472],[114.20019,22.35464],[114.1994,22.35562],[114.19962,22.35911],[114.20018,22.36019],[114.19937,22.3632],[114.1987,22.36405],[114.19901,22.36445],[114.19773,22.36644],[114.19774,22.36764],[114.1991,22.36742],[114.1997,22.36783],[114.19951,22.36957],[114.20003,22.3702],[114.20004,22.37101],[114.20268,22.37243],[114.20462,22.37204],[114.20556,22.37073],[114.20713,22.3702],[114.20887,22.37161],[114.21174,22.37257],[114.21174,22.37322],[114.21262,22.3732],[114.21421,22.37551],[114.21644,22.37574],[114.21687,22.37542],[114.2178,22.3765],[114.21808,22.37569],[114.21921,22.37454],[114.22139,22.37521],[114.22077,22.37622],[114.22002,22.37629],[114.218,22.3779],[114.21763,22.37895],[114.21931,22.37944],[114.21979,22.38008],[114.21984,22.37961],[114.22142,22.37899],[114.22161,22.38027],[114.22264,22.37996],[114.22298,22.38038],[114.22334,22.37969],[114.22435,22.38136],[114.22544,22.38176],[114.2256,22.38216],[114.22483,22.38317],[114.22705,22.38521],[114.22653,22.38616],[114.22835,22.3874],[114.22799,22.39013],[114.22714,22.39133],[114.22613,22.39146],[114.22481,22.39324],[114.22433,22.39625],[114.22464,22.39699],[114.22709,22.39845],[114.22795,22.39967],[114.23191,22.39362],[114.23249,22.39327],[114.23289,22.39153],[114.23212,22.39024],[114.23546,22.3899],[114.23619,22.38934],[114.23652,22.3904],[114.23605,22.39171],[114.23773,22.39248],[114.23874,22.39382],[114.2366,22.39406],[114.23442,22.39283],[114.23342,22.39459],[114.23087,22.39628],[114.22888,22.40115],[114.22878,22.40204],[114.23007,22.40264],[114.22979,22.40354],[114.23211,22.40365],[114.23358,22.40312],[114.2346,22.40154],[114.23577,22.40168],[114.23696,22.40104],[114.23825,22.40111],[114.2389,22.40072],[114.23987,22.40166],[114.24065,22.40159],[114.24129,22.40141],[114.24167,22.40059],[114.24286,22.4009],[114.24483,22.40023],[114.24686,22.40011],[114.24768,22.39943],[114.24917,22.39981],[114.25015,22.40064],[114.25,22.40171],[114.25071,22.40253],[114.25123,22.40455],[114.2513,22.40798],[114.24743,22.407],[114.24529,22.40704],[114.24328,22.40826],[114.24283,22.40768],[114.24256,22.40939],[114.24153,22.41001],[114.23984,22.40914],[114.23813,22.40915],[114.23741,22.40782],[114.23357,22.41201],[114.23441,22.41185],[114.23467,22.41255],[114.23431,22.41313],[114.23349,22.4133],[114.23271,22.41515],[114.2334,22.41605],[114.23571,22.41591],[114.23739,22.4187],[114.23636,22.41944],[114.23696,22.41946],[114.23707,22.41987],[114.23983,22.4216],[114.23992,22.42241],[114.2408,22.4227],[114.24317,22.42485],[114.2493,22.42288],[114.25011,22.42344],[114.25496,22.42381],[114.25809,22.42195],[114.25844,22.41833],[114.25996,22.41506],[114.26209,22.41322],[114.2626,22.41322],[114.26348,22.41449],[114.26435,22.41467],[114.26565,22.41581],[114.26601,22.41527],[114.27144,22.41401],[114.27202,22.41306],[114.27163,22.41073],[114.27342,22.40967],[114.27491,22.40681],[114.27597,22.4058],[114.2785,22.40538],[114.27929,22.40483],[114.27985,22.40368],[114.27939,22.40301],[114.27971,22.40203],[114.27828,22.40242],[114.27672,22.40095],[114.27539,22.40198],[114.27363,22.401],[114.27278,22.39862],[114.2721,22.39808],[114.27166,22.39815],[114.27072,22.39794],[114.27066,22.39895],[114.26995,22.39954],[114.27039,22.40021],[114.27049,22.40046],[114.27045,22.40059],[114.27031,22.40068],[114.26998,22.40063],[114.26967,22.40095],[114.26912,22.40122],[114.26877,22.40128],[114.26756,22.40248],[114.26656,22.40289],[114.26701,22.40345],[114.26681,22.40428],[114.2677,22.40552],[114.26811,22.40507],[114.26789,22.40452],[114.26855,22.4043],[114.26834,22.40535],[114.26905,22.40685],[114.27038,22.40779],[114.27004,22.40892],[114.26919,22.40964],[114.2692,22.41045],[114.26761,22.40986],[114.26695,22.408],[114.2678,22.40697],[114.2663,22.40714],[114.26285,22.40237],[114.26433,22.40271],[114.26355,22.40179],[114.26329,22.40047],[114.26362,22.39941],[114.26425,22.39875],[114.26499,22.40032],[114.26812,22.40164],[114.26995,22.4006],[114.27045,22.40049],[114.26992,22.39957],[114.27062,22.39895],[114.27072,22.39791],[114.27229,22.39791],[114.26838,22.39451],[114.26863,22.39534],[114.2675,22.39622],[114.26684,22.39754],[114.26617,22.39752],[114.2656,22.39614],[114.26499,22.39726],[114.26338,22.39805],[114.26241,22.39743],[114.26305,22.39716],[114.26359,22.39619],[114.26215,22.39643],[114.26228,22.39628],[114.2626,22.39555],[114.26323,22.3951],[114.26347,22.39473],[114.26257,22.39549],[114.26211,22.3964],[114.26036,22.3969],[114.25764,22.39472],[114.25678,22.39029],[114.2573,22.38426],[114.25569,22.38401],[114.25397,22.38433],[114.2523,22.38379],[114.25077,22.38229],[114.25023,22.37962],[114.24981,22.37322],[114.2494,22.3724],[114.24975,22.372],[114.24868,22.37148],[114.24761,22.3716],[114.24598,22.37035],[114.24319,22.36906],[114.2411,22.3673],[114.23939,22.3673],[114.23538,22.3663],[114.23372,22.36915],[114.23157,22.36912],[114.23202,22.36543],[114.23159,22.36443],[114.23488,22.35865],[114.23475,22.35443],[114.2352,22.35276],[114.23517,22.35237],[114.23248,22.35136],[114.23429,22.35077],[114.23406,22.34983],[114.23464,22.34805],[114.23442,22.34717],[114.23715,22.34797],[114.23808,22.34902],[114.23763,22.34943],[114.23824,22.34972],[114.23953,22.34835],[114.2412,22.34741],[114.24028,22.34149],[114.23902,22.34061],[114.23874,22.34091],[114.23743,22.34058],[114.23696,22.33986],[114.23201,22.3395],[114.23124,22.34048],[114.23189,22.34196],[114.2284,22.34219],[114.22802,22.34247],[114.22781,22.34383],[114.22675,22.34385],[114.22631,22.34463],[114.22544,22.34499],[114.22573,22.34664],[114.22532,22.34719],[114.22559,22.34785],[114.22535,22.3496],[114.22396,22.35099],[114.22423,22.352],[114.22327,22.35297],[114.22188,22.3563],[114.22255,22.35694],[114.2223,22.35731],[114.22243,22.35794],[114.22244,22.35826],[114.22216,22.35925],[114.22256,22.35979],[114.22224,22.36018],[114.22274,22.36017],[114.22235,22.36098],[114.22193,22.36067],[114.22222,22.36427],[114.22175,22.36461],[114.22312,22.36505],[114.22201,22.36589],[114.22263,22.36613],[114.22244,22.36723],[114.22183,22.36759],[114.22206,22.36868],[114.22329,22.36888],[114.22344,22.37122],[114.22311,22.37179],[114.22162,22.37204],[114.22084,22.37026],[114.22123,22.3685],[114.22109,22.367],[114.22019,22.36712],[114.22061,22.36655],[114.22002,22.36588],[114.21946,22.36624],[114.21948,22.3672],[114.21981,22.3673],[114.2196,22.36879],[114.21899,22.36784],[114.2184,22.36777],[114.21808,22.36909],[114.21711,22.36894],[114.21833,22.36713],[114.21766,22.36645],[114.2175,22.36533],[114.21815,22.36516],[114.21923,22.36314],[114.21969,22.36294],[114.22009,22.36152],[114.22166,22.36111],[114.222,22.35937],[114.22148,22.35937],[114.22148,22.35906],[114.22215,22.35908],[114.22241,22.35821],[114.22226,22.35741],[114.22232,22.35717],[114.22246,22.35693],[114.22196,22.3564],[114.2217,22.35658],[114.22179,22.35519],[114.22126,22.35451],[114.2213,22.35336],[114.2207,22.35326],[114.21942,22.35475],[114.21965,22.35535],[114.21923,22.356],[114.21953,22.35621],[114.21934,22.35654],[114.21989,22.35682],[114.21971,22.35714],[114.21775,22.35818],[114.21679,22.35728],[114.21409,22.35725],[114.21425,22.3569],[114.2138,22.35703],[114.21417,22.35582]]]]}},{"type":"Feature","properties":{"id":"dogal-lab-6","kind":"district-label","btype":"dogal","name":"Ma On Shan Country Park"},"geometry":{"type":"Point","coordinates":[114.23866,22.38529]}},{"type":"Feature","properties":{"id":"dogal-7","kind":"district","btype":"dogal","name":"South Lantau Marine Park","lab":1},"geometry":{"type":"MultiPolygon","coordinates":[[[[113.93029,22.15111],[113.89632,22.15107],[113.8919,22.15404],[113.89184,22.18087],[113.90292,22.18982],[113.915,22.18971],[113.93025,22.18091],[113.96162,22.17527],[113.96165,22.15657],[113.93823,22.15654],[113.93029,22.15111]]]]}},{"type":"Feature","properties":{"id":"dogal-lab-7","kind":"district-label","btype":"dogal","name":"South Lantau Marine Park"},"geometry":{"type":"Point","coordinates":[113.92248,22.16839]}},{"type":"Feature","properties":{"id":"dogal-8","kind":"district","btype":"dogal","name":"Lantau South Country Park","lab":1},"geometry":{"type":"MultiPolygon","coordinates":[[[[113.91128,22.25183],[113.91252,22.25333],[113.91378,22.25406],[113.91402,22.25524],[113.91721,22.25585],[113.91785,22.25639],[113.91905,22.2566],[113.91962,22.2573],[113.92135,22.25677],[113.92206,22.25742],[113.92285,22.25729],[113.9238,22.25783],[113.92457,22.25739],[113.9257,22.25784],[113.92599,22.25604],[113.93012,22.25623],[113.92956,22.2566],[113.93017,22.25706],[113.92993,22.25734],[113.92932,22.25689],[113.92833,22.25868],[113.93416,22.25869],[113.93699,22.2602],[113.939,22.25825],[113.94336,22.25788],[113.94888,22.25662],[113.95026,22.25705],[113.95086,22.25816],[113.95332,22.25859],[113.95533,22.25768],[113.95681,22.25795],[113.95704,22.25742],[113.96058,22.25751],[113.96054,22.25854],[113.96116,22.25966],[113.96348,22.2611],[113.96714,22.26121],[113.96817,22.2607],[113.96843,22.2609],[113.96889,22.26034],[113.97093,22.26114],[113.97179,22.26193],[113.97257,22.26124],[113.97519,22.26072],[113.97528,22.26038],[113.9764,22.26044],[113.97676,22.26096],[113.9776,22.26113],[113.97979,22.25971],[113.97987,22.25909],[113.98136,22.25756],[113.98231,22.25831],[113.98315,22.25822],[113.98456,22.25688],[113.98593,22.25696],[113.98627,22.25655],[113.98531,22.25371],[113.98463,22.25343],[113.98164,22.24905],[113.97928,22.24681],[113.9789,22.24718],[113.97757,22.2469],[113.97654,22.24738],[113.97488,22.24675],[113.97232,22.24706],[113.97145,22.24663],[113.97025,22.24685],[113.96666,22.24417],[113.96621,22.24315],[113.96543,22.24289],[113.96434,22.24338],[113.96289,22.24324],[113.96205,22.24246],[113.96119,22.24232],[113.95959,22.23997],[113.95787,22.2405],[113.95729,22.23979],[113.95618,22.23994],[113.95583,22.23924],[113.95497,22.23934],[113.95261,22.23837],[113.95065,22.23813],[113.94954,22.23914],[113.94725,22.23943],[113.94418,22.23788],[113.94428,22.23716],[113.94377,22.23688],[113.94392,22.23602],[113.94337,22.2357],[113.94342,22.23425],[113.94271,22.23385],[113.94167,22.23403],[113.941,22.23303],[113.93961,22.23273],[113.93925,22.23226],[113.93848,22.23261],[113.93783,22.23216],[113.93734,22.23229],[113.9369,22.23158],[113.93543,22.23107],[113.93235,22.23222],[113.93098,22.23185],[113.93051,22.23222],[113.93071,22.23296],[113.92914,22.23505],[113.92852,22.23403],[113.92757,22.23406],[113.92597,22.2329],[113.92527,22.23073],[113.92583,22.23021],[113.92569,22.22937],[113.92467,22.22895],[113.9238,22.22933],[113.92262,22.22829],[113.92041,22.2279],[113.91996,22.22731],[113.91792,22.22786],[113.91744,22.22721],[113.91663,22.22736],[113.91618,22.22669],[113.91498,22.22618],[113.91451,22.22709],[113.91353,22.22665],[113.9126,22.22684],[113.91111,22.22812],[113.90869,22.22622],[113.90757,22.22642],[113.90575,22.22573],[113.90397,22.22635],[113.90142,22.22574],[113.90031,22.22622],[113.89817,22.22596],[113.89472,22.22765],[113.89093,22.22838],[113.89035,22.22962],[113.89151,22.23023],[113.89218,22.23117],[113.89267,22.23258],[113.89232,22.23394],[113.89295,22.23714],[113.8935,22.23896],[113.89452,22.24004],[113.89353,22.24082],[113.89349,22.24199],[113.89255,22.24292],[113.89184,22.24466],[113.89315,22.24646],[113.89274,22.24913],[113.89225,22.24968],[113.89323,22.24909],[113.89368,22.24813],[113.89514,22.24855],[113.89655,22.24823],[113.89921,22.2502],[113.89975,22.25146],[113.89973,22.25265],[113.90111,22.25387],[113.90213,22.25043],[113.90593,22.2505],[113.90751,22.25116],[113.909,22.25099],[113.91128,22.25183]]]]}},{"type":"Feature","properties":{"id":"dogal-lab-8","kind":"district-label","btype":"dogal","name":"Lantau South Country Park"},"geometry":{"type":"Point","coordinates":[113.93304,22.24491]}},{"type":"Feature","properties":{"id":"dogal-9","kind":"district","btype":"dogal","name":"Lantau North (Extension) Country Park","lab":1},"geometry":{"type":"MultiPolygon","coordinates":[[[[114.02833,22.31215],[114.02564,22.31008],[114.02301,22.31006],[114.02199,22.31046],[114.02001,22.31026],[114.01862,22.31088],[114.01899,22.31153],[114.0185,22.31214],[114.01726,22.31234],[114.0162,22.31312],[114.01617,22.3123],[114.01537,22.3121],[114.01531,22.31167],[114.0133,22.31115],[114.01253,22.31258],[114.0113,22.31339],[114.00959,22.31355],[114.0079,22.31447],[114.00695,22.31427],[114.00636,22.3131],[114.00701,22.31054],[114.00673,22.3086],[114.00485,22.30629],[114.00267,22.30434],[114.00143,22.3038],[114.00016,22.30152],[113.9994,22.30116],[114.00019,22.29963],[113.99828,22.29887],[113.99644,22.29876],[113.99656,22.29442],[113.99543,22.29163],[113.99634,22.2872],[113.99204,22.28527],[113.99157,22.28443],[113.99298,22.2838],[113.99971,22.28344],[114.00114,22.28247],[114.00479,22.28279],[114.00512,22.28203],[114.00591,22.28242],[114.00687,22.28192],[114.00924,22.28174],[114.01026,22.28221],[114.01134,22.28194],[114.01132,22.28009],[114.01308,22.27863],[114.02171,22.2791],[114.02162,22.2808],[114.022,22.28097],[114.02388,22.27886],[114.02382,22.27829],[114.02258,22.27825],[114.02217,22.279],[114.02155,22.27868],[114.02136,22.27821],[114.02234,22.27788],[114.02196,22.27677],[114.02048,22.27589],[114.02125,22.27514],[114.02163,22.27552],[114.02244,22.27507],[114.02254,22.27435],[114.01752,22.27433],[114.01751,22.27149],[114.02189,22.27043],[114.02241,22.26921],[114.023,22.26884],[114.0225,22.26852],[114.02269,22.26833],[114.01623,22.2675],[114.01292,22.26813],[114.01286,22.26912],[114.01194,22.26995],[114.01135,22.26963],[114.0109,22.27043],[114.00991,22.27032],[114.00976,22.27093],[114.00774,22.27265],[114.00687,22.27286],[114.00715,22.27364],[114.00689,22.27469],[114.00723,22.27526],[114.00698,22.27592],[114.00803,22.27757],[114.00657,22.27736],[114.00519,22.27841],[114.00455,22.27827],[114.00472,22.27783],[114.00335,22.27581],[113.99997,22.27415],[113.99961,22.27333],[113.99874,22.27357],[113.99874,22.27404],[113.99796,22.27433],[113.99791,22.27503],[113.99696,22.27578],[113.99792,22.27602],[113.99856,22.27566],[113.99913,22.27598],[113.99907,22.27668],[114.00091,22.27803],[114.00109,22.27872],[114.00002,22.2791],[113.99992,22.27993],[113.9982,22.28031],[113.99798,22.28104],[113.99535,22.27897],[113.99488,22.27777],[113.99322,22.27624],[113.9927,22.2762],[113.99221,22.27736],[113.9908,22.27737],[113.98961,22.27655],[113.98857,22.27819],[113.98701,22.2777],[113.99249,22.2807],[113.9948,22.28138],[113.99323,22.28224],[113.99197,22.28195],[113.9863,22.27885],[113.98691,22.27766],[113.97586,22.27632],[113.97299,22.27625],[113.96989,22.27685],[113.96169,22.28049],[113.95918,22.28106],[113.95274,22.27367],[113.95199,22.27321],[113.95096,22.2734],[113.94846,22.27238],[113.94792,22.27471],[113.94694,22.27529],[113.94716,22.27572],[113.94581,22.27609],[113.94621,22.27678],[113.94547,22.27675],[113.94549,22.2772],[113.94512,22.2773],[113.94511,22.27779],[113.94596,22.27828],[113.94486,22.27811],[113.94374,22.27992],[113.94272,22.28035],[113.94255,22.28174],[113.94412,22.28223],[113.94435,22.28253],[113.94373,22.28279],[113.94441,22.28277],[113.94616,22.28435],[113.94606,22.28471],[113.94712,22.28516],[113.94701,22.28682],[113.94874,22.28765],[113.95078,22.28782],[113.95052,22.28896],[113.95187,22.28858],[113.95344,22.28933],[113.95328,22.2902],[113.95275,22.29047],[113.95423,22.29119],[113.95418,22.29172],[113.95512,22.29226],[113.9558,22.29213],[113.95561,22.29325],[113.95673,22.29315],[113.95804,22.29428],[113.96063,22.29428],[113.96087,22.29499],[113.96252,22.29505],[113.96601,22.29624],[113.96761,22.29612],[113.96776,22.29566],[113.96735,22.2951],[113.96838,22.29477],[113.96764,22.29244],[113.96936,22.2937],[113.9701,22.29369],[113.9704,22.29328],[113.97309,22.2938],[113.97374,22.29359],[113.97343,22.29256],[113.97458,22.29219],[113.97485,22.2917],[113.9744,22.29087],[113.97166,22.29132],[113.97077,22.28987],[113.97163,22.28946],[113.97141,22.28903],[113.97397,22.28939],[113.97344,22.28852],[113.97406,22.28803],[113.9753,22.28922],[113.97636,22.28954],[113.97746,22.28815],[113.9773,22.28661],[113.97776,22.28595],[113.97651,22.28461],[113.97689,22.28407],[113.97766,22.28392],[113.97806,22.28269],[113.97904,22.28368],[113.97978,22.28367],[113.97993,22.28446],[113.9808,22.28418],[113.9816,22.28652],[113.98238,22.28709],[113.98323,22.28697],[113.98541,22.28481],[113.98551,22.28597],[113.98562,22.28553],[113.98691,22.28643],[113.9864,22.28682],[113.98666,22.28729],[113.98493,22.28765],[113.98565,22.28816],[113.98559,22.28864],[113.98362,22.28947],[113.98246,22.29099],[113.98343,22.29218],[113.98228,22.29279],[113.98244,22.29363],[113.9815,22.29467],[113.98231,22.29561],[113.98408,22.29984],[113.98349,22.30016],[113.98222,22.29991],[113.9814,22.30068],[113.9815,22.30174],[113.98295,22.30227],[113.98317,22.30327],[113.98442,22.30383],[113.98517,22.30484],[113.98678,22.30548],[113.98738,22.30669],[113.98886,22.30622],[113.99088,22.3066],[113.99134,22.30609],[113.99232,22.30774],[113.99307,22.30758],[113.9933,22.3081],[113.99519,22.30816],[113.99586,22.30778],[113.99625,22.30841],[113.99795,22.30868],[113.99816,22.30806],[114.00018,22.30951],[114.00122,22.30906],[114.00412,22.30899],[114.00474,22.30977],[114.00357,22.31264],[114.00168,22.314],[114.00079,22.31596],[114.00147,22.31851],[114.00326,22.31811],[114.00578,22.31828],[114.00632,22.32004],[114.00741,22.31996],[114.00827,22.32124],[114.00899,22.32112],[114.00982,22.32167],[114.01099,22.32089],[114.01171,22.32231],[114.0128,22.32333],[114.01442,22.32348],[114.01454,22.32301],[114.0165,22.32255],[114.01588,22.3205],[114.01796,22.31926],[114.02076,22.32115],[114.02296,22.32201],[114.02334,22.32259],[114.02375,22.3223],[114.02444,22.32339],[114.02591,22.32397],[114.02667,22.32375],[114.02828,22.32561],[114.02837,22.32631],[114.02936,22.32679],[114.03014,22.32588],[114.03068,22.32295],[114.03216,22.32044],[114.0334,22.31716],[114.03358,22.31259],[114.03236,22.31083],[114.03222,22.31145],[114.0312,22.31214],[114.03122,22.31324],[114.03026,22.31267],[114.02863,22.31381],[114.02843,22.31349],[114.02743,22.31377],[114.02833,22.31215]]]]}},{"type":"Feature","properties":{"id":"dogal-lab-9","kind":"district-label","btype":"dogal","name":"Lantau North (Extension) Country Park"},"geometry":{"type":"Point","coordinates":[113.98979,22.29295]}},{"type":"Feature","properties":{"id":"dogal-10","kind":"district","btype":"dogal","name":"Tai Mo Shan Country Park","lab":1},"geometry":{"type":"MultiPolygon","coordinates":[[[[114.1231,22.42317],[114.12602,22.42181],[114.12687,22.42238],[114.1261,22.42482],[114.12522,22.42612],[114.12471,22.42841],[114.12473,22.42926],[114.1267,22.43086],[114.12933,22.43111],[114.12962,22.43189],[114.13077,22.43283],[114.13808,22.43275],[114.14138,22.43396],[114.14301,22.43517],[114.14297,22.43574],[114.14359,22.43623],[114.14338,22.43656],[114.1442,22.4371],[114.14371,22.43849],[114.14406,22.4388],[114.14378,22.43964],[114.14488,22.43907],[114.14548,22.43943],[114.14598,22.43872],[114.14571,22.43805],[114.14689,22.43753],[114.14988,22.43915],[114.15145,22.43878],[114.15148,22.44149],[114.15393,22.44019],[114.15524,22.43881],[114.15457,22.4387],[114.1544,22.43792],[114.15591,22.43732],[114.1567,22.43647],[114.15314,22.43507],[114.15121,22.43289],[114.14965,22.43026],[114.14852,22.42961],[114.14824,22.42239],[114.15682,22.42123],[114.15989,22.4174],[114.16445,22.41785],[114.16752,22.42049],[114.16683,22.42426],[114.1678,22.42447],[114.17148,22.42327],[114.17099,22.4227],[114.17024,22.41925],[114.16749,22.41162],[114.16491,22.41101],[114.16272,22.41145],[114.16013,22.41256],[114.16007,22.41204],[114.15884,22.41285],[114.15901,22.41247],[114.15833,22.41178],[114.15557,22.41242],[114.15532,22.41276],[114.15296,22.4128],[114.14859,22.41538],[114.14796,22.41624],[114.14684,22.41657],[114.14332,22.41562],[114.13952,22.41706],[114.13749,22.41728],[114.13715,22.41688],[114.13538,22.41688],[114.13391,22.41629],[114.13298,22.41661],[114.13118,22.41625],[114.12918,22.41703],[114.12682,22.41664],[114.12486,22.41722],[114.12281,22.41522],[114.12328,22.41101],[114.1244,22.40943],[114.12485,22.40932],[114.12527,22.41123],[114.12571,22.41091],[114.12534,22.40812],[114.12704,22.40567],[114.12803,22.405],[114.12809,22.40425],[114.1287,22.40408],[114.13034,22.40223],[114.13038,22.40157],[114.13222,22.39903],[114.13091,22.39289],[114.13066,22.39225],[114.12883,22.39079],[114.12528,22.38923],[114.12455,22.38734],[114.12414,22.38807],[114.12339,22.38833],[114.122,22.38763],[114.12194,22.38707],[114.12087,22.38626],[114.12064,22.38555],[114.12089,22.38444],[114.12047,22.38333],[114.1208,22.38239],[114.12041,22.38187],[114.11879,22.38187],[114.11826,22.38118],[114.11697,22.3812],[114.11499,22.38055],[114.11452,22.38113],[114.11505,22.38246],[114.11325,22.38335],[114.11215,22.3851],[114.11132,22.385],[114.11007,22.3861],[114.1083,22.38657],[114.10807,22.38718],[114.10505,22.38856],[114.1045,22.39035],[114.10645,22.39179],[114.10591,22.39234],[114.1047,22.39133],[114.10494,22.392],[114.10361,22.3938],[114.10434,22.39451],[114.10426,22.39523],[114.10496,22.39555],[114.10542,22.39489],[114.10625,22.39539],[114.10722,22.39508],[114.1071,22.39388],[114.10781,22.39236],[114.10853,22.39245],[114.10986,22.39342],[114.11082,22.39351],[114.11042,22.39229],[114.11061,22.39168],[114.10866,22.3906],[114.1101,22.38902],[114.11025,22.38987],[114.11084,22.39014],[114.11036,22.39065],[114.11065,22.3917],[114.11183,22.39075],[114.11293,22.39192],[114.11291,22.40071],[114.11075,22.40091],[114.11051,22.4002],[114.10986,22.40085],[114.11,22.39843],[114.10923,22.39838],[114.10868,22.40005],[114.10684,22.40127],[114.10633,22.40234],[114.10485,22.40275],[114.10383,22.40412],[114.10471,22.40401],[114.10522,22.40438],[114.10478,22.40504],[114.10545,22.40595],[114.1051,22.40964],[114.10736,22.41079],[114.10777,22.41188],[114.10946,22.41195],[114.11003,22.41316],[114.11093,22.41332],[114.11153,22.41426],[114.11314,22.41531],[114.11349,22.41764],[114.11429,22.41736],[114.11549,22.41784],[114.11593,22.41934],[114.11566,22.42032],[114.11706,22.42035],[114.11772,22.42123],[114.11735,22.42163],[114.11658,22.42105],[114.11492,22.42237],[114.11923,22.42209],[114.12194,22.4192],[114.1231,22.42317]]]]}},{"type":"Feature","properties":{"id":"dogal-lab-10","kind":"district-label","btype":"dogal","name":"Tai Mo Shan Country Park"},"geometry":{"type":"Point","coordinates":[114.13085,22.41197]}},{"type":"Feature","properties":{"id":"dogal-11","kind":"district","btype":"dogal","name":"Shing Mun Country Park","lab":1},"geometry":{"type":"MultiPolygon","coordinates":[[[[114.13066,22.39225],[114.13222,22.39903],[114.13038,22.40157],[114.13034,22.40223],[114.1287,22.40408],[114.12809,22.40425],[114.12803,22.405],[114.12704,22.40567],[114.12527,22.40836],[114.12571,22.41091],[114.12472,22.4131],[114.12596,22.41673],[114.12808,22.4166],[114.12918,22.41703],[114.13053,22.41627],[114.13304,22.41661],[114.13391,22.41629],[114.13538,22.41688],[114.13715,22.41688],[114.13749,22.41728],[114.13952,22.41706],[114.14332,22.41562],[114.14684,22.41657],[114.14802,22.41622],[114.14859,22.41538],[114.15296,22.4128],[114.15532,22.41276],[114.15557,22.41242],[114.15833,22.41178],[114.15901,22.41247],[114.15884,22.41285],[114.16007,22.41204],[114.16013,22.41256],[114.16272,22.41145],[114.16491,22.41101],[114.16514,22.4102],[114.16471,22.40927],[114.16783,22.4051],[114.16722,22.40391],[114.16736,22.4027],[114.16778,22.40269],[114.16746,22.40179],[114.16814,22.40119],[114.16726,22.40015],[114.16725,22.39954],[114.16619,22.39872],[114.16803,22.39724],[114.16801,22.39569],[114.16843,22.39472],[114.1675,22.39353],[114.16302,22.39089],[114.16267,22.38916],[114.16049,22.38638],[114.15734,22.38444],[114.15782,22.38383],[114.15677,22.38273],[114.15583,22.38254],[114.15536,22.38177],[114.15063,22.38047],[114.15181,22.37733],[114.14921,22.37761],[114.1492,22.37651],[114.14734,22.37635],[114.14673,22.37564],[114.14353,22.3764],[114.14432,22.37761],[114.14348,22.37819],[114.1429,22.37786],[114.14192,22.37815],[114.14295,22.37933],[114.14143,22.38115],[114.13981,22.3805],[114.13972,22.3793],[114.13842,22.37924],[114.13933,22.37979],[114.13808,22.38097],[114.13927,22.38089],[114.13948,22.38184],[114.14379,22.38451],[114.14352,22.38475],[114.1417,22.38418],[114.14053,22.38558],[114.13968,22.38463],[114.13829,22.38466],[114.13747,22.38415],[114.13583,22.38547],[114.13509,22.38523],[114.13464,22.38419],[114.13235,22.38399],[114.13156,22.38299],[114.13071,22.38325],[114.13021,22.383],[114.129,22.38357],[114.12766,22.38311],[114.12719,22.38331],[114.12722,22.38488],[114.12623,22.38532],[114.12629,22.387],[114.12455,22.38734],[114.12528,22.38923],[114.12883,22.39079],[114.13066,22.39225]]]]}},{"type":"Feature","properties":{"id":"dogal-lab-11","kind":"district-label","btype":"dogal","name":"Shing Mun Country Park"},"geometry":{"type":"Point","coordinates":[114.14605,22.39873]}},{"type":"Feature","properties":{"id":"dogal-12","kind":"district","btype":"dogal","name":"Lantau North Country Park","lab":1},"geometry":{"type":"MultiPolygon","coordinates":[[[[113.86657,22.26167],[113.86701,22.26124],[113.86738,22.26156],[113.86696,22.26197],[113.86841,22.26431],[113.86936,22.26443],[113.86892,22.26488],[113.86959,22.26613],[113.87754,22.26856],[113.87824,22.26793],[113.88017,22.26823],[113.88199,22.26939],[113.88183,22.26641],[113.88296,22.26581],[113.88411,22.26433],[113.88561,22.265],[113.88614,22.26352],[113.8856,22.26286],[113.88624,22.2622],[113.88608,22.26119],[113.88744,22.26014],[113.88841,22.26025],[113.88924,22.25909],[113.8908,22.25818],[113.89116,22.25836],[113.89163,22.2604],[113.89304,22.26113],[113.89501,22.26313],[113.89438,22.26344],[113.89247,22.26273],[113.89162,22.26322],[113.89157,22.26392],[113.89218,22.26493],[113.89145,22.26491],[113.89035,22.26572],[113.88977,22.26753],[113.88997,22.26878],[113.8895,22.26968],[113.89692,22.27666],[113.90059,22.27881],[113.90105,22.27954],[113.90562,22.2779],[113.91174,22.2771],[113.91228,22.2767],[113.91604,22.27297],[113.91846,22.26986],[113.92409,22.26077],[113.92586,22.25927],[113.92732,22.25868],[113.92511,22.25819],[113.92493,22.25898],[113.92378,22.2589],[113.9237,22.25861],[113.92347,22.25953],[113.92289,22.25955],[113.92332,22.25879],[113.92193,22.25899],[113.92163,22.25686],[113.91962,22.2573],[113.91905,22.2566],[113.91785,22.25639],[113.91721,22.25585],[113.91402,22.25524],[113.91272,22.2583],[113.91101,22.25742],[113.91063,22.25842],[113.90924,22.25775],[113.90878,22.25852],[113.90516,22.25884],[113.90434,22.25767],[113.9024,22.25801],[113.9026,22.25728],[113.90155,22.25666],[113.90045,22.25688],[113.90084,22.25769],[113.90032,22.25799],[113.89933,22.25718],[113.89827,22.25477],[113.9011,22.25399],[113.89966,22.25276],[113.89911,22.25029],[113.89623,22.24828],[113.89514,22.24866],[113.89388,22.24816],[113.89336,22.24909],[113.89123,22.25103],[113.89036,22.25106],[113.89042,22.25153],[113.88873,22.2517],[113.88722,22.25235],[113.8866,22.25202],[113.88642,22.25256],[113.88504,22.2512],[113.88341,22.25097],[113.88285,22.24988],[113.88303,22.2479],[113.88207,22.2479],[113.88112,22.24859],[113.8803,22.2485],[113.87942,22.24928],[113.8779,22.24851],[113.87613,22.25096],[113.87528,22.25022],[113.87463,22.24868],[113.87467,22.24714],[113.87418,22.24663],[113.87317,22.24658],[113.87438,22.24438],[113.87363,22.24404],[113.87384,22.24295],[113.87314,22.24153],[113.87176,22.24154],[113.87001,22.24035],[113.86805,22.23971],[113.8668,22.23876],[113.86633,22.23699],[113.86578,22.23686],[113.86565,22.23626],[113.86657,22.23505],[113.86732,22.231],[113.86622,22.23127],[113.86427,22.23071],[113.85775,22.23095],[113.85495,22.23168],[113.85224,22.23174],[113.85538,22.2329],[113.85437,22.23334],[113.85348,22.23588],[113.85242,22.23732],[113.85242,22.23864],[113.85117,22.24034],[113.85081,22.24236],[113.85139,22.24328],[113.85166,22.24294],[113.85224,22.24386],[113.8551,22.24499],[113.85753,22.24528],[113.85766,22.24488],[113.85888,22.24521],[113.86186,22.2426],[113.8626,22.24304],[113.86271,22.24361],[113.86479,22.24421],[113.86558,22.24372],[113.86653,22.24438],[113.86814,22.24417],[113.86928,22.24511],[113.86956,22.24477],[113.86932,22.24357],[113.86993,22.2431],[113.87088,22.24383],[113.87013,22.24557],[113.87084,22.24545],[113.87251,22.2462],[113.87143,22.2483],[113.87169,22.24853],[113.87021,22.24959],[113.87045,22.25081],[113.87008,22.252],[113.87035,22.25388],[113.87008,22.25465],[113.87089,22.25502],[113.8719,22.25464],[113.86657,22.26167]]]]}},{"type":"Feature","properties":{"id":"dogal-lab-12","kind":"district-label","btype":"dogal","name":"Lantau North Country Park"},"geometry":{"type":"Point","coordinates":[113.88928,22.25819]}},{"type":"Feature","properties":{"id":"dogal-13","kind":"district","btype":"dogal","name":"Sha Chau and Lung Kwu Chau Marine Park","lab":1},"geometry":{"type":"MultiPolygon","coordinates":[[[[113.87162,22.32877],[113.8715,22.38998],[113.88508,22.38998],[113.89832,22.33815],[113.87162,22.32877]]]]}},{"type":"Feature","properties":{"id":"dogal-lab-13","kind":"district-label","btype":"dogal","name":"Sha Chau and Lung Kwu Chau Marine Park"},"geometry":{"type":"Point","coordinates":[113.88183,22.35844]}},{"type":"Feature","properties":{"id":"dogal-14","kind":"district","btype":"dogal","name":"Tai Tam Country Park","lab":1},"geometry":{"type":"MultiPolygon","coordinates":[[[[114.20172,22.26735],[114.20428,22.26747],[114.20581,22.26881],[114.20692,22.26923],[114.2099,22.26865],[114.21083,22.27079],[114.21026,22.27118],[114.21098,22.27267],[114.212,22.27322],[114.21266,22.27214],[114.212,22.27092],[114.21275,22.271],[114.21292,22.27012],[114.21372,22.26971],[114.21435,22.27005],[114.21491,22.27188],[114.21549,22.27189],[114.21632,22.2714],[114.21976,22.26735],[114.2227,22.26542],[114.22525,22.26308],[114.22559,22.26218],[114.22562,22.25797],[114.22816,22.25732],[114.22749,22.254],[114.22512,22.25096],[114.22418,22.25113],[114.22411,22.2502],[114.22298,22.24802],[114.22096,22.24796],[114.22016,22.24706],[114.22115,22.24598],[114.22103,22.24491],[114.22199,22.24302],[114.22194,22.24169],[114.22107,22.24],[114.2208,22.2378],[114.22144,22.23773],[114.22178,22.23648],[114.22254,22.23558],[114.22208,22.23228],[114.2213,22.23176],[114.22076,22.23019],[114.21983,22.22988],[114.2187,22.23078],[114.21793,22.23274],[114.21618,22.23221],[114.21679,22.23078],[114.21688,22.22844],[114.21678,22.2276],[114.21583,22.22636],[114.21478,22.22545],[114.21306,22.22484],[114.21164,22.22579],[114.21143,22.22459],[114.21077,22.22462],[114.20954,22.22571],[114.20875,22.22381],[114.20827,22.22449],[114.20589,22.22476],[114.20555,22.22655],[114.20455,22.22544],[114.20373,22.22548],[114.20276,22.22844],[114.20022,22.23064],[114.20061,22.23195],[114.2016,22.23297],[114.20292,22.23293],[114.20414,22.23344],[114.20241,22.23456],[114.20224,22.2352],[114.20139,22.23575],[114.20131,22.23653],[114.20176,22.23732],[114.20324,22.23731],[114.20306,22.23846],[114.20412,22.23954],[114.20393,22.24036],[114.20424,22.241],[114.203,22.24198],[114.20127,22.24188],[114.20011,22.24083],[114.19809,22.24026],[114.19757,22.24303],[114.19564,22.24319],[114.19417,22.24232],[114.19345,22.24319],[114.19415,22.24394],[114.19439,22.24506],[114.19368,22.24657],[114.19408,22.24739],[114.19369,22.24793],[114.19389,22.24825],[114.19485,22.24818],[114.19422,22.24894],[114.19455,22.24946],[114.19429,22.25002],[114.19477,22.25061],[114.19412,22.25138],[114.19387,22.25247],[114.1944,22.25398],[114.19405,22.25591],[114.1944,22.25622],[114.19568,22.25482],[114.19584,22.25537],[114.19673,22.25495],[114.19665,22.25617],[114.20067,22.25672],[114.20129,22.25735],[114.20075,22.25871],[114.20024,22.25905],[114.19734,22.2576],[114.19618,22.2577],[114.19523,22.2573],[114.1957,22.25751],[114.19645,22.25809],[114.19743,22.25783],[114.19771,22.25795],[114.19777,22.25812],[114.19746,22.25788],[114.19652,22.25817],[114.19519,22.25739],[114.19493,22.2581],[114.19537,22.25855],[114.19421,22.25821],[114.19412,22.25903],[114.19473,22.25931],[114.19364,22.25987],[114.1929,22.26202],[114.19235,22.26258],[114.19202,22.26406],[114.19245,22.26425],[114.19226,22.26516],[114.19303,22.26518],[114.19382,22.26605],[114.19417,22.26774],[114.19608,22.26923],[114.19726,22.27076],[114.19795,22.27033],[114.19775,22.2697],[114.19856,22.26863],[114.19906,22.26867],[114.19984,22.26791],[114.20172,22.26735]]]]}},{"type":"Feature","properties":{"id":"dogal-lab-14","kind":"district-label","btype":"dogal","name":"Tai Tam Country Park"},"geometry":{"type":"Point","coordinates":[114.20988,22.25001]}},{"type":"Feature","properties":{"id":"dogal-15","kind":"district","btype":"dogal","name":"Meilin Mountain Country Park","lab":1},"geometry":{"type":"MultiPolygon","coordinates":[[[[114.04978,22.58269],[114.04907,22.58198],[114.0492,22.57976],[114.05072,22.57941],[114.05038,22.57734],[114.05082,22.57654],[114.05138,22.5766],[114.05265,22.57543],[114.05132,22.57319],[114.05036,22.57271],[114.04975,22.57282],[114.04931,22.57442],[114.04927,22.57685],[114.04659,22.57716],[114.04465,22.57693],[114.0449,22.57538],[114.04414,22.57631],[114.04203,22.577],[114.04152,22.57569],[114.0391,22.57571],[114.03908,22.57631],[114.03768,22.57698],[114.03777,22.57846],[114.03953,22.5795],[114.03946,22.58024],[114.03603,22.58074],[114.03493,22.58025],[114.03511,22.5797],[114.0344,22.5788],[114.03584,22.57786],[114.03613,22.57715],[114.03654,22.5772],[114.03657,22.57565],[114.03731,22.57338],[114.0363,22.57387],[114.03626,22.57281],[114.0342,22.57562],[114.03448,22.57627],[114.03399,22.57703],[114.03291,22.57534],[114.03121,22.576],[114.03139,22.57674],[114.03229,22.57743],[114.03172,22.57777],[114.02985,22.57794],[114.02889,22.57694],[114.0285,22.5773],[114.02833,22.57689],[114.02501,22.57606],[114.02367,22.57624],[114.02238,22.57716],[114.0218,22.57709],[114.02188,22.5764],[114.02146,22.57605],[114.0202,22.57669],[114.01886,22.57627],[114.01715,22.57717],[114.01331,22.57733],[114.0138,22.57639],[114.01663,22.57521],[114.01949,22.57465],[114.02029,22.57501],[114.02112,22.57433],[114.02336,22.57385],[114.02345,22.57316],[114.02277,22.57274],[114.02321,22.57229],[114.02588,22.57287],[114.02654,22.57222],[114.02829,22.57262],[114.02858,22.57224],[114.02824,22.57202],[114.0284,22.5712],[114.02755,22.56981],[114.02541,22.57043],[114.02387,22.56702],[114.02426,22.5667],[114.02604,22.56768],[114.02688,22.56747],[114.02713,22.56659],[114.02679,22.5658],[114.02791,22.56475],[114.02814,22.56377],[114.02727,22.56356],[114.02727,22.56318],[114.02328,22.56243],[114.02231,22.56524],[114.02113,22.56493],[114.02035,22.56594],[114.01919,22.56455],[114.01753,22.56544],[114.01638,22.5653],[114.01547,22.56464],[114.01552,22.5633],[114.01413,22.56313],[114.01362,22.56357],[114.01276,22.56634],[114.01129,22.56861],[114.00852,22.56902],[114.00711,22.56851],[114.00725,22.56676],[114.00845,22.56618],[114.00931,22.56647],[114.00896,22.56552],[114.00807,22.56584],[114.00781,22.56527],[114.00818,22.5639],[114.00975,22.56347],[114.0079,22.56241],[114.0076,22.56333],[114.00584,22.56335],[114.00541,22.56397],[114.00544,22.5634],[114.00352,22.56357],[114.00169,22.56676],[114.00034,22.56658],[114.00011,22.56559],[114.00117,22.56514],[114.0013,22.56441],[114.00049,22.56427],[114.00001,22.56372],[114.00066,22.5631],[114.00206,22.56279],[114.00156,22.56184],[114.00299,22.5617],[114.00323,22.56225],[114.0036,22.56212],[114.00361,22.56141],[114.00317,22.56101],[114.0034,22.56082],[114.00402,22.56112],[114.00501,22.56093],[114.00501,22.56125],[114.00638,22.56109],[114.00686,22.5605],[114.00646,22.56002],[114.00715,22.56002],[114.00757,22.5589],[114.00774,22.55921],[114.00879,22.55906],[114.0087,22.55845],[114.00357,22.55643],[114.00133,22.55628],[113.99729,22.55636],[113.99546,22.5568],[113.99339,22.558],[113.99554,22.55895],[113.9975,22.55927],[113.99725,22.55986],[113.99577,22.55995],[113.99693,22.56167],[113.99756,22.56386],[113.99868,22.5658],[113.99772,22.56695],[113.99835,22.56739],[113.99907,22.56914],[114.00031,22.57058],[114.00003,22.57485],[114.00097,22.57597],[114.00035,22.57824],[114.00262,22.58094],[114.00438,22.58239],[114.00512,22.58236],[114.00511,22.58754],[113.99845,22.58748],[113.99472,22.58905],[114.00166,22.59047],[114.00367,22.59039],[114.01001,22.58906],[114.01922,22.59211],[114.02348,22.59174],[114.02621,22.59268],[114.02876,22.59302],[114.03154,22.59261],[114.03458,22.59086],[114.03533,22.59128],[114.03661,22.59357],[114.04217,22.59186],[114.04478,22.59166],[114.04557,22.59038],[114.04507,22.58941],[114.04562,22.58919],[114.0466,22.59066],[114.047,22.59045],[114.04944,22.58454],[114.04978,22.58269]]]]}},{"type":"Feature","properties":{"id":"dogal-lab-15","kind":"district-label","btype":"dogal","name":"Meilin Mountain Country Park"},"geometry":{"type":"Point","coordinates":[114.02093,22.57853]}},{"type":"Feature","properties":{"id":"dogal-16","kind":"district","btype":"dogal","name":"The Brothers Marine Park","lab":1},"geometry":{"type":"MultiPolygon","coordinates":[[[[113.96398,22.33692],[113.97805,22.34138],[113.98582,22.34138],[113.99997,22.33682],[113.99998,22.3242],[113.98095,22.30993],[113.96402,22.31703],[113.96398,22.33692]]]]}},{"type":"Feature","properties":{"id":"dogal-lab-16","kind":"district-label","btype":"dogal","name":"The Brothers Marine Park"},"geometry":{"type":"Point","coordinates":[113.98101,22.32725]}},{"type":"Feature","properties":{"id":"dogal-17","kind":"district","btype":"dogal","name":"Tanglang Mountain Country Park","lab":1},"geometry":{"type":"MultiPolygon","coordinates":[[[[114.00066,22.57889],[114.00031,22.5779],[114.00097,22.57597],[114.00003,22.57485],[113.99999,22.574],[114.00031,22.57058],[113.99907,22.56914],[113.99835,22.56739],[113.99772,22.56695],[113.99661,22.56708],[113.99328,22.56835],[113.99032,22.57003],[113.98913,22.57023],[113.98819,22.56993],[113.9881,22.56917],[113.98717,22.5691],[113.98736,22.56802],[113.98584,22.56795],[113.98572,22.56603],[113.98382,22.56549],[113.97881,22.56764],[113.97481,22.5687],[113.97362,22.5685],[113.97157,22.56984],[113.97026,22.5698],[113.96882,22.57234],[113.96749,22.57235],[113.967,22.57271],[113.96693,22.5735],[113.96595,22.5732],[113.96616,22.57229],[113.96522,22.57225],[113.96519,22.57181],[113.96298,22.57205],[113.96261,22.57365],[113.96414,22.57465],[113.96384,22.57506],[113.95728,22.5751],[113.95706,22.57644],[113.95651,22.57714],[113.95401,22.57725],[113.95369,22.57847],[113.95301,22.57847],[113.95326,22.58023],[113.95383,22.58083],[113.9554,22.58086],[113.95572,22.58161],[113.95612,22.58164],[113.95612,22.58222],[113.95691,22.58254],[113.95713,22.58198],[113.95838,22.5826],[113.95846,22.58311],[113.9594,22.58338],[113.96165,22.58331],[113.96282,22.58259],[113.96424,22.58261],[113.96428,22.58057],[113.96496,22.58058],[113.96722,22.58355],[113.97264,22.58639],[113.9891,22.5871],[113.99472,22.58905],[113.99845,22.58748],[114.00511,22.58754],[114.00512,22.58236],[114.00438,22.58239],[114.00066,22.57889]]]]}},{"type":"Feature","properties":{"id":"dogal-lab-17","kind":"district-label","btype":"dogal","name":"Tanglang Mountain Country Park"},"geometry":{"type":"Point","coordinates":[113.98217,22.57802]}},{"type":"Feature","properties":{"id":"dogal-18","kind":"district","btype":"dogal","name":"Lam Tsuen Country Park","lab":1},"geometry":{"type":"MultiPolygon","coordinates":[[[[114.08248,22.45116],[114.07011,22.45095],[114.06793,22.4494],[114.06657,22.44919],[114.06617,22.44987],[114.06699,22.45094],[114.06438,22.45113],[114.06513,22.4531],[114.06821,22.45179],[114.06911,22.4528],[114.07032,22.45323],[114.06978,22.45397],[114.06975,22.45499],[114.0682,22.45657],[114.06782,22.45577],[114.06746,22.45597],[114.06734,22.45699],[114.06631,22.45728],[114.06577,22.45817],[114.06364,22.45782],[114.06293,22.45696],[114.06191,22.45733],[114.06182,22.45833],[114.0605,22.45879],[114.06001,22.45826],[114.05683,22.45779],[114.05669,22.45889],[114.05832,22.46028],[114.05795,22.46167],[114.05717,22.46247],[114.05742,22.46329],[114.0567,22.4641],[114.05675,22.4648],[114.05971,22.46455],[114.05993,22.46702],[114.06085,22.46791],[114.06187,22.46826],[114.06302,22.46754],[114.06372,22.46583],[114.06373,22.4645],[114.06505,22.46359],[114.06711,22.46433],[114.06913,22.46346],[114.07658,22.46196],[114.07714,22.46545],[114.07699,22.46708],[114.07618,22.46909],[114.07655,22.47045],[114.07741,22.47123],[114.07732,22.47186],[114.07829,22.47108],[114.07912,22.4716],[114.07968,22.47269],[114.08113,22.47304],[114.08194,22.47394],[114.08271,22.4735],[114.0843,22.47447],[114.08552,22.47412],[114.08666,22.47429],[114.0866,22.47491],[114.08745,22.47495],[114.08706,22.47547],[114.08757,22.4756],[114.08839,22.47506],[114.09057,22.4756],[114.0918,22.47463],[114.09292,22.47521],[114.09329,22.47418],[114.09493,22.4746],[114.09592,22.4735],[114.09691,22.47367],[114.09762,22.47285],[114.09888,22.47329],[114.10064,22.47255],[114.10116,22.47127],[114.10218,22.47152],[114.10211,22.47198],[114.10295,22.47151],[114.10348,22.47247],[114.1039,22.47167],[114.1049,22.47216],[114.10563,22.4714],[114.10623,22.47145],[114.10594,22.47036],[114.10647,22.47001],[114.10572,22.46961],[114.10696,22.46774],[114.10071,22.45961],[114.09637,22.45664],[114.09514,22.45505],[114.08954,22.45414],[114.08248,22.45116]]]]}},{"type":"Feature","properties":{"id":"dogal-lab-18","kind":"district-label","btype":"dogal","name":"Lam Tsuen Country Park"},"geometry":{"type":"Point","coordinates":[114.08371,22.46267]}},{"type":"Feature","properties":{"id":"dogal-19","kind":"district","btype":"dogal","name":"Mai Po Marshes Restricted Area","lab":1},"geometry":{"type":"MultiPolygon","coordinates":[[[[114.04539,22.49354],[114.04247,22.48907],[114.04404,22.48886],[114.0442,22.48771],[114.04277,22.48712],[114.04113,22.48568],[114.04152,22.48375],[114.04086,22.48],[114.03828,22.47833],[114.03083,22.4819],[114.02852,22.48186],[114.02397,22.48495],[114.0153,22.4892],[114.0135,22.49543],[114.01192,22.49932],[114.01364,22.49929],[114.01946,22.50146],[114.02116,22.50242],[114.02482,22.50566],[114.02622,22.50622],[114.02831,22.50638],[114.03821,22.50509],[114.03819,22.50305],[114.04327,22.50279],[114.04467,22.50116],[114.04665,22.50058],[114.04627,22.49878],[114.04705,22.49762],[114.04672,22.49665],[114.04761,22.49553],[114.04539,22.49354]]]]}},{"type":"Feature","properties":{"id":"dogal-lab-19","kind":"district-label","btype":"dogal","name":"Mai Po Marshes Restricted Area"},"geometry":{"type":"Point","coordinates":[114.03078,22.49376]}},{"type":"Feature","properties":{"id":"dogal-20","kind":"district","btype":"dogal","name":"Lion Rock Country Park","lab":1},"geometry":{"type":"MultiPolygon","coordinates":[[[[114.15405,22.34976],[114.1544,22.35079],[114.15621,22.35295],[114.15755,22.35378],[114.16003,22.35412],[114.16172,22.35323],[114.16279,22.35596],[114.16354,22.35564],[114.16439,22.35603],[114.1651,22.35533],[114.16609,22.35576],[114.16745,22.35515],[114.16875,22.35629],[114.16962,22.35512],[114.17087,22.35586],[114.17167,22.35552],[114.17212,22.3548],[114.1736,22.35469],[114.17383,22.35612],[114.17314,22.3573],[114.17351,22.35813],[114.17518,22.35884],[114.1775,22.36136],[114.18041,22.36367],[114.18134,22.36419],[114.1821,22.36388],[114.18233,22.36467],[114.18304,22.36511],[114.18394,22.36531],[114.18526,22.36382],[114.18678,22.36334],[114.18647,22.3643],[114.18765,22.36432],[114.18776,22.365],[114.18934,22.36495],[114.18932,22.36431],[114.19101,22.36345],[114.19127,22.36477],[114.19209,22.36576],[114.19127,22.36662],[114.19222,22.36681],[114.19238,22.36927],[114.19196,22.37026],[114.18993,22.37186],[114.19012,22.37225],[114.19335,22.37376],[114.19366,22.37242],[114.19455,22.37273],[114.19613,22.37195],[114.19654,22.37002],[114.19774,22.36764],[114.19773,22.36644],[114.19901,22.36445],[114.1987,22.36405],[114.19937,22.3632],[114.20018,22.36019],[114.19962,22.35911],[114.19927,22.35624],[114.19951,22.35547],[114.19891,22.35556],[114.19945,22.35506],[114.19899,22.35521],[114.19809,22.35391],[114.19741,22.35411],[114.19695,22.35252],[114.19299,22.35381],[114.19282,22.35271],[114.19102,22.35305],[114.19176,22.35075],[114.19152,22.34967],[114.18884,22.35026],[114.1879,22.34999],[114.18517,22.35028],[114.18485,22.34968],[114.1832,22.35018],[114.18028,22.34888],[114.1789,22.34908],[114.17851,22.3486],[114.17806,22.34902],[114.17718,22.34869],[114.1769,22.34931],[114.17625,22.34888],[114.17556,22.3491],[114.17437,22.34798],[114.17351,22.34839],[114.17294,22.34793],[114.17342,22.34704],[114.17262,22.34626],[114.1715,22.34657],[114.1704,22.34592],[114.16966,22.34618],[114.16941,22.34582],[114.16842,22.34577],[114.16697,22.34623],[114.16621,22.34546],[114.16533,22.34624],[114.16547,22.34718],[114.16362,22.34857],[114.16122,22.34743],[114.16094,22.34695],[114.16026,22.34738],[114.15956,22.34598],[114.15861,22.34533],[114.15712,22.34648],[114.15635,22.34613],[114.15591,22.34666],[114.15478,22.34679],[114.15248,22.34623],[114.15128,22.34712],[114.15197,22.34819],[114.15405,22.34976]]]]}},{"type":"Feature","properties":{"id":"dogal-lab-20","kind":"district-label","btype":"dogal","name":"Lion Rock Country Park"},"geometry":{"type":"Point","coordinates":[114.18042,22.35612]}},{"type":"Feature","properties":{"id":"dogal-21","kind":"district","btype":"dogal","name":"Double Haven Marine Park","lab":1},"geometry":{"type":"MultiPolygon","coordinates":[[[[114.27218,22.51386],[114.27244,22.51524],[114.27304,22.51555],[114.27369,22.51535],[114.27352,22.51584],[114.27261,22.51569],[114.27199,22.51633],[114.27247,22.51694],[114.27312,22.51657],[114.27238,22.51703],[114.27292,22.51751],[114.27414,22.51742],[114.27495,22.51618],[114.27644,22.51628],[114.27609,22.51572],[114.27676,22.51529],[114.2772,22.5141],[114.27813,22.51335],[114.2786,22.51354],[114.27904,22.51508],[114.27959,22.51521],[114.27919,22.51673],[114.27961,22.51815],[114.2809,22.51859],[114.28186,22.51824],[114.28187,22.51922],[114.28112,22.52036],[114.28316,22.52127],[114.2856,22.52379],[114.28585,22.52495],[114.2864,22.52494],[114.2859,22.525],[114.28562,22.52561],[114.30914,22.52626],[114.30835,22.52503],[114.30861,22.52457],[114.31027,22.52407],[114.30949,22.52322],[114.30909,22.52146],[114.31019,22.51906],[114.30918,22.51753],[114.30942,22.51668],[114.3079,22.51637],[114.3079,22.51471],[114.30752,22.51441],[114.30589,22.51453],[114.30563,22.51395],[114.30593,22.51356],[114.30745,22.51372],[114.3069,22.51315],[114.30602,22.513],[114.30601,22.51212],[114.30423,22.51371],[114.30403,22.51353],[114.3045,22.51301],[114.30381,22.51221],[114.30578,22.51093],[114.30468,22.51085],[114.30405,22.51011],[114.30357,22.51058],[114.30275,22.51049],[114.30247,22.51271],[114.30196,22.51208],[114.30116,22.51225],[114.30189,22.51319],[114.3016,22.51351],[114.30085,22.51306],[114.30003,22.51343],[114.2996,22.51237],[114.29994,22.51154],[114.29966,22.51148],[114.29822,22.51222],[114.29791,22.5132],[114.2972,22.51318],[114.29631,22.51211],[114.29537,22.51235],[114.29532,22.51321],[114.29451,22.51345],[114.29457,22.51237],[114.2951,22.51193],[114.29503,22.51099],[114.29661,22.51075],[114.29788,22.50944],[114.29773,22.50836],[114.29661,22.5085],[114.29721,22.50774],[114.29703,22.50743],[114.29569,22.50715],[114.29644,22.50634],[114.29824,22.50691],[114.29722,22.50544],[114.29797,22.50508],[114.29798,22.50472],[114.29909,22.5043],[114.30022,22.50486],[114.30055,22.50227],[114.29957,22.50277],[114.29916,22.50241],[114.29819,22.50242],[114.29849,22.50152],[114.29803,22.50104],[114.29828,22.50043],[114.2969,22.50116],[114.29702,22.50165],[114.29636,22.50216],[114.29744,22.50254],[114.29759,22.50354],[114.29691,22.50478],[114.29462,22.50531],[114.29377,22.50492],[114.29411,22.50399],[114.29298,22.50401],[114.29325,22.50447],[114.29274,22.50516],[114.29387,22.50619],[114.29358,22.50821],[114.29281,22.50851],[114.29289,22.50717],[114.29242,22.50687],[114.29235,22.50766],[114.29162,22.50779],[114.29163,22.50901],[114.28968,22.5082],[114.29034,22.50738],[114.28988,22.50691],[114.29007,22.50596],[114.29159,22.50556],[114.29142,22.50439],[114.29101,22.50436],[114.29102,22.50509],[114.29001,22.50512],[114.28916,22.50592],[114.28844,22.50599],[114.28825,22.50663],[114.28632,22.50583],[114.2866,22.5068],[114.28784,22.50811],[114.28765,22.50925],[114.28637,22.50835],[114.28532,22.5087],[114.28438,22.5081],[114.28338,22.50844],[114.28303,22.50929],[114.28238,22.50892],[114.28176,22.50979],[114.2833,22.50962],[114.284,22.50904],[114.2848,22.51018],[114.28589,22.5105],[114.28541,22.51102],[114.2843,22.51079],[114.28393,22.51155],[114.28337,22.51032],[114.28192,22.51077],[114.27986,22.51048],[114.27951,22.50992],[114.27894,22.51057],[114.27805,22.51048],[114.27795,22.50891],[114.27732,22.50963],[114.27574,22.51011],[114.27538,22.50981],[114.27589,22.50844],[114.27551,22.50793],[114.27448,22.50825],[114.27394,22.50789],[114.27391,22.50824],[114.2729,22.50869],[114.27285,22.50764],[114.27208,22.50776],[114.27107,22.50711],[114.27157,22.50813],[114.27231,22.50852],[114.27204,22.50918],[114.27257,22.50943],[114.27435,22.50869],[114.27478,22.50886],[114.2736,22.51082],[114.27535,22.51147],[114.27426,22.51199],[114.27422,22.51255],[114.27461,22.51247],[114.27515,22.51343],[114.27335,22.51339],[114.27224,22.51275],[114.27223,22.51213],[114.27202,22.51268],[114.27126,22.5129],[114.27229,22.51319],[114.27182,22.5137],[114.27218,22.51386]]]]}},{"type":"Feature","properties":{"id":"dogal-lab-21","kind":"district-label","btype":"dogal","name":"Double Haven Marine Park"},"geometry":{"type":"Point","coordinates":[114.29295,22.51659]}},{"type":"Feature","properties":{"id":"dogal-22","kind":"district","btype":"dogal","name":"Robin's Nest Country Park","lab":1},"geometry":{"type":"MultiPolygon","coordinates":[[[[114.20261,22.55511],[114.20356,22.5558],[114.20452,22.5556],[114.20662,22.55644],[114.20664,22.55564],[114.20722,22.55544],[114.20719,22.55484],[114.20775,22.55454],[114.20865,22.55489],[114.20915,22.55407],[114.21043,22.55439],[114.21193,22.55421],[114.21227,22.5535],[114.21282,22.55365],[114.21614,22.55246],[114.2127,22.54906],[114.20828,22.54227],[114.20784,22.54065],[114.20882,22.53977],[114.21094,22.53973],[114.2121,22.53795],[114.21184,22.53765],[114.20946,22.53916],[114.20789,22.53918],[114.20761,22.53823],[114.20682,22.53826],[114.20659,22.54013],[114.20328,22.5369],[114.20042,22.5365],[114.19815,22.53485],[114.19567,22.53514],[114.19377,22.53275],[114.19294,22.53081],[114.19181,22.53084],[114.19113,22.53211],[114.18939,22.5332],[114.18764,22.53296],[114.18705,22.53422],[114.18626,22.53292],[114.18492,22.5328],[114.1854,22.53843],[114.18684,22.5396],[114.18828,22.54011],[114.1882,22.54041],[114.18683,22.53974],[114.18466,22.54188],[114.18604,22.54307],[114.18788,22.54576],[114.18812,22.54831],[114.18741,22.54993],[114.18689,22.55457],[114.18789,22.55523],[114.18931,22.55404],[114.19173,22.55472],[114.19093,22.55201],[114.1946,22.55176],[114.19687,22.54822],[114.19903,22.54747],[114.20076,22.55183],[114.20004,22.55371],[114.19857,22.5557],[114.19653,22.55632],[114.19684,22.55661],[114.19867,22.55639],[114.19911,22.55595],[114.20047,22.55689],[114.20221,22.55397],[114.20263,22.55436],[114.20261,22.55511]]]]}},{"type":"Feature","properties":{"id":"dogal-lab-22","kind":"district-label","btype":"dogal","name":"Robin's Nest Country Park"},"geometry":{"type":"Point","coordinates":[114.19833,22.54455]}},{"type":"Feature","properties":{"id":"dogal-23","kind":"district","btype":"dogal","name":"Aberdeen Country Park","lab":1},"geometry":{"type":"MultiPolygon","coordinates":[[[[114.15074,22.26003],[114.15126,22.26012],[114.15176,22.26111],[114.15113,22.2625],[114.15036,22.26246],[114.15068,22.26311],[114.15236,22.26376],[114.15381,22.2636],[114.15466,22.26304],[114.15562,22.26325],[114.15661,22.26425],[114.15594,22.2652],[114.15755,22.26669],[114.15891,22.26642],[114.16067,22.2669],[114.1615,22.26625],[114.16124,22.26576],[114.1604,22.26571],[114.16005,22.265],[114.16073,22.26479],[114.16117,22.26535],[114.16169,22.26412],[114.16263,22.26463],[114.16269,22.26392],[114.16424,22.26452],[114.16365,22.26592],[114.16287,22.26561],[114.16256,22.26631],[114.16316,22.2666],[114.16301,22.26802],[114.16555,22.26911],[114.16715,22.26834],[114.16651,22.26711],[114.16753,22.26601],[114.16883,22.26673],[114.16981,22.26646],[114.16925,22.26437],[114.17004,22.264],[114.16966,22.2632],[114.17031,22.26312],[114.17002,22.26269],[114.17042,22.26222],[114.16992,22.26112],[114.16885,22.26148],[114.17016,22.26057],[114.17047,22.26087],[114.17093,22.26068],[114.17115,22.26093],[114.17066,22.26163],[114.17181,22.26201],[114.17254,22.26282],[114.17251,22.26342],[114.17203,22.26349],[114.17184,22.2641],[114.17091,22.26475],[114.17122,22.26547],[114.16999,22.26666],[114.16997,22.26765],[114.17061,22.26791],[114.17258,22.26764],[114.17472,22.26827],[114.1755,22.26749],[114.17645,22.26834],[114.17753,22.26754],[114.17752,22.26657],[114.1783,22.2655],[114.17807,22.26487],[114.17959,22.26307],[114.17894,22.2616],[114.18084,22.25902],[114.1838,22.2585],[114.18622,22.25704],[114.18751,22.25749],[114.18758,22.25669],[114.18847,22.25598],[114.18817,22.2545],[114.18601,22.25379],[114.18498,22.25505],[114.18337,22.25513],[114.18243,22.25581],[114.18034,22.25593],[114.17864,22.2569],[114.17792,22.25506],[114.17609,22.25408],[114.17294,22.2558],[114.1712,22.25553],[114.16862,22.25719],[114.16816,22.2552],[114.16781,22.25508],[114.16846,22.25327],[114.16838,22.25222],[114.16633,22.25217],[114.16429,22.25074],[114.16354,22.25112],[114.16269,22.25085],[114.16192,22.25142],[114.1605,22.25375],[114.15874,22.25313],[114.15785,22.25345],[114.1542,22.25193],[114.15329,22.25201],[114.15385,22.25351],[114.15319,22.25456],[114.15422,22.25624],[114.15434,22.25656],[114.15427,22.25686],[114.15504,22.25775],[114.15524,22.25804],[114.15525,22.2584],[114.15517,22.25866],[114.15522,22.25896],[114.15517,22.25935],[114.15514,22.25865],[114.15522,22.25805],[114.15423,22.25684],[114.15417,22.25621],[114.15361,22.25567],[114.15378,22.25651],[114.15264,22.25695],[114.15366,22.25789],[114.15074,22.26003]]]]}},{"type":"Feature","properties":{"id":"dogal-lab-23","kind":"district-label","btype":"dogal","name":"Aberdeen Country Park"},"geometry":{"type":"Point","coordinates":[114.16702,22.25978]}},{"type":"Feature","properties":{"id":"dogal-24","kind":"district","btype":"dogal","name":"Shek O Country Park","lab":1},"geometry":{"type":"MultiPolygon","coordinates":[[[[114.2542,22.25549],[114.25398,22.25436],[114.25299,22.25397],[114.25261,22.25172],[114.25173,22.2512],[114.25088,22.25132],[114.25001,22.25064],[114.24962,22.24889],[114.2474,22.24932],[114.24605,22.2513],[114.24344,22.25179],[114.24256,22.25146],[114.24138,22.24919],[114.24229,22.24675],[114.24411,22.24557],[114.24335,22.24346],[114.24707,22.23821],[114.24666,22.23219],[114.24567,22.22883],[114.2468,22.22806],[114.2439,22.22512],[114.2431,22.22491],[114.24164,22.226],[114.24003,22.22634],[114.23945,22.22799],[114.23952,22.2298],[114.24028,22.2308],[114.24035,22.23237],[114.23973,22.23419],[114.23813,22.23666],[114.23834,22.23899],[114.23768,22.2405],[114.23843,22.24175],[114.23815,22.24284],[114.23725,22.24372],[114.23568,22.24365],[114.23438,22.2467],[114.23304,22.24828],[114.2302,22.2493],[114.23054,22.25586],[114.23071,22.25623],[114.23129,22.25598],[114.23267,22.25659],[114.23368,22.2561],[114.23473,22.25749],[114.23574,22.25748],[114.23658,22.25831],[114.23898,22.25662],[114.24007,22.25664],[114.24037,22.25826],[114.24201,22.25958],[114.24215,22.26125],[114.24367,22.26205],[114.24385,22.26157],[114.24534,22.2609],[114.24549,22.25986],[114.24625,22.2588],[114.247,22.25882],[114.24771,22.25805],[114.24883,22.25788],[114.24968,22.25687],[114.25175,22.25665],[114.2542,22.25549]]]]}},{"type":"Feature","properties":{"id":"dogal-lab-24","kind":"district-label","btype":"dogal","name":"Shek O Country Park"},"geometry":{"type":"Point","coordinates":[114.24151,22.24633]}},{"type":"Feature","properties":{"id":"dogal-25","kind":"district","btype":"dogal","name":"Guangdong Nei Lingding-Futian National Nature Reserve","lab":1},"geometry":{"type":"MultiPolygon","coordinates":[[[[113.99695,22.52872],[114.00115,22.52983],[114.00885,22.52931],[114.01145,22.52976],[114.01246,22.52929],[114.01453,22.52984],[114.01557,22.5283],[114.01583,22.52845],[114.01925,22.5252],[114.03424,22.51662],[114.03254,22.51384],[114.03352,22.51316],[114.03015,22.50764],[114.01684,22.51521],[114.00912,22.51902],[113.99949,22.52443],[113.99695,22.52872]]]]}},{"type":"Feature","properties":{"id":"dogal-lab-25","kind":"district-label","btype":"dogal","name":"Guangdong Nei Lingding-Futian National Nature Reserve"},"geometry":{"type":"Point","coordinates":[114.01684,22.5205]}},{"type":"Feature","properties":{"id":"dogal-26","kind":"district","btype":"dogal","name":"Nanshan Park","lab":1},"geometry":{"type":"MultiPolygon","coordinates":[[[[113.89427,22.49825],[113.89725,22.50273],[113.89575,22.5084],[113.89614,22.50977],[113.89754,22.51044],[113.90153,22.50849],[113.90368,22.50819],[113.90706,22.508],[113.90755,22.50859],[113.91165,22.50825],[113.91166,22.50722],[113.90922,22.50718],[113.90922,22.50639],[113.90864,22.5059],[113.90869,22.50498],[113.91004,22.50319],[113.91074,22.5028],[113.91102,22.50313],[113.91325,22.50206],[113.91341,22.50141],[113.91289,22.50058],[113.91162,22.50089],[113.9105,22.50001],[113.91093,22.49872],[113.90978,22.49741],[113.90945,22.49762],[113.90818,22.49721],[113.9076,22.49751],[113.90715,22.49649],[113.90633,22.49636],[113.9063,22.49588],[113.90785,22.4953],[113.90775,22.49491],[113.9057,22.49341],[113.90534,22.49183],[113.90516,22.49239],[113.90451,22.49224],[113.90442,22.49127],[113.90342,22.48944],[113.90397,22.48886],[113.90294,22.48869],[113.90311,22.4882],[113.90487,22.48845],[113.90566,22.48784],[113.9061,22.4868],[113.90753,22.4867],[113.90738,22.48531],[113.90594,22.48526],[113.9059,22.48566],[113.9049,22.4862],[113.90446,22.4872],[113.90336,22.48626],[113.90146,22.48695],[113.90118,22.48655],[113.90227,22.48576],[113.90254,22.48509],[113.90129,22.48377],[113.90134,22.4826],[113.90072,22.48153],[113.90034,22.48392],[113.89868,22.48429],[113.89783,22.48584],[113.89691,22.48636],[113.89778,22.48633],[113.89667,22.48655],[113.89556,22.48634],[113.89266,22.48708],[113.88878,22.49045],[113.88957,22.49026],[113.89035,22.49106],[113.88903,22.49277],[113.88855,22.4939],[113.88865,22.49471],[113.89004,22.49425],[113.89195,22.49591],[113.89163,22.4964],[113.89268,22.49608],[113.89294,22.49633],[113.8932,22.49713],[113.8929,22.49817],[113.89225,22.4983],[113.89152,22.49783],[113.89179,22.49859],[113.89427,22.49825]]]]}},{"type":"Feature","properties":{"id":"dogal-lab-26","kind":"district-label","btype":"dogal","name":"Nanshan Park"},"geometry":{"type":"Point","coordinates":[113.90065,22.49713]}},{"type":"Feature","properties":{"id":"dogal-27","kind":"district","btype":"dogal","name":"Tung Ping Chau Marine Park","lab":1},"geometry":{"type":"MultiPolygon","coordinates":[[[[114.41952,22.54462],[114.42842,22.5559],[114.44755,22.54288],[114.43863,22.53158],[114.41952,22.54462]]]]}},{"type":"Feature","properties":{"id":"dogal-lab-27","kind":"district-label","btype":"dogal","name":"Tung Ping Chau Marine Park"},"geometry":{"type":"Point","coordinates":[114.43353,22.54374]}},{"type":"Feature","properties":{"id":"dogal-28","kind":"district","btype":"dogal","name":"Kam Shan Country Park","lab":1},"geometry":{"type":"MultiPolygon","coordinates":[[[[114.14719,22.37082],[114.14553,22.37222],[114.14497,22.37423],[114.14588,22.37532],[114.14579,22.37576],[114.14673,22.37564],[114.14778,22.37645],[114.14847,22.37555],[114.14808,22.375],[114.14868,22.37434],[114.14839,22.37338],[114.14873,22.37183],[114.15202,22.3686],[114.15231,22.36698],[114.15164,22.36733],[114.15149,22.36671],[114.15398,22.36633],[114.15406,22.36589],[114.15453,22.36595],[114.15444,22.3666],[114.15549,22.36721],[114.15814,22.36364],[114.15789,22.36187],[114.15818,22.36021],[114.1599,22.35872],[114.15811,22.35636],[114.15833,22.35564],[114.15734,22.35373],[114.15696,22.35346],[114.15666,22.35387],[114.1559,22.35321],[114.15562,22.35237],[114.15505,22.35255],[114.15528,22.35198],[114.15424,22.351],[114.15361,22.34947],[114.15315,22.34914],[114.15248,22.3494],[114.15268,22.34898],[114.15106,22.34727],[114.14878,22.34907],[114.14661,22.34885],[114.14553,22.34932],[114.14534,22.3498],[114.14477,22.34962],[114.14484,22.34892],[114.1425,22.34905],[114.14206,22.34963],[114.14227,22.35119],[114.14173,22.35208],[114.14129,22.3557],[114.14158,22.35867],[114.14212,22.35948],[114.14296,22.35976],[114.14324,22.36058],[114.14459,22.36186],[114.14546,22.36224],[114.14526,22.36305],[114.14602,22.36462],[114.14471,22.36613],[114.14445,22.36722],[114.14538,22.36739],[114.14474,22.36812],[114.14532,22.36851],[114.145,22.36928],[114.14603,22.36969],[114.14719,22.37082]]]]}},{"type":"Feature","properties":{"id":"dogal-lab-28","kind":"district-label","btype":"dogal","name":"Kam Shan Country Park"},"geometry":{"type":"Point","coordinates":[114.14979,22.35932]}},{"type":"Feature","properties":{"id":"dogal-29","kind":"district","btype":"dogal","name":"Clear Water Bay Country Park","lab":1},"geometry":{"type":"MultiPolygon","coordinates":[[[[114.2817,22.26827],[114.28075,22.26816],[114.27927,22.26606],[114.27804,22.26642],[114.27736,22.26747],[114.27688,22.26957],[114.27743,22.27114],[114.2773,22.27229],[114.27618,22.2744],[114.27661,22.27566],[114.27984,22.27617],[114.28016,22.27785],[114.28339,22.28086],[114.28251,22.28471],[114.28071,22.28966],[114.28164,22.29126],[114.28183,22.29227],[114.2815,22.29265],[114.28282,22.29398],[114.28173,22.2945],[114.28125,22.29544],[114.28174,22.29647],[114.27969,22.29863],[114.27987,22.30048],[114.27939,22.30355],[114.27897,22.30397],[114.27919,22.30778],[114.27846,22.30821],[114.27823,22.30917],[114.27916,22.31126],[114.28032,22.31232],[114.28087,22.31222],[114.28081,22.31148],[114.28171,22.31167],[114.28206,22.3114],[114.28204,22.31226],[114.28288,22.31331],[114.28472,22.30949],[114.2816,22.30893],[114.28156,22.30816],[114.28265,22.30714],[114.28514,22.30745],[114.28533,22.30521],[114.28507,22.30413],[114.28304,22.30429],[114.28278,22.30398],[114.2843,22.30365],[114.28605,22.29954],[114.2857,22.29875],[114.2889,22.29519],[114.28771,22.29132],[114.28511,22.28964],[114.28687,22.28674],[114.28656,22.28568],[114.287,22.28306],[114.28675,22.28175],[114.2852,22.28176],[114.28513,22.2796],[114.28679,22.27959],[114.28715,22.27891],[114.29077,22.27766],[114.2913,22.27704],[114.29132,22.27195],[114.2906,22.27079],[114.28963,22.27142],[114.28877,22.27146],[114.28767,22.2705],[114.28414,22.27076],[114.28208,22.27168],[114.28152,22.27099],[114.28227,22.26894],[114.2817,22.26827]]]]}},{"type":"Feature","properties":{"id":"dogal-lab-29","kind":"district-label","btype":"dogal","name":"Clear Water Bay Country Park"},"geometry":{"type":"Point","coordinates":[114.2835,22.28699]}},{"type":"Feature","properties":{"id":"dogal-30","kind":"district","btype":"dogal","name":"Southwest Lantau Marine Park","lab":1},"geometry":{"type":"MultiPolygon","coordinates":[[[[113.8829,22.2192],[113.88336,22.20031],[113.85566,22.19592],[113.84763,22.1968],[113.84805,22.19739],[113.84964,22.19742],[113.8513,22.19649],[113.85227,22.19658],[113.85317,22.19764],[113.85404,22.19715],[113.8543,22.19787],[113.85395,22.19843],[113.85278,22.19898],[113.85305,22.20062],[113.85418,22.20199],[113.85724,22.20326],[113.85882,22.20355],[113.85999,22.20301],[113.86002,22.2037],[113.86177,22.20435],[113.86311,22.20428],[113.86449,22.20339],[113.86405,22.20221],[113.86428,22.20189],[113.8658,22.20272],[113.86763,22.20282],[113.86853,22.20438],[113.86852,22.20556],[113.86969,22.2064],[113.87009,22.20762],[113.87136,22.20888],[113.87128,22.2094],[113.87194,22.20947],[113.87343,22.21053],[113.87409,22.21049],[113.87374,22.21085],[113.87413,22.21118],[113.87658,22.21171],[113.87797,22.21072],[113.87944,22.21087],[113.87967,22.21154],[113.87867,22.21238],[113.87814,22.21442],[113.88034,22.21554],[113.88159,22.21737],[113.88181,22.21842],[113.8829,22.2192]]]]}},{"type":"Feature","properties":{"id":"dogal-lab-30","kind":"district-label","btype":"dogal","name":"Southwest Lantau Marine Park"},"geometry":{"type":"Point","coordinates":[113.87105,22.20384]}},{"type":"Feature","properties":{"id":"dogal-31","kind":"district","btype":"dogal","name":"Tai Tam Country Park (Quarry Bay Extension)","lab":1},"geometry":{"type":"MultiPolygon","coordinates":[[[[114.20466,22.28455],[114.20464,22.28563],[114.20621,22.28533],[114.20654,22.28594],[114.20745,22.28567],[114.20794,22.28499],[114.20773,22.28453],[114.20822,22.28424],[114.20765,22.28395],[114.20897,22.28359],[114.21087,22.28379],[114.21027,22.28201],[114.21041,22.28084],[114.2099,22.28038],[114.21017,22.27953],[114.21296,22.27904],[114.21647,22.28034],[114.2167,22.27829],[114.21755,22.27694],[114.21975,22.27688],[114.22018,22.27577],[114.2207,22.27557],[114.22064,22.27454],[114.22285,22.27489],[114.22365,22.27394],[114.22411,22.27416],[114.22833,22.27346],[114.22838,22.27293],[114.22908,22.27266],[114.22967,22.27165],[114.22904,22.271],[114.2305,22.26972],[114.23043,22.26662],[114.22744,22.26459],[114.22444,22.26478],[114.22407,22.2642],[114.21976,22.26735],[114.21632,22.2714],[114.21549,22.27189],[114.21491,22.27188],[114.21419,22.26986],[114.21299,22.27007],[114.21275,22.271],[114.21202,22.27095],[114.21222,22.27182],[114.21268,22.27203],[114.21223,22.2732],[114.21098,22.27267],[114.21026,22.27118],[114.21083,22.27079],[114.20995,22.26868],[114.20762,22.26895],[114.20681,22.27092],[114.20692,22.27249],[114.20591,22.27439],[114.20619,22.27668],[114.20564,22.27725],[114.20739,22.2781],[114.20602,22.28],[114.20527,22.28035],[114.20523,22.28097],[114.20367,22.28151],[114.20302,22.28227],[114.2037,22.2842],[114.20466,22.28455]]]]}},{"type":"Feature","properties":{"id":"dogal-lab-31","kind":"district-label","btype":"dogal","name":"Tai Tam Country Park (Quarry Bay Extension)"},"geometry":{"type":"Point","coordinates":[114.21653,22.27377]}},{"type":"Feature","properties":{"id":"dogal-32","kind":"district","btype":"dogal","name":"Hoi Ha Wan Marine Park","lab":1},"geometry":{"type":"MultiPolygon","coordinates":[[[[114.32138,22.48067],[114.33394,22.48075],[114.34114,22.47892],[114.34004,22.47751],[114.3393,22.47546],[114.33758,22.47477],[114.33757,22.47425],[114.33839,22.47388],[114.33921,22.4727],[114.33949,22.47168],[114.33807,22.46715],[114.33607,22.46642],[114.33695,22.46309],[114.33612,22.46248],[114.33514,22.46338],[114.33468,22.46323],[114.33482,22.4627],[114.33321,22.46212],[114.33289,22.46342],[114.33174,22.46397],[114.33095,22.4636],[114.32968,22.46143],[114.32871,22.46131],[114.32711,22.46225],[114.32692,22.46294],[114.32742,22.46454],[114.32805,22.46584],[114.32871,22.46632],[114.32858,22.46806],[114.32908,22.46833],[114.32901,22.47006],[114.32969,22.47085],[114.33193,22.47],[114.3311,22.47132],[114.33138,22.47311],[114.33002,22.47418],[114.32816,22.47222],[114.32822,22.47132],[114.32558,22.4714],[114.32473,22.47181],[114.32355,22.47349],[114.32329,22.47339],[114.32298,22.47425],[114.32378,22.47681],[114.3223,22.47936],[114.32224,22.48027],[114.32138,22.48067]]]]}},{"type":"Feature","properties":{"id":"dogal-lab-32","kind":"district-label","btype":"dogal","name":"Hoi Ha Wan Marine Park"},"geometry":{"type":"Point","coordinates":[114.33186,22.47289]}},{"type":"Feature","properties":{"id":"dogal-33","kind":"district","btype":"dogal","name":"Plover Cove Country Park (Extension)","lab":1},"geometry":{"type":"MultiPolygon","coordinates":[[[[114.30064,22.50545],[114.29909,22.5043],[114.29798,22.50472],[114.29797,22.50508],[114.29722,22.50544],[114.29824,22.50691],[114.29644,22.50634],[114.29569,22.50715],[114.29703,22.50743],[114.29721,22.50774],[114.29661,22.5085],[114.29773,22.50836],[114.29788,22.50944],[114.29661,22.51075],[114.29503,22.51099],[114.2951,22.51193],[114.29457,22.51237],[114.29451,22.51345],[114.29532,22.51321],[114.29537,22.51235],[114.29631,22.51211],[114.2972,22.51318],[114.29791,22.5132],[114.29822,22.51222],[114.29966,22.51148],[114.29994,22.51154],[114.2996,22.51237],[114.30003,22.51343],[114.30085,22.51306],[114.3016,22.51351],[114.30189,22.51319],[114.30116,22.51225],[114.30196,22.51208],[114.30247,22.51271],[114.30275,22.51049],[114.30357,22.51058],[114.30405,22.51011],[114.30468,22.51085],[114.30578,22.51093],[114.30381,22.51221],[114.3045,22.51301],[114.30406,22.51363],[114.30582,22.51215],[114.30623,22.51227],[114.30602,22.513],[114.3069,22.51315],[114.30745,22.51372],[114.30593,22.51356],[114.30563,22.51395],[114.30589,22.51453],[114.30728,22.51436],[114.3079,22.51471],[114.3079,22.51637],[114.30942,22.51668],[114.30918,22.51753],[114.31019,22.51906],[114.30908,22.52123],[114.30949,22.52322],[114.31027,22.52407],[114.30861,22.52457],[114.3083,22.52516],[114.30914,22.52626],[114.3104,22.52608],[114.31134,22.52495],[114.312,22.52507],[114.31256,22.52456],[114.31422,22.52426],[114.31562,22.5231],[114.31639,22.52145],[114.31767,22.52023],[114.31659,22.51987],[114.31684,22.5188],[114.31749,22.51839],[114.31901,22.51899],[114.31965,22.51817],[114.32039,22.51791],[114.32058,22.5173],[114.32148,22.51694],[114.3214,22.5163],[114.319,22.51544],[114.31848,22.51388],[114.31662,22.51197],[114.31173,22.51056],[114.31077,22.50811],[114.30899,22.50815],[114.30687,22.50958],[114.3058,22.50978],[114.30458,22.50916],[114.30435,22.50856],[114.30484,22.50778],[114.30382,22.50732],[114.30331,22.50601],[114.30064,22.50545]]]]}},{"type":"Feature","properties":{"id":"dogal-lab-33","kind":"district-label","btype":"dogal","name":"Plover Cove Country Park (Extension)"},"geometry":{"type":"Point","coordinates":[114.30915,22.51445]}},{"type":"Feature","properties":{"id":"dogal-34","kind":"district","btype":"dogal","name":"Pok Fu Lam Country Park","lab":1},"geometry":{"type":"MultiPolygon","coordinates":[[[[114.15374,22.25623],[114.15226,22.2548],[114.14976,22.25414],[114.1464,22.2525],[114.1461,22.25267],[114.14529,22.25474],[114.14605,22.25478],[114.1462,22.25606],[114.14683,22.2563],[114.14649,22.25731],[114.14474,22.25917],[114.14412,22.25909],[114.14328,22.25985],[114.14243,22.25984],[114.1426,22.2609],[114.14144,22.26109],[114.14073,22.26076],[114.14066,22.26359],[114.13992,22.26356],[114.13973,22.26392],[114.14011,22.26485],[114.14158,22.26501],[114.14154,22.26539],[114.14256,22.26583],[114.14272,22.26634],[114.14168,22.26604],[114.14037,22.26653],[114.13999,22.26647],[114.1412,22.26614],[114.13992,22.26601],[114.13968,22.26354],[114.1391,22.26351],[114.13808,22.2643],[114.13762,22.26389],[114.13606,22.26477],[114.13554,22.26638],[114.13384,22.26858],[114.13308,22.27037],[114.13327,22.27349],[114.13836,22.27339],[114.13919,22.27252],[114.13906,22.27112],[114.13931,22.27103],[114.13969,22.27137],[114.13921,22.27194],[114.13924,22.27299],[114.14387,22.27149],[114.14551,22.27181],[114.14889,22.27124],[114.14878,22.27066],[114.14933,22.27048],[114.14963,22.26973],[114.15122,22.26897],[114.15139,22.26835],[114.15096,22.2671],[114.15181,22.26682],[114.15124,22.26606],[114.1495,22.2653],[114.14867,22.26382],[114.14642,22.26386],[114.14622,22.26273],[114.14679,22.26086],[114.14732,22.26061],[114.14697,22.2598],[114.14906,22.25674],[114.14919,22.25732],[114.15049,22.25825],[114.15074,22.26003],[114.15129,22.25933],[114.15344,22.25819],[114.15365,22.2576],[114.15264,22.25695],[114.1535,22.25671],[114.15374,22.25623]]]]}},{"type":"Feature","properties":{"id":"dogal-lab-34","kind":"district-label","btype":"dogal","name":"Pok Fu Lam Country Park"},"geometry":{"type":"Point","coordinates":[114.14347,22.26534]}},{"type":"Feature","properties":{"id":"dogal-35","kind":"district","btype":"dogal","name":"Lianhuashan Park","lab":1},"geometry":{"type":"MultiPolygon","coordinates":[[[[114.04577,22.55175],[114.04578,22.55105],[114.05096,22.55152],[114.06188,22.55168],[114.06232,22.55212],[114.06204,22.55769],[114.05781,22.56211],[114.05122,22.56224],[114.04426,22.55677],[114.0445,22.55108],[114.04568,22.55103],[114.04478,22.55117],[114.04475,22.55224],[114.04545,22.55222],[114.04546,22.55175],[114.04577,22.55175]]]]}},{"type":"Feature","properties":{"id":"dogal-lab-35","kind":"district-label","btype":"dogal","name":"Lianhuashan Park"},"geometry":{"type":"Point","coordinates":[114.05348,22.55621]}},{"type":"Feature","properties":{"id":"dogal-36","kind":"district","btype":"dogal","name":"Dasha River Ecological Corridor","lab":1},"geometry":{"type":"MultiPolygon","coordinates":[[[[113.95956,22.54401],[113.95944,22.54368],[113.95534,22.54377],[113.95522,22.54182],[113.95122,22.53429],[113.95067,22.52438],[113.95116,22.52399],[113.95115,22.52319],[113.94955,22.52331],[113.95044,22.53483],[113.9543,22.54169],[113.9546,22.54574],[113.95526,22.54806],[113.95515,22.54912],[113.95385,22.55177],[113.95323,22.55501],[113.95302,22.5667],[113.95225,22.56745],[113.95012,22.57218],[113.9497,22.57929],[113.95386,22.58341],[113.95407,22.58403],[113.95354,22.58409],[113.95377,22.58581],[113.95447,22.58573],[113.95469,22.58686],[113.95403,22.58704],[113.95502,22.58884],[113.95577,22.58923],[113.95552,22.59049],[113.9565,22.59075],[113.95761,22.59238],[113.95874,22.5931],[113.96643,22.59325],[113.96726,22.59404],[113.96806,22.59401],[113.96849,22.59463],[113.96987,22.59484],[113.96998,22.59446],[113.97222,22.59435],[113.97462,22.5936],[113.981,22.59371],[113.98192,22.59402],[113.98407,22.59597],[113.98654,22.59632],[113.98682,22.59534],[113.9847,22.59575],[113.98499,22.59541],[113.98184,22.59348],[113.98009,22.59307],[113.97435,22.59298],[113.97025,22.59399],[113.96604,22.59241],[113.95921,22.59256],[113.95799,22.59181],[113.95661,22.5895],[113.95598,22.58674],[113.95449,22.58347],[113.95486,22.58335],[113.95071,22.57935],[113.95033,22.57818],[113.95052,22.57488],[113.95106,22.57454],[113.95187,22.57179],[113.95121,22.57165],[113.95146,22.57117],[113.95235,22.57094],[113.95453,22.56643],[113.95437,22.56535],[113.95392,22.56533],[113.9541,22.56283],[113.95813,22.56236],[113.9585,22.56168],[113.95924,22.5615],[113.95925,22.55763],[113.95851,22.55762],[113.95839,22.55714],[113.95719,22.55724],[113.95706,22.55688],[113.95512,22.5568],[113.95382,22.55736],[113.95387,22.55582],[113.95475,22.55493],[113.95439,22.55451],[113.95612,22.55236],[113.9566,22.55097],[113.95666,22.54965],[113.95537,22.54425],[113.95956,22.54401]]]]}},{"type":"Feature","properties":{"id":"dogal-lab-36","kind":"district-label","btype":"dogal","name":"Dasha River Ecological Corridor"},"geometry":{"type":"Point","coordinates":[113.95706,22.5643]}},{"type":"Feature","properties":{"id":"dogal-37","kind":"district","btype":"dogal","name":"Bijiashan Park","lab":1},"geometry":{"type":"MultiPolygon","coordinates":[[[[114.07191,22.55966],[114.07066,22.55825],[114.07398,22.5586],[114.07387,22.56077],[114.07462,22.5612],[114.07467,22.56056],[114.0756,22.56057],[114.07558,22.56291],[114.07921,22.56277],[114.08295,22.56508],[114.08457,22.56637],[114.08499,22.56895],[114.08202,22.57114],[114.07986,22.57218],[114.0768,22.57195],[114.07394,22.57033],[114.07437,22.56954],[114.07164,22.56789],[114.07236,22.56593],[114.06959,22.56502],[114.07012,22.56173],[114.07191,22.55966]]]]}},{"type":"Feature","properties":{"id":"dogal-lab-37","kind":"district-label","btype":"dogal","name":"Bijiashan Park"},"geometry":{"type":"Point","coordinates":[114.07695,22.56617]}},{"type":"Feature","properties":{"id":"dogal-38","kind":"district","btype":"dogal","name":"小南山公园","lab":1},"geometry":{"type":"MultiPolygon","coordinates":[[[[113.87424,22.48555],[113.87433,22.48688],[113.87294,22.49309],[113.87872,22.4951],[113.87948,22.49382],[113.87934,22.49336],[113.88035,22.49264],[113.88124,22.49299],[113.88076,22.49347],[113.88192,22.49312],[113.8816,22.49249],[113.88279,22.4908],[113.88394,22.49018],[113.88521,22.49081],[113.88654,22.49058],[113.88719,22.48976],[113.88816,22.48978],[113.88838,22.48855],[113.88784,22.48919],[113.88606,22.48962],[113.88575,22.48735],[113.88619,22.48618],[113.88477,22.48556],[113.88543,22.48466],[113.88479,22.48478],[113.88414,22.48551],[113.8833,22.4853],[113.88226,22.48608],[113.88032,22.48571],[113.88028,22.48538],[113.87678,22.48597],[113.8776,22.48526],[113.87931,22.48501],[113.87918,22.48462],[113.8806,22.48297],[113.88041,22.48255],[113.87794,22.48219],[113.87698,22.48071],[113.87522,22.4812],[113.87424,22.48555]]]]}},{"type":"Feature","properties":{"id":"dogal-lab-38","kind":"district-label","btype":"dogal","name":"小南山公园"},"geometry":{"type":"Point","coordinates":[113.87892,22.48842]}},{"type":"Feature","properties":{"id":"dogal-39","kind":"district","btype":"dogal","name":"Sai Kung West Country Park (Wan Tsai Extension)","lab":1},"geometry":{"type":"MultiPolygon","coordinates":[[[[114.34378,22.46062],[114.3431,22.46122],[114.3417,22.46143],[114.34144,22.46218],[114.34052,22.46229],[114.33953,22.46302],[114.33845,22.46295],[114.3378,22.46246],[114.33695,22.46309],[114.3361,22.46621],[114.33614,22.46657],[114.33807,22.46715],[114.33944,22.47116],[114.33921,22.4727],[114.33839,22.47388],[114.33757,22.47425],[114.33758,22.47477],[114.3393,22.47546],[114.34004,22.47751],[114.34114,22.47892],[114.34181,22.47889],[114.34245,22.47825],[114.34304,22.47533],[114.34448,22.47214],[114.34384,22.47103],[114.34394,22.47003],[114.34445,22.46866],[114.34539,22.46801],[114.34613,22.4653],[114.34694,22.4646],[114.34733,22.46324],[114.34653,22.4614],[114.34566,22.46146],[114.34493,22.46068],[114.34378,22.46062]]]]}},{"type":"Feature","properties":{"id":"dogal-lab-39","kind":"district-label","btype":"dogal","name":"Sai Kung West Country Park (Wan Tsai Extension)"},"geometry":{"type":"Point","coordinates":[114.34171,22.46826]}},{"type":"Feature","properties":{"id":"dogal-40","kind":"district","btype":"dogal","name":"深灣限制地區 Sham Wan Restricted Area","lab":1},"geometry":{"type":"MultiPolygon","coordinates":[[[[114.13714,22.17774],[114.13763,22.17848],[114.1374,22.17926],[114.13782,22.18072],[114.13721,22.18286],[114.13562,22.18624],[114.13415,22.18712],[114.1345,22.19067],[114.13596,22.19191],[114.1373,22.19148],[114.13716,22.18963],[114.13807,22.18918],[114.13823,22.18845],[114.1404,22.18769],[114.14315,22.18541],[114.14348,22.18425],[114.14427,22.18368],[114.14621,22.18355],[114.14799,22.1828],[114.14795,22.18139],[114.149,22.18118],[114.13714,22.17774]]]]}},{"type":"Feature","properties":{"id":"dogal-lab-40","kind":"district-label","btype":"dogal","name":"深灣限制地區 Sham Wan Restricted Area"},"geometry":{"type":"Point","coordinates":[114.14019,22.184]}},{"type":"Feature","properties":{"id":"dogal-41","kind":"district","btype":"dogal","name":"Donghu Park","lab":1},"geometry":{"type":"MultiPolygon","coordinates":[[[[114.14207,22.57484],[114.14269,22.57481],[114.14262,22.57374],[114.14331,22.57464],[114.1437,22.57425],[114.14367,22.5699],[114.14572,22.56841],[114.14631,22.56628],[114.14293,22.55655],[114.14209,22.55634],[114.14219,22.55687],[114.14119,22.55694],[114.14113,22.5566],[114.14051,22.55712],[114.14042,22.5579],[114.14106,22.56042],[114.14161,22.56116],[114.14123,22.56123],[114.14174,22.56393],[114.14088,22.56613],[114.14207,22.5666],[114.14224,22.56768],[114.13969,22.56751],[114.13873,22.568],[114.13828,22.56878],[114.13951,22.56965],[114.13936,22.57066],[114.13864,22.5709],[114.13837,22.57157],[114.13881,22.57384],[114.1403,22.57408],[114.14073,22.57347],[114.1412,22.57345],[114.14141,22.57517],[114.14044,22.57652],[114.14128,22.57676],[114.14137,22.57631],[114.14176,22.57627],[114.14207,22.57484]]]]}},{"type":"Feature","properties":{"id":"dogal-lab-41","kind":"district-label","btype":"dogal","name":"Donghu Park"},"geometry":{"type":"Point","coordinates":[114.14238,22.56668]}},{"type":"Feature","properties":{"id":"dogal-42","kind":"district","btype":"dogal","name":"Kiu Tsui Country Park","lab":1},"geometry":{"type":"MultiPolygon","coordinates":[[[[114.28959,22.36891],[114.29038,22.37062],[114.29081,22.37121],[114.29121,22.371],[114.29182,22.37207],[114.29135,22.37274],[114.29188,22.37435],[114.29261,22.37449],[114.29387,22.37562],[114.29502,22.37535],[114.2947,22.37372],[114.29295,22.37336],[114.29335,22.37274],[114.29287,22.37242],[114.2943,22.3711],[114.29384,22.36991],[114.29484,22.36815],[114.29591,22.36777],[114.29551,22.3673],[114.29569,22.36669],[114.29765,22.36589],[114.29775,22.36467],[114.29763,22.36415],[114.29629,22.36356],[114.29636,22.36309],[114.29589,22.36278],[114.29637,22.36174],[114.29658,22.3591],[114.29545,22.35917],[114.2953,22.35702],[114.29421,22.35771],[114.29284,22.35754],[114.29324,22.35896],[114.29255,22.36012],[114.29236,22.36295],[114.28904,22.36565],[114.28938,22.3659],[114.28909,22.36686],[114.28982,22.36872],[114.28959,22.36891]]]]}},{"type":"Feature","properties":{"id":"dogal-lab-42","kind":"district-label","btype":"dogal","name":"Kiu Tsui Country Park"},"geometry":{"type":"Point","coordinates":[114.29336,22.36594]}},{"type":"Feature","properties":{"id":"dogal-43","kind":"district","btype":"dogal","name":"Ung Kong Group Special Area","lab":1},"geometry":{"type":"MultiPolygon","coordinates":[[[[114.37085,22.31095],[114.36929,22.31108],[114.36955,22.31056],[114.36853,22.31098],[114.36851,22.31042],[114.36801,22.31055],[114.36791,22.30994],[114.36735,22.30999],[114.36757,22.30883],[114.36665,22.30867],[114.36766,22.30791],[114.36752,22.30678],[114.36526,22.30771],[114.36488,22.30832],[114.36563,22.30854],[114.36515,22.30897],[114.36556,22.30929],[114.3653,22.30967],[114.36562,22.31026],[114.36526,22.31018],[114.36549,22.31049],[114.36509,22.31064],[114.36557,22.31106],[114.36478,22.31108],[114.36542,22.31196],[114.36437,22.31179],[114.3635,22.31215],[114.36221,22.31349],[114.36188,22.31436],[114.36248,22.31462],[114.36092,22.31596],[114.36094,22.31654],[114.36149,22.31658],[114.36079,22.31871],[114.36111,22.31858],[114.36111,22.31995],[114.36193,22.31994],[114.36234,22.3207],[114.36289,22.32047],[114.36309,22.32082],[114.36393,22.32061],[114.36539,22.32116],[114.36639,22.32102],[114.36592,22.32079],[114.36636,22.32043],[114.36565,22.32072],[114.36528,22.32014],[114.36815,22.31823],[114.36841,22.31632],[114.36872,22.31637],[114.36948,22.31511],[114.36918,22.31464],[114.3684,22.31458],[114.36844,22.31353],[114.36933,22.31281],[114.36988,22.31199],[114.36973,22.31161],[114.37085,22.31095]]]]}},{"type":"Feature","properties":{"id":"dogal-lab-43","kind":"district-label","btype":"dogal","name":"Ung Kong Group Special Area"},"geometry":{"type":"Point","coordinates":[114.36539,22.31495]}},{"type":"Feature","properties":{"id":"dogal-44","kind":"district","btype":"dogal","name":"Shenzhen Talent Park","lab":1},"geometry":{"type":"MultiPolygon","coordinates":[[[[113.9392,22.50832],[113.93904,22.5129],[113.94013,22.513],[113.94092,22.51362],[113.94172,22.5162],[113.94289,22.51718],[113.94345,22.519],[113.94809,22.51815],[113.9476,22.51435],[113.94603,22.50836],[113.9392,22.50832]]]]}},{"type":"Feature","properties":{"id":"dogal-lab-44","kind":"district-label","btype":"dogal","name":"Shenzhen Talent Park"},"geometry":{"type":"Point","coordinates":[113.94376,22.51311]}},{"type":"Feature","properties":{"id":"dogal-45","kind":"district","btype":"dogal","name":"Shenzhen International Garden & Flower Expo Park","lab":1},"geometry":{"type":"MultiPolygon","coordinates":[[[[113.99297,22.53576],[113.99617,22.53523],[113.99616,22.53692],[113.99544,22.53678],[113.9953,22.53742],[113.99637,22.53763],[113.99669,22.53703],[113.99628,22.53695],[113.99631,22.53525],[113.99944,22.53571],[113.99895,22.54002],[114.00739,22.54155],[114.00513,22.5431],[114.00182,22.54456],[113.99729,22.54564],[113.99661,22.5454],[113.99764,22.5434],[113.99676,22.54302],[113.99677,22.54178],[113.99513,22.54161],[113.99514,22.54101],[113.99658,22.54045],[113.99686,22.53959],[113.9957,22.53957],[113.99571,22.53864],[113.99286,22.53858],[113.99256,22.53824],[113.99297,22.53576]]]]}},{"type":"Feature","properties":{"id":"dogal-lab-45","kind":"district-label","btype":"dogal","name":"Shenzhen International Garden & Flower Expo Park"},"geometry":{"type":"Point","coordinates":[113.99891,22.54053]}},{"type":"Feature","properties":{"id":"dogal-46","kind":"district","btype":"dogal","name":"Honghu Park","lab":1},"geometry":{"type":"MultiPolygon","coordinates":[[[[114.11434,22.57632],[114.11554,22.57624],[114.11763,22.57421],[114.11748,22.57028],[114.1167,22.56925],[114.11551,22.56497],[114.11397,22.56387],[114.11498,22.55911],[114.1124,22.559],[114.11183,22.56134],[114.11297,22.56957],[114.11363,22.57052],[114.11434,22.57632]]]]}},{"type":"Feature","properties":{"id":"dogal-lab-46","kind":"district-label","btype":"dogal","name":"Honghu Park"},"geometry":{"type":"Point","coordinates":[114.11461,22.56806]}},{"type":"Feature","properties":{"id":"dogal-47","kind":"district","btype":"dogal","name":"Splendid China Folk Village","lab":1},"geometry":{"type":"MultiPolygon","coordinates":[[[[113.98158,22.53534],[113.97972,22.53412],[113.97789,22.53518],[113.97752,22.53579],[113.97632,22.5356],[113.9766,22.53424],[113.97798,22.53371],[113.97779,22.5328],[113.97746,22.5328],[113.97815,22.53177],[113.98188,22.53141],[113.98465,22.53314],[113.98664,22.53104],[113.98811,22.53066],[113.98923,22.53345],[113.99043,22.53331],[113.99086,22.53456],[113.99026,22.53479],[113.99041,22.53523],[113.98746,22.53588],[113.98178,22.53601],[113.98158,22.53534]]]]}},{"type":"Feature","properties":{"id":"dogal-lab-47","kind":"district-label","btype":"dogal","name":"Splendid China Folk Village"},"geometry":{"type":"Point","coordinates":[113.98392,22.53374]}},{"type":"Feature","properties":{"id":"dogal-48","kind":"district","btype":"dogal","name":"Hong Kong Wetland Park","lab":1},"geometry":{"type":"MultiPolygon","coordinates":[[[[114.00827,22.465],[114.00769,22.465],[114.00794,22.46605],[114.00696,22.46799],[114.00485,22.46786],[114.00402,22.46743],[114.0034,22.46831],[114.00434,22.46895],[114.00434,22.47007],[114.00498,22.47115],[114.0047,22.47189],[114.00368,22.47231],[114.00057,22.47249],[114.00219,22.47297],[114.00631,22.47238],[114.00905,22.47286],[114.01153,22.46925],[114.01133,22.46825],[114.0119,22.46824],[114.01342,22.46643],[114.0105,22.46539],[114.00841,22.46384],[114.00798,22.46469],[114.00827,22.465]]]]}},{"type":"Feature","properties":{"id":"dogal-lab-48","kind":"district-label","btype":"dogal","name":"Hong Kong Wetland Park"},"geometry":{"type":"Point","coordinates":[114.00813,22.46898]}},{"type":"Feature","properties":{"id":"dogal-49","kind":"district","btype":"dogal","name":"Zhongshan Park","lab":1},"geometry":{"type":"MultiPolygon","coordinates":[[[[113.91124,22.54705],[113.91093,22.54766],[113.91037,22.54756],[113.90969,22.54907],[113.91015,22.54928],[113.90952,22.54969],[113.91047,22.55177],[113.91537,22.55466],[113.91805,22.55499],[113.91822,22.55199],[113.91751,22.55198],[113.91753,22.55046],[113.9164,22.5507],[113.9161,22.55002],[113.91676,22.54981],[113.91746,22.54874],[113.91548,22.54852],[113.9155,22.54765],[113.91459,22.54764],[113.91453,22.54686],[113.91364,22.54686],[113.91357,22.54764],[113.91124,22.54705]]]]}},{"type":"Feature","properties":{"id":"dogal-lab-49","kind":"district-label","btype":"dogal","name":"Zhongshan Park"},"geometry":{"type":"Point","coordinates":[113.91405,22.55084]}},{"type":"Feature","properties":{"id":"dogal-50","kind":"district","btype":"dogal","name":"Ma Shi Chau Special Area","lab":1},"geometry":{"type":"MultiPolygon","coordinates":[[[[114.22488,22.44895],[114.22633,22.45078],[114.226,22.45105],[114.22391,22.44999],[114.22287,22.45024],[114.2268,22.45263],[114.22753,22.45563],[114.22944,22.45753],[114.23207,22.45878],[114.23448,22.45752],[114.23461,22.45709],[114.23372,22.4561],[114.23348,22.45477],[114.23253,22.45355],[114.23134,22.45287],[114.2302,22.45131],[114.22932,22.4507],[114.22735,22.45042],[114.22607,22.44919],[114.22488,22.44895]]]]}},{"type":"Feature","properties":{"id":"dogal-lab-50","kind":"district-label","btype":"dogal","name":"Ma Shi Chau Special Area"},"geometry":{"type":"Point","coordinates":[114.22967,22.45419]}},{"type":"Feature","properties":{"id":"dogal-51","kind":"district","btype":"dogal","name":"Lung Fu Shan Country Park","lab":1},"geometry":{"type":"MultiPolygon","coordinates":[[[[114.13371,22.28207],[114.13645,22.28192],[114.13703,22.2806],[114.13687,22.27963],[114.13655,22.27914],[114.13568,22.27941],[114.1356,22.2791],[114.1367,22.27839],[114.13688,22.27663],[114.13724,22.27662],[114.13809,22.27527],[114.13863,22.27537],[114.1379,22.2749],[114.13875,22.2732],[114.13322,22.27354],[114.13298,22.27242],[114.13199,22.27347],[114.13201,22.27466],[114.1312,22.27648],[114.13225,22.27617],[114.13231,22.27676],[114.1329,22.2772],[114.13261,22.2781],[114.13297,22.27844],[114.13244,22.2787],[114.13246,22.27931],[114.13272,22.28029],[114.13374,22.28113],[114.13371,22.28207]]]]}},{"type":"Feature","properties":{"id":"dogal-lab-51","kind":"district-label","btype":"dogal","name":"Lung Fu Shan Country Park"},"geometry":{"type":"Point","coordinates":[114.13485,22.27703]}},{"type":"Feature","properties":{"id":"dogal-52","kind":"district","btype":"dogal","name":"Hong Kong Global Geopark Northeast (New Territories Sedimentary Rock Region)","lab":1},"geometry":{"type":"MultiPolygon","coordinates":[[[[114.35794,22.49584],[114.35712,22.49764],[114.35503,22.50038],[114.35702,22.50131],[114.35684,22.50369],[114.35975,22.5048],[114.36119,22.50459],[114.36204,22.50351],[114.36252,22.50428],[114.36324,22.50395],[114.36457,22.50419],[114.3644,22.50365],[114.36277,22.50274],[114.36268,22.50172],[114.36205,22.50156],[114.36203,22.50061],[114.36177,22.5009],[114.36133,22.50047],[114.36077,22.49866],[114.3609,22.49742],[114.36026,22.49724],[114.36011,22.49613],[114.35893,22.49688],[114.35835,22.49664],[114.35794,22.49584]]]]}},{"type":"Feature","properties":{"id":"dogal-lab-52","kind":"district-label","btype":"dogal","name":"Hong Kong Global Geopark Northeast (New Territories Sedimentary Rock Region)"},"geometry":{"type":"Point","coordinates":[114.35931,22.5009]}},{"type":"Feature","properties":{"id":"dogal-53","kind":"district","btype":"dogal","name":"Window of the World","lab":1},"geometry":{"type":"MultiPolygon","coordinates":[[[[113.9649,22.54058],[113.96498,22.54101],[113.9632,22.54152],[113.96305,22.54121],[113.96294,22.54001],[113.96383,22.53897],[113.96464,22.53668],[113.96653,22.53573],[113.96671,22.53504],[113.96806,22.53489],[113.96806,22.53441],[113.96974,22.53438],[113.9706,22.53356],[113.97145,22.53387],[113.97306,22.53781],[113.9649,22.54058]]]]}},{"type":"Feature","properties":{"id":"dogal-lab-53","kind":"district-label","btype":"dogal","name":"Window of the World"},"geometry":{"type":"Point","coordinates":[113.96802,22.53742]}},{"type":"Feature","properties":{"id":"dogal-54","kind":"district","btype":"dogal","name":"Guiwan Park","lab":1},"geometry":{"type":"MultiPolygon","coordinates":[[[[113.88951,22.52932],[113.89178,22.52731],[113.89256,22.52735],[113.89249,22.5267],[113.89522,22.52451],[113.89578,22.52517],[113.89618,22.5251],[113.89608,22.52445],[113.89911,22.5236],[113.89883,22.52259],[113.89966,22.52255],[113.90039,22.52197],[113.90068,22.52224],[113.90084,22.52521],[113.89904,22.52552],[113.89643,22.52671],[113.89581,22.52649],[113.8956,22.52716],[113.8931,22.52902],[113.89248,22.5289],[113.89246,22.52946],[113.8896,22.5312],[113.88965,22.5315],[113.88595,22.53425],[113.8851,22.53148],[113.88572,22.5317],[113.8867,22.53132],[113.88813,22.52994],[113.88951,22.52932]]]]}},{"type":"Feature","properties":{"id":"dogal-lab-54","kind":"district-label","btype":"dogal","name":"Guiwan Park"},"geometry":{"type":"Point","coordinates":[113.89321,22.52785]}},{"type":"Feature","properties":{"id":"dogal-55","kind":"district","btype":"dogal","name":"Xiangmi Park","lab":1},"geometry":{"type":"MultiPolygon","coordinates":[[[[114.01548,22.54804],[114.01604,22.54834],[114.01653,22.54813],[114.0157,22.54764],[114.01767,22.5445],[114.01984,22.54484],[114.01942,22.54578],[114.02109,22.5465],[114.01556,22.55493],[114.01279,22.55512],[114.01282,22.55409],[114.01472,22.55243],[114.01396,22.5503],[114.01548,22.54804]]]]}},{"type":"Feature","properties":{"id":"dogal-lab-55","kind":"district-label","btype":"dogal","name":"Xiangmi Park"},"geometry":{"type":"Point","coordinates":[114.01685,22.54967]}},{"type":"Feature","properties":{"id":"dogal-56","kind":"district","btype":"dogal","name":"Cuizhu Park","lab":1},"geometry":{"type":"MultiPolygon","coordinates":[[[[114.12628,22.56789],[114.12692,22.56892],[114.12971,22.56965],[114.12875,22.57139],[114.12954,22.57164],[114.12964,22.5707],[114.13064,22.57081],[114.13104,22.57126],[114.13145,22.57006],[114.13235,22.56999],[114.13234,22.56935],[114.13211,22.569],[114.13077,22.56914],[114.13076,22.56836],[114.13185,22.56835],[114.13237,22.56792],[114.13094,22.56616],[114.13323,22.56435],[114.13131,22.56335],[114.13075,22.5638],[114.12852,22.563],[114.12737,22.56335],[114.12572,22.5632],[114.12585,22.56444],[114.12624,22.56427],[114.1264,22.56468],[114.12608,22.56508],[114.12632,22.56565],[114.12546,22.56605],[114.12555,22.56646],[114.1264,22.56646],[114.12628,22.56789]]]]}},{"type":"Feature","properties":{"id":"dogal-lab-56","kind":"district-label","btype":"dogal","name":"Cuizhu Park"},"geometry":{"type":"Point","coordinates":[114.1292,22.56657]}},{"type":"Feature","properties":{"id":"dogal-57","kind":"district","btype":"dogal","name":"Futian Mangrove Ecological Park","lab":1},"geometry":{"type":"MultiPolygon","coordinates":[[[[114.03216,22.51052],[114.03217,22.51126],[114.03353,22.51323],[114.03254,22.51384],[114.03418,22.51652],[114.03782,22.51432],[114.03782,22.51334],[114.03535,22.50958],[114.03415,22.50852],[114.0334,22.50906],[114.03391,22.50808],[114.03356,22.5071],[114.03081,22.5074],[114.0326,22.51036],[114.03216,22.51052]]]]}},{"type":"Feature","properties":{"id":"dogal-lab-57","kind":"district-label","btype":"dogal","name":"Futian Mangrove Ecological Park"},"geometry":{"type":"Point","coordinates":[114.03444,22.51188]}},{"type":"Feature","properties":{"id":"dogal-58","kind":"district","btype":"dogal","name":"Long Valley Nature Park","lab":1},"geometry":{"type":"MultiPolygon","coordinates":[[[[114.11251,22.50492],[114.11025,22.50435],[114.10983,22.50503],[114.10925,22.50473],[114.10853,22.50559],[114.10951,22.50615],[114.11057,22.50935],[114.11154,22.5106],[114.11515,22.5123],[114.11729,22.50841],[114.11346,22.50737],[114.1132,22.50763],[114.11321,22.50633],[114.11251,22.50492]]]]}},{"type":"Feature","properties":{"id":"dogal-lab-58","kind":"district-label","btype":"dogal","name":"Long Valley Nature Park"},"geometry":{"type":"Point","coordinates":[114.11284,22.50833]}},{"type":"Feature","properties":{"id":"dogal-59","kind":"district","btype":"dogal","name":"Dashahe Park","lab":1},"geometry":{"type":"MultiPolygon","coordinates":[[[[113.95388,22.55738],[113.9541,22.56283],[113.95813,22.56236],[113.9585,22.56168],[113.95924,22.5615],[113.95925,22.55763],[113.95851,22.55762],[113.95839,22.55714],[113.95719,22.55724],[113.95706,22.55688],[113.95512,22.5568],[113.95388,22.55738]]]]}},{"type":"Feature","properties":{"id":"dogal-lab-59","kind":"district-label","btype":"dogal","name":"Dashahe Park"},"geometry":{"type":"Point","coordinates":[113.95647,22.55974]}},{"type":"Feature","properties":{"id":"dogal-60","kind":"district","btype":"dogal","name":"Inspiration Lake Recreation Centre","lab":1},"geometry":{"type":"MultiPolygon","coordinates":[[[[114.0354,22.32607],[114.03513,22.32445],[114.03544,22.32257],[114.03735,22.31826],[114.03671,22.31891],[114.03763,22.31776],[114.03923,22.32025],[114.03999,22.32291],[114.03978,22.32345],[114.04032,22.32447],[114.03959,22.3252],[114.03635,22.32559],[114.0354,22.32607]]]]}},{"type":"Feature","properties":{"id":"dogal-lab-60","kind":"district-label","btype":"dogal","name":"Inspiration Lake Recreation Centre"},"geometry":{"type":"Point","coordinates":[114.03763,22.32257]}},{"type":"Feature","properties":{"id":"dogal-61","kind":"district","btype":"dogal","name":"Kai Tak Sports Park","lab":1},"geometry":{"type":"MultiPolygon","coordinates":[[[[114.19774,22.32403],[114.19927,22.32428],[114.19958,22.323],[114.19729,22.31963],[114.19522,22.32135],[114.19572,22.32183],[114.19317,22.3241],[114.19692,22.32762],[114.199,22.32481],[114.19762,22.32444],[114.19774,22.32403]]]]}},{"type":"Feature","properties":{"id":"dogal-lab-61","kind":"district-label","btype":"dogal","name":"Kai Tak Sports Park"},"geometry":{"type":"Point","coordinates":[114.19668,22.32366]}},{"type":"Feature","properties":{"id":"dogal-62","kind":"district","btype":"dogal","name":"Mangrove Seashore Ecological Park","lab":1},"geometry":{"type":"MultiPolygon","coordinates":[[[[113.98917,22.52357],[113.98882,22.52439],[113.99194,22.52543],[113.99295,22.52503],[113.99298,22.52609],[113.99695,22.52872],[113.99877,22.52563],[113.99833,22.52497],[113.99419,22.52303],[113.99092,22.52412],[113.98917,22.52357]]]]}},{"type":"Feature","properties":{"id":"dogal-lab-62","kind":"district-label","btype":"dogal","name":"Mangrove Seashore Ecological Park"},"geometry":{"type":"Point","coordinates":[113.99477,22.52542]}},{"type":"Feature","properties":{"id":"dogal-63","kind":"district","btype":"dogal","name":"Shenzhen Bay Park","lab":1},"geometry":{"type":"MultiPolygon","coordinates":[[[[113.98917,22.52357],[113.98882,22.52439],[113.99194,22.52543],[113.99295,22.52503],[113.99298,22.52609],[113.99695,22.52872],[113.99877,22.52563],[113.99833,22.52497],[113.99419,22.52303],[113.99092,22.52412],[113.98917,22.52357]]]]}},{"type":"Feature","properties":{"id":"dogal-lab-63","kind":"district-label","btype":"dogal","name":"Shenzhen Bay Park"},"geometry":{"type":"Point","coordinates":[113.99477,22.52542]}},{"type":"Feature","properties":{"id":"dogal-64","kind":"district","btype":"dogal","name":"Lychee Park","lab":1},"geometry":{"type":"MultiPolygon","coordinates":[[[[114.09937,22.5444],[114.09931,22.54798],[114.09879,22.54847],[114.09931,22.54903],[114.09928,22.55029],[114.09729,22.55079],[114.09727,22.55169],[114.09499,22.55167],[114.09479,22.55043],[114.0936,22.55037],[114.09416,22.54926],[114.09542,22.5483],[114.09532,22.54645],[114.09772,22.54565],[114.0982,22.54372],[114.09937,22.5444]]]]}},{"type":"Feature","properties":{"id":"dogal-lab-64","kind":"district-label","btype":"dogal","name":"Lychee Park"},"geometry":{"type":"Point","coordinates":[114.0971,22.54834]}},{"type":"Feature","properties":{"id":"dogal-65","kind":"district","btype":"dogal","name":"Kwai Chung Park","lab":1},"geometry":{"type":"MultiPolygon","coordinates":[[[[114.12019,22.35829],[114.11888,22.35732],[114.11802,22.3554],[114.11679,22.35454],[114.11633,22.35198],[114.1166,22.35104],[114.11981,22.35227],[114.12276,22.35545],[114.12019,22.35829]]]]}},{"type":"Feature","properties":{"id":"dogal-lab-65","kind":"district-label","btype":"dogal","name":"Kwai Chung Park"},"geometry":{"type":"Point","coordinates":[114.11931,22.35455]}},{"type":"Feature","properties":{"id":"dogal-66","kind":"district","btype":"dogal","name":"Shenzhen Central Park","lab":1},"geometry":{"type":"MultiPolygon","coordinates":[[[[114.0683,22.55085],[114.07546,22.55129],[114.07574,22.55102],[114.07577,22.5474],[114.07112,22.54826],[114.06816,22.54797],[114.0683,22.55085]]]]}},{"type":"Feature","properties":{"id":"dogal-lab-66","kind":"district-label","btype":"dogal","name":"Shenzhen Central Park"},"geometry":{"type":"Point","coordinates":[114.07222,22.5495]}},{"type":"Feature","properties":{"id":"dogal-67","kind":"district","btype":"dogal","name":"笔架山体育公园","lab":1},"geometry":{"type":"MultiPolygon","coordinates":[[[[114.07066,22.55825],[114.06795,22.55845],[114.06778,22.56709],[114.06798,22.56839],[114.06847,22.56845],[114.06911,22.56785],[114.07012,22.56173],[114.07191,22.55966],[114.07066,22.55825]]]]}},{"type":"Feature","properties":{"id":"dogal-lab-67","kind":"district-label","btype":"dogal","name":"笔架山体育公园"},"geometry":{"type":"Point","coordinates":[114.06914,22.56238]}},{"type":"Feature","properties":{"id":"dogal-68","kind":"district","btype":"dogal","name":"Yueliangwan Park","lab":1},"geometry":{"type":"MultiPolygon","coordinates":[[[[113.89535,22.50922],[113.8917,22.5036],[113.89198,22.50273],[113.89116,22.50203],[113.89249,22.50141],[113.89206,22.49981],[113.89367,22.49969],[113.89584,22.5024],[113.89478,22.50312],[113.89586,22.50398],[113.89588,22.50472],[113.89615,22.50472],[113.89617,22.50505],[113.89529,22.50519],[113.89494,22.50786],[113.89535,22.50922]]]]}},{"type":"Feature","properties":{"id":"dogal-lab-68","kind":"district-label","btype":"dogal","name":"Yueliangwan Park"},"geometry":{"type":"Point","coordinates":[113.8938,22.50348]}},{"type":"Feature","properties":{"id":"dogal-69","kind":"district","btype":"dogal","name":"Lixiang Park","lab":1},"geometry":{"type":"MultiPolygon","coordinates":[[[[113.9227,22.54271],[113.92496,22.54257],[113.92652,22.54121],[113.92683,22.53682],[113.92592,22.53681],[113.92591,22.53736],[113.92525,22.53735],[113.92526,22.53678],[113.92425,22.53677],[113.92384,22.53735],[113.92276,22.53734],[113.92236,22.54156],[113.9227,22.54271]]]]}},{"type":"Feature","properties":{"id":"dogal-lab-69","kind":"district-label","btype":"dogal","name":"Lixiang Park"},"geometry":{"type":"Point","coordinates":[113.92455,22.53971]}},{"type":"Feature","properties":{"id":"dogal-70","kind":"district","btype":"dogal","name":"Ninepin Group Special Area","lab":1},"geometry":{"type":"MultiPolygon","coordinates":[[[[114.35083,22.27059],[114.35056,22.27058],[114.35139,22.26988],[114.3509,22.26925],[114.3495,22.26919],[114.35082,22.2679],[114.35001,22.2678],[114.35042,22.26753],[114.3502,22.2672],[114.34903,22.26701],[114.34938,22.26629],[114.34853,22.26562],[114.34923,22.26492],[114.34883,22.26389],[114.3482,22.2633],[114.34765,22.26341],[114.34761,22.26292],[114.34622,22.26312],[114.34562,22.26392],[114.34609,22.2643],[114.34604,22.26555],[114.34651,22.2662],[114.34608,22.26747],[114.34893,22.26943],[114.34861,22.2705],[114.34895,22.27103],[114.34929,22.27079],[114.35025,22.2711],[114.35083,22.27059]]]]}},{"type":"Feature","properties":{"id":"dogal-lab-70","kind":"district-label","btype":"dogal","name":"Ninepin Group Special Area"},"geometry":{"type":"Point","coordinates":[114.34825,22.26685]}},{"type":"Feature","properties":{"id":"dogal-71","kind":"district","btype":"dogal","name":"Xili Eco Park","lab":1},"geometry":{"type":"MultiPolygon","coordinates":[[[[113.93021,22.5773],[113.92828,22.57892],[113.9254,22.57895],[113.92607,22.57589],[113.92977,22.57186],[113.92905,22.57543],[113.93021,22.5773]]]]}},{"type":"Feature","properties":{"id":"dogal-lab-71","kind":"district-label","btype":"dogal","name":"Xili Eco Park"},"geometry":{"type":"Point","coordinates":[113.92785,22.57642]}},{"type":"Feature","properties":{"id":"dogal-72","kind":"district","btype":"dogal","name":"Tai Po Waterfront Park","lab":1},"geometry":{"type":"MultiPolygon","coordinates":[[[[114.18128,22.45306],[114.18611,22.45306],[114.18625,22.45482],[114.18654,22.45407],[114.1871,22.45407],[114.18685,22.45287],[114.18836,22.45287],[114.18906,22.45243],[114.19148,22.45211],[114.19146,22.45172],[114.19292,22.45172],[114.19292,22.45116],[114.1864,22.45261],[114.1825,22.45263],[114.18118,22.45166],[114.18036,22.44966],[114.17756,22.44948],[114.17722,22.44994],[114.17802,22.45333],[114.18037,22.45205],[114.18111,22.45237],[114.18128,22.45306]]]]}},{"type":"Feature","properties":{"id":"dogal-lab-72","kind":"district-label","btype":"dogal","name":"Tai Po Waterfront Park"},"geometry":{"type":"Point","coordinates":[114.18219,22.45174]}},{"type":"Feature","properties":{"id":"dogal-73","kind":"district","btype":"dogal","name":"Qianhai Stone Park Guiwan Section","lab":1},"geometry":{"type":"MultiPolygon","coordinates":[[[[113.88716,22.53911],[113.88922,22.54088],[113.88897,22.54208],[113.88624,22.5399],[113.88576,22.53881],[113.88595,22.53425],[113.88796,22.53277],[113.88861,22.53484],[113.88823,22.53483],[113.88816,22.53826],[113.88716,22.53911]]]]}},{"type":"Feature","properties":{"id":"dogal-lab-73","kind":"district-label","btype":"dogal","name":"Qianhai Stone Park Guiwan Section"},"geometry":{"type":"Point","coordinates":[113.88722,22.53717]}},{"type":"Feature","properties":{"id":"dogal-74","kind":"district","btype":"dogal","name":"宝安滨海文化公园","lab":1},"geometry":{"type":"MultiPolygon","coordinates":[[[[113.88467,22.54511],[113.88194,22.54556],[113.88002,22.54699],[113.87768,22.5466],[113.87632,22.54754],[113.87443,22.54681],[113.87383,22.54703],[113.87335,22.54667],[113.873,22.5471],[113.87211,22.54654],[113.87413,22.54402],[113.87501,22.54446],[113.87511,22.54578],[113.87635,22.54655],[113.87767,22.54616],[113.8782,22.54513],[113.88104,22.54463],[113.88284,22.54356],[113.88467,22.54511]]]]}},{"type":"Feature","properties":{"id":"dogal-lab-74","kind":"district-label","btype":"dogal","name":"宝安滨海文化公园"},"geometry":{"type":"Point","coordinates":[113.8781,22.54568]}},{"type":"Feature","properties":{"id":"dogal-75","kind":"district","btype":"dogal","name":"Crescent Moon Valley","lab":1},"geometry":{"type":"MultiPolygon","coordinates":[[[[113.94755,22.51228],[113.9496,22.51182],[113.95026,22.51114],[113.95009,22.50991],[113.9508,22.50987],[113.95059,22.50901],[113.95095,22.50829],[113.9504,22.50771],[113.94957,22.50804],[113.94848,22.50767],[113.94856,22.5059],[113.94813,22.50532],[113.94758,22.5053],[113.94745,22.50666],[113.94669,22.50714],[113.9468,22.50861],[113.94755,22.51228]]]]}},{"type":"Feature","properties":{"id":"dogal-lab-75","kind":"district-label","btype":"dogal","name":"Crescent Moon Valley"},"geometry":{"type":"Point","coordinates":[113.94855,22.50918]}},{"type":"Feature","properties":{"id":"dogal-76","kind":"district","btype":"dogal","name":"Victoria Park","lab":1},"geometry":{"type":"MultiPolygon","coordinates":[[[[114.18594,22.28351],[114.18899,22.28437],[114.18823,22.28385],[114.1905,22.28456],[114.18866,22.28456],[114.19079,22.2851],[114.19115,22.28197],[114.18764,22.27975],[114.18594,22.28351]]]]}},{"type":"Feature","properties":{"id":"dogal-lab-76","kind":"district-label","btype":"dogal","name":"Victoria Park"},"geometry":{"type":"Point","coordinates":[114.18875,22.28255]}},{"type":"Feature","properties":{"id":"dogal-77","kind":"district","btype":"dogal","name":"Lai Chi Kok Park","lab":1},"geometry":{"type":"MultiPolygon","coordinates":[[[[114.14244,22.33383],[114.14214,22.33239],[114.13501,22.33534],[114.13622,22.33721],[114.13643,22.34005],[114.13843,22.33932],[114.13695,22.33609],[114.14244,22.33383]]]]}},{"type":"Feature","properties":{"id":"dogal-lab-77","kind":"district-label","btype":"dogal","name":"Lai Chi Kok Park"},"geometry":{"type":"Point","coordinates":[114.13824,22.33574]}},{"type":"Feature","properties":{"id":"dogal-78","kind":"district","btype":"dogal","name":"Cape D'Aguilar Marine Reserve","lab":1},"geometry":{"type":"MultiPolygon","coordinates":[[[[114.26097,22.20435],[114.26069,22.20519],[114.26017,22.20503],[114.25989,22.20552],[114.26011,22.20662],[114.25926,22.20651],[114.25831,22.20519],[114.25963,22.20481],[114.25998,22.20504],[114.25982,22.20401],[114.25358,22.20648],[114.25424,22.20645],[114.25438,22.2068],[114.25523,22.20608],[114.25531,22.20763],[114.25599,22.20826],[114.25666,22.20786],[114.25699,22.20706],[114.25956,22.20784],[114.26027,22.20751],[114.26057,22.20688],[114.26102,22.20746],[114.26082,22.20796],[114.26131,22.20788],[114.26085,22.20829],[114.26111,22.20858],[114.26004,22.20883],[114.2598,22.20941],[114.25829,22.20947],[114.25872,22.21073],[114.26139,22.20838],[114.26097,22.20435]]]]}},{"type":"Feature","properties":{"id":"dogal-lab-78","kind":"district-label","btype":"dogal","name":"Cape D'Aguilar Marine Reserve"},"geometry":{"type":"Point","coordinates":[114.25825,22.2067]}},{"type":"Feature","properties":{"id":"dogal-79","kind":"district","btype":"dogal","name":"红岗公园西马岭","lab":1},"geometry":{"type":"MultiPolygon","coordinates":[[[[114.09905,22.5751],[114.09916,22.57603],[114.10084,22.57587],[114.09956,22.57699],[114.09972,22.5775],[114.10074,22.57715],[114.10529,22.57715],[114.10575,22.57635],[114.10552,22.57591],[114.10599,22.57575],[114.10483,22.57531],[114.10445,22.57583],[114.1035,22.5754],[114.10385,22.57499],[114.1025,22.57392],[114.1001,22.57381],[114.09998,22.57438],[114.09905,22.5751]]]]}},{"type":"Feature","properties":{"id":"dogal-lab-79","kind":"district-label","btype":"dogal","name":"红岗公园西马岭"},"geometry":{"type":"Point","coordinates":[114.10215,22.57573]}},{"type":"Feature","properties":{"id":"dogal-80","kind":"district","btype":"dogal","name":"Meilin Park Tingtao District","lab":1},"geometry":{"type":"MultiPolygon","coordinates":[[[[114.04201,22.57364],[114.04213,22.57507],[114.04124,22.57486],[114.04254,22.57567],[114.04407,22.57534],[114.04478,22.5736],[114.04537,22.57358],[114.04556,22.57201],[114.04436,22.5716],[114.04458,22.57115],[114.04408,22.57088],[114.04227,22.57067],[114.04223,22.57127],[114.04116,22.57147],[114.04154,22.57362],[114.04201,22.57364]]]]}},{"type":"Feature","properties":{"id":"dogal-lab-80","kind":"district-label","btype":"dogal","name":"Meilin Park Tingtao District"},"geometry":{"type":"Point","coordinates":[114.04327,22.57302]}},{"type":"Feature","properties":{"id":"dogal-81","kind":"district","btype":"dogal","name":"Shing Mun Valley Park","lab":1},"geometry":{"type":"MultiPolygon","coordinates":[[[[114.12469,22.37516],[114.12663,22.37572],[114.12671,22.3764],[114.12588,22.37731],[114.12788,22.37807],[114.12862,22.37762],[114.13089,22.37833],[114.13101,22.3778],[114.13036,22.37668],[114.12898,22.37549],[114.12523,22.37401],[114.12494,22.37314],[114.12335,22.37247],[114.12294,22.37331],[114.12485,22.37463],[114.12469,22.37516]]]]}},{"type":"Feature","properties":{"id":"dogal-lab-81","kind":"district-label","btype":"dogal","name":"Shing Mun Valley Park"},"geometry":{"type":"Point","coordinates":[114.12725,22.37586]}},{"type":"Feature","properties":{"id":"dogal-82","kind":"district","btype":"dogal","name":"Huanggang Park","lab":1},"geometry":{"type":"MultiPolygon","coordinates":[[[[114.05155,22.52339],[114.054,22.52351],[114.05366,22.52202],[114.05491,22.52072],[114.05488,22.51934],[114.05375,22.51895],[114.05409,22.51862],[114.05118,22.51863],[114.05155,22.52339]]]]}},{"type":"Feature","properties":{"id":"dogal-lab-82","kind":"district-label","btype":"dogal","name":"Huanggang Park"},"geometry":{"type":"Point","coordinates":[114.05287,22.52086]}},{"type":"Feature","properties":{"id":"dogal-83","kind":"district","btype":"dogal","name":"Tsiu Hang Special Area","lab":1},"geometry":{"type":"MultiPolygon","coordinates":[[[[114.26713,22.37502],[114.26708,22.37339],[114.26655,22.37235],[114.26573,22.37292],[114.2647,22.37272],[114.26389,22.37342],[114.2631,22.37334],[114.26348,22.37399],[114.26307,22.37426],[114.2627,22.37344],[114.26105,22.37372],[114.26126,22.37438],[114.26238,22.37532],[114.2638,22.37597],[114.26539,22.37609],[114.26713,22.37502]]]]}},{"type":"Feature","properties":{"id":"dogal-lab-83","kind":"district-label","btype":"dogal","name":"Tsiu Hang Special Area"},"geometry":{"type":"Point","coordinates":[114.26457,22.37438]}},{"type":"Feature","properties":{"id":"dogal-84","kind":"district","btype":"dogal","name":"Shenzhen Children Amusement Park","lab":1},"geometry":{"type":"MultiPolygon","coordinates":[[[[114.00181,22.54565],[114.00241,22.54571],[114.00233,22.54629],[114.00383,22.5466],[114.00335,22.54629],[114.0036,22.54531],[114.00485,22.54557],[114.00461,22.54654],[114.00404,22.54665],[114.00523,22.5473],[114.00687,22.54649],[114.00798,22.54644],[114.00861,22.54707],[114.00914,22.5465],[114.01001,22.54697],[114.01114,22.54536],[114.00594,22.54539],[114.00596,22.54421],[114.00527,22.54403],[114.00185,22.54529],[114.00181,22.54565]]]]}},{"type":"Feature","properties":{"id":"dogal-lab-84","kind":"district-label","btype":"dogal","name":"Shenzhen Children Amusement Park"},"geometry":{"type":"Point","coordinates":[114.00627,22.54576]}},{"type":"Feature","properties":{"id":"dogal-85","kind":"district","btype":"dogal","name":"Tin Shui Wai Park","lab":1},"geometry":{"type":"MultiPolygon","coordinates":[[[[114.00581,22.45648],[114.00425,22.45702],[114.00338,22.45646],[114.00292,22.45682],[114.00326,22.45721],[114.00296,22.45744],[114.00261,22.45705],[114.00215,22.45741],[114.00023,22.45955],[114.00055,22.45851],[114.00017,22.45739],[113.99921,22.45691],[114.00008,22.45569],[114.00281,22.45476],[114.00369,22.45393],[114.00422,22.45581],[114.00571,22.45536],[114.00581,22.45648]]]]}},{"type":"Feature","properties":{"id":"dogal-lab-85","kind":"district-label","btype":"dogal","name":"Tin Shui Wai Park"},"geometry":{"type":"Point","coordinates":[114.0023,22.45636]}},{"type":"Feature","properties":{"id":"dogal-86","kind":"district","btype":"dogal","name":"Kowloon Tsai Park","lab":1},"geometry":{"type":"MultiPolygon","coordinates":[[[[114.18534,22.32958],[114.18382,22.32964],[114.18286,22.33083],[114.1822,22.33087],[114.18253,22.33106],[114.1822,22.33251],[114.18244,22.33325],[114.1838,22.33482],[114.18498,22.33454],[114.18554,22.33377],[114.18534,22.32958]]]]}},{"type":"Feature","properties":{"id":"dogal-lab-86","kind":"district-label","btype":"dogal","name":"Kowloon Tsai Park"},"geometry":{"type":"Point","coordinates":[114.18405,22.33217]}}]}