{"type":"FeatureCollection","features":[{"type":"Feature","properties":{"id":"line-isl","kind":"line","lineRef":"metro","ref":"ISL","color":"#007DC5"},"geometry":{"type":"MultiLineString","coordinates":[[[114.12135,22.28048],[114.12441,22.2802],[114.12522,22.2803],[114.12635,22.28066]],[[114.15786,22.28182],[114.1554,22.28486],[114.15345,22.2861],[114.14844,22.28755],[114.14609,22.28767],[114.14533,22.28753],[114.14453,22.28712],[114.14165,22.28433],[114.14083,22.28384],[114.13945,22.28364],[114.13713,22.2841],[114.13367,22.28377],[114.13275,22.28338],[114.13158,22.28231],[114.1309,22.28188],[114.12635,22.28066]],[[114.12635,22.28066],[114.1307,22.28192],[114.1324,22.28335],[114.13364,22.28392],[114.13713,22.28424],[114.13933,22.2838],[114.14074,22.28398],[114.14173,22.2846],[114.14448,22.28724],[114.14515,22.28758],[114.14593,22.28772],[114.14835,22.28767],[114.15337,22.2862],[114.15545,22.2849],[114.15786,22.28182]],[[114.16331,22.2795],[114.16053,22.28031]],[[114.16053,22.28031],[114.16331,22.2795]],[[114.17205,22.27747],[114.16894,22.27774]],[[114.16894,22.27774],[114.17205,22.27747]],[[114.17471,22.27777],[114.1769,22.27801]],[[114.1769,22.27801],[114.17471,22.27777]],[[114.18093,22.27921],[114.1776,22.27811],[114.1769,22.27801]],[[114.1769,22.27801],[114.18093,22.27921]],[[114.18093,22.27921],[114.18284,22.27996]],[[114.18284,22.27996],[114.18093,22.27921]],[[114.19002,22.28103],[114.19066,22.28129],[114.19188,22.28208]],[[114.19188,22.28208],[114.19066,22.28129],[114.19002,22.28103]],[[114.22063,22.2837],[114.22007,22.28423],[114.21936,22.28452],[114.21285,22.28458],[114.21167,22.2849],[114.21073,22.28567],[114.20791,22.28954],[114.20734,22.29015],[114.20667,22.2906],[114.20542,22.29116],[114.20376,22.29157],[114.20287,22.29165],[114.20125,22.29143],[114.19604,22.29033],[114.19523,22.28998],[114.19406,22.2886],[114.19347,22.28751],[114.19281,22.28402]],[[114.19281,22.28402],[114.19336,22.28754],[114.19399,22.28868],[114.19522,22.28999],[114.19604,22.29034],[114.20195,22.29158],[114.20286,22.29167],[114.20377,22.29158],[114.20543,22.29118],[114.20758,22.29013],[114.21085,22.28576],[114.21175,22.28502],[114.21285,22.28472],[114.2191,22.28467],[114.21991,22.28439],[114.22063,22.2837]],[[114.22063,22.2837],[114.22216,22.28178]],[[114.22216,22.28178],[114.22063,22.2837]],[[114.23609,22.26275],[114.24105,22.27241],[114.24123,22.27319],[114.24122,22.27393],[114.24101,22.27477],[114.24061,22.27552],[114.23799,22.27863],[114.23738,22.27917],[114.23648,22.27956],[114.23563,22.27972],[114.23436,22.27975],[114.2312,22.27897],[114.2298,22.27892],[114.22769,22.27941],[114.22608,22.2802],[114.22412,22.28049],[114.22295,22.28108]],[[114.22295,22.28108],[114.22436,22.28042],[114.22609,22.28021],[114.22754,22.27955],[114.22963,22.27913],[114.23113,22.27922],[114.23433,22.28017],[114.23515,22.28018],[114.23623,22.27998],[114.23744,22.27932],[114.24071,22.27549],[114.24109,22.2748],[114.24132,22.27398],[114.24133,22.27304],[114.24115,22.2723],[114.23675,22.26373],[114.23613,22.26274]]]}},{"type":"Feature","properties":{"id":"badge-isl","kind":"badge","ref":"ISL","lineRef":"metro","color":"#007DC5"},"geometry":{"type":"Point","coordinates":[114.14278,22.28561]}},{"type":"Feature","properties":{"id":"line-twl","kind":"line","lineRef":"metro","ref":"TWL","color":"#ED1D24"},"geometry":{"type":"MultiLineString","coordinates":[[[114.10905,22.37924],[114.1104,22.37878],[114.11148,22.37782]],[[114.16826,22.32433],[114.1679,22.3259],[114.16736,22.32669],[114.16021,22.33219],[114.15307,22.33769],[114.15223,22.33802],[114.15108,22.33808],[114.14975,22.33781],[114.14507,22.33627],[114.14397,22.33629],[114.14251,22.33656],[114.14042,22.33732],[114.13536,22.33962],[114.1302,22.34335],[114.12662,22.34765],[114.12524,22.34955],[114.12475,22.35057],[114.12461,22.35145],[114.12485,22.35263],[114.1254,22.35367],[114.12855,22.35785],[114.13039,22.35969],[114.13092,22.36055],[114.13109,22.3613],[114.13124,22.36497],[114.13106,22.36723],[114.1306,22.36847],[114.12946,22.36969],[114.12794,22.37045],[114.12641,22.37073],[114.12295,22.37065],[114.12196,22.37096],[114.12101,22.37151],[114.11983,22.3727],[114.11636,22.37431],[114.11435,22.37577],[114.11265,22.37669],[114.11148,22.37782]],[[114.11148,22.37782],[114.11246,22.37689],[114.11437,22.3758],[114.11582,22.37469],[114.11984,22.37273],[114.12111,22.37162],[114.12202,22.37108],[114.12288,22.3708],[114.12641,22.37084],[114.12799,22.37058],[114.12956,22.36979],[114.13073,22.36853],[114.13112,22.36762],[114.13127,22.36662],[114.13113,22.36138],[114.13096,22.36053],[114.13043,22.35967],[114.12859,22.35783],[114.12547,22.35372],[114.12494,22.35276],[114.12471,22.35169],[114.1248,22.35081],[114.12522,22.3499],[114.1282,22.34605],[114.12984,22.34421],[114.13439,22.34042],[114.13544,22.33972],[114.13707,22.33889],[114.14254,22.33667],[114.14398,22.3364],[114.14505,22.33638],[114.15052,22.33812],[114.15194,22.3382],[114.15291,22.33789],[114.15401,22.3372],[114.16062,22.33208],[114.16722,22.32697],[114.16784,22.32619],[114.16826,22.32433]],[[114.16071,22.28113],[114.15819,22.2818]],[[114.1632,22.27994],[114.16197,22.28075],[114.16071,22.28113]],[[114.16071,22.28113],[114.162,22.28083],[114.1632,22.27994]],[[114.16911,22.32024],[114.17103,22.31173],[114.17143,22.30918],[114.17245,22.2952],[114.17259,22.29085],[114.17246,22.28913],[114.17187,22.28599],[114.17115,22.28348],[114.17026,22.28138],[114.16975,22.28058],[114.16899,22.2799],[114.16746,22.27936]],[[114.16746,22.27936],[114.16834,22.27961],[114.16915,22.28012],[114.16968,22.28062],[114.17018,22.28141],[114.17105,22.28352],[114.17177,22.28599],[114.17223,22.28823],[114.17249,22.29085],[114.17243,22.29379],[114.17185,22.30148],[114.17126,22.30917],[114.17085,22.31171],[114.16911,22.32024]],[[114.16826,22.32433],[114.16911,22.32024]],[[114.16911,22.32024],[114.16826,22.32433]],[[114.12573,22.34902],[114.12581,22.34906],[114.12658,22.34804],[114.12651,22.34799],[114.12573,22.34902]]]}},{"type":"Feature","properties":{"id":"badge-twl","kind":"badge","ref":"TWL","lineRef":"metro","color":"#ED1D24"},"geometry":{"type":"Point","coordinates":[114.1284,22.34551]}},{"type":"Feature","properties":{"id":"line-ktl","kind":"line","lineRef":"metro","ref":"KTL","color":"#00AB4E"},"geometry":{"type":"MultiLineString","coordinates":[[[114.23612,22.29945],[114.23565,22.30026],[114.23542,22.3019],[114.23461,22.30351],[114.23414,22.3051],[114.23226,22.30742],[114.23167,22.30845],[114.23113,22.30903],[114.2257,22.31253],[114.22168,22.31412],[114.22005,22.31496],[114.21655,22.31633],[114.21582,22.31676],[114.21528,22.31728],[114.21437,22.31855],[114.21405,22.31949],[114.21392,22.32089],[114.2141,22.32235],[114.21345,22.32837],[114.21269,22.33039],[114.21174,22.33212],[114.20994,22.33413],[114.20636,22.33705],[114.20051,22.34056],[114.19874,22.34144],[114.19739,22.34168],[114.19303,22.34162],[114.19204,22.34142],[114.19098,22.34077],[114.18972,22.33918],[114.18871,22.33843],[114.18491,22.33719],[114.18323,22.33681],[114.18152,22.33667],[114.17251,22.33683],[114.17113,22.33656],[114.17047,22.33618],[114.16978,22.33554],[114.16911,22.33416],[114.16894,22.33307],[114.16883,22.32964],[114.16817,22.32739],[114.16806,22.3261]],[[114.16806,22.3261],[114.16823,22.32788],[114.16876,22.33017],[114.16881,22.33333],[114.16897,22.33418],[114.16935,22.33514],[114.16967,22.33562],[114.1704,22.33628],[114.17108,22.33666],[114.1725,22.33696],[114.18152,22.33679],[114.18284,22.33691],[114.18486,22.33734],[114.18905,22.33875],[114.18991,22.3395],[114.19091,22.34085],[114.19172,22.34142],[114.19242,22.34167],[114.1974,22.34181],[114.19917,22.34144],[114.20273,22.33946],[114.20638,22.33709],[114.21064,22.3338],[114.21187,22.33268],[114.21224,22.33218],[114.21266,22.33137],[114.21359,22.32798],[114.21428,22.32253],[114.21414,22.32074],[114.21422,22.31974],[114.21468,22.31834],[114.21543,22.31716],[114.21655,22.31637],[114.21997,22.31512],[114.22185,22.31409],[114.22577,22.31265],[114.22693,22.31199],[114.23105,22.30918],[114.23175,22.30848],[114.23302,22.30675],[114.23536,22.30396],[114.23564,22.30299],[114.23572,22.30062],[114.23612,22.29945]],[[114.16951,22.31899],[114.16832,22.32466]],[[114.16832,22.32466],[114.16951,22.31899]],[[114.16951,22.31899],[114.17128,22.30964],[114.17146,22.30916],[114.17197,22.30843],[114.17299,22.30748],[114.17359,22.30721],[114.17475,22.30701],[114.17584,22.30721],[114.17663,22.30779],[114.17814,22.30959],[114.17927,22.31018],[114.18013,22.31028],[114.18134,22.31002],[114.18444,22.3082]],[[114.18444,22.3082],[114.18137,22.31007],[114.18046,22.31035],[114.17989,22.31038],[114.1789,22.3102],[114.17803,22.3097],[114.1766,22.30799],[114.17578,22.30736],[114.17501,22.30717],[114.17432,22.30718],[114.17305,22.30758],[114.17209,22.30849],[114.17141,22.30969],[114.16951,22.31899]],[[114.18444,22.3082],[114.18965,22.3049]],[[114.23612,22.29945],[114.23821,22.29655],[114.23934,22.29551],[114.24014,22.29515],[114.2412,22.29492],[114.24223,22.29488],[114.24307,22.295],[114.24423,22.29546],[114.2448,22.29586],[114.24538,22.29647],[114.24693,22.29877],[114.24774,22.29974],[114.25243,22.30402]],[[114.25233,22.30411],[114.24728,22.29958],[114.24533,22.2968],[114.24464,22.29602],[114.24381,22.29544],[114.24303,22.29514],[114.24123,22.29498],[114.24015,22.29517],[114.23951,22.29542],[114.23846,22.29628],[114.23612,22.29945]]]}},{"type":"Feature","properties":{"id":"badge-ktl","kind":"badge","ref":"KTL","lineRef":"metro","color":"#00AB4E"},"geometry":{"type":"Point","coordinates":[114.20745,22.33626]}},{"type":"Feature","properties":{"id":"line-tkl","kind":"line","lineRef":"metro","ref":"TKL","color":"#7D499D"},"geometry":{"type":"MultiLineString","coordinates":[[[114.19518,22.28621],[114.19727,22.28901],[114.19799,22.28972],[114.19905,22.29016],[114.20201,22.29078],[114.20275,22.29074],[114.20349,22.29047],[114.2042,22.28998],[114.2057,22.28856],[114.20647,22.2882],[114.20737,22.28813],[114.2104,22.28847],[114.2174,22.29214],[114.22439,22.2958],[114.23139,22.29947],[114.23138,22.29947],[114.23305,22.30004],[114.23437,22.30003],[114.23519,22.29976],[114.2358,22.29938],[114.23833,22.29619],[114.23943,22.29534],[114.24029,22.29503],[114.24144,22.29492],[114.24262,22.29501],[114.24345,22.29522],[114.24415,22.29556],[114.24493,22.29622],[114.24678,22.29884],[114.24775,22.29998],[114.25352,22.30513],[114.25447,22.3056],[114.26192,22.30809],[114.26285,22.30867],[114.2635,22.30945]],[[114.26153,22.30778],[114.25452,22.30549],[114.2536,22.30502],[114.24767,22.29978],[114.24563,22.29691],[114.24476,22.29591],[114.2442,22.2955],[114.24306,22.29505],[114.24091,22.2949],[114.2401,22.29505],[114.23926,22.29541],[114.23832,22.29618],[114.23579,22.29937],[114.23468,22.29991],[114.23344,22.30001],[114.23246,22.29984],[114.2314,22.29943],[114.22464,22.29583],[114.21789,22.29223],[114.21113,22.28863],[114.21017,22.28822],[114.20672,22.28798],[114.20559,22.28843],[114.20408,22.28988],[114.2032,22.29044],[114.20223,22.29062],[114.20061,22.29031]],[[114.25686,22.32397],[114.25948,22.32055]],[[114.2635,22.30945],[114.26423,22.31046],[114.26503,22.3121],[114.26518,22.31341],[114.26502,22.31423],[114.26434,22.31551],[114.26322,22.31694],[114.2606,22.31901],[114.25948,22.32055]],[[114.25948,22.32055],[114.26064,22.31905],[114.26327,22.31698],[114.26481,22.31486],[114.2652,22.31368],[114.2652,22.31268],[114.26496,22.31177],[114.26398,22.30989]],[[114.26742,22.29461],[114.2718,22.29805],[114.27323,22.29994],[114.27365,22.30069],[114.27429,22.30273],[114.27434,22.30347],[114.27408,22.30441],[114.27081,22.30861],[114.27008,22.30919],[114.26884,22.30974],[114.26713,22.30996],[114.26583,22.30973],[114.26292,22.30819],[114.26153,22.30778]],[[114.26398,22.30989],[114.2635,22.30904],[114.26294,22.30846],[114.26222,22.30801],[114.26153,22.30778]],[[114.26398,22.30989],[114.26535,22.31074],[114.26645,22.31108],[114.26764,22.31114],[114.26918,22.31072],[114.26999,22.3102],[114.27063,22.30953],[114.2741,22.30506],[114.27448,22.30422],[114.27453,22.30271],[114.27435,22.30154],[114.27231,22.29838],[114.27156,22.29761],[114.26751,22.29451]]]}},{"type":"Feature","properties":{"id":"badge-tkl","kind":"badge","ref":"TKL","lineRef":"metro","color":"#7D499D"},"geometry":{"type":"Point","coordinates":[114.23044,22.29898]}},{"type":"Feature","properties":{"id":"line-tcl","kind":"line","lineRef":"metro","ref":"TCL","color":"#F7943E"},"geometry":{"type":"MultiLineString","coordinates":[[[113.94132,22.28928],[113.94434,22.29148],[113.94554,22.2921],[113.94642,22.29232],[113.9506,22.29284],[113.95229,22.29342],[113.95347,22.29403],[113.95552,22.29539],[113.95701,22.29667],[113.95973,22.29774],[113.96056,22.29797],[113.96326,22.29821],[113.96756,22.29918],[113.97151,22.30023],[113.97305,22.30092],[113.98327,22.30654],[113.99308,22.31221],[113.99434,22.31321],[113.99541,22.31432],[113.99861,22.31857],[113.99962,22.31952],[114.00089,22.3204],[114.00644,22.323],[114.00972,22.32441],[114.01135,22.32496],[114.01273,22.32523],[114.01438,22.32537],[114.01775,22.32518],[114.01936,22.32524],[114.02086,22.32553],[114.02265,22.32619],[114.02379,22.32683],[114.02489,22.32766],[114.02938,22.33252],[114.03285,22.33549],[114.03463,22.33659],[114.03927,22.33903],[114.04064,22.33951],[114.04176,22.33973],[114.04739,22.34005],[114.04955,22.34055],[114.05072,22.34112],[114.0591,22.34653],[114.06058,22.34728],[114.06216,22.34784],[114.07266,22.35075],[114.08316,22.35366],[114.09136,22.35636],[114.09957,22.35905],[114.10102,22.3592],[114.10494,22.35883]],[[114.10494,22.35883],[114.10201,22.35912],[114.10015,22.359],[114.09922,22.35881],[114.08567,22.35436],[114.07784,22.35217],[114.07,22.34999],[114.06217,22.3478],[114.0606,22.34724],[114.05913,22.3465],[114.05044,22.34089],[114.04959,22.34047],[114.04741,22.33992],[114.04125,22.33952],[114.0394,22.33898],[114.03436,22.3364],[114.03287,22.33547],[114.02949,22.33242],[114.02511,22.32781],[114.02399,22.32691],[114.02267,22.32615],[114.02088,22.32549],[114.01936,22.32521],[114.0179,22.32514],[114.01437,22.32533],[114.01304,22.32524],[114.01143,22.32494],[114.00908,22.32411],[114.00093,22.32038],[113.99984,22.31965],[113.99888,22.3188],[113.99547,22.31433],[113.99437,22.31318],[113.99291,22.31204],[113.98299,22.30637],[113.97307,22.30071],[113.97157,22.30008],[113.96433,22.29818],[113.96321,22.29797],[113.9611,22.29789],[113.96013,22.29772],[113.95713,22.29656],[113.95399,22.29429],[113.95172,22.29311],[113.9502,22.29271],[113.94614,22.29222],[113.94526,22.29192],[113.94389,22.29109],[113.94141,22.28916]],[[114.09963,22.35937],[114.10363,22.35907]],[[114.10558,22.35878],[114.10431,22.35906],[114.10363,22.35907]],[[114.10363,22.35907],[114.10558,22.35878]],[[114.1583,22.28492],[114.15621,22.28629],[114.15558,22.28714],[114.15496,22.28843],[114.15441,22.29009],[114.15417,22.29127],[114.1541,22.29257],[114.15439,22.29401],[114.15578,22.29661],[114.15694,22.29822],[114.15965,22.30146],[114.16038,22.30259],[114.16236,22.30681],[114.16282,22.30831],[114.16291,22.31002],[114.16244,22.31231],[114.15975,22.31863],[114.15894,22.32013],[114.15646,22.32326],[114.15466,22.32524],[114.1513,22.32781],[114.14828,22.32941],[114.13669,22.33389],[114.13541,22.33457],[114.13394,22.33568],[114.13302,22.33661],[114.13222,22.33773],[114.12985,22.34227],[114.12775,22.34572],[114.12484,22.35007],[114.12354,22.35143],[114.12274,22.35199],[114.11699,22.35516],[114.10941,22.35793]],[[114.10941,22.35793],[114.11701,22.35518],[114.12276,22.35202],[114.12356,22.35145],[114.12487,22.35009],[114.12857,22.34479],[114.13079,22.34103],[114.13247,22.33785],[114.13325,22.33675],[114.13414,22.33584],[114.13525,22.33497],[114.13681,22.33412],[114.14839,22.32965],[114.1509,22.32836],[114.15339,22.32663],[114.15517,22.32502],[114.15783,22.32198],[114.15928,22.31994],[114.15998,22.31871],[114.16264,22.31236],[114.16308,22.31003],[114.16299,22.30829],[114.16254,22.30674],[114.16047,22.30229],[114.15956,22.30098],[114.15701,22.29817],[114.15586,22.29658],[114.15447,22.29399],[114.15418,22.29257],[114.15426,22.29129],[114.15449,22.2901],[114.15503,22.28846],[114.15565,22.28717],[114.15635,22.28643],[114.15845,22.28515]],[[114.15922,22.28456],[114.15929,22.28466],[114.15779,22.2855],[114.15773,22.28541]],[[114.15773,22.28541],[114.15767,22.28531],[114.15915,22.28445],[114.15922,22.28456]],[[114.12566,22.34898],[114.12573,22.34902],[114.12651,22.34799],[114.12642,22.34794],[114.12566,22.34898]],[[114.15283,22.32667],[114.15276,22.3266],[114.15381,22.3257],[114.1542,22.3254],[114.15429,22.3255],[114.15283,22.32667]],[[114.1531,22.32698],[114.15448,22.32572],[114.15455,22.3258],[114.1531,22.32698]]]}},{"type":"Feature","properties":{"id":"badge-tcl","kind":"badge","ref":"TCL","lineRef":"metro","color":"#F7943E"},"geometry":{"type":"Point","coordinates":[114.02218,22.32602]}},{"type":"Feature","properties":{"id":"line-ael","kind":"line","lineRef":"metro","ref":"AEL","color":"#00888A"},"geometry":{"type":"MultiLineString","coordinates":[[[113.93622,22.31681],[113.93581,22.318],[113.93577,22.31857],[113.93595,22.3194],[113.93639,22.32014],[113.93696,22.32066],[113.93757,22.32099],[113.94,22.32151]],[[113.9369,22.31497],[113.93675,22.31492],[113.93608,22.31676],[113.93622,22.31681]],[[113.9369,22.31497],[113.93622,22.31681]],[[113.93692,22.31498],[113.93625,22.31681]],[[113.93625,22.31681],[113.93692,22.31498]],[[113.93628,22.31682],[113.93636,22.31684],[113.93704,22.31502],[113.93695,22.31499]],[[113.94,22.32151],[113.9376,22.32094],[113.93699,22.32062],[113.93641,22.32008],[113.93601,22.31938],[113.93583,22.31857],[113.93587,22.318],[113.93628,22.31682]],[[113.93628,22.31682],[113.93695,22.31499]],[[114.10494,22.35883],[114.10201,22.35912],[114.10015,22.359],[114.09922,22.35881],[114.08567,22.35436],[114.07784,22.35217],[114.07,22.34999],[114.06217,22.3478],[114.0606,22.34724],[114.05913,22.3465],[114.05044,22.34089],[114.04959,22.34047],[114.04741,22.33992],[114.04125,22.33952],[114.0394,22.33898],[114.03436,22.3364],[114.03287,22.33547],[114.02903,22.33205],[114.02511,22.32781],[114.02399,22.32691],[114.02301,22.32632],[114.02128,22.32561],[114.01949,22.32522],[114.0179,22.32514],[114.01437,22.32533],[114.01304,22.32524],[114.01143,22.32494],[114.00908,22.32411],[114.00173,22.32081],[114.00026,22.31996],[113.99888,22.3188],[113.99547,22.31433],[113.99437,22.31318],[113.99291,22.31204],[113.99084,22.31082],[113.99084,22.31083],[113.98163,22.30564],[113.97242,22.30046],[113.96992,22.29968],[113.95987,22.29721],[113.95775,22.29641],[113.95597,22.29545],[113.95472,22.29456],[113.95212,22.29212],[113.95096,22.29124],[113.94961,22.29051],[113.94836,22.29008],[113.9466,22.28981],[113.9452,22.28981],[113.94327,22.29019],[113.94193,22.29073],[113.94039,22.2917],[113.93905,22.2929],[113.93793,22.29432],[113.93717,22.29569],[113.93661,22.2972],[113.9363,22.29851],[113.93612,22.30009],[113.93613,22.3012],[113.93649,22.30293],[113.93808,22.30732],[113.93831,22.30856],[113.93836,22.30965],[113.9381,22.31161],[113.9369,22.31497]],[[113.93695,22.31499],[113.93808,22.31185],[113.93842,22.30959],[113.93816,22.30742],[113.9365,22.30282],[113.93617,22.30112],[113.93617,22.30002],[113.93636,22.29844],[113.93668,22.29712],[113.9372,22.29574],[113.93805,22.29423],[113.93916,22.29285],[113.94042,22.29173],[113.94196,22.29078],[113.94329,22.29025],[113.94521,22.28987],[113.94659,22.28987],[113.94834,22.29014],[113.94958,22.29056],[113.95094,22.29129],[113.95209,22.29215],[113.9547,22.2946],[113.95644,22.29579],[113.95773,22.29646],[113.95985,22.29726],[113.97003,22.29975],[113.97223,22.30047],[113.98327,22.30654],[113.99029,22.31056],[113.99262,22.31192],[113.99434,22.31321],[113.99541,22.31432],[113.99884,22.31882],[114.00023,22.31998],[114.00172,22.32084],[114.00907,22.32414],[114.01135,22.32496],[114.01273,22.32523],[114.01438,22.32537],[114.01775,22.32518],[114.01936,22.32524],[114.02127,22.32565],[114.02298,22.32635],[114.02423,22.32713],[114.02508,22.32784],[114.02901,22.33208],[114.03285,22.33549],[114.03463,22.33659],[114.03927,22.33903],[114.04064,22.33951],[114.04176,22.33973],[114.04739,22.34005],[114.04955,22.34055],[114.05072,22.34112],[114.0591,22.34653],[114.06058,22.34728],[114.06216,22.34784],[114.07266,22.35075],[114.08316,22.35366],[114.09136,22.35636],[114.09957,22.35905],[114.10102,22.3592],[114.10494,22.35883]],[[113.94222,22.322],[113.94,22.32151]],[[114.1084,22.35813],[114.10939,22.35789],[114.116,22.35549]],[[114.116,22.35549],[114.10939,22.35789],[114.1084,22.35813]],[[114.15763,22.28544],[114.15625,22.28634],[114.1558,22.28681],[114.15496,22.28843],[114.15441,22.29009],[114.15417,22.29127],[114.1541,22.29257],[114.15419,22.29339],[114.15496,22.29518],[114.15618,22.29721],[114.15943,22.30107],[114.16029,22.30231],[114.16258,22.30718],[114.16297,22.30906],[114.1629,22.31065],[114.16251,22.31233],[114.15948,22.31939],[114.15811,22.32139],[114.15542,22.32457],[114.15367,22.32621],[114.15136,22.32789],[114.14833,22.3295],[114.13674,22.33398],[114.13547,22.33465],[114.1343,22.3355],[114.13348,22.33626],[114.13261,22.33735],[114.12868,22.34436],[114.12518,22.34935],[114.12417,22.35055],[114.12255,22.35194],[114.117,22.35505],[114.116,22.35549]],[[114.116,22.35549],[114.11724,22.35497],[114.12257,22.35197],[114.12355,22.35125],[114.12471,22.35009],[114.12876,22.34438],[114.13073,22.341],[114.13266,22.33737],[114.13352,22.33629],[114.1346,22.33533],[114.1355,22.33469],[114.13676,22.33403],[114.14835,22.32954],[114.15083,22.32828],[114.15332,22.32656],[114.15511,22.32497],[114.15776,22.32194],[114.15939,22.31964],[114.16257,22.31234],[114.16296,22.31065],[114.16303,22.30905],[114.16265,22.30718],[114.16055,22.30253],[114.15977,22.30136],[114.15626,22.29718],[114.15504,22.29515],[114.15427,22.29337],[114.15418,22.29257],[114.15426,22.29129],[114.15449,22.2901],[114.15503,22.28846],[114.15601,22.28667],[114.15763,22.28544]],[[113.93677,22.31493],[113.93687,22.31496],[113.9362,22.3168],[113.93609,22.31676],[113.93677,22.31493]]]}},{"type":"Feature","properties":{"id":"badge-ael","kind":"badge","ref":"AEL","lineRef":"metro","color":"#00888A"},"geometry":{"type":"Point","coordinates":[114.00916,22.32414]}},{"type":"Feature","properties":{"id":"line-eal","kind":"line","lineRef":"metro","ref":"EAL","color":"#53B7E8"},"geometry":{"type":"MultiLineString","coordinates":[[[114.0634,22.51441],[114.06744,22.51468],[114.07108,22.51478],[114.07229,22.51461],[114.07329,22.51421],[114.07432,22.51342],[114.07499,22.51248],[114.07673,22.50776],[114.07746,22.50649],[114.07816,22.50575],[114.07898,22.50514],[114.07996,22.50467],[114.08094,22.5044],[114.08299,22.50432],[114.08552,22.50463],[114.0885,22.50591],[114.09513,22.50736],[114.09674,22.50759],[114.10783,22.50766],[114.11892,22.50774],[114.12024,22.50753],[114.12117,22.50705]],[[114.12331,22.50518],[114.12088,22.50715],[114.12022,22.50746],[114.11918,22.50765],[114.10855,22.5076],[114.09792,22.50754],[114.09519,22.50728],[114.08854,22.50584],[114.08554,22.50456],[114.08239,22.50424],[114.08093,22.50434],[114.07993,22.50462],[114.07896,22.5051],[114.07813,22.50571],[114.07741,22.50648],[114.07669,22.50774],[114.07489,22.51258],[114.07418,22.51349],[114.07326,22.51417],[114.07228,22.51457],[114.07108,22.51473],[114.06342,22.51422]],[[114.12117,22.50705],[114.11892,22.50893],[114.11785,22.50999],[114.11714,22.51103],[114.11656,22.51229],[114.11623,22.51354],[114.11614,22.51443],[114.11649,22.51935],[114.11631,22.52092],[114.11568,22.52264],[114.1135,22.52676],[114.11323,22.52766],[114.11297,22.52958]],[[114.11392,22.52594],[114.11336,22.52722],[114.11307,22.52883]],[[114.11351,22.52818],[114.11355,22.52719],[114.11376,22.52642],[114.1159,22.52229],[114.1164,22.52075],[114.11655,22.519],[114.11621,22.51421],[114.11651,22.51261],[114.11701,22.51138],[114.11768,22.5103],[114.11865,22.50923],[114.12595,22.50303]],[[114.12331,22.50518],[114.12117,22.50705]],[[114.12117,22.50705],[114.12595,22.50303]],[[114.1734,22.44455],[114.1713,22.44449],[114.16888,22.44466],[114.16748,22.44502],[114.16621,22.44563],[114.16485,22.44675],[114.16098,22.45123],[114.16009,22.45209],[114.15827,22.45325],[114.15536,22.45438],[114.15384,22.45517],[114.15248,22.45631],[114.15149,22.45775],[114.15091,22.45961],[114.15094,22.46167],[114.15328,22.47011],[114.15515,22.4801],[114.1551,22.48135],[114.15478,22.48274],[114.15414,22.48417],[114.15335,22.48528],[114.15196,22.48659],[114.14997,22.48768],[114.14851,22.48812],[114.1435,22.48899],[114.14225,22.48945],[114.14115,22.49007],[114.1352,22.49511],[114.12926,22.50014],[114.12331,22.50518]],[[114.12595,22.50303],[114.13357,22.49656],[114.14118,22.49009],[114.14227,22.48949],[114.14351,22.48902],[114.1485,22.48815],[114.15002,22.4877],[114.15184,22.48672],[114.15338,22.4853],[114.15429,22.48398],[114.15483,22.48274],[114.15514,22.48135],[114.15518,22.47999],[114.15329,22.46997],[114.15103,22.46195],[114.15092,22.45983],[114.15116,22.45866],[114.15152,22.45777],[114.15251,22.45633],[114.1537,22.45531],[114.15537,22.45441],[114.15835,22.45325],[114.15997,22.45224],[114.16101,22.45125],[114.16495,22.44669],[114.16623,22.44571],[114.1674,22.44518],[114.16866,22.4449],[114.17383,22.4446]],[[114.17201,22.44454],[114.1691,22.44468]],[[114.17201,22.44454],[114.1691,22.44468]],[[114.1691,22.44468],[114.17201,22.44454]],[[114.16911,22.4448],[114.17202,22.44465]],[[114.16911,22.4448],[114.17202,22.44465]],[[114.17202,22.44465],[114.16911,22.4448]],[[114.17338,22.32462],[114.17276,22.32349],[114.17249,22.32236]],[[114.17274,22.32323],[114.17251,22.32209],[114.17255,22.32097]],[[114.17255,22.32097],[114.1725,22.32225],[114.1729,22.32376],[114.17274,22.32323]],[[114.17255,22.32097],[114.17269,22.32061],[114.17252,22.32171],[114.17274,22.32323]],[[114.17302,22.28173],[114.17168,22.28159],[114.17045,22.28129],[114.1686,22.28048],[114.16767,22.27985],[114.1655,22.27757],[114.16386,22.27622],[114.16471,22.27737],[114.16652,22.2792],[114.16794,22.28024],[114.17011,22.28126],[114.17167,22.28161],[114.17302,22.28173]],[[114.17338,22.32462],[114.17635,22.33043],[114.17674,22.33197],[114.1768,22.33375],[114.17663,22.3349],[114.17624,22.33615],[114.17398,22.34022],[114.17352,22.3415],[114.17177,22.35121],[114.17002,22.36091],[114.16994,22.3619],[114.17006,22.36307],[114.17068,22.36474],[114.173,22.36859],[114.17381,22.36964],[114.17476,22.37047],[114.1817,22.3755],[114.18447,22.37872]],[[114.18045,22.28149],[114.18157,22.2817],[114.1829,22.28261],[114.18404,22.28423],[114.18442,22.28542],[114.18441,22.28592],[114.18179,22.2981],[114.18178,22.29926],[114.18226,22.30462],[114.18179,22.30674],[114.1815,22.30736],[114.17648,22.31229],[114.17533,22.31416],[114.173,22.31977],[114.17263,22.32098],[114.17255,22.32178],[114.17269,22.3229],[114.17338,22.32462]],[[114.20669,22.40496],[114.20981,22.40661],[114.21051,22.40727],[114.21102,22.40827],[114.21112,22.40952],[114.21008,22.41219],[114.20999,22.41296],[114.21006,22.41362],[114.21064,22.41482],[114.2122,22.41629],[114.21278,22.41701],[114.21313,22.41781],[114.2133,22.41886],[114.21324,22.42012],[114.213,22.42107],[114.2125,22.42211],[114.21196,22.42285],[114.21043,22.42417],[114.20533,22.42736],[114.20193,22.42974],[114.20121,22.43053],[114.20066,22.43144],[114.19979,22.4341],[114.19942,22.43486],[114.19881,22.4356],[114.19795,22.43622],[114.19672,22.43662],[114.19229,22.437],[114.18916,22.4377],[114.18775,22.43831],[114.17893,22.44314],[114.17593,22.44417],[114.1734,22.44455]],[[114.17383,22.4446],[114.17644,22.44407],[114.17894,22.44317],[114.18778,22.43835],[114.18889,22.43789],[114.19065,22.43748],[114.19663,22.43674],[114.19807,22.43621],[114.19897,22.43551],[114.19953,22.43476],[114.20062,22.4316],[114.20114,22.4307],[114.20179,22.42992],[114.2025,22.42931],[114.20514,22.42753],[114.21076,22.42399],[114.21201,22.42285],[114.21254,22.42212],[114.21304,22.42106],[114.21328,22.42013],[114.21334,22.41886],[114.21317,22.41781],[114.21281,22.417],[114.21223,22.41626],[114.21071,22.41485],[114.2101,22.41362],[114.21003,22.4128],[114.21014,22.41215],[114.21112,22.40971],[114.2111,22.4084],[114.21073,22.40752],[114.21,22.40671],[114.20679,22.40497]],[[114.17476,22.28171],[114.17683,22.28159],[114.17683,22.2815]],[[114.17683,22.2815],[114.17475,22.28161],[114.17476,22.28171]],[[114.17683,22.2815],[114.17476,22.28162],[114.17476,22.28171]],[[114.17476,22.28171],[114.17683,22.28159],[114.17683,22.2815]],[[114.17501,22.2817],[114.18045,22.28149]],[[114.18045,22.28149],[114.17501,22.2817]],[[114.1845,22.3787],[114.18173,22.37547],[114.17478,22.37044],[114.17365,22.3694],[114.17304,22.36857],[114.17064,22.36458],[114.1702,22.36347],[114.16999,22.36213],[114.17012,22.36058],[114.17184,22.35105],[114.17355,22.34153],[114.17402,22.34023],[114.17622,22.33631],[114.17667,22.33489],[114.17685,22.33365],[114.17679,22.33205],[114.17638,22.33041],[114.17292,22.32352],[114.17261,22.32209],[114.17272,22.32081],[114.17304,22.31978],[114.17578,22.31336],[114.17663,22.31219],[114.18153,22.30738],[114.18183,22.30675],[114.18239,22.30442],[114.18237,22.30304],[114.18191,22.29956],[114.18192,22.29812],[114.18447,22.2864],[114.18456,22.28539],[114.1841,22.28408],[114.183,22.28256],[114.18194,22.28175],[114.18121,22.28152],[114.18045,22.28149]],[[114.18447,22.37872],[114.18535,22.37969],[114.18867,22.3843]],[[114.18447,22.37872],[114.18543,22.37988],[114.18751,22.38292],[114.18867,22.3843]],[[114.18885,22.38446],[114.18705,22.3818],[114.18508,22.37923],[114.1845,22.3787]],[[114.18885,22.38446],[114.18539,22.37967],[114.1845,22.3787]],[[114.18822,22.38373],[114.18637,22.3812]],[[114.18637,22.3812],[114.18822,22.38373]],[[114.18637,22.3812],[114.18822,22.38373]],[[114.18646,22.38117],[114.18832,22.38367]],[[114.18832,22.38367],[114.18646,22.38117]],[[114.18832,22.38367],[114.18706,22.38184],[114.18646,22.38117]],[[114.18867,22.3843],[114.19016,22.38618],[114.19318,22.38917],[114.19502,22.39078],[114.19607,22.39211]],[[114.19612,22.3921],[114.1949,22.39061],[114.19327,22.3892],[114.19019,22.38616],[114.18885,22.38446]],[[114.20679,22.40497],[114.20555,22.4041],[114.20482,22.40337],[114.20005,22.39614],[114.19954,22.39559],[114.19771,22.39419],[114.19612,22.3921]],[[114.19673,22.39312],[114.20229,22.40174],[114.20333,22.4027],[114.20669,22.40496]],[[114.19731,22.39379],[114.19795,22.39448],[114.19948,22.39559],[114.20003,22.39617],[114.20443,22.40295],[114.20506,22.40371],[114.20575,22.40429]],[[114.20575,22.40429],[114.20314,22.40251],[114.20216,22.40151],[114.20039,22.39882],[114.19984,22.39764],[114.19731,22.39379]],[[114.1991,22.3968],[114.19758,22.39438]],[[114.19758,22.39438],[114.1991,22.3968]],[[114.19758,22.39438],[114.1991,22.3968]],[[114.19771,22.39442],[114.19919,22.39675]],[[114.19919,22.39675],[114.19771,22.39442]],[[114.19919,22.39675],[114.19771,22.39442]],[[114.2021,22.39921],[114.20348,22.40139]],[[114.2021,22.39921],[114.20348,22.40139]],[[114.20348,22.40139],[114.2021,22.39921]],[[114.11384,22.52631],[114.11363,22.52741],[114.11368,22.52848],[114.11354,22.52885],[114.11357,22.52732],[114.11384,22.52631]],[[114.1268,22.50216],[114.12888,22.50029],[114.12894,22.50035],[114.1268,22.50216]],[[114.13755,22.49303],[114.13968,22.49121],[114.13832,22.4922],[114.13755,22.49303]],[[114.13871,22.49213],[114.1398,22.49128],[114.1384,22.49254],[114.13761,22.49307],[114.13871,22.49213]],[[114.1601,22.45215],[114.16195,22.45024],[114.16073,22.45162],[114.1601,22.45215]],[[114.17278,22.32083],[114.17272,22.32154],[114.17285,22.32326],[114.17263,22.32174],[114.17279,22.32063],[114.17278,22.32083]],[[114.17509,22.33841],[114.17642,22.33599],[114.17569,22.33761],[114.17509,22.33841]],[[114.1763,22.33595],[114.17569,22.33722],[114.17495,22.33834],[114.1763,22.33595]],[[114.18211,22.30203],[114.1823,22.30404],[114.18241,22.30403],[114.18232,22.30279],[114.1822,22.30203],[114.18211,22.30203]],[[114.20999,22.41253],[114.21009,22.4138],[114.21079,22.41507],[114.21038,22.41466],[114.21008,22.41391],[114.20993,22.41324],[114.20999,22.41253]],[[114.21069,22.4148],[114.21011,22.4136],[114.21004,22.41287],[114.21016,22.41215],[114.21015,22.41358],[114.21069,22.4148]]]}},{"type":"Feature","properties":{"id":"badge-eal","kind":"badge","ref":"EAL","lineRef":"metro","color":"#53B7E8"},"geometry":{"type":"Point","coordinates":[114.17639,22.33043]}},{"type":"Feature","properties":{"id":"line-tml","kind":"line","lineRef":"metro","ref":"TML","color":"#923011"},"geometry":{"type":"MultiLineString","coordinates":[[[113.97295,22.39431],[113.97348,22.39636]],[[113.97348,22.39636],[113.97339,22.39639],[113.97286,22.39433],[113.97295,22.39431]],[[113.97348,22.39636],[113.97358,22.39634],[113.97305,22.39429],[113.97295,22.39431]],[[113.9731,22.39533],[113.97379,22.39772],[113.97559,22.40194],[113.97736,22.40792],[113.97823,22.40983],[113.97966,22.41428],[113.98175,22.41842],[113.98438,22.42315],[113.98793,22.4306],[113.99148,22.43804],[113.99278,22.43984],[113.99429,22.44131],[113.99644,22.44273],[114.00122,22.445],[114.00234,22.44591],[114.00625,22.44981],[114.00706,22.45041],[114.00806,22.45091],[114.00917,22.45122],[114.01015,22.45132],[114.01128,22.45125],[114.01274,22.45086],[114.02054,22.44803],[114.02244,22.44776],[114.0286,22.44768],[114.02983,22.44737],[114.03174,22.44649],[114.03301,22.44622],[114.03987,22.44619],[114.04861,22.44675],[114.05286,22.44612],[114.05495,22.44541],[114.05643,22.44447],[114.05765,22.44321],[114.06646,22.43055],[114.06703,22.42918],[114.07076,22.41638],[114.07245,22.41268],[114.07388,22.41043],[114.07894,22.40447],[114.084,22.39851],[114.08906,22.39255],[114.09467,22.38577],[114.10029,22.37898],[114.1059,22.3722],[114.11419,22.36443],[114.11728,22.36247],[114.11997,22.35976],[114.12065,22.35925],[114.12349,22.35814],[114.1244,22.35767],[114.12892,22.35315],[114.12954,22.35231],[114.13613,22.34134],[114.1365,22.34027],[114.13679,22.33617],[114.13708,22.33538],[114.13761,22.33468],[114.13854,22.33403],[114.14733,22.33044],[114.15033,22.32902],[114.15312,22.32717],[114.15701,22.32382],[114.15826,22.32213],[114.1604,22.31829],[114.16583,22.30592],[114.16787,22.30208],[114.16817,22.30088]],[[114.16817,22.30088],[114.16777,22.30207],[114.16537,22.30648],[114.1636,22.31083],[114.16032,22.31826],[114.15931,22.3202],[114.15725,22.32346],[114.15391,22.32648],[114.15216,22.3278],[114.15029,22.32897],[114.1473,22.33038],[114.13851,22.33397],[114.13755,22.33463],[114.13701,22.33535],[114.13671,22.33616],[114.13643,22.34026],[114.13607,22.34131],[114.12949,22.35227],[114.12887,22.35311],[114.12436,22.35762],[114.12347,22.35809],[114.12061,22.35919],[114.11992,22.35971],[114.11723,22.36242],[114.11414,22.36438],[114.10585,22.37216],[114.10023,22.37894],[114.09461,22.38572],[114.08899,22.3925],[114.08394,22.39847],[114.07889,22.40443],[114.07384,22.4104],[114.07239,22.41266],[114.07068,22.41636],[114.06692,22.42914],[114.06645,22.43026],[114.06189,22.4368],[114.05733,22.44333],[114.05599,22.44463],[114.05455,22.44549],[114.05284,22.44607],[114.04852,22.44671],[114.03904,22.44602],[114.03324,22.44601],[114.03208,22.44626],[114.03004,22.44721],[114.02897,22.44751],[114.02275,22.44759],[114.02079,22.44787],[114.01279,22.45079],[114.0115,22.45113],[114.01035,22.45122],[114.00927,22.4511],[114.00809,22.45075],[114.00713,22.45026],[114.00633,22.44964],[114.00194,22.44537],[114.00091,22.44473],[113.99614,22.44246],[113.99434,22.44126],[113.99266,22.43963],[113.99152,22.43802],[113.98797,22.43056],[113.98441,22.4231],[113.9818,22.4184],[113.97998,22.41479],[113.97829,22.40946],[113.97735,22.40762],[113.97564,22.4019],[113.97425,22.39874],[113.97332,22.39528]],[[113.97922,22.41278],[113.97865,22.41085]],[[113.97865,22.41085],[113.97922,22.41278]],[[113.97922,22.41278],[113.97865,22.41085]],[[114.00378,22.44722],[114.00525,22.44872]],[[114.00525,22.44872],[114.00378,22.44722]],[[114.00525,22.44872],[114.00378,22.44722]],[[114.02433,22.44767],[114.02641,22.44768]],[[114.02641,22.44768],[114.02433,22.44767]],[[114.02433,22.44767],[114.02641,22.44768]],[[114.03616,22.44606],[114.03616,22.44614],[114.03433,22.44615],[114.03433,22.44607]],[[114.0629,22.43552],[114.06283,22.43575],[114.06393,22.43407]],[[114.06393,22.43407],[114.06401,22.43383],[114.0629,22.43552]],[[114.16611,22.30521],[114.16699,22.30354]],[[114.16699,22.30354],[114.16611,22.30521]],[[114.16611,22.30521],[114.16699,22.30354]],[[114.16817,22.30088],[114.16925,22.29611]],[[114.16925,22.29611],[114.16817,22.30088]],[[114.18066,22.29935],[114.17745,22.29667],[114.17359,22.29476],[114.1726,22.29459],[114.17051,22.29461],[114.17003,22.2948],[114.16968,22.29511],[114.16925,22.29611]],[[114.16925,22.29611],[114.16962,22.29531],[114.17033,22.29475],[114.17115,22.29462],[114.17311,22.29481],[114.17767,22.29695],[114.18056,22.29932]],[[114.17634,22.29618],[114.17377,22.29494]],[[114.17634,22.29618],[114.17377,22.29494]],[[114.17377,22.29494],[114.17634,22.29618]],[[114.18688,22.3137],[114.18559,22.31304],[114.18451,22.31214],[114.18191,22.30812],[114.18182,22.30714],[114.18245,22.3044],[114.18238,22.30279],[114.18196,22.30091],[114.18066,22.29935]],[[114.18085,22.29962],[114.18169,22.3006],[114.18207,22.30214],[114.1823,22.30482],[114.18177,22.30713],[114.18186,22.30813],[114.18358,22.31115],[114.18411,22.31186],[114.1852,22.31285],[114.18688,22.3137]],[[114.18688,22.3137],[114.18746,22.31414],[114.18769,22.31488],[114.18756,22.31612],[114.1876,22.32206],[114.18884,22.32461],[114.18948,22.32513],[114.19642,22.32772],[114.19733,22.32828],[114.20354,22.33439],[114.20377,22.33492],[114.20386,22.33563],[114.20361,22.33688],[114.2033,22.33769],[114.20271,22.33847],[114.20008,22.34053],[114.19875,22.3419],[114.19771,22.34263],[114.19657,22.34308],[114.19506,22.34344],[114.19358,22.3436],[114.19132,22.34352],[114.18982,22.34376],[114.18842,22.34447],[114.18616,22.34634],[114.17908,22.35269],[114.172,22.35904],[114.17131,22.35978],[114.17051,22.36115],[114.17035,22.36208],[114.17045,22.36281],[114.17129,22.3653],[114.17359,22.36899],[114.17421,22.3697],[114.17637,22.37135],[114.1798,22.37332],[114.18046,22.37358],[114.18198,22.37382],[114.18336,22.37455],[114.18416,22.37478],[114.18941,22.37458],[114.19058,22.37478],[114.19373,22.37607],[114.19823,22.37944],[114.20106,22.38077],[114.20235,22.38168],[114.20562,22.38479],[114.20912,22.38837],[114.20964,22.38905],[114.20986,22.38963],[114.20994,22.39039],[114.20949,22.39252],[114.20962,22.39416],[114.21,22.39543],[114.21062,22.39685],[114.21199,22.39902],[114.21462,22.40177],[114.21614,22.40287],[114.21849,22.40408],[114.21969,22.40487],[114.22116,22.40613],[114.2223,22.40752],[114.22362,22.41],[114.22376,22.41069],[114.22377,22.41219],[114.22391,22.41279],[114.22545,22.4165],[114.22752,22.4221],[114.2281,22.42308],[114.22894,22.42383],[114.23007,22.42427],[114.23424,22.42547],[114.23742,22.42583],[114.23837,22.42607],[114.23921,22.42652],[114.24187,22.42853],[114.24389,22.42908]],[[114.24385,22.42922],[114.24206,22.42872],[114.23918,22.42655],[114.23832,22.4261],[114.23741,22.42588],[114.23449,22.42557],[114.23281,22.42522],[114.22963,22.42426],[114.22876,22.42377],[114.22813,22.42319],[114.22747,22.42211],[114.22389,22.41285],[114.22372,22.41221],[114.22371,22.41094],[114.22357,22.41027],[114.22202,22.40726],[114.22113,22.40615],[114.21967,22.4049],[114.21847,22.40411],[114.21612,22.4029],[114.21476,22.40194],[114.21365,22.40091],[114.21195,22.39904],[114.21047,22.39663],[114.2096,22.39424],[114.20944,22.39269],[114.20988,22.3904],[114.20981,22.38979],[114.20956,22.38915],[114.20555,22.38486],[114.20184,22.38138],[114.20083,22.3807],[114.19823,22.37949],[114.19359,22.37614],[114.19057,22.37483],[114.18951,22.37462],[114.1841,22.37481],[114.18334,22.37458],[114.18198,22.37386],[114.18043,22.37362],[114.17978,22.37337],[114.17635,22.3714],[114.17432,22.3699],[114.17355,22.36906],[114.17126,22.36532],[114.17042,22.36283],[114.1703,22.36185],[114.17049,22.36104],[114.17139,22.3595],[114.17188,22.35894],[114.17977,22.35189],[114.18765,22.34484],[114.18885,22.34396],[114.19007,22.34351],[114.191,22.3434],[114.1938,22.34343],[114.19737,22.34246],[114.20257,22.33835],[114.20311,22.33761],[114.20343,22.33684],[114.20367,22.33563],[114.20341,22.33448],[114.19722,22.3284],[114.19635,22.32785],[114.19002,22.3255],[114.18928,22.32509],[114.18882,22.32463],[114.18758,22.32207],[114.18754,22.31612],[114.18766,22.31487],[114.18744,22.31415],[114.18688,22.3137]],[[114.19999,22.33095],[114.19857,22.32955]],[[114.19857,22.32955],[114.19999,22.33095]],[[114.19857,22.32955],[114.19999,22.33095]],[[114.10921,22.36889],[114.10911,22.36879],[114.11068,22.36736],[114.11079,22.36745],[114.10921,22.36889]],[[114.1093,22.36896],[114.1094,22.36906],[114.11097,22.36763],[114.11087,22.36753],[114.1093,22.36896]],[[114.1364,22.33787],[114.13634,22.3396],[114.13643,22.33992],[114.13653,22.33788],[114.1364,22.33787]],[[114.13678,22.33789],[114.13666,22.33993],[114.13657,22.33993],[114.13667,22.33788],[114.13678,22.33789]],[[114.15307,22.32711],[114.15302,22.32705],[114.15465,22.32571],[114.15471,22.32578],[114.15307,22.32711]],[[114.1532,22.32725],[114.15484,22.3259],[114.15478,22.32585],[114.15314,22.32718],[114.1532,22.32725]],[[114.18225,22.30213],[114.18244,22.30395],[114.18227,22.30396],[114.18209,22.30214],[114.18225,22.30213]]]}},{"type":"Feature","properties":{"id":"badge-tml","kind":"badge","ref":"TML","lineRef":"metro","color":"#923011"},"geometry":{"type":"Point","coordinates":[114.072,22.41367]}},{"type":"Feature","properties":{"id":"line-sil","kind":"line","lineRef":"metro","ref":"SIL","color":"#B6BD00"},"geometry":{"type":"MultiLineString","coordinates":[[[114.1661,22.27836],[114.16412,22.2764],[114.16351,22.27562],[114.16323,22.27495],[114.16314,22.27436],[114.16328,22.27344],[114.16329,22.27344],[114.16774,22.26668],[114.1722,22.25991],[114.17665,22.25315],[114.17691,22.25261],[114.17703,22.25189],[114.17677,22.25077],[114.1764,22.25018],[114.17551,22.24932],[114.17348,22.24826],[114.17112,22.24836],[114.16994,22.24828],[114.16561,22.24742],[114.16292,22.24728],[114.16171,22.24695],[114.16096,22.24644],[114.15917,22.24477],[114.15809,22.24408],[114.1569,22.24258],[114.15468,22.2406],[114.15412,22.2403],[114.15299,22.24017],[114.15109,22.24053],[114.15014,22.24111],[114.14909,22.24235]],[[114.14919,22.24241],[114.15022,22.24119],[114.15113,22.24064],[114.153,22.24029],[114.15408,22.24041],[114.15459,22.24069],[114.15681,22.24267],[114.15806,22.24413],[114.15914,22.2448],[114.16093,22.24647],[114.16169,22.24699],[114.1627,22.2473],[114.1656,22.24746],[114.16877,22.24822],[114.17028,22.24845],[114.17139,22.24847],[114.17293,22.24829],[114.17363,22.24836],[114.17534,22.24925],[114.17623,22.25006],[114.17673,22.25078],[114.17698,22.25189],[114.17686,22.25259],[114.17659,22.25313],[114.17213,22.25989],[114.16768,22.26665],[114.16322,22.27341],[114.16307,22.27437],[114.16332,22.27541],[114.16367,22.27597],[114.16595,22.27847]]]}},{"type":"Feature","properties":{"id":"badge-sil","kind":"badge","ref":"SIL","lineRef":"metro","color":"#B6BD00"},"geometry":{"type":"Point","coordinates":[114.17685,22.25111]}},{"type":"Feature","properties":{"id":"line-drl","kind":"line","lineRef":"metro","ref":"DRL","color":"#F173AC"},"geometry":{"type":"MultiLineString","coordinates":[[[114.02729,22.33011],[114.02952,22.33216],[114.03019,22.33258],[114.03134,22.33285],[114.03198,22.3328],[114.03275,22.33255],[114.03421,22.33153],[114.03493,22.33071],[114.03523,22.3301],[114.03535,22.32912],[114.03501,22.32662]],[[114.03613,22.31997],[114.03531,22.32204],[114.03499,22.32333],[114.03486,22.32475],[114.03501,22.32662]],[[114.03501,22.32662],[114.03491,22.32475],[114.03504,22.32334],[114.03536,22.32205],[114.03613,22.31997]],[[114.03613,22.31997],[114.03702,22.31828],[114.03765,22.31763],[114.03839,22.31713],[114.0414,22.31585],[114.04283,22.31558],[114.04473,22.31554]]]}},{"type":"Feature","properties":{"id":"badge-drl","kind":"badge","ref":"DRL","lineRef":"metro","color":"#F173AC"},"geometry":{"type":"Point","coordinates":[114.033,22.33238]}},{"type":"Feature","properties":{"id":"line-dingding","kind":"line","lineRef":"tram","ref":"Ding Ding","color":"#009640"},"geometry":{"type":"MultiLineString","coordinates":[[[114.13485,22.28695],[114.13323,22.28731],[114.13277,22.28723],[114.13255,22.28703],[114.13166,22.28544],[114.12938,22.28353],[114.1268,22.28303],[114.12672,22.28291],[114.12678,22.28237],[114.12609,22.28231],[114.12605,22.28294],[114.12935,22.28355],[114.13162,22.28544],[114.1325,22.287],[114.13275,22.28725],[114.1332,22.28734],[114.13476,22.28702]],[[114.15106,22.28679],[114.15048,22.28696],[114.15051,22.2876],[114.14815,22.28819],[114.14723,22.28764],[114.14082,22.28795],[114.13608,22.28669],[114.13485,22.28695]],[[114.13528,22.28687],[114.1361,22.28672],[114.14082,22.28798],[114.14724,22.28767],[114.14815,22.28822],[114.15082,22.28756]],[[114.15082,22.28756],[114.15148,22.28736],[114.15145,22.28672],[114.15329,22.28625],[114.15534,22.28504],[114.15869,22.28094],[114.1603,22.28049],[114.16071,22.28002],[114.16243,22.27951],[114.1637,22.27869],[114.16452,22.27834],[114.16627,22.27803],[114.16919,22.27775],[114.17125,22.27651],[114.17167,22.27641],[114.17493,22.27677],[114.17722,22.27807],[114.17971,22.27882]],[[114.17934,22.27868],[114.1772,22.27804],[114.17493,22.27674],[114.17164,22.27639],[114.17118,22.27652],[114.1692,22.27772],[114.16457,22.2783],[114.16375,22.27864],[114.16242,22.27949],[114.1607,22.28],[114.16028,22.28048],[114.15867,22.28092],[114.15529,22.28505],[114.15328,22.28623],[114.15106,22.28679]],[[114.18399,22.26979],[114.18354,22.26977],[114.18307,22.26995],[114.18224,22.27058],[114.18134,22.27102],[114.18004,22.272],[114.17947,22.27357],[114.17943,22.27429],[114.1797,22.27494],[114.18073,22.27616],[114.18034,22.27663],[114.17963,22.27858]],[[114.18257,22.27987],[114.17965,22.27878]],[[114.17971,22.27882],[114.18245,22.27985]],[[114.18245,22.27985],[114.18317,22.2801],[114.18463,22.28016],[114.18693,22.27943]],[[114.18277,22.27975],[114.18355,22.27788],[114.1824,22.27707],[114.18231,22.27676],[114.18473,22.27162],[114.18479,22.27065],[114.1844,22.26998]],[[114.1869,22.27942],[114.18465,22.28013],[114.18287,22.27998]],[[114.18726,22.27935],[114.1876,22.27941],[114.18828,22.27983],[114.19196,22.28238],[114.1925,22.28348],[114.19287,22.28517],[114.19287,22.28714],[114.19302,22.28769],[114.19507,22.29],[114.1955,22.29021],[114.19653,22.29043]],[[114.19867,22.29084],[114.19551,22.29019],[114.19494,22.28985],[114.19297,22.28752],[114.1929,22.28516],[114.19253,22.28347],[114.19202,22.28242],[114.18826,22.27978],[114.18762,22.27938],[114.18728,22.27932]],[[114.19653,22.29043],[114.19873,22.29088]],[[114.19653,22.29043],[114.19671,22.29056],[114.19672,22.29108],[114.19853,22.29146],[114.1987,22.29138],[114.19873,22.29088]],[[114.19873,22.29088],[114.20471,22.2921],[114.20672,22.29201],[114.20831,22.29145],[114.20882,22.29113],[114.20915,22.29069],[114.21044,22.28682],[114.21164,22.28505],[114.21298,22.28466],[114.21702,22.28465],[114.21868,22.28494],[114.21952,22.28483],[114.22016,22.28436],[114.22259,22.2813],[114.22404,22.28054],[114.22547,22.28012],[114.22711,22.27756],[114.22841,22.2769],[114.22942,22.27671],[114.22973,22.27691],[114.23009,22.27755],[114.23008,22.27785],[114.23023,22.27787],[114.23027,22.27774],[114.2297,22.27681],[114.22945,22.27669],[114.22841,22.27688],[114.22709,22.27754],[114.22548,22.28008],[114.22522,22.28024],[114.22402,22.28052],[114.22257,22.28128],[114.22006,22.28444],[114.21951,22.28481],[114.21868,22.28492],[114.21703,22.28463],[114.21301,22.28464],[114.21163,22.28503],[114.21044,22.28678],[114.20913,22.29067],[114.20881,22.29111],[114.20834,22.29141],[114.20676,22.29198],[114.20465,22.29207],[114.19867,22.29084]]]}},{"type":"Feature","properties":{"id":"badge-dingding","kind":"badge","ref":"Ding Ding","lineRef":"tram","color":"#009640"},"geometry":{"type":"Point","coordinates":[114.23024,22.27784]}},{"type":"Feature","properties":{"id":"line-peaktram","kind":"line","lineRef":"tram","ref":"Peak","color":"#5C4033"},"geometry":{"type":"MultiLineString","coordinates":[[[114.14999,22.27114],[114.1524,22.27088]],[[114.15568,22.27306],[114.1541,22.2709],[114.1536,22.27073],[114.1524,22.27088]],[[114.1524,22.27088],[114.15353,22.27075],[114.15404,22.27091],[114.15568,22.27306]],[[114.15568,22.27306],[114.15838,22.27694]],[[114.15838,22.27694],[114.15865,22.27732],[114.15868,22.27761],[114.15956,22.27797],[114.15956,22.27776],[114.15884,22.27744],[114.15838,22.27694]]]}},{"type":"Feature","properties":{"id":"badge-peaktram","kind":"badge","ref":"Peak","lineRef":"tram","color":"#5C4033"},"geometry":{"type":"Point","coordinates":[114.15703,22.275]}},{"type":"Feature","properties":{"id":"line-lrt-505","kind":"line","lineRef":"tram","ref":"505","color":"#E6180A"},"geometry":{"type":"MultiLineString","coordinates":[[[113.96348,22.40658],[113.96448,22.40757],[113.9655,22.40783],[113.96693,22.40758],[113.9698,22.40663],[113.97375,22.4077],[113.97507,22.4084],[113.97592,22.40931],[113.97633,22.41023],[113.97638,22.41101],[113.97627,22.41204],[113.9764,22.41231],[113.9768,22.4124],[113.97785,22.41214],[113.97822,22.41169],[113.97819,22.41095],[113.97761,22.40931],[113.97741,22.40924],[113.97611,22.40948],[113.97512,22.4084],[113.97385,22.4077],[113.96977,22.40659],[113.96692,22.40754],[113.96534,22.40777],[113.96439,22.40746],[113.96341,22.40644],[113.96324,22.40601],[113.96334,22.40565],[113.96362,22.40542],[113.96494,22.40519],[113.96615,22.40457],[113.96708,22.40366],[113.96765,22.40264],[113.9678,22.4016],[113.96724,22.39838],[113.96751,22.39545],[113.97206,22.39442],[113.97257,22.39397],[113.9737,22.39373],[113.97432,22.39389],[113.9746,22.39377],[113.97501,22.39283],[113.97518,22.38963],[113.975,22.38286],[113.97519,22.38246],[113.97542,22.38232],[113.97723,22.383],[113.97755,22.38286],[113.97746,22.38254],[113.97711,22.38241],[113.97623,22.38252],[113.97537,22.38228],[113.97515,22.38244],[113.97483,22.38308],[113.97507,22.38547],[113.97515,22.38921],[113.97485,22.39088],[113.97497,22.39282],[113.9746,22.39366],[113.97437,22.39384],[113.97368,22.39368],[113.97257,22.39392],[113.97207,22.39438],[113.96835,22.39529],[113.96753,22.39531],[113.96724,22.39604],[113.96612,22.3962],[113.96609,22.39703],[113.96665,22.39805],[113.96666,22.39921],[113.96743,22.39979],[113.96775,22.4015],[113.96771,22.40232],[113.96723,22.40336],[113.96595,22.40464],[113.96498,22.40514],[113.96376,22.40533],[113.96339,22.40553],[113.9632,22.40603],[113.96348,22.40658]],[[113.97262,22.39389],[113.97351,22.3937],[113.97348,22.39359],[113.97267,22.39376],[113.97262,22.39389]],[[113.97274,22.39406],[113.9735,22.39396],[113.97353,22.39378],[113.97265,22.39398],[113.97274,22.39406]]]}},{"type":"Feature","properties":{"id":"badge-lrt-505","kind":"badge","ref":"505","lineRef":"tram","color":"#E6180A"},"geometry":{"type":"Point","coordinates":[113.9713,22.39459]}},{"type":"Feature","properties":{"id":"line-lrt-507","kind":"line","lineRef":"tram","ref":"507","color":"#1A8539"},"geometry":{"type":"MultiLineString","coordinates":[[[113.96742,22.37206],[113.96783,22.37204],[113.96806,22.37221],[113.96805,22.373],[113.96655,22.37578],[113.9665,22.37613],[113.96662,22.37667],[113.96728,22.3782],[113.96983,22.37978],[113.97017,22.38013],[113.97057,22.38334],[113.97078,22.38345],[113.9747,22.38325],[113.97493,22.38343],[113.97516,22.3887],[113.97511,22.38982],[113.97485,22.39088],[113.97493,22.39296],[113.97443,22.39382],[113.97368,22.39368],[113.97257,22.39392],[113.97222,22.39432],[113.97344,22.39885],[113.97496,22.40091],[113.97542,22.40202],[113.97519,22.40231],[113.974,22.40268],[113.97264,22.40278],[113.97155,22.4027],[113.96954,22.40489],[113.96805,22.40449],[113.96659,22.40452],[113.96493,22.40516],[113.96369,22.40535],[113.96334,22.40558],[113.9632,22.40591],[113.96327,22.40631],[113.96443,22.40753],[113.96542,22.40782],[113.96606,22.40779],[113.96673,22.40804],[113.96699,22.40784],[113.96681,22.4076],[113.96559,22.40779],[113.96447,22.40751],[113.96334,22.40635],[113.96325,22.40596],[113.96336,22.40562],[113.96371,22.40538],[113.96494,22.40519],[113.96621,22.40464],[113.96702,22.40452],[113.96817,22.40454],[113.96953,22.40495],[113.9716,22.40278],[113.97267,22.40285],[113.97402,22.40272],[113.97521,22.40234],[113.97548,22.40203],[113.97499,22.40089],[113.97348,22.39884],[113.97227,22.39434],[113.97247,22.39402],[113.97308,22.39385],[113.9737,22.39373],[113.97449,22.39386],[113.97498,22.39298],[113.9752,22.38882],[113.97498,22.38339],[113.97475,22.3832],[113.97087,22.38341],[113.9706,22.38328],[113.97033,22.38049],[113.9702,22.3801],[113.96983,22.37974],[113.96731,22.37818],[113.96666,22.37667],[113.96659,22.37579],[113.9681,22.37299],[113.9681,22.3722],[113.96784,22.372],[113.96742,22.37206]],[[113.96742,22.37206],[113.96648,22.37234],[113.96601,22.37296],[113.9657,22.373],[113.96549,22.37282],[113.96562,22.37252],[113.96742,22.37206]],[[113.97262,22.39389],[113.97351,22.3937],[113.97348,22.39359],[113.97267,22.39376],[113.97262,22.39389]],[[113.97274,22.39406],[113.9735,22.39396],[113.97353,22.39378],[113.97265,22.39398],[113.97274,22.39406]]]}},{"type":"Feature","properties":{"id":"badge-lrt-507","kind":"badge","ref":"507","lineRef":"tram","color":"#1A8539"},"geometry":{"type":"Point","coordinates":[113.96699,22.40783]}},{"type":"Feature","properties":{"id":"line-lrt-610","kind":"line","lineRef":"tram","ref":"610","color":"#8D3219"},"geometry":{"type":"LineString","coordinates":[[113.96564,22.37306],[113.96231,22.3738],[113.96042,22.3759],[113.9603,22.37626],[113.96039,22.37653],[113.96275,22.3796],[113.96347,22.38231],[113.96546,22.38614],[113.96593,22.38803],[113.96743,22.39137],[113.96743,22.39478],[113.9672,22.39838],[113.96776,22.40204],[113.9676,22.40265],[113.96717,22.40347],[113.96648,22.40423],[113.96652,22.40447],[113.96804,22.40452],[113.96953,22.40495],[113.9716,22.40278],[113.97267,22.40285],[113.97394,22.40273],[113.97519,22.40236],[113.97545,22.40239],[113.97883,22.41354],[113.97977,22.41479],[113.98171,22.4185],[113.9826,22.41973],[113.99139,22.42897],[113.99396,22.43115],[114.00232,22.43711],[114.01041,22.44214],[114.01348,22.44342],[114.0167,22.4441],[114.01796,22.44409],[114.02092,22.44459],[114.0318,22.44446],[114.03217,22.44457],[114.03306,22.4455],[114.03363,22.4458],[114.03521,22.44562],[114.03595,22.44539],[114.03599,22.44504],[114.03567,22.44488],[114.03529,22.44539],[114.03458,22.44542],[114.0342,22.44565],[114.0336,22.44575],[114.03307,22.44547],[114.0322,22.44454],[114.03181,22.44442],[114.02099,22.44456],[114.01799,22.44407],[114.01663,22.44405],[114.01303,22.44323],[114.01116,22.4425],[114.01026,22.442],[114.00235,22.43708],[113.99472,22.4317],[113.99324,22.43052],[113.99142,22.42894],[113.98263,22.4197],[113.98186,22.41868],[113.97975,22.41466],[113.97887,22.41353],[113.97781,22.40966],[113.97756,22.4092],[113.97552,22.40238],[113.9752,22.40231],[113.97386,22.4027],[113.97264,22.40278],[113.97159,22.40269],[113.96951,22.4049],[113.96818,22.40451],[113.96663,22.40442],[113.96659,22.40418],[113.96712,22.40361],[113.96761,22.40274],[113.96781,22.4019],[113.96724,22.39838],[113.96752,22.39483],[113.96747,22.39136],[113.96599,22.38809],[113.96553,22.38619],[113.96346,22.38209],[113.96279,22.37959],[113.96043,22.37652],[113.96035,22.37626],[113.96045,22.37592],[113.96234,22.37383],[113.96668,22.37282],[113.96741,22.37255],[113.96747,22.37227],[113.96727,22.37214],[113.96678,22.37225],[113.96635,22.37283],[113.96564,22.37306]]}},{"type":"Feature","properties":{"id":"badge-lrt-610","kind":"badge","ref":"610","lineRef":"tram","color":"#8D3219"},"geometry":{"type":"Point","coordinates":[114.03426,22.44562]}},{"type":"Feature","properties":{"id":"line-lrt-614","kind":"line","lineRef":"tram","ref":"614","color":"#44ADC3"},"geometry":{"type":"MultiLineString","coordinates":[[[113.96691,22.37222],[113.96644,22.37282],[113.96577,22.37301],[113.96551,22.37286],[113.96562,22.37252],[113.96742,22.37206]],[[113.96742,22.37206],[113.96783,22.37204],[113.96806,22.37221],[113.96805,22.373],[113.96655,22.37578],[113.9665,22.37613],[113.96662,22.37667],[113.96728,22.3782],[113.96983,22.37978],[113.97017,22.38013],[113.97057,22.38334],[113.97078,22.38345],[113.9747,22.38325],[113.97493,22.38343],[113.97515,22.38921],[113.97485,22.39088],[113.97498,22.3927],[113.97458,22.39385],[113.97474,22.39401],[113.97747,22.39491],[113.97773,22.39513],[113.97778,22.39545],[113.97739,22.3978],[113.97747,22.399],[113.97964,22.40375],[113.97953,22.40446],[113.97892,22.40534],[113.97869,22.40589],[113.97887,22.40767],[113.97783,22.40861],[113.97762,22.40906],[113.97766,22.40955],[113.97821,22.41135]],[[113.97828,22.41145],[113.9777,22.40955],[113.97766,22.40906],[113.97791,22.40858],[113.97892,22.40766],[113.97873,22.40589],[113.97894,22.40539],[113.97958,22.40446],[113.97969,22.40379],[113.97751,22.399],[113.97743,22.39781],[113.9778,22.39515],[113.97749,22.39487],[113.97477,22.39397],[113.97464,22.39383],[113.97503,22.3927],[113.97505,22.39049],[113.97518,22.38963],[113.97498,22.38339],[113.97475,22.3832],[113.97087,22.38341],[113.9706,22.38328],[113.97033,22.38049],[113.9702,22.3801],[113.96983,22.37974],[113.96731,22.37818],[113.96666,22.37667],[113.96659,22.37579],[113.9681,22.37299],[113.9681,22.3722],[113.96784,22.372],[113.96742,22.37206]],[[113.97827,22.41159],[113.97883,22.41354],[113.97977,22.41479],[113.98223,22.41928],[113.99173,22.42929],[113.99455,22.43162],[114.00174,22.43672],[114.01041,22.44214],[114.01348,22.44342],[114.0167,22.4441],[114.01796,22.44409],[114.02092,22.44459],[114.0318,22.44446],[114.03217,22.44457],[114.03306,22.4455],[114.03363,22.4458],[114.034,22.44583],[114.03449,22.44557],[114.03581,22.44548],[114.03598,22.44536],[114.03597,22.44501],[114.03567,22.44488],[114.03529,22.44539],[114.03458,22.44542],[114.0342,22.44565],[114.0336,22.44575],[114.03307,22.44547],[114.0322,22.44454],[114.03181,22.44442],[114.02099,22.44456],[114.01799,22.44407],[114.01663,22.44405],[114.01349,22.44338],[114.01053,22.44216],[114.00177,22.43669],[113.99472,22.4317],[113.99175,22.42927],[113.98209,22.41903],[113.97981,22.41477],[113.97887,22.41353],[113.97828,22.41145]]]}},{"type":"Feature","properties":{"id":"badge-lrt-614","kind":"badge","ref":"614","lineRef":"tram","color":"#44ADC3"},"geometry":{"type":"Point","coordinates":[114.03597,22.44502]}},{"type":"Feature","properties":{"id":"line-lrt-615","kind":"line","lineRef":"tram","ref":"615","color":"#F4E619"},"geometry":{"type":"MultiLineString","coordinates":[[[113.96691,22.37222],[113.96656,22.37234],[113.96614,22.37292],[113.96231,22.3738],[113.96042,22.3759],[113.96031,22.37616],[113.96039,22.37653],[113.96275,22.3796],[113.96347,22.38231],[113.96546,22.38614],[113.96593,22.38803],[113.96746,22.39154],[113.96743,22.39478],[113.9672,22.39838],[113.96775,22.4015],[113.96768,22.40242],[113.96723,22.40336],[113.9661,22.40452],[113.96498,22.40514],[113.96355,22.40541],[113.96325,22.40574],[113.96321,22.40615],[113.96385,22.40701],[113.96443,22.40753],[113.96557,22.40784],[113.967,22.40756],[113.96955,22.40666],[113.97005,22.40666],[113.97432,22.40793],[113.97532,22.40861],[113.97599,22.40945]],[[113.97597,22.40933],[113.97522,22.40847],[113.9742,22.40784],[113.97005,22.40662],[113.96959,22.40661],[113.96699,22.40752],[113.96551,22.40779],[113.96443,22.40748],[113.96389,22.40699],[113.96327,22.40617],[113.9633,22.40573],[113.96356,22.40545],[113.96494,22.40519],[113.96627,22.40447],[113.96712,22.40361],[113.96772,22.40243],[113.96779,22.4015],[113.96724,22.39838],[113.96752,22.39483],[113.96748,22.39144],[113.96599,22.38809],[113.96553,22.38619],[113.96346,22.38209],[113.96279,22.37959],[113.96043,22.37652],[113.96035,22.37615],[113.96234,22.37383],[113.96518,22.37324],[113.96735,22.37259],[113.96748,22.37245],[113.96734,22.37216],[113.96691,22.37222]],[[113.97607,22.40952],[113.97733,22.40931],[113.97756,22.40941],[113.97883,22.41354],[113.97977,22.41479],[113.98223,22.41928],[113.99173,22.42929],[113.99455,22.43162],[114.00174,22.43672],[114.01022,22.44203],[114.01177,22.4428],[114.01348,22.44342],[114.0167,22.4441],[114.01796,22.44409],[114.02092,22.44459],[114.0318,22.44446],[114.03217,22.44457],[114.03306,22.4455],[114.03363,22.4458],[114.03511,22.44568],[114.03598,22.44536],[114.03597,22.44501],[114.03567,22.44488],[114.03529,22.44539],[114.03458,22.44542],[114.0342,22.44565],[114.0336,22.44575],[114.03307,22.44547],[114.0322,22.44454],[114.03181,22.44442],[114.02099,22.44456],[114.01799,22.44407],[114.01663,22.44405],[114.01303,22.44323],[114.01116,22.4425],[114.01026,22.442],[114.00177,22.43669],[113.99472,22.4317],[113.99175,22.42927],[113.98209,22.41903],[113.97981,22.41477],[113.97887,22.41353],[113.97764,22.40934],[113.97741,22.40924],[113.9762,22.4095],[113.97597,22.40933]],[[113.97599,22.40945],[113.97636,22.4104],[113.97627,22.41202],[113.97636,22.41227],[113.9766,22.4124],[113.97694,22.41238],[113.9779,22.41213],[113.97813,22.41184]],[[113.97809,22.41181],[113.97788,22.41209],[113.97698,22.41233],[113.9766,22.41236],[113.97639,22.41223],[113.9764,22.4104],[113.97607,22.40952]]]}},{"type":"Feature","properties":{"id":"badge-lrt-615","kind":"badge","ref":"615","lineRef":"tram","color":"#F4E619"},"geometry":{"type":"Point","coordinates":[114.03589,22.44497]}},{"type":"Feature","properties":{"id":"line-lrt-705","kind":"line","lineRef":"tram","ref":"705","color":"#8CC022"},"geometry":{"type":"LineString","coordinates":[[113.99684,22.4609],[113.99705,22.46011],[114.00065,22.45371],[114.00155,22.45255],[114.00396,22.44821],[114.00415,22.44799],[114.0044,22.448],[114.00517,22.44889],[114.00681,22.45021],[114.00711,22.45075],[114.00544,22.45392],[114.006,22.456],[114.00584,22.4567],[114.0055,22.45711],[114.0032,22.4589],[114.00247,22.45908],[114.00228,22.45941],[114.00247,22.46008],[114.00165,22.46163],[114.00159,22.46311],[114.00173,22.46381],[114.00265,22.46509],[114.0036,22.46702],[114.00291,22.46833],[114.00232,22.47013],[114.00208,22.4704],[114.00155,22.47038],[114.00054,22.46947],[113.99851,22.46649],[113.99758,22.46424],[113.99724,22.46249],[113.99684,22.46164],[113.99684,22.4609]]}},{"type":"Feature","properties":{"id":"badge-lrt-705","kind":"badge","ref":"705","lineRef":"tram","color":"#8CC022"},"geometry":{"type":"Point","coordinates":[114.0049,22.45758]}},{"type":"Feature","properties":{"id":"line-lrt-706","kind":"line","lineRef":"tram","ref":"706","color":"#BA85BB"},"geometry":{"type":"LineString","coordinates":[[113.9968,22.46089],[113.9968,22.46164],[113.9972,22.4625],[113.99755,22.46425],[113.99845,22.46647],[114.00051,22.46949],[114.00155,22.47043],[114.00212,22.47044],[114.00236,22.47015],[114.00298,22.46827],[114.00366,22.46706],[114.00269,22.46507],[114.00177,22.46381],[114.00163,22.46311],[114.00169,22.46163],[114.00314,22.45902],[114.00553,22.45713],[114.00592,22.45665],[114.00605,22.456],[114.00549,22.45423],[114.00551,22.45384],[114.00716,22.45078],[114.00708,22.45044],[114.00568,22.44902],[114.00547,22.44851],[114.00491,22.44832],[114.0044,22.44791],[114.00402,22.44802],[114.00164,22.45232],[114.00063,22.45368],[113.99717,22.45982],[113.9968,22.46089]]}},{"type":"Feature","properties":{"id":"badge-lrt-706","kind":"badge","ref":"706","lineRef":"tram","color":"#BA85BB"},"geometry":{"type":"Point","coordinates":[114.00517,22.45742]}},{"type":"Feature","properties":{"id":"line-lrt-751","kind":"line","lineRef":"tram","ref":"751","color":"#F58C14"},"geometry":{"type":"MultiLineString","coordinates":[[[113.97516,22.3887],[113.97511,22.38982],[113.97485,22.39088],[113.97499,22.3926],[113.97485,22.39318],[113.97443,22.39382],[113.97368,22.39368],[113.97257,22.39392],[113.97227,22.39416],[113.97223,22.3944],[113.97344,22.39885],[113.97489,22.4008],[113.97532,22.4016],[113.9788,22.41346],[113.97977,22.41479],[113.98171,22.4185],[113.9826,22.41973],[113.99173,22.42929],[113.99455,22.43162],[114.00174,22.43672],[114.004,22.43816],[114.00416,22.43839],[114.00436,22.44011],[114.00591,22.4443],[114.00419,22.44769],[114.00511,22.44884],[114.00564,22.44905],[114.00695,22.45035],[114.00711,22.45075],[114.00544,22.45392],[114.006,22.456],[114.00584,22.4567],[114.0055,22.45711],[114.0032,22.4589],[114.00247,22.45908],[114.00228,22.45941],[114.00247,22.46008],[114.00212,22.46069],[114.00174,22.46071],[113.99789,22.45886],[113.99765,22.45896],[113.99698,22.46017],[113.99681,22.46076],[113.9968,22.46164],[113.9972,22.4625],[113.99771,22.46478],[113.99859,22.46672],[113.9991,22.46751],[113.99939,22.46759],[113.99957,22.46742],[113.99949,22.46703],[113.99904,22.46635],[113.99831,22.46611],[113.99775,22.46477],[113.99724,22.46249],[113.99684,22.46164],[113.99685,22.46077],[113.99701,22.46019],[113.99764,22.45907],[113.99799,22.45895],[114.00183,22.4608],[114.00213,22.46075],[114.00318,22.45898],[114.00553,22.45713],[114.00592,22.45665],[114.00605,22.456],[114.00549,22.45423],[114.00551,22.45384],[114.00716,22.45078],[114.00705,22.45039],[114.00568,22.44902],[114.00553,22.44856],[114.0049,22.44823],[114.00432,22.44759],[114.00589,22.44462],[114.00596,22.44425],[114.00437,22.44],[114.0042,22.43836],[114.00402,22.43813],[114.00177,22.43669],[113.99472,22.4317],[113.99175,22.42927],[113.98263,22.4197],[113.98186,22.41868],[113.97981,22.41477],[113.97883,22.41344],[113.97781,22.40966],[113.97713,22.40781],[113.97536,22.40159],[113.97493,22.40079],[113.97348,22.39884],[113.97227,22.39439],[113.97232,22.39416],[113.97257,22.39397],[113.9737,22.39373],[113.97432,22.39389],[113.9746,22.39377],[113.97503,22.3927],[113.97516,22.3887]],[[113.97516,22.3887],[113.97487,22.38857],[113.97303,22.38851],[113.97299,22.38686],[113.97339,22.38671],[113.97501,22.38675],[113.97516,22.3887]],[[113.97262,22.39389],[113.97351,22.3937],[113.97348,22.39359],[113.97267,22.39376],[113.97262,22.39389]],[[113.97274,22.39406],[113.9735,22.39396],[113.97353,22.39378],[113.97265,22.39398],[113.97274,22.39406]]]}},{"type":"Feature","properties":{"id":"badge-lrt-751","kind":"badge","ref":"751","lineRef":"tram","color":"#F58C14"},"geometry":{"type":"Point","coordinates":[113.99929,22.46756]}},{"type":"Feature","properties":{"id":"line-lrt-761","kind":"line","lineRef":"tram","ref":"761","color":"#70147B"},"geometry":{"type":"LineString","coordinates":[[113.9968,22.46089],[113.99681,22.4617],[113.9972,22.4625],[113.99747,22.46397],[113.99791,22.46532],[113.9991,22.46751],[113.99943,22.46757],[113.99957,22.46742],[113.9995,22.46717],[113.99891,22.46626],[113.99831,22.46611],[113.99785,22.46507],[113.99724,22.46249],[113.99684,22.46164],[113.99686,22.46067],[113.99708,22.46006],[114.00065,22.45371],[114.00155,22.45255],[114.00364,22.44884],[114.00592,22.44455],[114.00593,22.4441],[114.00554,22.44332],[114.00529,22.44233],[114.00437,22.44],[114.00423,22.43872],[114.00435,22.43852],[114.00459,22.43853],[114.01084,22.44237],[114.01302,22.44327],[114.01473,22.44373],[114.01664,22.44409],[114.01796,22.44409],[114.02092,22.44459],[114.0318,22.44446],[114.03226,22.44464],[114.03318,22.4456],[114.03381,22.44583],[114.03503,22.44575],[114.0354,22.4455],[114.03586,22.44546],[114.03602,22.44526],[114.03599,22.44504],[114.03563,22.44489],[114.03529,22.44539],[114.03458,22.44542],[114.03424,22.44564],[114.03366,22.44576],[114.03316,22.44554],[114.03226,22.44458],[114.03187,22.44443],[114.02099,22.44456],[114.01799,22.44407],[114.01663,22.44405],[114.01474,22.4437],[114.01303,22.44323],[114.01116,22.4425],[114.00457,22.43846],[114.00432,22.43844],[114.00418,22.4386],[114.00432,22.43997],[114.00525,22.44232],[114.00551,22.44335],[114.00588,22.44408],[114.00587,22.44454],[114.0017,22.45222],[114.00063,22.45368],[113.99704,22.46004],[113.9968,22.46089]]}},{"type":"Feature","properties":{"id":"badge-lrt-761","kind":"badge","ref":"761","lineRef":"tram","color":"#70147B"},"geometry":{"type":"Point","coordinates":[114.0294,22.44449]}},{"type":"Feature","properties":{"id":"line-ferry-cc","kind":"line","lineRef":"ferry","ref":"CC"},"geometry":{"type":"LineString","coordinates":[[114.02837,22.20871],[114.02339,22.2091],[114.02244,22.2093],[114.02172,22.20968],[114.02131,22.2102],[114.02095,22.21085],[114.02073,22.21159],[114.02046,22.21322],[114.02044,22.21468],[114.02077,22.21776],[114.02109,22.21917],[114.02163,22.22055],[114.02234,22.22191],[114.02424,22.22453],[114.02623,22.22603],[114.03525,22.23091],[114.04426,22.23579],[114.04599,22.23689],[114.04894,22.23913],[114.05721,22.2463],[114.06549,22.25348],[114.06997,22.25709],[114.07461,22.2603],[114.07939,22.26325],[114.08727,22.2674],[114.09515,22.27155],[114.10384,22.27625],[114.11253,22.28094],[114.12117,22.28592],[114.1298,22.2909],[114.14487,22.29374],[114.14629,22.29389],[114.14735,22.29386],[114.15602,22.29193],[114.15695,22.29167],[114.15795,22.29121],[114.15888,22.29056],[114.15941,22.28989],[114.15927,22.28773]]}},{"type":"Feature","properties":{"id":"badge-ferry-cc","kind":"badge","ref":"CC","lineRef":"ferry"},"geometry":{"type":"Point","coordinates":[114.07935,22.26322]}},{"type":"Feature","properties":{"id":"line-ferry-mw","kind":"line","lineRef":"ferry","ref":"MW"},"geometry":{"type":"LineString","coordinates":[[114.0024,22.26522],[114.00287,22.26563],[114.00372,22.26569],[114.0098,22.26351],[114.01394,22.26246],[114.01616,22.26224],[114.01975,22.26238],[114.02237,22.26307],[114.03075,22.26688],[114.03276,22.26762],[114.04372,22.27088],[114.05469,22.27413],[114.06565,22.27739],[114.07661,22.28065],[114.08758,22.2839],[114.09854,22.28716],[114.10211,22.28813],[114.10517,22.28878],[114.11208,22.2898],[114.12088,22.29053],[114.12968,22.29126],[114.14408,22.29395],[114.14675,22.29426],[114.14812,22.29406],[114.1569,22.29205],[114.15947,22.29098],[114.16069,22.29006],[114.16103,22.2894],[114.16105,22.28869],[114.1609,22.28798],[114.16072,22.28756],[114.1604,22.28732]]}},{"type":"Feature","properties":{"id":"badge-ferry-mw","kind":"badge","ref":"MW","lineRef":"ferry"},"geometry":{"type":"Point","coordinates":[114.08217,22.2823]}},{"type":"Feature","properties":{"id":"line-ferry-pc","kind":"line","lineRef":"ferry","ref":"PC"},"geometry":{"type":"LineString","coordinates":[[114.03714,22.28448],[114.03657,22.28152],[114.03643,22.27934],[114.03664,22.27771],[114.03731,22.27612],[114.03847,22.27481],[114.03983,22.27385],[114.04174,22.27308],[114.04373,22.27261],[114.04526,22.2724],[114.0478,22.27226],[114.04935,22.27237],[114.05137,22.27279],[114.06122,22.27572],[114.07106,22.27865],[114.08091,22.28157],[114.09075,22.2845],[114.1006,22.28743],[114.10535,22.2885],[114.11235,22.28962],[114.12106,22.29036],[114.12977,22.2911],[114.14488,22.29392],[114.14702,22.29405],[114.1568,22.29191],[114.15798,22.29145],[114.15911,22.29083],[114.16007,22.28989],[114.16022,22.28935],[114.16016,22.2874]]}},{"type":"Feature","properties":{"id":"badge-ferry-pc","kind":"badge","ref":"PC","lineRef":"ferry"},"geometry":{"type":"Point","coordinates":[114.09496,22.28575]}},{"type":"Feature","properties":{"id":"line-ferry-db","kind":"line","lineRef":"ferry","ref":"DB"},"geometry":{"type":"LineString","coordinates":[[114.01796,22.29702],[114.01919,22.2981],[114.02092,22.29933],[114.02227,22.3001],[114.02429,22.30087],[114.0262,22.30126],[114.028,22.30142],[114.02979,22.30133],[114.03357,22.30081],[114.04329,22.29904],[114.05302,22.29727],[114.06274,22.2955],[114.07246,22.29374],[114.08219,22.29197],[114.09191,22.2902],[114.09898,22.28925],[114.10366,22.28902],[114.10669,22.28907],[114.11827,22.28974],[114.12984,22.29041],[114.14439,22.29312],[114.14686,22.29333],[114.14941,22.29294],[114.15569,22.29157],[114.1563,22.29135],[114.15691,22.29085],[114.1574,22.29002],[114.1573,22.28848],[114.1574,22.28819]]}},{"type":"Feature","properties":{"id":"badge-ferry-db","kind":"badge","ref":"DB","lineRef":"ferry"},"geometry":{"type":"Point","coordinates":[114.08819,22.29088]}},{"type":"Feature","properties":{"id":"line-ferry-pi","kind":"line","lineRef":"ferry","ref":"PI"},"geometry":{"type":"LineString","coordinates":[[114.06474,22.35285],[114.06491,22.35259],[114.06564,22.35232],[114.06819,22.35259],[114.06908,22.35256],[114.07089,22.35216],[114.07235,22.35143],[114.07332,22.35067],[114.07399,22.34993],[114.07535,22.34786],[114.07628,22.34595],[114.08008,22.33676],[114.08389,22.32758],[114.0844,22.32659],[114.08507,22.32564],[114.08585,22.32476],[114.08675,22.32406],[114.0884,22.32315],[114.09061,22.32226],[114.09496,22.32117],[114.1051,22.32021],[114.11523,22.31925],[114.11779,22.31854],[114.12035,22.3174],[114.12895,22.3128],[114.12974,22.31217],[114.13551,22.3055],[114.14129,22.29883],[114.14437,22.2957],[114.1457,22.29454],[114.14649,22.294],[114.14872,22.29305],[114.15509,22.29155],[114.15636,22.291],[114.15679,22.29049],[114.15694,22.29012],[114.15688,22.28965],[114.15644,22.28876],[114.15648,22.28838]]}},{"type":"Feature","properties":{"id":"badge-ferry-pi","kind":"badge","ref":"PI","lineRef":"ferry"},"geometry":{"type":"Point","coordinates":[114.10816,22.31992]}},{"type":"Feature","properties":{"id":"stn-0","kind":"node","name":"The Peak","lineRef":"tram","lab":1,"color":"#5C4033"},"geometry":{"type":"Point","coordinates":[114.15014,22.27112]}},{"type":"Feature","properties":{"id":"stn-1","kind":"node","name":"Fortress Hill","lineRef":"metro","lab":1,"color":"#007DC5"},"geometry":{"type":"Point","coordinates":[114.19331,22.28756]}},{"type":"Feature","properties":{"id":"stn-3","kind":"node","name":"LOHAS Park","lineRef":"metro","lab":1,"color":"#7D499D"},"geometry":{"type":"Point","coordinates":[114.26875,22.29556]}},{"type":"Feature","properties":{"id":"stn-4","kind":"node","name":"Kennedy Road","lineRef":"tram","lab":1,"color":"#5C4033"},"geometry":{"type":"Point","coordinates":[114.15809,22.27654]}},{"type":"Feature","properties":{"id":"stn-5","kind":"node","name":"AsiaWorld-Expo","lineRef":"metro","lab":1,"color":"#00888A"},"geometry":{"type":"Point","coordinates":[113.94222,22.32199]}},{"type":"Feature","properties":{"id":"stn-6","kind":"node","name":"May Road","lineRef":"tram","lab":1,"color":"#5C4033"},"geometry":{"type":"Point","coordinates":[114.15589,22.27336]}},{"type":"Feature","properties":{"id":"stn-7","kind":"node","name":"MacDonnell Road","lineRef":"tram","lab":1,"color":"#5C4033"},"geometry":{"type":"Point","coordinates":[114.15712,22.27517]}},{"type":"Feature","properties":{"id":"stn-8","kind":"node","name":"Barker Road","lineRef":"tram","lab":1,"color":"#5C4033"},"geometry":{"type":"Point","coordinates":[114.15175,22.27096]}},{"type":"Feature","properties":{"id":"stn-11","kind":"node","name":"Shan King (South)","lineRef":"tram","lab":1,"color":"#E6180A"},"geometry":{"type":"Point","coordinates":[113.96605,22.39669]}},{"type":"Feature","properties":{"id":"stn-12","kind":"node","name":"Racecourse","lineRef":"metro","lab":1,"color":"#53B7E8"},"geometry":{"type":"Point","coordinates":[114.2029,22.40048]}},{"type":"Feature","properties":{"id":"stn-13","kind":"node","name":"Cheung Sha Wan","lineRef":"metro","lab":1,"color":"#ED1D24"},"geometry":{"type":"Point","coordinates":[114.15616,22.33551]}},{"type":"Feature","properties":{"id":"stn-14","kind":"node","name":"East Tsim Sha Tsui","lineRef":"metro","lab":1,"color":"#923011"},"geometry":{"type":"Point","coordinates":[114.17507,22.29556]}},{"type":"Feature","properties":{"id":"stn-15","kind":"node","name":"North Point","lineRef":"tram","lab":1,"color":"#009640"},"geometry":{"type":"Point","coordinates":[114.20075,22.29091]}},{"type":"Feature","properties":{"id":"stn-16","kind":"node","name":"Sai Wan Ho","lineRef":"tram","lab":1,"color":"#009640"},"geometry":{"type":"Point","coordinates":[114.22229,22.28163]}},{"type":"Feature","properties":{"id":"stn-17","kind":"node","name":"Tai Koo","lineRef":"tram","lab":1,"color":"#009640"},"geometry":{"type":"Point","coordinates":[114.21632,22.28464]}},{"type":"Feature","properties":{"id":"stn-18","kind":"node","name":"Shau Kei Wan","lineRef":"metro","lab":1,"color":"#007DC5"},"geometry":{"type":"Point","coordinates":[114.2289,22.27915]}},{"type":"Feature","properties":{"id":"stn-19","kind":"node","name":"Tsing Yi","lineRef":"metro","lab":1,"color":"#F7943E"},"geometry":{"type":"Point","coordinates":[114.10675,22.3585]}},{"type":"Feature","properties":{"id":"stn-20","kind":"node","name":"Sai Ying Pun","lineRef":"metro","lab":1,"color":"#007DC5"},"geometry":{"type":"Point","coordinates":[114.14264,22.28543]}},{"type":"Feature","properties":{"id":"stn-21","kind":"node","name":"Tai Po Market","lineRef":"metro","lab":1,"color":"#53B7E8"},"geometry":{"type":"Point","coordinates":[114.17063,22.44465]}},{"type":"Feature","properties":{"id":"stn-23","kind":"node","name":"Terminal 2","lineRef":"metro","lab":1,"color":"#00888A"},"geometry":{"type":"Point","coordinates":[113.93792,22.31636]}},{"type":"Feature","properties":{"id":"stn-24","kind":"node","name":"University","lineRef":"metro","lab":1,"color":"#53B7E8"},"geometry":{"type":"Point","coordinates":[114.2101,22.41357]}},{"type":"Feature","properties":{"id":"stn-25","kind":"node","name":"Sheung Shui","lineRef":"metro","lab":1,"color":"#53B7E8"},"geometry":{"type":"Point","coordinates":[114.12803,22.50116]}},{"type":"Feature","properties":{"id":"stn-26","kind":"node","name":"Heng Fa Chuen","lineRef":"metro","lab":1,"color":"#007DC5"},"geometry":{"type":"Point","coordinates":[114.23972,22.27667]}},{"type":"Feature","properties":{"id":"stn-27","kind":"node","name":"Wan Chai","lineRef":"metro","lab":1,"color":"#007DC5"},"geometry":{"type":"Point","coordinates":[114.17286,22.27758]}},{"type":"Feature","properties":{"id":"stn-28","kind":"node","name":"Chai Wan","lineRef":"metro","lab":1,"color":"#007DC5"},"geometry":{"type":"Point","coordinates":[114.23704,22.26445]}},{"type":"Feature","properties":{"id":"stn-29","kind":"node","name":"Tin Hau","lineRef":"tram","lab":1,"color":"#009640"},"geometry":{"type":"Point","coordinates":[114.19192,22.28228]}},{"type":"Feature","properties":{"id":"stn-30","kind":"node","name":"HKU","lineRef":"metro","lab":1,"color":"#007DC5"},"geometry":{"type":"Point","coordinates":[114.13551,22.28398]}},{"type":"Feature","properties":{"id":"stn-32","kind":"node","name":"Tin Shui","lineRef":"tram","lab":1,"color":"#BA85BB"},"geometry":{"type":"Point","coordinates":[113.99937,22.45593]}},{"type":"Feature","properties":{"id":"stn-33","kind":"node","name":"Locwood","lineRef":"tram","lab":1,"color":"#8CC022"},"geometry":{"type":"Point","coordinates":[114.00114,22.45304]}},{"type":"Feature","properties":{"id":"stn-34","kind":"node","name":"Tin Yiu","lineRef":"tram","lab":1,"color":"#70147B"},"geometry":{"type":"Point","coordinates":[114.00277,22.45039]}},{"type":"Feature","properties":{"id":"stn-35","kind":"node","name":"Ginza","lineRef":"tram","lab":1,"color":"#8CC022"},"geometry":{"type":"Point","coordinates":[114.00498,22.45753]}},{"type":"Feature","properties":{"id":"stn-36","kind":"node","name":"Tin Shui Wai","lineRef":"tram","lab":1,"color":"#BA85BB"},"geometry":{"type":"Point","coordinates":[114.00604,22.4494]}},{"type":"Feature","properties":{"id":"stn-37","kind":"node","name":"Yuen Long","lineRef":"tram","lab":1,"color":"#8D3219"},"geometry":{"type":"Point","coordinates":[114.03464,22.44565]}},{"type":"Feature","properties":{"id":"stn-39","kind":"node","name":"Tuen Mun Ferry Pier","lineRef":"tram","lab":1,"color":"#8D3219"},"geometry":{"type":"Point","coordinates":[113.96648,22.37256]}},{"type":"Feature","properties":{"id":"stn-40","kind":"node","name":"Goodview Garden","lineRef":"tram","lab":1,"color":"#1A8539"},"geometry":{"type":"Point","coordinates":[113.97304,22.38331]}},{"type":"Feature","properties":{"id":"stn-41","kind":"node","name":"Siu Lun","lineRef":"tram","lab":1,"color":"#E6180A"},"geometry":{"type":"Point","coordinates":[113.97504,22.38458]}},{"type":"Feature","properties":{"id":"stn-42","kind":"node","name":"Yau Oi","lineRef":"tram","lab":1,"color":"#F58C14"},"geometry":{"type":"Point","coordinates":[113.97356,22.38667]}},{"type":"Feature","properties":{"id":"stn-43","kind":"node","name":"Pui To","lineRef":"tram","lab":1,"color":"#44ADC3"},"geometry":{"type":"Point","coordinates":[113.97672,22.39467]}},{"type":"Feature","properties":{"id":"stn-44","kind":"node","name":"Hoh Fuk Tong","lineRef":"tram","lab":1,"color":"#44ADC3"},"geometry":{"type":"Point","coordinates":[113.97747,22.39744]}},{"type":"Feature","properties":{"id":"stn-45","kind":"node","name":"San Hui","lineRef":"tram","lab":1,"color":"#44ADC3"},"geometry":{"type":"Point","coordinates":[113.97804,22.40028]}},{"type":"Feature","properties":{"id":"stn-46","kind":"node","name":"Prime View","lineRef":"tram","lab":1,"color":"#44ADC3"},"geometry":{"type":"Point","coordinates":[113.97954,22.40312]}},{"type":"Feature","properties":{"id":"stn-47","kind":"node","name":"Fung Tei","lineRef":"tram","lab":1,"color":"#44ADC3"},"geometry":{"type":"Point","coordinates":[113.97881,22.40678]}},{"type":"Feature","properties":{"id":"stn-48","kind":"node","name":"Town Centre","lineRef":"tram","lab":1,"color":"#44ADC3"},"geometry":{"type":"Point","coordinates":[113.97497,22.39138]}},{"type":"Feature","properties":{"id":"stn-50","kind":"node","name":"On Ting","lineRef":"tram","lab":1,"color":"#44ADC3"},"geometry":{"type":"Point","coordinates":[113.9751,22.3876]}},{"type":"Feature","properties":{"id":"stn-51","kind":"node","name":"Kin On","lineRef":"tram","lab":1,"color":"#E6180A"},"geometry":{"type":"Point","coordinates":[113.9689,22.39517]}},{"type":"Feature","properties":{"id":"stn-52","kind":"node","name":"Tsing Wun","lineRef":"tram","lab":1,"color":"#F4E619"},"geometry":{"type":"Point","coordinates":[113.96746,22.39436]}},{"type":"Feature","properties":{"id":"stn-53","kind":"node","name":"Tsing Shan Tsuen","lineRef":"tram","lab":1,"color":"#8D3219"},"geometry":{"type":"Point","coordinates":[113.96714,22.39064]}},{"type":"Feature","properties":{"id":"stn-54","kind":"node","name":"Lung Mun","lineRef":"tram","lab":1,"color":"#8D3219"},"geometry":{"type":"Point","coordinates":[113.96504,22.38527]}},{"type":"Feature","properties":{"id":"stn-55","kind":"node","name":"Light Rail Depot","lineRef":"tram","lab":1,"color":"#8D3219"},"geometry":{"type":"Point","coordinates":[113.96337,22.38183]}},{"type":"Feature","properties":{"id":"stn-56","kind":"node","name":"Butterfly","lineRef":"tram","lab":1,"color":"#8D3219"},"geometry":{"type":"Point","coordinates":[113.96174,22.37814]}},{"type":"Feature","properties":{"id":"stn-57","kind":"node","name":"Melody Garden","lineRef":"tram","lab":1,"color":"#8D3219"},"geometry":{"type":"Point","coordinates":[113.9612,22.37507]}},{"type":"Feature","properties":{"id":"stn-58","kind":"node","name":"San Wai","lineRef":"tram","lab":1,"color":"#1A8539"},"geometry":{"type":"Point","coordinates":[113.96448,22.40525]}},{"type":"Feature","properties":{"id":"stn-59","kind":"node","name":"Leung King","lineRef":"tram","lab":1,"color":"#E6180A"},"geometry":{"type":"Point","coordinates":[113.96358,22.40667]}},{"type":"Feature","properties":{"id":"stn-60","kind":"node","name":"Tin King","lineRef":"tram","lab":1,"color":"#F4E619"},"geometry":{"type":"Point","coordinates":[113.9664,22.40778]}},{"type":"Feature","properties":{"id":"stn-61","kind":"node","name":"Siu Hei","lineRef":"tram","lab":1,"color":"#1A8539"},"geometry":{"type":"Point","coordinates":[113.96688,22.37524]}},{"type":"Feature","properties":{"id":"stn-62","kind":"node","name":"Hoi Wong Road","lineRef":"tram","lab":1,"color":"#1A8539"},"geometry":{"type":"Point","coordinates":[113.97038,22.38121]}},{"type":"Feature","properties":{"id":"stn-63","kind":"node","name":"Sam Shing","lineRef":"tram","lab":1,"color":"#E6180A"},"geometry":{"type":"Point","coordinates":[113.97667,22.38252]}},{"type":"Feature","properties":{"id":"stn-64","kind":"node","name":"Tai Tong Road","lineRef":"tram","lab":1,"color":"#70147B"},"geometry":{"type":"Point","coordinates":[114.02955,22.44447]}},{"type":"Feature","properties":{"id":"stn-65","kind":"node","name":"Hong Lok Road","lineRef":"tram","lab":1,"color":"#8D3219"},"geometry":{"type":"Point","coordinates":[114.02694,22.4445]}},{"type":"Feature","properties":{"id":"stn-66","kind":"node","name":"Fung Nin Road","lineRef":"tram","lab":1,"color":"#70147B"},"geometry":{"type":"Point","coordinates":[114.02385,22.44453]}},{"type":"Feature","properties":{"id":"stn-67","kind":"node","name":"Shui Pin Wai","lineRef":"tram","lab":1,"color":"#8D3219"},"geometry":{"type":"Point","coordinates":[114.02023,22.44448]}},{"type":"Feature","properties":{"id":"stn-68","kind":"node","name":"Ping Shan","lineRef":"tram","lab":1,"color":"#70147B"},"geometry":{"type":"Point","coordinates":[114.01204,22.44288]}},{"type":"Feature","properties":{"id":"stn-69","kind":"node","name":"Tong Fong Tsuen","lineRef":"tram","lab":1,"color":"#8D3219"},"geometry":{"type":"Point","coordinates":[114.00742,22.44025]}},{"type":"Feature","properties":{"id":"stn-70","kind":"node","name":"Tuen Mun Hospital","lineRef":"tram","lab":1,"color":"#8D3219"},"geometry":{"type":"Point","coordinates":[113.97715,22.40782]}},{"type":"Feature","properties":{"id":"stn-71","kind":"node","name":"Ngan Wai","lineRef":"tram","lab":1,"color":"#1A8539"},"geometry":{"type":"Point","coordinates":[113.97461,22.40252]}},{"type":"Feature","properties":{"id":"stn-72","kind":"node","name":"Choy Yee Bridge","lineRef":"tram","lab":1,"color":"#1A8539"},"geometry":{"type":"Point","coordinates":[113.97435,22.40008]}},{"type":"Feature","properties":{"id":"stn-73","kind":"node","name":"Ho Tin","lineRef":"tram","lab":1,"color":"#1A8539"},"geometry":{"type":"Point","coordinates":[113.97305,22.39711]}},{"type":"Feature","properties":{"id":"stn-74","kind":"node","name":"Tai Hing (South)","lineRef":"tram","lab":1,"color":"#1A8539"},"geometry":{"type":"Point","coordinates":[113.97199,22.40275]}},{"type":"Feature","properties":{"id":"stn-75","kind":"node","name":"Tai Hing (North)","lineRef":"tram","lab":1,"color":"#1A8539"},"geometry":{"type":"Point","coordinates":[113.9701,22.40455]}},{"type":"Feature","properties":{"id":"stn-76","kind":"node","name":"Shek Pai","lineRef":"tram","lab":1,"color":"#E6180A"},"geometry":{"type":"Point","coordinates":[113.96776,22.40142]}},{"type":"Feature","properties":{"id":"stn-77","kind":"node","name":"Shan King (North)","lineRef":"tram","lab":1,"color":"#E6180A"},"geometry":{"type":"Point","coordinates":[113.96665,22.39848]}},{"type":"Feature","properties":{"id":"stn-78","kind":"node","name":"Kei Lun","lineRef":"tram","lab":1,"color":"#F4E619"},"geometry":{"type":"Point","coordinates":[113.97646,22.41072]}},{"type":"Feature","properties":{"id":"stn-79","kind":"node","name":"Kin Sang","lineRef":"tram","lab":1,"color":"#E6180A"},"geometry":{"type":"Point","coordinates":[113.9692,22.40676]}},{"type":"Feature","properties":{"id":"stn-80","kind":"node","name":"Ching Chung","lineRef":"tram","lab":1,"color":"#E6180A"},"geometry":{"type":"Point","coordinates":[113.97257,22.40733]}},{"type":"Feature","properties":{"id":"stn-81","kind":"node","name":"Hung Shui Kiu","lineRef":"tram","lab":1,"color":"#8D3219"},"geometry":{"type":"Point","coordinates":[113.99748,22.43366]}},{"type":"Feature","properties":{"id":"stn-82","kind":"node","name":"Tin Wu","lineRef":"tram","lab":1,"color":"#8CC022"},"geometry":{"type":"Point","coordinates":[114.0057,22.45497]}},{"type":"Feature","properties":{"id":"stn-83","kind":"node","name":"Hang Mei Tsuen","lineRef":"tram","lab":1,"color":"#F58C14"},"geometry":{"type":"Point","coordinates":[114.00562,22.44514]}},{"type":"Feature","properties":{"id":"stn-84","kind":"node","name":"Chung Uk Tsuen","lineRef":"tram","lab":1,"color":"#44ADC3"},"geometry":{"type":"Point","coordinates":[113.99223,22.4297]}},{"type":"Feature","properties":{"id":"stn-85","kind":"node","name":"Lam Tei","lineRef":"metro","lab":1,"color":"#923011"},"geometry":{"type":"Point","coordinates":[113.98189,22.4187]}},{"type":"Feature","properties":{"id":"stn-86","kind":"node","name":"Nai Wai","lineRef":"tram","lab":1,"color":"#F58C14"},"geometry":{"type":"Point","coordinates":[113.98661,22.42386]}},{"type":"Feature","properties":{"id":"stn-87","kind":"node","name":"Tin Tsz","lineRef":"tram","lab":1,"color":"#8CC022"},"geometry":{"type":"Point","coordinates":[114.00603,22.45278]}},{"type":"Feature","properties":{"id":"stn-88","kind":"node","name":"Tin Yuet","lineRef":"tram","lab":1,"color":"#8CC022"},"geometry":{"type":"Point","coordinates":[114.00162,22.46271]}},{"type":"Feature","properties":{"id":"stn-89","kind":"node","name":"Tin Sau","lineRef":"tram","lab":1,"color":"#BA85BB"},"geometry":{"type":"Point","coordinates":[114.00296,22.46554]}},{"type":"Feature","properties":{"id":"stn-90","kind":"node","name":"Wetland Park","lineRef":"tram","lab":1,"color":"#8CC022"},"geometry":{"type":"Point","coordinates":[114.00253,22.46955]}},{"type":"Feature","properties":{"id":"stn-91","kind":"node","name":"Tin Heng","lineRef":"tram","lab":1,"color":"#BA85BB"},"geometry":{"type":"Point","coordinates":[114.00076,22.46973]}},{"type":"Feature","properties":{"id":"stn-92","kind":"node","name":"Tin Yat","lineRef":"tram","lab":1,"color":"#70147B"},"geometry":{"type":"Point","coordinates":[113.99906,22.46689]}},{"type":"Feature","properties":{"id":"stn-93","kind":"node","name":"Tin Fu","lineRef":"tram","lab":1,"color":"#70147B"},"geometry":{"type":"Point","coordinates":[113.99766,22.46456]}},{"type":"Feature","properties":{"id":"stn-94","kind":"node","name":"Chung Fu","lineRef":"tram","lab":1,"color":"#BA85BB"},"geometry":{"type":"Point","coordinates":[113.99699,22.46201]}},{"type":"Feature","properties":{"id":"stn-95","kind":"node","name":"Chestwood","lineRef":"tram","lab":1,"color":"#F58C14"},"geometry":{"type":"Point","coordinates":[113.9996,22.45969]}},{"type":"Feature","properties":{"id":"stn-96","kind":"node","name":"Tin Wing","lineRef":"tram","lab":1,"color":"#8CC022"},"geometry":{"type":"Point","coordinates":[114.00232,22.45968]}},{"type":"Feature","properties":{"id":"stn-97","kind":"node","name":"Hang Hau","lineRef":"metro","lab":1,"color":"#7D499D"},"geometry":{"type":"Point","coordinates":[114.26468,22.31459]}},{"type":"Feature","properties":{"id":"stn-98","kind":"node","name":"Ming Kum","lineRef":"tram","lab":1,"color":"#8D3219"},"geometry":{"type":"Point","coordinates":[113.9673,22.39715]}},{"type":"Feature","properties":{"id":"stn-99","kind":"node","name":"Yau Tong","lineRef":"metro","lab":1,"color":"#7D499D"},"geometry":{"type":"Point","coordinates":[114.23716,22.29779]}},{"type":"Feature","properties":{"id":"stn-100","kind":"node","name":"Prince Edward","lineRef":"metro","lab":1,"color":"#00AB4E"},"geometry":{"type":"Point","coordinates":[114.1683,22.32445]}},{"type":"Feature","properties":{"id":"stn-101","kind":"node","name":"Affluence","lineRef":"tram","lab":1,"color":"#F58C14"},"geometry":{"type":"Point","coordinates":[113.97588,22.40353]}},{"type":"Feature","properties":{"id":"stn-102","kind":"node","name":"Tung Chung","lineRef":"metro","lab":1,"color":"#F7943E"},"geometry":{"type":"Point","coordinates":[113.94137,22.28924]}},{"type":"Feature","properties":{"id":"stn-104","kind":"node","name":"Austin","lineRef":"metro","lab":1,"color":"#923011"},"geometry":{"type":"Point","coordinates":[114.1666,22.30424]}},{"type":"Feature","properties":{"id":"stn-105","kind":"node","name":"Sunny Bay","lineRef":"metro","lab":1,"color":"#00888A"},"geometry":{"type":"Point","coordinates":[114.02891,22.33198]}},{"type":"Feature","properties":{"id":"stn-106","kind":"node","name":"Siu Hong","lineRef":"tram","lab":1,"color":"#F4E619"},"geometry":{"type":"Point","coordinates":[113.97827,22.41201]}},{"type":"Feature","properties":{"id":"stn-107","kind":"node","name":"Hung Tin Road Emergency Platform","lineRef":"tram","lab":1,"color":"#44ADC3"},"geometry":{"type":"Point","coordinates":[113.99927,22.43554]}},{"type":"Feature","properties":{"id":"stn-109","kind":"node","name":"Hong Kong West Kowloon","lineRef":"metro","lab":1,"color":"#923011"},"geometry":{"type":"Point","coordinates":[114.16493,22.30368]}},{"type":"Feature","properties":{"id":"stn-110","kind":"node","name":"To Kwa Wan","lineRef":"metro","lab":1,"color":"#923011"},"geometry":{"type":"Point","coordinates":[114.18765,22.31697]}},{"type":"Feature","properties":{"id":"stn-111","kind":"node","name":"Kennedy Town","lineRef":"metro","lab":1,"color":"#007DC5"},"geometry":{"type":"Point","coordinates":[114.12838,22.28123]}},{"type":"Feature","properties":{"id":"stn-112","kind":"node","name":"Exhibition Centre","lineRef":"metro","lab":1,"color":"#53B7E8"},"geometry":{"type":"Point","coordinates":[114.17569,22.28161]}},{"type":"Feature","properties":{"id":"stn-113","kind":"node","name":"Wong Chuk Hang","lineRef":"metro","lab":1,"color":"#B6BD00"},"geometry":{"type":"Point","coordinates":[114.16751,22.24786]}},{"type":"Feature","properties":{"id":"stn-114","kind":"node","name":"Lo Wu","lineRef":"metro","lab":1,"color":"#53B7E8"},"geometry":{"type":"Point","coordinates":[114.11334,22.52818]}},{"type":"Feature","properties":{"id":"stn-115","kind":"node","name":"Lai Chi Kok","lineRef":"metro","lab":1,"color":"#ED1D24"},"geometry":{"type":"Point","coordinates":[114.14841,22.3374]}},{"type":"Feature","properties":{"id":"stn-116","kind":"node","name":"Mei Foo","lineRef":"metro","lab":1,"color":"#923011"},"geometry":{"type":"Point","coordinates":[114.13656,22.33889]}},{"type":"Feature","properties":{"id":"stn-117","kind":"node","name":"Lok Fu","lineRef":"metro","lab":1,"color":"#00AB4E"},"geometry":{"type":"Point","coordinates":[114.18723,22.33802]}},{"type":"Feature","properties":{"id":"stn-118","kind":"node","name":"Tsuen Wan","lineRef":"metro","lab":1,"color":"#ED1D24"},"geometry":{"type":"Point","coordinates":[114.11764,22.37374]}},{"type":"Feature","properties":{"id":"stn-119","kind":"node","name":"Garden Road","lineRef":"tram","lab":1,"color":"#5C4033"},"geometry":{"type":"Point","coordinates":[114.15896,22.2776]}},{"type":"Feature","properties":{"id":"stn-120","kind":"node","name":"Airport","lineRef":"metro","lab":1,"color":"#00888A"},"geometry":{"type":"Point","coordinates":[113.93655,22.31592]}},{"type":"Feature","properties":{"id":"stn-121","kind":"node","name":"Mong Kok East","lineRef":"metro","lab":1,"color":"#53B7E8"},"geometry":{"type":"Point","coordinates":[114.17271,22.32219]}},{"type":"Feature","properties":{"id":"stn-122","kind":"node","name":"Tai Wai","lineRef":"metro","lab":1,"color":"#53B7E8"},"geometry":{"type":"Point","coordinates":[114.17845,22.37305]}},{"type":"Feature","properties":{"id":"stn-123","kind":"node","name":"Ngau Tau Kok","lineRef":"metro","lab":1,"color":"#00AB4E"},"geometry":{"type":"Point","coordinates":[114.21896,22.31545]}},{"type":"Feature","properties":{"id":"stn-124","kind":"node","name":"Tsuen Wan West","lineRef":"metro","lab":1,"color":"#923011"},"geometry":{"type":"Point","coordinates":[114.10993,22.36835]}},{"type":"Feature","properties":{"id":"stn-125","kind":"node","name":"Olympic","lineRef":"metro","lab":1,"color":"#00888A"},"geometry":{"type":"Point","coordinates":[114.16028,22.3177]}},{"type":"Feature","properties":{"id":"stn-126","kind":"node","name":"Tai Shui Hang","lineRef":"metro","lab":1,"color":"#923011"},"geometry":{"type":"Point","coordinates":[114.2228,22.4086]}},{"type":"Feature","properties":{"id":"stn-127","kind":"node","name":"Heng On","lineRef":"metro","lab":1,"color":"#923011"},"geometry":{"type":"Point","coordinates":[114.22575,22.41751]}},{"type":"Feature","properties":{"id":"stn-128","kind":"node","name":"Wu Kai Sha","lineRef":"metro","lab":1,"color":"#923011"},"geometry":{"type":"Point","coordinates":[114.2439,22.42913]}},{"type":"Feature","properties":{"id":"stn-129","kind":"node","name":"Lam Tin","lineRef":"metro","lab":1,"color":"#00AB4E"},"geometry":{"type":"Point","coordinates":[114.23308,22.30689]}},{"type":"Feature","properties":{"id":"stn-132","kind":"node","name":"Yau Ma Tei","lineRef":"metro","lab":1,"color":"#ED1D24"},"geometry":{"type":"Point","coordinates":[114.17058,22.3128]}},{"type":"Feature","properties":{"id":"stn-133","kind":"node","name":"Disneyland Resort","lineRef":"metro","lab":1,"color":"#F173AC"},"geometry":{"type":"Point","coordinates":[114.04514,22.31539]}},{"type":"Feature","properties":{"id":"stn-134","kind":"node","name":"Che Kung Temple","lineRef":"metro","lab":1,"color":"#923011"},"geometry":{"type":"Point","coordinates":[114.18618,22.37477]}},{"type":"Feature","properties":{"id":"stn-135","kind":"node","name":"Kwai Fong","lineRef":"metro","lab":1,"color":"#ED1D24"},"geometry":{"type":"Point","coordinates":[114.1278,22.35684]}},{"type":"Feature","properties":{"id":"stn-136","kind":"node","name":"Kwai Hing","lineRef":"metro","lab":1,"color":"#ED1D24"},"geometry":{"type":"Point","coordinates":[114.1312,22.36317]}},{"type":"Feature","properties":{"id":"stn-137","kind":"node","name":"Tseung Kwan O","lineRef":"metro","lab":1,"color":"#7D499D"},"geometry":{"type":"Point","coordinates":[114.25992,22.30736]}},{"type":"Feature","properties":{"id":"stn-138","kind":"node","name":"Sha Tin Wai","lineRef":"metro","lab":1,"color":"#923011"},"geometry":{"type":"Point","coordinates":[114.19499,22.37703]}},{"type":"Feature","properties":{"id":"stn-139","kind":"node","name":"Shek Mun","lineRef":"metro","lab":1,"color":"#923011"},"geometry":{"type":"Point","coordinates":[114.20832,22.38766]}},{"type":"Feature","properties":{"id":"stn-140","kind":"node","name":"Fo Tan","lineRef":"metro","lab":1,"color":"#53B7E8"},"geometry":{"type":"Point","coordinates":[114.19811,22.39529]}},{"type":"Feature","properties":{"id":"stn-141","kind":"node","name":"Kam Sheung Road","lineRef":"metro","lab":1,"color":"#923011"},"geometry":{"type":"Point","coordinates":[114.06342,22.4348]}},{"type":"Feature","properties":{"id":"stn-142","kind":"node","name":"Ma On Shan","lineRef":"metro","lab":1,"color":"#923011"},"geometry":{"type":"Point","coordinates":[114.23161,22.42482]}},{"type":"Feature","properties":{"id":"stn-143","kind":"node","name":"Kwun Tong","lineRef":"metro","lab":1,"color":"#00AB4E"},"geometry":{"type":"Point","coordinates":[114.22651,22.31213]}},{"type":"Feature","properties":{"id":"stn-144","kind":"node","name":"Tai Wo","lineRef":"metro","lab":1,"color":"#53B7E8"},"geometry":{"type":"Point","coordinates":[114.16106,22.45107]}},{"type":"Feature","properties":{"id":"stn-145","kind":"node","name":"Sha Tin","lineRef":"metro","lab":1,"color":"#53B7E8"},"geometry":{"type":"Point","coordinates":[114.18774,22.383]}},{"type":"Feature","properties":{"id":"stn-146","kind":"node","name":"Hin Keng","lineRef":"metro","lab":1,"color":"#923011"},"geometry":{"type":"Point","coordinates":[114.17081,22.36396]}},{"type":"Feature","properties":{"id":"stn-147","kind":"node","name":"Long Ping","lineRef":"metro","lab":1,"color":"#923011"},"geometry":{"type":"Point","coordinates":[114.02545,22.44767]}},{"type":"Feature","properties":{"id":"stn-148","kind":"node","name":"City One","lineRef":"metro","lab":1,"color":"#923011"},"geometry":{"type":"Point","coordinates":[114.20355,22.38288]}},{"type":"Feature","properties":{"id":"stn-149","kind":"node","name":"Sheung Wan","lineRef":"metro","lab":1,"color":"#007DC5"},"geometry":{"type":"Point","coordinates":[114.15216,22.28684]}},{"type":"Feature","properties":{"id":"stn-152","kind":"node","name":"Causeway Bay","lineRef":"tram","lab":1,"color":"#009640"},"geometry":{"type":"Point","coordinates":[114.18374,22.27939]}},{"type":"Feature","properties":{"id":"stn-153","kind":"node","name":"Choi Hung","lineRef":"metro","lab":1,"color":"#00AB4E"},"geometry":{"type":"Point","coordinates":[114.20882,22.33499]}},{"type":"Feature","properties":{"id":"stn-154","kind":"node","name":"Wong Tai Sin","lineRef":"metro","lab":1,"color":"#00AB4E"},"geometry":{"type":"Point","coordinates":[114.19401,22.34157]}},{"type":"Feature","properties":{"id":"stn-155","kind":"node","name":"Tai Wo Hau","lineRef":"metro","lab":1,"color":"#ED1D24"},"geometry":{"type":"Point","coordinates":[114.12501,22.37082]}},{"type":"Feature","properties":{"id":"stn-156","kind":"node","name":"Po Lam","lineRef":"metro","lab":1,"color":"#7D499D"},"geometry":{"type":"Point","coordinates":[114.2579,22.32249]}},{"type":"Feature","properties":{"id":"stn-157","kind":"node","name":"Sham Shui Po","lineRef":"metro","lab":1,"color":"#ED1D24"},"geometry":{"type":"Point","coordinates":[114.16234,22.33073]}},{"type":"Feature","properties":{"id":"stn-158","kind":"node","name":"Ocean Park","lineRef":"metro","lab":1,"color":"#B6BD00"},"geometry":{"type":"Point","coordinates":[114.17437,22.24858]}},{"type":"Feature","properties":{"id":"stn-159","kind":"node","name":"Jordan","lineRef":"metro","lab":1,"color":"#ED1D24"},"geometry":{"type":"Point","coordinates":[114.17175,22.30467]}},{"type":"Feature","properties":{"id":"stn-160","kind":"node","name":"Ho Man Tin","lineRef":"metro","lab":1,"color":"#923011"},"geometry":{"type":"Point","coordinates":[114.18262,22.30952]}},{"type":"Feature","properties":{"id":"stn-161","kind":"node","name":"Whampoa","lineRef":"metro","lab":1,"color":"#00AB4E"},"geometry":{"type":"Point","coordinates":[114.18954,22.30495]}},{"type":"Feature","properties":{"id":"stn-162","kind":"node","name":"Lei Tung","lineRef":"metro","lab":1,"color":"#B6BD00"},"geometry":{"type":"Point","coordinates":[114.15583,22.24219]}},{"type":"Feature","properties":{"id":"stn-163","kind":"node","name":"South Horizons","lineRef":"metro","lab":1,"color":"#B6BD00"},"geometry":{"type":"Point","coordinates":[114.14875,22.24284]}},{"type":"Feature","properties":{"id":"stn-165","kind":"node","name":"Kai Tak","lineRef":"metro","lab":1,"color":"#923011"},"geometry":{"type":"Point","coordinates":[114.19937,22.3305]}},{"type":"Feature","properties":{"id":"stn-166","kind":"node","name":"Shek Kip Mei","lineRef":"metro","lab":1,"color":"#00AB4E"},"geometry":{"type":"Point","coordinates":[114.16885,22.33202]}},{"type":"Feature","properties":{"id":"stn-167","kind":"node","name":"Sung Wong Toi","lineRef":"metro","lab":1,"color":"#923011"},"geometry":{"type":"Point","coordinates":[114.19133,22.3259]}},{"type":"Feature","properties":{"id":"stn-168","kind":"node","name":"Kowloon Bay","lineRef":"metro","lab":1,"color":"#00AB4E"},"geometry":{"type":"Point","coordinates":[114.21409,22.32347]}},{"type":"Feature","properties":{"id":"stn-169","kind":"node","name":"Lok Ma Chau","lineRef":"metro","lab":1,"color":"#53B7E8"},"geometry":{"type":"Point","coordinates":[114.06568,22.51446]}},{"type":"Feature","properties":{"id":"stn-170","kind":"node","name":"Fanling","lineRef":"metro","lab":1,"color":"#53B7E8"},"geometry":{"type":"Point","coordinates":[114.13881,22.49199]}},{"type":"Feature","properties":{"id":"stn-171","kind":"stop","name":"Macau Ferry Terminal","lineRef":"tram","lab":1,"color":"#009640"},"geometry":{"type":"Point","coordinates":[114.14987,22.28779]}},{"type":"Feature","properties":{"id":"stn-172","kind":"stop","name":"Western Market Terminus","lineRef":"metro","lab":1,"color":"#007DC5"},"geometry":{"type":"Point","coordinates":[114.15078,22.28689]}},{"type":"Feature","properties":{"id":"stn-173","kind":"stop","name":"Happy Valley Terminus","lineRef":"tram","lab":1,"color":"#009640"},"geometry":{"type":"Point","coordinates":[114.18427,22.26984]}},{"type":"Feature","properties":{"id":"stn-174","kind":"stop","name":"Causeway Bay Terminus","lineRef":"tram","lab":1,"color":"#009640"},"geometry":{"type":"Point","coordinates":[114.18706,22.27926]}},{"type":"Feature","properties":{"id":"stn-175","kind":"stop","name":"Shek Tong Tsui Terminus","lineRef":"tram","lab":1,"color":"#009640"},"geometry":{"type":"Point","coordinates":[114.13505,22.28712]}},{"type":"Feature","properties":{"id":"stn-176","kind":"stop","name":"North Point Terminus","lineRef":"tram","lab":1,"color":"#009640"},"geometry":{"type":"Point","coordinates":[114.19877,22.29107]}},{"type":"Feature","properties":{"id":"stn-177","kind":"stop","name":"Connaught Road West","lineRef":"tram","lab":1,"color":"#009640"},"geometry":{"type":"Point","coordinates":[114.14876,22.28804]}},{"type":"Feature","properties":{"id":"stn-178","kind":"stop","name":"Admiralty MTR Station","lineRef":"tram","lab":1,"color":"#009640"},"geometry":{"type":"Point","coordinates":[114.16463,22.27828]}},{"type":"Feature","properties":{"id":"stn-179","kind":"stop","name":"Queen's Road East","lineRef":"tram","lab":1,"color":"#009640"},"geometry":{"type":"Point","coordinates":[114.17945,22.2744]}},{"type":"Feature","properties":{"id":"stn-180","kind":"stop","name":"Shau Kei Wan Terminus","lineRef":"tram","lab":1,"color":"#009640"},"geometry":{"type":"Point","coordinates":[114.23017,22.27789]}},{"type":"Feature","properties":{"id":"stn-181","kind":"stop","name":"Park Island Pier","lineRef":"ferry","lab":1},"geometry":{"type":"Point","coordinates":[114.06466,22.35287]}},{"type":"Feature","properties":{"id":"stn-182","kind":"stop","name":"Peng Chau Public Pier","lineRef":"ferry","lab":1},"geometry":{"type":"Point","coordinates":[114.0378,22.28423]}},{"type":"Feature","properties":{"id":"stn-183","kind":"stop","name":"Cheung Chau Ferry Pier","lineRef":"ferry","lab":1},"geometry":{"type":"Point","coordinates":[114.02837,22.20871]}},{"type":"Feature","properties":{"id":"stn-184","kind":"stop","name":"Shelter Street","lineRef":"tram","lab":1,"color":"#009640"},"geometry":{"type":"Point","coordinates":[114.18794,22.27961]}},{"type":"Feature","properties":{"id":"stn-185","kind":"stop","name":"Victoria Park","lineRef":"tram","lab":1,"color":"#009640"},"geometry":{"type":"Point","coordinates":[114.18925,22.28048]}},{"type":"Feature","properties":{"id":"stn-186","kind":"stop","name":"Lau Li Street","lineRef":"tram","lab":1,"color":"#009640"},"geometry":{"type":"Point","coordinates":[114.19275,22.2845]}},{"type":"Feature","properties":{"id":"stn-187","kind":"stop","name":"Wing Hing Street","lineRef":"tram","lab":1,"color":"#009640"},"geometry":{"type":"Point","coordinates":[114.19284,22.28501]}},{"type":"Feature","properties":{"id":"stn-188","kind":"stop","name":"Hing Fat Street","lineRef":"tram","lab":1,"color":"#009640"},"geometry":{"type":"Point","coordinates":[114.19111,22.28174]}},{"type":"Feature","properties":{"id":"stn-189","kind":"stop","name":"Lau Sin Street","lineRef":"tram","lab":1,"color":"#009640"},"geometry":{"type":"Point","coordinates":[114.19222,22.28276]}},{"type":"Feature","properties":{"id":"stn-190","kind":"stop","name":"Pennington Street","lineRef":"tram","lab":1,"color":"#009640"},"geometry":{"type":"Point","coordinates":[114.18656,22.27953]}},{"type":"Feature","properties":{"id":"stn-191","kind":"stop","name":"Kennedy Town Terminus","lineRef":"tram","lab":1,"color":"#009640"},"geometry":{"type":"Point","coordinates":[114.12621,22.28297]}},{"type":"Feature","properties":{"id":"stn-192","kind":"stop","name":"Davis Street","lineRef":"tram","lab":1,"color":"#009640"},"geometry":{"type":"Point","coordinates":[114.12694,22.28305]}},{"type":"Feature","properties":{"id":"stn-193","kind":"stop","name":"Smithfield","lineRef":"tram","lab":1,"color":"#009640"},"geometry":{"type":"Point","coordinates":[114.12776,22.2832]}},{"type":"Feature","properties":{"id":"stn-194","kind":"stop","name":"North Street","lineRef":"tram","lab":1,"color":"#009640"},"geometry":{"type":"Point","coordinates":[114.12875,22.28339]}},{"type":"Feature","properties":{"id":"stn-195","kind":"stop","name":"Sands Street","lineRef":"tram","lab":1,"color":"#009640"},"geometry":{"type":"Point","coordinates":[114.12936,22.28351]}},{"type":"Feature","properties":{"id":"stn-196","kind":"stop","name":"Kennedy Town Praya","lineRef":"tram","lab":1,"color":"#009640"},"geometry":{"type":"Point","coordinates":[114.13037,22.28437]}},{"type":"Feature","properties":{"id":"stn-197","kind":"stop","name":"Holland Street","lineRef":"tram","lab":1,"color":"#009640"},"geometry":{"type":"Point","coordinates":[114.13036,22.2844]}},{"type":"Feature","properties":{"id":"stn-198","kind":"stop","name":"Tin Lok Lane","lineRef":"tram","lab":1,"color":"#009640"},"geometry":{"type":"Point","coordinates":[114.17965,22.2785]}},{"type":"Feature","properties":{"id":"stn-199","kind":"stop","name":"Jupiter Street","lineRef":"tram","lab":1,"color":"#009640"},"geometry":{"type":"Point","coordinates":[114.19289,22.28641]}},{"type":"Feature","properties":{"id":"stn-201","kind":"stop","name":"Hill Road","lineRef":"tram","lab":1,"color":"#009640"},"geometry":{"type":"Point","coordinates":[114.13436,22.28708]}},{"type":"Feature","properties":{"id":"stn-202","kind":"stop","name":"Queen's Road West","lineRef":"tram","lab":1,"color":"#009640"},"geometry":{"type":"Point","coordinates":[114.13224,22.28645]}},{"type":"Feature","properties":{"id":"stn-203","kind":"stop","name":"Percival Street","lineRef":"tram","lab":1,"color":"#009640"},"geometry":{"type":"Point","coordinates":[114.18293,22.28002]}},{"type":"Feature","properties":{"id":"stn-204","kind":"stop","name":"Paterson Street","lineRef":"tram","lab":1,"color":"#009640"},"geometry":{"type":"Point","coordinates":[114.18614,22.27969]}},{"type":"Feature","properties":{"id":"stn-205","kind":"stop","name":"Tonnochy Road","lineRef":"tram","lab":1,"color":"#009640"},"geometry":{"type":"Point","coordinates":[114.17783,22.27826]}},{"type":"Feature","properties":{"id":"stn-206","kind":"stop","name":"Canal Road West","lineRef":"tram","lab":1,"color":"#009640"},"geometry":{"type":"Point","coordinates":[114.18078,22.27923]}},{"type":"Feature","properties":{"id":"stn-207","kind":"stop","name":"Western Street","lineRef":"tram","lab":1,"color":"#009640"},"geometry":{"type":"Point","coordinates":[114.14044,22.28789]}},{"type":"Feature","properties":{"id":"stn-208","kind":"stop","name":"Whitty Street","lineRef":"tram","lab":1,"color":"#009640"},"geometry":{"type":"Point","coordinates":[114.1368,22.28688]}},{"type":"Feature","properties":{"id":"stn-209","kind":"stop","name":"Sutherland Street","lineRef":"tram","lab":1,"color":"#009640"},"geometry":{"type":"Point","coordinates":[114.14614,22.28773]}},{"type":"Feature","properties":{"id":"stn-210","kind":"stop","name":"Eastern Street","lineRef":"tram","lab":1,"color":"#009640"},"geometry":{"type":"Point","coordinates":[114.14351,22.2879]}},{"type":"Feature","properties":{"id":"stn-211","kind":"stop","name":"Water Street","lineRef":"tram","lab":1,"color":"#009640"},"geometry":{"type":"Point","coordinates":[114.13906,22.28749]}},{"type":"Feature","properties":{"id":"stn-212","kind":"stop","name":"Queen Street","lineRef":"tram","lab":1,"color":"#009640"},"geometry":{"type":"Point","coordinates":[114.1469,22.28769]}},{"type":"Feature","properties":{"id":"stn-213","kind":"stop","name":"Arsenal Street","lineRef":"tram","lab":1,"color":"#009640"},"geometry":{"type":"Point","coordinates":[114.16844,22.27779]}},{"type":"Feature","properties":{"id":"stn-214","kind":"stop","name":"Bank Street","lineRef":"tram","lab":1,"color":"#009640"},"geometry":{"type":"Point","coordinates":[114.15987,22.28059]}},{"type":"Feature","properties":{"id":"stn-215","kind":"stop","name":"Cotton Tree Drive","lineRef":"tram","lab":1,"color":"#009640"},"geometry":{"type":"Point","coordinates":[114.16316,22.27903]}},{"type":"Feature","properties":{"id":"stn-216","kind":"stop","name":"Murray Road","lineRef":"tram","lab":1,"color":"#009640"},"geometry":{"type":"Point","coordinates":[114.16173,22.27978]}},{"type":"Feature","properties":{"id":"stn-217","kind":"stop","name":"Burrows Street","lineRef":"tram","lab":1,"color":"#009640"},"geometry":{"type":"Point","coordinates":[114.17599,22.27733]}},{"type":"Feature","properties":{"id":"stn-218","kind":"stop","name":"Fenwick Street","lineRef":"tram","lab":1,"color":"#009640"},"geometry":{"type":"Point","coordinates":[114.17005,22.27725]}},{"type":"Feature","properties":{"id":"stn-219","kind":"stop","name":"Fleming Road","lineRef":"tram","lab":1,"color":"#009640"},"geometry":{"type":"Point","coordinates":[114.17535,22.27699]}},{"type":"Feature","properties":{"id":"stn-220","kind":"stop","name":"Gresson Street","lineRef":"tram","lab":1,"color":"#009640"},"geometry":{"type":"Point","coordinates":[114.17019,22.27713]}},{"type":"Feature","properties":{"id":"stn-221","kind":"stop","name":"Luard Road","lineRef":"tram","lab":1,"color":"#009640"},"geometry":{"type":"Point","coordinates":[114.17198,22.27644]}},{"type":"Feature","properties":{"id":"stn-222","kind":"stop","name":"O'Brien Road","lineRef":"tram","lab":1,"color":"#009640"},"geometry":{"type":"Point","coordinates":[114.17314,22.27656]}},{"type":"Feature","properties":{"id":"stn-223","kind":"stop","name":"Swatow Street","lineRef":"tram","lab":1,"color":"#009640"},"geometry":{"type":"Point","coordinates":[114.1721,22.27643]}},{"type":"Feature","properties":{"id":"stn-224","kind":"stop","name":"Peng Chau Ferry Pier","lineRef":"ferry","lab":1},"geometry":{"type":"Point","coordinates":[114.03714,22.28448]}},{"type":"Feature","properties":{"id":"stn-225","kind":"stop","name":"Discovery Bay Pier","lineRef":"ferry","lab":1},"geometry":{"type":"Point","coordinates":[114.01796,22.29702]}},{"type":"Feature","properties":{"id":"stn-226","kind":"stop","name":"Hillier Street","lineRef":"tram","lab":1,"color":"#009640"},"geometry":{"type":"Point","coordinates":[114.15189,22.28661]}},{"type":"Feature","properties":{"id":"stn-227","kind":"stop","name":"Kornhill","lineRef":"tram","lab":1,"color":"#009640"},"geometry":{"type":"Point","coordinates":[114.21607,22.28465]}},{"type":"Feature","properties":{"id":"stn-228","kind":"stop","name":"Mount Parker Road","lineRef":"tram","lab":1,"color":"#009640"},"geometry":{"type":"Point","coordinates":[114.2112,22.2856]}},{"type":"Feature","properties":{"id":"stn-229","kind":"stop","name":"Java Road","lineRef":"tram","lab":1,"color":"#009640"},"geometry":{"type":"Point","coordinates":[114.2091,22.29074]}},{"type":"Feature","properties":{"id":"stn-230","kind":"stop","name":"Healthy Street West","lineRef":"tram","lab":1,"color":"#009640"},"geometry":{"type":"Point","coordinates":[114.20515,22.29209]}},{"type":"Feature","properties":{"id":"stn-231","kind":"stop","name":"Foo Ming Street","lineRef":"tram","lab":1,"color":"#009640"},"geometry":{"type":"Point","coordinates":[114.18305,22.2791]}},{"type":"Feature","properties":{"id":"stn-232","kind":"stop","name":"Leighton Road","lineRef":"tram","lab":1,"color":"#009640"},"geometry":{"type":"Point","coordinates":[114.18234,22.277]}},{"type":"Feature","properties":{"id":"stn-233","kind":"stop","name":"Sai Wan Ho Depot","lineRef":"metro","lab":1,"color":"#007DC5"},"geometry":{"type":"Point","coordinates":[114.22588,22.28021]}},{"type":"Feature","properties":{"id":"stn-234","kind":"stop","name":"Hoi Foo Street","lineRef":"metro","lab":1,"color":"#007DC5"},"geometry":{"type":"Point","coordinates":[114.22442,22.2804]}},{"type":"Feature","properties":{"id":"stn-235","kind":"stop","name":"Finnie Street","lineRef":"tram","lab":1,"color":"#009640"},"geometry":{"type":"Point","coordinates":[114.20986,22.28861]}},{"type":"Feature","properties":{"id":"stn-236","kind":"stop","name":"Healthy Street East","lineRef":"tram","lab":1,"color":"#009640"},"geometry":{"type":"Point","coordinates":[114.20752,22.29174]}},{"type":"Feature","properties":{"id":"stn-237","kind":"stop","name":"Shipyard Lane","lineRef":"tram","lab":1,"color":"#009640"},"geometry":{"type":"Point","coordinates":[114.21384,22.28468]}},{"type":"Feature","properties":{"id":"stn-238","kind":"stop","name":"Chai Wan Road","lineRef":"tram","lab":1,"color":"#009640"},"geometry":{"type":"Point","coordinates":[114.22895,22.27676]}},{"type":"Feature","properties":{"id":"stn-239","kind":"stop","name":"Holy Cross Path","lineRef":"tram","lab":1,"color":"#009640"},"geometry":{"type":"Point","coordinates":[114.22265,22.28122]}},{"type":"Feature","properties":{"id":"stn-240","kind":"stop","name":"Nam Hong Street","lineRef":"tram","lab":1,"color":"#009640"},"geometry":{"type":"Point","coordinates":[114.22634,22.27874]}},{"type":"Feature","properties":{"id":"stn-241","kind":"stop","name":"Sun Sing Street","lineRef":"tram","lab":1,"color":"#009640"},"geometry":{"type":"Point","coordinates":[114.22584,22.27952]}},{"type":"Feature","properties":{"id":"stn-242","kind":"stop","name":"Tai Hong Street","lineRef":"tram","lab":1,"color":"#009640"},"geometry":{"type":"Point","coordinates":[114.22111,22.28315]}},{"type":"Feature","properties":{"id":"stn-243","kind":"stop","name":"Tai Koo Shing Road","lineRef":"tram","lab":1,"color":"#009640"},"geometry":{"type":"Point","coordinates":[114.22038,22.28407]}},{"type":"Feature","properties":{"id":"stn-244","kind":"stop","name":"Tai On Street","lineRef":"tram","lab":1,"color":"#009640"},"geometry":{"type":"Point","coordinates":[114.22174,22.28234]}},{"type":"Feature","properties":{"id":"stn-245","kind":"stop","name":"Hong Kong Cemetery","lineRef":"tram","lab":1,"color":"#009640"},"geometry":{"type":"Point","coordinates":[114.1799,22.27239]}},{"type":"Feature","properties":{"id":"stn-246","kind":"stop","name":"Gilman Street","lineRef":"tram","lab":1,"color":"#009640"},"geometry":{"type":"Point","coordinates":[114.15485,22.28532]}},{"type":"Feature","properties":{"id":"stn-247","kind":"stop","name":"Ice House Street","lineRef":"tram","lab":1,"color":"#009640"},"geometry":{"type":"Point","coordinates":[114.15857,22.28106]}},{"type":"Feature","properties":{"id":"stn-248","kind":"stop","name":"Jubilee Street","lineRef":"tram","lab":1,"color":"#009640"},"geometry":{"type":"Point","coordinates":[114.15564,22.28469]}},{"type":"Feature","properties":{"id":"stn-249","kind":"stop","name":"Man Wa Lane","lineRef":"metro","lab":1,"color":"#007DC5"},"geometry":{"type":"Point","coordinates":[114.15292,22.28633]}},{"type":"Feature","properties":{"id":"stn-250","kind":"stop","name":"Morrison Hill Road","lineRef":"tram","lab":1,"color":"#009640"},"geometry":{"type":"Point","coordinates":[114.18054,22.27585]}},{"type":"Feature","properties":{"id":"stn-251","kind":"stop","name":"Pedder Street","lineRef":"tram","lab":1,"color":"#009640"},"geometry":{"type":"Point","coordinates":[114.15803,22.28169]}},{"type":"Feature","properties":{"id":"stn-252","kind":"stop","name":"Pottinger Street","lineRef":"tram","lab":1,"color":"#009640"},"geometry":{"type":"Point","coordinates":[114.15663,22.28345]}},{"type":"Feature","properties":{"id":"stn-253","kind":"stop","name":"Western Market","lineRef":"tram","lab":1,"color":"#009640"},"geometry":{"type":"Point","coordinates":[114.15077,22.28686]}},{"type":"Feature","properties":{"id":"stn-254","kind":"stop","name":"Wong Nai Chung Road","lineRef":"tram","lab":1,"color":"#009640"},"geometry":{"type":"Point","coordinates":[114.18445,22.27224]}},{"type":"Feature","properties":{"id":"stn-255","kind":"stop","name":"Chun Yeung Street","lineRef":"tram","lab":1,"color":"#009640"},"geometry":{"type":"Point","coordinates":[114.19679,22.2911]}},{"type":"Feature","properties":{"id":"stn-256","kind":"stop","name":"North Point Road","lineRef":"tram","lab":1,"color":"#009640"},"geometry":{"type":"Point","coordinates":[114.19713,22.29053]}},{"type":"Feature","properties":{"id":"stn-257","kind":"stop","name":"Shu Kuk Street","lineRef":"tram","lab":1,"color":"#009640"},"geometry":{"type":"Point","coordinates":[114.20049,22.29122]}},{"type":"Feature","properties":{"id":"stn-258","kind":"stop","name":"Tin Chiu Street","lineRef":"tram","lab":1,"color":"#009640"},"geometry":{"type":"Point","coordinates":[114.20354,22.29184]}},{"type":"Feature","properties":{"id":"stn-259","kind":"stop","name":"Ma Liu Shui Ferry Pier","lineRef":"metro","lab":1,"color":"#53B7E8"},"geometry":{"type":"Point","coordinates":[114.21468,22.41714]}},{"type":"Feature","properties":{"id":"stn-260","kind":"stop","name":"Broadwood Road","lineRef":"tram","lab":1,"color":"#009640"},"geometry":{"type":"Point","coordinates":[114.18367,22.27389]}},{"type":"Feature","properties":{"id":"stn-261","kind":"stop","name":"Whitty Street Depot","lineRef":"tram","lab":1,"color":"#009640"},"geometry":{"type":"Point","coordinates":[114.13496,22.28755]}},{"type":"Feature","properties":{"id":"stn-262","kind":"stop","name":"Sha Tin Area 77 Landing","lineRef":"metro","lab":1,"color":"#923011"},"geometry":{"type":"Point","coordinates":[114.22131,22.41101]}},{"type":"Feature","properties":{"id":"stn-263","kind":"stop","name":"Tai Shui Hang Landing","lineRef":"metro","lab":1,"color":"#923011"},"geometry":{"type":"Point","coordinates":[114.21935,22.40745]}},{"type":"Feature","properties":{"id":"hub-central","kind":"hub","name":"Central","subKey":"hk.hub.central","lab":1,"modes":["metro","ferry"]},"geometry":{"type":"Point","coordinates":[114.1592,22.2819]}},{"type":"Feature","properties":{"id":"hub-admiralty","kind":"hub","name":"Admiralty","subKey":"hk.hub.admiralty","lab":1,"modes":["metro"]},"geometry":{"type":"Point","coordinates":[114.16552,22.27863]}},{"type":"Feature","properties":{"id":"hub-kowloon","kind":"hub","name":"Kowloon","subKey":"hk.hub.kowloon","lab":1,"modes":["metro"]},"geometry":{"type":"Point","coordinates":[114.1616,22.30493]}},{"type":"Feature","properties":{"id":"hub-kowloontong","kind":"hub","name":"Kowloon Tong","subKey":"hk.hub.kowloontong","lab":1,"modes":["metro"]},"geometry":{"type":"Point","coordinates":[114.17586,22.337]}},{"type":"Feature","properties":{"id":"hub-namcheong","kind":"hub","name":"Nam Cheong","subKey":"hk.hub.namcheong","lab":1,"modes":["metro"]},"geometry":{"type":"Point","coordinates":[114.15358,22.32636]}},{"type":"Feature","properties":{"id":"hub-hunghom","kind":"hub","name":"Hung Hom","subKey":"hk.hub.hunghom","lab":1,"modes":["metro"]},"geometry":{"type":"Point","coordinates":[114.18225,22.3029]}},{"type":"Feature","properties":{"id":"hub-mongkok","kind":"hub","name":"Mong Kok","subKey":"hk.hub.mongkok","lab":1,"modes":["metro"]},"geometry":{"type":"Point","coordinates":[114.16937,22.31931]}},{"type":"Feature","properties":{"id":"hub-tsimshatsui","kind":"hub","name":"Tsim Sha Tsui","subKey":"hk.hub.tsimshatsui","lab":1,"modes":["metro","ferry"]},"geometry":{"type":"Point","coordinates":[114.1724,22.29726]}},{"type":"Feature","properties":{"id":"hub-quarrybay","kind":"hub","name":"Quarry Bay","subKey":"hk.hub.quarrybay","lab":1,"modes":["metro"]},"geometry":{"type":"Point","coordinates":[114.20899,22.28817]}},{"type":"Feature","properties":{"id":"hub-tiukengleng","kind":"hub","name":"Tiu Keng Leng","subKey":"hk.hub.tiukengleng","lab":1,"modes":["metro"]},"geometry":{"type":"Point","coordinates":[114.25237,22.30408]}},{"type":"Feature","properties":{"id":"hub-laiking","kind":"hub","name":"Lai King","subKey":"hk.hub.laiking","lab":1,"modes":["metro"]},"geometry":{"type":"Point","coordinates":[114.12606,22.34832]}},{"type":"Feature","properties":{"id":"hub-tuenmun","kind":"hub","name":"Tuen Mun","subKey":"hk.hub.tuenmun","lab":1,"modes":["metro","tram"]},"geometry":{"type":"Point","coordinates":[113.97311,22.39382]}}]}