{"type":"FeatureCollection","features":[{"type":"Feature","properties":{"id":"dogal-0","kind":"district","btype":"dogal","name":"Parco Lombardo della Valle del Ticino","lab":1},"geometry":{"type":"MultiPolygon","coordinates":[[[[9.0416,45.25258],[9.04316,45.25288],[9.04624,45.25207],[9.04906,45.25183],[9.05931,45.2474],[9.06753,45.24483],[9.07016,45.24191],[9.07565,45.2384],[9.08192,45.23602],[9.08432,45.23548],[9.07741,45.23138],[9.07921,45.2306],[9.0787,45.23019],[9.08106,45.22924],[9.09167,45.22887],[9.09391,45.22764],[9.09417,45.22631],[9.09746,45.22864],[9.10712,45.22955],[9.10644,45.23029],[9.10287,45.23026],[9.10119,45.23116],[9.10309,45.23123],[9.10823,45.2331],[9.11048,45.23331],[9.11069,45.23223],[9.11195,45.23164],[9.11351,45.23206],[9.11455,45.23162],[9.11484,45.23223],[9.11698,45.23194],[9.11919,45.23014],[9.11982,45.22869],[9.12107,45.22941],[9.12152,45.22892],[9.12254,45.23039],[9.12455,45.2294],[9.12589,45.22981],[9.12687,45.22966],[9.1298,45.22835],[9.13049,45.22903],[9.13367,45.22955],[9.13414,45.22863],[9.13962,45.2297],[9.13977,45.22898],[9.16346,45.23219],[9.16402,45.23019],[9.17354,45.23107],[9.17688,45.23029],[9.17656,45.22943],[9.17909,45.22938],[9.17906,45.22891],[9.18081,45.22889],[9.18004,45.22638],[9.18237,45.22776],[9.18284,45.22706],[9.18543,45.2277],[9.18756,45.22933],[9.18822,45.22882],[9.18902,45.22979],[9.20265,45.224],[9.20388,45.22231],[9.20332,45.22197],[9.20473,45.22064],[9.20556,45.22093],[9.2073,45.21882],[9.20911,45.21959],[9.20792,45.22097],[9.20913,45.22164],[9.2095,45.22094],[9.21172,45.21922],[9.21141,45.21906],[9.21358,45.21739],[9.21624,45.21174],[9.21577,45.21095],[9.21578,45.2089],[9.21501,45.20746],[9.21579,45.20364],[9.21753,45.20411],[9.21935,45.20119],[9.22019,45.20099],[9.22278,45.20194],[9.22489,45.20168],[9.2247,45.20042],[9.22807,45.19999],[9.22857,45.20134],[9.22905,45.20132],[9.22966,45.20255],[9.23173,45.20317],[9.24055,45.19614],[9.23507,45.19609],[9.23502,45.19337],[9.23089,45.19391],[9.23024,45.19102],[9.22587,45.19176],[9.22525,45.18934],[9.22466,45.18939],[9.22421,45.18754],[9.22656,45.18725],[9.22574,45.185],[9.22758,45.18466],[9.22712,45.18314],[9.23085,45.18294],[9.23125,45.18261],[9.23255,45.18294],[9.23654,45.1827],[9.23894,45.18223],[9.24114,45.1811],[9.24024,45.17904],[9.23962,45.17895],[9.2384,45.1764],[9.24244,45.17621],[9.25122,45.1741],[9.25111,45.17367],[9.25736,45.17163],[9.2563,45.16956],[9.25543,45.16973],[9.25389,45.1654],[9.25561,45.16511],[9.25654,45.16703],[9.26031,45.16606],[9.26103,45.16871],[9.26847,45.16701],[9.26897,45.16848],[9.26822,45.1686],[9.26845,45.16982],[9.27273,45.16898],[9.27258,45.16847],[9.27584,45.16794],[9.27654,45.16937],[9.28001,45.16693],[9.27996,45.16662],[9.28219,45.16537],[9.28192,45.16443],[9.28316,45.16422],[9.28294,45.16359],[9.28564,45.16297],[9.28488,45.16034],[9.28613,45.15939],[9.28857,45.1589],[9.28821,45.15754],[9.28639,45.15635],[9.28739,45.1546],[9.28557,45.15486],[9.28498,45.15306],[9.28098,45.1531],[9.28067,45.14803],[9.27686,45.14834],[9.27665,45.14782],[9.27133,45.1486],[9.27026,45.1483],[9.27031,45.14887],[9.26812,45.14915],[9.26797,45.14873],[9.26505,45.14895],[9.26774,45.14779],[9.26756,45.14678],[9.26655,45.14538],[9.26707,45.14479],[9.26714,45.14375],[9.27006,45.14437],[9.27072,45.14489],[9.27162,45.14493],[9.27159,45.14436],[9.27029,45.14407],[9.27041,45.1429],[9.26967,45.14261],[9.26943,45.14292],[9.26839,45.14286],[9.26761,45.14174],[9.26561,45.14135],[9.26451,45.14195],[9.26285,45.14119],[9.26175,45.1391],[9.25909,45.14035],[9.25851,45.13884],[9.26169,45.12582],[9.25511,45.12671],[9.25041,45.12953],[9.24964,45.1317],[9.24645,45.13285],[9.24513,45.13446],[9.24545,45.13458],[9.23952,45.13879],[9.22924,45.13071],[9.22983,45.12876],[9.23146,45.1259],[9.23223,45.12244],[9.2348,45.11946],[9.23157,45.11895],[9.23307,45.11646],[9.23365,45.11438],[9.23358,45.11265],[9.23263,45.11093],[9.23216,45.11093],[9.2296,45.10816],[9.22543,45.10668],[9.22348,45.10648],[9.22233,45.10591],[9.21571,45.10626],[9.2163,45.10743],[9.2139,45.10793],[9.2116,45.1104],[9.20827,45.11196],[9.20884,45.11213],[9.20956,45.11387],[9.2078,45.11829],[9.20602,45.11938],[9.20268,45.12063],[9.19864,45.12141],[9.19561,45.12141],[9.18905,45.12082],[9.18178,45.1188],[9.18033,45.12084],[9.1796,45.12082],[9.17941,45.12122],[9.17927,45.1258],[9.17731,45.12629],[9.17343,45.12831],[9.17491,45.13225],[9.16794,45.13817],[9.16633,45.13395],[9.16199,45.12917],[9.1565,45.12469],[9.15257,45.12204],[9.15266,45.12592],[9.14595,45.12858],[9.14394,45.13052],[9.14164,45.13641],[9.14163,45.13776],[9.1422,45.13933],[9.13932,45.14069],[9.13656,45.14036],[9.13454,45.13982],[9.1308,45.13713],[9.12804,45.13703],[9.12647,45.1388],[9.12404,45.1386],[9.12348,45.13707],[9.11979,45.13646],[9.11986,45.13812],[9.12055,45.13824],[9.12062,45.13884],[9.11905,45.13931],[9.11929,45.14058],[9.11672,45.14115],[9.11775,45.14179],[9.11843,45.14341],[9.11632,45.14462],[9.11435,45.14435],[9.10824,45.14711],[9.10416,45.14769],[9.10237,45.14838],[9.10181,45.14979],[9.09903,45.15217],[9.10037,45.15474],[9.09856,45.15554],[9.09879,45.15589],[9.09763,45.15643],[9.0978,45.157],[9.0939,45.15654],[9.09338,45.15544],[9.09126,45.15476],[9.09043,45.15377],[9.08631,45.15198],[9.08347,45.15623],[9.08259,45.15599],[9.08276,45.15523],[9.08114,45.15496],[9.08102,45.15765],[9.07976,45.15785],[9.08043,45.15901],[9.07916,45.15941],[9.07648,45.1569],[9.07467,45.15414],[9.0733,45.15389],[9.07342,45.15311],[9.07389,45.15306],[9.06828,45.15283],[9.0681,45.15346],[9.06583,45.15333],[9.06631,45.15165],[9.0598,45.15122],[9.05969,45.15163],[9.05086,45.15027],[9.05211,45.14603],[9.044,45.14496],[9.04495,45.14659],[9.04604,45.14629],[9.04596,45.15129],[9.03667,45.1526],[9.03565,45.15063],[9.03323,45.15054],[9.03266,45.15287],[9.03018,45.15278],[9.03072,45.15216],[9.03135,45.14842],[9.02304,45.14846],[9.02198,45.14737],[9.02154,45.14395],[9.01901,45.14386],[9.0191,45.14603],[9.01398,45.14567],[9.01311,45.14513],[9.0137,45.14148],[9.01029,45.14131],[9.01013,45.14249],[9.00635,45.14222],[9.00611,45.14108],[9.00269,45.14091],[9.00201,45.14178],[8.99801,45.14183],[8.99792,45.14131],[8.99689,45.14192],[8.99531,45.15001],[8.99187,45.15003],[8.99095,45.15074],[8.99086,45.15257],[8.98846,45.15262],[8.98863,45.15344],[8.99107,45.15371],[8.99122,45.15424],[8.99348,45.15419],[8.99336,45.15588],[8.99159,45.15594],[8.99153,45.15556],[8.9906,45.15549],[8.99094,45.15437],[8.98801,45.15428],[8.98785,45.15555],[8.98424,45.15572],[8.9842,45.15834],[8.98136,45.15812],[8.98129,45.15866],[8.98213,45.15876],[8.98198,45.16027],[8.98238,45.1603],[8.98215,45.16127],[8.98135,45.16131],[8.98095,45.16245],[8.97915,45.16198],[8.97934,45.1615],[8.97696,45.16121],[8.97648,45.16328],[8.9752,45.16333],[8.97513,45.16377],[8.97412,45.16376],[8.974,45.16414],[8.97084,45.164],[8.97168,45.16456],[8.9717,45.16638],[8.97092,45.16641],[8.97103,45.16779],[8.96704,45.16727],[8.96701,45.16783],[8.96665,45.16785],[8.96646,45.17005],[8.96567,45.17022],[8.96565,45.17279],[8.96514,45.17275],[8.95878,45.17777],[8.9583,45.17759],[8.95832,45.17842],[8.95787,45.17848],[8.9576,45.17707],[8.95723,45.17709],[8.95723,45.17746],[8.95398,45.17765],[8.95392,45.17959],[8.95137,45.17957],[8.95138,45.17884],[8.94532,45.17875],[8.94555,45.1779],[8.94504,45.17787],[8.94515,45.17569],[8.94344,45.17563],[8.94339,45.17702],[8.94178,45.17694],[8.94183,45.17644],[8.9403,45.17647],[8.94016,45.17562],[8.93782,45.17564],[8.93781,45.17383],[8.93837,45.17371],[8.93828,45.17302],[8.93501,45.17303],[8.93507,45.17233],[8.93463,45.17228],[8.93484,45.17122],[8.93397,45.17103],[8.93407,45.17043],[8.9325,45.17044],[8.93235,45.17116],[8.93136,45.17114],[8.93136,45.17229],[8.92843,45.17234],[8.92824,45.17065],[8.92581,45.17056],[8.92565,45.17123],[8.92397,45.17107],[8.92381,45.17039],[8.92104,45.17146],[8.91926,45.17403],[8.91684,45.17257],[8.91683,45.1717],[8.91649,45.17162],[8.91474,45.17216],[8.91414,45.17366],[8.91252,45.17316],[8.911,45.17406],[8.90803,45.17493],[8.90417,45.17305],[8.8987,45.17781],[8.89953,45.17919],[8.89659,45.18207],[8.89415,45.18125],[8.89688,45.17736],[8.89088,45.17572],[8.89025,45.17597],[8.88877,45.17783],[8.887,45.17709],[8.88657,45.17527],[8.88439,45.17458],[8.88339,45.17579],[8.88685,45.17702],[8.88547,45.17868],[8.88379,45.17831],[8.88324,45.1784],[8.88237,45.17946],[8.88171,45.17916],[8.88341,45.17688],[8.88236,45.17642],[8.88088,45.17862],[8.88053,45.1785],[8.88259,45.17479],[8.88249,45.17438],[8.88029,45.17815],[8.87886,45.17769],[8.8774,45.17968],[8.87781,45.17986],[8.87733,45.18059],[8.87802,45.18087],[8.87716,45.18209],[8.87771,45.18226],[8.87645,45.18553],[8.881,45.18642],[8.88013,45.18941],[8.88292,45.1897],[8.8858,45.19052],[8.88447,45.19217],[8.88523,45.19248],[8.88864,45.1961],[8.88821,45.19634],[8.88732,45.19604],[8.88624,45.19842],[8.88775,45.19864],[8.88852,45.1983],[8.89273,45.19963],[8.89121,45.20184],[8.89643,45.20315],[8.89661,45.20632],[8.89719,45.20636],[8.89711,45.2077],[8.89762,45.20774],[8.89764,45.20853],[8.89829,45.20852],[8.89764,45.21032],[8.89551,45.21088],[8.89567,45.2133],[8.8975,45.21386],[8.89754,45.21357],[8.89898,45.21366],[8.89862,45.21514],[8.90037,45.21535],[8.90027,45.21602],[8.89902,45.21617],[8.8986,45.21748],[8.89675,45.219],[8.90179,45.21922],[8.9018,45.22054],[8.90217,45.22057],[8.90189,45.2254],[8.89775,45.22551],[8.8931,45.22502],[8.89318,45.227],[8.89403,45.227],[8.89413,45.23186],[8.89259,45.23182],[8.89188,45.23038],[8.88838,45.23016],[8.88704,45.22796],[8.87759,45.23761],[8.8721,45.23386],[8.87014,45.23295],[8.87013,45.23222],[8.86819,45.23179],[8.86848,45.23068],[8.86295,45.22996],[8.86296,45.23107],[8.86198,45.23243],[8.85908,45.23195],[8.84258,45.23187],[8.84277,45.23055],[8.83213,45.2294],[8.83204,45.22809],[8.82939,45.22807],[8.82941,45.22858],[8.82512,45.2283],[8.82468,45.22659],[8.81987,45.22818],[8.81423,45.22883],[8.8142,45.22719],[8.80498,45.22997],[8.79761,45.23317],[8.7985,45.23665],[8.80118,45.23968],[8.80328,45.24358],[8.8029,45.24528],[8.79599,45.24506],[8.79672,45.24677],[8.79612,45.24852],[8.7956,45.25616],[8.7946,45.25927],[8.79725,45.25923],[8.79716,45.25971],[8.79502,45.26014],[8.79494,45.26044],[8.79415,45.2653],[8.79425,45.26659],[8.79464,45.26678],[8.79427,45.2705],[8.79634,45.27212],[8.79876,45.2755],[8.80319,45.27783],[8.80322,45.28024],[8.80098,45.28119],[8.80011,45.28223],[8.79818,45.28631],[8.79718,45.286],[8.79572,45.28793],[8.79646,45.29101],[8.79397,45.29012],[8.79351,45.29537],[8.79425,45.29837],[8.79356,45.30147],[8.79179,45.30475],[8.78916,45.30694],[8.78723,45.30982],[8.79658,45.31517],[8.78849,45.32177],[8.7889,45.32426],[8.78805,45.32563],[8.79157,45.32485],[8.78893,45.33583],[8.79546,45.33418],[8.80088,45.33412],[8.80509,45.33495],[8.80657,45.33379],[8.80937,45.3367],[8.81165,45.34025],[8.81096,45.3415],[8.81086,45.34329],[8.8118,45.34471],[8.80947,45.3465],[8.80768,45.34602],[8.80683,45.347],[8.80399,45.34694],[8.8027,45.34792],[8.79732,45.35005],[8.7964,45.35094],[8.79646,45.35147],[8.79456,45.35439],[8.79375,45.35796],[8.78804,45.36178],[8.78698,45.36368],[8.77864,45.36645],[8.77868,45.36738],[8.77617,45.36741],[8.76631,45.3639],[8.76739,45.3576],[8.76558,45.35682],[8.76066,45.3557],[8.75609,45.35721],[8.74669,45.35629],[8.74613,45.35452],[8.74551,45.35439],[8.74418,45.35538],[8.74326,45.35541],[8.74363,45.35704],[8.74323,45.35795],[8.73969,45.36055],[8.73582,45.36223],[8.73442,45.36449],[8.73223,45.36523],[8.73059,45.36823],[8.7284,45.36821],[8.72761,45.36922],[8.72617,45.3692],[8.72371,45.3708],[8.72044,45.37046],[8.71988,45.37302],[8.72045,45.37461],[8.72029,45.37517],[8.71888,45.37592],[8.71847,45.37682],[8.71929,45.37838],[8.7221,45.37974],[8.72291,45.37945],[8.72485,45.37696],[8.72713,45.37563],[8.7308,45.37554],[8.73205,45.37503],[8.73341,45.37557],[8.74078,45.37637],[8.74027,45.3771],[8.74072,45.3772],[8.74168,45.37678],[8.74433,45.37687],[8.74567,45.37649],[8.74829,45.37438],[8.75149,45.3754],[8.75116,45.3761],[8.75406,45.37707],[8.75505,45.37689],[8.75453,45.37629],[8.75485,45.3758],[8.7578,45.37613],[8.75638,45.37911],[8.75813,45.37949],[8.75974,45.37638],[8.76089,45.37648],[8.76402,45.3773],[8.76272,45.38021],[8.76287,45.38184],[8.76105,45.38293],[8.76427,45.38345],[8.76543,45.38894],[8.76726,45.38849],[8.77193,45.38623],[8.77246,45.38653],[8.77682,45.3839],[8.78417,45.38216],[8.7846,45.38299],[8.78594,45.383],[8.78654,45.38172],[8.78841,45.38098],[8.78946,45.37991],[8.79142,45.37993],[8.79338,45.37896],[8.79473,45.37899],[8.79593,45.37954],[8.80118,45.37988],[8.80154,45.37918],[8.80693,45.38092],[8.80644,45.38164],[8.8101,45.38229],[8.8119,45.38327],[8.81203,45.38383],[8.81054,45.38879],[8.81123,45.38911],[8.81416,45.39007],[8.81773,45.39043],[8.82177,45.39145],[8.82098,45.39237],[8.8222,45.39285],[8.82371,45.3919],[8.82608,45.39178],[8.82697,45.39027],[8.82952,45.39027],[8.83555,45.39235],[8.84006,45.39279],[8.8429,45.39384],[8.84066,45.39722],[8.84075,45.39789],[8.84219,45.39895],[8.83957,45.40342],[8.83711,45.40664],[8.83498,45.40742],[8.83094,45.40772],[8.82796,45.40854],[8.82624,45.4097],[8.82368,45.41244],[8.82339,45.41633],[8.82356,45.41798],[8.82441,45.419],[8.82439,45.42493],[8.82389,45.42569],[8.82024,45.42812],[8.82527,45.43076],[8.82634,45.43259],[8.82583,45.43395],[8.82432,45.43512],[8.82128,45.43537],[8.81946,45.4352],[8.81125,45.43257],[8.80906,45.43273],[8.8081,45.43333],[8.80764,45.43446],[8.80802,45.43576],[8.80883,45.43672],[8.81151,45.43794],[8.81198,45.43897],[8.81007,45.44598],[8.80564,45.44908],[8.79862,45.45742],[8.79413,45.45843],[8.79251,45.46036],[8.78837,45.46251],[8.78812,45.46416],[8.79128,45.46737],[8.79144,45.46877],[8.79089,45.47147],[8.79058,45.48021],[8.78898,45.4841],[8.78749,45.48623],[8.78591,45.48686],[8.78464,45.4868],[8.78135,45.48505],[8.7796,45.48461],[8.77526,45.48437],[8.77349,45.4847],[8.77017,45.48653],[8.76875,45.48783],[8.76349,45.49286],[8.76166,45.49567],[8.76035,45.49685],[8.75621,45.49831],[8.75057,45.49865],[8.74567,45.49782],[8.74071,45.49781],[8.73853,45.49846],[8.73495,45.50075],[8.73195,45.50185],[8.72789,45.5024],[8.72449,45.5045],[8.72284,45.50602],[8.72284,45.50764],[8.71999,45.50947],[8.7193,45.51431],[8.71582,45.51636],[8.71439,45.51788],[8.71229,45.52203],[8.71256,45.52433],[8.71441,45.52788],[8.7194,45.53105],[8.71922,45.53171],[8.71857,45.53315],[8.71774,45.53391],[8.71472,45.53547],[8.71349,45.53655],[8.71228,45.53939],[8.70911,45.5439],[8.70775,45.54752],[8.70616,45.55279],[8.70696,45.55937],[8.70553,45.56915],[8.70486,45.56994],[8.70196,45.57093],[8.69657,45.57438],[8.69442,45.576],[8.69334,45.57778],[8.69383,45.57979],[8.69604,45.58242],[8.69899,45.58473],[8.70359,45.58714],[8.70444,45.58831],[8.70476,45.59425],[8.70315,45.60006],[8.69983,45.60449],[8.69878,45.6033],[8.69927,45.60171],[8.69533,45.60247],[8.69186,45.6041],[8.68899,45.60726],[8.68878,45.60823],[8.69386,45.60965],[8.68819,45.6135],[8.68562,45.61762],[8.68213,45.62034],[8.67796,45.6215],[8.66621,45.62075],[8.66423,45.62111],[8.66309,45.62203],[8.66271,45.62306],[8.66291,45.62424],[8.66553,45.62782],[8.66594,45.63032],[8.6652,45.63155],[8.66027,45.63581],[8.65894,45.63775],[8.6594,45.64034],[8.66036,45.64186],[8.66173,45.6426],[8.66566,45.64288],[8.66887,45.64241],[8.67088,45.64149],[8.67223,45.64024],[8.67351,45.63676],[8.67452,45.63563],[8.67567,45.63477],[8.67865,45.63363],[8.68249,45.63359],[8.68506,45.63433],[8.68818,45.63699],[8.68861,45.63821],[8.68802,45.64167],[8.68467,45.64688],[8.68203,45.65001],[8.6724,45.65797],[8.66983,45.66142],[8.66979,45.66286],[8.67141,45.66544],[8.67638,45.66882],[8.67933,45.66901],[8.68149,45.67033],[8.68064,45.67244],[8.6816,45.67372],[8.6812,45.6764],[8.67879,45.67742],[8.6751,45.67764],[8.66745,45.67495],[8.65743,45.67445],[8.64342,45.67548],[8.64208,45.67583],[8.6408,45.67681],[8.64035,45.6834],[8.64088,45.6863],[8.64118,45.68702],[8.6438,45.68944],[8.64614,45.69268],[8.64827,45.69718],[8.65043,45.70353],[8.65336,45.7064],[8.65436,45.70788],[8.65467,45.71109],[8.65343,45.71397],[8.64784,45.72041],[8.64596,45.72176],[8.64287,45.72316],[8.64007,45.7235],[8.63135,45.72228],[8.62818,45.72222],[8.61968,45.72493],[8.61308,45.72572],[8.60214,45.72631],[8.59598,45.72889],[8.59303,45.73099],[8.59103,45.73346],[8.58753,45.74121],[8.58243,45.74917],[8.58625,45.75172],[8.59107,45.7536],[8.59096,45.75409],[8.59192,45.75526],[8.59823,45.7565],[8.59959,45.75644],[8.60068,45.75512],[8.6017,45.75465],[8.60248,45.75391],[8.60246,45.75282],[8.60588,45.75231],[8.60603,45.75164],[8.60826,45.75149],[8.609,45.75095],[8.6103,45.75134],[8.61081,45.7505],[8.61073,45.74946],[8.61157,45.74844],[8.61855,45.74851],[8.61916,45.74896],[8.62011,45.74898],[8.62155,45.75009],[8.62421,45.75095],[8.62607,45.75024],[8.62846,45.74789],[8.63316,45.75113],[8.63607,45.75245],[8.63684,45.75382],[8.63636,45.754],[8.63707,45.75616],[8.63814,45.75659],[8.63827,45.75984],[8.63903,45.7607],[8.63914,45.76176],[8.64209,45.7618],[8.64095,45.76722],[8.64029,45.76825],[8.64171,45.76821],[8.64192,45.77116],[8.64528,45.77708],[8.64563,45.77699],[8.64634,45.7779],[8.65289,45.77745],[8.65328,45.77706],[8.65573,45.77712],[8.65714,45.77771],[8.66115,45.77755],[8.66025,45.77569],[8.66157,45.77539],[8.66231,45.77467],[8.66143,45.77297],[8.66182,45.76931],[8.66167,45.76736],[8.66112,45.76607],[8.66146,45.76485],[8.65996,45.76391],[8.65988,45.76328],[8.65831,45.76159],[8.65879,45.76105],[8.65804,45.75963],[8.65506,45.75764],[8.6567,45.75543],[8.65723,45.75307],[8.65428,45.74979],[8.65509,45.74889],[8.65588,45.7488],[8.65511,45.74661],[8.65694,45.74635],[8.65792,45.74695],[8.65875,45.74598],[8.65815,45.74439],[8.65986,45.74412],[8.66059,45.74452],[8.6622,45.74156],[8.66151,45.73992],[8.66236,45.74027],[8.662,45.73919],[8.66288,45.73892],[8.66365,45.73804],[8.66483,45.73898],[8.6655,45.73789],[8.66512,45.73758],[8.66606,45.73606],[8.67089,45.7366],[8.67512,45.73587],[8.67734,45.73658],[8.67754,45.73817],[8.67837,45.73835],[8.67772,45.73993],[8.67806,45.74108],[8.67879,45.74167],[8.6785,45.74251],[8.67752,45.74245],[8.67687,45.74303],[8.67825,45.7438],[8.67841,45.74452],[8.67802,45.74528],[8.68029,45.74969],[8.68613,45.75562],[8.69104,45.76171],[8.69968,45.76032],[8.70005,45.75977],[8.69976,45.75809],[8.70215,45.75769],[8.70384,45.75684],[8.70457,45.75791],[8.70567,45.75687],[8.70737,45.76064],[8.70967,45.76048],[8.70942,45.7621],[8.71012,45.76265],[8.70956,45.76436],[8.71425,45.76587],[8.71339,45.76263],[8.71355,45.76134],[8.71482,45.75992],[8.71572,45.75959],[8.71661,45.76107],[8.71839,45.76069],[8.71707,45.75794],[8.7159,45.75328],[8.71777,45.75013],[8.71797,45.74807],[8.72022,45.74759],[8.72101,45.74608],[8.72224,45.74561],[8.72202,45.74502],[8.72395,45.74458],[8.72319,45.74359],[8.72346,45.74331],[8.72478,45.74366],[8.72618,45.74326],[8.7258,45.74274],[8.72704,45.7412],[8.72829,45.74162],[8.7292,45.74111],[8.72944,45.73935],[8.73004,45.73935],[8.73052,45.73807],[8.73428,45.73854],[8.73678,45.73623],[8.73602,45.73557],[8.7344,45.7351],[8.73281,45.73369],[8.73114,45.73344],[8.72742,45.73143],[8.72696,45.72942],[8.72937,45.72732],[8.72939,45.72648],[8.72724,45.72518],[8.72689,45.72408],[8.72355,45.7214],[8.72418,45.72042],[8.72671,45.71891],[8.72637,45.71839],[8.74145,45.71294],[8.74092,45.7121],[8.74107,45.71111],[8.74395,45.71153],[8.74414,45.71057],[8.74654,45.71082],[8.74733,45.71197],[8.74903,45.71202],[8.74969,45.71265],[8.7516,45.71304],[8.75131,45.71389],[8.75298,45.71431],[8.75347,45.71499],[8.75385,45.71777],[8.75469,45.71819],[8.75736,45.71741],[8.757,45.71727],[8.75744,45.71688],[8.75707,45.71649],[8.75874,45.71481],[8.7607,45.71464],[8.76217,45.71517],[8.76447,45.71509],[8.76694,45.71579],[8.76896,45.71525],[8.77155,45.71544],[8.77251,45.71508],[8.77406,45.71552],[8.77464,45.71533],[8.7748,45.71568],[8.77583,45.71512],[8.7771,45.71529],[8.77702,45.71487],[8.77904,45.71479],[8.7805,45.71394],[8.77898,45.71303],[8.77943,45.71169],[8.78074,45.7108],[8.77885,45.70823],[8.77971,45.70706],[8.77595,45.70485],[8.77614,45.70446],[8.77896,45.70344],[8.7797,45.70265],[8.78058,45.70117],[8.779,45.70022],[8.77992,45.6991],[8.77978,45.6985],[8.78035,45.69852],[8.78114,45.69735],[8.78078,45.69774],[8.78005,45.697],[8.77932,45.69443],[8.77959,45.69316],[8.78104,45.69204],[8.78104,45.69056],[8.77841,45.69025],[8.77756,45.68973],[8.77748,45.68923],[8.78197,45.68819],[8.78327,45.68903],[8.78605,45.68957],[8.78648,45.69014],[8.78872,45.68924],[8.79144,45.69041],[8.79288,45.69011],[8.79259,45.68958],[8.79285,45.68922],[8.795,45.68899],[8.79594,45.68955],[8.79678,45.68908],[8.79735,45.68974],[8.80071,45.68823],[8.80096,45.68759],[8.80047,45.68673],[8.80278,45.68622],[8.80272,45.68417],[8.80666,45.68434],[8.80729,45.68288],[8.80601,45.67963],[8.80502,45.67903],[8.80569,45.67808],[8.80541,45.67663],[8.80805,45.67562],[8.81147,45.67175],[8.8113,45.67115],[8.8128,45.67034],[8.81275,45.66958],[8.81352,45.6687],[8.8131,45.66859],[8.81584,45.66384],[8.82062,45.65726],[8.82075,45.65698],[8.81928,45.65649],[8.82045,45.65458],[8.82129,45.65447],[8.8224,45.65157],[8.82197,45.65158],[8.8228,45.65062],[8.82465,45.65041],[8.8257,45.64858],[8.8267,45.64884],[8.82698,45.64853],[8.82602,45.6482],[8.82698,45.64716],[8.82745,45.64731],[8.83024,45.6431],[8.83124,45.64348],[8.83244,45.64216],[8.83155,45.64172],[8.83228,45.64085],[8.8296,45.64066],[8.82993,45.64013],[8.82519,45.63825],[8.821,45.63291],[8.81894,45.63119],[8.82081,45.63058],[8.81938,45.63004],[8.82011,45.62923],[8.81847,45.62933],[8.81857,45.62759],[8.81741,45.62756],[8.81767,45.62624],[8.81677,45.62606],[8.81673,45.62552],[8.81568,45.62548],[8.81544,45.62457],[8.81463,45.62472],[8.81437,45.62273],[8.81601,45.62251],[8.81588,45.62165],[8.81549,45.62132],[8.81239,45.62158],[8.81214,45.62055],[8.81285,45.62045],[8.8126,45.61933],[8.81202,45.61942],[8.81179,45.61876],[8.8108,45.61892],[8.80987,45.6164],[8.80942,45.61648],[8.80925,45.61576],[8.80975,45.61571],[8.80974,45.61527],[8.80887,45.61389],[8.80707,45.61434],[8.80686,45.61377],[8.80552,45.61363],[8.80573,45.61088],[8.80528,45.60691],[8.80479,45.60689],[8.80627,45.60201],[8.80178,45.60185],[8.79898,45.60217],[8.79838,45.59995],[8.79871,45.5991],[8.79767,45.59563],[8.79698,45.59575],[8.79571,45.59512],[8.79586,45.59316],[8.79624,45.59296],[8.79623,45.59235],[8.79688,45.59232],[8.79398,45.58211],[8.78855,45.57899],[8.78284,45.57071],[8.78244,45.56627],[8.787,45.56623],[8.78704,45.56664],[8.78744,45.56664],[8.78737,45.56488],[8.79048,45.56504],[8.79051,45.56415],[8.79225,45.56418],[8.79227,45.56353],[8.79487,45.56379],[8.79481,45.56329],[8.79895,45.56323],[8.79872,45.56101],[8.79758,45.561],[8.79754,45.56008],[8.80187,45.55994],[8.80171,45.56077],[8.80346,45.56078],[8.80354,45.55986],[8.80925,45.56143],[8.80986,45.56018],[8.80719,45.55955],[8.80782,45.5582],[8.8068,45.55798],[8.80609,45.55931],[8.80521,45.5591],[8.80498,45.55773],[8.80307,45.55766],[8.80253,45.55423],[8.80197,45.55418],[8.80209,45.55327],[8.80335,45.55334],[8.80349,45.55193],[8.8019,45.55186],[8.80205,45.55107],[8.79891,45.55061],[8.79892,45.54747],[8.79839,45.54744],[8.79843,45.54601],[8.79776,45.54613],[8.79763,45.54523],[8.79669,45.54527],[8.79635,45.54341],[8.79471,45.54311],[8.79499,45.54234],[8.79424,45.54217],[8.79481,45.54172],[8.79652,45.54199],[8.7966,45.54163],[8.7974,45.54174],[8.79776,45.54076],[8.7967,45.54048],[8.79703,45.53987],[8.79508,45.53926],[8.79779,45.53567],[8.79688,45.53534],[8.7984,45.53335],[8.79915,45.53361],[8.80048,45.53168],[8.79768,45.53066],[8.79817,45.52956],[8.79383,45.5283],[8.79442,45.52766],[8.79434,45.52682],[8.79617,45.52635],[8.79624,45.52689],[8.79806,45.52676],[8.79799,45.526],[8.79879,45.52596],[8.79888,45.52737],[8.80024,45.52737],[8.80032,45.52818],[8.80179,45.52816],[8.80171,45.52729],[8.80373,45.5272],[8.80261,45.52835],[8.80239,45.52973],[8.80673,45.52886],[8.80682,45.528],[8.80777,45.52808],[8.80778,45.52883],[8.81005,45.52886],[8.81003,45.5294],[8.81385,45.52911],[8.81363,45.52717],[8.816,45.52723],[8.81591,45.52643],[8.81759,45.52668],[8.81851,45.52488],[8.82111,45.52627],[8.82192,45.52593],[8.8217,45.52504],[8.82205,45.52443],[8.81991,45.52352],[8.82135,45.51842],[8.8212,45.51798],[8.82237,45.51478],[8.82339,45.5149],[8.82354,45.51325],[8.82514,45.51347],[8.82552,45.51261],[8.82398,45.51243],[8.8245,45.51116],[8.82487,45.5108],[8.82544,45.51092],[8.82569,45.50999],[8.82627,45.51004],[8.82592,45.51108],[8.82647,45.51117],[8.8272,45.50918],[8.83169,45.50993],[8.83292,45.50694],[8.83233,45.50684],[8.8337,45.50318],[8.83162,45.50154],[8.83168,45.50022],[8.83097,45.49884],[8.83537,45.49994],[8.83554,45.49907],[8.83619,45.49888],[8.83661,45.49341],[8.83423,45.49259],[8.83527,45.4891],[8.83319,45.48727],[8.82905,45.48567],[8.83189,45.48097],[8.83839,45.4816],[8.83953,45.47795],[8.84726,45.4789],[8.84779,45.47439],[8.85073,45.4742],[8.85068,45.47308],[8.8512,45.47306],[8.85084,45.46951],[8.8529,45.46983],[8.85313,45.47179],[8.86257,45.47206],[8.86264,45.47167],[8.8633,45.47167],[8.86315,45.47382],[8.87183,45.4739],[8.87173,45.47585],[8.87401,45.476],[8.87387,45.47653],[8.87743,45.47731],[8.87709,45.47783],[8.87888,45.47868],[8.87862,45.47907],[8.88022,45.47945],[8.8801,45.47972],[8.88056,45.47982],[8.87945,45.48258],[8.88118,45.48298],[8.8926,45.48076],[8.8973,45.47822],[8.89763,45.47835],[8.89826,45.48065],[8.89987,45.48073],[8.89956,45.47892],[8.90045,45.47883],[8.90043,45.47857],[8.90028,45.47767],[8.89948,45.47772],[8.89924,45.47601],[8.9014,45.47572],[8.90119,45.47423],[8.89926,45.47437],[8.89885,45.47276],[8.89991,45.47256],[8.89956,45.47052],[8.90064,45.47039],[8.90095,45.46895],[8.90182,45.46903],[8.90194,45.47123],[8.9037,45.47139],[8.90348,45.46931],[8.90269,45.46903],[8.90257,45.46752],[8.9043,45.46756],[8.9044,45.46923],[8.90475,45.46923],[8.90473,45.47131],[8.90617,45.47114],[8.90615,45.46927],[8.90558,45.46927],[8.90538,45.46544],[8.90287,45.46585],[8.903,45.46424],[8.90347,45.46424],[8.90372,45.46372],[8.90238,45.46363],[8.90228,45.46259],[8.90123,45.46259],[8.90242,45.46088],[8.90706,45.45748],[8.9073,45.45481],[8.90514,45.45445],[8.90534,45.45384],[8.90718,45.45395],[8.90732,45.45321],[8.90666,45.45276],[8.90794,45.44813],[8.9106,45.44857],[8.91103,45.44778],[8.90831,45.44745],[8.90802,45.44784],[8.90614,45.44721],[8.90645,45.44667],[8.90707,45.44682],[8.90742,45.44608],[8.90898,45.44652],[8.90969,45.445],[8.91184,45.44559],[8.9123,45.44433],[8.91202,45.44362],[8.90946,45.4431],[8.90922,45.44248],[8.90776,45.44197],[8.90882,45.43948],[8.90831,45.43782],[8.91065,45.43816],[8.91111,45.43746],[8.91312,45.43797],[8.91417,45.4365],[8.91687,45.43697],[8.91655,45.43609],[8.91183,45.43549],[8.9121,45.43431],[8.91618,45.43449],[8.91716,45.4329],[8.91862,45.43316],[8.91965,45.43132],[8.92163,45.43177],[8.92193,45.43132],[8.92308,45.43109],[8.92515,45.42663],[8.92346,45.42627],[8.92368,45.425],[8.91457,45.42331],[8.91984,45.42009],[8.93611,45.40015],[8.94033,45.40007],[8.96072,45.40164],[8.96271,45.39852],[8.96062,45.39794],[8.96164,45.39549],[8.96046,45.39515],[8.96072,45.39135],[8.95981,45.393],[8.95783,45.39183],[8.95918,45.39121],[8.96015,45.39147],[8.96061,45.39114],[8.96094,45.39027],[8.96044,45.39011],[8.96231,45.38552],[8.95554,45.38244],[8.96398,45.37377],[8.96891,45.36946],[8.96426,45.3684],[8.96532,45.36627],[8.96789,45.3664],[8.97098,45.36769],[8.97558,45.36862],[8.97754,45.36634],[8.97691,45.36623],[8.97719,45.36537],[8.97882,45.36538],[8.97909,45.3649],[8.9826,45.36514],[8.98295,45.36301],[8.98402,45.36092],[8.98329,45.36073],[8.98407,45.35813],[8.98004,45.35708],[8.98065,45.35608],[8.98036,45.35548],[8.97402,45.35356],[8.97493,45.35254],[8.97568,45.35273],[8.97677,45.35059],[8.98164,45.34498],[8.98864,45.34291],[8.99087,45.34017],[8.99217,45.34061],[8.99282,45.34038],[8.99297,45.33925],[8.99428,45.33933],[8.99525,45.33749],[8.9943,45.33734],[8.99519,45.33547],[8.99413,45.33529],[8.99409,45.33417],[8.99655,45.33333],[8.99288,45.33034],[8.99394,45.32633],[8.99488,45.32647],[8.99499,45.32598],[8.99108,45.32529],[8.99195,45.32285],[8.99025,45.32267],[8.99028,45.32191],[8.98849,45.32163],[8.99953,45.30245],[8.99939,45.30215],[8.99765,45.30249],[8.99745,45.30145],[8.99807,45.30141],[8.99799,45.30073],[8.99658,45.30087],[8.99674,45.30141],[8.99407,45.30163],[8.99398,45.30117],[8.99236,45.3013],[8.99212,45.29957],[8.99358,45.29939],[8.99303,45.29722],[8.99467,45.29689],[8.99444,45.29573],[8.99686,45.29708],[8.99732,45.29795],[8.99966,45.29691],[9.0006,45.29811],[9.0021,45.2974],[9.00255,45.2969],[9.00148,45.29526],[9.00273,45.29465],[9.0012,45.29276],[9.00289,45.29124],[9.00634,45.29023],[9.00652,45.29078],[9.00571,45.29219],[9.00714,45.29172],[9.00819,45.29348],[9.00972,45.29284],[9.01017,45.29321],[9.01336,45.29153],[9.01382,45.29194],[9.01616,45.2909],[9.01473,45.28985],[9.01584,45.28923],[9.01486,45.28843],[9.01636,45.28739],[9.01571,45.28677],[9.01602,45.2849],[9.01744,45.28558],[9.01806,45.28485],[9.01587,45.2832],[9.01824,45.28199],[9.0185,45.28223],[9.01934,45.28183],[9.01747,45.27938],[9.01827,45.27901],[9.01499,45.27578],[9.0168,45.27246],[9.0181,45.27316],[9.02393,45.27067],[9.02566,45.27171],[9.02677,45.27333],[9.02894,45.27246],[9.02939,45.27281],[9.02994,45.2723],[9.03283,45.27337],[9.03148,45.26808],[9.03263,45.26815],[9.03305,45.26751],[9.03377,45.26773],[9.03432,45.2669],[9.03556,45.26721],[9.03588,45.26658],[9.03486,45.26633],[9.03513,45.26569],[9.03541,45.26504],[9.03649,45.26526],[9.03757,45.26344],[9.0378,45.26261],[9.03699,45.26197],[9.03722,45.26115],[9.03816,45.26122],[9.03872,45.2596],[9.03785,45.25952],[9.03873,45.25616],[9.03673,45.25463],[9.0416,45.25258]]]]}},{"type":"Feature","properties":{"id":"dogal-lab-0","kind":"district-label","btype":"dogal","name":"Parco Lombardo della Valle del Ticino"},"geometry":{"type":"Point","coordinates":[8.89984,45.38123]}},{"type":"Feature","properties":{"id":"dogal-1","kind":"district","btype":"dogal","name":"Parco Regionale della Valle del Ticino","lab":1},"geometry":{"type":"MultiPolygon","coordinates":[[[[8.84298,45.39515],[8.83692,45.39408],[8.83523,45.3925],[8.82713,45.39001],[8.82557,45.39225],[8.82374,45.39196],[8.82279,45.39344],[8.82053,45.39277],[8.81655,45.39386],[8.81551,45.39515],[8.81538,45.39641],[8.81399,45.39797],[8.81355,45.40095],[8.811,45.40144],[8.8093,45.40643],[8.80509,45.41115],[8.80362,45.41436],[8.80399,45.41945],[8.80335,45.42193],[8.80514,45.42637],[8.80209,45.42825],[8.79913,45.43279],[8.79872,45.43625],[8.79956,45.43846],[8.79911,45.44088],[8.79448,45.44416],[8.79357,45.44546],[8.79357,45.448],[8.79448,45.44924],[8.79271,45.45017],[8.78987,45.45061],[8.78776,45.45259],[8.78699,45.45387],[8.78451,45.4546],[8.78363,45.45544],[8.78195,45.45833],[8.77984,45.45965],[8.77755,45.46228],[8.77398,45.46459],[8.77271,45.46697],[8.76979,45.46722],[8.7679,45.468],[8.76501,45.47106],[8.7647,45.47234],[8.7629,45.47372],[8.75993,45.4753],[8.75891,45.47498],[8.75485,45.47515],[8.73669,45.49112],[8.72372,45.49778],[8.72317,45.4978],[8.71901,45.49504],[8.71913,45.49628],[8.71665,45.49932],[8.71517,45.49881],[8.71427,45.49934],[8.71032,45.49806],[8.71389,45.50196],[8.7115,45.50379],[8.70622,45.50175],[8.70621,45.50124],[8.705,45.50092],[8.70116,45.50088],[8.70141,45.50175],[8.69716,45.50169],[8.69662,45.50342],[8.69852,45.50384],[8.69772,45.50626],[8.69399,45.50535],[8.69346,45.5084],[8.69424,45.50857],[8.69262,45.51364],[8.69236,45.5136],[8.69112,45.52072],[8.68463,45.51957],[8.68316,45.5199],[8.68231,45.52065],[8.684,45.52209],[8.68876,45.52462],[8.69456,45.52901],[8.6928,45.5327],[8.69384,45.53375],[8.69524,45.53622],[8.69573,45.53829],[8.69482,45.53987],[8.69449,45.54675],[8.69365,45.54677],[8.69346,45.54816],[8.68987,45.54968],[8.68403,45.55136],[8.67933,45.55135],[8.67371,45.55421],[8.67802,45.5572],[8.67862,45.55819],[8.67728,45.56568],[8.67764,45.57011],[8.67752,45.57734],[8.67364,45.59553],[8.67103,45.59926],[8.67159,45.60667],[8.66958,45.60735],[8.66409,45.60782],[8.66374,45.60886],[8.66421,45.6089],[8.6642,45.61163],[8.66357,45.61167],[8.663,45.61389],[8.66247,45.61445],[8.66154,45.61453],[8.65935,45.61363],[8.65862,45.61598],[8.65772,45.61719],[8.64769,45.6151],[8.64659,45.61719],[8.64684,45.61782],[8.6455,45.6182],[8.64477,45.61952],[8.64358,45.62055],[8.64368,45.62244],[8.64263,45.62255],[8.64235,45.62415],[8.64125,45.62517],[8.64128,45.62643],[8.64394,45.62633],[8.64247,45.62815],[8.6411,45.63322],[8.6376,45.63713],[8.63699,45.64374],[8.63803,45.64601],[8.64075,45.64906],[8.64686,45.65336],[8.64603,45.65368],[8.64623,45.65419],[8.64503,45.65457],[8.64478,45.65537],[8.64406,45.65567],[8.64529,45.65815],[8.64501,45.65877],[8.64552,45.65922],[8.64667,45.6593],[8.64728,45.65995],[8.64665,45.66189],[8.64516,45.66218],[8.64471,45.66346],[8.64984,45.66365],[8.65193,45.66332],[8.65542,45.66196],[8.65875,45.65916],[8.66258,45.66869],[8.65846,45.67003],[8.65476,45.6701],[8.65456,45.67133],[8.65291,45.67126],[8.65298,45.67211],[8.64993,45.67277],[8.64752,45.67278],[8.64564,45.67198],[8.64254,45.67246],[8.64476,45.6728],[8.64548,45.6735],[8.6383,45.67593],[8.63413,45.67832],[8.63569,45.67921],[8.63534,45.67978],[8.63426,45.67972],[8.63408,45.68044],[8.63489,45.68075],[8.6333,45.68481],[8.63427,45.68526],[8.6332,45.68691],[8.63476,45.68736],[8.63616,45.68858],[8.6364,45.68962],[8.63471,45.68964],[8.63504,45.6903],[8.63481,45.69099],[8.63663,45.69074],[8.63742,45.69101],[8.63667,45.69161],[8.63324,45.69192],[8.63702,45.69694],[8.63999,45.69896],[8.6412,45.70075],[8.64422,45.70153],[8.64542,45.70228],[8.64532,45.70359],[8.64788,45.70421],[8.64771,45.70501],[8.64883,45.70657],[8.64928,45.70655],[8.65001,45.70841],[8.65248,45.70957],[8.65136,45.71034],[8.65227,45.71049],[8.65262,45.71116],[8.6521,45.71146],[8.65244,45.71184],[8.65194,45.71288],[8.65106,45.71266],[8.65082,45.71325],[8.65112,45.71362],[8.65015,45.7148],[8.64707,45.71538],[8.6475,45.71614],[8.64482,45.71727],[8.64455,45.71825],[8.64496,45.71862],[8.64435,45.71926],[8.64507,45.71964],[8.64359,45.72115],[8.6427,45.72075],[8.64175,45.7214],[8.63937,45.72125],[8.63739,45.72076],[8.63756,45.72031],[8.63667,45.72012],[8.62312,45.72001],[8.62285,45.72115],[8.62196,45.72144],[8.62069,45.72136],[8.61352,45.72264],[8.61218,45.72356],[8.61196,45.72562],[8.61448,45.72499],[8.61556,45.72535],[8.61943,45.7249],[8.62921,45.72238],[8.6333,45.72236],[8.64084,45.72345],[8.64332,45.72291],[8.64614,45.72163],[8.64893,45.71924],[8.65209,45.71582],[8.65403,45.71298],[8.65509,45.71023],[8.65458,45.70836],[8.65024,45.70245],[8.64702,45.69479],[8.64171,45.68715],[8.6411,45.6856],[8.6405,45.68046],[8.64098,45.67806],[8.64186,45.67687],[8.64416,45.67587],[8.64763,45.67522],[8.66051,45.67464],[8.66542,45.67513],[8.67686,45.67786],[8.68054,45.67758],[8.68201,45.67663],[8.68247,45.67478],[8.68153,45.6732],[8.67089,45.66543],[8.67008,45.66368],[8.67001,45.66229],[8.67056,45.66073],[8.67161,45.6594],[8.68338,45.64927],[8.68828,45.64291],[8.68904,45.63976],[8.68905,45.63815],[8.68851,45.63677],[8.6873,45.63534],[8.68439,45.63414],[8.68174,45.63356],[8.67938,45.63362],[8.67583,45.63469],[8.67372,45.63601],[8.67151,45.6412],[8.67076,45.64172],[8.66322,45.64335],[8.66156,45.64325],[8.65946,45.64193],[8.65859,45.63959],[8.65847,45.63757],[8.66414,45.63259],[8.66625,45.62985],[8.66606,45.62833],[8.6637,45.62598],[8.66281,45.62408],[8.66277,45.62279],[8.6638,45.62109],[8.66653,45.61999],[8.66909,45.62012],[8.6745,45.62219],[8.67758,45.62265],[8.67904,45.62253],[8.68301,45.62099],[8.68487,45.61949],[8.69136,45.61181],[8.69435,45.60962],[8.69393,45.60947],[8.69652,45.60781],[8.69644,45.60749],[8.69392,45.60672],[8.69356,45.60599],[8.69274,45.60589],[8.69364,45.60458],[8.69617,45.60256],[8.70542,45.59673],[8.7052,45.59392],[8.7037,45.58838],[8.70235,45.58669],[8.69753,45.58231],[8.69414,45.57791],[8.69361,45.57602],[8.69454,45.57439],[8.69593,45.57324],[8.69863,45.57197],[8.70459,45.5706],[8.70599,45.56863],[8.70636,45.56661],[8.70542,45.56329],[8.70714,45.55842],[8.70765,45.5543],[8.70646,45.55045],[8.70662,45.5494],[8.70889,45.54461],[8.71314,45.53852],[8.71521,45.53621],[8.7197,45.53315],[8.72059,45.53181],[8.72056,45.5308],[8.71976,45.52969],[8.7152,45.52708],[8.71217,45.52393],[8.71147,45.52246],[8.71162,45.52094],[8.71247,45.51922],[8.71432,45.51795],[8.71741,45.51665],[8.71965,45.51493],[8.71971,45.51029],[8.72009,45.50895],[8.72438,45.50834],[8.72443,45.50761],[8.72233,45.50731],[8.72146,45.50579],[8.72304,45.50483],[8.725,45.50284],[8.72811,45.50283],[8.73338,45.50186],[8.73893,45.49925],[8.74201,45.49837],[8.74691,45.49803],[8.75878,45.49879],[8.76254,45.49624],[8.76667,45.49042],[8.76927,45.48764],[8.77353,45.48471],[8.77737,45.48431],[8.77944,45.48463],[8.78519,45.48728],[8.78627,45.48709],[8.7884,45.48582],[8.78948,45.48382],[8.7896,45.47909],[8.79153,45.47191],[8.79188,45.46922],[8.79163,45.46798],[8.78924,45.46492],[8.7891,45.46342],[8.79029,45.46225],[8.79352,45.46042],[8.79435,45.45898],[8.79898,45.45763],[8.80329,45.45129],[8.80896,45.44758],[8.81136,45.44549],[8.81101,45.44241],[8.81235,45.44016],[8.81267,45.43802],[8.81196,45.4363],[8.80887,45.4342],[8.80852,45.43325],[8.80877,45.43244],[8.8097,45.43187],[8.8115,45.43187],[8.81391,45.43232],[8.818,45.43384],[8.8224,45.43435],[8.82442,45.43426],[8.82589,45.43313],[8.82625,45.43197],[8.82537,45.4307],[8.82012,45.42824],[8.82122,45.42673],[8.82303,45.42596],[8.82417,45.42439],[8.82446,45.42259],[8.8238,45.42034],[8.82394,45.4194],[8.82679,45.41621],[8.82769,45.41453],[8.8277,45.41311],[8.82571,45.41052],[8.82527,45.40914],[8.82631,45.40818],[8.82798,45.40772],[8.8323,45.40671],[8.83286,45.40731],[8.84063,45.40194],[8.84284,45.39982],[8.84136,45.39941],[8.84298,45.39515]]]]}},{"type":"Feature","properties":{"id":"dogal-lab-1","kind":"district-label","btype":"dogal","name":"Parco Regionale della Valle del Ticino"},"geometry":{"type":"Point","coordinates":[8.71565,45.5504]}},{"type":"Feature","properties":{"id":"dogal-2","kind":"district","btype":"dogal","name":"Parco delle Groane e della Brughiera Briantea","lab":1},"geometry":{"type":"MultiPolygon","coordinates":[[[[9.06696,45.56286],[9.07741,45.56284],[9.07758,45.56142],[9.08639,45.56156],[9.08593,45.56347],[9.08365,45.56336],[9.08213,45.56445],[9.0855,45.56575],[9.0852,45.5679],[9.08416,45.56956],[9.08736,45.57033],[9.08947,45.56956],[9.09177,45.5709],[9.08208,45.57904],[9.08263,45.57934],[9.08251,45.57993],[9.0883,45.58001],[9.08817,45.58104],[9.09043,45.58118],[9.09052,45.58064],[9.0914,45.5807],[9.09162,45.58025],[9.09063,45.58493],[9.08105,45.58439],[9.081,45.58579],[9.08229,45.58586],[9.08185,45.58593],[9.08176,45.58695],[9.08092,45.58684],[9.08068,45.58773],[9.0806,45.58904],[9.0815,45.58906],[9.08138,45.58974],[9.08106,45.58975],[9.08085,45.59279],[9.08146,45.59277],[9.08192,45.59489],[9.0825,45.5948],[9.08476,45.59686],[9.08532,45.59841],[9.08153,45.59884],[9.08146,45.59806],[9.0806,45.5981],[9.0808,45.59933],[9.08127,45.59955],[9.08083,45.59956],[9.08094,45.60019],[9.08022,45.6002],[9.08037,45.60136],[9.07973,45.60143],[9.08019,45.60262],[9.07901,45.6027],[9.07894,45.60372],[9.06519,45.60442],[9.06275,45.60537],[9.06098,45.60629],[9.06126,45.61021],[9.06893,45.60961],[9.07989,45.60985],[9.07997,45.6123],[9.08389,45.61225],[9.08389,45.60995],[9.08938,45.61014],[9.08912,45.60752],[9.08773,45.60756],[9.08744,45.60636],[9.08849,45.6063],[9.08848,45.60498],[9.08876,45.60491],[9.09488,45.60581],[9.09436,45.60709],[9.09618,45.60752],[9.09825,45.60998],[9.09786,45.61136],[9.0986,45.61161],[9.09153,45.61562],[9.09144,45.61764],[9.08992,45.61832],[9.08742,45.6183],[9.08739,45.61913],[9.08656,45.61924],[9.08646,45.62188],[9.089,45.62181],[9.08799,45.62518],[9.08674,45.62536],[9.08651,45.62637],[9.08799,45.62858],[9.08831,45.63014],[9.08369,45.62998],[9.08411,45.63156],[9.08371,45.63299],[9.08501,45.63321],[9.08499,45.63383],[9.08562,45.63387],[9.08539,45.63653],[9.08587,45.63656],[9.08589,45.63813],[9.08553,45.64031],[9.09696,45.64229],[9.09681,45.64347],[9.09752,45.64382],[9.09704,45.64568],[9.09563,45.64554],[9.09577,45.64472],[9.09294,45.64438],[9.09203,45.64644],[9.08541,45.64631],[9.08513,45.64854],[9.08603,45.65127],[9.08211,45.65166],[9.08234,45.65349],[9.08175,45.65705],[9.08602,45.65724],[9.08606,45.65766],[9.08781,45.65785],[9.08787,45.65744],[9.09028,45.65741],[9.09066,45.66032],[9.09213,45.6603],[9.09231,45.66135],[9.09305,45.66129],[9.09333,45.66295],[9.09452,45.66295],[9.09418,45.66123],[9.0947,45.66116],[9.09499,45.66225],[9.09554,45.66218],[9.09551,45.66366],[9.08879,45.66382],[9.08887,45.66439],[9.08789,45.66447],[9.08795,45.66609],[9.08468,45.66683],[9.08467,45.66757],[9.08539,45.66754],[9.08551,45.66835],[9.09024,45.6675],[9.09067,45.66547],[9.09106,45.66544],[9.09113,45.66617],[9.09198,45.66634],[9.0919,45.66598],[9.09239,45.66593],[9.09299,45.66668],[9.09435,45.6663],[9.09461,45.6665],[9.09392,45.66685],[9.0939,45.66752],[9.09326,45.66754],[9.09329,45.66803],[9.09374,45.66802],[9.09403,45.66871],[9.09411,45.66954],[9.09628,45.66956],[9.09627,45.67071],[9.09764,45.67113],[9.09765,45.67256],[9.09687,45.6736],[9.0941,45.67379],[9.09427,45.67477],[9.09219,45.67521],[9.09212,45.67667],[9.09396,45.67703],[9.09393,45.67755],[9.0934,45.67752],[9.09332,45.67849],[9.09024,45.68233],[9.08992,45.68227],[9.08935,45.68321],[9.08892,45.68309],[9.08789,45.68558],[9.09293,45.68651],[9.09349,45.68489],[9.0956,45.68332],[9.09773,45.68283],[9.10183,45.68273],[9.09918,45.6816],[9.09938,45.68125],[9.09632,45.68017],[9.09766,45.67865],[9.09654,45.67828],[9.09821,45.67569],[9.10121,45.67689],[9.10142,45.67651],[9.10273,45.67688],[9.10254,45.67727],[9.1042,45.67751],[9.10418,45.67628],[9.10509,45.67594],[9.10889,45.6765],[9.10956,45.67493],[9.11107,45.67537],[9.11158,45.67413],[9.11348,45.6745],[9.11376,45.67359],[9.11741,45.67433],[9.11859,45.67268],[9.11748,45.67242],[9.11782,45.67056],[9.11846,45.66972],[9.11905,45.66982],[9.11935,45.66917],[9.12076,45.66943],[9.12132,45.66864],[9.1152,45.66745],[9.11459,45.66788],[9.11361,45.66773],[9.1127,45.66961],[9.11154,45.66924],[9.11121,45.66956],[9.10886,45.66862],[9.10915,45.66727],[9.10879,45.66562],[9.10936,45.66412],[9.1105,45.66438],[9.11068,45.66407],[9.11253,45.66466],[9.11283,45.66393],[9.11384,45.66389],[9.12189,45.66498],[9.12236,45.66418],[9.12367,45.66421],[9.12617,45.66041],[9.12463,45.65983],[9.1241,45.66063],[9.12362,45.66048],[9.12303,45.66144],[9.12187,45.66106],[9.12229,45.66061],[9.12151,45.66027],[9.12238,45.65906],[9.12098,45.65708],[9.12149,45.65669],[9.11857,45.65484],[9.1193,45.6541],[9.11292,45.65179],[9.1137,45.64991],[9.11454,45.64854],[9.12284,45.65158],[9.12387,45.65039],[9.12495,45.65082],[9.12602,45.64847],[9.12495,45.64816],[9.12387,45.64694],[9.12506,45.64306],[9.12475,45.64295],[9.1276,45.63934],[9.12878,45.6397],[9.12931,45.63892],[9.13029,45.6388],[9.13068,45.63776],[9.13107,45.63782],[9.13181,45.637],[9.13197,45.63651],[9.13154,45.63642],[9.13201,45.63532],[9.13325,45.63555],[9.13278,45.6366],[9.13602,45.63673],[9.13733,45.63629],[9.13717,45.6353],[9.13536,45.63529],[9.13584,45.63376],[9.13541,45.63375],[9.13536,45.63316],[9.13359,45.63312],[9.13278,45.63412],[9.13197,45.63362],[9.13073,45.63372],[9.13101,45.63567],[9.13066,45.63635],[9.12807,45.63676],[9.12807,45.63711],[9.12888,45.63732],[9.12912,45.63844],[9.12764,45.63849],[9.12545,45.64173],[9.12481,45.64136],[9.12428,45.64301],[9.11992,45.64257],[9.11903,45.64388],[9.11806,45.64389],[9.11843,45.64261],[9.11884,45.64259],[9.11924,45.64007],[9.12028,45.63972],[9.12052,45.64014],[9.12273,45.63946],[9.12431,45.64035],[9.1248,45.63974],[9.12559,45.63997],[9.12679,45.63832],[9.12732,45.63843],[9.12792,45.63728],[9.12753,45.63572],[9.12559,45.63684],[9.12469,45.63603],[9.12051,45.63758],[9.11942,45.63593],[9.11603,45.63685],[9.11714,45.63209],[9.11542,45.63138],[9.11535,45.63243],[9.11266,45.63235],[9.11238,45.63499],[9.1112,45.63771],[9.112,45.6378],[9.11163,45.63947],[9.11082,45.63938],[9.11061,45.64003],[9.1089,45.63988],[9.10903,45.63909],[9.10715,45.63926],[9.10708,45.63579],[9.10422,45.63338],[9.10455,45.63193],[9.10154,45.63155],[9.10071,45.63038],[9.10216,45.62426],[9.09903,45.62395],[9.09935,45.6227],[9.1013,45.62187],[9.1016,45.62042],[9.10315,45.62024],[9.10425,45.61821],[9.10469,45.61569],[9.10294,45.61219],[9.10377,45.61076],[9.1036,45.61045],[9.10455,45.6104],[9.10567,45.60973],[9.10628,45.61089],[9.10955,45.61144],[9.11089,45.61229],[9.11012,45.61289],[9.11101,45.6138],[9.10796,45.61587],[9.10835,45.61628],[9.10765,45.61767],[9.10802,45.61771],[9.10931,45.62191],[9.10882,45.62431],[9.10697,45.62426],[9.10665,45.62794],[9.12774,45.63035],[9.1278,45.62936],[9.12963,45.62882],[9.1299,45.62956],[9.13503,45.62874],[9.13526,45.62926],[9.1361,45.62872],[9.13664,45.63021],[9.13775,45.6302],[9.1366,45.62812],[9.13528,45.62788],[9.13504,45.62621],[9.13279,45.6264],[9.13276,45.62567],[9.13115,45.62533],[9.13102,45.62299],[9.13202,45.62301],[9.13251,45.62356],[9.13394,45.62321],[9.13417,45.62371],[9.13517,45.62343],[9.13465,45.62102],[9.13598,45.62086],[9.13551,45.62018],[9.13601,45.62017],[9.13613,45.61946],[9.13361,45.6194],[9.1339,45.6203],[9.13282,45.62026],[9.1326,45.61954],[9.13329,45.61878],[9.13302,45.61815],[9.13255,45.61748],[9.132,45.61762],[9.1312,45.61647],[9.12984,45.61674],[9.12579,45.61934],[9.12278,45.62073],[9.12094,45.62071],[9.11996,45.62015],[9.11585,45.62044],[9.11529,45.62009],[9.11528,45.61975],[9.11601,45.61956],[9.11655,45.61867],[9.11729,45.61834],[9.11697,45.61695],[9.11748,45.61673],[9.11786,45.61566],[9.11519,45.61323],[9.11708,45.61124],[9.11846,45.61181],[9.12111,45.61181],[9.1217,45.60784],[9.12265,45.60585],[9.1217,45.60452],[9.12096,45.60482],[9.11994,45.6039],[9.11113,45.60709],[9.10951,45.60518],[9.11013,45.60272],[9.11306,45.60137],[9.11319,45.59934],[9.11414,45.59782],[9.11579,45.59699],[9.11584,45.59644],[9.11544,45.59623],[9.11587,45.59527],[9.11576,45.59411],[9.1164,45.59154],[9.11689,45.59106],[9.1168,45.59071],[9.11554,45.59044],[9.11558,45.58979],[9.11676,45.58991],[9.11735,45.58778],[9.11555,45.5873],[9.11555,45.58596],[9.117,45.58571],[9.11842,45.58478],[9.11857,45.58327],[9.11739,45.58334],[9.11737,45.58284],[9.11866,45.58233],[9.11851,45.5815],[9.11921,45.58148],[9.1191,45.57797],[9.11828,45.57714],[9.11608,45.5774],[9.11603,45.57467],[9.11553,45.57283],[9.11574,45.57098],[9.11401,45.56884],[9.1136,45.56551],[9.11646,45.56553],[9.11641,45.56462],[9.11835,45.56451],[9.11858,45.5612],[9.12507,45.56149],[9.12881,45.56205],[9.12929,45.55948],[9.12807,45.55931],[9.12822,45.55848],[9.12603,45.5582],[9.12646,45.5562],[9.12871,45.55642],[9.12839,45.55775],[9.12882,45.55777],[9.12887,45.55738],[9.13098,45.55778],[9.13076,45.55887],[9.13165,45.55902],[9.132,45.55796],[9.13426,45.55824],[9.13485,45.55751],[9.13553,45.55524],[9.13393,45.55449],[9.13425,45.55196],[9.13525,45.55216],[9.13569,45.55104],[9.13684,45.55123],[9.13719,45.5501],[9.13933,45.55037],[9.13898,45.55152],[9.14128,45.55174],[9.14151,45.54927],[9.13724,45.54839],[9.13273,45.54814],[9.12763,45.54693],[9.1275,45.54954],[9.12511,45.54951],[9.1255,45.55361],[9.11861,45.55359],[9.1186,45.55287],[9.11723,45.5528],[9.11728,45.55049],[9.11571,45.55047],[9.11557,45.54998],[9.11304,45.55229],[9.11327,45.55253],[9.11265,45.55308],[9.112,45.55538],[9.11101,45.5553],[9.11129,45.55427],[9.10902,45.55311],[9.11022,45.55189],[9.10989,45.55126],[9.11004,45.55036],[9.10774,45.55054],[9.10478,45.55003],[9.10347,45.54904],[9.10381,45.54877],[9.10359,45.54759],[9.10273,45.54751],[9.10257,45.54586],[9.10312,45.54412],[9.10065,45.54545],[9.09959,45.54714],[9.09915,45.54698],[9.10109,45.54411],[9.09903,45.54342],[9.09605,45.54644],[9.09332,45.5455],[9.09272,45.546],[9.09117,45.54806],[9.09026,45.55023],[9.0902,45.55055],[9.09164,45.55081],[9.08262,45.55953],[9.07987,45.55924],[9.07965,45.56006],[9.0756,45.55935],[9.07505,45.56006],[9.06426,45.55871],[9.06443,45.55553],[9.06193,45.55521],[9.06208,45.55465],[9.05348,45.55374],[9.052,45.56077],[9.05286,45.56136],[9.06451,45.5627],[9.06421,45.56634],[9.06507,45.56644],[9.06501,45.56732],[9.06453,45.56931],[9.06377,45.56927],[9.06364,45.57003],[9.06696,45.57032],[9.06703,45.56659],[9.06624,45.5666],[9.06617,45.56746],[9.06572,45.56743],[9.0663,45.56602],[9.06763,45.56602],[9.06763,45.56551],[9.06687,45.56544],[9.06696,45.56286]]]]}},{"type":"Feature","properties":{"id":"dogal-lab-2","kind":"district-label","btype":"dogal","name":"Parco delle Groane e della Brughiera Briantea"},"geometry":{"type":"Point","coordinates":[9.10184,45.60794]}},{"type":"Feature","properties":{"id":"dogal-3","kind":"district","btype":"dogal","name":"Parco dei Mughetti","lab":1},"geometry":{"type":"MultiPolygon","coordinates":[[[[8.99799,45.59498],[8.99884,45.5944],[8.99853,45.59367],[9.00028,45.59459],[8.99973,45.5951],[9.00076,45.59556],[9.00366,45.59273],[9.00044,45.59054],[9.00801,45.58375],[9.00558,45.58187],[9.00485,45.58238],[9.00283,45.58143],[9.00208,45.58221],[9.00111,45.58176],[9.00278,45.57985],[9.00252,45.57932],[9.00472,45.5784],[9.00344,45.57756],[9.00411,45.57698],[9.003,45.57626],[9.00461,45.57467],[9.00274,45.57379],[8.99893,45.57721],[8.99543,45.57499],[8.99311,45.57249],[8.99124,45.5741],[8.98865,45.57244],[8.98775,45.57311],[8.98622,45.57214],[8.98506,45.57267],[8.98331,45.57169],[8.98415,45.57099],[8.98094,45.5693],[8.97888,45.57029],[8.97783,45.56979],[8.97567,45.57003],[8.97416,45.56939],[8.97342,45.56992],[8.97177,45.56928],[8.97017,45.57084],[8.97119,45.57175],[8.96924,45.57288],[8.96956,45.57323],[8.96663,45.57482],[8.97113,45.57773],[8.96763,45.58105],[8.96643,45.58269],[8.96269,45.58077],[8.95982,45.58438],[8.96592,45.58766],[8.96675,45.58743],[8.96612,45.58666],[8.96658,45.58627],[8.96754,45.58717],[8.97188,45.58486],[8.97273,45.58532],[8.97229,45.58563],[8.97556,45.58722],[8.9714,45.59051],[8.97034,45.59266],[8.9714,45.5934],[8.96877,45.59609],[8.97099,45.60246],[8.96977,45.60373],[8.97048,45.60428],[8.96838,45.60636],[8.96894,45.60688],[8.96735,45.60849],[8.97381,45.61241],[8.974,45.61275],[8.97288,45.6127],[8.97427,45.61364],[8.97519,45.6134],[8.97502,45.61282],[8.9759,45.61285],[8.97589,45.61322],[8.97674,45.61298],[8.97862,45.61483],[8.97769,45.61559],[8.97672,45.61495],[8.97458,45.61648],[8.96996,45.62397],[8.97746,45.62454],[8.97857,45.62624],[8.97674,45.62721],[8.97233,45.62426],[8.97032,45.62567],[8.96909,45.62534],[8.96781,45.62635],[8.96785,45.62713],[8.9671,45.62777],[8.96826,45.6286],[8.96726,45.62915],[8.966,45.62918],[8.96626,45.62947],[8.9657,45.62989],[8.96576,45.63032],[8.95883,45.62668],[8.95843,45.62712],[8.95581,45.62537],[8.95514,45.62604],[8.95433,45.62578],[8.95282,45.62883],[8.95369,45.62923],[8.95326,45.6304],[8.95941,45.63296],[8.95876,45.63381],[8.95709,45.63318],[8.95665,45.63392],[8.96223,45.63583],[8.96303,45.6354],[8.96321,45.63431],[8.96464,45.63462],[8.96597,45.63235],[8.96914,45.63293],[8.96629,45.63503],[8.96812,45.63486],[8.96856,45.63555],[8.97074,45.6366],[8.97031,45.63711],[8.97255,45.6381],[8.97285,45.63783],[8.97403,45.63861],[8.9733,45.63941],[8.97433,45.63978],[8.97613,45.63849],[8.97666,45.63879],[8.9782,45.63696],[8.97469,45.63549],[8.97452,45.63577],[8.97323,45.63513],[8.97299,45.63546],[8.97194,45.63503],[8.97228,45.63402],[8.97378,45.63301],[8.97621,45.63374],[8.98005,45.63124],[8.98213,45.63211],[8.98547,45.63263],[8.99127,45.63449],[8.9931,45.63102],[8.9976,45.63216],[8.99817,45.6302],[9.00079,45.63034],[9.00134,45.63044],[9.00146,45.63109],[9.00267,45.63117],[9.00257,45.63144],[9.00591,45.63272],[9.0067,45.63368],[9.00746,45.63343],[9.00689,45.63303],[9.00654,45.63172],[9.00667,45.63001],[9.01363,45.62929],[9.01355,45.62755],[9.01029,45.62768],[9.00288,45.62678],[9.00431,45.62371],[9.00907,45.62458],[9.00873,45.62589],[9.01125,45.62606],[9.01145,45.62497],[9.01207,45.62503],[9.01187,45.62612],[9.01322,45.62629],[9.01312,45.62358],[9.01228,45.62348],[9.0118,45.62286],[9.01279,45.62195],[9.01293,45.62108],[9.00779,45.62045],[9.00798,45.61933],[9.0083,45.61939],[9.00849,45.61882],[9.00778,45.61848],[9.00742,45.61593],[9.00708,45.61573],[9.00692,45.61604],[9.00648,45.61535],[9.00636,45.61617],[9.00706,45.61674],[9.0073,45.61806],[9.00618,45.61847],[9.00587,45.61977],[9.0077,45.62002],[9.00741,45.62052],[9.00568,45.62032],[9.0052,45.62136],[9.00367,45.62104],[9.0033,45.62283],[9.00269,45.62282],[9.00265,45.62218],[8.9993,45.62188],[8.99617,45.62094],[8.99423,45.6202],[8.99466,45.61964],[8.99303,45.61906],[8.9911,45.62051],[8.99033,45.62057],[8.98886,45.62255],[8.98767,45.62164],[8.98926,45.61975],[8.98831,45.6194],[8.98846,45.61915],[8.98902,45.61917],[8.98964,45.61839],[8.98633,45.61671],[8.98596,45.61625],[8.98658,45.61565],[8.98576,45.61524],[8.98587,45.61558],[8.9845,45.6164],[8.9834,45.61591],[8.98497,45.61438],[8.9833,45.61355],[8.98429,45.61229],[8.98501,45.61221],[8.98581,45.60972],[8.98884,45.6084],[8.98773,45.60758],[8.9883,45.60694],[8.98902,45.60732],[8.99043,45.60587],[8.99249,45.60684],[8.9941,45.60544],[8.99486,45.60588],[8.99783,45.60458],[8.99542,45.6024],[8.99262,45.60065],[8.99428,45.59939],[8.99664,45.59639],[8.99772,45.59709],[8.99817,45.59668],[8.9995,45.59682],[9.00025,45.59609],[8.99799,45.59498]]]]}},{"type":"Feature","properties":{"id":"dogal-lab-3","kind":"district-label","btype":"dogal","name":"Parco dei Mughetti"},"geometry":{"type":"Point","coordinates":[8.98384,45.6029]}},{"type":"Feature","properties":{"id":"dogal-4","kind":"district","btype":"dogal","name":"Parco GruBrìa","lab":1},"geometry":{"type":"MultiPolygon","coordinates":[[[[9.19697,45.55714],[9.19636,45.55685],[9.19752,45.55425],[9.19669,45.55373],[9.1947,45.55778],[9.19154,45.55816],[9.19015,45.56087],[9.18943,45.56069],[9.19001,45.55889],[9.18828,45.55844],[9.18726,45.56012],[9.18621,45.56003],[9.18625,45.56235],[9.18861,45.56466],[9.18827,45.56504],[9.17924,45.56303],[9.17802,45.56372],[9.17745,45.56676],[9.17901,45.56719],[9.17926,45.56668],[9.18032,45.56673],[9.18117,45.5647],[9.18966,45.56694],[9.1901,45.56844],[9.19345,45.56923],[9.19323,45.56968],[9.19735,45.57057],[9.19698,45.57129],[9.19812,45.57157],[9.19673,45.57462],[9.18483,45.57199],[9.18452,45.57241],[9.18598,45.57277],[9.18555,45.57361],[9.18615,45.57376],[9.18572,45.57462],[9.18277,45.57399],[9.18152,45.57591],[9.18052,45.57607],[9.17845,45.57555],[9.17768,45.57644],[9.17619,45.57625],[9.1754,45.57891],[9.17354,45.57876],[9.17362,45.57823],[9.17303,45.57809],[9.17319,45.57771],[9.17382,45.57784],[9.17426,45.57666],[9.16885,45.57551],[9.16772,45.57917],[9.16895,45.57911],[9.16866,45.57977],[9.16798,45.57955],[9.16781,45.58002],[9.16848,45.58088],[9.16756,45.5829],[9.16696,45.58332],[9.16764,45.58317],[9.16826,45.58365],[9.16785,45.58446],[9.17016,45.58458],[9.16995,45.58733],[9.16689,45.58666],[9.16594,45.58691],[9.16484,45.58792],[9.16112,45.58741],[9.16058,45.58886],[9.16016,45.58882],[9.15965,45.59078],[9.16113,45.59089],[9.1604,45.59307],[9.16008,45.59307],[9.15837,45.59629],[9.1588,45.59641],[9.15873,45.59674],[9.16,45.59694],[9.15981,45.59751],[9.16178,45.59812],[9.163,45.59524],[9.16152,45.59501],[9.16192,45.59381],[9.16796,45.59478],[9.16868,45.59257],[9.16756,45.59238],[9.16846,45.58954],[9.17331,45.59046],[9.17449,45.58505],[9.17748,45.58562],[9.17717,45.58658],[9.17583,45.58672],[9.17494,45.58886],[9.17739,45.58929],[9.17692,45.59175],[9.18001,45.59237],[9.17938,45.59418],[9.17899,45.59429],[9.18275,45.5949],[9.18234,45.59602],[9.18299,45.59613],[9.18225,45.59846],[9.18104,45.59825],[9.17983,45.60147],[9.18073,45.60164],[9.18026,45.60281],[9.17948,45.60267],[9.17888,45.60419],[9.17715,45.60386],[9.17665,45.60515],[9.17512,45.60487],[9.17485,45.60603],[9.17334,45.60586],[9.1734,45.60545],[9.17188,45.60518],[9.17136,45.607],[9.16812,45.60643],[9.16767,45.60809],[9.17197,45.6086],[9.17237,45.60893],[9.17206,45.61002],[9.17269,45.61011],[9.17256,45.61062],[9.17176,45.61052],[9.1716,45.61122],[9.17234,45.6113],[9.17225,45.61168],[9.17148,45.61179],[9.17371,45.61204],[9.17293,45.61492],[9.17225,45.61484],[9.17197,45.61591],[9.17107,45.61579],[9.17131,45.61479],[9.16934,45.61454],[9.16914,45.61539],[9.16855,45.61531],[9.16878,45.61446],[9.16755,45.61429],[9.16742,45.61481],[9.16636,45.61503],[9.16656,45.61416],[9.1658,45.61413],[9.16522,45.6179],[9.17137,45.61852],[9.1719,45.61615],[9.17281,45.61626],[9.1731,45.61503],[9.1756,45.61536],[9.1754,45.61614],[9.17438,45.61601],[9.17399,45.6177],[9.17455,45.61776],[9.17439,45.61874],[9.1766,45.6189],[9.17655,45.61964],[9.17761,45.61968],[9.17738,45.62143],[9.17833,45.62151],[9.17828,45.62215],[9.17916,45.6222],[9.17888,45.625],[9.17778,45.62497],[9.17771,45.62574],[9.17983,45.62572],[9.17976,45.62734],[9.18096,45.62745],[9.17582,45.63098],[9.17636,45.63101],[9.17633,45.63148],[9.17684,45.63149],[9.17694,45.63103],[9.17947,45.6311],[9.17927,45.63302],[9.18696,45.63335],[9.18705,45.63281],[9.19001,45.63288],[9.18989,45.6339],[9.19026,45.63395],[9.19087,45.63232],[9.19439,45.63256],[9.19465,45.63161],[9.1929,45.63182],[9.19297,45.63142],[9.19395,45.63152],[9.19409,45.63096],[9.19695,45.63131],[9.19637,45.63353],[9.1984,45.63359],[9.19823,45.63397],[9.20476,45.63356],[9.20489,45.63434],[9.20753,45.63461],[9.20885,45.63146],[9.20634,45.63227],[9.20433,45.63142],[9.20075,45.63068],[9.20113,45.63012],[9.20092,45.62976],[9.19869,45.62925],[9.19844,45.63046],[9.19715,45.63034],[9.19742,45.62933],[9.1965,45.62926],[9.19657,45.62836],[9.19305,45.62822],[9.19324,45.62665],[9.19154,45.62663],[9.19159,45.62555],[9.18945,45.62572],[9.18951,45.62482],[9.18885,45.62495],[9.18881,45.62657],[9.18944,45.62658],[9.1893,45.62772],[9.18826,45.62771],[9.18829,45.62664],[9.18639,45.6264],[9.1864,45.62539],[9.18292,45.62617],[9.18257,45.62553],[9.18266,45.62428],[9.18352,45.62432],[9.18364,45.62326],[9.18166,45.62314],[9.1815,45.6243],[9.18054,45.62425],[9.18092,45.62198],[9.18155,45.62218],[9.18162,45.62181],[9.18069,45.62172],[9.18095,45.62056],[9.18043,45.6205],[9.18029,45.62129],[9.17871,45.62097],[9.17899,45.61937],[9.17943,45.61923],[9.18203,45.61947],[9.18308,45.61993],[9.18326,45.62073],[9.18371,45.62077],[9.18386,45.62025],[9.185,45.6201],[9.18518,45.61923],[9.18576,45.61916],[9.18598,45.61793],[9.18713,45.61801],[9.18723,45.61736],[9.18798,45.61742],[9.18789,45.61807],[9.19004,45.61816],[9.19089,45.615],[9.19045,45.61497],[9.19054,45.61409],[9.19157,45.61412],[9.19136,45.6132],[9.19196,45.61134],[9.18992,45.61097],[9.18968,45.61218],[9.18674,45.61185],[9.18718,45.61031],[9.19075,45.61095],[9.19112,45.60987],[9.18999,45.60965],[9.19019,45.60909],[9.19287,45.60959],[9.19267,45.61015],[9.1932,45.61025],[9.19345,45.60958],[9.1946,45.60979],[9.19451,45.61059],[9.19484,45.60967],[9.19578,45.60984],[9.19585,45.61058],[9.19621,45.61065],[9.1962,45.60982],[9.19486,45.60956],[9.19546,45.60807],[9.19375,45.60772],[9.19409,45.60691],[9.19462,45.60701],[9.19442,45.60749],[9.19509,45.60762],[9.19523,45.60726],[9.19639,45.60712],[9.19601,45.6081],[9.1977,45.60841],[9.19791,45.60692],[9.20088,45.60688],[9.201,45.6063],[9.20173,45.60642],[9.20167,45.60559],[9.20219,45.60558],[9.20122,45.60521],[9.20107,45.60568],[9.20027,45.60553],[9.20012,45.60595],[9.19768,45.60567],[9.19739,45.60594],[9.19417,45.60545],[9.1957,45.60178],[9.19954,45.60244],[9.20026,45.60174],[9.19576,45.60031],[9.19518,45.60161],[9.19423,45.60142],[9.19379,45.60266],[9.19163,45.60227],[9.1919,45.60153],[9.18964,45.60074],[9.18983,45.59876],[9.18879,45.59849],[9.18854,45.59915],[9.18734,45.59889],[9.18755,45.59806],[9.18519,45.59757],[9.18554,45.59654],[9.18493,45.59464],[9.18418,45.59427],[9.18571,45.58987],[9.18641,45.58882],[9.19132,45.5897],[9.19219,45.58924],[9.19283,45.58766],[9.19681,45.58688],[9.2071,45.58778],[9.208,45.58733],[9.20858,45.58568],[9.20909,45.58541],[9.21281,45.58592],[9.21221,45.58807],[9.21424,45.58837],[9.21381,45.5898],[9.21723,45.58972],[9.21772,45.58791],[9.22,45.58828],[9.21993,45.5866],[9.22093,45.58657],[9.22237,45.58586],[9.22352,45.58592],[9.22395,45.58421],[9.22797,45.58472],[9.22847,45.58276],[9.22767,45.58261],[9.2278,45.58225],[9.22595,45.58185],[9.22511,45.58197],[9.22471,45.58291],[9.22139,45.58215],[9.22218,45.58092],[9.22117,45.58069],[9.22319,45.57647],[9.2214,45.57599],[9.2208,45.577],[9.21943,45.57663],[9.21899,45.57739],[9.21703,45.57686],[9.21646,45.57824],[9.21816,45.57853],[9.21784,45.57935],[9.20105,45.57547],[9.2016,45.57433],[9.19887,45.57364],[9.19997,45.57111],[9.19802,45.57078],[9.19853,45.5697],[9.1976,45.56947],[9.19823,45.56814],[9.19566,45.56752],[9.19604,45.56678],[9.19255,45.56578],[9.1943,45.56174],[9.19673,45.56212],[9.19735,45.56066],[9.19662,45.56053],[9.19746,45.55816],[9.19675,45.55791],[9.19697,45.55714]]]]}},{"type":"Feature","properties":{"id":"dogal-lab-4","kind":"district-label","btype":"dogal","name":"Parco GruBrìa"},"geometry":{"type":"Point","coordinates":[9.18872,45.59396]}},{"type":"Feature","properties":{"id":"dogal-5","kind":"district","btype":"dogal","name":"Monza Park","lab":1},"geometry":{"type":"MultiPolygon","coordinates":[[[[9.28359,45.62998],[9.29297,45.63097],[9.29626,45.63222],[9.29703,45.632],[9.29807,45.62585],[9.29742,45.62312],[9.29462,45.61717],[9.29466,45.61508],[9.29519,45.61503],[9.29539,45.61359],[9.29798,45.61186],[9.29968,45.60973],[9.29979,45.60816],[9.29744,45.60392],[9.29905,45.60292],[9.2935,45.59511],[9.28946,45.59162],[9.2864,45.59339],[9.28423,45.59176],[9.28174,45.59178],[9.28093,45.59107],[9.27576,45.59173],[9.27257,45.59128],[9.26824,45.60565],[9.27509,45.60844],[9.27758,45.6084],[9.27746,45.60984],[9.27801,45.61237],[9.2775,45.61374],[9.27958,45.62273],[9.27773,45.62746],[9.27807,45.62929],[9.27892,45.62975],[9.28316,45.62942],[9.28359,45.62998]]]]}},{"type":"Feature","properties":{"id":"dogal-lab-5","kind":"district-label","btype":"dogal","name":"Monza Park"},"geometry":{"type":"Point","coordinates":[9.28558,45.6099]}},{"type":"Feature","properties":{"id":"dogal-6","kind":"district","btype":"dogal","name":"Parco Nord Milano","lab":1},"geometry":{"type":"MultiPolygon","coordinates":[[[[9.17539,45.52147],[9.17704,45.52245],[9.17869,45.52226],[9.17832,45.52134],[9.18055,45.52187],[9.17963,45.52419],[9.18076,45.52473],[9.18072,45.52555],[9.17899,45.52567],[9.17888,45.52618],[9.18081,45.52641],[9.18071,45.52711],[9.17855,45.52736],[9.17836,45.52819],[9.1779,45.52831],[9.17809,45.52899],[9.1772,45.52949],[9.1729,45.52938],[9.17263,45.53122],[9.17312,45.53684],[9.17541,45.53731],[9.17579,45.53612],[9.17853,45.53639],[9.17838,45.53745],[9.17901,45.53754],[9.17827,45.53885],[9.17801,45.54079],[9.18171,45.54126],[9.18073,45.54272],[9.1814,45.5429],[9.18215,45.54081],[9.18297,45.5374],[9.18255,45.53643],[9.18454,45.53652],[9.18359,45.53642],[9.1832,45.53564],[9.18447,45.53347],[9.18746,45.53383],[9.18747,45.53183],[9.18778,45.53185],[9.18801,45.53003],[9.18677,45.52994],[9.18694,45.52937],[9.18784,45.52838],[9.18882,45.52835],[9.18941,45.5269],[9.19279,45.52698],[9.19286,45.52776],[9.1942,45.52787],[9.19413,45.52825],[9.19479,45.52836],[9.19461,45.5293],[9.19935,45.5303],[9.19882,45.53166],[9.19877,45.53249],[9.19944,45.53263],[9.19878,45.53335],[9.19755,45.54591],[9.19508,45.54543],[9.1948,45.54637],[9.20279,45.54808],[9.20589,45.54817],[9.20633,45.54768],[9.20935,45.54782],[9.21084,45.54834],[9.21767,45.5485],[9.21851,45.53986],[9.21913,45.53961],[9.21562,45.53339],[9.21508,45.53319],[9.21283,45.52875],[9.21186,45.52903],[9.21143,45.5283],[9.20805,45.52833],[9.2061,45.52789],[9.20481,45.52852],[9.20383,45.5268],[9.20492,45.52386],[9.20451,45.52307],[9.20357,45.52426],[9.20274,45.52427],[9.1996,45.51898],[9.19892,45.51916],[9.19918,45.51972],[9.19876,45.51982],[9.1982,45.5216],[9.19671,45.52115],[9.19658,45.52153],[9.19801,45.52193],[9.19793,45.52224],[9.19964,45.52245],[9.1984,45.52582],[9.19714,45.52617],[9.1949,45.5262],[9.1949,45.52578],[9.19426,45.52612],[9.19233,45.52601],[9.19201,45.52409],[9.1908,45.52429],[9.19058,45.52497],[9.19017,45.52493],[9.19027,45.5241],[9.18868,45.52383],[9.1904,45.52015],[9.18707,45.51965],[9.1864,45.52098],[9.18443,45.52055],[9.18715,45.51469],[9.18564,45.51436],[9.18554,45.51381],[9.18664,45.51379],[9.18641,45.51439],[9.18674,45.51449],[9.18697,45.51379],[9.18963,45.5141],[9.19021,45.51283],[9.19114,45.51292],[9.1906,45.51125],[9.18392,45.51314],[9.18237,45.51241],[9.18174,45.50837],[9.18196,45.50769],[9.18123,45.50872],[9.17847,45.51801],[9.17722,45.52009],[9.17402,45.52226],[9.17539,45.52147]]]]}},{"type":"Feature","properties":{"id":"dogal-lab-6","kind":"district-label","btype":"dogal","name":"Parco Nord Milano"},"geometry":{"type":"Point","coordinates":[9.19678,45.53272]}},{"type":"Feature","properties":{"id":"dogal-7","kind":"district","btype":"dogal","name":"Parco Lura","lab":1},"geometry":{"type":"MultiPolygon","coordinates":[[[[9.03678,45.59594],[9.03733,45.59604],[9.0377,45.59682],[9.03748,45.59823],[9.03776,45.5993],[9.03746,45.60113],[9.03686,45.60127],[9.03584,45.60064],[9.03627,45.6],[9.03641,45.5959],[9.03621,45.59505],[9.03536,45.59423],[9.03482,45.59022],[9.0378,45.59032],[9.03775,45.59122],[9.04317,45.59153],[9.0432,45.59065],[9.04542,45.59029],[9.04555,45.58955],[9.04613,45.58957],[9.04617,45.58869],[9.04827,45.58916],[9.04842,45.58842],[9.04967,45.58852],[9.0504,45.58789],[9.05111,45.58643],[9.05317,45.58649],[9.0552,45.58499],[9.05409,45.58483],[9.05369,45.58522],[9.05196,45.58485],[9.05254,45.58293],[9.04781,45.58257],[9.04842,45.57989],[9.05067,45.58006],[9.05082,45.58059],[9.05128,45.58068],[9.05778,45.5813],[9.06033,45.57998],[9.05802,45.57916],[9.05827,45.57837],[9.05784,45.57793],[9.05466,45.57633],[9.0523,45.5738],[9.05261,45.57382],[9.05271,45.57277],[9.05179,45.5727],[9.05143,45.57127],[9.05477,45.57159],[9.0548,45.57132],[9.05026,45.57108],[9.04944,45.5703],[9.04578,45.57006],[9.0454,45.57002],[9.04526,45.56993],[9.04747,45.55974],[9.04751,45.55865],[9.0458,45.55858],[9.04569,45.55764],[9.04523,45.55764],[9.04525,45.55925],[9.04374,45.55926],[9.0437,45.55767],[9.04267,45.55783],[9.04259,45.56085],[9.03838,45.5609],[9.03836,45.56013],[9.03425,45.5623],[9.03472,45.56284],[9.03456,45.56322],[9.0334,45.5634],[9.03217,45.56545],[9.03349,45.56537],[9.03374,45.56661],[9.03926,45.56662],[9.03925,45.56803],[9.04119,45.56797],[9.04125,45.56908],[9.03958,45.5693],[9.03981,45.57064],[9.04046,45.57062],[9.04056,45.57242],[9.04533,45.57243],[9.04521,45.57401],[9.04602,45.57422],[9.04571,45.57732],[9.04617,45.57742],[9.04549,45.5837],[9.0441,45.5837],[9.04412,45.58317],[9.04255,45.58317],[9.04265,45.58597],[9.03947,45.58579],[9.03968,45.58378],[9.03772,45.58369],[9.03778,45.58257],[9.03868,45.58231],[9.03895,45.58084],[9.03966,45.57998],[9.03653,45.57995],[9.0364,45.57856],[9.03355,45.57864],[9.02561,45.58206],[9.02491,45.58402],[9.02425,45.58834],[9.02582,45.58847],[9.02573,45.58917],[9.02502,45.58906],[9.02487,45.5894],[9.02933,45.59078],[9.03468,45.59105],[9.0352,45.59436],[9.03603,45.59506],[9.03631,45.59603],[9.03612,45.5999],[9.03571,45.60063],[9.03646,45.60116],[9.03442,45.60111],[9.03426,45.60213],[9.03278,45.60233],[9.03276,45.60202],[9.03073,45.60191],[9.0304,45.60276],[9.02922,45.60245],[9.02928,45.60159],[9.02766,45.60159],[9.02761,45.60234],[9.02673,45.6023],[9.02686,45.60442],[9.02795,45.60443],[9.02784,45.60591],[9.0291,45.60627],[9.02903,45.60727],[9.03016,45.60732],[9.03022,45.60821],[9.03108,45.60955],[9.03175,45.60954],[9.03162,45.60881],[9.03231,45.60877],[9.0324,45.60989],[9.03302,45.60987],[9.03293,45.60873],[9.03362,45.60872],[9.03368,45.60992],[9.03481,45.60992],[9.03507,45.60876],[9.03605,45.60876],[9.03602,45.60805],[9.03736,45.60804],[9.03775,45.60448],[9.04192,45.60463],[9.04135,45.60572],[9.04316,45.60568],[9.04368,45.6062],[9.04547,45.60629],[9.04551,45.60671],[9.04977,45.60646],[9.05012,45.60677],[9.05456,45.60197],[9.05192,45.60182],[9.05187,45.60266],[9.05132,45.60276],[9.05132,45.6042],[9.05034,45.60419],[9.05037,45.60522],[9.0508,45.60521],[9.05081,45.60562],[9.04975,45.60591],[9.04978,45.60628],[9.04658,45.60597],[9.04628,45.60511],[9.04188,45.6052],[9.04206,45.60441],[9.03993,45.60426],[9.03992,45.60348],[9.03782,45.60373],[9.03794,45.60245],[9.03716,45.60225],[9.03745,45.60122],[9.03787,45.60109],[9.03788,45.59908],[9.03843,45.59866],[9.03801,45.59722],[9.03868,45.59725],[9.03873,45.59668],[9.03794,45.59672],[9.03778,45.59542],[9.03678,45.59594]]]]}},{"type":"Feature","properties":{"id":"dogal-lab-7","kind":"district-label","btype":"dogal","name":"Parco Lura"},"geometry":{"type":"Point","coordinates":[9.04032,45.58265]}},{"type":"Feature","properties":{"id":"dogal-8","kind":"district","btype":"dogal","name":"Brughiera del Dosso","lab":1},"geometry":{"type":"MultiPolygon","coordinates":[[[[8.70361,45.6496],[8.70459,45.63743],[8.70141,45.637],[8.69539,45.6352],[8.70319,45.6289],[8.69604,45.62727],[8.69535,45.62908],[8.6933,45.63065],[8.6883,45.63107],[8.68732,45.63168],[8.68425,45.63177],[8.68495,45.63264],[8.68834,45.63411],[8.68966,45.63516],[8.69148,45.64107],[8.69179,45.64719],[8.6874,45.65231],[8.68621,45.65421],[8.68719,45.65467],[8.68804,45.65647],[8.68635,45.65818],[8.6877,45.65905],[8.6857,45.66183],[8.68647,45.6617],[8.68764,45.66274],[8.68553,45.66369],[8.68909,45.66659],[8.69591,45.66827],[8.69638,45.66557],[8.70055,45.66581],[8.70072,45.66376],[8.70479,45.66349],[8.70361,45.6496]]]]}},{"type":"Feature","properties":{"id":"dogal-lab-8","kind":"district-label","btype":"dogal","name":"Brughiera del Dosso"},"geometry":{"type":"Point","coordinates":[8.69591,45.64939]}},{"type":"Feature","properties":{"id":"dogal-9","kind":"district","btype":"dogal","name":"Parco Alto Milanese","lab":1},"geometry":{"type":"MultiPolygon","coordinates":[[[[8.88563,45.59887],[8.88274,45.59776],[8.88349,45.59591],[8.88584,45.59238],[8.8845,45.59209],[8.885,45.59137],[8.88368,45.59087],[8.88338,45.59128],[8.88288,45.59108],[8.88233,45.59183],[8.88128,45.59145],[8.88188,45.59039],[8.8838,45.59079],[8.88396,45.59053],[8.88427,45.59064],[8.88409,45.59089],[8.8862,45.59169],[8.88794,45.58914],[8.88625,45.58825],[8.88724,45.58648],[8.87767,45.58327],[8.87689,45.58426],[8.87592,45.58393],[8.87511,45.58506],[8.87373,45.58458],[8.87508,45.58236],[8.87262,45.58155],[8.87133,45.58332],[8.8707,45.58312],[8.87191,45.58134],[8.86739,45.58001],[8.86369,45.58039],[8.86278,45.58158],[8.86197,45.58133],[8.86022,45.58274],[8.86177,45.58432],[8.86099,45.58518],[8.86173,45.58545],[8.86116,45.58614],[8.8604,45.58581],[8.86017,45.58605],[8.86203,45.58686],[8.86113,45.58792],[8.86148,45.5881],[8.86184,45.5876],[8.8626,45.58791],[8.86174,45.5889],[8.85831,45.58798],[8.85851,45.5888],[8.85979,45.5892],[8.86001,45.58886],[8.86085,45.58954],[8.86133,45.58882],[8.86258,45.58934],[8.86366,45.58795],[8.86429,45.58828],[8.86349,45.58932],[8.86472,45.58954],[8.86411,45.59058],[8.86321,45.59039],[8.86247,45.59163],[8.86206,45.59147],[8.86237,45.59099],[8.86197,45.59088],[8.8617,45.59131],[8.86089,45.59104],[8.86142,45.59016],[8.86091,45.59002],[8.86056,45.59056],[8.85976,45.59035],[8.86021,45.58944],[8.85858,45.58931],[8.85978,45.59374],[8.86103,45.5941],[8.86166,45.59312],[8.8622,45.59327],[8.86162,45.59426],[8.8632,45.59477],[8.86319,45.59591],[8.86272,45.59675],[8.87115,45.5991],[8.87172,45.59903],[8.8725,45.59776],[8.8732,45.59804],[8.87223,45.59941],[8.87854,45.60119],[8.87917,45.59995],[8.88012,45.60022],[8.87944,45.60144],[8.88086,45.60188],[8.88103,45.6024],[8.88316,45.60211],[8.88298,45.60138],[8.88342,45.60098],[8.8845,45.60126],[8.88505,45.60314],[8.88632,45.60075],[8.88579,45.60057],[8.88606,45.60015],[8.8851,45.59985],[8.88563,45.59887]]]]}},{"type":"Feature","properties":{"id":"dogal-lab-9","kind":"district-label","btype":"dogal","name":"Parco Alto Milanese"},"geometry":{"type":"Point","coordinates":[8.87335,45.59087]}},{"type":"Feature","properties":{"id":"dogal-10","kind":"district","btype":"dogal","name":"Parco della Besozza","lab":1},"geometry":{"type":"MultiPolygon","coordinates":[[[[9.3171,45.47785],[9.31766,45.47757],[9.3178,45.47599],[9.31427,45.47588],[9.31401,45.47559],[9.31615,45.47303],[9.31751,45.47306],[9.31758,45.47171],[9.31704,45.47166],[9.31718,45.46925],[9.31556,45.46938],[9.31568,45.46743],[9.31618,45.46751],[9.31849,45.46211],[9.3221,45.45943],[9.338,45.46102],[9.33577,45.46791],[9.33472,45.46776],[9.33272,45.4717],[9.33015,45.47482],[9.33208,45.47539],[9.32916,45.47928],[9.32774,45.47945],[9.31478,45.47839],[9.31342,45.47735],[9.3171,45.47785]]]]}},{"type":"Feature","properties":{"id":"dogal-lab-10","kind":"district-label","btype":"dogal","name":"Parco della Besozza"},"geometry":{"type":"Point","coordinates":[9.32555,45.46906]}},{"type":"Feature","properties":{"id":"dogal-11","kind":"district","btype":"dogal","name":"Parco del Basso Olona","lab":1},"geometry":{"type":"MultiPolygon","coordinates":[[[[9.01803,45.53164],[9.0184,45.53131],[9.01711,45.53053],[9.01912,45.52873],[9.02071,45.52942],[9.02696,45.52185],[9.02897,45.52045],[9.03129,45.52003],[9.02781,45.51912],[9.02768,45.52032],[9.02607,45.52046],[9.01672,45.51952],[9.01387,45.52271],[9.01382,45.52354],[9.01249,45.52467],[9.01375,45.52553],[9.01129,45.52761],[9.00958,45.52652],[9.00902,45.52692],[9.00077,45.5226],[9.0005,45.52275],[9.00121,45.52323],[9.00453,45.52482],[8.99879,45.53073],[9.00283,45.53274],[9.00094,45.53426],[9.00148,45.53499],[9.00079,45.53519],[9.00099,45.53557],[8.99523,45.53637],[8.99482,45.53721],[8.99527,45.53753],[8.99269,45.53799],[8.99281,45.53865],[8.99179,45.53901],[8.99195,45.5387],[8.99091,45.53896],[8.98853,45.5384],[8.98777,45.53766],[8.98587,45.53832],[8.98388,45.53992],[8.98056,45.53762],[8.97933,45.53834],[8.98267,45.54125],[8.98202,45.54192],[8.98437,45.54291],[8.98434,45.54218],[8.98485,45.54183],[8.98591,45.54295],[8.98953,45.54094],[8.98863,45.54041],[8.9926,45.53886],[8.99559,45.53882],[8.99677,45.53805],[8.99854,45.53851],[8.99903,45.53825],[9.00361,45.53976],[9.00433,45.53921],[9.00501,45.53947],[9.00812,45.53767],[9.0053,45.53498],[9.00785,45.53365],[9.01159,45.53582],[9.01825,45.5318],[9.01803,45.53164]]]]}},{"type":"Feature","properties":{"id":"dogal-lab-11","kind":"district-label","btype":"dogal","name":"Parco del Basso Olona"},"geometry":{"type":"Point","coordinates":[9.00878,45.53031]}},{"type":"Feature","properties":{"id":"dogal-12","kind":"district","btype":"dogal","name":"Idroscalo","lab":1},"geometry":{"type":"MultiPolygon","coordinates":[[[[9.2938,45.46818],[9.29126,45.45295],[9.2907,45.45219],[9.28947,45.45155],[9.2888,45.4514],[9.28795,45.45211],[9.28718,45.45217],[9.28701,45.45137],[9.28641,45.45147],[9.28644,45.45251],[9.28538,45.45374],[9.28615,45.45905],[9.28528,45.45963],[9.28505,45.46033],[9.28443,45.46034],[9.28467,45.46096],[9.28427,45.46138],[9.28179,45.46147],[9.28182,45.46288],[9.28483,45.46288],[9.28517,45.46509],[9.28578,45.46504],[9.28733,45.47403],[9.28887,45.47461],[9.2896,45.47536],[9.29466,45.47646],[9.29526,45.47574],[9.29414,45.46968],[9.2935,45.46938],[9.29202,45.46957],[9.29163,45.46857],[9.2938,45.46818]]]]}},{"type":"Feature","properties":{"id":"dogal-lab-12","kind":"district-label","btype":"dogal","name":"Idroscalo"},"geometry":{"type":"Point","coordinates":[9.28945,45.46424]}},{"type":"Feature","properties":{"id":"dogal-13","kind":"district","btype":"dogal","name":"Parco della Vettabbia","lab":1},"geometry":{"type":"MultiPolygon","coordinates":[[[[9.23368,45.41528],[9.23555,45.41695],[9.23819,45.42034],[9.23461,45.42228],[9.23106,45.42529],[9.22962,45.42469],[9.22906,45.42535],[9.23028,45.42596],[9.22626,45.42958],[9.22596,45.43039],[9.22398,45.43157],[9.22288,45.43192],[9.22076,45.4303],[9.21881,45.43074],[9.21723,45.43022],[9.21677,45.42962],[9.21726,45.42951],[9.21683,45.42861],[9.21853,45.42797],[9.22061,45.42912],[9.22636,45.42335],[9.22232,45.42113],[9.21812,45.42412],[9.21732,45.42371],[9.22406,45.41696],[9.22922,45.41382],[9.23105,45.41367],[9.23368,45.41528]]]]}},{"type":"Feature","properties":{"id":"dogal-lab-13","kind":"district-label","btype":"dogal","name":"Parco della Vettabbia"},"geometry":{"type":"Point","coordinates":[9.22777,45.42195]}},{"type":"Feature","properties":{"id":"dogal-14","kind":"district","btype":"dogal","name":"Parco delle Cave","lab":1},"geometry":{"type":"MultiPolygon","coordinates":[[[[9.09332,45.46942],[9.09274,45.47081],[9.09213,45.47117],[9.08977,45.47113],[9.08931,45.47222],[9.09038,45.47249],[9.09154,45.47474],[9.0923,45.47506],[9.09379,45.47388],[9.09298,45.47226],[9.09534,45.46984],[9.09738,45.47003],[9.09886,45.46945],[9.10114,45.47047],[9.10095,45.47166],[9.09578,45.47601],[9.09728,45.47619],[9.0975,45.47544],[9.09883,45.47573],[9.09835,45.47655],[9.10021,45.47731],[9.10272,45.47421],[9.10211,45.4739],[9.10236,45.47349],[9.10341,45.47369],[9.10269,45.47336],[9.10324,45.47278],[9.10134,45.47212],[9.10246,45.47102],[9.10338,45.46923],[9.10485,45.46949],[9.10613,45.46688],[9.10914,45.4669],[9.10879,45.46589],[9.10926,45.46577],[9.10939,45.46526],[9.10885,45.46452],[9.10737,45.46428],[9.10799,45.46306],[9.10588,45.46304],[9.10616,45.46213],[9.10318,45.46167],[9.10272,45.46267],[9.10239,45.46261],[9.10217,45.46205],[9.1027,45.4616],[9.10318,45.45954],[9.10244,45.4595],[9.10176,45.46114],[9.09919,45.46071],[9.09898,45.46133],[9.09774,45.46107],[9.09731,45.4625],[9.09649,45.46233],[9.09488,45.46341],[9.09408,45.46305],[9.09347,45.4635],[9.09526,45.46401],[9.09493,45.46482],[9.0952,45.46497],[9.09329,45.46883],[9.09237,45.46853],[9.09221,45.4688],[9.09332,45.46942]]]]}},{"type":"Feature","properties":{"id":"dogal-lab-14","kind":"district-label","btype":"dogal","name":"Parco delle Cave"},"geometry":{"type":"Point","coordinates":[9.09988,45.46758]}},{"type":"Feature","properties":{"id":"dogal-15","kind":"district","btype":"dogal","name":"Parco agricolo del Ticinello","lab":1},"geometry":{"type":"MultiPolygon","coordinates":[[[[9.18756,45.42422],[9.18965,45.42545],[9.19037,45.42475],[9.19159,45.42549],[9.19405,45.42547],[9.19357,45.42026],[9.19226,45.42016],[9.19253,45.41959],[9.18636,45.41589],[9.18537,45.41667],[9.1842,45.41579],[9.18324,45.41682],[9.18467,45.41767],[9.17961,45.42115],[9.18066,45.4219],[9.18076,45.42815],[9.18361,45.42812],[9.18363,45.42699],[9.18756,45.42422]]]]}},{"type":"Feature","properties":{"id":"dogal-lab-15","kind":"district-label","btype":"dogal","name":"Parco agricolo del Ticinello"},"geometry":{"type":"Point","coordinates":[9.18662,45.42198]}},{"type":"Feature","properties":{"id":"dogal-16","kind":"district","btype":"dogal","name":"Oasi LIPU Cesano Maderno","lab":1},"geometry":{"type":"MultiPolygon","coordinates":[[[[9.13202,45.62301],[9.13251,45.62356],[9.13509,45.62327],[9.13519,45.62288],[9.13475,45.62185],[9.13173,45.62254],[9.13181,45.62153],[9.13244,45.62137],[9.13231,45.62022],[9.13072,45.61976],[9.12729,45.62129],[9.12672,45.61971],[9.12585,45.61931],[9.12239,45.621],[9.12102,45.62078],[9.12088,45.62161],[9.11964,45.62185],[9.11851,45.62678],[9.11981,45.62694],[9.11985,45.62804],[9.12405,45.62853],[9.12404,45.62989],[9.12769,45.63032],[9.12776,45.62934],[9.12953,45.62881],[9.12956,45.62655],[9.13062,45.62618],[9.1311,45.6253],[9.13067,45.62527],[9.1311,45.62498],[9.13101,45.62299],[9.13202,45.62301]]]]}},{"type":"Feature","properties":{"id":"dogal-lab-16","kind":"district-label","btype":"dogal","name":"Oasi LIPU Cesano Maderno"},"geometry":{"type":"Point","coordinates":[9.12575,45.62451]}},{"type":"Feature","properties":{"id":"dogal-17","kind":"district","btype":"dogal","name":"Parco Lambro","lab":1},"geometry":{"type":"MultiPolygon","coordinates":[[[[9.25469,45.49648],[9.25228,45.49201],[9.24605,45.4915],[9.24562,45.49312],[9.24122,45.49245],[9.2407,45.49474],[9.24021,45.49492],[9.24004,45.49569],[9.24673,45.49627],[9.24601,45.49718],[9.24548,45.4991],[9.24747,45.49883],[9.24738,45.50052],[9.25117,45.50149],[9.25112,45.50193],[9.25157,45.50223],[9.25371,45.50111],[9.25308,45.50073],[9.25303,45.50022],[9.25351,45.49906],[9.25401,45.49849],[9.25496,45.49828],[9.25469,45.49648]]]]}},{"type":"Feature","properties":{"id":"dogal-lab-17","kind":"district-label","btype":"dogal","name":"Parco Lambro"},"geometry":{"type":"Point","coordinates":[9.24875,45.49607]}},{"type":"Feature","properties":{"id":"dogal-18","kind":"district","btype":"dogal","name":"Parco Cava Centroparco","lab":1},"geometry":{"type":"MultiPolygon","coordinates":[[[[9.28005,45.48462],[9.28722,45.48543],[9.28754,45.48581],[9.28816,45.48759],[9.28791,45.4889],[9.28842,45.49037],[9.28823,45.49144],[9.28752,45.49139],[9.28721,45.49316],[9.28301,45.49314],[9.28312,45.48999],[9.28258,45.48879],[9.27751,45.48991],[9.27524,45.48979],[9.27442,45.48925],[9.27349,45.48964],[9.27358,45.49043],[9.2752,45.49026],[9.27587,45.4927],[9.27443,45.49195],[9.27338,45.49037],[9.2717,45.49018],[9.27173,45.4908],[9.27067,45.49045],[9.27019,45.48848],[9.27199,45.48829],[9.27162,45.48599],[9.27102,45.48548],[9.27225,45.48488],[9.27242,45.48545],[9.27349,45.48558],[9.27328,45.487],[9.27577,45.48677],[9.27943,45.48633],[9.27932,45.48531],[9.28017,45.48523],[9.28005,45.48462]]]]}},{"type":"Feature","properties":{"id":"dogal-lab-18","kind":"district-label","btype":"dogal","name":"Parco Cava Centroparco"},"geometry":{"type":"Point","coordinates":[9.2807,45.48851]}},{"type":"Feature","properties":{"id":"dogal-19","kind":"district","btype":"dogal","name":"Parco dei Fontanili","lab":1},"geometry":{"type":"MultiPolygon","coordinates":[[[[9.05724,45.51157],[9.05838,45.5103],[9.06115,45.50863],[9.06359,45.50596],[9.06454,45.50474],[9.06437,45.5034],[9.06189,45.50234],[9.06033,45.50457],[9.05929,45.50416],[9.05643,45.50538],[9.05369,45.5048],[9.05285,45.50565],[9.05031,45.50583],[9.05004,45.50641],[9.04944,45.50626],[9.0491,45.50661],[9.05163,45.51102],[9.05724,45.51157]]]]}},{"type":"Feature","properties":{"id":"dogal-lab-19","kind":"district-label","btype":"dogal","name":"Parco dei Fontanili"},"geometry":{"type":"Point","coordinates":[9.05684,45.50734]}},{"type":"Feature","properties":{"id":"dogal-20","kind":"district","btype":"dogal","name":"Parco Aldo Aniasi","lab":1},"geometry":{"type":"MultiPolygon","coordinates":[[[[9.1112,45.47668],[9.10806,45.47782],[9.1085,45.47796],[9.10819,45.47843],[9.10775,45.47829],[9.10635,45.48019],[9.10535,45.48268],[9.10355,45.48491],[9.10157,45.48848],[9.10154,45.48896],[9.10298,45.48921],[9.10265,45.49015],[9.10523,45.49061],[9.10549,45.49004],[9.10715,45.49041],[9.10613,45.49227],[9.10801,45.49198],[9.1112,45.47668]]]]}},{"type":"Feature","properties":{"id":"dogal-lab-20","kind":"district-label","btype":"dogal","name":"Parco Aldo Aniasi"},"geometry":{"type":"Point","coordinates":[9.10683,45.48493]}},{"type":"Feature","properties":{"id":"dogal-21","kind":"district","btype":"dogal","name":"Oasi agricola del Meredo","lab":1},"geometry":{"type":"MultiPolygon","coordinates":[[[[9.1757,45.65262],[9.18836,45.65084],[9.18757,45.64818],[9.18833,45.6466],[9.18442,45.64531],[9.17629,45.64728],[9.17667,45.64842],[9.17592,45.64868],[9.17646,45.64974],[9.17516,45.65007],[9.17563,45.651],[9.17512,45.65111],[9.1757,45.65262]]]]}},{"type":"Feature","properties":{"id":"dogal-lab-21","kind":"district-label","btype":"dogal","name":"Oasi agricola del Meredo"},"geometry":{"type":"Point","coordinates":[9.18187,45.64903]}},{"type":"Feature","properties":{"id":"dogal-22","kind":"district","btype":"dogal","name":"Boscoincittà","lab":1},"geometry":{"type":"MultiPolygon","coordinates":[[[[9.08746,45.48535],[9.08864,45.48376],[9.08952,45.48378],[9.09,45.48321],[9.09321,45.48231],[9.09301,45.48266],[9.09482,45.48243],[9.09493,45.48188],[9.09979,45.48077],[9.09667,45.48683],[9.09351,45.48641],[9.09097,45.48851],[9.08945,45.48783],[9.08591,45.48871],[9.08325,45.49143],[9.08258,45.49154],[9.08233,45.49128],[9.08309,45.49044],[9.08139,45.48929],[9.0838,45.4878],[9.08389,45.48695],[9.08746,45.48535]]]]}},{"type":"Feature","properties":{"id":"dogal-lab-22","kind":"district-label","btype":"dogal","name":"Boscoincittà"},"geometry":{"type":"Point","coordinates":[9.09112,45.48562]}},{"type":"Feature","properties":{"id":"dogal-23","kind":"district","btype":"dogal","name":"Giardini di Mombello","lab":1},"geometry":{"type":"MultiPolygon","coordinates":[[[[9.12585,45.6152],[9.12427,45.61602],[9.12658,45.61854],[9.12985,45.61659],[9.13374,45.61561],[9.12727,45.60686],[9.12431,45.608],[9.12493,45.61026],[9.12391,45.61278],[9.12585,45.6152]]]]}},{"type":"Feature","properties":{"id":"dogal-lab-23","kind":"district-label","btype":"dogal","name":"Giardini di Mombello"},"geometry":{"type":"Point","coordinates":[9.12791,45.61297]}},{"type":"Feature","properties":{"id":"dogal-24","kind":"district","btype":"dogal","name":"Parco Forlanini","lab":1},"geometry":{"type":"MultiPolygon","coordinates":[[[[9.26823,45.46199],[9.25749,45.46206],[9.25683,45.46477],[9.25908,45.4651],[9.25867,45.46697],[9.26127,45.46715],[9.26063,45.46966],[9.26217,45.46988],[9.26097,45.46916],[9.262,45.46604],[9.26445,45.46646],[9.26467,45.46763],[9.26566,45.46804],[9.2671,45.46793],[9.26746,45.46667],[9.26912,45.4667],[9.26903,45.4647],[9.27008,45.46472],[9.27056,45.46384],[9.26912,45.46384],[9.26924,45.46322],[9.2681,45.46319],[9.26823,45.46199]]]]}},{"type":"Feature","properties":{"id":"dogal-lab-24","kind":"district-label","btype":"dogal","name":"Parco Forlanini"},"geometry":{"type":"Point","coordinates":[9.2635,45.46458]}},{"type":"Feature","properties":{"id":"dogal-25","kind":"district","btype":"dogal","name":"Parco Sempione","lab":1},"geometry":{"type":"MultiPolygon","coordinates":[[[[9.17625,45.47048],[9.17542,45.46996],[9.17445,45.47081],[9.17417,45.4713],[9.17497,45.47209],[9.17385,45.47305],[9.17287,45.47251],[9.17011,45.47403],[9.17152,45.47494],[9.17332,45.47495],[9.17381,45.47565],[9.17353,45.47628],[9.17496,45.47717],[9.17664,45.47606],[9.17832,45.47694],[9.18081,45.47729],[9.18142,45.47404],[9.17925,45.47259],[9.18137,45.47094],[9.18175,45.4698],[9.18069,45.46942],[9.18063,45.46889],[9.17946,45.46871],[9.17625,45.47048]]]]}},{"type":"Feature","properties":{"id":"dogal-lab-25","kind":"district-label","btype":"dogal","name":"Parco Sempione"},"geometry":{"type":"Point","coordinates":[9.1771,45.47337]}},{"type":"Feature","properties":{"id":"dogal-26","kind":"district","btype":"dogal","name":"Parco degli Aironi","lab":1},"geometry":{"type":"MultiPolygon","coordinates":[[[[8.97621,45.63373],[8.98005,45.63124],[8.98117,45.63152],[8.98222,45.6301],[8.97829,45.62631],[8.97731,45.62666],[8.9738,45.62963],[8.97004,45.63144],[8.96978,45.63219],[8.97033,45.63298],[8.9725,45.63393],[8.97378,45.63301],[8.97621,45.63373]]]]}},{"type":"Feature","properties":{"id":"dogal-lab-26","kind":"district-label","btype":"dogal","name":"Parco degli Aironi"},"geometry":{"type":"Point","coordinates":[8.97622,45.63057]}},{"type":"Feature","properties":{"id":"dogal-27","kind":"district","btype":"dogal","name":"Parco 2 Giugno alla Porada","lab":1},"geometry":{"type":"MultiPolygon","coordinates":[[[[9.18715,45.6562],[9.18475,45.65618],[9.18474,45.65665],[9.18361,45.65663],[9.18363,45.65623],[9.17901,45.65678],[9.18007,45.6616],[9.17956,45.66366],[9.18121,45.66344],[9.18173,45.6622],[9.18321,45.66217],[9.18344,45.66256],[9.18689,45.66199],[9.18781,45.65663],[9.18714,45.65654],[9.18715,45.6562]]]]}},{"type":"Feature","properties":{"id":"dogal-lab-27","kind":"district-label","btype":"dogal","name":"Parco 2 Giugno alla Porada"},"geometry":{"type":"Point","coordinates":[9.18336,45.65938]}},{"type":"Feature","properties":{"id":"dogal-28","kind":"district","btype":"dogal","name":"Bosco Urbano","lab":1},"geometry":{"type":"MultiPolygon","coordinates":[[[[9.25478,45.6214],[9.25706,45.62204],[9.25656,45.62295],[9.25787,45.62377],[9.25626,45.62506],[9.25533,45.62482],[9.25479,45.6257],[9.2556,45.6259],[9.25536,45.62646],[9.25438,45.62622],[9.25419,45.6267],[9.25374,45.62663],[9.25352,45.62631],[9.25429,45.6249],[9.25348,45.62466],[9.25269,45.62614],[9.25221,45.62637],[9.25001,45.62586],[9.24966,45.62651],[9.25173,45.62727],[9.25217,45.62651],[9.25445,45.62684],[9.25476,45.62759],[9.2523,45.62723],[9.25096,45.62762],[9.24739,45.62684],[9.24933,45.62325],[9.24964,45.62335],[9.25009,45.62252],[9.24944,45.62235],[9.25141,45.61914],[9.25495,45.6203],[9.25478,45.6214]]]]}},{"type":"Feature","properties":{"id":"dogal-lab-28","kind":"district-label","btype":"dogal","name":"Bosco Urbano"},"geometry":{"type":"Point","coordinates":[9.25251,45.62364]}},{"type":"Feature","properties":{"id":"dogal-29","kind":"district","btype":"dogal","name":"Parco di Villa Litta","lab":1},"geometry":{"type":"MultiPolygon","coordinates":[[[[9.2776,45.61015],[9.2762,45.61033],[9.27637,45.61177],[9.27572,45.61176],[9.27517,45.61262],[9.27331,45.6129],[9.27281,45.61361],[9.2759,45.6221],[9.27802,45.6228],[9.27953,45.62265],[9.2775,45.61374],[9.27801,45.61237],[9.2776,45.61015]]]]}},{"type":"Feature","properties":{"id":"dogal-lab-29","kind":"district-label","btype":"dogal","name":"Parco di Villa Litta"},"geometry":{"type":"Point","coordinates":[9.27638,45.6168]}},{"type":"Feature","properties":{"id":"dogal-30","kind":"district","btype":"dogal","name":"Parco San Maurizio","lab":1},"geometry":{"type":"MultiPolygon","coordinates":[[[[9.26318,45.54225],[9.25942,45.5426],[9.25919,45.54335],[9.26027,45.54488],[9.25958,45.5456],[9.2602,45.54681],[9.26148,45.54674],[9.26179,45.5471],[9.26112,45.54837],[9.26187,45.54983],[9.26493,45.55116],[9.26614,45.55095],[9.26686,45.55166],[9.26746,45.55091],[9.2683,45.55081],[9.26786,45.55037],[9.26815,45.5503],[9.2675,45.54967],[9.26515,45.54901],[9.26485,45.54828],[9.2651,45.54815],[9.26434,45.54777],[9.26431,45.54655],[9.26493,45.54655],[9.2659,45.54378],[9.26507,45.5432],[9.26507,45.54245],[9.26318,45.54225]]]]}},{"type":"Feature","properties":{"id":"dogal-lab-30","kind":"district-label","btype":"dogal","name":"Parco San Maurizio"},"geometry":{"type":"Point","coordinates":[9.26322,45.54644]}},{"type":"Feature","properties":{"id":"dogal-31","kind":"district","btype":"dogal","name":"Parco Naturale Bosco delle Querce","lab":1},"geometry":{"type":"MultiPolygon","coordinates":[[[[9.14968,45.64935],[9.14843,45.6475],[9.15025,45.64718],[9.14941,45.64567],[9.15,45.64538],[9.14975,45.64476],[9.14921,45.64487],[9.14881,45.64387],[9.15713,45.64209],[9.15395,45.64889],[9.15355,45.65051],[9.15071,45.65121],[9.15086,45.65015],[9.14969,45.64943],[9.15095,45.64947],[9.15125,45.64833],[9.1506,45.64898],[9.15047,45.64836],[9.14957,45.64851],[9.14968,45.64935]]]]}},{"type":"Feature","properties":{"id":"dogal-lab-31","kind":"district-label","btype":"dogal","name":"Parco Naturale Bosco delle Querce"},"geometry":{"type":"Point","coordinates":[9.15257,45.64625]}},{"type":"Feature","properties":{"id":"dogal-32","kind":"district","btype":"dogal","name":"Royal Gardens","lab":1},"geometry":{"type":"MultiPolygon","coordinates":[[[[9.27461,45.59157],[9.27399,45.59287],[9.27501,45.59313],[9.275,45.59367],[9.27477,45.59399],[9.27324,45.59406],[9.27313,45.59448],[9.27153,45.5943],[9.27074,45.59705],[9.27719,45.59768],[9.27704,45.59614],[9.28029,45.59424],[9.28174,45.59178],[9.28093,45.59107],[9.27747,45.59226],[9.27487,45.59191],[9.27503,45.59163],[9.27461,45.59157]]]]}},{"type":"Feature","properties":{"id":"dogal-lab-32","kind":"district-label","btype":"dogal","name":"Royal Gardens"},"geometry":{"type":"Point","coordinates":[9.27614,45.59453]}},{"type":"Feature","properties":{"id":"dogal-33","kind":"district","btype":"dogal","name":"Parco Lago Nord","lab":1},"geometry":{"type":"MultiPolygon","coordinates":[[[[9.17574,45.57898],[9.17852,45.57989],[9.18018,45.57852],[9.1817,45.57804],[9.18595,45.57822],[9.18652,45.57885],[9.18788,45.57896],[9.18693,45.57869],[9.18671,45.57822],[9.18716,45.57801],[9.18793,45.5753],[9.18393,45.57414],[9.18152,45.5759],[9.18052,45.57607],[9.17844,45.57554],[9.17769,45.57643],[9.17619,45.57625],[9.17574,45.57898]]]]}},{"type":"Feature","properties":{"id":"dogal-lab-33","kind":"district-label","btype":"dogal","name":"Parco Lago Nord"},"geometry":{"type":"Point","coordinates":[9.18191,45.57699]}},{"type":"Feature","properties":{"id":"dogal-34","kind":"district","btype":"dogal","name":"Parco Cava Increa","lab":1},"geometry":{"type":"MultiPolygon","coordinates":[[[[9.32441,45.54082],[9.32393,45.54367],[9.3177,45.54316],[9.31606,45.54069],[9.31452,45.53958],[9.31461,45.53876],[9.32421,45.53903],[9.32441,45.54082]]]]}},{"type":"Feature","properties":{"id":"dogal-lab-34","kind":"district-label","btype":"dogal","name":"Parco Cava Increa"},"geometry":{"type":"Point","coordinates":[9.32013,45.54097]}},{"type":"Feature","properties":{"id":"dogal-35","kind":"district","btype":"dogal","name":"Parco Montestella","lab":1},"geometry":{"type":"MultiPolygon","coordinates":[[[[9.13755,45.4911],[9.13661,45.4906],[9.13802,45.48872],[9.13696,45.48936],[9.13795,45.48859],[9.13749,45.48769],[9.13652,45.48741],[9.13621,45.4869],[9.13701,45.48675],[9.13679,45.4864],[9.135,45.48689],[9.13486,45.48765],[9.13025,45.48813],[9.13062,45.49277],[9.13291,45.49326],[9.13755,45.4911]]]]}},{"type":"Feature","properties":{"id":"dogal-lab-35","kind":"district-label","btype":"dogal","name":"Parco Montestella"},"geometry":{"type":"Point","coordinates":[9.13386,45.48999]}},{"type":"Feature","properties":{"id":"dogal-36","kind":"district","btype":"dogal","name":"Parco Villa Borromeo D'Adda","lab":1},"geometry":{"type":"MultiPolygon","coordinates":[[[[9.32164,45.63212],[9.32178,45.62703],[9.32104,45.62682],[9.31952,45.62747],[9.31781,45.63079],[9.31511,45.63163],[9.31489,45.63277],[9.31837,45.6334],[9.31832,45.63486],[9.31905,45.63505],[9.32042,45.63301],[9.32113,45.63289],[9.32164,45.63212]]]]}},{"type":"Feature","properties":{"id":"dogal-lab-36","kind":"district-label","btype":"dogal","name":"Parco Villa Borromeo D'Adda"},"geometry":{"type":"Point","coordinates":[9.31925,45.63101]}},{"type":"Feature","properties":{"id":"dogal-37","kind":"district","btype":"dogal","name":"Parco Natura","lab":1},"geometry":{"type":"MultiPolygon","coordinates":[[[[9.08487,45.44475],[9.08375,45.44443],[9.08495,45.44253],[9.08413,45.44201],[9.08317,45.44348],[9.08269,45.44335],[9.08253,45.44365],[9.08098,45.44291],[9.08102,45.44241],[9.07985,45.44329],[9.07871,45.44642],[9.07909,45.4469],[9.07875,45.44806],[9.08233,45.44885],[9.08378,45.44695],[9.08487,45.44475]]]]}},{"type":"Feature","properties":{"id":"dogal-lab-37","kind":"district-label","btype":"dogal","name":"Parco Natura"},"geometry":{"type":"Point","coordinates":[9.08168,45.44566]}},{"type":"Feature","properties":{"id":"dogal-38","kind":"district","btype":"dogal","name":"Parco Adriano","lab":1},"geometry":{"type":"MultiPolygon","coordinates":[[[[9.24823,45.51636],[9.25002,45.51658],[9.25014,45.51703],[9.24912,45.51678],[9.24869,45.5174],[9.25,45.51775],[9.2497,45.51872],[9.2505,45.51881],[9.25068,45.51782],[9.25132,45.51791],[9.25151,45.51713],[9.25285,45.51726],[9.25369,45.51528],[9.2561,45.51594],[9.25652,45.51663],[9.25669,45.5184],[9.25522,45.51891],[9.2553,45.52041],[9.24984,45.51973],[9.24963,45.52003],[9.24665,45.5191],[9.24773,45.51919],[9.2481,45.51844],[9.24718,45.51822],[9.24818,45.51827],[9.24854,45.51755],[9.24773,45.51714],[9.24863,45.51737],[9.249,45.51665],[9.24803,45.51641],[9.24818,45.51614],[9.24845,45.51593],[9.24823,45.51636]]]]}},{"type":"Feature","properties":{"id":"dogal-lab-38","kind":"district-label","btype":"dogal","name":"Parco Adriano"},"geometry":{"type":"Point","coordinates":[9.25273,45.51818]}},{"type":"Feature","properties":{"id":"dogal-39","kind":"district","btype":"dogal","name":"Parco della Vita","lab":1},"geometry":{"type":"MultiPolygon","coordinates":[[[[9.08172,45.43485],[9.07981,45.4384],[9.07732,45.43724],[9.07575,45.43561],[9.07473,45.4354],[9.07564,45.43089],[9.0788,45.43239],[9.07756,45.43341],[9.07957,45.43426],[9.0794,45.43454],[9.08172,45.43485]]]]}},{"type":"Feature","properties":{"id":"dogal-lab-39","kind":"district-label","btype":"dogal","name":"Parco della Vita"},"geometry":{"type":"Point","coordinates":[9.07783,45.43485]}},{"type":"Feature","properties":{"id":"dogal-40","kind":"district","btype":"dogal","name":"Parco di Villa Annoni","lab":1},"geometry":{"type":"MultiPolygon","coordinates":[[[[8.81537,45.50378],[8.81999,45.50457],[8.82294,45.50076],[8.81589,45.49899],[8.81574,45.50085],[8.81611,45.50248],[8.81537,45.50378]]]]}},{"type":"Feature","properties":{"id":"dogal-lab-40","kind":"district-label","btype":"dogal","name":"Parco di Villa Annoni"},"geometry":{"type":"Point","coordinates":[8.81867,45.50184]}},{"type":"Feature","properties":{"id":"dogal-41","kind":"district","btype":"dogal","name":"Parco Villa San Martino","lab":1},"geometry":{"type":"MultiPolygon","coordinates":[[[[9.31889,45.62648],[9.31394,45.62498],[9.31076,45.62427],[9.31083,45.62824],[9.31375,45.62839],[9.31449,45.62955],[9.31916,45.62739],[9.31889,45.62648]]]]}},{"type":"Feature","properties":{"id":"dogal-lab-41","kind":"district-label","btype":"dogal","name":"Parco Villa San Martino"},"geometry":{"type":"Point","coordinates":[9.31433,45.62687]}},{"type":"Feature","properties":{"id":"dogal-42","kind":"district","btype":"dogal","name":"Parco comunale centro sportivo di Via Serra","lab":1},"geometry":{"type":"MultiPolygon","coordinates":[[[[9.17235,45.57197],[9.17188,45.57298],[9.17055,45.57269],[9.16947,45.57443],[9.17221,45.57517],[9.17236,45.57488],[9.17343,45.57547],[9.17391,45.57428],[9.17492,45.57449],[9.17524,45.57387],[9.17601,45.57403],[9.17638,45.57103],[9.17436,45.56987],[9.17239,45.56961],[9.17106,45.57164],[9.17235,45.57197]]]]}},{"type":"Feature","properties":{"id":"dogal-lab-42","kind":"district-label","btype":"dogal","name":"Parco comunale centro sportivo di Via Serra"},"geometry":{"type":"Point","coordinates":[9.17333,45.57255]}},{"type":"Feature","properties":{"id":"dogal-43","kind":"district","btype":"dogal","name":"Parco Castello","lab":1},"geometry":{"type":"MultiPolygon","coordinates":[[[[8.92305,45.58651],[8.92541,45.58453],[8.92622,45.58311],[8.92525,45.58304],[8.92558,45.58212],[8.92533,45.58199],[8.92282,45.58169],[8.92253,45.58114],[8.92071,45.58025],[8.92044,45.58215],[8.9201,45.58214],[8.92002,45.58529],[8.92305,45.58651]]]]}},{"type":"Feature","properties":{"id":"dogal-lab-43","kind":"district-label","btype":"dogal","name":"Parco Castello"},"geometry":{"type":"Point","coordinates":[8.92263,45.58357]}},{"type":"Feature","properties":{"id":"dogal-44","kind":"district","btype":"dogal","name":"Giardini pubblici Indro Montanelli","lab":1},"geometry":{"type":"MultiPolygon","coordinates":[[[[9.19676,45.473],[9.19953,45.47323],[9.20239,45.4721],[9.20417,45.47375],[9.20363,45.47402],[9.20413,45.4744],[9.19856,45.47696],[9.19805,45.47681],[9.19681,45.47489],[9.19688,45.47402],[9.1963,45.47408],[9.19583,45.47333],[9.19676,45.473]]]]}},{"type":"Feature","properties":{"id":"dogal-lab-44","kind":"district-label","btype":"dogal","name":"Giardini pubblici Indro Montanelli"},"geometry":{"type":"Point","coordinates":[9.20002,45.47439]}},{"type":"Feature","properties":{"id":"dogal-45","kind":"district","btype":"dogal","name":"Parco di Villa Scheibler","lab":1},"geometry":{"type":"MultiPolygon","coordinates":[[[[9.13397,45.51748],[9.1312,45.5172],[9.13096,45.5175],[9.13045,45.51699],[9.13211,45.51269],[9.13337,45.51292],[9.13353,45.51255],[9.13427,45.51273],[9.13381,45.51379],[9.13625,45.51446],[9.13524,45.51828],[9.13385,45.51819],[9.13397,45.51748]]]]}},{"type":"Feature","properties":{"id":"dogal-lab-45","kind":"district-label","btype":"dogal","name":"Parco di Villa Scheibler"},"geometry":{"type":"Point","coordinates":[9.13343,45.51554]}},{"type":"Feature","properties":{"id":"dogal-46","kind":"district","btype":"dogal","name":"Parco della Bergamella","lab":1},"geometry":{"type":"MultiPolygon","coordinates":[[[[9.25665,45.52295],[9.2553,45.52041],[9.25371,45.52045],[9.25367,45.52104],[9.25046,45.52032],[9.25062,45.51986],[9.24869,45.51983],[9.24521,45.51843],[9.24461,45.51905],[9.24547,45.51926],[9.24527,45.52043],[9.24693,45.52082],[9.2487,45.52049],[9.25186,45.5214],[9.25208,45.522],[9.25288,45.52195],[9.2523,45.52355],[9.2519,45.52359],[9.2539,45.52445],[9.25456,45.52435],[9.2553,45.52338],[9.25665,45.52295]]]]}},{"type":"Feature","properties":{"id":"dogal-lab-46","kind":"district-label","btype":"dogal","name":"Parco della Bergamella"},"geometry":{"type":"Point","coordinates":[9.2517,45.52143]}},{"type":"Feature","properties":{"id":"dogal-47","kind":"district","btype":"dogal","name":"Parco del Centenario","lab":1},"geometry":{"type":"MultiPolygon","coordinates":[[[[9.05928,45.433],[9.05778,45.43334],[9.05467,45.4325],[9.05432,45.43557],[9.05698,45.43615],[9.05989,45.43611],[9.0608,45.43486],[9.06027,45.43201],[9.05932,45.43228],[9.05928,45.433]]]]}},{"type":"Feature","properties":{"id":"dogal-lab-47","kind":"district-label","btype":"dogal","name":"Parco del Centenario"},"geometry":{"type":"Point","coordinates":[9.05761,45.43441]}},{"type":"Feature","properties":{"id":"dogal-48","kind":"district","btype":"dogal","name":"Bosco della Giretta","lab":1},"geometry":{"type":"MultiPolygon","coordinates":[[[[9.06165,45.48141],[9.06046,45.48093],[9.06051,45.48051],[9.05989,45.48146],[9.06002,45.48253],[9.05888,45.48328],[9.05794,45.48296],[9.05901,45.48355],[9.05853,45.4847],[9.05985,45.48526],[9.06029,45.48379],[9.06207,45.48394],[9.063,45.48288],[9.064,45.48318],[9.0653,45.48174],[9.06697,45.48212],[9.06409,45.48029],[9.06418,45.47993],[9.06107,45.47922],[9.06116,45.47848],[9.06059,45.47798],[9.06029,45.47884],[9.06117,45.47954],[9.06048,45.48039],[9.0608,45.48052],[9.06153,45.47969],[9.06247,45.48008],[9.06165,45.48141]]]]}},{"type":"Feature","properties":{"id":"dogal-lab-48","kind":"district-label","btype":"dogal","name":"Bosco della Giretta"},"geometry":{"type":"Point","coordinates":[9.06204,45.48197]}},{"type":"Feature","properties":{"id":"dogal-49","kind":"district","btype":"dogal","name":"Parco Azzurro dei Germani","lab":1},"geometry":{"type":"MultiPolygon","coordinates":[[[[9.35113,45.52237],[9.35156,45.52376],[9.35115,45.52443],[9.35193,45.52466],[9.3534,45.52161],[9.34824,45.52118],[9.34522,45.52188],[9.33777,45.52174],[9.33589,45.52207],[9.33645,45.52326],[9.33784,45.52271],[9.33846,45.52324],[9.34147,45.52327],[9.34351,45.52375],[9.34411,45.52221],[9.3477,45.52152],[9.35113,45.52237]]]]}},{"type":"Feature","properties":{"id":"dogal-lab-49","kind":"district-label","btype":"dogal","name":"Parco Azzurro dei Germani"},"geometry":{"type":"Point","coordinates":[9.34443,45.52245]}},{"type":"Feature","properties":{"id":"dogal-50","kind":"district","btype":"dogal","name":"Parco Arcadia","lab":1},"geometry":{"type":"MultiPolygon","coordinates":[[[[8.9899,45.4796],[8.98936,45.48041],[8.98748,45.48139],[8.98299,45.48034],[8.98415,45.47781],[8.99152,45.47858],[8.9899,45.4796]]]]}},{"type":"Feature","properties":{"id":"dogal-lab-50","kind":"district-label","btype":"dogal","name":"Parco Arcadia"},"geometry":{"type":"Point","coordinates":[8.98676,45.47949]}},{"type":"Feature","properties":{"id":"dogal-51","kind":"district","btype":"dogal","name":"Parco Superga","lab":1},"geometry":{"type":"MultiPolygon","coordinates":[[[[9.22063,45.58503],[9.22174,45.58592],[9.22357,45.58583],[9.22399,45.58421],[9.22783,45.58463],[9.22837,45.58278],[9.22771,45.58266],[9.22784,45.58226],[9.226,45.58186],[9.2251,45.58196],[9.22465,45.58275],[9.22418,45.58279],[9.22407,45.58207],[9.22309,45.58217],[9.22258,45.58279],[9.22137,45.58258],[9.22063,45.58503]]]]}},{"type":"Feature","properties":{"id":"dogal-lab-51","kind":"district-label","btype":"dogal","name":"Parco Superga"},"geometry":{"type":"Point","coordinates":[9.22427,45.58372]}},{"type":"Feature","properties":{"id":"dogal-52","kind":"district","btype":"dogal","name":"Parco Travaglia","lab":1},"geometry":{"type":"MultiPolygon","coordinates":[[[[9.10543,45.43851],[9.10457,45.43972],[9.10544,45.44011],[9.10398,45.4417],[9.10526,45.44351],[9.10511,45.44376],[9.10571,45.44393],[9.10535,45.44456],[9.1064,45.44486],[9.10674,45.44427],[9.10832,45.44454],[9.10875,45.44409],[9.1066,45.44345],[9.10784,45.44217],[9.10995,45.44343],[9.10955,45.44385],[9.10997,45.44405],[9.11062,45.44338],[9.10887,45.44253],[9.10864,45.44221],[9.10929,45.44156],[9.10732,45.44036],[9.10807,45.43942],[9.10543,45.43851]]]]}},{"type":"Feature","properties":{"id":"dogal-lab-52","kind":"district-label","btype":"dogal","name":"Parco Travaglia"},"geometry":{"type":"Point","coordinates":[9.10658,45.44172]}},{"type":"Feature","properties":{"id":"dogal-53","kind":"district","btype":"dogal","name":"Parco e Giardini Storici di Villa Alari","lab":1},"geometry":{"type":"MultiPolygon","coordinates":[[[[9.3361,45.52101],[9.33322,45.52096],[9.33311,45.51924],[9.33375,45.51919],[9.3338,45.51867],[9.3331,45.51846],[9.33298,45.51511],[9.33655,45.51543],[9.3361,45.52101]]]]}},{"type":"Feature","properties":{"id":"dogal-lab-53","kind":"district-label","btype":"dogal","name":"Parco e Giardini Storici di Villa Alari"},"geometry":{"type":"Point","coordinates":[9.33473,45.51801]}},{"type":"Feature","properties":{"id":"dogal-54","kind":"district","btype":"dogal","name":"Parco di CityLife","lab":1},"geometry":{"type":"MultiPolygon","coordinates":[[[[9.15597,45.47766],[9.1541,45.47786],[9.15382,45.47866],[9.15578,45.47862],[9.15554,45.47901],[9.15619,45.4788],[9.15643,45.47915],[9.15763,45.47891],[9.15609,45.4793],[9.1564,45.47973],[9.15564,45.48005],[9.15429,45.47961],[9.15383,45.47988],[9.15317,45.47946],[9.15183,45.4804],[9.15177,45.47691],[9.15266,45.47715],[9.15385,45.47655],[9.15378,45.47602],[9.15278,45.47552],[9.15655,45.47543],[9.15615,45.47613],[9.1573,45.47667],[9.15811,45.47606],[9.15921,45.47598],[9.15958,45.47534],[9.15963,45.47674],[9.15725,45.47705],[9.15597,45.47766]]]]}},{"type":"Feature","properties":{"id":"dogal-lab-54","kind":"district-label","btype":"dogal","name":"Parco di CityLife"},"geometry":{"type":"Point","coordinates":[9.15472,45.47762]}}]}