{"type":"FeatureCollection","features":[{"type":"Feature","properties":{"id":"ih-eczane-0","kind":"poi","name":"John Bell & Croyden","theme":"eczane","lab":1},"geometry":{"type":"Point","coordinates":[-0.14904,51.51645]}},{"type":"Feature","properties":{"id":"ih-eczane-1","kind":"poi","name":"Evergreen Pharmacy","theme":"eczane","lab":1},"geometry":{"type":"Point","coordinates":[-0.13293,51.52951]}},{"type":"Feature","properties":{"id":"ih-eczane-2","kind":"poi","name":"Curapharm Chemist","theme":"eczane","lab":1},"geometry":{"type":"Point","coordinates":[-0.33576,51.55759]}},{"type":"Feature","properties":{"id":"ih-eczane-3","kind":"poi","name":"Parade Pharmacy","theme":"eczane","lab":1},"geometry":{"type":"Point","coordinates":[-0.52191,51.65563]}},{"type":"Feature","properties":{"id":"ih-eczane-4","kind":"poi","name":"Kamsons Pharmacy","theme":"eczane","lab":1},"geometry":{"type":"Point","coordinates":[-0.05576,51.30933]}},{"type":"Feature","properties":{"id":"ih-eczane-5","kind":"poi","name":"Stafford Pharmacy","theme":"eczane","lab":1},"geometry":{"type":"Point","coordinates":[-0.13913,51.35963]}},{"type":"Feature","properties":{"id":"ih-eczane-6","kind":"poi","name":"Day Lewis Pharmacy","theme":"eczane","lab":1},"geometry":{"type":"Point","coordinates":[-0.13406,51.3534]}},{"type":"Feature","properties":{"id":"ih-eczane-7","kind":"poi","name":"Rowlands Pharmacy","theme":"eczane","lab":1},"geometry":{"type":"Point","coordinates":[0.00209,51.39241]}},{"type":"Feature","properties":{"id":"ih-eczane-8","kind":"poi","name":"Pyramid Pharmacy","theme":"eczane","lab":1},"geometry":{"type":"Point","coordinates":[-0.4614,51.43245]}},{"type":"Feature","properties":{"id":"ih-eczane-9","kind":"poi","name":"Boots","theme":"eczane","lab":1},"geometry":{"type":"Point","coordinates":[-0.12402,51.57876]}},{"type":"Feature","properties":{"id":"ih-eczane-10","kind":"poi","name":"Superdrug","theme":"eczane","lab":1},"geometry":{"type":"Point","coordinates":[-0.09819,51.51453]}},{"type":"Feature","properties":{"id":"ih-eczane-11","kind":"poi","name":"Safedale Pharmacy","theme":"eczane","lab":1},"geometry":{"type":"Point","coordinates":[-0.05177,51.55108]}},{"type":"Feature","properties":{"id":"ih-eczane-12","kind":"poi","name":"Safedale","theme":"eczane","lab":1},"geometry":{"type":"Point","coordinates":[-0.07858,51.5623]}},{"type":"Feature","properties":{"id":"ih-eczane-13","kind":"poi","name":"Clarks Healthcare","theme":"eczane","lab":1},"geometry":{"type":"Point","coordinates":[-0.06116,51.5373]}},{"type":"Feature","properties":{"id":"ih-eczane-14","kind":"poi","name":"Britannia Pharmacy","theme":"eczane","lab":1},"geometry":{"type":"Point","coordinates":[0.00487,51.54954]}},{"type":"Feature","properties":{"id":"ih-eczane-15","kind":"poi","name":"Well Pharmacy","theme":"eczane","lab":1},"geometry":{"type":"Point","coordinates":[-0.00341,51.58728]}},{"type":"Feature","properties":{"id":"ih-eczane-16","kind":"poi","name":"Asda","theme":"eczane","lab":1},"geometry":{"type":"Point","coordinates":[0.27784,51.45206]}},{"type":"Feature","properties":{"id":"ih-eczane-17","kind":"poi","name":"Numark Pharmacy Express","theme":"eczane","lab":1},"geometry":{"type":"Point","coordinates":[-0.11034,51.59804]}},{"type":"Feature","properties":{"id":"ih-eczane-18","kind":"poi","name":"Watsons","theme":"eczane","lab":1},"geometry":{"type":"Point","coordinates":[-0.1321,51.51466]}},{"type":"Feature","properties":{"id":"ih-eczane-19","kind":"poi","name":"Adarshi Pharmacy","theme":"eczane","lab":1},"geometry":{"type":"Point","coordinates":[-0.10408,51.43582]}},{"type":"Feature","properties":{"id":"ih-eczane-20","kind":"poi","name":"Lambeth Pharmacy","theme":"eczane","lab":1},"geometry":{"type":"Point","coordinates":[-0.11191,51.49601]}},{"type":"Feature","properties":{"id":"ih-eczane-21","kind":"poi","name":"Clockwork Pharmacy","theme":"eczane","lab":1},"geometry":{"type":"Point","coordinates":[-0.25174,51.55987]}},{"type":"Feature","properties":{"id":"ih-eczane-22","kind":"poi","name":"Hive Pharmacy","theme":"eczane","lab":1},"geometry":{"type":"Point","coordinates":[-0.48258,51.42515]}},{"type":"Feature","properties":{"id":"ih-eczane-23","kind":"poi","name":"Griffiths Pharmacy","theme":"eczane","lab":1},"geometry":{"type":"Point","coordinates":[-0.23809,51.39488]}},{"type":"Feature","properties":{"id":"ih-eczane-24","kind":"poi","name":"Cohens Chemist","theme":"eczane","lab":1},"geometry":{"type":"Point","coordinates":[-0.50561,51.3382]}},{"type":"Feature","properties":{"id":"ih-eczane-25","kind":"poi","name":"Jhoots Pharmacy","theme":"eczane","lab":1},"geometry":{"type":"Point","coordinates":[-0.18413,51.48075]}},{"type":"Feature","properties":{"id":"ih-eczane-26","kind":"poi","name":"Tesco Pharmacy","theme":"eczane","lab":1},"geometry":{"type":"Point","coordinates":[0.01375,51.57141]}},{"type":"Feature","properties":{"id":"ih-eczane-27","kind":"poi","name":"Hermans Pharmacy","theme":"eczane","lab":1},"geometry":{"type":"Point","coordinates":[-0.25573,51.40103]}},{"type":"Feature","properties":{"id":"ih-eczane-28","kind":"poi","name":"Morrisons Pharmacy","theme":"eczane","lab":1},"geometry":{"type":"Point","coordinates":[-0.06854,51.47317]}},{"type":"Feature","properties":{"id":"ih-eczane-29","kind":"poi","name":"R Walji Chemist","theme":"eczane","lab":1},"geometry":{"type":"Point","coordinates":[-0.25049,51.46327]}},{"type":"Feature","properties":{"id":"ih-eczane-30","kind":"poi","name":"Rose Pharmacy","theme":"eczane","lab":1},"geometry":{"type":"Point","coordinates":[-0.10341,51.54512]}},{"type":"Feature","properties":{"id":"ih-eczane-31","kind":"poi","name":"Hobbs Pharmacy","theme":"eczane","lab":1},"geometry":{"type":"Point","coordinates":[-0.40056,51.47329]}},{"type":"Feature","properties":{"id":"ih-eczane-32","kind":"poi","name":"Barrons Pharmacy","theme":"eczane","lab":1},"geometry":{"type":"Point","coordinates":[-0.17111,51.42491]}},{"type":"Feature","properties":{"id":"ih-eczane-33","kind":"poi","name":"NHS Pharmacy","theme":"eczane","lab":1},"geometry":{"type":"Point","coordinates":[-0.4579,51.50463]}},{"type":"Feature","properties":{"id":"ih-eczane-34","kind":"poi","name":"Broadway Pharmacy","theme":"eczane","lab":1},"geometry":{"type":"Point","coordinates":[0.14192,51.45718]}},{"type":"Feature","properties":{"id":"ih-eczane-35","kind":"poi","name":"Cartwrights Pharmacy","theme":"eczane","lab":1},"geometry":{"type":"Point","coordinates":[0.00598,51.54711]}},{"type":"Feature","properties":{"id":"ih-eczane-36","kind":"poi","name":"Pearl Chemist","theme":"eczane","lab":1},"geometry":{"type":"Point","coordinates":[-0.47368,51.33877]}},{"type":"Feature","properties":{"id":"ih-eczane-37","kind":"poi","name":"Lewisham Pharmacy","theme":"eczane","lab":1},"geometry":{"type":"Point","coordinates":[0.00543,51.45859]}},{"type":"Feature","properties":{"id":"ih-eczane-38","kind":"poi","name":"Tesco Instore Pharmacy","theme":"eczane","lab":1},"geometry":{"type":"Point","coordinates":[-0.11769,51.33669]}},{"type":"Feature","properties":{"id":"ih-eczane-39","kind":"poi","name":"Goldmantle Pharmacy","theme":"eczane","lab":1},"geometry":{"type":"Point","coordinates":[-0.03853,51.35088]}},{"type":"Feature","properties":{"id":"ih-eczane-40","kind":"poi","name":"Madisons Pharmacy","theme":"eczane","lab":1},"geometry":{"type":"Point","coordinates":[-0.21513,51.32744]}},{"type":"Feature","properties":{"id":"ih-eczane-41","kind":"poi","name":"Lloyds","theme":"eczane","lab":1},"geometry":{"type":"Point","coordinates":[-0.03435,51.59377]}},{"type":"Feature","properties":{"id":"ih-eczane-42","kind":"poi","name":"MS Chemist","theme":"eczane","lab":1},"geometry":{"type":"Point","coordinates":[-0.0205,51.57208]}},{"type":"Feature","properties":{"id":"ih-eczane-43","kind":"poi","name":"Blakeberry Pharmacy","theme":"eczane","lab":1},"geometry":{"type":"Point","coordinates":[0.05613,51.52706]}},{"type":"Feature","properties":{"id":"ih-eczane-44","kind":"poi","name":"Paydens Pharmacy","theme":"eczane","lab":1},"geometry":{"type":"Point","coordinates":[0.00872,51.46671]}},{"type":"Feature","properties":{"id":"ih-eczane-45","kind":"poi","name":"Asda Pharmacy","theme":"eczane","lab":1},"geometry":{"type":"Point","coordinates":[-0.22225,51.30902]}},{"type":"Feature","properties":{"id":"ih-eczane-46","kind":"poi","name":"Asda Beckton Pharmacy","theme":"eczane","lab":1},"geometry":{"type":"Point","coordinates":[0.05783,51.51449]}},{"type":"Feature","properties":{"id":"ih-eczane-47","kind":"poi","name":"Vantage Pharmacy","theme":"eczane","lab":1},"geometry":{"type":"Point","coordinates":[-0.01286,51.42977]}},{"type":"Feature","properties":{"id":"ih-eczane-48","kind":"poi","name":"Woolwich Late Night Pharmacy","theme":"eczane","lab":1},"geometry":{"type":"Point","coordinates":[0.06859,51.49024]}},{"type":"Feature","properties":{"id":"ih-eczane-49","kind":"poi","name":"Central Pharmacy","theme":"eczane","lab":1},"geometry":{"type":"Point","coordinates":[-0.36606,51.3694]}},{"type":"Feature","properties":{"id":"ih-eczane-50","kind":"poi","name":"N S Warwick Ltd","theme":"eczane","lab":1},"geometry":{"type":"Point","coordinates":[0.05563,51.49242]}},{"type":"Feature","properties":{"id":"ih-eczane-51","kind":"poi","name":"Wellcare Pharmacy","theme":"eczane","lab":1},"geometry":{"type":"Point","coordinates":[-0.14103,51.55003]}},{"type":"Feature","properties":{"id":"ih-eczane-52","kind":"poi","name":"Tesco","theme":"eczane","lab":1},"geometry":{"type":"Point","coordinates":[0.19033,51.52]}},{"type":"Feature","properties":{"id":"ih-eczane-53","kind":"poi","name":"Leyton Orient Pharmacy","theme":"eczane","lab":1},"geometry":{"type":"Point","coordinates":[-0.0133,51.55979]}},{"type":"Feature","properties":{"id":"ih-eczane-54","kind":"poi","name":"Catto Ltd Pharmacy","theme":"eczane","lab":1},"geometry":{"type":"Point","coordinates":[-0.24613,51.53608]}},{"type":"Feature","properties":{"id":"ih-eczane-55","kind":"poi","name":"Woodham Pharmacy","theme":"eczane","lab":1},"geometry":{"type":"Point","coordinates":[-0.50201,51.34815]}},{"type":"Feature","properties":{"id":"ih-eczane-56","kind":"poi","name":"Paydens","theme":"eczane","lab":1},"geometry":{"type":"Point","coordinates":[-0.0334,51.40582]}},{"type":"Feature","properties":{"id":"ih-eczane-57","kind":"poi","name":"Barkers Pharmacy","theme":"eczane","lab":1},"geometry":{"type":"Point","coordinates":[-0.10498,51.37377]}},{"type":"Feature","properties":{"id":"ih-eczane-58","kind":"poi","name":"Lloyds Pharmacy","theme":"eczane","lab":1},"geometry":{"type":"Point","coordinates":[-0.06871,51.47485]}},{"type":"Feature","properties":{"id":"ih-eczane-59","kind":"poi","name":"Greenacre Pharmacy","theme":"eczane","lab":1},"geometry":{"type":"Point","coordinates":[-0.14748,51.64892]}},{"type":"Feature","properties":{"id":"ih-eczane-60","kind":"poi","name":"Aspire Pharmacy","theme":"eczane","lab":1},"geometry":{"type":"Point","coordinates":[0.10451,51.42581]}},{"type":"Feature","properties":{"id":"ih-eczane-61","kind":"poi","name":"Marijak Pharmacy","theme":"eczane","lab":1},"geometry":{"type":"Point","coordinates":[-0.01012,51.56205]}},{"type":"Feature","properties":{"id":"ih-eczane-62","kind":"poi","name":"Day Lewis","theme":"eczane","lab":1},"geometry":{"type":"Point","coordinates":[0.16286,51.47386]}},{"type":"Feature","properties":{"id":"ih-eczane-63","kind":"poi","name":"Granshaws Chemist","theme":"eczane","lab":1},"geometry":{"type":"Point","coordinates":[0.01078,51.55508]}},{"type":"Feature","properties":{"id":"ih-eczane-64","kind":"poi","name":"Crailmay Pharmacy","theme":"eczane","lab":1},"geometry":{"type":"Point","coordinates":[0.03175,51.54467]}},{"type":"Feature","properties":{"id":"ih-eczane-65","kind":"poi","name":"Kalhan Chemist","theme":"eczane","lab":1},"geometry":{"type":"Point","coordinates":[0.02632,51.53745]}},{"type":"Feature","properties":{"id":"ih-eczane-66","kind":"poi","name":"Southcroft Pharmacy","theme":"eczane","lab":1},"geometry":{"type":"Point","coordinates":[-0.30736,51.43067]}},{"type":"Feature","properties":{"id":"ih-eczane-67","kind":"poi","name":"Hearts Pharmacy","theme":"eczane","lab":1},"geometry":{"type":"Point","coordinates":[-0.17843,51.39867]}},{"type":"Feature","properties":{"id":"ih-eczane-68","kind":"poi","name":"Shilun's Pharmacy","theme":"eczane","lab":1},"geometry":{"type":"Point","coordinates":[-0.31896,51.55175]}},{"type":"Feature","properties":{"id":"ih-eczane-69","kind":"poi","name":"C.K. Pharmacy","theme":"eczane","lab":1},"geometry":{"type":"Point","coordinates":[-0.31593,51.55548]}},{"type":"Feature","properties":{"id":"ih-eczane-70","kind":"poi","name":"Vantage Dispensing","theme":"eczane","lab":1},"geometry":{"type":"Point","coordinates":[-0.32162,51.56663]}},{"type":"Feature","properties":{"id":"ih-eczane-71","kind":"poi","name":"Bright Health Pharmacy","theme":"eczane","lab":1},"geometry":{"type":"Point","coordinates":[-0.33913,51.55091]}},{"type":"Feature","properties":{"id":"ih-eczane-72","kind":"poi","name":"Kings Pharmacy","theme":"eczane","lab":1},"geometry":{"type":"Point","coordinates":[-0.35448,51.5189]}},{"type":"Feature","properties":{"id":"ih-eczane-73","kind":"poi","name":"Medipharmacy","theme":"eczane","lab":1},"geometry":{"type":"Point","coordinates":[-0.16096,51.36561]}},{"type":"Feature","properties":{"id":"ih-eczane-74","kind":"poi","name":"Church Pharmacy","theme":"eczane","lab":1},"geometry":{"type":"Point","coordinates":[-0.33508,51.50889]}},{"type":"Feature","properties":{"id":"ih-eczane-75","kind":"poi","name":"SG Barai Pharmacy","theme":"eczane","lab":1},"geometry":{"type":"Point","coordinates":[-0.18086,51.36986]}},{"type":"Feature","properties":{"id":"ih-eczane-76","kind":"poi","name":"Frith's Chemist","theme":"eczane","lab":1},"geometry":{"type":"Point","coordinates":[-0.21661,51.35808]}},{"type":"Feature","properties":{"id":"ih-eczane-77","kind":"poi","name":"V E Lettsom Pharmacy","theme":"eczane","lab":1},"geometry":{"type":"Point","coordinates":[-0.08238,51.47092]}},{"type":"Feature","properties":{"id":"ih-eczane-78","kind":"poi","name":"AP Chemist","theme":"eczane","lab":1},"geometry":{"type":"Point","coordinates":[-0.1778,51.41833]}},{"type":"Feature","properties":{"id":"ih-eczane-79","kind":"poi","name":"Pearl Pharmacy","theme":"eczane","lab":1},"geometry":{"type":"Point","coordinates":[-0.13107,51.46427]}},{"type":"Feature","properties":{"id":"ih-eczane-80","kind":"poi","name":"Touchwood Pharmacy","theme":"eczane","lab":1},"geometry":{"type":"Point","coordinates":[-0.12983,51.43055]}},{"type":"Feature","properties":{"id":"ih-eczane-81","kind":"poi","name":"Judd's Pharmacy","theme":"eczane","lab":1},"geometry":{"type":"Point","coordinates":[-0.08368,51.52956]}},{"type":"Feature","properties":{"id":"ih-eczane-82","kind":"poi","name":"Petter Pharmacy","theme":"eczane","lab":1},"geometry":{"type":"Point","coordinates":[-0.12406,51.58009]}},{"type":"Feature","properties":{"id":"ih-eczane-83","kind":"poi","name":"DMB Chemist","theme":"eczane","lab":1},"geometry":{"type":"Point","coordinates":[-0.05689,51.51416]}},{"type":"Feature","properties":{"id":"ih-eczane-84","kind":"poi","name":"Nashi Pharmacy","theme":"eczane","lab":1},"geometry":{"type":"Point","coordinates":[-0.19072,51.51541]}},{"type":"Feature","properties":{"id":"ih-eczane-85","kind":"poi","name":"H E Matthews Pharmacy","theme":"eczane","lab":1},"geometry":{"type":"Point","coordinates":[-0.16248,51.35492]}},{"type":"Feature","properties":{"id":"ih-eczane-86","kind":"poi","name":"Harfleur Pharmacy","theme":"eczane","lab":1},"geometry":{"type":"Point","coordinates":[-0.12252,51.47201]}},{"type":"Feature","properties":{"id":"ih-eczane-87","kind":"poi","name":"Benjamin Chemist","theme":"eczane","lab":1},"geometry":{"type":"Point","coordinates":[-0.07343,51.56212]}},{"type":"Feature","properties":{"id":"ih-eczane-88","kind":"poi","name":"Cubitt Town Pharmacy","theme":"eczane","lab":1},"geometry":{"type":"Point","coordinates":[-0.0075,51.48876]}},{"type":"Feature","properties":{"id":"ih-eczane-89","kind":"poi","name":"Mulgrave Road Pharmacy","theme":"eczane","lab":1},"geometry":{"type":"Point","coordinates":[-0.21507,51.35477]}},{"type":"Feature","properties":{"id":"ih-eczane-90","kind":"poi","name":"Zafash","theme":"eczane","lab":1},"geometry":{"type":"Point","coordinates":[-0.18998,51.48942]}},{"type":"Feature","properties":{"id":"ih-eczane-91","kind":"poi","name":"Anna Pharmacy","theme":"eczane","lab":1},"geometry":{"type":"Point","coordinates":[-0.17378,51.38441]}},{"type":"Feature","properties":{"id":"ih-eczane-92","kind":"poi","name":"Osbon Pharmacy","theme":"eczane","lab":1},"geometry":{"type":"Point","coordinates":[0.01238,51.5189]}},{"type":"Feature","properties":{"id":"ih-eczane-93","kind":"poi","name":"Rumsey Pharmacy","theme":"eczane","lab":1},"geometry":{"type":"Point","coordinates":[-0.08547,51.45097]}},{"type":"Feature","properties":{"id":"ih-eczane-94","kind":"poi","name":"Alisha Pharmacy","theme":"eczane","lab":1},"geometry":{"type":"Point","coordinates":[-0.26561,51.50176]}},{"type":"Feature","properties":{"id":"ih-eczane-95","kind":"poi","name":"The Hampton Pharmacy","theme":"eczane","lab":1},"geometry":{"type":"Point","coordinates":[-0.3779,51.42635]}},{"type":"Feature","properties":{"id":"ih-eczane-96","kind":"poi","name":"Apex Pharmacy","theme":"eczane","lab":1},"geometry":{"type":"Point","coordinates":[-0.09517,51.54073]}},{"type":"Feature","properties":{"id":"ih-eczane-97","kind":"poi","name":"Savemain Pharmacy","theme":"eczane","lab":1},"geometry":{"type":"Point","coordinates":[-0.09657,51.53999]}},{"type":"Feature","properties":{"id":"ih-eczane-98","kind":"poi","name":"Essex Chemist & Opticians","theme":"eczane","lab":1},"geometry":{"type":"Point","coordinates":[-0.10089,51.53728]}},{"type":"Feature","properties":{"id":"ih-eczane-99","kind":"poi","name":"Harleys Pharmacy","theme":"eczane","lab":1},"geometry":{"type":"Point","coordinates":[-0.17518,51.49344]}},{"type":"Feature","properties":{"id":"ih-eczane-100","kind":"poi","name":"Dillons Pharmacy","theme":"eczane","lab":1},"geometry":{"type":"Point","coordinates":[-0.27094,51.50675]}},{"type":"Feature","properties":{"id":"ih-eczane-101","kind":"poi","name":"Dajani Pharmacy","theme":"eczane","lab":1},"geometry":{"type":"Point","coordinates":[-0.17781,51.49249]}},{"type":"Feature","properties":{"id":"ih-eczane-102","kind":"poi","name":"Jade Pharmacy","theme":"eczane","lab":1},"geometry":{"type":"Point","coordinates":[-0.29723,51.54539]}},{"type":"Feature","properties":{"id":"ih-eczane-103","kind":"poi","name":"Niks Pharmacy","theme":"eczane","lab":1},"geometry":{"type":"Point","coordinates":[-0.29791,51.54157]}},{"type":"Feature","properties":{"id":"ih-eczane-104","kind":"poi","name":"S&S Chemists","theme":"eczane","lab":1},"geometry":{"type":"Point","coordinates":[-0.26083,51.54109]}},{"type":"Feature","properties":{"id":"ih-eczane-105","kind":"poi","name":"Benzpharm","theme":"eczane","lab":1},"geometry":{"type":"Point","coordinates":[-0.09635,51.53684]}},{"type":"Feature","properties":{"id":"ih-eczane-106","kind":"poi","name":"Macks Pharmacy","theme":"eczane","lab":1},"geometry":{"type":"Point","coordinates":[-0.04083,51.39894]}},{"type":"Feature","properties":{"id":"ih-eczane-107","kind":"poi","name":"Lotus Pharmacy","theme":"eczane","lab":1},"geometry":{"type":"Point","coordinates":[-0.04241,51.39889]}},{"type":"Feature","properties":{"id":"ih-eczane-108","kind":"poi","name":"Holborn Pharmacy","theme":"eczane","lab":1},"geometry":{"type":"Point","coordinates":[-0.12199,51.51991]}},{"type":"Feature","properties":{"id":"ih-eczane-109","kind":"poi","name":"Simmonds Pharmacy","theme":"eczane","lab":1},"geometry":{"type":"Point","coordinates":[-0.14143,51.48765]}},{"type":"Feature","properties":{"id":"ih-eczane-110","kind":"poi","name":"Clan Pharmacy","theme":"eczane","lab":1},"geometry":{"type":"Point","coordinates":[-0.10277,51.54017]}},{"type":"Feature","properties":{"id":"ih-eczane-111","kind":"poi","name":"Shiv","theme":"eczane","lab":1},"geometry":{"type":"Point","coordinates":[-0.14305,51.51697]}},{"type":"Feature","properties":{"id":"ih-eczane-112","kind":"poi","name":"Hornsey Road Pharmacy","theme":"eczane","lab":1},"geometry":{"type":"Point","coordinates":[-0.11103,51.55607]}},{"type":"Feature","properties":{"id":"ih-eczane-113","kind":"poi","name":"All Cures Pharmacy","theme":"eczane","lab":1},"geometry":{"type":"Point","coordinates":[-0.09207,51.58598]}},{"type":"Feature","properties":{"id":"ih-eczane-114","kind":"poi","name":"Egerton Pharmacy","theme":"eczane","lab":1},"geometry":{"type":"Point","coordinates":[-0.10828,51.54932]}},{"type":"Feature","properties":{"id":"ih-eczane-115","kind":"poi","name":"Newmans Pharmacy","theme":"eczane","lab":1},"geometry":{"type":"Point","coordinates":[0.02866,51.52536]}},{"type":"Feature","properties":{"id":"ih-eczane-116","kind":"poi","name":"Portman Pharmacy","theme":"eczane","lab":1},"geometry":{"type":"Point","coordinates":[-0.13499,51.48968]}},{"type":"Feature","properties":{"id":"ih-eczane-117","kind":"poi","name":"Hogg & Son Pharmacy","theme":"eczane","lab":1},"geometry":{"type":"Point","coordinates":[-0.16666,51.51462]}},{"type":"Feature","properties":{"id":"ih-eczane-118","kind":"poi","name":"Kensington Pharmacy","theme":"eczane","lab":1},"geometry":{"type":"Point","coordinates":[-0.1926,51.49665]}},{"type":"Feature","properties":{"id":"ih-eczane-119","kind":"poi","name":"Halls Pharmacy","theme":"eczane","lab":1},"geometry":{"type":"Point","coordinates":[-0.13219,51.47486]}},{"type":"Feature","properties":{"id":"ih-eczane-120","kind":"poi","name":"Beckenham Pharmacy","theme":"eczane","lab":1},"geometry":{"type":"Point","coordinates":[-0.02533,51.4085]}},{"type":"Feature","properties":{"id":"ih-eczane-121","kind":"poi","name":"Bellevue Pharmacy","theme":"eczane","lab":1},"geometry":{"type":"Point","coordinates":[-0.16619,51.44549]}},{"type":"Feature","properties":{"id":"ih-eczane-122","kind":"poi","name":"St Peter's Pharmacy","theme":"eczane","lab":1},"geometry":{"type":"Point","coordinates":[-0.09845,51.53472]}},{"type":"Feature","properties":{"id":"ih-eczane-123","kind":"poi","name":"JP Pharmacy","theme":"eczane","lab":1},"geometry":{"type":"Point","coordinates":[-0.1419,51.5377]}},{"type":"Feature","properties":{"id":"ih-eczane-124","kind":"poi","name":"Shaftesbury Pharmacy","theme":"eczane","lab":1},"geometry":{"type":"Point","coordinates":[-0.35454,51.57221]}},{"type":"Feature","properties":{"id":"ih-eczane-125","kind":"poi","name":"Faro Pharmacy","theme":"eczane","lab":1},"geometry":{"type":"Point","coordinates":[-0.21618,51.50773]}},{"type":"Feature","properties":{"id":"ih-eczane-126","kind":"poi","name":"Bat & Ball Pharmacy","theme":"eczane","lab":1},"geometry":{"type":"Point","coordinates":[0.1942,51.28781]}},{"type":"Feature","properties":{"id":"ih-eczane-127","kind":"poi","name":"Akhtar Pharmacy","theme":"eczane","lab":1},"geometry":{"type":"Point","coordinates":[-0.21391,51.55577]}},{"type":"Feature","properties":{"id":"ih-eczane-128","kind":"poi","name":"Akhtar Health Store","theme":"eczane","lab":1},"geometry":{"type":"Point","coordinates":[-0.21388,51.55573]}},{"type":"Feature","properties":{"id":"ih-eczane-129","kind":"poi","name":"Lever Medical Centre","theme":"eczane","lab":1},"geometry":{"type":"Point","coordinates":[-0.21172,51.55379]}},{"type":"Feature","properties":{"id":"ih-eczane-130","kind":"poi","name":"Andrews Pharmacy","theme":"eczane","lab":1},"geometry":{"type":"Point","coordinates":[-0.29292,51.62151]}},{"type":"Feature","properties":{"id":"ih-eczane-131","kind":"poi","name":"Riverside Pharmacy","theme":"eczane","lab":1},"geometry":{"type":"Point","coordinates":[-0.4708,51.63903]}},{"type":"Feature","properties":{"id":"ih-eczane-132","kind":"poi","name":"Scotts Pharmacy","theme":"eczane","lab":1},"geometry":{"type":"Point","coordinates":[0.0172,51.40053]}},{"type":"Feature","properties":{"id":"ih-eczane-133","kind":"poi","name":"Albion Chemist","theme":"eczane","lab":1},"geometry":{"type":"Point","coordinates":[-0.05282,51.4995]}},{"type":"Feature","properties":{"id":"ih-eczane-134","kind":"poi","name":"Jetsol Pharmacy","theme":"eczane","lab":1},"geometry":{"type":"Point","coordinates":[0.01145,51.5197]}},{"type":"Feature","properties":{"id":"ih-eczane-135","kind":"poi","name":"Biotech Pharmacy","theme":"eczane","lab":1},"geometry":{"type":"Point","coordinates":[-0.13854,51.54134]}},{"type":"Feature","properties":{"id":"ih-eczane-136","kind":"poi","name":"Stone Pharmacy","theme":"eczane","lab":1},"geometry":{"type":"Point","coordinates":[0.26031,51.44548]}},{"type":"Feature","properties":{"id":"ih-eczane-137","kind":"poi","name":"Crescent Pharmacy Express","theme":"eczane","lab":1},"geometry":{"type":"Point","coordinates":[-0.11071,51.59876]}},{"type":"Feature","properties":{"id":"ih-eczane-138","kind":"poi","name":"Ruxley Pharmacy","theme":"eczane","lab":1},"geometry":{"type":"Point","coordinates":[-0.26547,51.36845]}},{"type":"Feature","properties":{"id":"ih-eczane-139","kind":"poi","name":"Walworth Pharmacy","theme":"eczane","lab":1},"geometry":{"type":"Point","coordinates":[-0.09658,51.48931]}},{"type":"Feature","properties":{"id":"ih-eczane-140","kind":"poi","name":"Ridgway Pharmacy","theme":"eczane","lab":1},"geometry":{"type":"Point","coordinates":[-0.09562,51.48834]}},{"type":"Feature","properties":{"id":"ih-eczane-141","kind":"poi","name":"Churchill's Pharmacy","theme":"eczane","lab":1},"geometry":{"type":"Point","coordinates":[-0.25644,51.4928]}},{"type":"Feature","properties":{"id":"ih-eczane-142","kind":"poi","name":"I.T. Lloyds Chemist","theme":"eczane","lab":1},"geometry":{"type":"Point","coordinates":[-0.17213,51.4861]}},{"type":"Feature","properties":{"id":"ih-eczane-143","kind":"poi","name":"The Village Pharmacy","theme":"eczane","lab":1},"geometry":{"type":"Point","coordinates":[-0.43616,51.48765]}},{"type":"Feature","properties":{"id":"ih-eczane-144","kind":"poi","name":"Prince Pharmacy","theme":"eczane","lab":1},"geometry":{"type":"Point","coordinates":[-0.16581,51.5172]}},{"type":"Feature","properties":{"id":"ih-eczane-145","kind":"poi","name":"Deejay Chemist","theme":"eczane","lab":1},"geometry":{"type":"Point","coordinates":[-0.10651,51.44087]}},{"type":"Feature","properties":{"id":"ih-eczane-146","kind":"poi","name":"Pharmocare","theme":"eczane","lab":1},"geometry":{"type":"Point","coordinates":[-0.06883,51.59604]}},{"type":"Feature","properties":{"id":"ih-eczane-147","kind":"poi","name":"Brunel Pharmacy","theme":"eczane","lab":1},"geometry":{"type":"Point","coordinates":[-0.474,51.53323]}},{"type":"Feature","properties":{"id":"ih-eczane-148","kind":"poi","name":"Tyerest Limited","theme":"eczane","lab":1},"geometry":{"type":"Point","coordinates":[-0.29893,51.58672]}},{"type":"Feature","properties":{"id":"ih-eczane-149","kind":"poi","name":"Paster Pharmacy","theme":"eczane","lab":1},"geometry":{"type":"Point","coordinates":[-0.29461,51.57095]}},{"type":"Feature","properties":{"id":"ih-eczane-150","kind":"poi","name":"Bramley Pharmacy","theme":"eczane","lab":1},"geometry":{"type":"Point","coordinates":[-0.31374,51.49844]}},{"type":"Feature","properties":{"id":"ih-eczane-151","kind":"poi","name":"Gate Pharmacy","theme":"eczane","lab":1},"geometry":{"type":"Point","coordinates":[-0.22659,51.5005]}},{"type":"Feature","properties":{"id":"ih-eczane-152","kind":"poi","name":"C&M Whitman Vantage Dispensing Chemist","theme":"eczane","lab":1},"geometry":{"type":"Point","coordinates":[-0.13492,51.64677]}},{"type":"Feature","properties":{"id":"ih-eczane-153","kind":"poi","name":"Joydens Wood Pharmacy","theme":"eczane","lab":1},"geometry":{"type":"Point","coordinates":[0.17185,51.42352]}},{"type":"Feature","properties":{"id":"ih-eczane-154","kind":"poi","name":"Caxton Pharmacy","theme":"eczane","lab":1},"geometry":{"type":"Point","coordinates":[0.01575,51.40609]}},{"type":"Feature","properties":{"id":"ih-eczane-155","kind":"poi","name":"Swanley Pharmacy","theme":"eczane","lab":1},"geometry":{"type":"Point","coordinates":[0.17394,51.39673]}},{"type":"Feature","properties":{"id":"ih-eczane-156","kind":"poi","name":"Cam Pharmacy","theme":"eczane","lab":1},"geometry":{"type":"Point","coordinates":[-0.11206,51.4972]}},{"type":"Feature","properties":{"id":"ih-eczane-157","kind":"poi","name":"A. Moore & Co.","theme":"eczane","lab":1},"geometry":{"type":"Point","coordinates":[-0.15783,51.4987]}},{"type":"Feature","properties":{"id":"ih-eczane-158","kind":"poi","name":"The Pharmacy At Mayfair","theme":"eczane","lab":1},"geometry":{"type":"Point","coordinates":[-0.14622,51.50643]}},{"type":"Feature","properties":{"id":"ih-eczane-159","kind":"poi","name":"Pestle & Mortar Pharmacy","theme":"eczane","lab":1},"geometry":{"type":"Point","coordinates":[-0.23546,51.50658]}},{"type":"Feature","properties":{"id":"ih-eczane-160","kind":"poi","name":"York Pharmacy","theme":"eczane","lab":1},"geometry":{"type":"Point","coordinates":[-0.1283,51.54867]}},{"type":"Feature","properties":{"id":"ih-eczane-161","kind":"poi","name":"New Cross Pharmacy","theme":"eczane","lab":1},"geometry":{"type":"Point","coordinates":[-0.0319,51.47708]}},{"type":"Feature","properties":{"id":"ih-eczane-162","kind":"poi","name":"ABC Pharmacy","theme":"eczane","lab":1},"geometry":{"type":"Point","coordinates":[-0.07498,51.55367]}},{"type":"Feature","properties":{"id":"ih-eczane-163","kind":"poi","name":"Stratwicks","theme":"eczane","lab":1},"geometry":{"type":"Point","coordinates":[-0.35374,51.56458]}},{"type":"Feature","properties":{"id":"ih-eczane-164","kind":"poi","name":"Crofton Pharmacy","theme":"eczane","lab":1},"geometry":{"type":"Point","coordinates":[0.07949,51.37921]}},{"type":"Feature","properties":{"id":"ih-eczane-165","kind":"poi","name":"Chislehurst Pharmacy","theme":"eczane","lab":1},"geometry":{"type":"Point","coordinates":[0.05577,51.40762]}},{"type":"Feature","properties":{"id":"ih-eczane-166","kind":"poi","name":"Holmes Pharmacy","theme":"eczane","lab":1},"geometry":{"type":"Point","coordinates":[-0.12059,51.30717]}},{"type":"Feature","properties":{"id":"ih-eczane-167","kind":"poi","name":"Ashburton Pharmacy","theme":"eczane","lab":1},"geometry":{"type":"Point","coordinates":[-0.22961,51.455]}},{"type":"Feature","properties":{"id":"ih-eczane-168","kind":"poi","name":"Village Pharmacy","theme":"eczane","lab":1},"geometry":{"type":"Point","coordinates":[0.18256,51.41061]}},{"type":"Feature","properties":{"id":"ih-eczane-169","kind":"poi","name":"Baywood Chemist","theme":"eczane","lab":1},"geometry":{"type":"Point","coordinates":[-0.20088,51.5141]}},{"type":"Feature","properties":{"id":"ih-market-0","kind":"poi","name":"Waitrose","theme":"market","lab":1},"geometry":{"type":"Point","coordinates":[-0.15684,51.499]}},{"type":"Feature","properties":{"id":"ih-market-1","kind":"poi","name":"Tesco","theme":"market","lab":1},"geometry":{"type":"Point","coordinates":[-0.31888,51.53383]}},{"type":"Feature","properties":{"id":"ih-market-2","kind":"poi","name":"Whole Foods Market","theme":"market","lab":1},"geometry":{"type":"Point","coordinates":[-0.10492,51.53415]}},{"type":"Feature","properties":{"id":"ih-market-3","kind":"poi","name":"Sainsbury's","theme":"market","lab":1},"geometry":{"type":"Point","coordinates":[-0.14081,51.54051]}},{"type":"Feature","properties":{"id":"ih-market-4","kind":"poi","name":"M&S Foodhall","theme":"market","lab":1},"geometry":{"type":"Point","coordinates":[-0.14204,51.53781]}},{"type":"Feature","properties":{"id":"ih-market-5","kind":"poi","name":"Co-op Food","theme":"market","lab":1},"geometry":{"type":"Point","coordinates":[-0.16108,51.3652]}},{"type":"Feature","properties":{"id":"ih-market-6","kind":"poi","name":"Sainsbury's New Barnet","theme":"market","lab":1},"geometry":{"type":"Point","coordinates":[-0.17144,51.64957]}},{"type":"Feature","properties":{"id":"ih-market-7","kind":"poi","name":"Lidl","theme":"market","lab":1},"geometry":{"type":"Point","coordinates":[-0.04804,51.42528]}},{"type":"Feature","properties":{"id":"ih-market-8","kind":"poi","name":"Drinks, Food And Wine","theme":"market","lab":1},"geometry":{"type":"Point","coordinates":[-0.28719,51.51018]}},{"type":"Feature","properties":{"id":"ih-market-9","kind":"poi","name":"Tesco Express","theme":"market","lab":1},"geometry":{"type":"Point","coordinates":[-0.07065,51.38704]}},{"type":"Feature","properties":{"id":"ih-market-10","kind":"poi","name":"Planet Organic","theme":"market","lab":1},"geometry":{"type":"Point","coordinates":[-0.09948,51.53787]}},{"type":"Feature","properties":{"id":"ih-market-11","kind":"poi","name":"Budgens","theme":"market","lab":1},"geometry":{"type":"Point","coordinates":[-0.10346,51.54359]}},{"type":"Feature","properties":{"id":"ih-market-12","kind":"poi","name":"Longdan","theme":"market","lab":1},"geometry":{"type":"Point","coordinates":[-0.09803,51.49148]}},{"type":"Feature","properties":{"id":"ih-market-13","kind":"poi","name":"Costcutter","theme":"market","lab":1},"geometry":{"type":"Point","coordinates":[-0.09761,51.40472]}},{"type":"Feature","properties":{"id":"ih-market-14","kind":"poi","name":"Asda","theme":"market","lab":1},"geometry":{"type":"Point","coordinates":[0.13017,51.45825]}},{"type":"Feature","properties":{"id":"ih-market-15","kind":"poi","name":"Little Waitrose","theme":"market","lab":1},"geometry":{"type":"Point","coordinates":[-0.1926,51.55156]}},{"type":"Feature","properties":{"id":"ih-market-16","kind":"poi","name":"The Co-operative Food","theme":"market","lab":1},"geometry":{"type":"Point","coordinates":[0.03416,51.39327]}},{"type":"Feature","properties":{"id":"ih-market-17","kind":"poi","name":"Aldi","theme":"market","lab":1},"geometry":{"type":"Point","coordinates":[0.21896,51.44539]}},{"type":"Feature","properties":{"id":"ih-market-18","kind":"poi","name":"M&S Simply Food","theme":"market","lab":1},"geometry":{"type":"Point","coordinates":[0.24981,51.55833]}},{"type":"Feature","properties":{"id":"ih-market-19","kind":"poi","name":"Spar","theme":"market","lab":1},"geometry":{"type":"Point","coordinates":[-0.11379,51.4994]}},{"type":"Feature","properties":{"id":"ih-market-20","kind":"poi","name":"M&S Food","theme":"market","lab":1},"geometry":{"type":"Point","coordinates":[-0.1267,51.53265]}},{"type":"Feature","properties":{"id":"ih-market-21","kind":"poi","name":"Iceland","theme":"market","lab":1},"geometry":{"type":"Point","coordinates":[-0.35518,51.56359]}},{"type":"Feature","properties":{"id":"ih-market-22","kind":"poi","name":"Amazon Fresh","theme":"market","lab":1},"geometry":{"type":"Point","coordinates":[-0.08488,51.51252]}},{"type":"Feature","properties":{"id":"ih-market-23","kind":"poi","name":"Nisa Local","theme":"market","lab":1},"geometry":{"type":"Point","coordinates":[-0.47371,51.33926]}},{"type":"Feature","properties":{"id":"ih-market-24","kind":"poi","name":"The Source Bulk Foods","theme":"market","lab":1},"geometry":{"type":"Point","coordinates":[-0.12408,51.57855]}},{"type":"Feature","properties":{"id":"ih-market-25","kind":"poi","name":"Waitrose & Partners","theme":"market","lab":1},"geometry":{"type":"Point","coordinates":[-0.32896,51.44848]}},{"type":"Feature","properties":{"id":"ih-market-26","kind":"poi","name":"Co-operative Food","theme":"market","lab":1},"geometry":{"type":"Point","coordinates":[-0.39443,51.53519]}},{"type":"Feature","properties":{"id":"ih-market-27","kind":"poi","name":"Londis","theme":"market","lab":1},"geometry":{"type":"Point","coordinates":[-0.16762,51.42756]}},{"type":"Feature","properties":{"id":"ih-market-28","kind":"poi","name":"Morrisons","theme":"market","lab":1},"geometry":{"type":"Point","coordinates":[-0.1105,51.61759]}},{"type":"Feature","properties":{"id":"ih-market-29","kind":"poi","name":"E1 Local","theme":"market","lab":1},"geometry":{"type":"Point","coordinates":[-0.06759,51.51477]}},{"type":"Feature","properties":{"id":"ih-market-30","kind":"poi","name":"Cooperative Food","theme":"market","lab":1},"geometry":{"type":"Point","coordinates":[-0.08654,51.38044]}},{"type":"Feature","properties":{"id":"ih-market-31","kind":"poi","name":"Mega Saver","theme":"market","lab":1},"geometry":{"type":"Point","coordinates":[-0.05129,51.41364]}},{"type":"Feature","properties":{"id":"ih-market-32","kind":"poi","name":"Nisa Extra","theme":"market","lab":1},"geometry":{"type":"Point","coordinates":[0.1064,51.60827]}},{"type":"Feature","properties":{"id":"ih-market-33","kind":"poi","name":"Sainsbury's Local","theme":"market","lab":1},"geometry":{"type":"Point","coordinates":[-0.25076,51.59538]}},{"type":"Feature","properties":{"id":"ih-market-34","kind":"poi","name":"Jumbo","theme":"market","lab":1},"geometry":{"type":"Point","coordinates":[-0.12431,51.50785]}},{"type":"Feature","properties":{"id":"ih-market-35","kind":"poi","name":"Co-Op","theme":"market","lab":1},"geometry":{"type":"Point","coordinates":[0.03089,51.68938]}},{"type":"Feature","properties":{"id":"ih-market-36","kind":"poi","name":"Ockendon Food & Wine","theme":"market","lab":1},"geometry":{"type":"Point","coordinates":[0.29599,51.52255]}},{"type":"Feature","properties":{"id":"ih-market-37","kind":"poi","name":"The Food Warehouse","theme":"market","lab":1},"geometry":{"type":"Point","coordinates":[-0.06174,51.58653]}},{"type":"Feature","properties":{"id":"ih-market-38","kind":"poi","name":"Market Basket","theme":"market","lab":1},"geometry":{"type":"Point","coordinates":[-0.09838,51.58747]}},{"type":"Feature","properties":{"id":"ih-market-39","kind":"poi","name":"Marks & Spencer","theme":"market","lab":1},"geometry":{"type":"Point","coordinates":[-0.22032,51.50864]}},{"type":"Feature","properties":{"id":"ih-market-40","kind":"poi","name":"Tian Tian Market","theme":"market","lab":1},"geometry":{"type":"Point","coordinates":[0.00972,51.51445]}},{"type":"Feature","properties":{"id":"ih-market-41","kind":"poi","name":"Tesco Extra","theme":"market","lab":1},"geometry":{"type":"Point","coordinates":[0.06627,51.48927]}},{"type":"Feature","properties":{"id":"ih-market-42","kind":"poi","name":"The Green Stores","theme":"market","lab":1},"geometry":{"type":"Point","coordinates":[-0.44886,51.64845]}},{"type":"Feature","properties":{"id":"ih-market-43","kind":"poi","name":"Eataly","theme":"market","lab":1},"geometry":{"type":"Point","coordinates":[-0.08016,51.51865]}},{"type":"Feature","properties":{"id":"ih-market-44","kind":"poi","name":"Darbari Fancy Textiles","theme":"market","lab":1},"geometry":{"type":"Point","coordinates":[-0.37855,51.51127]}},{"type":"Feature","properties":{"id":"ih-market-45","kind":"poi","name":"Welcome","theme":"market","lab":1},"geometry":{"type":"Point","coordinates":[-0.02407,51.53926]}},{"type":"Feature","properties":{"id":"ih-market-46","kind":"poi","name":"The Co-op","theme":"market","lab":1},"geometry":{"type":"Point","coordinates":[-0.13272,51.58728]}},{"type":"Feature","properties":{"id":"ih-market-47","kind":"poi","name":"Costcutter Express","theme":"market","lab":1},"geometry":{"type":"Point","coordinates":[-0.0172,51.43308]}},{"type":"Feature","properties":{"id":"ih-market-48","kind":"poi","name":"Drayton Manor High School PTA car boot","theme":"market","lab":1},"geometry":{"type":"Point","coordinates":[-0.3427,51.52639]}},{"type":"Feature","properties":{"id":"ih-market-49","kind":"poi","name":"England Pharmacy","theme":"market","lab":1},"geometry":{"type":"Point","coordinates":[-0.13623,51.51055]}},{"type":"Feature","properties":{"id":"ih-market-50","kind":"poi","name":"Yasar Halim","theme":"market","lab":1},"geometry":{"type":"Point","coordinates":[-0.10332,51.62303]}},{"type":"Feature","properties":{"id":"ih-market-51","kind":"poi","name":"Greens International Food Centre","theme":"market","lab":1},"geometry":{"type":"Point","coordinates":[-0.17289,51.6122]}},{"type":"Feature","properties":{"id":"ih-market-52","kind":"poi","name":"Mleczko","theme":"market","lab":1},"geometry":{"type":"Point","coordinates":[-0.11161,51.59682]}},{"type":"Feature","properties":{"id":"ih-market-53","kind":"poi","name":"Arnos Food & Wine","theme":"market","lab":1},"geometry":{"type":"Point","coordinates":[-0.12206,51.61289]}},{"type":"Feature","properties":{"id":"ih-market-54","kind":"poi","name":"M&S","theme":"market","lab":1},"geometry":{"type":"Point","coordinates":[-0.1758,51.63477]}},{"type":"Feature","properties":{"id":"ih-market-55","kind":"poi","name":"Tesco Lea Valley Extra","theme":"market","lab":1},"geometry":{"type":"Point","coordinates":[-0.0484,51.60999]}},{"type":"Feature","properties":{"id":"ih-market-56","kind":"poi","name":"Tesco Superstore Finchley","theme":"market","lab":1},"geometry":{"type":"Point","coordinates":[-0.19207,51.60314]}},{"type":"Feature","properties":{"id":"ih-market-57","kind":"poi","name":"H Mart","theme":"market","lab":1},"geometry":{"type":"Point","coordinates":[-0.26777,51.40232]}},{"type":"Feature","properties":{"id":"ih-market-58","kind":"poi","name":"Mercan Food Centre","theme":"market","lab":1},"geometry":{"type":"Point","coordinates":[-0.06867,51.55849]}},{"type":"Feature","properties":{"id":"ih-market-59","kind":"poi","name":"May Lane's Co-op","theme":"market","lab":1},"geometry":{"type":"Point","coordinates":[-0.20331,51.6457]}},{"type":"Feature","properties":{"id":"ih-market-60","kind":"poi","name":"Wholefoods Market","theme":"market","lab":1},"geometry":{"type":"Point","coordinates":[-0.13371,51.49775]}},{"type":"Feature","properties":{"id":"ih-market-61","kind":"poi","name":"Morrisons Daily","theme":"market","lab":1},"geometry":{"type":"Point","coordinates":[-0.00746,51.44528]}},{"type":"Feature","properties":{"id":"ih-market-62","kind":"poi","name":"MK Stores","theme":"market","lab":1},"geometry":{"type":"Point","coordinates":[0.00589,51.55216]}},{"type":"Feature","properties":{"id":"ih-market-63","kind":"poi","name":"Jay's Budgens","theme":"market","lab":1},"geometry":{"type":"Point","coordinates":[-0.03831,51.45363]}},{"type":"Feature","properties":{"id":"ih-market-64","kind":"poi","name":"Pascheal Exotics","theme":"market","lab":1},"geometry":{"type":"Point","coordinates":[0.0258,51.5451]}},{"type":"Feature","properties":{"id":"ih-market-65","kind":"poi","name":"Co-op Food - Convenience Store","theme":"market","lab":1},"geometry":{"type":"Point","coordinates":[-0.43545,51.65019]}},{"type":"Feature","properties":{"id":"ih-market-66","kind":"poi","name":"Best Foods Hounslow","theme":"market","lab":1},"geometry":{"type":"Point","coordinates":[-0.38913,51.4735]}},{"type":"Feature","properties":{"id":"ih-market-67","kind":"poi","name":"Siragro Food & Wine","theme":"market","lab":1},"geometry":{"type":"Point","coordinates":[-0.31972,51.5515]}},{"type":"Feature","properties":{"id":"ih-market-68","kind":"poi","name":"China Ark","theme":"market","lab":1},"geometry":{"type":"Point","coordinates":[-0.05259,51.52034]}},{"type":"Feature","properties":{"id":"ih-market-69","kind":"poi","name":"Arsenal Mini Mart","theme":"market","lab":1},"geometry":{"type":"Point","coordinates":[-0.11103,51.55383]}},{"type":"Feature","properties":{"id":"ih-market-70","kind":"poi","name":"Costless Supermarket","theme":"market","lab":1},"geometry":{"type":"Point","coordinates":[-0.16771,51.52519]}},{"type":"Feature","properties":{"id":"ih-market-71","kind":"poi","name":"Supersave Food & Wine","theme":"market","lab":1},"geometry":{"type":"Point","coordinates":[-0.2463,51.5358]}},{"type":"Feature","properties":{"id":"ih-market-72","kind":"poi","name":"Pak Discount Cash & Carry","theme":"market","lab":1},"geometry":{"type":"Point","coordinates":[-0.25064,51.5388]}},{"type":"Feature","properties":{"id":"ih-market-73","kind":"poi","name":"Sriracha Market","theme":"market","lab":1},"geometry":{"type":"Point","coordinates":[-0.23956,51.49327]}},{"type":"Feature","properties":{"id":"ih-market-74","kind":"poi","name":"Organic Food Centre","theme":"market","lab":1},"geometry":{"type":"Point","coordinates":[-0.07396,51.55972]}},{"type":"Feature","properties":{"id":"ih-market-75","kind":"poi","name":"Lina Food Centre","theme":"market","lab":1},"geometry":{"type":"Point","coordinates":[0.00596,51.53289]}},{"type":"Feature","properties":{"id":"ih-market-76","kind":"poi","name":"Green Valley","theme":"market","lab":1},"geometry":{"type":"Point","coordinates":[-0.16229,51.5152]}},{"type":"Feature","properties":{"id":"ih-market-77","kind":"poi","name":"So Real","theme":"market","lab":1},"geometry":{"type":"Point","coordinates":[-0.0658,51.56878]}},{"type":"Feature","properties":{"id":"ih-market-78","kind":"poi","name":"Kollos Supermarket","theme":"market","lab":1},"geometry":{"type":"Point","coordinates":[-0.07289,51.56345]}},{"type":"Feature","properties":{"id":"ih-market-79","kind":"poi","name":"Food Bazaar","theme":"market","lab":1},"geometry":{"type":"Point","coordinates":[-0.09787,51.53925]}},{"type":"Feature","properties":{"id":"ih-market-80","kind":"poi","name":"Greensmiths","theme":"market","lab":1},"geometry":{"type":"Point","coordinates":[-0.11237,51.50092]}},{"type":"Feature","properties":{"id":"ih-market-81","kind":"poi","name":"Bumblebee Natural Foods","theme":"market","lab":1},"geometry":{"type":"Point","coordinates":[-0.13042,51.54979]}},{"type":"Feature","properties":{"id":"ih-market-82","kind":"poi","name":"Q Stores","theme":"market","lab":1},"geometry":{"type":"Point","coordinates":[-0.17801,51.61659]}},{"type":"Feature","properties":{"id":"ih-market-83","kind":"poi","name":"The 99p shop","theme":"market","lab":1},"geometry":{"type":"Point","coordinates":[-0.07399,51.56112]}},{"type":"Feature","properties":{"id":"ih-market-84","kind":"poi","name":"Addis Food and Wine","theme":"market","lab":1},"geometry":{"type":"Point","coordinates":[-0.10464,51.55334]}},{"type":"Feature","properties":{"id":"ih-market-85","kind":"poi","name":"City Road Supermarket","theme":"market","lab":1},"geometry":{"type":"Point","coordinates":[-0.09722,51.52928]}},{"type":"Feature","properties":{"id":"ih-market-86","kind":"poi","name":"Smart","theme":"market","lab":1},"geometry":{"type":"Point","coordinates":[-0.18696,51.51094]}},{"type":"Feature","properties":{"id":"ih-market-87","kind":"poi","name":"Empire","theme":"market","lab":1},"geometry":{"type":"Point","coordinates":[-0.28646,51.51002]}},{"type":"Feature","properties":{"id":"ih-market-88","kind":"poi","name":"International Supermarket","theme":"market","lab":1},"geometry":{"type":"Point","coordinates":[0.02519,51.59343]}},{"type":"Feature","properties":{"id":"ih-market-89","kind":"poi","name":"Ealing Supermarket","theme":"market","lab":1},"geometry":{"type":"Point","coordinates":[-0.30664,51.50012]}},{"type":"Feature","properties":{"id":"ih-market-90","kind":"poi","name":"Neighbourhood Grocers","theme":"market","lab":1},"geometry":{"type":"Point","coordinates":[-0.30634,51.4992]}},{"type":"Feature","properties":{"id":"ih-market-91","kind":"poi","name":"Metro Food Centre","theme":"market","lab":1},"geometry":{"type":"Point","coordinates":[-0.00415,51.59006]}},{"type":"Feature","properties":{"id":"ih-market-92","kind":"poi","name":"Bottega Italia","theme":"market","lab":1},"geometry":{"type":"Point","coordinates":[-0.13247,51.56462]}},{"type":"Feature","properties":{"id":"ih-market-93","kind":"poi","name":"Chelsea farm","theme":"market","lab":1},"geometry":{"type":"Point","coordinates":[-0.1826,51.48483]}},{"type":"Feature","properties":{"id":"ih-market-94","kind":"poi","name":"Loon Fung","theme":"market","lab":1},"geometry":{"type":"Point","coordinates":[-0.00123,51.54162]}},{"type":"Feature","properties":{"id":"ih-market-95","kind":"poi","name":"Lituanica","theme":"market","lab":1},"geometry":{"type":"Point","coordinates":[0.06272,51.51647]}},{"type":"Feature","properties":{"id":"ih-market-96","kind":"poi","name":"Co-Operative","theme":"market","lab":1},"geometry":{"type":"Point","coordinates":[-0.08146,51.6457]}},{"type":"Feature","properties":{"id":"ih-market-97","kind":"poi","name":"Village wholefoods","theme":"market","lab":1},"geometry":{"type":"Point","coordinates":[-0.11633,51.53676]}},{"type":"Feature","properties":{"id":"ih-market-98","kind":"poi","name":"Dacha Russian and Eastern European Shop","theme":"market","lab":1},"geometry":{"type":"Point","coordinates":[-0.15862,51.58193]}},{"type":"Feature","properties":{"id":"ih-market-99","kind":"poi","name":"Village Food Centre","theme":"market","lab":1},"geometry":{"type":"Point","coordinates":[-0.20136,51.65417]}},{"type":"Feature","properties":{"id":"ih-market-100","kind":"poi","name":"Oseyo","theme":"market","lab":1},"geometry":{"type":"Point","coordinates":[-0.10704,51.5338]}},{"type":"Feature","properties":{"id":"ih-market-101","kind":"poi","name":"Foodways","theme":"market","lab":1},"geometry":{"type":"Point","coordinates":[-0.16728,51.47911]}},{"type":"Feature","properties":{"id":"ih-market-102","kind":"poi","name":"Orion","theme":"market","lab":1},"geometry":{"type":"Point","coordinates":[-0.28569,51.47746]}},{"type":"Feature","properties":{"id":"ih-market-103","kind":"poi","name":"Bengali Fonga Market","theme":"market","lab":1},"geometry":{"type":"Point","coordinates":[-0.0585,51.52719]}},{"type":"Feature","properties":{"id":"ih-market-104","kind":"poi","name":"St. Marcus","theme":"market","lab":1},"geometry":{"type":"Point","coordinates":[-0.25002,51.46328]}},{"type":"Feature","properties":{"id":"ih-market-105","kind":"poi","name":"Wing Yip","theme":"market","lab":1},"geometry":{"type":"Point","coordinates":[-0.22914,51.56723]}},{"type":"Feature","properties":{"id":"ih-market-106","kind":"poi","name":"Cumberland Food & Wine","theme":"market","lab":1},"geometry":{"type":"Point","coordinates":[-0.15947,51.51407]}},{"type":"Feature","properties":{"id":"ih-market-107","kind":"poi","name":"Euromax Market","theme":"market","lab":1},"geometry":{"type":"Point","coordinates":[-0.10023,51.58415]}},{"type":"Feature","properties":{"id":"ih-market-108","kind":"poi","name":"Ari Food Centre","theme":"market","lab":1},"geometry":{"type":"Point","coordinates":[-0.17694,51.61327]}},{"type":"Feature","properties":{"id":"ih-market-109","kind":"poi","name":"Local Express","theme":"market","lab":1},"geometry":{"type":"Point","coordinates":[-0.12914,51.64895]}},{"type":"Feature","properties":{"id":"ih-market-110","kind":"poi","name":"Express Supermarket","theme":"market","lab":1},"geometry":{"type":"Point","coordinates":[-0.05222,51.63558]}},{"type":"Feature","properties":{"id":"ih-market-111","kind":"poi","name":"Naz Food Centre","theme":"market","lab":1},"geometry":{"type":"Point","coordinates":[-0.33564,51.58019]}},{"type":"Feature","properties":{"id":"ih-market-112","kind":"poi","name":"Neel's news","theme":"market","lab":1},"geometry":{"type":"Point","coordinates":[-0.14365,51.5284]}},{"type":"Feature","properties":{"id":"ih-market-113","kind":"poi","name":"Robert Street Supermarket","theme":"market","lab":1},"geometry":{"type":"Point","coordinates":[-0.14343,51.52834]}},{"type":"Feature","properties":{"id":"ih-market-114","kind":"poi","name":"Westbourne Nogs Grocery","theme":"market","lab":1},"geometry":{"type":"Point","coordinates":[-0.19619,51.51901]}},{"type":"Feature","properties":{"id":"ih-market-115","kind":"poi","name":"Olive Tree Organic","theme":"market","lab":1},"geometry":{"type":"Point","coordinates":[-0.10963,51.58885]}},{"type":"Feature","properties":{"id":"ih-market-116","kind":"poi","name":"Oncu Food","theme":"market","lab":1},"geometry":{"type":"Point","coordinates":[-0.05153,51.63572]}},{"type":"Feature","properties":{"id":"ih-market-117","kind":"poi","name":"Booze Store","theme":"market","lab":1},"geometry":{"type":"Point","coordinates":[-0.07386,51.65232]}},{"type":"Feature","properties":{"id":"ih-market-118","kind":"poi","name":"Pricewise Food & Wine","theme":"market","lab":1},"geometry":{"type":"Point","coordinates":[-0.17995,51.54702]}},{"type":"Feature","properties":{"id":"ih-market-119","kind":"poi","name":"The Bounds Greens","theme":"market","lab":1},"geometry":{"type":"Point","coordinates":[-0.12455,51.60715]}},{"type":"Feature","properties":{"id":"ih-market-120","kind":"poi","name":"Ozdiller Supermarket","theme":"market","lab":1},"geometry":{"type":"Point","coordinates":[-0.06998,51.59238]}},{"type":"Feature","properties":{"id":"ih-market-121","kind":"poi","name":"Mor Foods","theme":"market","lab":1},"geometry":{"type":"Point","coordinates":[-0.37839,51.50766]}},{"type":"Feature","properties":{"id":"ih-market-122","kind":"poi","name":"Foodland Supermarket","theme":"market","lab":1},"geometry":{"type":"Point","coordinates":[-0.10008,51.38547]}},{"type":"Feature","properties":{"id":"ih-market-123","kind":"poi","name":"Sahar","theme":"market","lab":1},"geometry":{"type":"Point","coordinates":[-0.24513,51.53599]}},{"type":"Feature","properties":{"id":"ih-market-124","kind":"poi","name":"Gill Food Centre","theme":"market","lab":1},"geometry":{"type":"Point","coordinates":[-0.54214,51.50257]}},{"type":"Feature","properties":{"id":"ih-market-125","kind":"poi","name":"Way 2 Save","theme":"market","lab":1},"geometry":{"type":"Point","coordinates":[-0.24763,51.53628]}},{"type":"Feature","properties":{"id":"ih-market-126","kind":"poi","name":"Mestizo Mexican Market","theme":"market","lab":1},"geometry":{"type":"Point","coordinates":[-0.13881,51.52753]}},{"type":"Feature","properties":{"id":"ih-market-127","kind":"poi","name":"Geranium","theme":"market","lab":1},"geometry":{"type":"Point","coordinates":[-0.09669,51.51982]}},{"type":"Feature","properties":{"id":"ih-market-128","kind":"poi","name":"Tawana Oriental Supermarket","theme":"market","lab":1},"geometry":{"type":"Point","coordinates":[-0.19515,51.51581]}},{"type":"Feature","properties":{"id":"ih-market-129","kind":"poi","name":"Tolian's","theme":"market","lab":1},"geometry":{"type":"Point","coordinates":[-0.16024,51.43553]}},{"type":"Feature","properties":{"id":"ih-market-130","kind":"poi","name":"Al-Dimashqi","theme":"market","lab":1},"geometry":{"type":"Point","coordinates":[-0.22946,51.50615]}},{"type":"Feature","properties":{"id":"ih-market-131","kind":"poi","name":"Premier Food & Wine","theme":"market","lab":1},"geometry":{"type":"Point","coordinates":[-0.23933,51.50635]}},{"type":"Feature","properties":{"id":"ih-market-132","kind":"poi","name":"Chung Hwa Hong Supermarket","theme":"market","lab":1},"geometry":{"type":"Point","coordinates":[-0.1031,51.59082]}},{"type":"Feature","properties":{"id":"ih-market-133","kind":"poi","name":"Fodal Oriental Supermarket","theme":"market","lab":1},"geometry":{"type":"Point","coordinates":[-0.02479,51.49238]}},{"type":"Feature","properties":{"id":"ih-market-134","kind":"poi","name":"Food Inn","theme":"market","lab":1},"geometry":{"type":"Point","coordinates":[0.01024,51.51689]}},{"type":"Feature","properties":{"id":"ih-market-135","kind":"poi","name":"Turkish Food Centre","theme":"market","lab":1},"geometry":{"type":"Point","coordinates":[-0.09529,51.47515]}},{"type":"Feature","properties":{"id":"ih-market-136","kind":"poi","name":"Save More","theme":"market","lab":1},"geometry":{"type":"Point","coordinates":[-0.17993,51.54195]}},{"type":"Feature","properties":{"id":"ih-market-137","kind":"poi","name":"Penge Food Centre","theme":"market","lab":1},"geometry":{"type":"Point","coordinates":[-0.05105,51.41325]}},{"type":"Feature","properties":{"id":"ih-market-138","kind":"poi","name":"Kosher Kingdom","theme":"market","lab":1},"geometry":{"type":"Point","coordinates":[-0.20718,51.57806]}},{"type":"Feature","properties":{"id":"ih-market-139","kind":"poi","name":"The Savanna","theme":"market","lab":1},"geometry":{"type":"Point","coordinates":[-0.2302,51.40879]}},{"type":"Feature","properties":{"id":"ih-market-140","kind":"poi","name":"Corner Shop","theme":"market","lab":1},"geometry":{"type":"Point","coordinates":[-0.04357,51.4351]}},{"type":"Feature","properties":{"id":"ih-market-141","kind":"poi","name":"Brazilian Centre","theme":"market","lab":1},"geometry":{"type":"Point","coordinates":[-0.12386,51.47141]}},{"type":"Feature","properties":{"id":"ih-market-142","kind":"poi","name":"Rice Wine Shop","theme":"market","lab":1},"geometry":{"type":"Point","coordinates":[-0.13708,51.51077]}},{"type":"Feature","properties":{"id":"ih-market-143","kind":"poi","name":"B&M Stores","theme":"market","lab":1},"geometry":{"type":"Point","coordinates":[-0.40124,51.55949]}},{"type":"Feature","properties":{"id":"ih-market-144","kind":"poi","name":"Premier Shop","theme":"market","lab":1},"geometry":{"type":"Point","coordinates":[0.11764,51.5548]}},{"type":"Feature","properties":{"id":"ih-market-145","kind":"poi","name":"Off License - Mini-Market","theme":"market","lab":1},"geometry":{"type":"Point","coordinates":[0.00624,51.53294]}},{"type":"Feature","properties":{"id":"ih-market-146","kind":"poi","name":"Aseda Trading","theme":"market","lab":1},"geometry":{"type":"Point","coordinates":[0.00535,51.54924]}},{"type":"Feature","properties":{"id":"ih-market-147","kind":"poi","name":"Highbury Natural","theme":"market","lab":1},"geometry":{"type":"Point","coordinates":[-0.09828,51.55415]}},{"type":"Feature","properties":{"id":"ih-market-148","kind":"poi","name":"Bubboo Oriental Grocery","theme":"market","lab":1},"geometry":{"type":"Point","coordinates":[-0.20818,51.42125]}},{"type":"Feature","properties":{"id":"ih-market-149","kind":"poi","name":"Sri Supermarket","theme":"market","lab":1},"geometry":{"type":"Point","coordinates":[0.0396,51.5481]}},{"type":"Feature","properties":{"id":"ih-market-150","kind":"poi","name":"Jiahe Supermarket","theme":"market","lab":1},"geometry":{"type":"Point","coordinates":[-0.10306,51.59134]}},{"type":"Feature","properties":{"id":"ih-market-151","kind":"poi","name":"Sulaymaniyah Intl Food Centre","theme":"market","lab":1},"geometry":{"type":"Point","coordinates":[-0.10658,51.5936]}},{"type":"Feature","properties":{"id":"ih-market-152","kind":"poi","name":"Shilpa's News","theme":"market","lab":1},"geometry":{"type":"Point","coordinates":[-0.16487,51.37893]}},{"type":"Feature","properties":{"id":"ih-market-153","kind":"poi","name":"Abis Cash & Carry","theme":"market","lab":1},"geometry":{"type":"Point","coordinates":[-0.35556,51.56278]}},{"type":"Feature","properties":{"id":"ih-market-154","kind":"poi","name":"Rayners Food Centre","theme":"market","lab":1},"geometry":{"type":"Point","coordinates":[-0.37096,51.57716]}},{"type":"Feature","properties":{"id":"ih-market-155","kind":"poi","name":"Rayners Lane Supermarket","theme":"market","lab":1},"geometry":{"type":"Point","coordinates":[-0.37133,51.57673]}},{"type":"Feature","properties":{"id":"ih-market-156","kind":"poi","name":"陽城海鮮舫 Young Cheng Fresh Seafood Shop","theme":"market","lab":1},"geometry":{"type":"Point","coordinates":[-0.13186,51.51174]}},{"type":"Feature","properties":{"id":"ih-market-157","kind":"poi","name":"Brixton Food & WIne","theme":"market","lab":1},"geometry":{"type":"Point","coordinates":[-0.11312,51.45438]}},{"type":"Feature","properties":{"id":"ih-market-158","kind":"poi","name":"Greens on the Hill","theme":"market","lab":1},"geometry":{"type":"Point","coordinates":[-0.14152,51.59141]}},{"type":"Feature","properties":{"id":"ih-market-159","kind":"poi","name":"Phambra Food Store","theme":"market","lab":1},"geometry":{"type":"Point","coordinates":[-0.12657,51.45037]}},{"type":"Feature","properties":{"id":"ih-market-160","kind":"poi","name":"Moon Cash & Carry","theme":"market","lab":1},"geometry":{"type":"Point","coordinates":[-0.37156,51.5734]}},{"type":"Feature","properties":{"id":"ih-market-161","kind":"poi","name":"Partridges","theme":"market","lab":1},"geometry":{"type":"Point","coordinates":[-0.18356,51.49836]}},{"type":"Feature","properties":{"id":"ih-market-162","kind":"poi","name":"St. Helier Food & Wine","theme":"market","lab":1},"geometry":{"type":"Point","coordinates":[-0.17754,51.37573]}},{"type":"Feature","properties":{"id":"ih-market-163","kind":"poi","name":"Hiep Phat Vietnamese Supermarket","theme":"market","lab":1},"geometry":{"type":"Point","coordinates":[-0.09584,51.48882]}},{"type":"Feature","properties":{"id":"ih-market-164","kind":"poi","name":"Global Food Store","theme":"market","lab":1},"geometry":{"type":"Point","coordinates":[-0.19214,51.40225]}},{"type":"Feature","properties":{"id":"ih-market-165","kind":"poi","name":"North West International Supermarket","theme":"market","lab":1},"geometry":{"type":"Point","coordinates":[-0.33308,51.58188]}},{"type":"Feature","properties":{"id":"ih-market-166","kind":"poi","name":"Martin’s","theme":"market","lab":1},"geometry":{"type":"Point","coordinates":[-0.26935,51.62649]}},{"type":"Feature","properties":{"id":"ih-market-167","kind":"poi","name":"Triple A Cash and Carry","theme":"market","lab":1},"geometry":{"type":"Point","coordinates":[-0.29484,51.59586]}},{"type":"Feature","properties":{"id":"ih-market-168","kind":"poi","name":"Mixas","theme":"market","lab":1},"geometry":{"type":"Point","coordinates":[0.17763,51.58081]}},{"type":"Feature","properties":{"id":"ih-market-169","kind":"poi","name":"AP Food Express","theme":"market","lab":1},"geometry":{"type":"Point","coordinates":[-0.11786,51.50092]}},{"type":"Feature","properties":{"id":"ih-yakit-0","kind":"poi","name":"Texaco","theme":"yakit","lab":1},"geometry":{"type":"Point","coordinates":[-0.27803,51.46411]}},{"type":"Feature","properties":{"id":"ih-yakit-1","kind":"poi","name":"Rontec Dartford","theme":"yakit","lab":1},"geometry":{"type":"Point","coordinates":[0.23751,51.43761]}},{"type":"Feature","properties":{"id":"ih-yakit-2","kind":"poi","name":"Esso","theme":"yakit","lab":1},"geometry":{"type":"Point","coordinates":[-0.48307,51.63672]}},{"type":"Feature","properties":{"id":"ih-yakit-3","kind":"poi","name":"BP","theme":"yakit","lab":1},"geometry":{"type":"Point","coordinates":[-0.33045,51.29823]}},{"type":"Feature","properties":{"id":"ih-yakit-4","kind":"poi","name":"Texaco Fiveways","theme":"yakit","lab":1},"geometry":{"type":"Point","coordinates":[-0.11855,51.36426]}},{"type":"Feature","properties":{"id":"ih-yakit-5","kind":"poi","name":"GG On The Move","theme":"yakit","lab":1},"geometry":{"type":"Point","coordinates":[-0.12773,51.41976]}},{"type":"Feature","properties":{"id":"ih-yakit-6","kind":"poi","name":"Greenford Service Station","theme":"yakit","lab":1},"geometry":{"type":"Point","coordinates":[-0.33948,51.55175]}},{"type":"Feature","properties":{"id":"ih-yakit-7","kind":"poi","name":"Finsbury Services","theme":"yakit","lab":1},"geometry":{"type":"Point","coordinates":[-0.10271,51.56552]}},{"type":"Feature","properties":{"id":"ih-yakit-8","kind":"poi","name":"BP Star Lane Service Station","theme":"yakit","lab":1},"geometry":{"type":"Point","coordinates":[-0.15421,51.29334]}},{"type":"Feature","properties":{"id":"ih-yakit-9","kind":"poi","name":"Shell West Drayton","theme":"yakit","lab":1},"geometry":{"type":"Point","coordinates":[-0.46983,51.4924]}},{"type":"Feature","properties":{"id":"ih-yakit-10","kind":"poi","name":"Shell","theme":"yakit","lab":1},"geometry":{"type":"Point","coordinates":[-0.34659,51.5351]}},{"type":"Feature","properties":{"id":"ih-yakit-11","kind":"poi","name":"BP Connect","theme":"yakit","lab":1},"geometry":{"type":"Point","coordinates":[-0.05896,51.37634]}},{"type":"Feature","properties":{"id":"ih-yakit-12","kind":"poi","name":"Tesco","theme":"yakit","lab":1},"geometry":{"type":"Point","coordinates":[-0.25872,51.5545]}},{"type":"Feature","properties":{"id":"ih-yakit-13","kind":"poi","name":"Warlingham Service Station","theme":"yakit","lab":1},"geometry":{"type":"Point","coordinates":[-0.05463,51.30929]}},{"type":"Feature","properties":{"id":"ih-yakit-14","kind":"poi","name":"East Ham Service Station","theme":"yakit","lab":1},"geometry":{"type":"Point","coordinates":[0.05708,51.52421]}},{"type":"Feature","properties":{"id":"ih-yakit-15","kind":"poi","name":"Shell Stirling Corner","theme":"yakit","lab":1},"geometry":{"type":"Point","coordinates":[-0.25372,51.64321]}},{"type":"Feature","properties":{"id":"ih-yakit-16","kind":"poi","name":"Asda Express","theme":"yakit","lab":1},"geometry":{"type":"Point","coordinates":[-0.31731,51.60121]}},{"type":"Feature","properties":{"id":"ih-yakit-17","kind":"poi","name":"Sainsbury's Petrol Station","theme":"yakit","lab":1},"geometry":{"type":"Point","coordinates":[-0.0967,51.57719]}},{"type":"Feature","properties":{"id":"ih-yakit-18","kind":"poi","name":"Morrisons","theme":"yakit","lab":1},"geometry":{"type":"Point","coordinates":[-0.05847,51.64899]}},{"type":"Feature","properties":{"id":"ih-yakit-19","kind":"poi","name":"Sainsbury's","theme":"yakit","lab":1},"geometry":{"type":"Point","coordinates":[-0.39298,51.556]}},{"type":"Feature","properties":{"id":"ih-yakit-20","kind":"poi","name":"Aldersbrook Esso Service Station","theme":"yakit","lab":1},"geometry":{"type":"Point","coordinates":[0.03369,51.56245]}},{"type":"Feature","properties":{"id":"ih-yakit-21","kind":"poi","name":"Sainsbury's Local","theme":"yakit","lab":1},"geometry":{"type":"Point","coordinates":[-0.22069,51.46737]}},{"type":"Feature","properties":{"id":"ih-yakit-22","kind":"poi","name":"JET","theme":"yakit","lab":1},"geometry":{"type":"Point","coordinates":[0.1156,51.56293]}},{"type":"Feature","properties":{"id":"ih-yakit-23","kind":"poi","name":"Shell Balham","theme":"yakit","lab":1},"geometry":{"type":"Point","coordinates":[-0.14741,51.45076]}},{"type":"Feature","properties":{"id":"ih-yakit-24","kind":"poi","name":"Tesco Esso Express","theme":"yakit","lab":1},"geometry":{"type":"Point","coordinates":[-0.15583,51.43891]}},{"type":"Feature","properties":{"id":"ih-yakit-25","kind":"poi","name":"Fairways","theme":"yakit","lab":1},"geometry":{"type":"Point","coordinates":[-0.08734,51.66069]}},{"type":"Feature","properties":{"id":"ih-yakit-26","kind":"poi","name":"EG On The Move","theme":"yakit","lab":1},"geometry":{"type":"Point","coordinates":[-0.09468,51.48109]}},{"type":"Feature","properties":{"id":"ih-yakit-27","kind":"poi","name":"TotalEnergies","theme":"yakit","lab":1},"geometry":{"type":"Point","coordinates":[-0.25452,51.54224]}},{"type":"Feature","properties":{"id":"ih-yakit-28","kind":"poi","name":"Collier Row Service Station","theme":"yakit","lab":1},"geometry":{"type":"Point","coordinates":[0.15547,51.59801]}},{"type":"Feature","properties":{"id":"ih-yakit-29","kind":"poi","name":"Enfield Bush Hill Service Station","theme":"yakit","lab":1},"geometry":{"type":"Point","coordinates":[-0.08128,51.6457]}},{"type":"Feature","properties":{"id":"ih-yakit-30","kind":"poi","name":"Murco","theme":"yakit","lab":1},"geometry":{"type":"Point","coordinates":[-0.42451,51.57489]}},{"type":"Feature","properties":{"id":"ih-yakit-31","kind":"poi","name":"Total","theme":"yakit","lab":1},"geometry":{"type":"Point","coordinates":[-0.08792,51.3988]}},{"type":"Feature","properties":{"id":"ih-yakit-32","kind":"poi","name":"Harvest Energy","theme":"yakit","lab":1},"geometry":{"type":"Point","coordinates":[0.11934,51.46065]}},{"type":"Feature","properties":{"id":"ih-yakit-33","kind":"poi","name":"Tesco Petrol Filling Station","theme":"yakit","lab":1},"geometry":{"type":"Point","coordinates":[0.12179,51.41333]}},{"type":"Feature","properties":{"id":"ih-yakit-34","kind":"poi","name":"Asda","theme":"yakit","lab":1},"geometry":{"type":"Point","coordinates":[0.27551,51.45227]}},{"type":"Feature","properties":{"id":"ih-yakit-35","kind":"poi","name":"Coopers Arms Service Station","theme":"yakit","lab":1},"geometry":{"type":"Point","coordinates":[0.17665,51.56579]}},{"type":"Feature","properties":{"id":"ih-yakit-36","kind":"poi","name":"Deansbrook Garage","theme":"yakit","lab":1},"geometry":{"type":"Point","coordinates":[-0.26088,51.61712]}},{"type":"Feature","properties":{"id":"ih-yakit-37","kind":"poi","name":"Shell Victoria","theme":"yakit","lab":1},"geometry":{"type":"Point","coordinates":[-0.15065,51.49255]}},{"type":"Feature","properties":{"id":"ih-yakit-38","kind":"poi","name":"Shell Filling Station","theme":"yakit","lab":1},"geometry":{"type":"Point","coordinates":[-0.2002,51.36127]}},{"type":"Feature","properties":{"id":"ih-yakit-39","kind":"poi","name":"Shell London Gateway","theme":"yakit","lab":1},"geometry":{"type":"Point","coordinates":[-0.26617,51.63213]}},{"type":"Feature","properties":{"id":"ih-yakit-40","kind":"poi","name":"Southbank Service Station","theme":"yakit","lab":1},"geometry":{"type":"Point","coordinates":[-0.10085,51.50328]}},{"type":"Feature","properties":{"id":"ih-yakit-41","kind":"poi","name":"Hooley Service Station","theme":"yakit","lab":1},"geometry":{"type":"Point","coordinates":[-0.15434,51.29114]}},{"type":"Feature","properties":{"id":"ih-yakit-42","kind":"poi","name":"Pratts Bottom Petrol Garage","theme":"yakit","lab":1},"geometry":{"type":"Point","coordinates":[0.11175,51.34501]}},{"type":"Feature","properties":{"id":"ih-yakit-43","kind":"poi","name":"Shell Station","theme":"yakit","lab":1},"geometry":{"type":"Point","coordinates":[0.10668,51.6959]}},{"type":"Feature","properties":{"id":"ih-yakit-44","kind":"poi","name":"Heathrow South","theme":"yakit","lab":1},"geometry":{"type":"Point","coordinates":[-0.48144,51.46129]}},{"type":"Feature","properties":{"id":"ih-yakit-45","kind":"poi","name":"Fords Service Station","theme":"yakit","lab":1},"geometry":{"type":"Point","coordinates":[0.15598,51.5288]}},{"type":"Feature","properties":{"id":"ih-yakit-46","kind":"poi","name":"Haling Down Service Station","theme":"yakit","lab":1},"geometry":{"type":"Point","coordinates":[-0.10565,51.34492]}},{"type":"Feature","properties":{"id":"ih-yakit-47","kind":"poi","name":"Automobile Engineering","theme":"yakit","lab":1},"geometry":{"type":"Point","coordinates":[0.29634,51.36164]}},{"type":"Feature","properties":{"id":"ih-yakit-48","kind":"poi","name":"Gulf Petrol Station","theme":"yakit","lab":1},"geometry":{"type":"Point","coordinates":[0.02936,51.5466]}},{"type":"Feature","properties":{"id":"ih-yakit-49","kind":"poi","name":"Eco","theme":"yakit","lab":1},"geometry":{"type":"Point","coordinates":[-0.20634,51.49713]}},{"type":"Feature","properties":{"id":"ih-yakit-50","kind":"poi","name":"Tesco Fuel Express","theme":"yakit","lab":1},"geometry":{"type":"Point","coordinates":[-0.47586,51.44489]}},{"type":"Feature","properties":{"id":"ih-yakit-51","kind":"poi","name":"Horn Lane Petrol Station","theme":"yakit","lab":1},"geometry":{"type":"Point","coordinates":[-0.26852,51.51491]}},{"type":"Feature","properties":{"id":"ih-yakit-52","kind":"poi","name":"Send Shell Petrol Station","theme":"yakit","lab":1},"geometry":{"type":"Point","coordinates":[-0.51338,51.28185]}},{"type":"Feature","properties":{"id":"ih-yakit-53","kind":"poi","name":"Cobham Services","theme":"yakit","lab":1},"geometry":{"type":"Point","coordinates":[-0.40992,51.30515]}},{"type":"Feature","properties":{"id":"ih-yakit-54","kind":"poi","name":"Applegreen Palmers Green","theme":"yakit","lab":1},"geometry":{"type":"Point","coordinates":[-0.10102,51.61494]}},{"type":"Feature","properties":{"id":"ih-yakit-55","kind":"poi","name":"Esso Rontec Catford","theme":"yakit","lab":1},"geometry":{"type":"Point","coordinates":[-0.0078,51.44527]}},{"type":"Feature","properties":{"id":"ih-yakit-56","kind":"poi","name":"Trident Ottershaw","theme":"yakit","lab":1},"geometry":{"type":"Point","coordinates":[-0.53345,51.36413]}},{"type":"Feature","properties":{"id":"ih-yakit-57","kind":"poi","name":"Tesco Petrol Station","theme":"yakit","lab":1},"geometry":{"type":"Point","coordinates":[0.00215,51.68422]}},{"type":"Feature","properties":{"id":"ih-yakit-58","kind":"poi","name":"Esso Beech Service Station","theme":"yakit","lab":1},"geometry":{"type":"Point","coordinates":[-0.39937,51.32475]}},{"type":"Feature","properties":{"id":"ih-yakit-59","kind":"poi","name":"Shell Hawley","theme":"yakit","lab":1},"geometry":{"type":"Point","coordinates":[0.22339,51.42902]}},{"type":"Feature","properties":{"id":"ih-yakit-60","kind":"poi","name":"Gulf","theme":"yakit","lab":1},"geometry":{"type":"Point","coordinates":[-0.04727,51.6406]}},{"type":"Feature","properties":{"id":"ih-yakit-61","kind":"poi","name":"Neasden Lane Service Station","theme":"yakit","lab":1},"geometry":{"type":"Point","coordinates":[-0.24973,51.55154]}},{"type":"Feature","properties":{"id":"ih-yakit-62","kind":"poi","name":"Tesco Petrol","theme":"yakit","lab":1},"geometry":{"type":"Point","coordinates":[0.08008,51.58608]}},{"type":"Feature","properties":{"id":"ih-yakit-63","kind":"poi","name":"Shell Chorleywood","theme":"yakit","lab":1},"geometry":{"type":"Point","coordinates":[-0.50042,51.6575]}},{"type":"Feature","properties":{"id":"ih-yakit-64","kind":"poi","name":"Shell Co-Op Old Woking","theme":"yakit","lab":1},"geometry":{"type":"Point","coordinates":[-0.54616,51.30256]}},{"type":"Feature","properties":{"id":"ih-yakit-65","kind":"poi","name":"Shell Yiewsley","theme":"yakit","lab":1},"geometry":{"type":"Point","coordinates":[-0.4766,51.51644]}},{"type":"Feature","properties":{"id":"ih-yakit-66","kind":"poi","name":"Shell Parkway Service Station","theme":"yakit","lab":1},"geometry":{"type":"Point","coordinates":[-0.01984,51.34603]}},{"type":"Feature","properties":{"id":"ih-yakit-67","kind":"poi","name":"W. J. King","theme":"yakit","lab":1},"geometry":{"type":"Point","coordinates":[0.1595,51.40514]}},{"type":"Feature","properties":{"id":"ih-yakit-68","kind":"poi","name":"Sainsbury's Petrol","theme":"yakit","lab":1},"geometry":{"type":"Point","coordinates":[0.17816,51.57607]}},{"type":"Feature","properties":{"id":"ih-yakit-69","kind":"poi","name":"Esso Mill Road Service Station","theme":"yakit","lab":1},"geometry":{"type":"Point","coordinates":[-0.47948,51.5018]}},{"type":"Feature","properties":{"id":"ih-yakit-70","kind":"poi","name":"Esso Whetstone","theme":"yakit","lab":1},"geometry":{"type":"Point","coordinates":[-0.17426,51.62811]}},{"type":"Feature","properties":{"id":"ih-yakit-71","kind":"poi","name":"ESSO MFG Victoria","theme":"yakit","lab":1},"geometry":{"type":"Point","coordinates":[-0.22781,51.5672]}},{"type":"Feature","properties":{"id":"ih-yakit-72","kind":"poi","name":"K&S Fuels","theme":"yakit","lab":1},"geometry":{"type":"Point","coordinates":[0.05888,51.58067]}},{"type":"Feature","properties":{"id":"ih-yakit-73","kind":"poi","name":"Esso Cowley","theme":"yakit","lab":1},"geometry":{"type":"Point","coordinates":[-0.48242,51.52591]}},{"type":"Feature","properties":{"id":"ih-yakit-74","kind":"poi","name":"BP Molesey Road","theme":"yakit","lab":1},"geometry":{"type":"Point","coordinates":[-0.38663,51.3867]}},{"type":"Feature","properties":{"id":"ih-yakit-75","kind":"poi","name":"Sainsburys Petrol","theme":"yakit","lab":1},"geometry":{"type":"Point","coordinates":[-0.03319,51.42882]}},{"type":"Feature","properties":{"id":"ih-yakit-76","kind":"poi","name":"Esso Express","theme":"yakit","lab":1},"geometry":{"type":"Point","coordinates":[0.02961,51.45057]}},{"type":"Feature","properties":{"id":"ih-yakit-77","kind":"poi","name":"Empire Garages","theme":"yakit","lab":1},"geometry":{"type":"Point","coordinates":[-0.04269,51.66718]}},{"type":"Feature","properties":{"id":"ih-yakit-78","kind":"poi","name":"Swanley Service Station","theme":"yakit","lab":1},"geometry":{"type":"Point","coordinates":[0.16247,51.40292]}},{"type":"Feature","properties":{"id":"ih-yakit-79","kind":"poi","name":"Dome Rounadabout Shell","theme":"yakit","lab":1},"geometry":{"type":"Point","coordinates":[-0.39445,51.68114]}},{"type":"Feature","properties":{"id":"ih-yakit-80","kind":"poi","name":"SHELL Heathrow","theme":"yakit","lab":1},"geometry":{"type":"Point","coordinates":[-0.48029,51.4819]}},{"type":"Feature","properties":{"id":"ih-yakit-81","kind":"poi","name":"Sainsbury's St.Clares","theme":"yakit","lab":1},"geometry":{"type":"Point","coordinates":[-0.37581,51.4351]}},{"type":"Feature","properties":{"id":"ih-yakit-82","kind":"poi","name":"Shell St. Georges","theme":"yakit","lab":1},"geometry":{"type":"Point","coordinates":[-0.46294,51.34659]}},{"type":"Feature","properties":{"id":"ih-yakit-83","kind":"poi","name":"Sainsbury's Fuel","theme":"yakit","lab":1},"geometry":{"type":"Point","coordinates":[-0.30014,51.53844]}},{"type":"Feature","properties":{"id":"ih-yakit-84","kind":"poi","name":"Oakhill Service Station","theme":"yakit","lab":1},"geometry":{"type":"Point","coordinates":[0.01323,51.60033]}},{"type":"Feature","properties":{"id":"ih-yakit-85","kind":"poi","name":"Texaco Service Station","theme":"yakit","lab":1},"geometry":{"type":"Point","coordinates":[-0.05279,51.63513]}},{"type":"Feature","properties":{"id":"ih-yakit-86","kind":"poi","name":"Joydens Wood Service Station","theme":"yakit","lab":1},"geometry":{"type":"Point","coordinates":[0.16618,51.42508]}},{"type":"Feature","properties":{"id":"ih-yakit-87","kind":"poi","name":"Park Feltham Service Station","theme":"yakit","lab":1},"geometry":{"type":"Point","coordinates":[-0.40343,51.43073]}},{"type":"Feature","properties":{"id":"ih-yakit-88","kind":"poi","name":"Shell Hospital Bridge Road","theme":"yakit","lab":1},"geometry":{"type":"Point","coordinates":[-0.36236,51.43942]}},{"type":"Feature","properties":{"id":"ih-yakit-89","kind":"poi","name":"Ham Cross Service Station","theme":"yakit","lab":1},"geometry":{"type":"Point","coordinates":[-0.30741,51.4304]}},{"type":"Feature","properties":{"id":"ih-yakit-90","kind":"poi","name":"Asda Petrol Station","theme":"yakit","lab":1},"geometry":{"type":"Point","coordinates":[-0.42569,51.50006]}},{"type":"Feature","properties":{"id":"ih-yakit-91","kind":"poi","name":"Chertsey Service Station","theme":"yakit","lab":1},"geometry":{"type":"Point","coordinates":[-0.48899,51.38892]}},{"type":"Feature","properties":{"id":"ih-yakit-92","kind":"poi","name":"MFG Shell","theme":"yakit","lab":1},"geometry":{"type":"Point","coordinates":[0.00918,51.43344]}},{"type":"Feature","properties":{"id":"ih-yakit-93","kind":"poi","name":"Town End Service Station","theme":"yakit","lab":1},"geometry":{"type":"Point","coordinates":[-0.08938,51.28885]}},{"type":"Feature","properties":{"id":"ih-yakit-94","kind":"poi","name":"Petrol Station","theme":"yakit","lab":1},"geometry":{"type":"Point","coordinates":[-0.03,51.57571]}},{"type":"Feature","properties":{"id":"ih-yakit-95","kind":"poi","name":"Morrisons Petrol Station","theme":"yakit","lab":1},"geometry":{"type":"Point","coordinates":[-0.0196,51.60731]}},{"type":"Feature","properties":{"id":"ih-yakit-96","kind":"poi","name":"MFG Oyster Lane","theme":"yakit","lab":1},"geometry":{"type":"Point","coordinates":[-0.48048,51.34632]}},{"type":"Feature","properties":{"id":"ih-yakit-97","kind":"poi","name":"Esso Tesco Croydon Express","theme":"yakit","lab":1},"geometry":{"type":"Point","coordinates":[-0.06301,51.38173]}},{"type":"Feature","properties":{"id":"ih-yakit-98","kind":"poi","name":"Shell Bexleyheath","theme":"yakit","lab":1},"geometry":{"type":"Point","coordinates":[0.14727,51.46571]}},{"type":"Feature","properties":{"id":"ih-yakit-99","kind":"poi","name":"Orpington Pond Service Station","theme":"yakit","lab":1},"geometry":{"type":"Point","coordinates":[0.10586,51.38182]}},{"type":"Feature","properties":{"id":"ih-yakit-100","kind":"poi","name":"Costco Fuel","theme":"yakit","lab":1},"geometry":{"type":"Point","coordinates":[0.27973,51.48205]}},{"type":"Feature","properties":{"id":"ih-yakit-101","kind":"poi","name":"River Cray Service Station","theme":"yakit","lab":1},"geometry":{"type":"Point","coordinates":[0.11361,51.40083]}},{"type":"Feature","properties":{"id":"ih-yakit-102","kind":"poi","name":"Gulf Chingford Service Station","theme":"yakit","lab":1},"geometry":{"type":"Point","coordinates":[-0.01818,51.61075]}},{"type":"Feature","properties":{"id":"ih-yakit-103","kind":"poi","name":"Valero","theme":"yakit","lab":1},"geometry":{"type":"Point","coordinates":[-0.01828,51.48147]}},{"type":"Feature","properties":{"id":"ih-yakit-104","kind":"poi","name":"Avery Hill Filling Station","theme":"yakit","lab":1},"geometry":{"type":"Point","coordinates":[0.08037,51.45111]}},{"type":"Feature","properties":{"id":"ih-yakit-105","kind":"poi","name":"BP Truckstop","theme":"yakit","lab":1},"geometry":{"type":"Point","coordinates":[-0.22463,51.68961]}},{"type":"Feature","properties":{"id":"ih-yakit-106","kind":"poi","name":"Shell Shooters Hill","theme":"yakit","lab":1},"geometry":{"type":"Point","coordinates":[0.028,51.47555]}},{"type":"Feature","properties":{"id":"ih-yakit-107","kind":"poi","name":"Flyover Connect","theme":"yakit","lab":1},"geometry":{"type":"Point","coordinates":[-0.21814,51.49062]}},{"type":"Feature","properties":{"id":"ih-yakit-108","kind":"poi","name":"Shell Parkhurst","theme":"yakit","lab":1},"geometry":{"type":"Point","coordinates":[-0.36902,51.40786]}},{"type":"Feature","properties":{"id":"ih-yakit-109","kind":"poi","name":"ESSO MFG Runnymede","theme":"yakit","lab":1},"geometry":{"type":"Point","coordinates":[-0.53839,51.435]}},{"type":"Feature","properties":{"id":"ih-kiralik-arac-0","kind":"poi","name":"Avis","theme":"kiralik-arac","lab":1},"geometry":{"type":"Point","coordinates":[-0.43104,51.47987]}},{"type":"Feature","properties":{"id":"ih-kiralik-arac-1","kind":"poi","name":"SIXT","theme":"kiralik-arac","lab":1},"geometry":{"type":"Point","coordinates":[-0.42326,51.46583]}},{"type":"Feature","properties":{"id":"ih-kiralik-arac-2","kind":"poi","name":"Budget","theme":"kiralik-arac","lab":1},"geometry":{"type":"Point","coordinates":[0.20826,51.45535]}},{"type":"Feature","properties":{"id":"ih-kiralik-arac-3","kind":"poi","name":"Enterprise","theme":"kiralik-arac","lab":1},"geometry":{"type":"Point","coordinates":[0.23088,51.447]}},{"type":"Feature","properties":{"id":"ih-kiralik-arac-4","kind":"poi","name":"Europcar","theme":"kiralik-arac","lab":1},"geometry":{"type":"Point","coordinates":[-0.14948,51.49188]}},{"type":"Feature","properties":{"id":"ih-kiralik-arac-5","kind":"poi","name":"Drive Car Hire","theme":"kiralik-arac","lab":1},"geometry":{"type":"Point","coordinates":[0.12173,51.60781]}},{"type":"Feature","properties":{"id":"ih-kiralik-arac-6","kind":"poi","name":"Green Motion","theme":"kiralik-arac","lab":1},"geometry":{"type":"Point","coordinates":[-0.16972,51.51903]}},{"type":"Feature","properties":{"id":"ih-kiralik-arac-7","kind":"poi","name":"Hertz","theme":"kiralik-arac","lab":1},"geometry":{"type":"Point","coordinates":[-0.00736,51.59323]}},{"type":"Feature","properties":{"id":"ih-kiralik-arac-8","kind":"poi","name":"Green Motion Car Rental London Heathrow Airport","theme":"kiralik-arac","lab":1},"geometry":{"type":"Point","coordinates":[-0.45652,51.49481]}},{"type":"Feature","properties":{"id":"ih-kiralik-arac-9","kind":"poi","name":"Easirent London Kings Cross","theme":"kiralik-arac","lab":1},"geometry":{"type":"Point","coordinates":[-0.12529,51.526]}},{"type":"Feature","properties":{"id":"ih-kiralik-arac-10","kind":"poi","name":"Easirent London Heathrow Airport LHR","theme":"kiralik-arac","lab":1},"geometry":{"type":"Point","coordinates":[-0.46012,51.4837]}},{"type":"Feature","properties":{"id":"ih-kiralik-arac-11","kind":"poi","name":"National","theme":"kiralik-arac","lab":1},"geometry":{"type":"Point","coordinates":[-0.47123,51.47956]}},{"type":"Feature","properties":{"id":"ih-kiralik-arac-12","kind":"poi","name":"davis cars","theme":"kiralik-arac","lab":1},"geometry":{"type":"Point","coordinates":[-0.10283,51.37853]}},{"type":"Feature","properties":{"id":"ih-kiralik-arac-13","kind":"poi","name":"Practical","theme":"kiralik-arac","lab":1},"geometry":{"type":"Point","coordinates":[-0.30054,51.49929]}},{"type":"Feature","properties":{"id":"ih-kiralik-arac-14","kind":"poi","name":"Arnold Clark Car & Van Rental","theme":"kiralik-arac","lab":1},"geometry":{"type":"Point","coordinates":[-0.44,51.48218]}},{"type":"Feature","properties":{"id":"ih-kiralik-arac-15","kind":"poi","name":"Smart","theme":"kiralik-arac","lab":1},"geometry":{"type":"Point","coordinates":[0.1221,51.41683]}},{"type":"Feature","properties":{"id":"ih-kiralik-arac-16","kind":"poi","name":"Thrifty","theme":"kiralik-arac","lab":1},"geometry":{"type":"Point","coordinates":[0.06731,51.52269]}},{"type":"Feature","properties":{"id":"ih-kiralik-arac-17","kind":"poi","name":"Best Hire","theme":"kiralik-arac","lab":1},"geometry":{"type":"Point","coordinates":[-0.1124,51.55328]}},{"type":"Feature","properties":{"id":"ih-kiralik-arac-18","kind":"poi","name":"S&B Car Hire Services","theme":"kiralik-arac","lab":1},"geometry":{"type":"Point","coordinates":[-0.06358,51.47891]}},{"type":"Feature","properties":{"id":"ih-kiralik-arac-19","kind":"poi","name":"Portobello Car & Van Rental","theme":"kiralik-arac","lab":1},"geometry":{"type":"Point","coordinates":[-0.21785,51.51331]}},{"type":"Feature","properties":{"id":"ih-kiralik-arac-20","kind":"poi","name":"Capital Hire","theme":"kiralik-arac","lab":1},"geometry":{"type":"Point","coordinates":[-0.12212,51.53371]}},{"type":"Feature","properties":{"id":"ih-kiralik-arac-21","kind":"poi","name":"Car Club spaces","theme":"kiralik-arac","lab":1},"geometry":{"type":"Point","coordinates":[-0.08922,51.52797]}},{"type":"Feature","properties":{"id":"ih-kiralik-arac-22","kind":"poi","name":"Avis Budget","theme":"kiralik-arac","lab":1},"geometry":{"type":"Point","coordinates":[-0.14531,51.47763]}},{"type":"Feature","properties":{"id":"ih-kiralik-arac-23","kind":"poi","name":"Northgate Vehicle Hire","theme":"kiralik-arac","lab":1},"geometry":{"type":"Point","coordinates":[-0.02211,51.6836]}},{"type":"Feature","properties":{"id":"ih-kiralik-arac-24","kind":"poi","name":"Jafvans","theme":"kiralik-arac","lab":1},"geometry":{"type":"Point","coordinates":[-0.35894,51.56028]}},{"type":"Feature","properties":{"id":"ih-kiralik-arac-25","kind":"poi","name":"Drive The Best","theme":"kiralik-arac","lab":1},"geometry":{"type":"Point","coordinates":[-0.37329,51.56176]}},{"type":"Feature","properties":{"id":"ih-kiralik-arac-26","kind":"poi","name":"ZedCarZ","theme":"kiralik-arac","lab":1},"geometry":{"type":"Point","coordinates":[-0.44484,51.3673]}},{"type":"Feature","properties":{"id":"ih-kiralik-arac-27","kind":"poi","name":"Petit Forestier Refridgerated Van & Truck Hire","theme":"kiralik-arac","lab":1},"geometry":{"type":"Point","coordinates":[-0.01063,51.52733]}},{"type":"Feature","properties":{"id":"ih-kiralik-arac-28","kind":"poi","name":"Avis & Budget Car Hire","theme":"kiralik-arac","lab":1},"geometry":{"type":"Point","coordinates":[-0.42909,51.48023]}},{"type":"Feature","properties":{"id":"ih-kiralik-arac-29","kind":"poi","name":"Dollar Thrifty","theme":"kiralik-arac","lab":1},"geometry":{"type":"Point","coordinates":[-0.48171,51.4834]}},{"type":"Feature","properties":{"id":"ih-kiralik-arac-30","kind":"poi","name":"Simila Cyprus (UK) Ltd","theme":"kiralik-arac","lab":1},"geometry":{"type":"Point","coordinates":[-0.18658,51.41117]}},{"type":"Feature","properties":{"id":"ih-kiralik-arac-31","kind":"poi","name":"Kendall Cars","theme":"kiralik-arac","lab":1},"geometry":{"type":"Point","coordinates":[-0.33187,51.30172]}},{"type":"Feature","properties":{"id":"ih-kiralik-arac-32","kind":"poi","name":"London Express Car Hire","theme":"kiralik-arac","lab":1},"geometry":{"type":"Point","coordinates":[-0.07153,51.47353]}},{"type":"Feature","properties":{"id":"ih-kiralik-arac-33","kind":"poi","name":"Kendall Van Hire","theme":"kiralik-arac","lab":1},"geometry":{"type":"Point","coordinates":[-0.25017,51.41554]}},{"type":"Feature","properties":{"id":"ih-kiralik-arac-34","kind":"poi","name":"Chepstow Cars","theme":"kiralik-arac","lab":1},"geometry":{"type":"Point","coordinates":[-0.19506,51.5146]}},{"type":"Feature","properties":{"id":"ih-kiralik-arac-35","kind":"poi","name":"Miles & Miles","theme":"kiralik-arac","lab":1},"geometry":{"type":"Point","coordinates":[-0.18233,51.49723]}},{"type":"Feature","properties":{"id":"ih-kiralik-arac-36","kind":"poi","name":"Woodside minicab","theme":"kiralik-arac","lab":1},"geometry":{"type":"Point","coordinates":[-0.11203,51.60508]}},{"type":"Feature","properties":{"id":"ih-kiralik-arac-37","kind":"poi","name":"Practical car & van rental","theme":"kiralik-arac","lab":1},"geometry":{"type":"Point","coordinates":[-0.017,51.66845]}},{"type":"Feature","properties":{"id":"ih-kiralik-arac-38","kind":"poi","name":"Amax Commercial","theme":"kiralik-arac","lab":1},"geometry":{"type":"Point","coordinates":[0.1801,51.52343]}},{"type":"Feature","properties":{"id":"ih-kiralik-arac-39","kind":"poi","name":"Cannon Cars Ltd","theme":"kiralik-arac","lab":1},"geometry":{"type":"Point","coordinates":[0.01004,51.376]}},{"type":"Feature","properties":{"id":"ih-kiralik-arac-40","kind":"poi","name":"Reliable Hire","theme":"kiralik-arac","lab":1},"geometry":{"type":"Point","coordinates":[0.01919,51.53477]}},{"type":"Feature","properties":{"id":"ih-kiralik-arac-41","kind":"poi","name":"Easirent","theme":"kiralik-arac","lab":1},"geometry":{"type":"Point","coordinates":[-0.41452,51.48037]}},{"type":"Feature","properties":{"id":"ih-kiralik-arac-42","kind":"poi","name":"Ace Rent A Van","theme":"kiralik-arac","lab":1},"geometry":{"type":"Point","coordinates":[-0.05293,51.47766]}},{"type":"Feature","properties":{"id":"ih-kiralik-arac-43","kind":"poi","name":"Shepherds Car Hire","theme":"kiralik-arac","lab":1},"geometry":{"type":"Point","coordinates":[-0.25103,51.58673]}},{"type":"Feature","properties":{"id":"ih-kiralik-arac-44","kind":"poi","name":"CH Car Hire and Repair Centre","theme":"kiralik-arac","lab":1},"geometry":{"type":"Point","coordinates":[0.02018,51.55427]}},{"type":"Feature","properties":{"id":"ih-kiralik-arac-45","kind":"poi","name":"Virtuo Car Hire","theme":"kiralik-arac","lab":1},"geometry":{"type":"Point","coordinates":[-0.02375,51.50817]}},{"type":"Feature","properties":{"id":"ih-kiralik-arac-46","kind":"poi","name":"Privilege Claims","theme":"kiralik-arac","lab":1},"geometry":{"type":"Point","coordinates":[-0.02285,51.52435]}},{"type":"Feature","properties":{"id":"ih-kiralik-arac-47","kind":"poi","name":"UFO Drive","theme":"kiralik-arac","lab":1},"geometry":{"type":"Point","coordinates":[-0.01622,51.50441]}},{"type":"Feature","properties":{"id":"ih-kiralik-arac-48","kind":"poi","name":"West PCO","theme":"kiralik-arac","lab":1},"geometry":{"type":"Point","coordinates":[-0.47365,51.51409]}},{"type":"Feature","properties":{"id":"ih-kiralik-arac-49","kind":"poi","name":"Blacklight","theme":"kiralik-arac","lab":1},"geometry":{"type":"Point","coordinates":[0.02066,51.55376]}},{"type":"Feature","properties":{"id":"ih-kiralik-arac-50","kind":"poi","name":"Zoo Cars","theme":"kiralik-arac","lab":1},"geometry":{"type":"Point","coordinates":[-0.26675,51.4945]}},{"type":"Feature","properties":{"id":"ih-kiralik-arac-51","kind":"poi","name":"Oakwood Car Services (Taxis)","theme":"kiralik-arac","lab":1},"geometry":{"type":"Point","coordinates":[-0.13191,51.6477]}},{"type":"Feature","properties":{"id":"ih-kiralik-arac-52","kind":"poi","name":"Dimple Motors","theme":"kiralik-arac","lab":1},"geometry":{"type":"Point","coordinates":[-0.25051,51.58702]}},{"type":"Feature","properties":{"id":"ih-kiralik-arac-53","kind":"poi","name":"Drivalia Car Rental","theme":"kiralik-arac","lab":1},"geometry":{"type":"Point","coordinates":[-0.41623,51.48078]}},{"type":"Feature","properties":{"id":"ih-kiralik-arac-54","kind":"poi","name":"Carpoint Vehicle Hire","theme":"kiralik-arac","lab":1},"geometry":{"type":"Point","coordinates":[-0.09769,51.49894]}},{"type":"Feature","properties":{"id":"ih-kiralik-arac-55","kind":"poi","name":"Reward Self Drive Van Hire","theme":"kiralik-arac","lab":1},"geometry":{"type":"Point","coordinates":[-0.13698,51.5492]}},{"type":"Feature","properties":{"id":"ih-kiralik-arac-56","kind":"poi","name":"Alamo Rent A car","theme":"kiralik-arac","lab":1},"geometry":{"type":"Point","coordinates":[-0.47606,51.47948]}},{"type":"Feature","properties":{"id":"ih-kiralik-arac-57","kind":"poi","name":"Measham Self Drive","theme":"kiralik-arac","lab":1},"geometry":{"type":"Point","coordinates":[-0.34454,51.54312]}},{"type":"Feature","properties":{"id":"ih-kiralik-arac-58","kind":"poi","name":"Express Rent-a-Car","theme":"kiralik-arac","lab":1},"geometry":{"type":"Point","coordinates":[-0.13741,51.53503]}},{"type":"Feature","properties":{"id":"ih-kiralik-arac-59","kind":"poi","name":"London Car Rentals","theme":"kiralik-arac","lab":1},"geometry":{"type":"Point","coordinates":[-0.28456,51.55265]}},{"type":"Feature","properties":{"id":"ih-kiralik-arac-60","kind":"poi","name":"Fleet","theme":"kiralik-arac","lab":1},"geometry":{"type":"Point","coordinates":[-0.29487,51.60762]}},{"type":"Feature","properties":{"id":"ih-kiralik-arac-61","kind":"poi","name":"Ideal Car Hire","theme":"kiralik-arac","lab":1},"geometry":{"type":"Point","coordinates":[-0.0762,51.55001]}},{"type":"Feature","properties":{"id":"ih-kiralik-arac-62","kind":"poi","name":"Enterprise Rent-a-Car","theme":"kiralik-arac","lab":1},"geometry":{"type":"Point","coordinates":[0.11595,51.41653]}},{"type":"Feature","properties":{"id":"ih-kiralik-arac-63","kind":"poi","name":"CTM Hire Ltd","theme":"kiralik-arac","lab":1},"geometry":{"type":"Point","coordinates":[0.17976,51.52286]}},{"type":"Feature","properties":{"id":"ih-kiralik-arac-64","kind":"poi","name":"Universal","theme":"kiralik-arac","lab":1},"geometry":{"type":"Point","coordinates":[-0.01746,51.60983]}},{"type":"Feature","properties":{"id":"ih-kiralik-arac-65","kind":"poi","name":"IHire","theme":"kiralik-arac","lab":1},"geometry":{"type":"Point","coordinates":[0.03272,51.40632]}},{"type":"Feature","properties":{"id":"ih-kiralik-arac-67","kind":"poi","name":"Smart Van Rentals","theme":"kiralik-arac","lab":1},"geometry":{"type":"Point","coordinates":[0.10862,51.38372]}},{"type":"Feature","properties":{"id":"ih-kiralik-arac-68","kind":"poi","name":"Kendall Self Drive","theme":"kiralik-arac","lab":1},"geometry":{"type":"Point","coordinates":[-0.19667,51.44625]}},{"type":"Feature","properties":{"id":"ih-kiralik-arac-69","kind":"poi","name":"Kendall Cars Ltd.","theme":"kiralik-arac","lab":1},"geometry":{"type":"Point","coordinates":[-0.19221,51.41509]}},{"type":"Feature","properties":{"id":"ih-kutuphane-0","kind":"poi","name":"Catford Library","theme":"kutuphane","lab":1},"geometry":{"type":"Point","coordinates":[-0.02122,51.44616]}},{"type":"Feature","properties":{"id":"ih-kutuphane-1","kind":"poi","name":"Wealdstone Library","theme":"kutuphane","lab":1},"geometry":{"type":"Point","coordinates":[-0.3349,51.59422]}},{"type":"Feature","properties":{"id":"ih-kutuphane-2","kind":"poi","name":"Dulwich Library","theme":"kutuphane","lab":1},"geometry":{"type":"Point","coordinates":[-0.0745,51.44883]}},{"type":"Feature","properties":{"id":"ih-kutuphane-3","kind":"poi","name":"Bromley Central Library","theme":"kutuphane","lab":1},"geometry":{"type":"Point","coordinates":[0.01465,51.40361]}},{"type":"Feature","properties":{"id":"ih-kutuphane-4","kind":"poi","name":"Seal Library","theme":"kutuphane","lab":1},"geometry":{"type":"Point","coordinates":[0.21949,51.2889]}},{"type":"Feature","properties":{"id":"ih-kutuphane-5","kind":"poi","name":"St Paul's Cray Library","theme":"kutuphane","lab":1},"geometry":{"type":"Point","coordinates":[0.10326,51.40457]}},{"type":"Feature","properties":{"id":"ih-kutuphane-6","kind":"poi","name":"Victoria Library","theme":"kutuphane","lab":1},"geometry":{"type":"Point","coordinates":[-0.14795,51.49279]}},{"type":"Feature","properties":{"id":"ih-kutuphane-7","kind":"poi","name":"Fulham Library","theme":"kutuphane","lab":1},"geometry":{"type":"Point","coordinates":[-0.20269,51.47716]}},{"type":"Feature","properties":{"id":"ih-kutuphane-8","kind":"poi","name":"Thames View Library","theme":"kutuphane","lab":1},"geometry":{"type":"Point","coordinates":[0.10451,51.528]}},{"type":"Feature","properties":{"id":"ih-kutuphane-9","kind":"poi","name":"Buckhurst Hill Library","theme":"kutuphane","lab":1},"geometry":{"type":"Point","coordinates":[0.0364,51.62619]}},{"type":"Feature","properties":{"id":"ih-kutuphane-10","kind":"poi","name":"Marcus Garvey Library","theme":"kutuphane","lab":1},"geometry":{"type":"Point","coordinates":[-0.07393,51.58801]}},{"type":"Feature","properties":{"id":"ih-kutuphane-11","kind":"poi","name":"Coombes Croft Library","theme":"kutuphane","lab":1},"geometry":{"type":"Point","coordinates":[-0.06831,51.60356]}},{"type":"Feature","properties":{"id":"ih-kutuphane-12","kind":"poi","name":"Islington Local History Centre","theme":"kutuphane","lab":1},"geometry":{"type":"Point","coordinates":[-0.10451,51.52624]}},{"type":"Feature","properties":{"id":"ih-kutuphane-13","kind":"poi","name":"Barbican Library","theme":"kutuphane","lab":1},"geometry":{"type":"Point","coordinates":[-0.09417,51.51993]}},{"type":"Feature","properties":{"id":"ih-kutuphane-14","kind":"poi","name":"Addlestone Library","theme":"kutuphane","lab":1},"geometry":{"type":"Point","coordinates":[-0.49086,51.37092]}},{"type":"Feature","properties":{"id":"ih-kutuphane-15","kind":"poi","name":"Hayes End Library","theme":"kutuphane","lab":1},"geometry":{"type":"Point","coordinates":[-0.4362,51.52585]}},{"type":"Feature","properties":{"id":"ih-kutuphane-16","kind":"poi","name":"Guildhall Library","theme":"kutuphane","lab":1},"geometry":{"type":"Point","coordinates":[-0.0926,51.51618]}},{"type":"Feature","properties":{"id":"ih-kutuphane-17","kind":"poi","name":"Streatham Tate Library","theme":"kutuphane","lab":1},"geometry":{"type":"Point","coordinates":[-0.12909,51.43158]}},{"type":"Feature","properties":{"id":"ih-kutuphane-18","kind":"poi","name":"St Bride Library","theme":"kutuphane","lab":1},"geometry":{"type":"Point","coordinates":[-0.1052,51.51345]}},{"type":"Feature","properties":{"id":"ih-kutuphane-19","kind":"poi","name":"Pancras Square Library","theme":"kutuphane","lab":1},"geometry":{"type":"Point","coordinates":[-0.12666,51.53386]}},{"type":"Feature","properties":{"id":"ih-kutuphane-20","kind":"poi","name":"Wembley Library","theme":"kutuphane","lab":1},"geometry":{"type":"Point","coordinates":[-0.2811,51.55884]}},{"type":"Feature","properties":{"id":"ih-kutuphane-21","kind":"poi","name":"Cobham Library","theme":"kutuphane","lab":1},"geometry":{"type":"Point","coordinates":[-0.41005,51.32886]}},{"type":"Feature","properties":{"id":"ih-kutuphane-22","kind":"poi","name":"Colliers Wood Library","theme":"kutuphane","lab":1},"geometry":{"type":"Point","coordinates":[-0.1773,51.41882]}},{"type":"Feature","properties":{"id":"ih-kutuphane-23","kind":"poi","name":"West Norwood Library","theme":"kutuphane","lab":1},"geometry":{"type":"Point","coordinates":[-0.10312,51.43323]}},{"type":"Feature","properties":{"id":"ih-kutuphane-24","kind":"poi","name":"Feltham Library","theme":"kutuphane","lab":1},"geometry":{"type":"Point","coordinates":[-0.41118,51.44637]}},{"type":"Feature","properties":{"id":"ih-kutuphane-25","kind":"poi","name":"John Harvard Library","theme":"kutuphane","lab":1},"geometry":{"type":"Point","coordinates":[-0.09239,51.50178]}},{"type":"Feature","properties":{"id":"ih-kutuphane-26","kind":"poi","name":"The Library @ Clayhall","theme":"kutuphane","lab":1},"geometry":{"type":"Point","coordinates":[0.04948,51.59031]}},{"type":"Feature","properties":{"id":"ih-kutuphane-27","kind":"poi","name":"Downham Library","theme":"kutuphane","lab":1},"geometry":{"type":"Point","coordinates":[0.01221,51.42604]}},{"type":"Feature","properties":{"id":"ih-kutuphane-28","kind":"poi","name":"Thamesmead Library","theme":"kutuphane","lab":1},"geometry":{"type":"Point","coordinates":[0.12301,51.49756]}},{"type":"Feature","properties":{"id":"ih-kutuphane-29","kind":"poi","name":"West Greenwich Library","theme":"kutuphane","lab":1},"geometry":{"type":"Point","coordinates":[-0.01147,51.4781]}},{"type":"Feature","properties":{"id":"ih-kutuphane-30","kind":"poi","name":"BFI Reuben Library","theme":"kutuphane","lab":1},"geometry":{"type":"Point","coordinates":[-0.11494,51.50642]}},{"type":"Feature","properties":{"id":"ih-kutuphane-31","kind":"poi","name":"Osterley Public Library","theme":"kutuphane","lab":1},"geometry":{"type":"Point","coordinates":[-0.34592,51.48236]}},{"type":"Feature","properties":{"id":"ih-kutuphane-32","kind":"poi","name":"Peckham Library","theme":"kutuphane","lab":1},"geometry":{"type":"Point","coordinates":[-0.06932,51.47428]}},{"type":"Feature","properties":{"id":"ih-kutuphane-33","kind":"poi","name":"Carnegie Library","theme":"kutuphane","lab":1},"geometry":{"type":"Point","coordinates":[-0.09654,51.46067]}},{"type":"Feature","properties":{"id":"ih-kutuphane-34","kind":"poi","name":"LibraryPlus Leytonstone","theme":"kutuphane","lab":1},"geometry":{"type":"Point","coordinates":[0.01043,51.56817]}},{"type":"Feature","properties":{"id":"ih-kutuphane-35","kind":"poi","name":"Temple Hill Library","theme":"kutuphane","lab":1},"geometry":{"type":"Point","coordinates":[0.22723,51.45046]}},{"type":"Feature","properties":{"id":"ih-kutuphane-36","kind":"poi","name":"Philips Building","theme":"kutuphane","lab":1},"geometry":{"type":"Point","coordinates":[-0.12922,51.52251]}},{"type":"Feature","properties":{"id":"ih-kutuphane-37","kind":"poi","name":"Stamford Hill Library","theme":"kutuphane","lab":1},"geometry":{"type":"Point","coordinates":[-0.07221,51.5704]}},{"type":"Feature","properties":{"id":"ih-kutuphane-38","kind":"poi","name":"Oakmere Library","theme":"kutuphane","lab":1},"geometry":{"type":"Point","coordinates":[-0.17327,51.69808]}},{"type":"Feature","properties":{"id":"ih-kutuphane-39","kind":"poi","name":"Hammersmith Library","theme":"kutuphane","lab":1},"geometry":{"type":"Point","coordinates":[-0.22365,51.49462]}},{"type":"Feature","properties":{"id":"ih-kutuphane-40","kind":"poi","name":"Finsbury Library","theme":"kutuphane","lab":1},"geometry":{"type":"Point","coordinates":[-0.10437,51.52638]}},{"type":"Feature","properties":{"id":"ih-kutuphane-41","kind":"poi","name":"Homerton Library","theme":"kutuphane","lab":1},"geometry":{"type":"Point","coordinates":[-0.04183,51.54891]}},{"type":"Feature","properties":{"id":"ih-kutuphane-42","kind":"poi","name":"Nunhead Library","theme":"kutuphane","lab":1},"geometry":{"type":"Point","coordinates":[-0.05965,51.46569]}},{"type":"Feature","properties":{"id":"ih-kutuphane-43","kind":"poi","name":"East Finchley Library","theme":"kutuphane","lab":1},"geometry":{"type":"Point","coordinates":[-0.16756,51.59393]}},{"type":"Feature","properties":{"id":"ih-kutuphane-44","kind":"poi","name":"Hampton Library","theme":"kutuphane","lab":1},"geometry":{"type":"Point","coordinates":[-0.37064,51.41388]}},{"type":"Feature","properties":{"id":"ih-kutuphane-45","kind":"poi","name":"Marks Gate Library","theme":"kutuphane","lab":1},"geometry":{"type":"Point","coordinates":[0.13596,51.58534]}},{"type":"Feature","properties":{"id":"ih-kutuphane-46","kind":"poi","name":"Dagenham Library","theme":"kutuphane","lab":1},"geometry":{"type":"Point","coordinates":[0.14833,51.54046]}},{"type":"Feature","properties":{"id":"ih-kutuphane-47","kind":"poi","name":"Valence Library","theme":"kutuphane","lab":1},"geometry":{"type":"Point","coordinates":[0.13381,51.55854]}},{"type":"Feature","properties":{"id":"ih-kutuphane-48","kind":"poi","name":"Upminster Library","theme":"kutuphane","lab":1},"geometry":{"type":"Point","coordinates":[0.24814,51.55514]}},{"type":"Feature","properties":{"id":"ih-kutuphane-49","kind":"poi","name":"Harold Wood Library","theme":"kutuphane","lab":1},"geometry":{"type":"Point","coordinates":[0.23545,51.59452]}},{"type":"Feature","properties":{"id":"ih-kutuphane-50","kind":"poi","name":"Gidea Park Library","theme":"kutuphane","lab":1},"geometry":{"type":"Point","coordinates":[0.2059,51.57999]}},{"type":"Feature","properties":{"id":"ih-kutuphane-51","kind":"poi","name":"Romford Central Library","theme":"kutuphane","lab":1},"geometry":{"type":"Point","coordinates":[0.18354,51.58077]}},{"type":"Feature","properties":{"id":"ih-kutuphane-52","kind":"poi","name":"Harold Hill Library","theme":"kutuphane","lab":1},"geometry":{"type":"Point","coordinates":[0.21844,51.60774]}},{"type":"Feature","properties":{"id":"ih-kutuphane-53","kind":"poi","name":"South Hornchurch Library","theme":"kutuphane","lab":1},"geometry":{"type":"Point","coordinates":[0.18756,51.53021]}},{"type":"Feature","properties":{"id":"ih-kutuphane-54","kind":"poi","name":"Elm Park Library","theme":"kutuphane","lab":1},"geometry":{"type":"Point","coordinates":[0.19854,51.55252]}},{"type":"Feature","properties":{"id":"ih-kutuphane-55","kind":"poi","name":"Hornchurch Library","theme":"kutuphane","lab":1},"geometry":{"type":"Point","coordinates":[0.22056,51.5649]}},{"type":"Feature","properties":{"id":"ih-kutuphane-56","kind":"poi","name":"Collier Row Library","theme":"kutuphane","lab":1},"geometry":{"type":"Point","coordinates":[0.16087,51.59846]}},{"type":"Feature","properties":{"id":"ih-kutuphane-57","kind":"poi","name":"Belhus Library","theme":"kutuphane","lab":1},"geometry":{"type":"Point","coordinates":[0.28231,51.51043]}},{"type":"Feature","properties":{"id":"ih-kutuphane-58","kind":"poi","name":"Chigwell Library","theme":"kutuphane","lab":1},"geometry":{"type":"Point","coordinates":[0.0768,51.61952]}},{"type":"Feature","properties":{"id":"ih-kutuphane-59","kind":"poi","name":"Loughton Library","theme":"kutuphane","lab":1},"geometry":{"type":"Point","coordinates":[0.05895,51.64912]}},{"type":"Feature","properties":{"id":"ih-kutuphane-60","kind":"poi","name":"Waltham Abbey Library","theme":"kutuphane","lab":1},"geometry":{"type":"Point","coordinates":[0.00015,51.68655]}},{"type":"Feature","properties":{"id":"ih-kutuphane-61","kind":"poi","name":"Balham Library","theme":"kutuphane","lab":1},"geometry":{"type":"Point","coordinates":[-0.15214,51.44545]}},{"type":"Feature","properties":{"id":"ih-kutuphane-62","kind":"poi","name":"Charing Cross Library","theme":"kutuphane","lab":1},"geometry":{"type":"Point","coordinates":[-0.12788,51.51025]}},{"type":"Feature","properties":{"id":"ih-kutuphane-63","kind":"poi","name":"Abdus Salam Library","theme":"kutuphane","lab":1},"geometry":{"type":"Point","coordinates":[-0.1782,51.49823]}},{"type":"Feature","properties":{"id":"ih-kutuphane-64","kind":"poi","name":"Swiss Cottage Library","theme":"kutuphane","lab":1},"geometry":{"type":"Point","coordinates":[-0.17328,51.54235]}},{"type":"Feature","properties":{"id":"ih-kutuphane-65","kind":"poi","name":"Hornsey Library","theme":"kutuphane","lab":1},"geometry":{"type":"Point","coordinates":[-0.12192,51.57823]}},{"type":"Feature","properties":{"id":"ih-kutuphane-66","kind":"poi","name":"Idea Store Chrisp Street","theme":"kutuphane","lab":1},"geometry":{"type":"Point","coordinates":[-0.01448,51.5116]}},{"type":"Feature","properties":{"id":"ih-kutuphane-67","kind":"poi","name":"Ashtead Library","theme":"kutuphane","lab":1},"geometry":{"type":"Point","coordinates":[-0.3034,51.31401]}},{"type":"Feature","properties":{"id":"ih-kutuphane-68","kind":"poi","name":"Pollards Hill Library","theme":"kutuphane","lab":1},"geometry":{"type":"Point","coordinates":[-0.13191,51.40007]}},{"type":"Feature","properties":{"id":"ih-kutuphane-69","kind":"poi","name":"Biggin Hill Memorial Library and Swimming Pool","theme":"kutuphane","lab":1},"geometry":{"type":"Point","coordinates":[0.03468,51.31225]}},{"type":"Feature","properties":{"id":"ih-kutuphane-70","kind":"poi","name":"Kemsing Library","theme":"kutuphane","lab":1},"geometry":{"type":"Point","coordinates":[0.22119,51.30638]}},{"type":"Feature","properties":{"id":"ih-kutuphane-71","kind":"poi","name":"Otford Library","theme":"kutuphane","lab":1},"geometry":{"type":"Point","coordinates":[0.18643,51.3131]}},{"type":"Feature","properties":{"id":"ih-kutuphane-72","kind":"poi","name":"Chertsey Library","theme":"kutuphane","lab":1},"geometry":{"type":"Point","coordinates":[-0.5062,51.3888]}},{"type":"Feature","properties":{"id":"ih-kutuphane-73","kind":"poi","name":"British Library of Political and Economic Science","theme":"kutuphane","lab":1},"geometry":{"type":"Point","coordinates":[-0.1157,51.51466]}},{"type":"Feature","properties":{"id":"ih-kutuphane-74","kind":"poi","name":"Maughan Library","theme":"kutuphane","lab":1},"geometry":{"type":"Point","coordinates":[-0.11044,51.51517]}},{"type":"Feature","properties":{"id":"ih-kutuphane-75","kind":"poi","name":"South Friern Library","theme":"kutuphane","lab":1},"geometry":{"type":"Point","coordinates":[-0.14801,51.6005]}},{"type":"Feature","properties":{"id":"ih-kutuphane-76","kind":"poi","name":"Kentish Town Library","theme":"kutuphane","lab":1},"geometry":{"type":"Point","coordinates":[-0.14044,51.54998]}},{"type":"Feature","properties":{"id":"ih-kutuphane-77","kind":"poi","name":"Cubitt Town Library","theme":"kutuphane","lab":1},"geometry":{"type":"Point","coordinates":[-0.01175,51.49598]}},{"type":"Feature","properties":{"id":"ih-kutuphane-78","kind":"poi","name":"Edgware Library","theme":"kutuphane","lab":1},"geometry":{"type":"Point","coordinates":[-0.27401,51.61625]}},{"type":"Feature","properties":{"id":"ih-kutuphane-79","kind":"poi","name":"Weybridge Library","theme":"kutuphane","lab":1},"geometry":{"type":"Point","coordinates":[-0.46024,51.3721]}},{"type":"Feature","properties":{"id":"ih-kutuphane-80","kind":"poi","name":"Riverhead Library","theme":"kutuphane","lab":1},"geometry":{"type":"Point","coordinates":[0.16956,51.28497]}},{"type":"Feature","properties":{"id":"ih-kutuphane-81","kind":"poi","name":"Mayfair Library","theme":"kutuphane","lab":1},"geometry":{"type":"Point","coordinates":[-0.15113,51.50935]}},{"type":"Feature","properties":{"id":"ih-kutuphane-82","kind":"poi","name":"Islington North Library","theme":"kutuphane","lab":1},"geometry":{"type":"Point","coordinates":[-0.12167,51.56042]}},{"type":"Feature","properties":{"id":"ih-kutuphane-83","kind":"poi","name":"Twickenham Library","theme":"kutuphane","lab":1},"geometry":{"type":"Point","coordinates":[-0.32787,51.44754]}},{"type":"Feature","properties":{"id":"ih-kutuphane-84","kind":"poi","name":"Thamesmere Leisure Centre and Library","theme":"kutuphane","lab":1},"geometry":{"type":"Point","coordinates":[0.10917,51.50777]}},{"type":"Feature","properties":{"id":"ih-kutuphane-85","kind":"poi","name":"Winchmore Hill Library","theme":"kutuphane","lab":1},"geometry":{"type":"Point","coordinates":[-0.09831,51.62846]}},{"type":"Feature","properties":{"id":"ih-kutuphane-86","kind":"poi","name":"Sunbury Library","theme":"kutuphane","lab":1},"geometry":{"type":"Point","coordinates":[-0.42107,51.41977]}},{"type":"Feature","properties":{"id":"ih-kutuphane-87","kind":"poi","name":"Blackheath Standard Library","theme":"kutuphane","lab":1},"geometry":{"type":"Point","coordinates":[0.02157,51.47694]}},{"type":"Feature","properties":{"id":"ih-kutuphane-88","kind":"poi","name":"Church Street Library","theme":"kutuphane","lab":1},"geometry":{"type":"Point","coordinates":[-0.17013,51.52303]}},{"type":"Feature","properties":{"id":"ih-kutuphane-89","kind":"poi","name":"Whitton Library","theme":"kutuphane","lab":1},"geometry":{"type":"Point","coordinates":[-0.35911,51.45267]}},{"type":"Feature","properties":{"id":"ih-kutuphane-90","kind":"poi","name":"Idea Store Watney Market","theme":"kutuphane","lab":1},"geometry":{"type":"Point","coordinates":[-0.05726,51.51435]}},{"type":"Feature","properties":{"id":"ih-kutuphane-91","kind":"poi","name":"Raynes Park Library","theme":"kutuphane","lab":1},"geometry":{"type":"Point","coordinates":[-0.22786,51.40904]}},{"type":"Feature","properties":{"id":"ih-kutuphane-92","kind":"poi","name":"New Eltham Library","theme":"kutuphane","lab":1},"geometry":{"type":"Point","coordinates":[0.07135,51.43748]}},{"type":"Feature","properties":{"id":"ih-kutuphane-93","kind":"poi","name":"East Sheen Library","theme":"kutuphane","lab":1},"geometry":{"type":"Point","coordinates":[-0.26737,51.46544]}},{"type":"Feature","properties":{"id":"ih-kutuphane-94","kind":"poi","name":"Sidcup Library","theme":"kutuphane","lab":1},"geometry":{"type":"Point","coordinates":[0.10518,51.42586]}},{"type":"Feature","properties":{"id":"ih-kutuphane-95","kind":"poi","name":"Green Street Library","theme":"kutuphane","lab":1},"geometry":{"type":"Point","coordinates":[0.03531,51.53639]}},{"type":"Feature","properties":{"id":"ih-kutuphane-96","kind":"poi","name":"Tower Hamlets Local History Library and Archives","theme":"kutuphane","lab":1},"geometry":{"type":"Point","coordinates":[-0.0423,51.52384]}},{"type":"Feature","properties":{"id":"ih-kutuphane-97","kind":"poi","name":"Blue Anchor Library","theme":"kutuphane","lab":1},"geometry":{"type":"Point","coordinates":[-0.06381,51.49287]}},{"type":"Feature","properties":{"id":"ih-kutuphane-98","kind":"poi","name":"The Library at Willesden Green","theme":"kutuphane","lab":1},"geometry":{"type":"Point","coordinates":[-0.22893,51.54682]}},{"type":"Feature","properties":{"id":"ih-kutuphane-99","kind":"poi","name":"Camberwell Library","theme":"kutuphane","lab":1},"geometry":{"type":"Point","coordinates":[-0.09196,51.47575]}},{"type":"Feature","properties":{"id":"ih-kutuphane-100","kind":"poi","name":"Castelnau Library","theme":"kutuphane","lab":1},"geometry":{"type":"Point","coordinates":[-0.2375,51.48026]}},{"type":"Feature","properties":{"id":"ih-kutuphane-101","kind":"poi","name":"Hampton Hill Library","theme":"kutuphane","lab":1},"geometry":{"type":"Point","coordinates":[-0.35583,51.42658]}},{"type":"Feature","properties":{"id":"ih-kutuphane-102","kind":"poi","name":"Richmond Lending Library","theme":"kutuphane","lab":1},"geometry":{"type":"Point","coordinates":[-0.30367,51.46223]}},{"type":"Feature","properties":{"id":"ih-kutuphane-103","kind":"poi","name":"Tudor Drive Library","theme":"kutuphane","lab":1},"geometry":{"type":"Point","coordinates":[-0.29748,51.42629]}},{"type":"Feature","properties":{"id":"ih-kutuphane-104","kind":"poi","name":"Shepperton Library","theme":"kutuphane","lab":1},"geometry":{"type":"Point","coordinates":[-0.44824,51.39433]}},{"type":"Feature","properties":{"id":"ih-kutuphane-105","kind":"poi","name":"Bedfont Library","theme":"kutuphane","lab":1},"geometry":{"type":"Point","coordinates":[-0.43459,51.4519]}},{"type":"Feature","properties":{"id":"ih-kutuphane-106","kind":"poi","name":"South Ruislip Library","theme":"kutuphane","lab":1},"geometry":{"type":"Point","coordinates":[-0.39506,51.55734]}},{"type":"Feature","properties":{"id":"ih-kutuphane-107","kind":"poi","name":"Esher Library","theme":"kutuphane","lab":1},"geometry":{"type":"Point","coordinates":[-0.36362,51.36962]}},{"type":"Feature","properties":{"id":"ih-kutuphane-108","kind":"poi","name":"Sutton-at-Hone Library","theme":"kutuphane","lab":1},"geometry":{"type":"Point","coordinates":[0.23601,51.41106]}},{"type":"Feature","properties":{"id":"ih-kutuphane-109","kind":"poi","name":"Libraryplus Central Library","theme":"kutuphane","lab":1},"geometry":{"type":"Point","coordinates":[0.14365,51.45586]}},{"type":"Feature","properties":{"id":"ih-muze-1","kind":"poi","name":"Hackney Museum","theme":"muze","lab":1},"geometry":{"type":"Point","coordinates":[-0.05591,51.54449]}},{"type":"Feature","properties":{"id":"ih-muze-2","kind":"poi","name":"Islington Museum","theme":"muze","lab":1},"geometry":{"type":"Point","coordinates":[-0.1045,51.52649]}},{"type":"Feature","properties":{"id":"ih-muze-3","kind":"poi","name":"Museum of the Order of St John","theme":"muze","lab":1},"geometry":{"type":"Point","coordinates":[-0.10256,51.52201]}},{"type":"Feature","properties":{"id":"ih-muze-4","kind":"poi","name":"The Postal Museum","theme":"muze","lab":1},"geometry":{"type":"Point","coordinates":[-0.114,51.52472]}},{"type":"Feature","properties":{"id":"ih-muze-5","kind":"poi","name":"The Viktor Wynd Museum of Curiosities, Fine Art & Natural History","theme":"muze","lab":1},"geometry":{"type":"Point","coordinates":[-0.05764,51.5347]}},{"type":"Feature","properties":{"id":"ih-muze-6","kind":"poi","name":"British Optical Association Museum","theme":"muze","lab":1},"geometry":{"type":"Point","coordinates":[-0.12539,51.50789]}},{"type":"Feature","properties":{"id":"ih-muze-7","kind":"poi","name":"Royal College of Physicians Museum","theme":"muze","lab":1},"geometry":{"type":"Point","coordinates":[-0.14479,51.52578]}},{"type":"Feature","properties":{"id":"ih-muze-8","kind":"poi","name":"Restored K6 phone booth","theme":"muze","lab":1},"geometry":{"type":"Point","coordinates":[-0.12575,51.52943]}},{"type":"Feature","properties":{"id":"ih-muze-9","kind":"poi","name":"Queer Britain","theme":"muze","lab":1},"geometry":{"type":"Point","coordinates":[-0.12391,51.5357]}},{"type":"Feature","properties":{"id":"ih-muze-10","kind":"poi","name":"Metropolitan Police Museum","theme":"muze","lab":1},"geometry":{"type":"Point","coordinates":[0.10242,51.43367]}},{"type":"Feature","properties":{"id":"ih-muze-11","kind":"poi","name":"V&A East Storehouse","theme":"muze","lab":1},"geometry":{"type":"Point","coordinates":[-0.02118,51.54644]}},{"type":"Feature","properties":{"id":"ih-muze-12","kind":"poi","name":"V&A David Bowie Centre","theme":"muze","lab":1},"geometry":{"type":"Point","coordinates":[-0.02107,51.54659]}},{"type":"Feature","properties":{"id":"ih-muze-13","kind":"poi","name":"People's Museum Somers Town","theme":"muze","lab":1},"geometry":{"type":"Point","coordinates":[-0.13095,51.53104]}},{"type":"Feature","properties":{"id":"ih-muze-14","kind":"poi","name":"HMS Belfast","theme":"muze","lab":1},"geometry":{"type":"Point","coordinates":[-0.08131,51.50656]}},{"type":"Feature","properties":{"id":"ih-muze-15","kind":"poi","name":"Marble Hill House","theme":"muze","lab":1},"geometry":{"type":"Point","coordinates":[-0.31332,51.44948]}},{"type":"Feature","properties":{"id":"ih-muze-16","kind":"poi","name":"Petrie Museum of Egyptian Archeology","theme":"muze","lab":1},"geometry":{"type":"Point","coordinates":[-0.13298,51.52358]}},{"type":"Feature","properties":{"id":"ih-muze-17","kind":"poi","name":"London Transport Museum","theme":"muze","lab":1},"geometry":{"type":"Point","coordinates":[-0.12122,51.51199]}},{"type":"Feature","properties":{"id":"ih-muze-18","kind":"poi","name":"Fashion and Textile Museum","theme":"muze","lab":1},"geometry":{"type":"Point","coordinates":[-0.08167,51.50119]}},{"type":"Feature","properties":{"id":"ih-muze-19","kind":"poi","name":"The Temple","theme":"muze","lab":1},"geometry":{"type":"Point","coordinates":[0.04223,51.56781]}},{"type":"Feature","properties":{"id":"ih-muze-20","kind":"poi","name":"Apsley House","theme":"muze","lab":1},"geometry":{"type":"Point","coordinates":[-0.15171,51.50349]}},{"type":"Feature","properties":{"id":"ih-muze-21","kind":"poi","name":"London Museum Docklands","theme":"muze","lab":1},"geometry":{"type":"Point","coordinates":[-0.02387,51.50759]}},{"type":"Feature","properties":{"id":"ih-muze-22","kind":"poi","name":"Prince Henry's Room","theme":"muze","lab":1},"geometry":{"type":"Point","coordinates":[-0.11092,51.51373]}},{"type":"Feature","properties":{"id":"ih-muze-23","kind":"poi","name":"National Maritime Museum","theme":"muze","lab":1},"geometry":{"type":"Point","coordinates":[-0.0054,51.48078]}},{"type":"Feature","properties":{"id":"ih-muze-24","kind":"poi","name":"Red House","theme":"muze","lab":1},"geometry":{"type":"Point","coordinates":[0.13037,51.45541]}},{"type":"Feature","properties":{"id":"ih-muze-25","kind":"poi","name":"Biggin Hill Memorial Museum","theme":"muze","lab":1},"geometry":{"type":"Point","coordinates":[0.02362,51.32714]}},{"type":"Feature","properties":{"id":"ih-muze-26","kind":"poi","name":"Royal Observatory Greenwich","theme":"muze","lab":1},"geometry":{"type":"Point","coordinates":[-0.00118,51.47735]}},{"type":"Feature","properties":{"id":"ih-muze-27","kind":"poi","name":"Cobham Mill","theme":"muze","lab":1},"geometry":{"type":"Point","coordinates":[-0.40695,51.32722]}},{"type":"Feature","properties":{"id":"ih-muze-28","kind":"poi","name":"Valence House","theme":"muze","lab":1},"geometry":{"type":"Point","coordinates":[0.13429,51.55824]}},{"type":"Feature","properties":{"id":"ih-muze-29","kind":"poi","name":"Crossness Pumping Station","theme":"muze","lab":1},"geometry":{"type":"Point","coordinates":[0.13839,51.50909]}},{"type":"Feature","properties":{"id":"ih-muze-30","kind":"poi","name":"Kempton Steam Museum","theme":"muze","lab":1},"geometry":{"type":"Point","coordinates":[-0.40462,51.42585]}},{"type":"Feature","properties":{"id":"ih-muze-31","kind":"poi","name":"The Museum of Philatelic History","theme":"muze","lab":1},"geometry":{"type":"Point","coordinates":[-0.15006,51.52146]}},{"type":"Feature","properties":{"id":"ih-muze-32","kind":"poi","name":"Manor Farm House","theme":"muze","lab":1},"geometry":{"type":"Point","coordinates":[-0.4273,51.57876]}},{"type":"Feature","properties":{"id":"ih-muze-33","kind":"poi","name":"Museum of the Home","theme":"muze","lab":1},"geometry":{"type":"Point","coordinates":[-0.07644,51.53151]}},{"type":"Feature","properties":{"id":"ih-muze-34","kind":"poi","name":"Dorich House Museum","theme":"muze","lab":1},"geometry":{"type":"Point","coordinates":[-0.26303,51.43335]}},{"type":"Feature","properties":{"id":"ih-muze-35","kind":"poi","name":"Pitzhanger Manor House and Gallery","theme":"muze","lab":1},"geometry":{"type":"Point","coordinates":[-0.30711,51.51089]}},{"type":"Feature","properties":{"id":"ih-muze-36","kind":"poi","name":"Carshalton Water Tower","theme":"muze","lab":1},"geometry":{"type":"Point","coordinates":[-0.16684,51.36507]}},{"type":"Feature","properties":{"id":"ih-muze-37","kind":"poi","name":"The Type Museum","theme":"muze","lab":1},"geometry":{"type":"Point","coordinates":[-0.11558,51.47361]}},{"type":"Feature","properties":{"id":"ih-muze-38","kind":"poi","name":"Little Holland House","theme":"muze","lab":1},"geometry":{"type":"Point","coordinates":[-0.17065,51.3553]}},{"type":"Feature","properties":{"id":"ih-muze-39","kind":"poi","name":"Charles Dickens Museum","theme":"muze","lab":1},"geometry":{"type":"Point","coordinates":[-0.11632,51.52359]}},{"type":"Feature","properties":{"id":"ih-muze-40","kind":"poi","name":"Arsenal Museum","theme":"muze","lab":1},"geometry":{"type":"Point","coordinates":[-0.10814,51.55667]}},{"type":"Feature","properties":{"id":"ih-muze-41","kind":"poi","name":"Bushey Museum","theme":"muze","lab":1},"geometry":{"type":"Point","coordinates":[-0.36517,51.64556]}},{"type":"Feature","properties":{"id":"ih-muze-42","kind":"poi","name":"Whitehall","theme":"muze","lab":1},"geometry":{"type":"Point","coordinates":[-0.21713,51.35943]}},{"type":"Feature","properties":{"id":"ih-muze-43","kind":"poi","name":"Topolski Century","theme":"muze","lab":1},"geometry":{"type":"Point","coordinates":[-0.11565,51.5048]}},{"type":"Feature","properties":{"id":"ih-muze-44","kind":"poi","name":"Kingston Museum","theme":"muze","lab":1},"geometry":{"type":"Point","coordinates":[-0.30031,51.40958]}},{"type":"Feature","properties":{"id":"ih-muze-45","kind":"poi","name":"Chiswick House","theme":"muze","lab":1},"geometry":{"type":"Point","coordinates":[-0.25859,51.48375]}},{"type":"Feature","properties":{"id":"ih-muze-46","kind":"poi","name":"Redbridge Museum","theme":"muze","lab":1},"geometry":{"type":"Point","coordinates":[0.07538,51.55809]}},{"type":"Feature","properties":{"id":"ih-muze-47","kind":"poi","name":"Museum of Methodism","theme":"muze","lab":1},"geometry":{"type":"Point","coordinates":[-0.08655,51.52382]}},{"type":"Feature","properties":{"id":"ih-muze-48","kind":"poi","name":"Leatherhead Museum of Local History","theme":"muze","lab":1},"geometry":{"type":"Point","coordinates":[-0.32877,51.29412]}},{"type":"Feature","properties":{"id":"ih-muze-49","kind":"poi","name":"The Fan Museum","theme":"muze","lab":1},"geometry":{"type":"Point","coordinates":[-0.00807,51.4791]}},{"type":"Feature","properties":{"id":"ih-muze-50","kind":"poi","name":"Grant Museum of Zoology","theme":"muze","lab":1},"geometry":{"type":"Point","coordinates":[-0.13427,51.52373]}},{"type":"Feature","properties":{"id":"ih-muze-51","kind":"poi","name":"The King's Gallery","theme":"muze","lab":1},"geometry":{"type":"Point","coordinates":[-0.14255,51.49983]}},{"type":"Feature","properties":{"id":"ih-muze-52","kind":"poi","name":"Handel & Hendrix","theme":"muze","lab":1},"geometry":{"type":"Point","coordinates":[-0.14588,51.51294]}},{"type":"Feature","properties":{"id":"ih-muze-53","kind":"poi","name":"Brentwood Museum","theme":"muze","lab":1},"geometry":{"type":"Point","coordinates":[0.29732,51.60905]}},{"type":"Feature","properties":{"id":"ih-muze-54","kind":"poi","name":"Museum of Croydon","theme":"muze","lab":1},"geometry":{"type":"Point","coordinates":[-0.09925,51.37205]}},{"type":"Feature","properties":{"id":"ih-muze-55","kind":"poi","name":"The Museum of Immigration and Diversity at 19 Princelet Street","theme":"muze","lab":1},"geometry":{"type":"Point","coordinates":[-0.07249,51.51985]}},{"type":"Feature","properties":{"id":"ih-muze-56","kind":"poi","name":"Dennis Severs' House","theme":"muze","lab":1},"geometry":{"type":"Point","coordinates":[-0.07779,51.52094]}},{"type":"Feature","properties":{"id":"ih-muze-57","kind":"poi","name":"Shoreham Aircraft Museum","theme":"muze","lab":1},"geometry":{"type":"Point","coordinates":[0.17711,51.33395]}},{"type":"Feature","properties":{"id":"ih-muze-58","kind":"poi","name":"Wellcome Collection","theme":"muze","lab":1},"geometry":{"type":"Point","coordinates":[-0.13402,51.52597]}},{"type":"Feature","properties":{"id":"ih-muze-59","kind":"poi","name":"Dugdale Centre Museum","theme":"muze","lab":1},"geometry":{"type":"Point","coordinates":[-0.08041,51.65043]}},{"type":"Feature","properties":{"id":"ih-muze-60","kind":"poi","name":"Hunterian Museum","theme":"muze","lab":1},"geometry":{"type":"Point","coordinates":[-0.11587,51.51528]}},{"type":"Feature","properties":{"id":"ih-muze-61","kind":"poi","name":"Sherlock Holmes Museum","theme":"muze","lab":1},"geometry":{"type":"Point","coordinates":[-0.15847,51.52376]}},{"type":"Feature","properties":{"id":"ih-muze-62","kind":"poi","name":"Caterham Museum","theme":"muze","lab":1},"geometry":{"type":"Point","coordinates":[-0.0791,51.28204]}},{"type":"Feature","properties":{"id":"ih-muze-63","kind":"poi","name":"St Bartholomew's Hospital museum","theme":"muze","lab":1},"geometry":{"type":"Point","coordinates":[-0.10047,51.51772]}},{"type":"Feature","properties":{"id":"ih-muze-64","kind":"poi","name":"Bank of England","theme":"muze","lab":1},"geometry":{"type":"Point","coordinates":[-0.08768,51.5142]}},{"type":"Feature","properties":{"id":"ih-muze-65","kind":"poi","name":"The Clockmakers' Museum","theme":"muze","lab":1},"geometry":{"type":"Point","coordinates":[-0.17628,51.49712]}},{"type":"Feature","properties":{"id":"ih-muze-66","kind":"poi","name":"The Guards Museum","theme":"muze","lab":1},"geometry":{"type":"Point","coordinates":[-0.13613,51.50005]}},{"type":"Feature","properties":{"id":"ih-muze-67","kind":"poi","name":"Potters Bar Museum","theme":"muze","lab":1},"geometry":{"type":"Point","coordinates":[-0.19373,51.69615]}},{"type":"Feature","properties":{"id":"ih-muze-68","kind":"poi","name":"Household Cavalry Museum","theme":"muze","lab":1},"geometry":{"type":"Point","coordinates":[-0.12725,51.50501]}},{"type":"Feature","properties":{"id":"ih-muze-69","kind":"poi","name":"Mail Rail Museum","theme":"muze","lab":1},"geometry":{"type":"Point","coordinates":[-0.11327,51.52457]}},{"type":"Feature","properties":{"id":"ih-muze-70","kind":"poi","name":"The Charterhouse","theme":"muze","lab":1},"geometry":{"type":"Point","coordinates":[-0.09978,51.52146]}},{"type":"Feature","properties":{"id":"ih-muze-71","kind":"poi","name":"Barnet Museum","theme":"muze","lab":1},"geometry":{"type":"Point","coordinates":[-0.20246,51.65282]}},{"type":"Feature","properties":{"id":"ih-muze-72","kind":"poi","name":"The Florence Nightingale Museum","theme":"muze","lab":1},"geometry":{"type":"Point","coordinates":[-0.11767,51.50001]}},{"type":"Feature","properties":{"id":"ih-muze-73","kind":"poi","name":"Brent Museum","theme":"muze","lab":1},"geometry":{"type":"Point","coordinates":[-0.22899,51.54674]}},{"type":"Feature","properties":{"id":"ih-muze-74","kind":"poi","name":"Bourne hall","theme":"muze","lab":1},"geometry":{"type":"Point","coordinates":[-0.25243,51.35034]}},{"type":"Feature","properties":{"id":"ih-muze-75","kind":"poi","name":"Royal Academy of Music Museum","theme":"muze","lab":1},"geometry":{"type":"Point","coordinates":[-0.15227,51.52337]}},{"type":"Feature","properties":{"id":"ih-muze-76","kind":"poi","name":"Elstree and Borehamwood Museum","theme":"muze","lab":1},"geometry":{"type":"Point","coordinates":[-0.27415,51.65596]}},{"type":"Feature","properties":{"id":"ih-muze-77","kind":"poi","name":"The Cartoon Museum","theme":"muze","lab":1},"geometry":{"type":"Point","coordinates":[-0.13858,51.51758]}},{"type":"Feature","properties":{"id":"ih-muze-78","kind":"poi","name":"London Sewing Machine Museum","theme":"muze","lab":1},"geometry":{"type":"Point","coordinates":[-0.15871,51.43656]}},{"type":"Feature","properties":{"id":"ih-muze-79","kind":"poi","name":"Museum of Richmond","theme":"muze","lab":1},"geometry":{"type":"Point","coordinates":[-0.30648,51.4589]}},{"type":"Feature","properties":{"id":"ih-muze-80","kind":"poi","name":"Havering Museum","theme":"muze","lab":1},"geometry":{"type":"Point","coordinates":[0.17935,51.57784]}},{"type":"Feature","properties":{"id":"ih-muze-81","kind":"poi","name":"Gordon Museum","theme":"muze","lab":1},"geometry":{"type":"Point","coordinates":[-0.08957,51.50356]}},{"type":"Feature","properties":{"id":"ih-muze-82","kind":"poi","name":"Twist Museum","theme":"muze","lab":1},"geometry":{"type":"Point","coordinates":[-0.14301,51.51533]}},{"type":"Feature","properties":{"id":"ih-muze-83","kind":"poi","name":"Vagina Museum","theme":"muze","lab":1},"geometry":{"type":"Point","coordinates":[-0.05705,51.53037]}},{"type":"Feature","properties":{"id":"ih-muze-84","kind":"poi","name":"Migration Museum","theme":"muze","lab":1},"geometry":{"type":"Point","coordinates":[-0.01181,51.46144]}},{"type":"Feature","properties":{"id":"ih-muze-85","kind":"poi","name":"Fusiliers London Volunteer Museum","theme":"muze","lab":1},"geometry":{"type":"Point","coordinates":[-0.15536,51.43958]}},{"type":"Feature","properties":{"id":"ih-muze-86","kind":"poi","name":"Elmbridge Museum","theme":"muze","lab":1},"geometry":{"type":"Point","coordinates":[-0.36157,51.36987]}},{"type":"Feature","properties":{"id":"ih-muze-87","kind":"poi","name":"RIBA Library","theme":"muze","lab":1},"geometry":{"type":"Point","coordinates":[-0.14481,51.52138]}},{"type":"Feature","properties":{"id":"ih-muze-88","kind":"poi","name":"Egham Museum","theme":"muze","lab":1},"geometry":{"type":"Point","coordinates":[-0.54802,51.43206]}},{"type":"Feature","properties":{"id":"ih-muze-89","kind":"poi","name":"Museum of Freemasonry","theme":"muze","lab":1},"geometry":{"type":"Point","coordinates":[-0.12127,51.51501]}},{"type":"Feature","properties":{"id":"ih-muze-90","kind":"poi","name":"RIBA Architecture Study Rooms","theme":"muze","lab":1},"geometry":{"type":"Point","coordinates":[-0.17347,51.49731]}},{"type":"Feature","properties":{"id":"ih-muze-91","kind":"poi","name":"World Rugby Museum","theme":"muze","lab":1},"geometry":{"type":"Point","coordinates":[-0.34144,51.45495]}},{"type":"Feature","properties":{"id":"ih-muze-92","kind":"poi","name":"Anaesthesia Heritage Centre","theme":"muze","lab":1},"geometry":{"type":"Point","coordinates":[-0.14507,51.51943]}},{"type":"Feature","properties":{"id":"ih-muze-93","kind":"poi","name":"British Red Cross Museum","theme":"muze","lab":1},"geometry":{"type":"Point","coordinates":[-0.08852,51.51924]}},{"type":"Feature","properties":{"id":"ih-muze-94","kind":"poi","name":"Faraday Museum","theme":"muze","lab":1},"geometry":{"type":"Point","coordinates":[-0.14228,51.5097]}},{"type":"Feature","properties":{"id":"ih-muze-95","kind":"poi","name":"Royal Pharmaceutical Society Museum","theme":"muze","lab":1},"geometry":{"type":"Point","coordinates":[-0.06836,51.50902]}},{"type":"Feature","properties":{"id":"ih-muze-96","kind":"poi","name":"Royal London Hospital Museum","theme":"muze","lab":1},"geometry":{"type":"Point","coordinates":[-0.06049,51.51727]}},{"type":"Feature","properties":{"id":"ih-muze-97","kind":"poi","name":"Honeywood Museum","theme":"muze","lab":1},"geometry":{"type":"Point","coordinates":[-0.16508,51.36523]}},{"type":"Feature","properties":{"id":"ih-muze-98","kind":"poi","name":"UCL Art Museum","theme":"muze","lab":1},"geometry":{"type":"Point","coordinates":[-0.1332,51.52439]}},{"type":"Feature","properties":{"id":"ih-muze-99","kind":"poi","name":"Royal College of Music Museum","theme":"muze","lab":1},"geometry":{"type":"Point","coordinates":[-0.17748,51.49964]}},{"type":"Feature","properties":{"id":"ih-muze-100","kind":"poi","name":"Old Royal Naval College Visitor Centre","theme":"muze","lab":1},"geometry":{"type":"Point","coordinates":[-0.00863,51.48283]}},{"type":"Feature","properties":{"id":"ih-muze-101","kind":"poi","name":"Honourable Artillery Company Museum","theme":"muze","lab":1},"geometry":{"type":"Point","coordinates":[-0.0884,51.52302]}},{"type":"Feature","properties":{"id":"ih-muze-102","kind":"poi","name":"Moco Museum","theme":"muze","lab":1},"geometry":{"type":"Point","coordinates":[-0.15924,51.5135]}},{"type":"Feature","properties":{"id":"ih-muze-103","kind":"poi","name":"William Morris Society","theme":"muze","lab":1},"geometry":{"type":"Point","coordinates":[-0.23555,51.49055]}},{"type":"Feature","properties":{"id":"ih-muze-104","kind":"poi","name":"Quentin Blake Centre for Illustration","theme":"muze","lab":1},"geometry":{"type":"Point","coordinates":[-0.10764,51.52859]}},{"type":"Feature","properties":{"id":"ih-muze-105","kind":"poi","name":"Fusiliers Museum","theme":"muze","lab":1},"geometry":{"type":"Point","coordinates":[-0.07526,51.50822]}},{"type":"Feature","properties":{"id":"ih-muze-106","kind":"poi","name":"Crystal Palace Museum","theme":"muze","lab":1},"geometry":{"type":"Point","coordinates":[-0.07662,51.41972]}},{"type":"Feature","properties":{"id":"ih-muze-107","kind":"poi","name":"Forty Hall Museum","theme":"muze","lab":1},"geometry":{"type":"Point","coordinates":[-0.06825,51.66964]}},{"type":"Feature","properties":{"id":"ih-muze-108","kind":"poi","name":"Horniman Museum and Gardens","theme":"muze","lab":1},"geometry":{"type":"Point","coordinates":[-0.06169,51.44219]}},{"type":"Feature","properties":{"id":"ih-muze-109","kind":"poi","name":"Imperial War Museum London","theme":"muze","lab":1},"geometry":{"type":"Point","coordinates":[-0.10859,51.4958]}},{"type":"Feature","properties":{"id":"ih-muze-110","kind":"poi","name":"Young V&A","theme":"muze","lab":1},"geometry":{"type":"Point","coordinates":[-0.05487,51.52906]}},{"type":"Feature","properties":{"id":"ih-muze-111","kind":"poi","name":"National Army Museum","theme":"muze","lab":1},"geometry":{"type":"Point","coordinates":[-0.16029,51.48624]}},{"type":"Feature","properties":{"id":"ih-muze-112","kind":"poi","name":"Boston Manor","theme":"muze","lab":1},"geometry":{"type":"Point","coordinates":[-0.31854,51.49197]}},{"type":"Feature","properties":{"id":"ih-muze-113","kind":"poi","name":"Vestry House Museum","theme":"muze","lab":1},"geometry":{"type":"Point","coordinates":[-0.01289,51.58406]}},{"type":"Feature","properties":{"id":"ih-muze-114","kind":"poi","name":"Natural History Museum","theme":"muze","lab":1},"geometry":{"type":"Point","coordinates":[-0.17602,51.49646]}},{"type":"Feature","properties":{"id":"ih-muze-115","kind":"poi","name":"Tate Modern","theme":"muze","lab":1},"geometry":{"type":"Point","coordinates":[-0.09939,51.50743]}},{"type":"Feature","properties":{"id":"ih-muze-116","kind":"poi","name":"Cutty Sark","theme":"muze","lab":1},"geometry":{"type":"Point","coordinates":[-0.00957,51.48286]}},{"type":"Feature","properties":{"id":"ih-muze-117","kind":"poi","name":"Gunnersbury Park Museum","theme":"muze","lab":1},"geometry":{"type":"Point","coordinates":[-0.28643,51.49954]}},{"type":"Feature","properties":{"id":"ih-muze-118","kind":"poi","name":"Science Museum","theme":"muze","lab":1},"geometry":{"type":"Point","coordinates":[-0.17623,51.4974]}},{"type":"Feature","properties":{"id":"ih-muze-119","kind":"poi","name":"Foundling Museum","theme":"muze","lab":1},"geometry":{"type":"Point","coordinates":[-0.12167,51.52521]}},{"type":"Feature","properties":{"id":"ih-muze-120","kind":"poi","name":"Royal Academy of Arts","theme":"muze","lab":1},"geometry":{"type":"Point","coordinates":[-0.1397,51.50926]}},{"type":"Feature","properties":{"id":"ih-muze-121","kind":"poi","name":"Transport Museum Depot","theme":"muze","lab":1},"geometry":{"type":"Point","coordinates":[-0.28137,51.50467]}},{"type":"Feature","properties":{"id":"ih-muze-122","kind":"poi","name":"Dr Johnson's House","theme":"muze","lab":1},"geometry":{"type":"Point","coordinates":[-0.10817,51.51491]}},{"type":"Feature","properties":{"id":"ih-muze-123","kind":"poi","name":"Dartford Borough Museum and Library","theme":"muze","lab":1},"geometry":{"type":"Point","coordinates":[0.21907,51.44314]}},{"type":"Feature","properties":{"id":"ih-muze-124","kind":"poi","name":"Bethlem Museum of the Mind","theme":"muze","lab":1},"geometry":{"type":"Point","coordinates":[-0.02945,51.38093]}},{"type":"Feature","properties":{"id":"ih-muze-125","kind":"poi","name":"Sir John Soane's Museum","theme":"muze","lab":1},"geometry":{"type":"Point","coordinates":[-0.11747,51.51708]}},{"type":"Feature","properties":{"id":"ih-muze-126","kind":"poi","name":"Burgh House and Hampstead Museum","theme":"muze","lab":1},"geometry":{"type":"Point","coordinates":[-0.17508,51.5582]}},{"type":"Feature","properties":{"id":"ih-muze-127","kind":"poi","name":"Kirkaldy Testing Museum","theme":"muze","lab":1},"geometry":{"type":"Point","coordinates":[-0.10154,51.50597]}},{"type":"Feature","properties":{"id":"ih-muze-128","kind":"poi","name":"Clink Prison Museum","theme":"muze","lab":1},"geometry":{"type":"Point","coordinates":[-0.0919,51.50697]}},{"type":"Feature","properties":{"id":"ih-muze-129","kind":"poi","name":"Walthamstow Pumphouse Museum","theme":"muze","lab":1},"geometry":{"type":"Point","coordinates":[-0.03462,51.57676]}},{"type":"Feature","properties":{"id":"ih-muze-130","kind":"poi","name":"Old Operating Theatre Museum","theme":"muze","lab":1},"geometry":{"type":"Point","coordinates":[-0.08852,51.50505]}},{"type":"Feature","properties":{"id":"ih-muze-131","kind":"poi","name":"Chiltern Open Air Museum","theme":"muze","lab":1},"geometry":{"type":"Point","coordinates":[-0.53935,51.63551]}},{"type":"Feature","properties":{"id":"ih-muze-132","kind":"poi","name":"Royal Academy","theme":"muze","lab":1},"geometry":{"type":"Point","coordinates":[-0.14013,51.50974]}},{"type":"Feature","properties":{"id":"ih-muze-133","kind":"poi","name":"Two Temple Place","theme":"muze","lab":1},"geometry":{"type":"Point","coordinates":[-0.11228,51.51165]}},{"type":"Feature","properties":{"id":"ih-muze-134","kind":"poi","name":"Freud Museum London","theme":"muze","lab":1},"geometry":{"type":"Point","coordinates":[-0.17739,51.54831]}},{"type":"Feature","properties":{"id":"ih-muze-135","kind":"poi","name":"Benjamin Franklin House","theme":"muze","lab":1},"geometry":{"type":"Point","coordinates":[-0.12489,51.50765]}},{"type":"Feature","properties":{"id":"ih-muze-136","kind":"poi","name":"Fenton House","theme":"muze","lab":1},"geometry":{"type":"Point","coordinates":[-0.17968,51.55888]}},{"type":"Feature","properties":{"id":"ih-muze-137","kind":"poi","name":"Markfield Beam Engine & Museum","theme":"muze","lab":1},"geometry":{"type":"Point","coordinates":[-0.06149,51.58182]}},{"type":"Feature","properties":{"id":"ih-muze-138","kind":"poi","name":"Leighton House Museum","theme":"muze","lab":1},"geometry":{"type":"Point","coordinates":[-0.20308,51.49861]}},{"type":"Feature","properties":{"id":"ih-muze-139","kind":"poi","name":"Garden Museum","theme":"muze","lab":1},"geometry":{"type":"Point","coordinates":[-0.11997,51.4949]}},{"type":"Feature","properties":{"id":"ih-muze-140","kind":"poi","name":"RAF Museum","theme":"muze","lab":1},"geometry":{"type":"Point","coordinates":[-0.2391,51.59798]}},{"type":"Feature","properties":{"id":"ih-muze-141","kind":"poi","name":"Wimbledon Lawn Tennis Museum","theme":"muze","lab":1},"geometry":{"type":"Point","coordinates":[-0.21343,51.43475]}},{"type":"Feature","properties":{"id":"ih-muze-142","kind":"poi","name":"Sambourne House","theme":"muze","lab":1},"geometry":{"type":"Point","coordinates":[-0.19687,51.50048]}},{"type":"Feature","properties":{"id":"ih-muze-143","kind":"poi","name":"The Musical Museum","theme":"muze","lab":1},"geometry":{"type":"Point","coordinates":[-0.29313,51.48787]}},{"type":"Feature","properties":{"id":"ih-muze-144","kind":"poi","name":"Mercedes-Benz World","theme":"muze","lab":1},"geometry":{"type":"Point","coordinates":[-0.46779,51.35477]}},{"type":"Feature","properties":{"id":"ih-muze-145","kind":"poi","name":"London Bus Museum","theme":"muze","lab":1},"geometry":{"type":"Point","coordinates":[-0.46409,51.35602]}},{"type":"Feature","properties":{"id":"ih-muze-146","kind":"poi","name":"London Fire Brigade Pop-up Museum","theme":"muze","lab":1},"geometry":{"type":"Point","coordinates":[-0.11977,51.49259]}},{"type":"Feature","properties":{"id":"ih-muze-147","kind":"poi","name":"William Morris Gallery","theme":"muze","lab":1},"geometry":{"type":"Point","coordinates":[-0.02029,51.5913]}},{"type":"Feature","properties":{"id":"ih-muze-148","kind":"poi","name":"Rainham Hall","theme":"muze","lab":1},"geometry":{"type":"Point","coordinates":[0.19079,51.51794]}},{"type":"Feature","properties":{"id":"ih-muze-149","kind":"poi","name":"London Canal Museum","theme":"muze","lab":1},"geometry":{"type":"Point","coordinates":[-0.12021,51.53422]}},{"type":"Feature","properties":{"id":"ih-muze-150","kind":"poi","name":"Churchill War Rooms","theme":"muze","lab":1},"geometry":{"type":"Point","coordinates":[-0.12925,51.50221]}},{"type":"Feature","properties":{"id":"ih-muze-151","kind":"poi","name":"Upminster Tithe Barn","theme":"muze","lab":1},"geometry":{"type":"Point","coordinates":[0.25697,51.56683]}},{"type":"Feature","properties":{"id":"ih-muze-152","kind":"poi","name":"Horniman Museum","theme":"muze","lab":1},"geometry":{"type":"Point","coordinates":[-0.06099,51.44103]}},{"type":"Feature","properties":{"id":"ih-muze-153","kind":"poi","name":"The Jewish Museum","theme":"muze","lab":1},"geometry":{"type":"Point","coordinates":[-0.14458,51.5373]}},{"type":"Feature","properties":{"id":"ih-muze-154","kind":"poi","name":"Brooklands Museum","theme":"muze","lab":1},"geometry":{"type":"Point","coordinates":[-0.46328,51.3552]}},{"type":"Feature","properties":{"id":"ih-muze-155","kind":"poi","name":"Crofton Roman villa","theme":"muze","lab":1},"geometry":{"type":"Point","coordinates":[0.0879,51.37296]}},{"type":"Feature","properties":{"id":"ih-muze-156","kind":"poi","name":"Jack the Ripper Museum","theme":"muze","lab":1},"geometry":{"type":"Point","coordinates":[-0.06791,51.51078]}},{"type":"Feature","properties":{"id":"ih-muze-157","kind":"poi","name":"The Cinema Museum","theme":"muze","lab":1},"geometry":{"type":"Point","coordinates":[-0.10504,51.49238]}},{"type":"Feature","properties":{"id":"ih-muze-158","kind":"poi","name":"Chertsey Museum","theme":"muze","lab":1},"geometry":{"type":"Point","coordinates":[-0.5053,51.39314]}},{"type":"Feature","properties":{"id":"ih-muze-159","kind":"poi","name":"Waterloo Block","theme":"muze","lab":1},"geometry":{"type":"Point","coordinates":[-0.07602,51.50861]}},{"type":"Feature","properties":{"id":"ih-muze-160","kind":"poi","name":"Ragged School Museum","theme":"muze","lab":1},"geometry":{"type":"Point","coordinates":[-0.03574,51.51879]}},{"type":"Feature","properties":{"id":"ih-muze-161","kind":"poi","name":"Museum of Brands","theme":"muze","lab":1},"geometry":{"type":"Point","coordinates":[-0.211,51.51625]}},{"type":"Feature","properties":{"id":"ih-muze-162","kind":"poi","name":"Wimbledon Windmill Museum","theme":"muze","lab":1},"geometry":{"type":"Point","coordinates":[-0.23162,51.43766]}},{"type":"Feature","properties":{"id":"ih-muze-163","kind":"poi","name":"Heath Robinson Museum","theme":"muze","lab":1},"geometry":{"type":"Point","coordinates":[-0.38668,51.59272]}},{"type":"Feature","properties":{"id":"ih-muze-164","kind":"poi","name":"Museum of Wimbledon","theme":"muze","lab":1},"geometry":{"type":"Point","coordinates":[-0.21666,51.42334]}},{"type":"Feature","properties":{"id":"ih-muze-165","kind":"poi","name":"Wandle Industrial Museum","theme":"muze","lab":1},"geometry":{"type":"Point","coordinates":[-0.16807,51.40228]}},{"type":"Feature","properties":{"id":"ih-muze-166","kind":"poi","name":"Camera Museum","theme":"muze","lab":1},"geometry":{"type":"Point","coordinates":[-0.12521,51.51769]}},{"type":"Feature","properties":{"id":"ih-muze-167","kind":"poi","name":"Harrow Museum","theme":"muze","lab":1},"geometry":{"type":"Point","coordinates":[-0.35438,51.59458]}},{"type":"Feature","properties":{"id":"ih-muze-168","kind":"poi","name":"Polish Institute and Sikorski Museum","theme":"muze","lab":1},"geometry":{"type":"Point","coordinates":[-0.17286,51.50144]}},{"type":"Feature","properties":{"id":"ih-muze-169","kind":"poi","name":"Design Museum","theme":"muze","lab":1},"geometry":{"type":"Point","coordinates":[-0.20017,51.49989]}},{"type":"Feature","properties":{"id":"ih-muze-170","kind":"poi","name":"Madame Tussauds","theme":"muze","lab":1},"geometry":{"type":"Point","coordinates":[-0.15487,51.5229]}},{"type":"Feature","properties":{"id":"ih-muze-171","kind":"poi","name":"Send and Ripley History Society Museum","theme":"muze","lab":1},"geometry":{"type":"Point","coordinates":[-0.49542,51.29895]}},{"type":"Feature","properties":{"id":"ih-muze-172","kind":"poi","name":"Eel Pie Island Museum","theme":"muze","lab":1},"geometry":{"type":"Point","coordinates":[-0.3256,51.44837]}},{"type":"Feature","properties":{"id":"ih-muze-173","kind":"poi","name":"Watford Museum","theme":"muze","lab":1},"geometry":{"type":"Point","coordinates":[-0.39117,51.65204]}},{"type":"Feature","properties":{"id":"ih-muze-174","kind":"poi","name":"London Museum of Water and Steam","theme":"muze","lab":1},"geometry":{"type":"Point","coordinates":[-0.29041,51.48899]}},{"type":"Feature","properties":{"id":"ih-muze-175","kind":"poi","name":"RAF Hornchurch Heritage Centre","theme":"muze","lab":1},"geometry":{"type":"Point","coordinates":[0.21599,51.54587]}},{"type":"Feature","properties":{"id":"ih-muze-176","kind":"poi","name":"Dr. Johnsons House","theme":"muze","lab":1},"geometry":{"type":"Point","coordinates":[-0.10816,51.51504]}},{"type":"Feature","properties":{"id":"ih-muze-177","kind":"poi","name":"Eastbury Manor House","theme":"muze","lab":1},"geometry":{"type":"Point","coordinates":[0.09943,51.53431]}},{"type":"Feature","properties":{"id":"ih-muze-178","kind":"poi","name":"Black Cultural Archive","theme":"muze","lab":1},"geometry":{"type":"Point","coordinates":[-0.11467,51.46051]}},{"type":"Feature","properties":{"id":"ih-muze-179","kind":"poi","name":"Carlyle's House","theme":"muze","lab":1},"geometry":{"type":"Point","coordinates":[-0.16979,51.48411]}},{"type":"Feature","properties":{"id":"ih-muze-180","kind":"poi","name":"Brunel Museum","theme":"muze","lab":1},"geometry":{"type":"Point","coordinates":[-0.05286,51.50164]}},{"type":"Feature","properties":{"id":"ih-muze-181","kind":"poi","name":"Epping Forest District Museum","theme":"muze","lab":1},"geometry":{"type":"Point","coordinates":[0.00036,51.68667]}},{"type":"Feature","properties":{"id":"ih-muze-182","kind":"poi","name":"Waltham Abbey Royal Gunpowder Mills","theme":"muze","lab":1},"geometry":{"type":"Point","coordinates":[-0.00761,51.69764]}},{"type":"Feature","properties":{"id":"ih-muze-183","kind":"poi","name":"SOAS Gallery","theme":"muze","lab":1},"geometry":{"type":"Point","coordinates":[-0.12873,51.5218]}},{"type":"Feature","properties":{"id":"ih-muze-184","kind":"poi","name":"Fitzroy House","theme":"muze","lab":1},"geometry":{"type":"Point","coordinates":[-0.13912,51.52252]}},{"type":"Feature","properties":{"id":"ih-muze-185","kind":"poi","name":"Highgate School Museum","theme":"muze","lab":1},"geometry":{"type":"Point","coordinates":[-0.14875,51.57229]}},{"type":"Feature","properties":{"id":"ih-muze-186","kind":"poi","name":"International Heritage Centre","theme":"muze","lab":1},"geometry":{"type":"Point","coordinates":[-0.08851,51.46764]}},{"type":"Feature","properties":{"id":"ih-muze-187","kind":"poi","name":"Lord's MCC Cricket Museum","theme":"muze","lab":1},"geometry":{"type":"Point","coordinates":[-0.1743,51.52895]}},{"type":"Feature","properties":{"id":"ih-muze-188","kind":"poi","name":"Bruce Castle Museum","theme":"muze","lab":1},"geometry":{"type":"Point","coordinates":[-0.07537,51.5991]}},{"type":"Feature","properties":{"id":"ih-muze-189","kind":"poi","name":"1940's Experience","theme":"muze","lab":1},"geometry":{"type":"Point","coordinates":[-0.37256,51.65899]}},{"type":"Feature","properties":{"id":"ih-hastane-0","kind":"poi","name":"Watford General Hospital","theme":"hastane","lab":1},"geometry":{"type":"Point","coordinates":[-0.40204,51.64853]}},{"type":"Feature","properties":{"id":"ih-hastane-1","kind":"poi","name":"St George's Hospital","theme":"hastane","lab":1},"geometry":{"type":"Point","coordinates":[-0.17521,51.42644]}},{"type":"Feature","properties":{"id":"ih-hastane-2","kind":"poi","name":"St. Helier Hospital","theme":"hastane","lab":1},"geometry":{"type":"Point","coordinates":[-0.18458,51.38038]}},{"type":"Feature","properties":{"id":"ih-hastane-3","kind":"poi","name":"Ashford Hospital","theme":"hastane","lab":1},"geometry":{"type":"Point","coordinates":[-0.47337,51.44439]}},{"type":"Feature","properties":{"id":"ih-hastane-4","kind":"poi","name":"Tolworth Hospital","theme":"hastane","lab":1},"geometry":{"type":"Point","coordinates":[-0.28919,51.37949]}},{"type":"Feature","properties":{"id":"ih-hastane-5","kind":"poi","name":"Hillingdon Hospital","theme":"hastane","lab":1},"geometry":{"type":"Point","coordinates":[-0.46146,51.52555]}},{"type":"Feature","properties":{"id":"ih-hastane-6","kind":"poi","name":"Newham University Hospital","theme":"hastane","lab":1},"geometry":{"type":"Point","coordinates":[0.03664,51.52167]}},{"type":"Feature","properties":{"id":"ih-hastane-7","kind":"poi","name":"The Princess Grace Hospital","theme":"hastane","lab":1},"geometry":{"type":"Point","coordinates":[-0.15291,51.52249]}},{"type":"Feature","properties":{"id":"ih-hastane-8","kind":"poi","name":"Royal Brompton Hospital","theme":"hastane","lab":1},"geometry":{"type":"Point","coordinates":[-0.17097,51.48917]}},{"type":"Feature","properties":{"id":"ih-hastane-9","kind":"poi","name":"Evelina London Children's Hospital","theme":"hastane","lab":1},"geometry":{"type":"Point","coordinates":[-0.11839,51.49832]}},{"type":"Feature","properties":{"id":"ih-hastane-10","kind":"poi","name":"St Thomas' Hospital","theme":"hastane","lab":1},"geometry":{"type":"Point","coordinates":[-0.11873,51.4991]}},{"type":"Feature","properties":{"id":"ih-hastane-11","kind":"poi","name":"Cleveland Clinic London","theme":"hastane","lab":1},"geometry":{"type":"Point","coordinates":[-0.14875,51.49939]}},{"type":"Feature","properties":{"id":"ih-hastane-12","kind":"poi","name":"Queens Hospital","theme":"hastane","lab":1},"geometry":{"type":"Point","coordinates":[0.18102,51.56872]}},{"type":"Feature","properties":{"id":"ih-hastane-13","kind":"poi","name":"Mile End Hospital","theme":"hastane","lab":1},"geometry":{"type":"Point","coordinates":[-0.04217,51.52505]}},{"type":"Feature","properties":{"id":"ih-hastane-14","kind":"poi","name":"King's College Hospital","theme":"hastane","lab":1},"geometry":{"type":"Point","coordinates":[-0.09365,51.46843]}},{"type":"Feature","properties":{"id":"ih-hastane-15","kind":"poi","name":"Harefield Hospital","theme":"hastane","lab":1},"geometry":{"type":"Point","coordinates":[-0.4852,51.60711]}},{"type":"Feature","properties":{"id":"ih-hastane-16","kind":"poi","name":"University College Hospital","theme":"hastane","lab":1},"geometry":{"type":"Point","coordinates":[-0.13644,51.52487]}},{"type":"Feature","properties":{"id":"ih-hastane-17","kind":"poi","name":"Weymouth Street Hospital","theme":"hastane","lab":1},"geometry":{"type":"Point","coordinates":[-0.15054,51.52024]}},{"type":"Feature","properties":{"id":"ih-hastane-18","kind":"poi","name":"Cassel Hospital","theme":"hastane","lab":1},"geometry":{"type":"Point","coordinates":[-0.30906,51.43241]}},{"type":"Feature","properties":{"id":"ih-hastane-19","kind":"poi","name":"Nuffield Health Highgate Hospital","theme":"hastane","lab":1},"geometry":{"type":"Point","coordinates":[-0.15705,51.57665]}},{"type":"Feature","properties":{"id":"ih-hastane-20","kind":"poi","name":"Great Ormond Street Hospital for Children","theme":"hastane","lab":1},"geometry":{"type":"Point","coordinates":[-0.1204,51.52247]}},{"type":"Feature","properties":{"id":"ih-hastane-21","kind":"poi","name":"Princess Royal University Hospital","theme":"hastane","lab":1},"geometry":{"type":"Point","coordinates":[0.05806,51.3662]}},{"type":"Feature","properties":{"id":"ih-hastane-22","kind":"poi","name":"Royal London Hospital","theme":"hastane","lab":1},"geometry":{"type":"Point","coordinates":[-0.05992,51.51745]}},{"type":"Feature","properties":{"id":"ih-hastane-23","kind":"poi","name":"Guy's Hospital","theme":"hastane","lab":1},"geometry":{"type":"Point","coordinates":[-0.08683,51.50323]}},{"type":"Feature","properties":{"id":"ih-hastane-24","kind":"poi","name":"Goodmayes Hospital","theme":"hastane","lab":1},"geometry":{"type":"Point","coordinates":[0.11123,51.57739]}},{"type":"Feature","properties":{"id":"ih-hastane-25","kind":"poi","name":"Royal Free Hospital","theme":"hastane","lab":1},"geometry":{"type":"Point","coordinates":[-0.16546,51.55302]}},{"type":"Feature","properties":{"id":"ih-hastane-26","kind":"poi","name":"Cromwell Hospital","theme":"hastane","lab":1},"geometry":{"type":"Point","coordinates":[-0.19114,51.49522]}},{"type":"Feature","properties":{"id":"ih-hastane-27","kind":"poi","name":"University College Hospital at Westmoreland Street","theme":"hastane","lab":1},"geometry":{"type":"Point","coordinates":[-0.14966,51.51961]}},{"type":"Feature","properties":{"id":"ih-hastane-28","kind":"poi","name":"Potters Bar Clinic","theme":"hastane","lab":1},"geometry":{"type":"Point","coordinates":[-0.17778,51.68655]}},{"type":"Feature","properties":{"id":"ih-hastane-29","kind":"poi","name":"St Peter's Hospital","theme":"hastane","lab":1},"geometry":{"type":"Point","coordinates":[-0.52692,51.37711]}},{"type":"Feature","properties":{"id":"ih-hastane-30","kind":"poi","name":"National Hospital for Neurology and Neurosurgery","theme":"hastane","lab":1},"geometry":{"type":"Point","coordinates":[-0.12247,51.52219]}},{"type":"Feature","properties":{"id":"ih-hastane-31","kind":"poi","name":"The Portland Hospital","theme":"hastane","lab":1},"geometry":{"type":"Point","coordinates":[-0.14436,51.52302]}},{"type":"Feature","properties":{"id":"ih-hastane-32","kind":"poi","name":"St Ann's Hospital","theme":"hastane","lab":1},"geometry":{"type":"Point","coordinates":[-0.08832,51.58022]}},{"type":"Feature","properties":{"id":"ih-hastane-33","kind":"poi","name":"North Middlesex University Hospital","theme":"hastane","lab":1},"geometry":{"type":"Point","coordinates":[-0.07354,51.61328]}},{"type":"Feature","properties":{"id":"ih-hastane-34","kind":"poi","name":"Hammersmith Hospital","theme":"hastane","lab":1},"geometry":{"type":"Point","coordinates":[-0.23529,51.51739]}},{"type":"Feature","properties":{"id":"ih-hastane-35","kind":"poi","name":"Barnet Hospital","theme":"hastane","lab":1},"geometry":{"type":"Point","coordinates":[-0.21456,51.65091]}},{"type":"Feature","properties":{"id":"ih-hastane-36","kind":"poi","name":"Barnes Hospital","theme":"hastane","lab":1},"geometry":{"type":"Point","coordinates":[-0.25586,51.46721]}},{"type":"Feature","properties":{"id":"ih-hastane-37","kind":"poi","name":"Northwick Park Hospital","theme":"hastane","lab":1},"geometry":{"type":"Point","coordinates":[-0.32153,51.57533]}},{"type":"Feature","properties":{"id":"ih-hastane-38","kind":"poi","name":"Queen Mary's Hospital","theme":"hastane","lab":1},"geometry":{"type":"Point","coordinates":[0.10393,51.41875]}},{"type":"Feature","properties":{"id":"ih-hastane-39","kind":"poi","name":"St Mark's","theme":"hastane","lab":1},"geometry":{"type":"Point","coordinates":[-0.32017,51.57599]}},{"type":"Feature","properties":{"id":"ih-hastane-40","kind":"poi","name":"Kingston Hospital","theme":"hastane","lab":1},"geometry":{"type":"Point","coordinates":[-0.28268,51.41492]}},{"type":"Feature","properties":{"id":"ih-hastane-41","kind":"poi","name":"Finchley Memorial Hospital","theme":"hastane","lab":1},"geometry":{"type":"Point","coordinates":[-0.17701,51.60561]}},{"type":"Feature","properties":{"id":"ih-hastane-42","kind":"poi","name":"Chase Farm Hospital","theme":"hastane","lab":1},"geometry":{"type":"Point","coordinates":[-0.10256,51.66708]}},{"type":"Feature","properties":{"id":"ih-hastane-43","kind":"poi","name":"St Anthony's","theme":"hastane","lab":1},"geometry":{"type":"Point","coordinates":[-0.22073,51.3799]}},{"type":"Feature","properties":{"id":"ih-hastane-44","kind":"poi","name":"Central Middlesex Hospital","theme":"hastane","lab":1},"geometry":{"type":"Point","coordinates":[-0.26761,51.53148]}},{"type":"Feature","properties":{"id":"ih-hastane-45","kind":"poi","name":"Lambeth Hospital","theme":"hastane","lab":1},"geometry":{"type":"Point","coordinates":[-0.1225,51.46533]}},{"type":"Feature","properties":{"id":"ih-hastane-46","kind":"poi","name":"Croydon University Hospital","theme":"hastane","lab":1},"geometry":{"type":"Point","coordinates":[-0.11006,51.39012]}},{"type":"Feature","properties":{"id":"ih-hastane-47","kind":"poi","name":"West Middlesex Hospital","theme":"hastane","lab":1},"geometry":{"type":"Point","coordinates":[-0.32441,51.47308]}},{"type":"Feature","properties":{"id":"ih-hastane-48","kind":"poi","name":"Caterham Dene Hospital & Minor Injuries Unit","theme":"hastane","lab":1},"geometry":{"type":"Point","coordinates":[-0.08554,51.28381]}},{"type":"Feature","properties":{"id":"ih-hastane-49","kind":"poi","name":"St Charles' Hospital","theme":"hastane","lab":1},"geometry":{"type":"Point","coordinates":[-0.21761,51.52222]}},{"type":"Feature","properties":{"id":"ih-hastane-50","kind":"poi","name":"Bethlem Royal Hospital","theme":"hastane","lab":1},"geometry":{"type":"Point","coordinates":[-0.03168,51.38263]}},{"type":"Feature","properties":{"id":"ih-hastane-51","kind":"poi","name":"Whipps Cross University Hospital","theme":"hastane","lab":1},"geometry":{"type":"Point","coordinates":[0.00204,51.57752]}},{"type":"Feature","properties":{"id":"ih-hastane-52","kind":"poi","name":"Potters Bar Community Hospital","theme":"hastane","lab":1},"geometry":{"type":"Point","coordinates":[-0.17742,51.68717]}},{"type":"Feature","properties":{"id":"ih-hastane-53","kind":"poi","name":"St. Pancras Hospital","theme":"hastane","lab":1},"geometry":{"type":"Point","coordinates":[-0.1314,51.53628]}},{"type":"Feature","properties":{"id":"ih-hastane-54","kind":"poi","name":"Homerton University Hospital","theme":"hastane","lab":1},"geometry":{"type":"Point","coordinates":[-0.04551,51.55065]}},{"type":"Feature","properties":{"id":"ih-hastane-55","kind":"poi","name":"St Mary's Hospital","theme":"hastane","lab":1},"geometry":{"type":"Point","coordinates":[-0.17428,51.51748]}},{"type":"Feature","properties":{"id":"ih-hastane-56","kind":"poi","name":"Mount Vernon","theme":"hastane","lab":1},"geometry":{"type":"Point","coordinates":[-0.44597,51.61563]}},{"type":"Feature","properties":{"id":"ih-hastane-57","kind":"poi","name":"Royal National Orthopaedic Hospital","theme":"hastane","lab":1},"geometry":{"type":"Point","coordinates":[-0.31084,51.63159]}},{"type":"Feature","properties":{"id":"ih-hastane-58","kind":"poi","name":"The Whittington Hospital","theme":"hastane","lab":1},"geometry":{"type":"Point","coordinates":[-0.13932,51.56664]}},{"type":"Feature","properties":{"id":"ih-hastane-59","kind":"poi","name":"The Royal Marsden Hospital","theme":"hastane","lab":1},"geometry":{"type":"Point","coordinates":[-0.17255,51.49057]}},{"type":"Feature","properties":{"id":"ih-hastane-60","kind":"poi","name":"The London Welbeck Hospital","theme":"hastane","lab":1},"geometry":{"type":"Point","coordinates":[-0.14938,51.51825]}},{"type":"Feature","properties":{"id":"ih-hastane-61","kind":"poi","name":"Lister Hospital","theme":"hastane","lab":1},"geometry":{"type":"Point","coordinates":[-0.15018,51.48642]}},{"type":"Feature","properties":{"id":"ih-hastane-62","kind":"poi","name":"Gordon Hospital","theme":"hastane","lab":1},"geometry":{"type":"Point","coordinates":[-0.13595,51.49217]}},{"type":"Feature","properties":{"id":"ih-hastane-63","kind":"poi","name":"Royal Hospital for Neuro-Disability","theme":"hastane","lab":1},"geometry":{"type":"Point","coordinates":[-0.21393,51.45198]}},{"type":"Feature","properties":{"id":"ih-hastane-64","kind":"poi","name":"Darent Valley Hospital","theme":"hastane","lab":1},"geometry":{"type":"Point","coordinates":[0.25709,51.43473]}},{"type":"Feature","properties":{"id":"ih-hastane-65","kind":"poi","name":"Edgware Community Hospital","theme":"hastane","lab":1},"geometry":{"type":"Point","coordinates":[-0.27097,51.60648]}},{"type":"Feature","properties":{"id":"ih-hastane-66","kind":"poi","name":"St Bartholomew's Hospital","theme":"hastane","lab":1},"geometry":{"type":"Point","coordinates":[-0.10008,51.51753]}},{"type":"Feature","properties":{"id":"ih-hastane-67","kind":"poi","name":"Charing Cross Hospital","theme":"hastane","lab":1},"geometry":{"type":"Point","coordinates":[-0.21976,51.48692]}},{"type":"Feature","properties":{"id":"ih-hastane-68","kind":"poi","name":"Queen Elizabeth Hospital","theme":"hastane","lab":1},"geometry":{"type":"Point","coordinates":[0.05026,51.47785]}},{"type":"Feature","properties":{"id":"ih-hastane-69","kind":"poi","name":"Epsom General Hospital","theme":"hastane","lab":1},"geometry":{"type":"Point","coordinates":[-0.27314,51.32515]}},{"type":"Feature","properties":{"id":"ih-hastane-70","kind":"poi","name":"St. Ebba's Hospital","theme":"hastane","lab":1},"geometry":{"type":"Point","coordinates":[-0.27305,51.35077]}},{"type":"Feature","properties":{"id":"ih-hastane-71","kind":"poi","name":"Moorfields Eye Hospital (City Road campus)","theme":"hastane","lab":1},"geometry":{"type":"Point","coordinates":[-0.09022,51.52726]}},{"type":"Feature","properties":{"id":"ih-hastane-72","kind":"poi","name":"London Bridge Hospital","theme":"hastane","lab":1},"geometry":{"type":"Point","coordinates":[-0.08604,51.50613]}},{"type":"Feature","properties":{"id":"ih-hastane-73","kind":"poi","name":"Barking Community Hospital","theme":"hastane","lab":1},"geometry":{"type":"Point","coordinates":[0.09882,51.53879]}},{"type":"Feature","properties":{"id":"ih-hastane-74","kind":"poi","name":"University Hospital Lewisham","theme":"hastane","lab":1},"geometry":{"type":"Point","coordinates":[-0.01792,51.45378]}},{"type":"Feature","properties":{"id":"ih-hastane-75","kind":"poi","name":"Mildmay Mission Hospital","theme":"hastane","lab":1},"geometry":{"type":"Point","coordinates":[-0.07558,51.52773]}},{"type":"Feature","properties":{"id":"ih-hastane-76","kind":"poi","name":"Erith and District Hospital","theme":"hastane","lab":1},"geometry":{"type":"Point","coordinates":[0.16677,51.47696]}},{"type":"Feature","properties":{"id":"ih-hastane-77","kind":"poi","name":"Nightingale Hospital","theme":"hastane","lab":1},"geometry":{"type":"Point","coordinates":[-0.16522,51.52181]}},{"type":"Feature","properties":{"id":"ih-hastane-78","kind":"poi","name":"Hospital of St John and St Elizabeth","theme":"hastane","lab":1},"geometry":{"type":"Point","coordinates":[-0.17498,51.53327]}},{"type":"Feature","properties":{"id":"ih-hastane-79","kind":"poi","name":"Memorial Hospital","theme":"hastane","lab":1},"geometry":{"type":"Point","coordinates":[0.06351,51.46778]}},{"type":"Feature","properties":{"id":"ih-hastane-80","kind":"poi","name":"Teddington Memorial Hospital","theme":"hastane","lab":1},"geometry":{"type":"Point","coordinates":[-0.34109,51.42569]}},{"type":"Feature","properties":{"id":"ih-hastane-81","kind":"poi","name":"Beckenham Beacon","theme":"hastane","lab":1},"geometry":{"type":"Point","coordinates":[-0.033,51.4052]}},{"type":"Feature","properties":{"id":"ih-hastane-82","kind":"poi","name":"Chelsea and Westminster Hospital","theme":"hastane","lab":1},"geometry":{"type":"Point","coordinates":[-0.18144,51.48439]}},{"type":"Feature","properties":{"id":"ih-hastane-83","kind":"poi","name":"King George Hospital","theme":"hastane","lab":1},"geometry":{"type":"Point","coordinates":[0.11126,51.58025]}},{"type":"Feature","properties":{"id":"ih-hastane-84","kind":"poi","name":"Eltham Community Hospital","theme":"hastane","lab":1},"geometry":{"type":"Point","coordinates":[0.05372,51.44924]}},{"type":"Feature","properties":{"id":"ih-hastane-85","kind":"poi","name":"Queen Charlotte's & Chelsea Hospital","theme":"hastane","lab":1},"geometry":{"type":"Point","coordinates":[-0.23734,51.51638]}},{"type":"Feature","properties":{"id":"ih-hastane-86","kind":"poi","name":"Orpington Hospital","theme":"hastane","lab":1},"geometry":{"type":"Point","coordinates":[0.0948,51.36248]}},{"type":"Feature","properties":{"id":"ih-hastane-87","kind":"poi","name":"Chelsfield Park Hospital","theme":"hastane","lab":1},"geometry":{"type":"Point","coordinates":[0.13167,51.35826]}},{"type":"Feature","properties":{"id":"ih-hastane-88","kind":"poi","name":"Suttons Manor Hospital","theme":"hastane","lab":1},"geometry":{"type":"Point","coordinates":[0.18444,51.66097]}},{"type":"Feature","properties":{"id":"ih-hastane-89","kind":"poi","name":"Cobham Day Surgery","theme":"hastane","lab":1},"geometry":{"type":"Point","coordinates":[-0.4079,51.33476]}}]}