{"type":"FeatureCollection","features":[{"type":"Feature","properties":{"id":"ke-tarihi-0","kind":"poi","name":"HMS Belfast","theme":"tarihi","lab":1},"geometry":{"type":"Point","coordinates":[-0.08131,51.50656]}},{"type":"Feature","properties":{"id":"ke-tarihi-1","kind":"poi","name":"Banqueting House","theme":"tarihi","lab":1},"geometry":{"type":"Point","coordinates":[-0.12592,51.50458]}},{"type":"Feature","properties":{"id":"ke-tarihi-2","kind":"poi","name":"London Eye","theme":"tarihi","lab":1},"geometry":{"type":"Point","coordinates":[-0.11968,51.50334]}},{"type":"Feature","properties":{"id":"ke-tarihi-3","kind":"poi","name":"Elizabeth Tower","theme":"tarihi","lab":1},"geometry":{"type":"Point","coordinates":[-0.12457,51.5007]}},{"type":"Feature","properties":{"id":"ke-tarihi-4","kind":"poi","name":"Tower Bridge","theme":"tarihi","lab":1},"geometry":{"type":"Point","coordinates":[-0.07537,51.50552]}},{"type":"Feature","properties":{"id":"ke-tarihi-5","kind":"poi","name":"Camden Market","theme":"tarihi","lab":1},"geometry":{"type":"Point","coordinates":[-0.14719,51.54238]}},{"type":"Feature","properties":{"id":"ke-tarihi-6","kind":"poi","name":"Royal Air Force Memorial","theme":"tarihi","lab":1},"geometry":{"type":"Point","coordinates":[-0.12308,51.50399]}},{"type":"Feature","properties":{"id":"ke-tarihi-7","kind":"poi","name":"London Bridge Experience","theme":"tarihi","lab":1},"geometry":{"type":"Point","coordinates":[-0.08827,51.50638]}},{"type":"Feature","properties":{"id":"ke-tarihi-8","kind":"poi","name":"Cyberdog","theme":"tarihi","lab":1},"geometry":{"type":"Point","coordinates":[-0.14743,51.54222]}},{"type":"Feature","properties":{"id":"ke-tarihi-9","kind":"poi","name":"Crown Court","theme":"tarihi","lab":1},"geometry":{"type":"Point","coordinates":[-0.12098,51.51342]}},{"type":"Feature","properties":{"id":"ke-tarihi-10","kind":"poi","name":"Roman Baths","theme":"tarihi","lab":1},"geometry":{"type":"Point","coordinates":[-0.11578,51.51177]}},{"type":"Feature","properties":{"id":"ke-tarihi-11","kind":"poi","name":"Police Public Callbox","theme":"tarihi","lab":1},"geometry":{"type":"Point","coordinates":[-0.1527,51.51179]}},{"type":"Feature","properties":{"id":"ke-tarihi-12","kind":"poi","name":"Shirley Windmill","theme":"tarihi","lab":1},"geometry":{"type":"Point","coordinates":[-0.05485,51.36889]}},{"type":"Feature","properties":{"id":"ke-tarihi-13","kind":"poi","name":"The Temple","theme":"tarihi","lab":1},"geometry":{"type":"Point","coordinates":[0.04223,51.56781]}},{"type":"Feature","properties":{"id":"ke-tarihi-14","kind":"poi","name":"Novelty Automation","theme":"tarihi","lab":1},"geometry":{"type":"Point","coordinates":[-0.11691,51.51969]}},{"type":"Feature","properties":{"id":"ke-tarihi-15","kind":"poi","name":"Bridge Theatre","theme":"tarihi","lab":1},"geometry":{"type":"Point","coordinates":[-0.07732,51.5041]}},{"type":"Feature","properties":{"id":"ke-tarihi-16","kind":"poi","name":"Bearmans Department Store","theme":"tarihi","lab":1},"geometry":{"type":"Point","coordinates":[0.01129,51.56894]}},{"type":"Feature","properties":{"id":"ke-tarihi-17","kind":"poi","name":"Western Quarry","theme":"tarihi","lab":1},"geometry":{"type":"Point","coordinates":[0.27095,51.43888]}},{"type":"Feature","properties":{"id":"ke-tarihi-18","kind":"poi","name":"Kensington Gardens","theme":"tarihi","lab":1},"geometry":{"type":"Point","coordinates":[-0.1802,51.50665]}},{"type":"Feature","properties":{"id":"ke-tarihi-19","kind":"poi","name":"Finsbury Park","theme":"tarihi","lab":1},"geometry":{"type":"Point","coordinates":[-0.10105,51.57026]}},{"type":"Feature","properties":{"id":"ke-tarihi-20","kind":"poi","name":"St Pancras International Station","theme":"tarihi","lab":1},"geometry":{"type":"Point","coordinates":[-0.12659,51.53198]}},{"type":"Feature","properties":{"id":"ke-tarihi-21","kind":"poi","name":"Greenwich Park","theme":"tarihi","lab":1},"geometry":{"type":"Point","coordinates":[0.0011,51.47718]}},{"type":"Feature","properties":{"id":"ke-tarihi-22","kind":"poi","name":"Alexandra Palace","theme":"tarihi","lab":1},"geometry":{"type":"Point","coordinates":[-0.13087,51.59426]}},{"type":"Feature","properties":{"id":"ke-tarihi-23","kind":"poi","name":"Brompton Cemetery","theme":"tarihi","lab":1},"geometry":{"type":"Point","coordinates":[-0.19079,51.48515]}},{"type":"Feature","properties":{"id":"ke-tarihi-24","kind":"poi","name":"St Pancras Renaissance London Hotel","theme":"tarihi","lab":1},"geometry":{"type":"Point","coordinates":[-0.12553,51.52988]}},{"type":"Feature","properties":{"id":"ke-tarihi-25","kind":"poi","name":"Eltham Palace","theme":"tarihi","lab":1},"geometry":{"type":"Point","coordinates":[0.04818,51.44709]}},{"type":"Feature","properties":{"id":"ke-tarihi-26","kind":"poi","name":"JCDecaux","theme":"tarihi","lab":1},"geometry":{"type":"Point","coordinates":[-0.31806,51.48561]}},{"type":"Feature","properties":{"id":"ke-tarihi-27","kind":"poi","name":"Marble Hill House","theme":"tarihi","lab":1},"geometry":{"type":"Point","coordinates":[-0.31332,51.44948]}},{"type":"Feature","properties":{"id":"ke-tarihi-28","kind":"poi","name":"St Luke's Community Centre","theme":"tarihi","lab":1},"geometry":{"type":"Point","coordinates":[0.01365,51.51193]}},{"type":"Feature","properties":{"id":"ke-tarihi-29","kind":"poi","name":"Ham House","theme":"tarihi","lab":1},"geometry":{"type":"Point","coordinates":[-0.31405,51.44423]}},{"type":"Feature","properties":{"id":"ke-tarihi-30","kind":"poi","name":"Saint Mary the Virgin","theme":"tarihi","lab":1},"geometry":{"type":"Point","coordinates":[0.24392,51.39456]}},{"type":"Feature","properties":{"id":"ke-tarihi-31","kind":"poi","name":"Registry Office","theme":"tarihi","lab":1},"geometry":{"type":"Point","coordinates":[0.0454,51.53959]}},{"type":"Feature","properties":{"id":"ke-tarihi-32","kind":"poi","name":"The Tattershall Castle","theme":"tarihi","lab":1},"geometry":{"type":"Point","coordinates":[-0.12255,51.50449]}},{"type":"Feature","properties":{"id":"ke-tarihi-33","kind":"poi","name":"St John the Baptist Church","theme":"tarihi","lab":1},"geometry":{"type":"Point","coordinates":[0.23211,51.41314]}},{"type":"Feature","properties":{"id":"ke-tarihi-34","kind":"poi","name":"Royal Opera House","theme":"tarihi","lab":1},"geometry":{"type":"Point","coordinates":[-0.1225,51.51288]}},{"type":"Feature","properties":{"id":"ke-tarihi-35","kind":"poi","name":"Outback","theme":"tarihi","lab":1},"geometry":{"type":"Point","coordinates":[-0.15681,51.53496]}},{"type":"Feature","properties":{"id":"ke-tarihi-36","kind":"poi","name":"The Walking Dead: The Ride","theme":"tarihi","lab":1},"geometry":{"type":"Point","coordinates":[-0.51331,51.40331]}},{"type":"Feature","properties":{"id":"ke-tarihi-37","kind":"poi","name":"Crossbones Graveyard","theme":"tarihi","lab":1},"geometry":{"type":"Point","coordinates":[-0.09316,51.50395]}},{"type":"Feature","properties":{"id":"ke-tarihi-38","kind":"poi","name":"Ascension Church Centre","theme":"tarihi","lab":1},"geometry":{"type":"Point","coordinates":[0.03722,51.51125]}},{"type":"Feature","properties":{"id":"ke-tarihi-39","kind":"poi","name":"Ranger's House","theme":"tarihi","lab":1},"geometry":{"type":"Point","coordinates":[-0.00161,51.47343]}},{"type":"Feature","properties":{"id":"ke-tarihi-40","kind":"poi","name":"National Trust - Claremont Landscape Gardens","theme":"tarihi","lab":1},"geometry":{"type":"Point","coordinates":[-0.37828,51.35628]}},{"type":"Feature","properties":{"id":"ke-tarihi-41","kind":"poi","name":"Saints Joseph and Padran","theme":"tarihi","lab":1},"geometry":{"type":"Point","coordinates":[-0.1174,51.55948]}},{"type":"Feature","properties":{"id":"ke-tarihi-42","kind":"poi","name":"The Parish Church of St Barnabas Bethnal Green","theme":"tarihi","lab":1},"geometry":{"type":"Point","coordinates":[-0.03998,51.53111]}},{"type":"Feature","properties":{"id":"ke-tarihi-43","kind":"poi","name":"St Michael & All Angels","theme":"tarihi","lab":1},"geometry":{"type":"Point","coordinates":[0.21183,51.43035]}},{"type":"Feature","properties":{"id":"ke-tarihi-44","kind":"poi","name":"The Royal Central School of Speech and Drama","theme":"tarihi","lab":1},"geometry":{"type":"Point","coordinates":[-0.17407,51.5443]}},{"type":"Feature","properties":{"id":"ke-tarihi-45","kind":"poi","name":"Saint John the Evangelist Church","theme":"tarihi","lab":1},"geometry":{"type":"Point","coordinates":[-0.30159,51.55268]}},{"type":"Feature","properties":{"id":"ke-tarihi-46","kind":"poi","name":"St Paul's Church","theme":"tarihi","lab":1},"geometry":{"type":"Point","coordinates":[-0.13072,51.54575]}},{"type":"Feature","properties":{"id":"ke-tarihi-47","kind":"poi","name":"Saint John of Jerusalem","theme":"tarihi","lab":1},"geometry":{"type":"Point","coordinates":[-0.04609,51.54042]}},{"type":"Feature","properties":{"id":"ke-tarihi-48","kind":"poi","name":"BFI IMAX","theme":"tarihi","lab":1},"geometry":{"type":"Point","coordinates":[-0.11363,51.50482]}},{"type":"Feature","properties":{"id":"ke-tarihi-49","kind":"poi","name":"Tower of All Hallows Staining","theme":"tarihi","lab":1},"geometry":{"type":"Point","coordinates":[-0.08044,51.51156]}},{"type":"Feature","properties":{"id":"ke-tarihi-50","kind":"poi","name":"St Peter Vauxhall","theme":"tarihi","lab":1},"geometry":{"type":"Point","coordinates":[-0.11867,51.48678]}},{"type":"Feature","properties":{"id":"ke-tarihi-51","kind":"poi","name":"Holy Trinity Church","theme":"tarihi","lab":1},"geometry":{"type":"Point","coordinates":[-0.15733,51.49316]}},{"type":"Feature","properties":{"id":"ke-tarihi-52","kind":"poi","name":"St Olave Hart Street","theme":"tarihi","lab":1},"geometry":{"type":"Point","coordinates":[-0.07947,51.5109]}},{"type":"Feature","properties":{"id":"ke-tarihi-53","kind":"poi","name":"St Katharine Cree","theme":"tarihi","lab":1},"geometry":{"type":"Point","coordinates":[-0.07901,51.51344]}},{"type":"Feature","properties":{"id":"ke-tarihi-54","kind":"poi","name":"Thames Tunnel","theme":"tarihi","lab":1},"geometry":{"type":"Point","coordinates":[-0.05411,51.5027]}},{"type":"Feature","properties":{"id":"ke-tarihi-55","kind":"poi","name":"St Michael Paternoster Royal","theme":"tarihi","lab":1},"geometry":{"type":"Point","coordinates":[-0.09208,51.5112]}},{"type":"Feature","properties":{"id":"ke-tarihi-56","kind":"poi","name":"SAW - The Ride","theme":"tarihi","lab":1},"geometry":{"type":"Point","coordinates":[-0.51185,51.40255]}},{"type":"Feature","properties":{"id":"ke-tarihi-57","kind":"poi","name":"Tower Hamlets Cemetery Park","theme":"tarihi","lab":1},"geometry":{"type":"Point","coordinates":[-0.02734,51.52295]}},{"type":"Feature","properties":{"id":"ke-tarihi-58","kind":"poi","name":"Eglwys Jewin Church","theme":"tarihi","lab":1},"geometry":{"type":"Point","coordinates":[-0.0952,51.52167]}},{"type":"Feature","properties":{"id":"ke-tarihi-59","kind":"poi","name":"The Semaphore Tower","theme":"tarihi","lab":1},"geometry":{"type":"Point","coordinates":[-0.43818,51.31523]}},{"type":"Feature","properties":{"id":"ke-tarihi-60","kind":"poi","name":"The Prospect of Whitby","theme":"tarihi","lab":1},"geometry":{"type":"Point","coordinates":[-0.05109,51.50707]}},{"type":"Feature","properties":{"id":"ke-tarihi-61","kind":"poi","name":"Ancient Church of St Mary The Virgin","theme":"tarihi","lab":1},"geometry":{"type":"Point","coordinates":[-0.32285,51.53192]}},{"type":"Feature","properties":{"id":"ke-tarihi-62","kind":"poi","name":"Red House","theme":"tarihi","lab":1},"geometry":{"type":"Point","coordinates":[0.13037,51.45541]}},{"type":"Feature","properties":{"id":"ke-tarihi-63","kind":"poi","name":"Westminster Bridge","theme":"tarihi","lab":1},"geometry":{"type":"Point","coordinates":[-0.12099,51.50083]}},{"type":"Feature","properties":{"id":"ke-tarihi-64","kind":"poi","name":"Camberwell New Cemetery Chapel","theme":"tarihi","lab":1},"geometry":{"type":"Point","coordinates":[-0.04654,51.4535]}},{"type":"Feature","properties":{"id":"ke-tarihi-65","kind":"poi","name":"All Hallows Staining","theme":"tarihi","lab":1},"geometry":{"type":"Point","coordinates":[-0.08034,51.51151]}},{"type":"Feature","properties":{"id":"ke-tarihi-66","kind":"poi","name":"The Windermere","theme":"tarihi","lab":1},"geometry":{"type":"Point","coordinates":[-0.30774,51.57052]}},{"type":"Feature","properties":{"id":"ke-tarihi-67","kind":"poi","name":"Grim's Dyke Hotel","theme":"tarihi","lab":1},"geometry":{"type":"Point","coordinates":[-0.35217,51.62314]}},{"type":"Feature","properties":{"id":"ke-tarihi-68","kind":"poi","name":"Winchester Palace","theme":"tarihi","lab":1},"geometry":{"type":"Point","coordinates":[-0.09096,51.50687]}},{"type":"Feature","properties":{"id":"ke-tarihi-69","kind":"poi","name":"Brockwell Lido","theme":"tarihi","lab":1},"geometry":{"type":"Point","coordinates":[-0.10649,51.45303]}},{"type":"Feature","properties":{"id":"ke-tarihi-70","kind":"poi","name":"Kyoto Garden","theme":"tarihi","lab":1},"geometry":{"type":"Point","coordinates":[-0.20456,51.50308]}},{"type":"Feature","properties":{"id":"ke-tarihi-71","kind":"poi","name":"Springfield House","theme":"tarihi","lab":1},"geometry":{"type":"Point","coordinates":[-0.05985,51.56911]}},{"type":"Feature","properties":{"id":"ke-tarihi-72","kind":"poi","name":"Gainsborough Primary School","theme":"tarihi","lab":1},"geometry":{"type":"Point","coordinates":[-0.02542,51.54617]}},{"type":"Feature","properties":{"id":"ke-tarihi-73","kind":"poi","name":"Hyde Park","theme":"tarihi","lab":1},"geometry":{"type":"Point","coordinates":[-0.16305,51.50741]}},{"type":"Feature","properties":{"id":"ke-tarihi-74","kind":"poi","name":"St. James's Park","theme":"tarihi","lab":1},"geometry":{"type":"Point","coordinates":[-0.13442,51.50311]}},{"type":"Feature","properties":{"id":"ke-tarihi-75","kind":"poi","name":"King Edward III's Manor House","theme":"tarihi","lab":1},"geometry":{"type":"Point","coordinates":[-0.0594,51.50022]}},{"type":"Feature","properties":{"id":"ke-tarihi-76","kind":"poi","name":"London Mithraeum","theme":"tarihi","lab":1},"geometry":{"type":"Point","coordinates":[-0.09068,51.51238]}},{"type":"Feature","properties":{"id":"ke-tarihi-77","kind":"poi","name":"Guildhall","theme":"tarihi","lab":1},"geometry":{"type":"Point","coordinates":[-0.09193,51.51586]}},{"type":"Feature","properties":{"id":"ke-tarihi-78","kind":"poi","name":"St George, Battersea Fields Parish","theme":"tarihi","lab":1},"geometry":{"type":"Point","coordinates":[-0.13785,51.47528]}},{"type":"Feature","properties":{"id":"ke-tarihi-79","kind":"poi","name":"UCKG Help Centre","theme":"tarihi","lab":1},"geometry":{"type":"Point","coordinates":[0.0279,51.52443]}},{"type":"Feature","properties":{"id":"ke-tarihi-80","kind":"poi","name":"Woodbridge Chapel","theme":"tarihi","lab":1},"geometry":{"type":"Point","coordinates":[-0.10411,51.52402]}},{"type":"Feature","properties":{"id":"ke-tarihi-81","kind":"poi","name":"St John's Jerusalem","theme":"tarihi","lab":1},"geometry":{"type":"Point","coordinates":[0.24024,51.41044]}},{"type":"Feature","properties":{"id":"ke-tarihi-82","kind":"poi","name":"Sutton House","theme":"tarihi","lab":1},"geometry":{"type":"Point","coordinates":[-0.05046,51.54848]}},{"type":"Feature","properties":{"id":"ke-tarihi-83","kind":"poi","name":"The Green Park","theme":"tarihi","lab":1},"geometry":{"type":"Point","coordinates":[-0.14417,51.50452]}},{"type":"Feature","properties":{"id":"ke-tarihi-84","kind":"poi","name":"London Paddington Railway Station","theme":"tarihi","lab":1},"geometry":{"type":"Point","coordinates":[-0.17749,51.51727]}},{"type":"Feature","properties":{"id":"ke-tarihi-85","kind":"poi","name":"The Salvation Army","theme":"tarihi","lab":1},"geometry":{"type":"Point","coordinates":[-0.33767,51.4274]}},{"type":"Feature","properties":{"id":"ke-tarihi-86","kind":"poi","name":"Woodlands Farm","theme":"tarihi","lab":1},"geometry":{"type":"Point","coordinates":[0.07955,51.46785]}},{"type":"Feature","properties":{"id":"ke-tarihi-87","kind":"poi","name":"The Green Man","theme":"tarihi","lab":1},"geometry":{"type":"Point","coordinates":[-0.41693,51.46558]}},{"type":"Feature","properties":{"id":"ke-tarihi-88","kind":"poi","name":"Concorde G-BOAB","theme":"tarihi","lab":1},"geometry":{"type":"Point","coordinates":[-0.43304,51.46697]}},{"type":"Feature","properties":{"id":"ke-tarihi-89","kind":"poi","name":"Royal Tank Regiment Memorial","theme":"tarihi","lab":1},"geometry":{"type":"Point","coordinates":[-0.12445,51.50613]}},{"type":"Feature","properties":{"id":"ke-tarihi-90","kind":"poi","name":"The Gurkha Soldier","theme":"tarihi","lab":1},"geometry":{"type":"Point","coordinates":[-0.125,51.50509]}},{"type":"Feature","properties":{"id":"ke-tarihi-91","kind":"poi","name":"Anglo-Belgian War Memorial","theme":"tarihi","lab":1},"geometry":{"type":"Point","coordinates":[-0.12074,51.50866]}},{"type":"Feature","properties":{"id":"ke-tarihi-92","kind":"poi","name":"Battle of Britain Memorial","theme":"tarihi","lab":1},"geometry":{"type":"Point","coordinates":[-0.12343,51.50294]}},{"type":"Feature","properties":{"id":"ke-tarihi-93","kind":"poi","name":"Douglas Haig","theme":"tarihi","lab":1},"geometry":{"type":"Point","coordinates":[-0.12624,51.50428]}},{"type":"Feature","properties":{"id":"ke-tarihi-94","kind":"poi","name":"Alan Brooke, 1st Viscount Alanbrooke","theme":"tarihi","lab":1},"geometry":{"type":"Point","coordinates":[-0.12581,51.50359]}},{"type":"Feature","properties":{"id":"ke-tarihi-95","kind":"poi","name":"Monty","theme":"tarihi","lab":1},"geometry":{"type":"Point","coordinates":[-0.12583,51.50337]}},{"type":"Feature","properties":{"id":"ke-tarihi-96","kind":"poi","name":"Epsom Downs Racecourse","theme":"tarihi","lab":1},"geometry":{"type":"Point","coordinates":[-0.25269,51.31]}},{"type":"Feature","properties":{"id":"ke-tarihi-97","kind":"poi","name":"Ruined Arch","theme":"tarihi","lab":1},"geometry":{"type":"Point","coordinates":[-0.29297,51.47389]}},{"type":"Feature","properties":{"id":"ke-tarihi-98","kind":"poi","name":"St Andrew's United Reformed Church","theme":"tarihi","lab":1},"geometry":{"type":"Point","coordinates":[-0.20982,51.3469]}},{"type":"Feature","properties":{"id":"ke-tarihi-99","kind":"poi","name":"Carshalton War Memorial","theme":"tarihi","lab":1},"geometry":{"type":"Point","coordinates":[-0.16429,51.36559]}},{"type":"Feature","properties":{"id":"ke-tarihi-100","kind":"poi","name":"Whitton Methodist Church","theme":"tarihi","lab":1},"geometry":{"type":"Point","coordinates":[-0.36189,51.44488]}},{"type":"Feature","properties":{"id":"ke-tarihi-101","kind":"poi","name":"William Booth","theme":"tarihi","lab":1},"geometry":{"type":"Point","coordinates":[-0.05424,51.52035]}},{"type":"Feature","properties":{"id":"ke-tarihi-102","kind":"poi","name":"Leonard Montefiore Drinking Fountain","theme":"tarihi","lab":1},"geometry":{"type":"Point","coordinates":[-0.04594,51.51853]}},{"type":"Feature","properties":{"id":"ke-tarihi-103","kind":"poi","name":"St. Paul's United Reformed Church","theme":"tarihi","lab":1},"geometry":{"type":"Point","coordinates":[-0.08362,51.36038]}},{"type":"Feature","properties":{"id":"ke-tarihi-104","kind":"poi","name":"Edward VII","theme":"tarihi","lab":1},"geometry":{"type":"Point","coordinates":[-0.05371,51.52047]}},{"type":"Feature","properties":{"id":"ke-tarihi-105","kind":"poi","name":"Eltham War Memorial","theme":"tarihi","lab":1},"geometry":{"type":"Point","coordinates":[0.05145,51.451]}},{"type":"Feature","properties":{"id":"ke-tarihi-106","kind":"poi","name":"Enfield War Memorial","theme":"tarihi","lab":1},"geometry":{"type":"Point","coordinates":[-0.08883,51.65391]}},{"type":"Feature","properties":{"id":"ke-tarihi-107","kind":"poi","name":"Speke Memorial","theme":"tarihi","lab":1},"geometry":{"type":"Point","coordinates":[-0.17917,51.50901]}},{"type":"Feature","properties":{"id":"ke-tarihi-108","kind":"poi","name":"Brentford Free Church","theme":"tarihi","lab":1},"geometry":{"type":"Point","coordinates":[-0.3072,51.48566]}},{"type":"Feature","properties":{"id":"ke-tarihi-109","kind":"poi","name":"St John's Church","theme":"tarihi","lab":1},"geometry":{"type":"Point","coordinates":[-0.17819,51.64809]}},{"type":"Feature","properties":{"id":"ke-tarihi-110","kind":"poi","name":"St Theodore","theme":"tarihi","lab":1},"geometry":{"type":"Point","coordinates":[-0.36885,51.41575]}},{"type":"Feature","properties":{"id":"ke-tarihi-111","kind":"poi","name":"Hampton Baptist Church","theme":"tarihi","lab":1},"geometry":{"type":"Point","coordinates":[-0.37139,51.41439]}},{"type":"Feature","properties":{"id":"ke-tarihi-112","kind":"poi","name":"Sir Corbett Woodall","theme":"tarihi","lab":1},"geometry":{"type":"Point","coordinates":[-0.00458,51.52351]}},{"type":"Feature","properties":{"id":"ke-tarihi-113","kind":"poi","name":"Three Bridges","theme":"tarihi","lab":1},"geometry":{"type":"Point","coordinates":[-0.35529,51.50438]}},{"type":"Feature","properties":{"id":"ke-tarihi-114","kind":"poi","name":"Isleworth War Memorial","theme":"tarihi","lab":1},"geometry":{"type":"Point","coordinates":[-0.32854,51.46918]}},{"type":"Feature","properties":{"id":"ke-tarihi-115","kind":"poi","name":"Harlington Baptist Church","theme":"tarihi","lab":1},"geometry":{"type":"Point","coordinates":[-0.43529,51.48692]}},{"type":"Feature","properties":{"id":"ke-tarihi-116","kind":"poi","name":"Lullingstone Roman Villa","theme":"tarihi","lab":1},"geometry":{"type":"Point","coordinates":[0.19642,51.36402]}},{"type":"Feature","properties":{"id":"ke-tarihi-117","kind":"poi","name":"Swanley War Memorial","theme":"tarihi","lab":1},"geometry":{"type":"Point","coordinates":[0.17231,51.3976]}},{"type":"Feature","properties":{"id":"ke-tarihi-118","kind":"poi","name":"George Grey's Obelisk","theme":"tarihi","lab":1},"geometry":{"type":"Point","coordinates":[-0.14253,51.66653]}},{"type":"Feature","properties":{"id":"ke-tarihi-119","kind":"poi","name":"New Zealand War Memorial","theme":"tarihi","lab":1},"geometry":{"type":"Point","coordinates":[-0.15021,51.50305]}},{"type":"Feature","properties":{"id":"ke-tarihi-120","kind":"poi","name":"London Buddhist Centre","theme":"tarihi","lab":1},"geometry":{"type":"Point","coordinates":[-0.05125,51.52803]}},{"type":"Feature","properties":{"id":"ke-tarihi-121","kind":"poi","name":"Sutton War Memorial","theme":"tarihi","lab":1},"geometry":{"type":"Point","coordinates":[-0.18997,51.36203]}},{"type":"Feature","properties":{"id":"ke-tarihi-122","kind":"poi","name":"Polish War Memorial","theme":"tarihi","lab":1},"geometry":{"type":"Point","coordinates":[-0.40028,51.54883]}},{"type":"Feature","properties":{"id":"ke-tarihi-123","kind":"poi","name":"Jacob","theme":"tarihi","lab":1},"geometry":{"type":"Point","coordinates":[-0.07433,51.50161]}},{"type":"Feature","properties":{"id":"ke-tarihi-124","kind":"poi","name":"Amyand Park Chapel","theme":"tarihi","lab":1},"geometry":{"type":"Point","coordinates":[-0.32119,51.45422]}},{"type":"Feature","properties":{"id":"ke-tarihi-125","kind":"poi","name":"Deptford War Memorial","theme":"tarihi","lab":1},"geometry":{"type":"Point","coordinates":[-0.02986,51.47094]}},{"type":"Feature","properties":{"id":"ke-tarihi-126","kind":"poi","name":"Malta Siege Memorial","theme":"tarihi","lab":1},"geometry":{"type":"Point","coordinates":[-0.07981,51.50944]}},{"type":"Feature","properties":{"id":"ke-tarihi-127","kind":"poi","name":"Hall Place and Gardens","theme":"tarihi","lab":1},"geometry":{"type":"Point","coordinates":[0.16023,51.44819]}},{"type":"Feature","properties":{"id":"ke-tarihi-128","kind":"poi","name":"Bockett's Farm Park","theme":"tarihi","lab":1},"geometry":{"type":"Point","coordinates":[-0.34336,51.28194]}},{"type":"Feature","properties":{"id":"ke-tarihi-129","kind":"poi","name":"Little Ben","theme":"tarihi","lab":1},"geometry":{"type":"Point","coordinates":[-0.14268,51.49646]}},{"type":"Feature","properties":{"id":"ke-tarihi-130","kind":"poi","name":"Saint Anselm's Church","theme":"tarihi","lab":1},"geometry":{"type":"Point","coordinates":[-0.15909,51.43568]}},{"type":"Feature","properties":{"id":"ke-tarihi-131","kind":"poi","name":"Arkley War Memorial","theme":"tarihi","lab":1},"geometry":{"type":"Point","coordinates":[-0.23185,51.64768]}},{"type":"Feature","properties":{"id":"ke-tarihi-132","kind":"poi","name":"The Coronation Stone","theme":"tarihi","lab":1},"geometry":{"type":"Point","coordinates":[-0.30675,51.4084]}},{"type":"Feature","properties":{"id":"ke-tarihi-133","kind":"poi","name":"Caesar's Camp","theme":"tarihi","lab":1},"geometry":{"type":"Point","coordinates":[-0.2408,51.42549]}},{"type":"Feature","properties":{"id":"ke-tarihi-134","kind":"poi","name":"Our Lady & St Thomas of Canterbury","theme":"tarihi","lab":1},"geometry":{"type":"Point","coordinates":[-0.34033,51.57655]}},{"type":"Feature","properties":{"id":"ke-tarihi-135","kind":"poi","name":"St Pancras Lock","theme":"tarihi","lab":1},"geometry":{"type":"Point","coordinates":[-0.12783,51.53621]}},{"type":"Feature","properties":{"id":"ke-tarihi-136","kind":"poi","name":"Hardy Tree","theme":"tarihi","lab":1},"geometry":{"type":"Point","coordinates":[-0.12974,51.53512]}},{"type":"Feature","properties":{"id":"ke-tarihi-137","kind":"poi","name":"Islington War Memorial","theme":"tarihi","lab":1},"geometry":{"type":"Point","coordinates":[-0.12095,51.561]}},{"type":"Feature","properties":{"id":"ke-tarihi-138","kind":"poi","name":"The Burghers Of Calais","theme":"tarihi","lab":1},"geometry":{"type":"Point","coordinates":[-0.12491,51.49748]}},{"type":"Feature","properties":{"id":"ke-tarihi-139","kind":"poi","name":"Seven Dials","theme":"tarihi","lab":1},"geometry":{"type":"Point","coordinates":[-0.127,51.51377]}},{"type":"Feature","properties":{"id":"ke-tarihi-140","kind":"poi","name":"Lumley Chapel","theme":"tarihi","lab":1},"geometry":{"type":"Point","coordinates":[-0.21603,51.36056]}},{"type":"Feature","properties":{"id":"ke-tarihi-141","kind":"poi","name":"Site of Nonsuch Palace","theme":"tarihi","lab":1},"geometry":{"type":"Point","coordinates":[-0.23895,51.35471]}},{"type":"Feature","properties":{"id":"ke-tarihi-142","kind":"poi","name":"Monument to the 2002 Bali bombings","theme":"tarihi","lab":1},"geometry":{"type":"Point","coordinates":[-0.12955,51.50241]}},{"type":"Feature","properties":{"id":"ke-tarihi-143","kind":"poi","name":"George III","theme":"tarihi","lab":1},"geometry":{"type":"Point","coordinates":[-0.13056,51.50778]}},{"type":"Feature","properties":{"id":"ke-tarihi-144","kind":"poi","name":"Winston Churchill","theme":"tarihi","lab":1},"geometry":{"type":"Point","coordinates":[-0.12643,51.50084]}},{"type":"Feature","properties":{"id":"ke-tarihi-145","kind":"poi","name":"Jan Smuts","theme":"tarihi","lab":1},"geometry":{"type":"Point","coordinates":[-0.12688,51.50087]}},{"type":"Feature","properties":{"id":"ke-tarihi-146","kind":"poi","name":"Earl of Derby","theme":"tarihi","lab":1},"geometry":{"type":"Point","coordinates":[-0.1273,51.50079]}},{"type":"Feature","properties":{"id":"ke-tarihi-147","kind":"poi","name":"Nelson Mandela","theme":"tarihi","lab":1},"geometry":{"type":"Point","coordinates":[-0.12725,51.50042]}},{"type":"Feature","properties":{"id":"ke-tarihi-148","kind":"poi","name":"David Lloyd George","theme":"tarihi","lab":1},"geometry":{"type":"Point","coordinates":[-0.12666,51.50085]}},{"type":"Feature","properties":{"id":"ke-tarihi-149","kind":"poi","name":"Islington Green War Memorial","theme":"tarihi","lab":1},"geometry":{"type":"Point","coordinates":[-0.10331,51.53619]}},{"type":"Feature","properties":{"id":"ke-tarihi-150","kind":"poi","name":"Special Operations Executive","theme":"tarihi","lab":1},"geometry":{"type":"Point","coordinates":[-0.12079,51.4958]}},{"type":"Feature","properties":{"id":"ke-tarihi-151","kind":"poi","name":"John Everett Millais","theme":"tarihi","lab":1},"geometry":{"type":"Point","coordinates":[-0.12892,51.49095]}},{"type":"Feature","properties":{"id":"ke-tarihi-152","kind":"poi","name":"Our Lady of the Angels Roman Catholic Church","theme":"tarihi","lab":1},"geometry":{"type":"Point","coordinates":[0.16283,51.4773]}},{"type":"Feature","properties":{"id":"ke-tarihi-153","kind":"poi","name":"Bexleyheath War Memorial","theme":"tarihi","lab":1},"geometry":{"type":"Point","coordinates":[0.13868,51.45635]}},{"type":"Feature","properties":{"id":"ke-tarihi-154","kind":"poi","name":"Willett Memorial","theme":"tarihi","lab":1},"geometry":{"type":"Point","coordinates":[0.08333,51.40324]}},{"type":"Feature","properties":{"id":"ke-tarihi-155","kind":"poi","name":"Sir Hugh Myddleton Memorial","theme":"tarihi","lab":1},"geometry":{"type":"Point","coordinates":[-0.10361,51.53574]}},{"type":"Feature","properties":{"id":"ke-tarihi-156","kind":"poi","name":"Sacred Heart of Jesus","theme":"tarihi","lab":1},"geometry":{"type":"Point","coordinates":[-0.08636,51.28736]}},{"type":"Feature","properties":{"id":"ke-tarihi-157","kind":"poi","name":"Prince Eugene Louis Jean Joseph Napoleon","theme":"tarihi","lab":1},"geometry":{"type":"Point","coordinates":[0.06714,51.41074]}},{"type":"Feature","properties":{"id":"ke-tarihi-158","kind":"poi","name":"Bryant and May War Memorial","theme":"tarihi","lab":1},"geometry":{"type":"Point","coordinates":[-0.01776,51.52947]}},{"type":"Feature","properties":{"id":"ke-tarihi-159","kind":"poi","name":"National Firefighters Memorial","theme":"tarihi","lab":1},"geometry":{"type":"Point","coordinates":[-0.09838,51.51289]}},{"type":"Feature","properties":{"id":"ke-tarihi-160","kind":"poi","name":"National Submarine War Memorial","theme":"tarihi","lab":1},"geometry":{"type":"Point","coordinates":[-0.11101,51.51089]}},{"type":"Feature","properties":{"id":"ke-tarihi-161","kind":"poi","name":"Spital Street Methodist Church","theme":"tarihi","lab":1},"geometry":{"type":"Point","coordinates":[0.21466,51.445]}},{"type":"Feature","properties":{"id":"ke-tarihi-162","kind":"poi","name":"Dartford War Memorial","theme":"tarihi","lab":1},"geometry":{"type":"Point","coordinates":[0.21856,51.44321]}},{"type":"Feature","properties":{"id":"ke-tarihi-163","kind":"poi","name":"William Pitt the Younger","theme":"tarihi","lab":1},"geometry":{"type":"Point","coordinates":[-0.14365,51.51364]}},{"type":"Feature","properties":{"id":"ke-tarihi-164","kind":"poi","name":"King George VI","theme":"tarihi","lab":1},"geometry":{"type":"Point","coordinates":[-0.13381,51.50522]}},{"type":"Feature","properties":{"id":"ke-tarihi-165","kind":"poi","name":"Queen Elizabeth (The Queen Mother)","theme":"tarihi","lab":1},"geometry":{"type":"Point","coordinates":[-0.13376,51.50516]}},{"type":"Feature","properties":{"id":"ke-tarihi-166","kind":"poi","name":"Chingford War Memorial","theme":"tarihi","lab":1},"geometry":{"type":"Point","coordinates":[-0.00127,51.63152]}},{"type":"Feature","properties":{"id":"ke-tarihi-167","kind":"poi","name":"Orpington War memorial","theme":"tarihi","lab":1},"geometry":{"type":"Point","coordinates":[0.0975,51.3732]}},{"type":"Feature","properties":{"id":"ke-tarihi-168","kind":"poi","name":"James Wolfe","theme":"tarihi","lab":1},"geometry":{"type":"Point","coordinates":[-0.00081,51.47782]}},{"type":"Feature","properties":{"id":"ke-tarihi-169","kind":"poi","name":"Samuel Johnson","theme":"tarihi","lab":1},"geometry":{"type":"Point","coordinates":[-0.11347,51.51318]}},{"type":"Feature","properties":{"id":"ke-tarihi-170","kind":"poi","name":"Whitechapel Bell Foundry","theme":"tarihi","lab":1},"geometry":{"type":"Point","coordinates":[-0.06701,51.51701]}},{"type":"Feature","properties":{"id":"ke-tarihi-171","kind":"poi","name":"St William of York","theme":"tarihi","lab":1},"geometry":{"type":"Point","coordinates":[-0.30403,51.61382]}},{"type":"Feature","properties":{"id":"ke-tarihi-172","kind":"poi","name":"15-inch Mk1 Naval Guns","theme":"tarihi","lab":1},"geometry":{"type":"Point","coordinates":[-0.10858,51.49653]}},{"type":"Feature","properties":{"id":"ke-tarihi-173","kind":"poi","name":"Burdett-Coutts Memorial Sundial","theme":"tarihi","lab":1},"geometry":{"type":"Point","coordinates":[-0.13087,51.53539]}},{"type":"Feature","properties":{"id":"ke-tarihi-174","kind":"poi","name":"William Huskisson","theme":"tarihi","lab":1},"geometry":{"type":"Point","coordinates":[-0.13339,51.48566]}},{"type":"Feature","properties":{"id":"ke-tarihi-175","kind":"poi","name":"Bellot Memorial","theme":"tarihi","lab":1},"geometry":{"type":"Point","coordinates":[-0.00783,51.48363]}},{"type":"Feature","properties":{"id":"ke-tarihi-176","kind":"poi","name":"Finchley Progressive Synagogue","theme":"tarihi","lab":1},"geometry":{"type":"Point","coordinates":[-0.18214,51.61339]}},{"type":"Feature","properties":{"id":"ke-tarihi-177","kind":"poi","name":"Ice Well","theme":"tarihi","lab":1},"geometry":{"type":"Point","coordinates":[0.05164,51.44131]}},{"type":"Feature","properties":{"id":"ke-tarihi-178","kind":"poi","name":"North Western Reform Synagogue","theme":"tarihi","lab":1},"geometry":{"type":"Point","coordinates":[-0.19633,51.57939]}},{"type":"Feature","properties":{"id":"ke-tarihi-179","kind":"poi","name":"Liberty Tomb","theme":"tarihi","lab":1},"geometry":{"type":"Point","coordinates":[-0.54081,51.67873]}},{"type":"Feature","properties":{"id":"ke-tarihi-180","kind":"poi","name":"First World War memorial","theme":"tarihi","lab":1},"geometry":{"type":"Point","coordinates":[-0.08586,51.44679]}},{"type":"Feature","properties":{"id":"ke-tarihi-181","kind":"poi","name":"First flying bomb on London","theme":"tarihi","lab":1},"geometry":{"type":"Point","coordinates":[-0.03729,51.52784]}},{"type":"Feature","properties":{"id":"ke-tarihi-182","kind":"poi","name":"George Nathaniel Curzon","theme":"tarihi","lab":1},"geometry":{"type":"Point","coordinates":[-0.13328,51.50596]}},{"type":"Feature","properties":{"id":"ke-tarihi-183","kind":"poi","name":"Chislehurst Caves","theme":"tarihi","lab":1},"geometry":{"type":"Point","coordinates":[0.05785,51.40732]}},{"type":"Feature","properties":{"id":"ke-tarihi-184","kind":"poi","name":"Tower Hill Postern","theme":"tarihi","lab":1},"geometry":{"type":"Point","coordinates":[-0.07595,51.50945]}},{"type":"Feature","properties":{"id":"ke-tarihi-185","kind":"poi","name":"East London Blitz Memorial","theme":"tarihi","lab":1},"geometry":{"type":"Point","coordinates":[-0.06802,51.50456]}},{"type":"Feature","properties":{"id":"ke-tarihi-186","kind":"poi","name":"St Thomas of Canterbury","theme":"tarihi","lab":1},"geometry":{"type":"Point","coordinates":[-0.20601,51.48171]}},{"type":"Feature","properties":{"id":"ke-tarihi-187","kind":"poi","name":"Barking Baptist Church (Biserica Baptista Genesis)","theme":"tarihi","lab":1},"geometry":{"type":"Point","coordinates":[0.07874,51.53911]}},{"type":"Feature","properties":{"id":"ke-tarihi-188","kind":"poi","name":"Sunbury War Memorial","theme":"tarihi","lab":1},"geometry":{"type":"Point","coordinates":[-0.41751,51.41144]}},{"type":"Feature","properties":{"id":"ke-tarihi-189","kind":"poi","name":"Saint Volodymyr","theme":"tarihi","lab":1},"geometry":{"type":"Point","coordinates":[-0.20405,51.50747]}},{"type":"Feature","properties":{"id":"ke-tarihi-190","kind":"poi","name":"Bringer of Peace","theme":"tarihi","lab":1},"geometry":{"type":"Point","coordinates":[-0.16078,51.61843]}},{"type":"Feature","properties":{"id":"ke-tarihi-191","kind":"poi","name":"Romford War Memorial","theme":"tarihi","lab":1},"geometry":{"type":"Point","coordinates":[0.18519,51.58142]}},{"type":"Feature","properties":{"id":"ke-tarihi-192","kind":"poi","name":"Oaks Lane Reform Synagogue","theme":"tarihi","lab":1},"geometry":{"type":"Point","coordinates":[0.09485,51.57699]}},{"type":"Feature","properties":{"id":"ke-tarihi-193","kind":"poi","name":"Obelisk","theme":"tarihi","lab":1},"geometry":{"type":"Point","coordinates":[-0.26129,51.48237]}},{"type":"Feature","properties":{"id":"ke-tarihi-194","kind":"poi","name":"Leatherhead War Memorial","theme":"tarihi","lab":1},"geometry":{"type":"Point","coordinates":[-0.33052,51.29589]}},{"type":"Feature","properties":{"id":"ke-tarihi-195","kind":"poi","name":"Canada Memorial","theme":"tarihi","lab":1},"geometry":{"type":"Point","coordinates":[-0.14261,51.5029]}},{"type":"Feature","properties":{"id":"ke-tarihi-196","kind":"poi","name":"Holocaust Memorial","theme":"tarihi","lab":1},"geometry":{"type":"Point","coordinates":[-0.15878,51.50428]}},{"type":"Feature","properties":{"id":"ke-tarihi-197","kind":"poi","name":"Scottish Martyrs monument","theme":"tarihi","lab":1},"geometry":{"type":"Point","coordinates":[-0.05313,51.46375]}},{"type":"Feature","properties":{"id":"ke-tarihi-198","kind":"poi","name":"Ernest Bevan","theme":"tarihi","lab":1},"geometry":{"type":"Point","coordinates":[-0.07795,51.50285]}},{"type":"Feature","properties":{"id":"ke-tarihi-199","kind":"poi","name":"Samuel Bourne Bevington","theme":"tarihi","lab":1},"geometry":{"type":"Point","coordinates":[-0.0781,51.5029]}},{"type":"Feature","properties":{"id":"ke-tarihi-200","kind":"poi","name":"Brentford Monument","theme":"tarihi","lab":1},"geometry":{"type":"Point","coordinates":[-0.30398,51.4841]}},{"type":"Feature","properties":{"id":"ke-tarihi-201","kind":"poi","name":"J. Lyons and Company War Memorial","theme":"tarihi","lab":1},"geometry":{"type":"Point","coordinates":[-0.21839,51.48822]}},{"type":"Feature","properties":{"id":"ke-tarihi-202","kind":"poi","name":"Lord Holland","theme":"tarihi","lab":1},"geometry":{"type":"Point","coordinates":[-0.20336,51.50418]}},{"type":"Feature","properties":{"id":"ke-tarihi-203","kind":"poi","name":"New River Head Windmill","theme":"tarihi","lab":1},"geometry":{"type":"Point","coordinates":[-0.10939,51.52852]}},{"type":"Feature","properties":{"id":"ke-tarihi-204","kind":"poi","name":"War Memorial [Kingswood & Tadworth]","theme":"tarihi","lab":1},"geometry":{"type":"Point","coordinates":[-0.22031,51.28556]}},{"type":"Feature","properties":{"id":"ke-tarihi-205","kind":"poi","name":"Hadley Highstone","theme":"tarihi","lab":1},"geometry":{"type":"Point","coordinates":[-0.19894,51.66584]}},{"type":"Feature","properties":{"id":"ke-tarihi-206","kind":"poi","name":"Robert Raikes","theme":"tarihi","lab":1},"geometry":{"type":"Point","coordinates":[-0.12026,51.50933]}},{"type":"Feature","properties":{"id":"ke-tarihi-207","kind":"poi","name":"Kindertransport – The Arrival","theme":"tarihi","lab":1},"geometry":{"type":"Point","coordinates":[-0.08256,51.51759]}},{"type":"Feature","properties":{"id":"ke-tarihi-208","kind":"poi","name":"Roehampton War Memorial","theme":"tarihi","lab":1},"geometry":{"type":"Point","coordinates":[-0.23585,51.45036]}},{"type":"Feature","properties":{"id":"ke-tarihi-209","kind":"poi","name":"Copped Hall","theme":"tarihi","lab":1},"geometry":{"type":"Point","coordinates":[0.06799,51.69434]}},{"type":"Feature","properties":{"id":"ke-tarihi-210","kind":"poi","name":"Suffragette Memorial","theme":"tarihi","lab":1},"geometry":{"type":"Point","coordinates":[-0.13485,51.49822]}},{"type":"Feature","properties":{"id":"ke-tarihi-211","kind":"poi","name":"Joseph Lister Monument","theme":"tarihi","lab":1},"geometry":{"type":"Point","coordinates":[-0.14599,51.52242]}},{"type":"Feature","properties":{"id":"ke-tarihi-212","kind":"poi","name":"Coal tax post","theme":"tarihi","lab":1},"geometry":{"type":"Point","coordinates":[0.15971,51.40819]}},{"type":"Feature","properties":{"id":"ke-tarihi-213","kind":"poi","name":"Regents Park 2","theme":"tarihi","lab":1},"geometry":{"type":"Point","coordinates":[-0.16171,51.5291]}},{"type":"Feature","properties":{"id":"ke-tarihi-214","kind":"poi","name":"War Memorial, Waltham Forest Town Hall","theme":"tarihi","lab":1},"geometry":{"type":"Point","coordinates":[-0.01237,51.59056]}},{"type":"Feature","properties":{"id":"ke-tarihi-215","kind":"poi","name":"London and North Western Railway War Memorial","theme":"tarihi","lab":1},"geometry":{"type":"Point","coordinates":[-0.13254,51.52724]}},{"type":"Feature","properties":{"id":"ke-tarihi-216","kind":"poi","name":"Edith Cavell Memorial","theme":"tarihi","lab":1},"geometry":{"type":"Point","coordinates":[-0.12717,51.50937]}},{"type":"Feature","properties":{"id":"ke-tarihi-217","kind":"poi","name":"Marc Bolan's Rock Shrine","theme":"tarihi","lab":1},"geometry":{"type":"Point","coordinates":[-0.23856,51.46595]}},{"type":"Feature","properties":{"id":"ke-tarihi-218","kind":"poi","name":"Coal Duty Obelisk","theme":"tarihi","lab":1},"geometry":{"type":"Point","coordinates":[0.14818,51.56966]}},{"type":"Feature","properties":{"id":"ke-tarihi-219","kind":"poi","name":"York Column","theme":"tarihi","lab":1},"geometry":{"type":"Point","coordinates":[-0.45539,51.37373]}},{"type":"Feature","properties":{"id":"ke-tarihi-220","kind":"poi","name":"Grange Park Methodist Church","theme":"tarihi","lab":1},"geometry":{"type":"Point","coordinates":[-0.09361,51.64116]}},{"type":"Feature","properties":{"id":"ke-tarihi-221","kind":"poi","name":"Friends Meeting House","theme":"tarihi","lab":1},"geometry":{"type":"Point","coordinates":[-0.30809,51.45966]}},{"type":"Feature","properties":{"id":"ke-tarihi-222","kind":"poi","name":"Lancaster Gate Memorial Cross","theme":"tarihi","lab":1},"geometry":{"type":"Point","coordinates":[-0.1801,51.5115]}},{"type":"Feature","properties":{"id":"ke-tarihi-223","kind":"poi","name":"Susannah Wesley Memorial","theme":"tarihi","lab":1},"geometry":{"type":"Point","coordinates":[-0.08714,51.52371]}},{"type":"Feature","properties":{"id":"ke-tarihi-224","kind":"poi","name":"St Martin Orgar","theme":"tarihi","lab":1},"geometry":{"type":"Point","coordinates":[-0.08761,51.51078]}},{"type":"Feature","properties":{"id":"ke-tarihi-225","kind":"poi","name":"Finsbury War Memorial","theme":"tarihi","lab":1},"geometry":{"type":"Point","coordinates":[-0.10677,51.52802]}},{"type":"Feature","properties":{"id":"ke-tarihi-226","kind":"poi","name":"George Eliot (Mary Ann Evans)","theme":"tarihi","lab":1},"geometry":{"type":"Point","coordinates":[-0.14427,51.56646]}},{"type":"Feature","properties":{"id":"ke-tarihi-227","kind":"poi","name":"Great Eastern Railway War Memorial","theme":"tarihi","lab":1},"geometry":{"type":"Point","coordinates":[-0.08201,51.51767]}},{"type":"Feature","properties":{"id":"ke-tarihi-228","kind":"poi","name":"Trinity Church","theme":"tarihi","lab":1},"geometry":{"type":"Point","coordinates":[0.27078,51.63966]}},{"type":"Feature","properties":{"id":"ke-tarihi-229","kind":"poi","name":"Thomas Bayes","theme":"tarihi","lab":1},"geometry":{"type":"Point","coordinates":[-0.0891,51.52378]}},{"type":"Feature","properties":{"id":"ke-tarihi-230","kind":"poi","name":"Cattle Trough","theme":"tarihi","lab":1},"geometry":{"type":"Point","coordinates":[-0.11638,51.58783]}},{"type":"Feature","properties":{"id":"ke-tarihi-231","kind":"poi","name":"Coulsdon Methodist Church","theme":"tarihi","lab":1},"geometry":{"type":"Point","coordinates":[-0.13418,51.3234]}},{"type":"Feature","properties":{"id":"ke-tarihi-232","kind":"poi","name":"Albert Prince Consort","theme":"tarihi","lab":1},"geometry":{"type":"Point","coordinates":[-0.10794,51.51777]}},{"type":"Feature","properties":{"id":"ke-tarihi-233","kind":"poi","name":"The Royal Fusiliers","theme":"tarihi","lab":1},"geometry":{"type":"Point","coordinates":[-0.11081,51.51811]}},{"type":"Feature","properties":{"id":"ke-tarihi-234","kind":"poi","name":"Manor House","theme":"tarihi","lab":1},"geometry":{"type":"Point","coordinates":[0.04445,51.554]}},{"type":"Feature","properties":{"id":"ke-tarihi-235","kind":"poi","name":"General Roy's Baseline (Southeast End) Cannon Monument","theme":"tarihi","lab":1},"geometry":{"type":"Point","coordinates":[-0.36568,51.42648]}},{"type":"Feature","properties":{"id":"ke-tarihi-236","kind":"poi","name":"RAF Bomber Command Memorial","theme":"tarihi","lab":1},"geometry":{"type":"Point","coordinates":[-0.149,51.50329]}},{"type":"Feature","properties":{"id":"ke-tarihi-237","kind":"poi","name":"William Gladstone","theme":"tarihi","lab":1},"geometry":{"type":"Point","coordinates":[-0.11451,51.51297]}},{"type":"Feature","properties":{"id":"ke-tarihi-238","kind":"poi","name":"Major Little Memorial","theme":"tarihi","lab":1},"geometry":{"type":"Point","coordinates":[0.06137,51.48214]}},{"type":"Feature","properties":{"id":"ke-tarihi-239","kind":"poi","name":"Crimean War Memorial","theme":"tarihi","lab":1},"geometry":{"type":"Point","coordinates":[0.06055,51.485]}},{"type":"Feature","properties":{"id":"ke-tarihi-240","kind":"poi","name":"Rose Theatre","theme":"tarihi","lab":1},"geometry":{"type":"Point","coordinates":[-0.09547,51.50721]}},{"type":"Feature","properties":{"id":"ke-tarihi-241","kind":"poi","name":"Site of the original Globe Theatre","theme":"tarihi","lab":1},"geometry":{"type":"Point","coordinates":[-0.09474,51.50684]}},{"type":"Feature","properties":{"id":"ke-tarihi-242","kind":"poi","name":"Mitcham War Memorial","theme":"tarihi","lab":1},"geometry":{"type":"Point","coordinates":[-0.16895,51.40202]}},{"type":"Feature","properties":{"id":"ke-tarihi-243","kind":"poi","name":"Bidder Memorial","theme":"tarihi","lab":1},"geometry":{"type":"Point","coordinates":[-0.15486,51.39705]}},{"type":"Feature","properties":{"id":"ke-tarihi-244","kind":"poi","name":"W.H.Hudson Memorial","theme":"tarihi","lab":1},"geometry":{"type":"Point","coordinates":[-0.16901,51.5083]}},{"type":"Feature","properties":{"id":"ke-tarihi-245","kind":"poi","name":"John Bunyan","theme":"tarihi","lab":1},"geometry":{"type":"Point","coordinates":[-0.08831,51.52341]}},{"type":"Feature","properties":{"id":"ke-tarihi-246","kind":"poi","name":"Amphitheatre","theme":"tarihi","lab":1},"geometry":{"type":"Point","coordinates":[-0.0917,51.51559]}},{"type":"Feature","properties":{"id":"ke-tarihi-247","kind":"poi","name":"William Blake","theme":"tarihi","lab":1},"geometry":{"type":"Point","coordinates":[-0.08828,51.52376]}},{"type":"Feature","properties":{"id":"ke-tarihi-248","kind":"poi","name":"Hendon War Memorial","theme":"tarihi","lab":1},"geometry":{"type":"Point","coordinates":[-0.23028,51.58556]}},{"type":"Feature","properties":{"id":"ke-tarihi-249","kind":"poi","name":"Rabindranath Tagore","theme":"tarihi","lab":1},"geometry":{"type":"Point","coordinates":[-0.13098,51.52412]}},{"type":"Feature","properties":{"id":"ke-tarihi-250","kind":"poi","name":"War Memorial, Queens Road Cemetery, Walthamstow","theme":"tarihi","lab":1},"geometry":{"type":"Point","coordinates":[-0.02568,51.57976]}},{"type":"Feature","properties":{"id":"ke-tarihi-251","kind":"poi","name":"The London Dungeon","theme":"tarihi","lab":1},"geometry":{"type":"Point","coordinates":[-0.11922,51.5026]}},{"type":"Feature","properties":{"id":"ke-tarihi-252","kind":"poi","name":"Marshalsea Prison","theme":"tarihi","lab":1},"geometry":{"type":"Point","coordinates":[-0.09158,51.50164]}},{"type":"Feature","properties":{"id":"ke-tarihi-253","kind":"poi","name":"Battle of Barnet","theme":"tarihi","lab":1},"geometry":{"type":"Point","coordinates":[-0.19641,51.66386]}},{"type":"Feature","properties":{"id":"ke-tarihi-254","kind":"poi","name":"Agatha Christie Memorial","theme":"tarihi","lab":1},"geometry":{"type":"Point","coordinates":[-0.12737,51.51178]}},{"type":"Feature","properties":{"id":"ke-tarihi-255","kind":"poi","name":"Lululaund","theme":"tarihi","lab":1},"geometry":{"type":"Point","coordinates":[-0.35908,51.6441]}},{"type":"Feature","properties":{"id":"ke-tarihi-256","kind":"poi","name":"Gladstone","theme":"tarihi","lab":1},"geometry":{"type":"Point","coordinates":[-0.01789,51.52843]}},{"type":"Feature","properties":{"id":"ke-tarihi-257","kind":"poi","name":"Keston War Memorial","theme":"tarihi","lab":1},"geometry":{"type":"Point","coordinates":[0.03204,51.35796]}},{"type":"Feature","properties":{"id":"ke-tarihi-258","kind":"poi","name":"St Antholin's Spire","theme":"tarihi","lab":1},"geometry":{"type":"Point","coordinates":[-0.05795,51.43566]}},{"type":"Feature","properties":{"id":"ke-tarihi-259","kind":"poi","name":"Tottenham High Cross","theme":"tarihi","lab":1},"geometry":{"type":"Point","coordinates":[-0.07025,51.58903]}},{"type":"Feature","properties":{"id":"ke-tarihi-260","kind":"poi","name":"Bexley War Memorial","theme":"tarihi","lab":1},"geometry":{"type":"Point","coordinates":[0.146,51.44174]}},{"type":"Feature","properties":{"id":"ke-tarihi-261","kind":"poi","name":"King George II","theme":"tarihi","lab":1},"geometry":{"type":"Point","coordinates":[-0.00592,51.48367]}},{"type":"Feature","properties":{"id":"ke-tarihi-262","kind":"poi","name":"Penne's Place","theme":"tarihi","lab":1},"geometry":{"type":"Point","coordinates":[-0.31584,51.65774]}},{"type":"Feature","properties":{"id":"ke-tarihi-263","kind":"poi","name":"General Roy's Baseline (Northwest End) Cannon Monument","theme":"tarihi","lab":1},"geometry":{"type":"Point","coordinates":[-0.45025,51.47979]}},{"type":"Feature","properties":{"id":"ke-tarihi-264","kind":"poi","name":"Duke of Wellington","theme":"tarihi","lab":1},"geometry":{"type":"Point","coordinates":[0.07387,51.49355]}},{"type":"Feature","properties":{"id":"ke-tarihi-265","kind":"poi","name":"Fleet Air Arm Memorial","theme":"tarihi","lab":1},"geometry":{"type":"Point","coordinates":[-0.12394,51.50404]}},{"type":"Feature","properties":{"id":"ke-tarihi-266","kind":"poi","name":"Chislehurst War Memorial","theme":"tarihi","lab":1},"geometry":{"type":"Point","coordinates":[0.07392,51.41248]}},{"type":"Feature","properties":{"id":"ke-tarihi-267","kind":"poi","name":"George Peabody","theme":"tarihi","lab":1},"geometry":{"type":"Point","coordinates":[-0.08657,51.51391]}},{"type":"Feature","properties":{"id":"ke-tarihi-268","kind":"poi","name":"Cavalry of the Empire","theme":"tarihi","lab":1},"geometry":{"type":"Point","coordinates":[-0.15542,51.50465]}},{"type":"Feature","properties":{"id":"ke-tarihi-269","kind":"poi","name":"Shepherd Gate Clock","theme":"tarihi","lab":1},"geometry":{"type":"Point","coordinates":[-0.00138,51.47797]}},{"type":"Feature","properties":{"id":"ke-tarihi-270","kind":"poi","name":"The Royal Oak","theme":"tarihi","lab":1},"geometry":{"type":"Point","coordinates":[0.21355,51.44513]}},{"type":"Feature","properties":{"id":"ke-tarihi-271","kind":"poi","name":"Joseph Paxton","theme":"tarihi","lab":1},"geometry":{"type":"Point","coordinates":[-0.07081,51.42107]}},{"type":"Feature","properties":{"id":"ke-tarihi-272","kind":"poi","name":"Croydon Battle of Britain RAF Memorial","theme":"tarihi","lab":1},"geometry":{"type":"Point","coordinates":[-0.11577,51.35291]}},{"type":"Feature","properties":{"id":"ke-tarihi-273","kind":"poi","name":"St Mary Axe","theme":"tarihi","lab":1},"geometry":{"type":"Point","coordinates":[-0.08112,51.51406]}},{"type":"Feature","properties":{"id":"ke-tarihi-274","kind":"poi","name":"York Water Gate","theme":"tarihi","lab":1},"geometry":{"type":"Point","coordinates":[-0.1229,51.50812]}},{"type":"Feature","properties":{"id":"ke-tarihi-275","kind":"poi","name":"Civil Service Rifles War Memorial","theme":"tarihi","lab":1},"geometry":{"type":"Point","coordinates":[-0.11756,51.51038]}},{"type":"Feature","properties":{"id":"ke-tarihi-276","kind":"poi","name":"Charles George Gordon","theme":"tarihi","lab":1},"geometry":{"type":"Point","coordinates":[-0.12381,51.50453]}},{"type":"Feature","properties":{"id":"ke-tarihi-277","kind":"poi","name":"North Brixton Islamic Cultural Centre","theme":"tarihi","lab":1},"geometry":{"type":"Point","coordinates":[-0.11304,51.47397]}},{"type":"Feature","properties":{"id":"ke-tarihi-278","kind":"poi","name":"View from the Shard","theme":"tarihi","lab":1},"geometry":{"type":"Point","coordinates":[-0.08644,51.50451]}},{"type":"Feature","properties":{"id":"ke-tarihi-279","kind":"poi","name":"Wood Street plane tree","theme":"tarihi","lab":1},"geometry":{"type":"Point","coordinates":[-0.09484,51.5144]}},{"type":"Feature","properties":{"id":"ke-tarihi-280","kind":"poi","name":"Simón Bolívar","theme":"tarihi","lab":1},"geometry":{"type":"Point","coordinates":[-0.15234,51.49921]}},{"type":"Feature","properties":{"id":"ke-tarihi-281","kind":"poi","name":"Flash Lane Aqueduct","theme":"tarihi","lab":1},"geometry":{"type":"Point","coordinates":[-0.08793,51.67764]}},{"type":"Feature","properties":{"id":"ke-tarihi-282","kind":"poi","name":"George III and the River Thames","theme":"tarihi","lab":1},"geometry":{"type":"Point","coordinates":[-0.11738,51.51138]}},{"type":"Feature","properties":{"id":"ke-tarihi-283","kind":"poi","name":"Statue of Queen Anne","theme":"tarihi","lab":1},"geometry":{"type":"Point","coordinates":[-0.13303,51.50048]}},{"type":"Feature","properties":{"id":"ke-tarihi-284","kind":"poi","name":"Imperial Camel Corps Memorial","theme":"tarihi","lab":1},"geometry":{"type":"Point","coordinates":[-0.12168,51.50838]}},{"type":"Feature","properties":{"id":"ke-tarihi-285","kind":"poi","name":"Francis Bacon","theme":"tarihi","lab":1},"geometry":{"type":"Point","coordinates":[-0.11233,51.51905]}},{"type":"Feature","properties":{"id":"ke-tarihi-286","kind":"poi","name":"Statue of James II","theme":"tarihi","lab":1},"geometry":{"type":"Point","coordinates":[-0.12901,51.50849]}},{"type":"Feature","properties":{"id":"ke-tarihi-287","kind":"poi","name":"John F. Kennedy Memorial","theme":"tarihi","lab":1},"geometry":{"type":"Point","coordinates":[-0.14462,51.52389]}},{"type":"Feature","properties":{"id":"ke-tarihi-288","kind":"poi","name":"Upminster War Memorial","theme":"tarihi","lab":1},"geometry":{"type":"Point","coordinates":[0.24871,51.5556]}},{"type":"Feature","properties":{"id":"ke-tarihi-289","kind":"poi","name":"Quintin and Alice Hogg Memorial","theme":"tarihi","lab":1},"geometry":{"type":"Point","coordinates":[-0.14443,51.51893]}},{"type":"Feature","properties":{"id":"ke-tarihi-290","kind":"poi","name":"St Mildred's Church","theme":"tarihi","lab":1},"geometry":{"type":"Point","coordinates":[-0.06993,51.3792]}},{"type":"Feature","properties":{"id":"ke-tarihi-291","kind":"poi","name":"Great Western Railway War Memorial","theme":"tarihi","lab":1},"geometry":{"type":"Point","coordinates":[-0.17822,51.51694]}},{"type":"Feature","properties":{"id":"ke-tarihi-292","kind":"poi","name":"Basaveshwara bust","theme":"tarihi","lab":1},"geometry":{"type":"Point","coordinates":[-0.12301,51.48994]}},{"type":"Feature","properties":{"id":"ke-tarihi-293","kind":"poi","name":"Plumstead Common Windmill","theme":"tarihi","lab":1},"geometry":{"type":"Point","coordinates":[0.08415,51.4817]}},{"type":"Feature","properties":{"id":"ke-tarihi-294","kind":"poi","name":"Shree Ghanapathy Temple","theme":"tarihi","lab":1},"geometry":{"type":"Point","coordinates":[-0.18913,51.42336]}},{"type":"Feature","properties":{"id":"ke-tarihi-295","kind":"poi","name":"Spanish Civil War memorial","theme":"tarihi","lab":1},"geometry":{"type":"Point","coordinates":[-0.21374,51.46856]}},{"type":"Feature","properties":{"id":"ke-tarihi-296","kind":"poi","name":"Jubilee Clock","theme":"tarihi","lab":1},"geometry":{"type":"Point","coordinates":[-0.24727,51.5358]}},{"type":"Feature","properties":{"id":"ke-tarihi-297","kind":"poi","name":"The Grotto","theme":"tarihi","lab":1},"geometry":{"type":"Point","coordinates":[0.0465,51.56835]}},{"type":"Feature","properties":{"id":"ke-tarihi-298","kind":"poi","name":"Crown Jewels","theme":"tarihi","lab":1},"geometry":{"type":"Point","coordinates":[-0.07584,51.50859]}},{"type":"Feature","properties":{"id":"ke-tarihi-299","kind":"poi","name":"Midland Bank WWI Memorial","theme":"tarihi","lab":1},"geometry":{"type":"Point","coordinates":[-0.01758,51.50579]}},{"type":"Feature","properties":{"id":"ke-tarihi-300","kind":"poi","name":"John Feeney memorial","theme":"tarihi","lab":1},"geometry":{"type":"Point","coordinates":[-0.17963,51.41738]}},{"type":"Feature","properties":{"id":"ke-tarihi-301","kind":"poi","name":"Millennium Sundial","theme":"tarihi","lab":1},"geometry":{"type":"Point","coordinates":[-0.00151,51.48133]}},{"type":"Feature","properties":{"id":"ke-tarihi-302","kind":"poi","name":"War Memorial Lamp","theme":"tarihi","lab":1},"geometry":{"type":"Point","coordinates":[-0.00441,51.52342]}},{"type":"Feature","properties":{"id":"ke-tarihi-303","kind":"poi","name":"War Memorial Rotunda","theme":"tarihi","lab":1},"geometry":{"type":"Point","coordinates":[-0.00441,51.52351]}},{"type":"Feature","properties":{"id":"ke-tarihi-304","kind":"poi","name":"Batley Park memorial fountain","theme":"tarihi","lab":1},"geometry":{"type":"Point","coordinates":[0.01934,51.47734]}},{"type":"Feature","properties":{"id":"ke-tarihi-305","kind":"poi","name":"Queen Elizabeth's Oak","theme":"tarihi","lab":1},"geometry":{"type":"Point","coordinates":[0.00181,51.4781]}},{"type":"Feature","properties":{"id":"ke-tarihi-306","kind":"poi","name":"Traitor's Gate","theme":"tarihi","lab":1},"geometry":{"type":"Point","coordinates":[-0.07699,51.50739]}},{"type":"Feature","properties":{"id":"ke-tarihi-307","kind":"poi","name":"St Martin Outwich","theme":"tarihi","lab":1},"geometry":{"type":"Point","coordinates":[-0.08397,51.51435]}},{"type":"Feature","properties":{"id":"ke-tarihi-308","kind":"poi","name":"Christ Church","theme":"tarihi","lab":1},"geometry":{"type":"Point","coordinates":[-0.02574,51.43117]}},{"type":"Feature","properties":{"id":"ke-tarihi-309","kind":"poi","name":"Brick Lane","theme":"tarihi","lab":1},"geometry":{"type":"Point","coordinates":[-0.07066,51.51746]}},{"type":"Feature","properties":{"id":"ke-tarihi-310","kind":"poi","name":"Moorgate train crash","theme":"tarihi","lab":1},"geometry":{"type":"Point","coordinates":[-0.087,51.52057]}},{"type":"Feature","properties":{"id":"ke-tarihi-311","kind":"poi","name":"St Agatha's","theme":"tarihi","lab":1},"geometry":{"type":"Point","coordinates":[-0.2931,51.41967]}},{"type":"Feature","properties":{"id":"ke-tarihi-312","kind":"poi","name":"War Memorial, St John at Hackney Churchyard Gardens","theme":"tarihi","lab":1},"geometry":{"type":"Point","coordinates":[-0.0536,51.54973]}},{"type":"Feature","properties":{"id":"ke-tarihi-313","kind":"poi","name":"John Wesley","theme":"tarihi","lab":1},"geometry":{"type":"Point","coordinates":[-0.08712,51.52358]}},{"type":"Feature","properties":{"id":"ke-tarihi-314","kind":"poi","name":"Welsh Church of Central London","theme":"tarihi","lab":1},"geometry":{"type":"Point","coordinates":[-0.13861,51.51663]}},{"type":"Feature","properties":{"id":"ke-tarihi-315","kind":"poi","name":"Paul Julius Reuter","theme":"tarihi","lab":1},"geometry":{"type":"Point","coordinates":[-0.08651,51.5137]}},{"type":"Feature","properties":{"id":"ke-tarihi-316","kind":"poi","name":"Chinatown Gate","theme":"tarihi","lab":1},"geometry":{"type":"Point","coordinates":[-0.13182,51.51099]}},{"type":"Feature","properties":{"id":"ke-tarihi-317","kind":"poi","name":"Cripplegate","theme":"tarihi","lab":1},"geometry":{"type":"Point","coordinates":[-0.09314,51.51814]}},{"type":"Feature","properties":{"id":"ke-tarihi-318","kind":"poi","name":"Vampire","theme":"tarihi","lab":1},"geometry":{"type":"Point","coordinates":[-0.31642,51.34712]}},{"type":"Feature","properties":{"id":"ke-tarihi-319","kind":"poi","name":"Charles James Fox","theme":"tarihi","lab":1},"geometry":{"type":"Point","coordinates":[-0.12324,51.51929]}},{"type":"Feature","properties":{"id":"ke-tarihi-320","kind":"poi","name":"Sidcup War Memorial","theme":"tarihi","lab":1},"geometry":{"type":"Point","coordinates":[0.10136,51.42358]}},{"type":"Feature","properties":{"id":"ke-tarihi-321","kind":"poi","name":"Whittington Stone","theme":"tarihi","lab":1},"geometry":{"type":"Point","coordinates":[-0.13684,51.56654]}},{"type":"Feature","properties":{"id":"ke-tarihi-322","kind":"poi","name":"Sandy's Row Synagogue","theme":"tarihi","lab":1},"geometry":{"type":"Point","coordinates":[-0.07772,51.51852]}},{"type":"Feature","properties":{"id":"ke-tarihi-323","kind":"poi","name":"Ambresbury Banks","theme":"tarihi","lab":1},"geometry":{"type":"Point","coordinates":[0.07773,51.68273]}},{"type":"Feature","properties":{"id":"ke-tarihi-324","kind":"poi","name":"Croydon War Memorial","theme":"tarihi","lab":1},"geometry":{"type":"Point","coordinates":[-0.09937,51.3722]}},{"type":"Feature","properties":{"id":"ke-tarihi-325","kind":"poi","name":"West Norwood War Memorial","theme":"tarihi","lab":1},"geometry":{"type":"Point","coordinates":[-0.10325,51.43358]}},{"type":"Feature","properties":{"id":"ke-tarihi-326","kind":"poi","name":"Hartley's Obelisk","theme":"tarihi","lab":1},"geometry":{"type":"Point","coordinates":[-0.22521,51.44769]}},{"type":"Feature","properties":{"id":"ke-tarihi-327","kind":"poi","name":"Sir Nigel Gresley","theme":"tarihi","lab":1},"geometry":{"type":"Point","coordinates":[-0.12369,51.53156]}},{"type":"Feature","properties":{"id":"ke-tarihi-328","kind":"poi","name":"The Boy David","theme":"tarihi","lab":1},"geometry":{"type":"Point","coordinates":[-0.16626,51.48356]}},{"type":"Feature","properties":{"id":"ke-tarihi-329","kind":"poi","name":"The Falklands War Memorial","theme":"tarihi","lab":1},"geometry":{"type":"Point","coordinates":[-0.07705,51.50969]}},{"type":"Feature","properties":{"id":"ke-tarihi-330","kind":"poi","name":"Borehamwood War Memorial","theme":"tarihi","lab":1},"geometry":{"type":"Point","coordinates":[-0.27047,51.65853]}},{"type":"Feature","properties":{"id":"ke-tarihi-331","kind":"poi","name":"Ice House","theme":"tarihi","lab":1},"geometry":{"type":"Point","coordinates":[-0.17496,51.56376]}},{"type":"Feature","properties":{"id":"ke-tarihi-332","kind":"poi","name":"St. Katharine Docks","theme":"tarihi","lab":1},"geometry":{"type":"Point","coordinates":[-0.07165,51.50654]}},{"type":"Feature","properties":{"id":"ke-tarihi-333","kind":"poi","name":"Margaret McMillan","theme":"tarihi","lab":1},"geometry":{"type":"Point","coordinates":[-0.02295,51.48135]}},{"type":"Feature","properties":{"id":"ke-tarihi-334","kind":"poi","name":"Silvertown War Memorial","theme":"tarihi","lab":1},"geometry":{"type":"Point","coordinates":[0.0277,51.49944]}},{"type":"Feature","properties":{"id":"ke-tarihi-335","kind":"poi","name":"World War II Norwegian Memorial","theme":"tarihi","lab":1},"geometry":{"type":"Point","coordinates":[-0.16692,51.50657]}},{"type":"Feature","properties":{"id":"ke-tarihi-336","kind":"poi","name":"William Thomas Stead","theme":"tarihi","lab":1},"geometry":{"type":"Point","coordinates":[-0.11257,51.51083]}},{"type":"Feature","properties":{"id":"ke-tarihi-337","kind":"poi","name":"Billingsgate Roman House & Baths","theme":"tarihi","lab":1},"geometry":{"type":"Point","coordinates":[-0.08309,51.50926]}},{"type":"Feature","properties":{"id":"ke-tarihi-338","kind":"poi","name":"The Mall","theme":"tarihi","lab":1},"geometry":{"type":"Point","coordinates":[-0.13473,51.50427]}},{"type":"Feature","properties":{"id":"ke-tarihi-339","kind":"poi","name":"Palmer Memorial Drinking Fountain","theme":"tarihi","lab":1},"geometry":{"type":"Point","coordinates":[-0.17592,51.54575]}},{"type":"Feature","properties":{"id":"ke-tarihi-340","kind":"poi","name":"Eagle Squadron Monument","theme":"tarihi","lab":1},"geometry":{"type":"Point","coordinates":[-0.15121,51.5111]}},{"type":"Feature","properties":{"id":"ke-tarihi-341","kind":"poi","name":"Spike Milligan Statue and Bench","theme":"tarihi","lab":1},"geometry":{"type":"Point","coordinates":[-0.19406,51.59677]}},{"type":"Feature","properties":{"id":"ke-tarihi-342","kind":"poi","name":"Finchley War Memorial","theme":"tarihi","lab":1},"geometry":{"type":"Point","coordinates":[-0.17797,51.61239]}},{"type":"Feature","properties":{"id":"ke-tarihi-343","kind":"poi","name":"Hackney Wick Great War Memorial","theme":"tarihi","lab":1},"geometry":{"type":"Point","coordinates":[-0.03029,51.54276]}},{"type":"Feature","properties":{"id":"ke-tarihi-344","kind":"poi","name":"Richmond Palace","theme":"tarihi","lab":1},"geometry":{"type":"Point","coordinates":[-0.30881,51.46083]}},{"type":"Feature","properties":{"id":"ke-tarihi-345","kind":"poi","name":"Lancelot 'Capability' Brown","theme":"tarihi","lab":1},"geometry":{"type":"Point","coordinates":[-0.22741,51.48729]}},{"type":"Feature","properties":{"id":"ke-tarihi-346","kind":"poi","name":"Second Millennium marker","theme":"tarihi","lab":1},"geometry":{"type":"Point","coordinates":[-0.09287,51.51716]}},{"type":"Feature","properties":{"id":"ke-tarihi-347","kind":"poi","name":"Joseph Westwood","theme":"tarihi","lab":1},"geometry":{"type":"Point","coordinates":[-0.0284,51.52345]}},{"type":"Feature","properties":{"id":"ke-tarihi-348","kind":"poi","name":"John Milton","theme":"tarihi","lab":1},"geometry":{"type":"Point","coordinates":[-0.09449,51.5139]}},{"type":"Feature","properties":{"id":"ke-tarihi-349","kind":"poi","name":"For the Child","theme":"tarihi","lab":1},"geometry":{"type":"Point","coordinates":[-0.08198,51.51769]}},{"type":"Feature","properties":{"id":"ke-tarihi-350","kind":"poi","name":"Police phone post","theme":"tarihi","lab":1},"geometry":{"type":"Point","coordinates":[-0.08976,51.51292]}},{"type":"Feature","properties":{"id":"ke-tarihi-351","kind":"poi","name":"St John The Baptist churchyard monument","theme":"tarihi","lab":1},"geometry":{"type":"Point","coordinates":[-0.09123,51.51159]}},{"type":"Feature","properties":{"id":"ke-tarihi-352","kind":"poi","name":"Chelsea war monument","theme":"tarihi","lab":1},"geometry":{"type":"Point","coordinates":[-0.15713,51.4926]}},{"type":"Feature","properties":{"id":"ke-tarihi-353","kind":"poi","name":"Mary Wollstencraft Godwin","theme":"tarihi","lab":1},"geometry":{"type":"Point","coordinates":[-0.13023,51.53561]}},{"type":"Feature","properties":{"id":"ke-tarihi-354","kind":"poi","name":"Karl Marx Original Grave","theme":"tarihi","lab":1},"geometry":{"type":"Point","coordinates":[-0.14371,51.56568]}},{"type":"Feature","properties":{"id":"ke-tarihi-355","kind":"poi","name":"Charlton War Memorial","theme":"tarihi","lab":1},"geometry":{"type":"Point","coordinates":[0.03585,51.48141]}},{"type":"Feature","properties":{"id":"ke-tarihi-356","kind":"poi","name":"Queen Victoria","theme":"tarihi","lab":1},"geometry":{"type":"Point","coordinates":[-0.18601,51.50539]}},{"type":"Feature","properties":{"id":"ke-tarihi-357","kind":"poi","name":"Sir Walter Raleigh","theme":"tarihi","lab":1},"geometry":{"type":"Point","coordinates":[-0.00864,51.48307]}},{"type":"Feature","properties":{"id":"ke-tarihi-358","kind":"poi","name":"Turkish bronze gun","theme":"tarihi","lab":1},"geometry":{"type":"Point","coordinates":[-0.00893,51.48298]}},{"type":"Feature","properties":{"id":"ke-tarihi-359","kind":"poi","name":"Anti-Air War Memorial","theme":"tarihi","lab":1},"geometry":{"type":"Point","coordinates":[0.02572,51.61696]}},{"type":"Feature","properties":{"id":"ke-tarihi-360","kind":"poi","name":"Westminster Synagogue","theme":"tarihi","lab":1},"geometry":{"type":"Point","coordinates":[-0.16673,51.50154]}},{"type":"Feature","properties":{"id":"ke-tarihi-361","kind":"poi","name":"Mary Seacole","theme":"tarihi","lab":1},"geometry":{"type":"Point","coordinates":[-0.1189,51.50034]}},{"type":"Feature","properties":{"id":"ke-tarihi-362","kind":"poi","name":"Karl Marx","theme":"tarihi","lab":1},"geometry":{"type":"Point","coordinates":[-0.14376,51.56618]}},{"type":"Feature","properties":{"id":"ke-tarihi-363","kind":"poi","name":"William Shakespeare","theme":"tarihi","lab":1},"geometry":{"type":"Point","coordinates":[0.00906,51.54344]}},{"type":"Feature","properties":{"id":"ke-tarihi-364","kind":"poi","name":"Mill Hill War Memorial","theme":"tarihi","lab":1},"geometry":{"type":"Point","coordinates":[-0.23255,51.62091]}},{"type":"Feature","properties":{"id":"ke-tarihi-365","kind":"poi","name":"221B Baker Street","theme":"tarihi","lab":1},"geometry":{"type":"Point","coordinates":[-0.15824,51.52339]}},{"type":"Feature","properties":{"id":"ke-tarihi-366","kind":"poi","name":"Allies - Churchill-Roosevelt statue","theme":"tarihi","lab":1},"geometry":{"type":"Point","coordinates":[-0.14251,51.51046]}},{"type":"Feature","properties":{"id":"ke-tarihi-367","kind":"poi","name":"Site of Harringay House","theme":"tarihi","lab":1},"geometry":{"type":"Point","coordinates":[-0.10471,51.58272]}},{"type":"Feature","properties":{"id":"ke-tarihi-368","kind":"poi","name":"Site of Hornsey Wood House / Copt Hall","theme":"tarihi","lab":1},"geometry":{"type":"Point","coordinates":[-0.10219,51.56952]}},{"type":"Feature","properties":{"id":"ke-tarihi-369","kind":"poi","name":"Fake houses","theme":"tarihi","lab":1},"geometry":{"type":"Point","coordinates":[-0.18363,51.51262]}},{"type":"Feature","properties":{"id":"ke-tarihi-370","kind":"poi","name":"Carnaby Street","theme":"tarihi","lab":1},"geometry":{"type":"Point","coordinates":[-0.13877,51.51312]}},{"type":"Feature","properties":{"id":"ke-tarihi-371","kind":"poi","name":"Eleanor Cross","theme":"tarihi","lab":1},"geometry":{"type":"Point","coordinates":[-0.03297,51.68583]}},{"type":"Feature","properties":{"id":"ke-tarihi-372","kind":"poi","name":"Sanderstead War Memorial","theme":"tarihi","lab":1},"geometry":{"type":"Point","coordinates":[-0.07636,51.33653]}},{"type":"Feature","properties":{"id":"ke-tarihi-373","kind":"poi","name":"Warlingham War Memorial","theme":"tarihi","lab":1},"geometry":{"type":"Point","coordinates":[-0.05585,51.30965]}},{"type":"Feature","properties":{"id":"ke-tarihi-374","kind":"poi","name":"Ordnance Survey Obelisk","theme":"tarihi","lab":1},"geometry":{"type":"Point","coordinates":[-0.00157,51.63633]}},{"type":"Feature","properties":{"id":"ke-tarihi-375","kind":"poi","name":"George Orwell","theme":"tarihi","lab":1},"geometry":{"type":"Point","coordinates":[-0.14295,51.51877]}},{"type":"Feature","properties":{"id":"ke-tarihi-376","kind":"poi","name":"Broad Street Pump","theme":"tarihi","lab":1},"geometry":{"type":"Point","coordinates":[-0.13668,51.51332]}},{"type":"Feature","properties":{"id":"ke-tarihi-377","kind":"poi","name":"Croham Hurst round barrow","theme":"tarihi","lab":1},"geometry":{"type":"Point","coordinates":[-0.08007,51.35224]}},{"type":"Feature","properties":{"id":"ke-tarihi-378","kind":"poi","name":"New Barnet War Memorial","theme":"tarihi","lab":1},"geometry":{"type":"Point","coordinates":[-0.17514,51.64974]}},{"type":"Feature","properties":{"id":"ke-tarihi-379","kind":"poi","name":"Katyn 1940 War Memorial","theme":"tarihi","lab":1},"geometry":{"type":"Point","coordinates":[-0.28616,51.49402]}},{"type":"Feature","properties":{"id":"ke-tarihi-380","kind":"poi","name":"WW2 Anti-Aircraft Gun","theme":"tarihi","lab":1},"geometry":{"type":"Point","coordinates":[-0.01051,51.49204]}},{"type":"Feature","properties":{"id":"ke-tarihi-381","kind":"poi","name":"Aldersgate","theme":"tarihi","lab":1},"geometry":{"type":"Point","coordinates":[-0.09676,51.51663]}},{"type":"Feature","properties":{"id":"ke-tarihi-382","kind":"poi","name":"Statue of Lord George Bentinck","theme":"tarihi","lab":1},"geometry":{"type":"Point","coordinates":[-0.1449,51.51623]}},{"type":"Feature","properties":{"id":"ke-tarihi-383","kind":"poi","name":"North London Railway War Memorial","theme":"tarihi","lab":1},"geometry":{"type":"Point","coordinates":[-0.07581,51.53152]}},{"type":"Feature","properties":{"id":"ke-tarihi-384","kind":"poi","name":"Courland Grove Baptist Chapel","theme":"tarihi","lab":1},"geometry":{"type":"Point","coordinates":[-0.13196,51.47279]}},{"type":"Feature","properties":{"id":"ke-tarihi-385","kind":"poi","name":"Queen Alexandra Memorial","theme":"tarihi","lab":1},"geometry":{"type":"Point","coordinates":[-0.1368,51.50467]}},{"type":"Feature","properties":{"id":"ke-modern-0","kind":"poi","name":"Banqueting House","theme":"modern","lab":1},"geometry":{"type":"Point","coordinates":[-0.12592,51.50458]}},{"type":"Feature","properties":{"id":"ke-modern-1","kind":"poi","name":"London Eye","theme":"modern","lab":1},"geometry":{"type":"Point","coordinates":[-0.11968,51.50334]}},{"type":"Feature","properties":{"id":"ke-modern-2","kind":"poi","name":"The Courtauld Gallery","theme":"modern","lab":1},"geometry":{"type":"Point","coordinates":[-0.1177,51.51162]}},{"type":"Feature","properties":{"id":"ke-modern-3","kind":"poi","name":"Visionary BritMuseum","theme":"modern","lab":1},"geometry":{"type":"Point","coordinates":[-0.12497,51.51877]}},{"type":"Feature","properties":{"id":"ke-modern-4","kind":"poi","name":"Bridge Theatre","theme":"modern","lab":1},"geometry":{"type":"Point","coordinates":[-0.07732,51.5041]}},{"type":"Feature","properties":{"id":"ke-modern-5","kind":"poi","name":"Piehouse Co-op","theme":"modern","lab":1},"geometry":{"type":"Point","coordinates":[-0.03141,51.48071]}},{"type":"Feature","properties":{"id":"ke-modern-6","kind":"poi","name":"ARTE DELUX","theme":"modern","lab":1},"geometry":{"type":"Point","coordinates":[-0.08878,51.51087]}},{"type":"Feature","properties":{"id":"ke-modern-7","kind":"poi","name":"Alexandra Palace","theme":"modern","lab":1},"geometry":{"type":"Point","coordinates":[-0.13087,51.59426]}},{"type":"Feature","properties":{"id":"ke-modern-8","kind":"poi","name":"O2 Empire","theme":"modern","lab":1},"geometry":{"type":"Point","coordinates":[-0.22447,51.50345]}},{"type":"Feature","properties":{"id":"ke-modern-9","kind":"poi","name":"Eltham Palace","theme":"modern","lab":1},"geometry":{"type":"Point","coordinates":[0.04818,51.44709]}},{"type":"Feature","properties":{"id":"ke-modern-10","kind":"poi","name":"Ham House","theme":"modern","lab":1},"geometry":{"type":"Point","coordinates":[-0.31405,51.44423]}},{"type":"Feature","properties":{"id":"ke-modern-11","kind":"poi","name":"O2 Academy Brixton","theme":"modern","lab":1},"geometry":{"type":"Point","coordinates":[-0.11487,51.46554]}},{"type":"Feature","properties":{"id":"ke-modern-12","kind":"poi","name":"Royal Opera House","theme":"modern","lab":1},"geometry":{"type":"Point","coordinates":[-0.1225,51.51288]}},{"type":"Feature","properties":{"id":"ke-modern-13","kind":"poi","name":"The Walking Dead: The Ride","theme":"modern","lab":1},"geometry":{"type":"Point","coordinates":[-0.51331,51.40331]}},{"type":"Feature","properties":{"id":"ke-modern-14","kind":"poi","name":"RADA Studios","theme":"modern","lab":1},"geometry":{"type":"Point","coordinates":[-0.13258,51.52076]}},{"type":"Feature","properties":{"id":"ke-modern-15","kind":"poi","name":"Ranger's House","theme":"modern","lab":1},"geometry":{"type":"Point","coordinates":[-0.00161,51.47343]}},{"type":"Feature","properties":{"id":"ke-modern-16","kind":"poi","name":"London Palladium","theme":"modern","lab":1},"geometry":{"type":"Point","coordinates":[-0.14017,51.51453]}},{"type":"Feature","properties":{"id":"ke-modern-17","kind":"poi","name":"South London Gallery","theme":"modern","lab":1},"geometry":{"type":"Point","coordinates":[-0.07987,51.47434]}},{"type":"Feature","properties":{"id":"ke-modern-18","kind":"poi","name":"Theatre Royal, Drury Lane","theme":"modern","lab":1},"geometry":{"type":"Point","coordinates":[-0.1202,51.51299]}},{"type":"Feature","properties":{"id":"ke-modern-19","kind":"poi","name":"Limehouse Town Hall","theme":"modern","lab":1},"geometry":{"type":"Point","coordinates":[-0.0314,51.51212]}},{"type":"Feature","properties":{"id":"ke-modern-20","kind":"poi","name":"London Coliseum","theme":"modern","lab":1},"geometry":{"type":"Point","coordinates":[-0.12624,51.51001]}},{"type":"Feature","properties":{"id":"ke-modern-21","kind":"poi","name":"Victoria Palace Theatre","theme":"modern","lab":1},"geometry":{"type":"Point","coordinates":[-0.14245,51.49688]}},{"type":"Feature","properties":{"id":"ke-modern-22","kind":"poi","name":"BFI IMAX","theme":"modern","lab":1},"geometry":{"type":"Point","coordinates":[-0.11363,51.50482]}},{"type":"Feature","properties":{"id":"ke-modern-23","kind":"poi","name":"His Majesty's Theatre","theme":"modern","lab":1},"geometry":{"type":"Point","coordinates":[-0.132,51.50814]}},{"type":"Feature","properties":{"id":"ke-modern-24","kind":"poi","name":"Cambridge Theatre","theme":"modern","lab":1},"geometry":{"type":"Point","coordinates":[-0.12654,51.51363]}},{"type":"Feature","properties":{"id":"ke-modern-25","kind":"poi","name":"Theatre Royal Haymarket","theme":"modern","lab":1},"geometry":{"type":"Point","coordinates":[-0.13128,51.50863]}},{"type":"Feature","properties":{"id":"ke-modern-26","kind":"poi","name":"Guildhall Art Gallery","theme":"modern","lab":1},"geometry":{"type":"Point","coordinates":[-0.0914,51.51556]}},{"type":"Feature","properties":{"id":"ke-modern-27","kind":"poi","name":"SAW - The Ride","theme":"modern","lab":1},"geometry":{"type":"Point","coordinates":[-0.51185,51.40255]}},{"type":"Feature","properties":{"id":"ke-modern-28","kind":"poi","name":"Duchess Theatre","theme":"modern","lab":1},"geometry":{"type":"Point","coordinates":[-0.11974,51.51214]}},{"type":"Feature","properties":{"id":"ke-modern-29","kind":"poi","name":"Harold Pinter Theatre","theme":"modern","lab":1},"geometry":{"type":"Point","coordinates":[-0.13163,51.50933]}},{"type":"Feature","properties":{"id":"ke-modern-30","kind":"poi","name":"Thames Water Tower","theme":"modern","lab":1},"geometry":{"type":"Point","coordinates":[-0.21664,51.5049]}},{"type":"Feature","properties":{"id":"ke-modern-31","kind":"poi","name":"Bloomsbury Theatre","theme":"modern","lab":1},"geometry":{"type":"Point","coordinates":[-0.1328,51.52507]}},{"type":"Feature","properties":{"id":"ke-modern-32","kind":"poi","name":"The Other Palace","theme":"modern","lab":1},"geometry":{"type":"Point","coordinates":[-0.14237,51.49879]}},{"type":"Feature","properties":{"id":"ke-modern-33","kind":"poi","name":"Guildhall","theme":"modern","lab":1},"geometry":{"type":"Point","coordinates":[-0.09193,51.51586]}},{"type":"Feature","properties":{"id":"ke-modern-34","kind":"poi","name":"The Beck Theatre","theme":"modern","lab":1},"geometry":{"type":"Point","coordinates":[-0.42169,51.52087]}},{"type":"Feature","properties":{"id":"ke-modern-35","kind":"poi","name":"Barra Hall Park Open-Air Theatre","theme":"modern","lab":1},"geometry":{"type":"Point","coordinates":[-0.42324,51.51849]}},{"type":"Feature","properties":{"id":"ke-modern-36","kind":"poi","name":"Compass Theatre","theme":"modern","lab":1},"geometry":{"type":"Point","coordinates":[-0.44044,51.56226]}},{"type":"Feature","properties":{"id":"ke-modern-37","kind":"poi","name":"Rose Theatre","theme":"modern","lab":1},"geometry":{"type":"Point","coordinates":[-0.30761,51.40859]}},{"type":"Feature","properties":{"id":"ke-modern-38","kind":"poi","name":"Southwark Playhouse Elephant","theme":"modern","lab":1},"geometry":{"type":"Point","coordinates":[-0.10277,51.49243]}},{"type":"Feature","properties":{"id":"ke-modern-39","kind":"poi","name":"Bromley Little Theatre","theme":"modern","lab":1},"geometry":{"type":"Point","coordinates":[0.01613,51.40763]}},{"type":"Feature","properties":{"id":"ke-modern-40","kind":"poi","name":"Diana Fountain","theme":"modern","lab":1},"geometry":{"type":"Point","coordinates":[-0.33621,51.40993]}},{"type":"Feature","properties":{"id":"ke-modern-41","kind":"poi","name":"Charles Cryer Studio Theatre","theme":"modern","lab":1},"geometry":{"type":"Point","coordinates":[-0.15961,51.36592]}},{"type":"Feature","properties":{"id":"ke-modern-42","kind":"poi","name":"Theatre 62","theme":"modern","lab":1},"geometry":{"type":"Point","coordinates":[-0.01047,51.37285]}},{"type":"Feature","properties":{"id":"ke-modern-43","kind":"poi","name":"Sir Corbett Woodall","theme":"modern","lab":1},"geometry":{"type":"Point","coordinates":[-0.00458,51.52351]}},{"type":"Feature","properties":{"id":"ke-modern-44","kind":"poi","name":"Peter Pan Statue","theme":"modern","lab":1},"geometry":{"type":"Point","coordinates":[-0.17592,51.50862]}},{"type":"Feature","properties":{"id":"ke-modern-45","kind":"poi","name":"The Leatherhead Theatre","theme":"modern","lab":1},"geometry":{"type":"Point","coordinates":[-0.32892,51.29482]}},{"type":"Feature","properties":{"id":"ke-modern-46","kind":"poi","name":"The Tabard Theatre","theme":"modern","lab":1},"geometry":{"type":"Point","coordinates":[-0.25487,51.49563]}},{"type":"Feature","properties":{"id":"ke-modern-47","kind":"poi","name":"White Bear Theatre Pub","theme":"modern","lab":1},"geometry":{"type":"Point","coordinates":[-0.10786,51.48679]}},{"type":"Feature","properties":{"id":"ke-modern-48","kind":"poi","name":"Almeida Theatre","theme":"modern","lab":1},"geometry":{"type":"Point","coordinates":[-0.10308,51.53944]}},{"type":"Feature","properties":{"id":"ke-modern-49","kind":"poi","name":"Memorial to the Great Exhibition","theme":"modern","lab":1},"geometry":{"type":"Point","coordinates":[-0.17728,51.50039]}},{"type":"Feature","properties":{"id":"ke-modern-50","kind":"poi","name":"Shaw Theatre","theme":"modern","lab":1},"geometry":{"type":"Point","coordinates":[-0.12813,51.52885]}},{"type":"Feature","properties":{"id":"ke-modern-51","kind":"poi","name":"The Courtyard","theme":"modern","lab":1},"geometry":{"type":"Point","coordinates":[-0.08339,51.52798]}},{"type":"Feature","properties":{"id":"ke-modern-52","kind":"poi","name":"London Pride","theme":"modern","lab":1},"geometry":{"type":"Point","coordinates":[-0.11467,51.50756]}},{"type":"Feature","properties":{"id":"ke-modern-53","kind":"poi","name":"The Burghers Of Calais","theme":"modern","lab":1},"geometry":{"type":"Point","coordinates":[-0.12491,51.49748]}},{"type":"Feature","properties":{"id":"ke-modern-54","kind":"poi","name":"Earl Mountbatten of Burma","theme":"modern","lab":1},"geometry":{"type":"Point","coordinates":[-0.12864,51.50361]}},{"type":"Feature","properties":{"id":"ke-modern-55","kind":"poi","name":"Charing Cross Theatre","theme":"modern","lab":1},"geometry":{"type":"Point","coordinates":[-0.12437,51.50766]}},{"type":"Feature","properties":{"id":"ke-modern-56","kind":"poi","name":"Tramshed Theatre","theme":"modern","lab":1},"geometry":{"type":"Point","coordinates":[0.06801,51.48948]}},{"type":"Feature","properties":{"id":"ke-modern-57","kind":"poi","name":"The Churchill","theme":"modern","lab":1},"geometry":{"type":"Point","coordinates":[0.0143,51.40355]}},{"type":"Feature","properties":{"id":"ke-modern-58","kind":"poi","name":"Southwark Playhouse Borough","theme":"modern","lab":1},"geometry":{"type":"Point","coordinates":[-0.09841,51.49761]}},{"type":"Feature","properties":{"id":"ke-modern-59","kind":"poi","name":"Locking Piece","theme":"modern","lab":1},"geometry":{"type":"Point","coordinates":[-0.1276,51.48937]}},{"type":"Feature","properties":{"id":"ke-modern-60","kind":"poi","name":"Richard the Lionheart","theme":"modern","lab":1},"geometry":{"type":"Point","coordinates":[-0.12555,51.49915]}},{"type":"Feature","properties":{"id":"ke-modern-61","kind":"poi","name":"Oliver Cromwell","theme":"modern","lab":1},"geometry":{"type":"Point","coordinates":[-0.12582,51.49985]}},{"type":"Feature","properties":{"id":"ke-modern-62","kind":"poi","name":"Harrow Arts Centre","theme":"modern","lab":1},"geometry":{"type":"Point","coordinates":[-0.36369,51.60842]}},{"type":"Feature","properties":{"id":"ke-modern-63","kind":"poi","name":"Erith Playhouse","theme":"modern","lab":1},"geometry":{"type":"Point","coordinates":[0.18144,51.48113]}},{"type":"Feature","properties":{"id":"ke-modern-64","kind":"poi","name":"George V","theme":"modern","lab":1},"geometry":{"type":"Point","coordinates":[-0.12633,51.49897]}},{"type":"Feature","properties":{"id":"ke-modern-65","kind":"poi","name":"Jeté","theme":"modern","lab":1},"geometry":{"type":"Point","coordinates":[-0.12768,51.48971]}},{"type":"Feature","properties":{"id":"ke-modern-66","kind":"poi","name":"Sir Hugh Myddleton Memorial","theme":"modern","lab":1},"geometry":{"type":"Point","coordinates":[-0.10361,51.53574]}},{"type":"Feature","properties":{"id":"ke-modern-67","kind":"poi","name":"The Young Lovers","theme":"modern","lab":1},"geometry":{"type":"Point","coordinates":[-0.09715,51.51326]}},{"type":"Feature","properties":{"id":"ke-modern-68","kind":"poi","name":"Knife Edge Two Piece","theme":"modern","lab":1},"geometry":{"type":"Point","coordinates":[-0.12603,51.49796]}},{"type":"Feature","properties":{"id":"ke-modern-69","kind":"poi","name":"William Pitt the Younger","theme":"modern","lab":1},"geometry":{"type":"Point","coordinates":[-0.14365,51.51364]}},{"type":"Feature","properties":{"id":"ke-modern-70","kind":"poi","name":"Sotheby's Auction House","theme":"modern","lab":1},"geometry":{"type":"Point","coordinates":[-0.14376,51.51181]}},{"type":"Feature","properties":{"id":"ke-modern-71","kind":"poi","name":"The Fine Art Society","theme":"modern","lab":1},"geometry":{"type":"Point","coordinates":[-0.14366,51.51134]}},{"type":"Feature","properties":{"id":"ke-modern-72","kind":"poi","name":"Arthur Harris","theme":"modern","lab":1},"geometry":{"type":"Point","coordinates":[-0.1144,51.51308]}},{"type":"Feature","properties":{"id":"ke-modern-73","kind":"poi","name":"Franklin Delano Roosevelt","theme":"modern","lab":1},"geometry":{"type":"Point","coordinates":[-0.15154,51.51183]}},{"type":"Feature","properties":{"id":"ke-modern-74","kind":"poi","name":"The Diver","theme":"modern","lab":1},"geometry":{"type":"Point","coordinates":[0.18237,51.49742]}},{"type":"Feature","properties":{"id":"ke-modern-75","kind":"poi","name":"the Seafarers Memorial","theme":"modern","lab":1},"geometry":{"type":"Point","coordinates":[-0.12118,51.49347]}},{"type":"Feature","properties":{"id":"ke-modern-76","kind":"poi","name":"King Alfred The Great","theme":"modern","lab":1},"geometry":{"type":"Point","coordinates":[-0.09364,51.49885]}},{"type":"Feature","properties":{"id":"ke-modern-77","kind":"poi","name":"Quantum Cloud","theme":"modern","lab":1},"geometry":{"type":"Point","coordinates":[0.0092,51.50183]}},{"type":"Feature","properties":{"id":"ke-modern-78","kind":"poi","name":"James McNeill Whistler","theme":"modern","lab":1},"geometry":{"type":"Point","coordinates":[-0.17352,51.482]}},{"type":"Feature","properties":{"id":"ke-modern-79","kind":"poi","name":"Atalanta","theme":"modern","lab":1},"geometry":{"type":"Point","coordinates":[-0.16804,51.48314]}},{"type":"Feature","properties":{"id":"ke-modern-80","kind":"poi","name":"The Helmsman","theme":"modern","lab":1},"geometry":{"type":"Point","coordinates":[-0.13444,51.48557]}},{"type":"Feature","properties":{"id":"ke-modern-81","kind":"poi","name":"Admiral Lord Nelson","theme":"modern","lab":1},"geometry":{"type":"Point","coordinates":[-0.00449,51.48455]}},{"type":"Feature","properties":{"id":"ke-modern-82","kind":"poi","name":"Anchor Iron","theme":"modern","lab":1},"geometry":{"type":"Point","coordinates":[-0.00067,51.48651]}},{"type":"Feature","properties":{"id":"ke-modern-83","kind":"poi","name":"Fall","theme":"modern","lab":1},"geometry":{"type":"Point","coordinates":[-0.19952,51.46272]}},{"type":"Feature","properties":{"id":"ke-modern-84","kind":"poi","name":"Pygmalion","theme":"modern","lab":1},"geometry":{"type":"Point","coordinates":[-0.20128,51.46285]}},{"type":"Feature","properties":{"id":"ke-modern-85","kind":"poi","name":"Mother Figure","theme":"modern","lab":1},"geometry":{"type":"Point","coordinates":[-0.21161,51.4652]}},{"type":"Feature","properties":{"id":"ke-modern-86","kind":"poi","name":"Out of Order","theme":"modern","lab":1},"geometry":{"type":"Point","coordinates":[-0.30047,51.41082]}},{"type":"Feature","properties":{"id":"ke-modern-87","kind":"poi","name":"Opera Holland Park","theme":"modern","lab":1},"geometry":{"type":"Point","coordinates":[-0.20214,51.5023]}},{"type":"Feature","properties":{"id":"ke-modern-88","kind":"poi","name":"Trajan","theme":"modern","lab":1},"geometry":{"type":"Point","coordinates":[-0.07613,51.50987]}},{"type":"Feature","properties":{"id":"ke-modern-89","kind":"poi","name":"The Navigators","theme":"modern","lab":1},"geometry":{"type":"Point","coordinates":[-0.08344,51.50592]}},{"type":"Feature","properties":{"id":"ke-modern-90","kind":"poi","name":"Angel's Wings","theme":"modern","lab":1},"geometry":{"type":"Point","coordinates":[-0.10042,51.51434]}},{"type":"Feature","properties":{"id":"ke-modern-91","kind":"poi","name":"Two Piece Reclining Figure No. 5","theme":"modern","lab":1},"geometry":{"type":"Point","coordinates":[-0.16979,51.57003]}},{"type":"Feature","properties":{"id":"ke-modern-92","kind":"poi","name":"Monolith (Empyrean)","theme":"modern","lab":1},"geometry":{"type":"Point","coordinates":[-0.16977,51.57102]}},{"type":"Feature","properties":{"id":"ke-modern-93","kind":"poi","name":"Little Angel Theatre","theme":"modern","lab":1},"geometry":{"type":"Point","coordinates":[-0.10135,51.53882]}},{"type":"Feature","properties":{"id":"ke-modern-94","kind":"poi","name":"Single Form","theme":"modern","lab":1},"geometry":{"type":"Point","coordinates":[-0.15281,51.47739]}},{"type":"Feature","properties":{"id":"ke-modern-95","kind":"poi","name":"Roller Skater","theme":"modern","lab":1},"geometry":{"type":"Point","coordinates":[-0.13431,51.49087]}},{"type":"Feature","properties":{"id":"ke-modern-96","kind":"poi","name":"Dugdale Centre","theme":"modern","lab":1},"geometry":{"type":"Point","coordinates":[-0.08048,51.65054]}},{"type":"Feature","properties":{"id":"ke-modern-97","kind":"poi","name":"Lord Holland","theme":"modern","lab":1},"geometry":{"type":"Point","coordinates":[-0.20336,51.50418]}},{"type":"Feature","properties":{"id":"ke-modern-98","kind":"poi","name":"Fulcrum","theme":"modern","lab":1},"geometry":{"type":"Point","coordinates":[-0.08383,51.51827]}},{"type":"Feature","properties":{"id":"ke-modern-99","kind":"poi","name":"October Gallery","theme":"modern","lab":1},"geometry":{"type":"Point","coordinates":[-0.12179,51.52066]}},{"type":"Feature","properties":{"id":"ke-modern-100","kind":"poi","name":"Shepherd and Sheep","theme":"modern","lab":1},"geometry":{"type":"Point","coordinates":[-0.09891,51.51465]}},{"type":"Feature","properties":{"id":"ke-modern-101","kind":"poi","name":"St Paul's Cross","theme":"modern","lab":1},"geometry":{"type":"Point","coordinates":[-0.0977,51.51423]}},{"type":"Feature","properties":{"id":"ke-modern-102","kind":"poi","name":"London Irish Centre","theme":"modern","lab":1},"geometry":{"type":"Point","coordinates":[-0.13243,51.54383]}},{"type":"Feature","properties":{"id":"ke-modern-103","kind":"poi","name":"Robert Raikes","theme":"modern","lab":1},"geometry":{"type":"Point","coordinates":[-0.12026,51.50933]}},{"type":"Feature","properties":{"id":"ke-modern-104","kind":"poi","name":"Watford Colosseum","theme":"modern","lab":1},"geometry":{"type":"Point","coordinates":[-0.40345,51.65892]}},{"type":"Feature","properties":{"id":"ke-modern-105","kind":"poi","name":"Ventilation Shaft Cover","theme":"modern","lab":1},"geometry":{"type":"Point","coordinates":[-0.133,51.48922]}},{"type":"Feature","properties":{"id":"ke-modern-106","kind":"poi","name":"Lion and Unicorn","theme":"modern","lab":1},"geometry":{"type":"Point","coordinates":[-0.13902,51.54805]}},{"type":"Feature","properties":{"id":"ke-modern-107","kind":"poi","name":"Helios","theme":"modern","lab":1},"geometry":{"type":"Point","coordinates":[-0.22618,51.50998]}},{"type":"Feature","properties":{"id":"ke-modern-108","kind":"poi","name":"The Elfin Oak","theme":"modern","lab":1},"geometry":{"type":"Point","coordinates":[-0.18793,51.50864]}},{"type":"Feature","properties":{"id":"ke-modern-109","kind":"poi","name":"Pentameter's theatre","theme":"modern","lab":1},"geometry":{"type":"Point","coordinates":[-0.17837,51.55596]}},{"type":"Feature","properties":{"id":"ke-modern-110","kind":"poi","name":"John Wesley","theme":"modern","lab":1},"geometry":{"type":"Point","coordinates":[-0.08695,51.52378]}},{"type":"Feature","properties":{"id":"ke-modern-111","kind":"poi","name":"The Cordwainer","theme":"modern","lab":1},"geometry":{"type":"Point","coordinates":[-0.09308,51.51283]}},{"type":"Feature","properties":{"id":"ke-modern-112","kind":"poi","name":"Uxbridge War Memorial","theme":"modern","lab":1},"geometry":{"type":"Point","coordinates":[-0.481,51.54447]}},{"type":"Feature","properties":{"id":"ke-modern-113","kind":"poi","name":"Heminge & Condell memorial","theme":"modern","lab":1},"geometry":{"type":"Point","coordinates":[-0.09303,51.51638]}},{"type":"Feature","properties":{"id":"ke-modern-114","kind":"poi","name":"Nike","theme":"modern","lab":1},"geometry":{"type":"Point","coordinates":[0.06937,51.49199]}},{"type":"Feature","properties":{"id":"ke-modern-115","kind":"poi","name":"Statue of Sherlock Holmes","theme":"modern","lab":1},"geometry":{"type":"Point","coordinates":[-0.15659,51.5225]}},{"type":"Feature","properties":{"id":"ke-modern-116","kind":"poi","name":"W.H.Hudson Memorial","theme":"modern","lab":1},"geometry":{"type":"Point","coordinates":[-0.16901,51.5083]}},{"type":"Feature","properties":{"id":"ke-modern-117","kind":"poi","name":"Man with Arms Open","theme":"modern","lab":1},"geometry":{"type":"Point","coordinates":[-0.02441,51.50547]}},{"type":"Feature","properties":{"id":"ke-modern-118","kind":"poi","name":"The Hibbert Gate","theme":"modern","lab":1},"geometry":{"type":"Point","coordinates":[-0.02433,51.50679]}},{"type":"Feature","properties":{"id":"ke-modern-119","kind":"poi","name":"Sir Hans Sloane Statue","theme":"modern","lab":1},"geometry":{"type":"Point","coordinates":[-0.16235,51.48462]}},{"type":"Feature","properties":{"id":"ke-modern-120","kind":"poi","name":"Thierry Henry statue","theme":"modern","lab":1},"geometry":{"type":"Point","coordinates":[-0.10964,51.55398]}},{"type":"Feature","properties":{"id":"ke-modern-121","kind":"poi","name":"Raoul Wallenberg Monument","theme":"modern","lab":1},"geometry":{"type":"Point","coordinates":[-0.15954,51.51503]}},{"type":"Feature","properties":{"id":"ke-modern-122","kind":"poi","name":"Nelson's Ship in a Bottle","theme":"modern","lab":1},"geometry":{"type":"Point","coordinates":[-0.00532,51.48031]}},{"type":"Feature","properties":{"id":"ke-modern-123","kind":"poi","name":"Park Theatre","theme":"modern","lab":1},"geometry":{"type":"Point","coordinates":[-0.10848,51.56573]}},{"type":"Feature","properties":{"id":"ke-modern-124","kind":"poi","name":"Gladstone","theme":"modern","lab":1},"geometry":{"type":"Point","coordinates":[-0.01789,51.52843]}},{"type":"Feature","properties":{"id":"ke-modern-125","kind":"poi","name":"King George II","theme":"modern","lab":1},"geometry":{"type":"Point","coordinates":[-0.00592,51.48367]}},{"type":"Feature","properties":{"id":"ke-modern-126","kind":"poi","name":"Traffic Light Tree","theme":"modern","lab":1},"geometry":{"type":"Point","coordinates":[-0.01052,51.50682]}},{"type":"Feature","properties":{"id":"ke-modern-127","kind":"poi","name":"The Arch","theme":"modern","lab":1},"geometry":{"type":"Point","coordinates":[-0.17323,51.50764]}},{"type":"Feature","properties":{"id":"ke-modern-128","kind":"poi","name":"Silver Jubilee Crystal Crown","theme":"modern","lab":1},"geometry":{"type":"Point","coordinates":[-0.07267,51.50702]}},{"type":"Feature","properties":{"id":"ke-modern-129","kind":"poi","name":"Duke of Wellington","theme":"modern","lab":1},"geometry":{"type":"Point","coordinates":[0.07387,51.49355]}},{"type":"Feature","properties":{"id":"ke-modern-130","kind":"poi","name":"Miller Centre","theme":"modern","lab":1},"geometry":{"type":"Point","coordinates":[-0.07571,51.28154]}},{"type":"Feature","properties":{"id":"ke-modern-131","kind":"poi","name":"Fleet Air Arm Memorial","theme":"modern","lab":1},"geometry":{"type":"Point","coordinates":[-0.12394,51.50404]}},{"type":"Feature","properties":{"id":"ke-modern-132","kind":"poi","name":"Newton After Blake","theme":"modern","lab":1},"geometry":{"type":"Point","coordinates":[-0.12758,51.52904]}},{"type":"Feature","properties":{"id":"ke-modern-133","kind":"poi","name":"Charles Portal","theme":"modern","lab":1},"geometry":{"type":"Point","coordinates":[-0.12372,51.50421]}},{"type":"Feature","properties":{"id":"ke-modern-134","kind":"poi","name":"Cable Street Mural","theme":"modern","lab":1},"geometry":{"type":"Point","coordinates":[-0.05861,51.51094]}},{"type":"Feature","properties":{"id":"ke-modern-135","kind":"poi","name":"Brockley Jack Theatre","theme":"modern","lab":1},"geometry":{"type":"Point","coordinates":[-0.03839,51.45349]}},{"type":"Feature","properties":{"id":"ke-modern-136","kind":"poi","name":"Yuri Gagarin","theme":"modern","lab":1},"geometry":{"type":"Point","coordinates":[-0.00065,51.47677]}},{"type":"Feature","properties":{"id":"ke-modern-137","kind":"poi","name":"Dolphin Sundial","theme":"modern","lab":1},"geometry":{"type":"Point","coordinates":[-0.0019,51.47781]}},{"type":"Feature","properties":{"id":"ke-modern-138","kind":"poi","name":"Longplayer","theme":"modern","lab":1},"geometry":{"type":"Point","coordinates":[0.00832,51.50769]}},{"type":"Feature","properties":{"id":"ke-modern-139","kind":"poi","name":"The Meeting Place","theme":"modern","lab":1},"geometry":{"type":"Point","coordinates":[-0.12505,51.53027]}},{"type":"Feature","properties":{"id":"ke-modern-140","kind":"poi","name":"York House Gardens Statues","theme":"modern","lab":1},"geometry":{"type":"Point","coordinates":[-0.3242,51.44675]}},{"type":"Feature","properties":{"id":"ke-modern-141","kind":"poi","name":"Bobby Moore statue","theme":"modern","lab":1},"geometry":{"type":"Point","coordinates":[-0.2796,51.55749]}},{"type":"Feature","properties":{"id":"ke-modern-142","kind":"poi","name":"Chindit Memorial","theme":"modern","lab":1},"geometry":{"type":"Point","coordinates":[-0.124,51.5033]}},{"type":"Feature","properties":{"id":"ke-modern-143","kind":"poi","name":"Charles II","theme":"modern","lab":1},"geometry":{"type":"Point","coordinates":[-0.13231,51.51544]}},{"type":"Feature","properties":{"id":"ke-modern-144","kind":"poi","name":"Joshua Reynolds","theme":"modern","lab":1},"geometry":{"type":"Point","coordinates":[-0.13936,51.50889]}},{"type":"Feature","properties":{"id":"ke-modern-145","kind":"poi","name":"Statue of Queen Anne","theme":"modern","lab":1},"geometry":{"type":"Point","coordinates":[-0.13303,51.50048]}},{"type":"Feature","properties":{"id":"ke-modern-146","kind":"poi","name":"Terza Rima","theme":"modern","lab":1},"geometry":{"type":"Point","coordinates":[-0.13814,51.50951]}},{"type":"Feature","properties":{"id":"ke-modern-147","kind":"poi","name":"Statue of Edward Jenner","theme":"modern","lab":1},"geometry":{"type":"Point","coordinates":[-0.17512,51.51058]}},{"type":"Feature","properties":{"id":"ke-modern-148","kind":"poi","name":"Faceted Column","theme":"modern","lab":1},"geometry":{"type":"Point","coordinates":[-0.08745,51.52045]}},{"type":"Feature","properties":{"id":"ke-modern-149","kind":"poi","name":"A Pear and a Fig","theme":"modern","lab":1},"geometry":{"type":"Point","coordinates":[-0.0777,51.51909]}},{"type":"Feature","properties":{"id":"ke-modern-150","kind":"poi","name":"John F. Kennedy Memorial","theme":"modern","lab":1},"geometry":{"type":"Point","coordinates":[-0.14462,51.52389]}},{"type":"Feature","properties":{"id":"ke-modern-151","kind":"poi","name":"Quintin and Alice Hogg Memorial","theme":"modern","lab":1},"geometry":{"type":"Point","coordinates":[-0.14443,51.51893]}},{"type":"Feature","properties":{"id":"ke-modern-152","kind":"poi","name":"Paddington Bear","theme":"modern","lab":1},"geometry":{"type":"Point","coordinates":[-0.17773,51.5166]}},{"type":"Feature","properties":{"id":"ke-modern-153","kind":"poi","name":"Still Water","theme":"modern","lab":1},"geometry":{"type":"Point","coordinates":[-0.15127,51.50452]}},{"type":"Feature","properties":{"id":"ke-modern-154","kind":"poi","name":"Hornsey Town Hall","theme":"modern","lab":1},"geometry":{"type":"Point","coordinates":[-0.12255,51.57879]}},{"type":"Feature","properties":{"id":"ke-modern-155","kind":"poi","name":"Two-piece reclining figure No.3. (1962)","theme":"modern","lab":1},"geometry":{"type":"Point","coordinates":[-0.10423,51.48249]}},{"type":"Feature","properties":{"id":"ke-modern-156","kind":"poi","name":"Friendship Tree Sculpture","theme":"modern","lab":1},"geometry":{"type":"Point","coordinates":[-0.04766,51.56332]}},{"type":"Feature","properties":{"id":"ke-modern-157","kind":"poi","name":"The Broadway","theme":"modern","lab":1},"geometry":{"type":"Point","coordinates":[0.07778,51.5355]}},{"type":"Feature","properties":{"id":"ke-modern-158","kind":"poi","name":"Upstairs at the Gatehouse","theme":"modern","lab":1},"geometry":{"type":"Point","coordinates":[-0.14995,51.57138]}},{"type":"Feature","properties":{"id":"ke-modern-159","kind":"poi","name":"Whittington Stone","theme":"modern","lab":1},"geometry":{"type":"Point","coordinates":[-0.13684,51.56654]}},{"type":"Feature","properties":{"id":"ke-modern-160","kind":"poi","name":"Foch","theme":"modern","lab":1},"geometry":{"type":"Point","coordinates":[-0.14526,51.4964]}},{"type":"Feature","properties":{"id":"ke-modern-161","kind":"poi","name":"Shepherdess Walk Mosaic","theme":"modern","lab":1},"geometry":{"type":"Point","coordinates":[-0.0937,51.53269]}},{"type":"Feature","properties":{"id":"ke-modern-162","kind":"poi","name":"Lord Dowding","theme":"modern","lab":1},"geometry":{"type":"Point","coordinates":[-0.11431,51.51293]}},{"type":"Feature","properties":{"id":"ke-modern-163","kind":"poi","name":"The Sower","theme":"modern","lab":1},"geometry":{"type":"Point","coordinates":[-0.28927,51.48249]}},{"type":"Feature","properties":{"id":"ke-modern-164","kind":"poi","name":"Dogs of Alcibiades","theme":"modern","lab":1},"geometry":{"type":"Point","coordinates":[-0.04873,51.53413]}},{"type":"Feature","properties":{"id":"ke-modern-165","kind":"poi","name":"Since 9/11","theme":"modern","lab":1},"geometry":{"type":"Point","coordinates":[-0.0091,51.54007]}},{"type":"Feature","properties":{"id":"ke-modern-166","kind":"poi","name":"Victoria Miro Gallery","theme":"modern","lab":1},"geometry":{"type":"Point","coordinates":[-0.09511,51.53042]}},{"type":"Feature","properties":{"id":"ke-modern-167","kind":"poi","name":"World Cup Sculpture","theme":"modern","lab":1},"geometry":{"type":"Point","coordinates":[0.03795,51.53013]}},{"type":"Feature","properties":{"id":"ke-modern-168","kind":"poi","name":"Asia House","theme":"modern","lab":1},"geometry":{"type":"Point","coordinates":[-0.14618,51.51962]}},{"type":"Feature","properties":{"id":"ke-modern-169","kind":"poi","name":"Gorilla","theme":"modern","lab":1},"geometry":{"type":"Point","coordinates":[-0.00946,51.54717]}},{"type":"Feature","properties":{"id":"ke-modern-170","kind":"poi","name":"Seven Ages of Man","theme":"modern","lab":1},"geometry":{"type":"Point","coordinates":[-0.10095,51.51189]}},{"type":"Feature","properties":{"id":"ke-modern-171","kind":"poi","name":"Taxi","theme":"modern","lab":1},"geometry":{"type":"Point","coordinates":[-0.10626,51.51122]}},{"type":"Feature","properties":{"id":"ke-doga-0","kind":"poi","name":"Primrose Hill","theme":"doga","lab":1},"geometry":{"type":"Point","coordinates":[-0.16164,51.53906]}},{"type":"Feature","properties":{"id":"ke-doga-1","kind":"poi","name":"Sunnyhill Park","theme":"doga","lab":1},"geometry":{"type":"Point","coordinates":[-0.22931,51.59564]}},{"type":"Feature","properties":{"id":"ke-doga-2","kind":"poi","name":"Norfolk Square Garden","theme":"doga","lab":1},"geometry":{"type":"Point","coordinates":[-0.17343,51.51589]}},{"type":"Feature","properties":{"id":"ke-doga-3","kind":"poi","name":"Kensington Gardens","theme":"doga","lab":1},"geometry":{"type":"Point","coordinates":[-0.1802,51.50665]}},{"type":"Feature","properties":{"id":"ke-doga-4","kind":"poi","name":"Isabella Plantation","theme":"doga","lab":1},"geometry":{"type":"Point","coordinates":[-0.27736,51.43339]}},{"type":"Feature","properties":{"id":"ke-doga-5","kind":"poi","name":"Mountsfield Park","theme":"doga","lab":1},"geometry":{"type":"Point","coordinates":[-0.00933,51.44745]}},{"type":"Feature","properties":{"id":"ke-doga-6","kind":"poi","name":"Grosvenor Square","theme":"doga","lab":1},"geometry":{"type":"Point","coordinates":[-0.15139,51.51151]}},{"type":"Feature","properties":{"id":"ke-doga-7","kind":"poi","name":"Finsbury Park","theme":"doga","lab":1},"geometry":{"type":"Point","coordinates":[-0.10105,51.57026]}},{"type":"Feature","properties":{"id":"ke-doga-8","kind":"poi","name":"Stationers Park","theme":"doga","lab":1},"geometry":{"type":"Point","coordinates":[-0.11221,51.57929]}},{"type":"Feature","properties":{"id":"ke-doga-9","kind":"poi","name":"Hammersmith Park","theme":"doga","lab":1},"geometry":{"type":"Point","coordinates":[-0.22835,51.51029]}},{"type":"Feature","properties":{"id":"ke-doga-10","kind":"poi","name":"South Park","theme":"doga","lab":1},"geometry":{"type":"Point","coordinates":[-0.19428,51.46906]}},{"type":"Feature","properties":{"id":"ke-doga-11","kind":"poi","name":"West Square Gardens","theme":"doga","lab":1},"geometry":{"type":"Point","coordinates":[-0.10553,51.49518]}},{"type":"Feature","properties":{"id":"ke-doga-12","kind":"poi","name":"Victoria Embankment Gardens","theme":"doga","lab":1},"geometry":{"type":"Point","coordinates":[-0.12103,51.50862]}},{"type":"Feature","properties":{"id":"ke-doga-13","kind":"poi","name":"Argyle Square Gardens","theme":"doga","lab":1},"geometry":{"type":"Point","coordinates":[-0.12225,51.52904]}},{"type":"Feature","properties":{"id":"ke-doga-14","kind":"poi","name":"Golden Square","theme":"doga","lab":1},"geometry":{"type":"Point","coordinates":[-0.13718,51.51165]}},{"type":"Feature","properties":{"id":"ke-doga-15","kind":"poi","name":"Vauxhall Pleasure Gardens","theme":"doga","lab":1},"geometry":{"type":"Point","coordinates":[-0.12072,51.48747]}},{"type":"Feature","properties":{"id":"ke-doga-16","kind":"poi","name":"Christchurch Gardens","theme":"doga","lab":1},"geometry":{"type":"Point","coordinates":[-0.13449,51.49811]}},{"type":"Feature","properties":{"id":"ke-doga-17","kind":"poi","name":"Victoria Tower Gardens","theme":"doga","lab":1},"geometry":{"type":"Point","coordinates":[-0.12487,51.49646]}},{"type":"Feature","properties":{"id":"ke-doga-18","kind":"poi","name":"Archbishop's Park","theme":"doga","lab":1},"geometry":{"type":"Point","coordinates":[-0.11689,51.49679]}},{"type":"Feature","properties":{"id":"ke-doga-19","kind":"poi","name":"Priory Park","theme":"doga","lab":1},"geometry":{"type":"Point","coordinates":[-0.12491,51.58555]}},{"type":"Feature","properties":{"id":"ke-doga-20","kind":"poi","name":"Myatt's Fields Park","theme":"doga","lab":1},"geometry":{"type":"Point","coordinates":[-0.10349,51.47369]}},{"type":"Feature","properties":{"id":"ke-doga-21","kind":"poi","name":"Jubilee Gardens","theme":"doga","lab":1},"geometry":{"type":"Point","coordinates":[-0.11813,51.50396]}},{"type":"Feature","properties":{"id":"ke-doga-22","kind":"poi","name":"Bishop's Park","theme":"doga","lab":1},"geometry":{"type":"Point","coordinates":[-0.21624,51.47106]}},{"type":"Feature","properties":{"id":"ke-doga-23","kind":"poi","name":"Bloomsbury Square Gardens","theme":"doga","lab":1},"geometry":{"type":"Point","coordinates":[-0.12282,51.51892]}},{"type":"Feature","properties":{"id":"ke-doga-24","kind":"poi","name":"Alexandra Park","theme":"doga","lab":1},"geometry":{"type":"Point","coordinates":[-0.12932,51.59322]}},{"type":"Feature","properties":{"id":"ke-doga-25","kind":"poi","name":"Clissold Park","theme":"doga","lab":1},"geometry":{"type":"Point","coordinates":[-0.08779,51.56099]}},{"type":"Feature","properties":{"id":"ke-doga-26","kind":"poi","name":"Greenwich Park","theme":"doga","lab":1},"geometry":{"type":"Point","coordinates":[0.0011,51.47718]}},{"type":"Feature","properties":{"id":"ke-doga-27","kind":"poi","name":"Deptford Park","theme":"doga","lab":1},"geometry":{"type":"Point","coordinates":[-0.03925,51.48651]}},{"type":"Feature","properties":{"id":"ke-doga-28","kind":"poi","name":"Centre for Wildlife Gardening","theme":"doga","lab":1},"geometry":{"type":"Point","coordinates":[-0.07513,51.4629]}},{"type":"Feature","properties":{"id":"ke-doga-29","kind":"poi","name":"Central Park","theme":"doga","lab":1},"geometry":{"type":"Point","coordinates":[0.22113,51.44068]}},{"type":"Feature","properties":{"id":"ke-doga-30","kind":"poi","name":"Streatham Common","theme":"doga","lab":1},"geometry":{"type":"Point","coordinates":[-0.12122,51.4217]}},{"type":"Feature","properties":{"id":"ke-doga-31","kind":"poi","name":"Dulwich Park","theme":"doga","lab":1},"geometry":{"type":"Point","coordinates":[-0.07868,51.44552]}},{"type":"Feature","properties":{"id":"ke-doga-32","kind":"poi","name":"Prince's Gardens","theme":"doga","lab":1},"geometry":{"type":"Point","coordinates":[-0.17303,51.49932]}},{"type":"Feature","properties":{"id":"ke-doga-33","kind":"poi","name":"Wanstead Flats","theme":"doga","lab":1},"geometry":{"type":"Point","coordinates":[0.02189,51.55968]}},{"type":"Feature","properties":{"id":"ke-doga-34","kind":"poi","name":"Larkhall Park","theme":"doga","lab":1},"geometry":{"type":"Point","coordinates":[-0.13103,51.47336]}},{"type":"Feature","properties":{"id":"ke-doga-35","kind":"poi","name":"Clapton Square","theme":"doga","lab":1},"geometry":{"type":"Point","coordinates":[-0.05389,51.55099]}},{"type":"Feature","properties":{"id":"ke-doga-36","kind":"poi","name":"Hackney Downs","theme":"doga","lab":1},"geometry":{"type":"Point","coordinates":[-0.0623,51.55379]}},{"type":"Feature","properties":{"id":"ke-doga-37","kind":"poi","name":"Crane Park","theme":"doga","lab":1},"geometry":{"type":"Point","coordinates":[-0.37563,51.44335]}},{"type":"Feature","properties":{"id":"ke-doga-38","kind":"poi","name":"Holland Park","theme":"doga","lab":1},"geometry":{"type":"Point","coordinates":[-0.20313,51.50278]}},{"type":"Feature","properties":{"id":"ke-doga-39","kind":"poi","name":"Springfield Park","theme":"doga","lab":1},"geometry":{"type":"Point","coordinates":[-0.05867,51.57073]}},{"type":"Feature","properties":{"id":"ke-doga-40","kind":"poi","name":"Haggerston Park","theme":"doga","lab":1},"geometry":{"type":"Point","coordinates":[-0.0677,51.53307]}},{"type":"Feature","properties":{"id":"ke-doga-41","kind":"poi","name":"Geraldine Mary Harmsworth Park","theme":"doga","lab":1},"geometry":{"type":"Point","coordinates":[-0.10852,51.49592]}},{"type":"Feature","properties":{"id":"ke-doga-42","kind":"poi","name":"Gunnersbury Triangle Local Nature Reserve","theme":"doga","lab":1},"geometry":{"type":"Point","coordinates":[-0.27058,51.49439]}},{"type":"Feature","properties":{"id":"ke-doga-43","kind":"poi","name":"Canons Park","theme":"doga","lab":1},"geometry":{"type":"Point","coordinates":[-0.29397,51.61099]}},{"type":"Feature","properties":{"id":"ke-doga-44","kind":"poi","name":"Norwood Park","theme":"doga","lab":1},"geometry":{"type":"Point","coordinates":[-0.09396,51.42493]}},{"type":"Feature","properties":{"id":"ke-doga-45","kind":"poi","name":"West Ham Park","theme":"doga","lab":1},"geometry":{"type":"Point","coordinates":[0.01786,51.5392]}},{"type":"Feature","properties":{"id":"ke-doga-46","kind":"poi","name":"Thornhill Square","theme":"doga","lab":1},"geometry":{"type":"Point","coordinates":[-0.11525,51.54016]}},{"type":"Feature","properties":{"id":"ke-doga-47","kind":"poi","name":"East Greenwich Pleasaunce","theme":"doga","lab":1},"geometry":{"type":"Point","coordinates":[0.01375,51.48467]}},{"type":"Feature","properties":{"id":"ke-doga-48","kind":"poi","name":"Mayesbrook Park","theme":"doga","lab":1},"geometry":{"type":"Point","coordinates":[0.10881,51.54488]}},{"type":"Feature","properties":{"id":"ke-doga-49","kind":"poi","name":"Ravenscourt Park","theme":"doga","lab":1},"geometry":{"type":"Point","coordinates":[-0.23944,51.49708]}},{"type":"Feature","properties":{"id":"ke-doga-50","kind":"poi","name":"Caledonian Park","theme":"doga","lab":1},"geometry":{"type":"Point","coordinates":[-0.12334,51.54664]}},{"type":"Feature","properties":{"id":"ke-doga-51","kind":"poi","name":"Thames Barrier Park","theme":"doga","lab":1},"geometry":{"type":"Point","coordinates":[0.03411,51.50074]}},{"type":"Feature","properties":{"id":"ke-doga-52","kind":"poi","name":"Finsbury Circus Gardens","theme":"doga","lab":1},"geometry":{"type":"Point","coordinates":[-0.08647,51.51785]}},{"type":"Feature","properties":{"id":"ke-doga-53","kind":"poi","name":"Maryon Wilson Park","theme":"doga","lab":1},"geometry":{"type":"Point","coordinates":[0.04324,51.48483]}},{"type":"Feature","properties":{"id":"ke-doga-54","kind":"poi","name":"St George's Gardens","theme":"doga","lab":1},"geometry":{"type":"Point","coordinates":[-0.12103,51.52616]}},{"type":"Feature","properties":{"id":"ke-doga-55","kind":"poi","name":"Darenth Country Park","theme":"doga","lab":1},"geometry":{"type":"Point","coordinates":[0.2547,51.43072]}},{"type":"Feature","properties":{"id":"ke-doga-56","kind":"poi","name":"Sydenham Hill Wood","theme":"doga","lab":1},"geometry":{"type":"Point","coordinates":[-0.06708,51.4384]}},{"type":"Feature","properties":{"id":"ke-doga-57","kind":"poi","name":"St. George's Square","theme":"doga","lab":1},"geometry":{"type":"Point","coordinates":[-0.13458,51.48704]}},{"type":"Feature","properties":{"id":"ke-doga-58","kind":"poi","name":"King Edward Memorial Park","theme":"doga","lab":1},"geometry":{"type":"Point","coordinates":[-0.04868,51.509]}},{"type":"Feature","properties":{"id":"ke-doga-59","kind":"poi","name":"Cleaver Square","theme":"doga","lab":1},"geometry":{"type":"Point","coordinates":[-0.10863,51.48771]}},{"type":"Feature","properties":{"id":"ke-doga-60","kind":"poi","name":"Northala Fields","theme":"doga","lab":1},"geometry":{"type":"Point","coordinates":[-0.37507,51.54005]}},{"type":"Feature","properties":{"id":"ke-doga-61","kind":"poi","name":"Tabard Gardens","theme":"doga","lab":1},"geometry":{"type":"Point","coordinates":[-0.08908,51.49861]}},{"type":"Feature","properties":{"id":"ke-doga-62","kind":"poi","name":"Charles Square","theme":"doga","lab":1},"geometry":{"type":"Point","coordinates":[-0.08458,51.52711]}},{"type":"Feature","properties":{"id":"ke-doga-63","kind":"poi","name":"Lonsdale Square Garden","theme":"doga","lab":1},"geometry":{"type":"Point","coordinates":[-0.1082,51.53961]}},{"type":"Feature","properties":{"id":"ke-doga-64","kind":"poi","name":"Prestwick Road Meadows","theme":"doga","lab":1},"geometry":{"type":"Point","coordinates":[-0.38765,51.61769]}},{"type":"Feature","properties":{"id":"ke-doga-65","kind":"poi","name":"Barnsbury Square","theme":"doga","lab":1},"geometry":{"type":"Point","coordinates":[-0.11067,51.54185]}},{"type":"Feature","properties":{"id":"ke-doga-66","kind":"poi","name":"De Beauvoir Square","theme":"doga","lab":1},"geometry":{"type":"Point","coordinates":[-0.07877,51.54125]}},{"type":"Feature","properties":{"id":"ke-doga-67","kind":"poi","name":"Lincoln's Inn Fields","theme":"doga","lab":1},"geometry":{"type":"Point","coordinates":[-0.11657,51.51627]}},{"type":"Feature","properties":{"id":"ke-doga-68","kind":"poi","name":"Greenwich Peninsula Ecology Park","theme":"doga","lab":1},"geometry":{"type":"Point","coordinates":[0.01579,51.49501]}},{"type":"Feature","properties":{"id":"ke-doga-69","kind":"poi","name":"Paddington Street Gardens North","theme":"doga","lab":1},"geometry":{"type":"Point","coordinates":[-0.15478,51.52093]}},{"type":"Feature","properties":{"id":"ke-doga-70","kind":"poi","name":"Redcliffe Square Gardens","theme":"doga","lab":1},"geometry":{"type":"Point","coordinates":[-0.18835,51.48818]}},{"type":"Feature","properties":{"id":"ke-doga-71","kind":"poi","name":"St Mark's Churchyard","theme":"doga","lab":1},"geometry":{"type":"Point","coordinates":[-0.11195,51.48139]}},{"type":"Feature","properties":{"id":"ke-doga-72","kind":"poi","name":"King Square Gardens","theme":"doga","lab":1},"geometry":{"type":"Point","coordinates":[-0.09894,51.52732]}},{"type":"Feature","properties":{"id":"ke-doga-73","kind":"poi","name":"Princes Park","theme":"doga","lab":1},"geometry":{"type":"Point","coordinates":[-0.20595,51.58183]}},{"type":"Feature","properties":{"id":"ke-doga-74","kind":"poi","name":"Edgwarebury Park","theme":"doga","lab":1},"geometry":{"type":"Point","coordinates":[-0.28249,51.62611]}},{"type":"Feature","properties":{"id":"ke-doga-75","kind":"poi","name":"Grove Hall Park","theme":"doga","lab":1},"geometry":{"type":"Point","coordinates":[-0.01803,51.52984]}},{"type":"Feature","properties":{"id":"ke-doga-76","kind":"poi","name":"Mount Street Gardens","theme":"doga","lab":1},"geometry":{"type":"Point","coordinates":[-0.15006,51.50931]}},{"type":"Feature","properties":{"id":"ke-doga-77","kind":"poi","name":"Shepherdess Walk Park","theme":"doga","lab":1},"geometry":{"type":"Point","coordinates":[-0.09387,51.53215]}},{"type":"Feature","properties":{"id":"ke-doga-78","kind":"poi","name":"Greenhill Gardens","theme":"doga","lab":1},"geometry":{"type":"Point","coordinates":[-0.18247,51.64445]}},{"type":"Feature","properties":{"id":"ke-doga-79","kind":"poi","name":"Beckenham Place Park","theme":"doga","lab":1},"geometry":{"type":"Point","coordinates":[-0.01388,51.41872]}},{"type":"Feature","properties":{"id":"ke-doga-80","kind":"poi","name":"Red Cross Garden","theme":"doga","lab":1},"geometry":{"type":"Point","coordinates":[-0.09456,51.50314]}},{"type":"Feature","properties":{"id":"ke-doga-81","kind":"poi","name":"Crossbones Graveyard","theme":"doga","lab":1},"geometry":{"type":"Point","coordinates":[-0.09316,51.50395]}},{"type":"Feature","properties":{"id":"ke-doga-82","kind":"poi","name":"Jubilee Country Park","theme":"doga","lab":1},"geometry":{"type":"Point","coordinates":[0.06295,51.39247]}},{"type":"Feature","properties":{"id":"ke-doga-83","kind":"poi","name":"Newington Green","theme":"doga","lab":1},"geometry":{"type":"Point","coordinates":[-0.08519,51.5515]}},{"type":"Feature","properties":{"id":"ke-doga-84","kind":"poi","name":"Richmond Park","theme":"doga","lab":1},"geometry":{"type":"Point","coordinates":[-0.27692,51.43861]}},{"type":"Feature","properties":{"id":"ke-doga-85","kind":"poi","name":"Brunswick Square Gardens","theme":"doga","lab":1},"geometry":{"type":"Point","coordinates":[-0.12172,51.52447]}},{"type":"Feature","properties":{"id":"ke-doga-86","kind":"poi","name":"Coram's Fields","theme":"doga","lab":1},"geometry":{"type":"Point","coordinates":[-0.11999,51.5244]}},{"type":"Feature","properties":{"id":"ke-doga-87","kind":"poi","name":"Norman Park","theme":"doga","lab":1},"geometry":{"type":"Point","coordinates":[0.02664,51.388]}},{"type":"Feature","properties":{"id":"ke-doga-88","kind":"poi","name":"National Trust - Claremont Landscape Gardens","theme":"doga","lab":1},"geometry":{"type":"Point","coordinates":[-0.37828,51.35628]}},{"type":"Feature","properties":{"id":"ke-doga-89","kind":"poi","name":"Walled Garden","theme":"doga","lab":1},"geometry":{"type":"Point","coordinates":[-0.42083,51.32979]}},{"type":"Feature","properties":{"id":"ke-doga-90","kind":"poi","name":"Westbourne Gardens","theme":"doga","lab":1},"geometry":{"type":"Point","coordinates":[-0.19048,51.51721]}},{"type":"Feature","properties":{"id":"ke-doga-91","kind":"poi","name":"Camden Gardens","theme":"doga","lab":1},"geometry":{"type":"Point","coordinates":[-0.14145,51.54212]}},{"type":"Feature","properties":{"id":"ke-doga-92","kind":"poi","name":"Arbour Square Gardens","theme":"doga","lab":1},"geometry":{"type":"Point","coordinates":[-0.04787,51.51428]}},{"type":"Feature","properties":{"id":"ke-doga-93","kind":"poi","name":"Old Paradise Gardens","theme":"doga","lab":1},"geometry":{"type":"Point","coordinates":[-0.11905,51.49331]}},{"type":"Feature","properties":{"id":"ke-doga-94","kind":"poi","name":"Shoreditch Park","theme":"doga","lab":1},"geometry":{"type":"Point","coordinates":[-0.08601,51.53461]}},{"type":"Feature","properties":{"id":"ke-doga-95","kind":"poi","name":"Runnymede","theme":"doga","lab":1},"geometry":{"type":"Point","coordinates":[-0.55443,51.44112]}},{"type":"Feature","properties":{"id":"ke-doga-96","kind":"poi","name":"Cannizaro Park","theme":"doga","lab":1},"geometry":{"type":"Point","coordinates":[-0.23093,51.42349]}},{"type":"Feature","properties":{"id":"ke-doga-97","kind":"poi","name":"Paddington Street Gardens South","theme":"doga","lab":1},"geometry":{"type":"Point","coordinates":[-0.15412,51.5199]}},{"type":"Feature","properties":{"id":"ke-doga-98","kind":"poi","name":"St Alphage Gardens","theme":"doga","lab":1},"geometry":{"type":"Point","coordinates":[-0.09242,51.51794]}},{"type":"Feature","properties":{"id":"ke-doga-99","kind":"poi","name":"Bushy Park","theme":"doga","lab":1},"geometry":{"type":"Point","coordinates":[-0.33567,51.41683]}},{"type":"Feature","properties":{"id":"ke-doga-100","kind":"poi","name":"Charlton Park","theme":"doga","lab":1},"geometry":{"type":"Point","coordinates":[0.04391,51.4805]}},{"type":"Feature","properties":{"id":"ke-doga-101","kind":"poi","name":"Sunbury Park & Orchard Meadow","theme":"doga","lab":1},"geometry":{"type":"Point","coordinates":[-0.41061,51.40702]}},{"type":"Feature","properties":{"id":"ke-doga-102","kind":"poi","name":"Stepney Green Park","theme":"doga","lab":1},"geometry":{"type":"Point","coordinates":[-0.04636,51.51778]}},{"type":"Feature","properties":{"id":"ke-doga-103","kind":"poi","name":"Bramley Bank","theme":"doga","lab":1},"geometry":{"type":"Point","coordinates":[-0.05815,51.35448]}},{"type":"Feature","properties":{"id":"ke-doga-104","kind":"poi","name":"Postman's Park","theme":"doga","lab":1},"geometry":{"type":"Point","coordinates":[-0.09771,51.51682]}},{"type":"Feature","properties":{"id":"ke-doga-105","kind":"poi","name":"Farthing Downs","theme":"doga","lab":1},"geometry":{"type":"Point","coordinates":[-0.137,51.30674]}},{"type":"Feature","properties":{"id":"ke-doga-106","kind":"poi","name":"Riddlesdown","theme":"doga","lab":1},"geometry":{"type":"Point","coordinates":[-0.09484,51.32439]}},{"type":"Feature","properties":{"id":"ke-doga-107","kind":"poi","name":"Hornfair Park","theme":"doga","lab":1},"geometry":{"type":"Point","coordinates":[0.04241,51.47566]}},{"type":"Feature","properties":{"id":"ke-doga-108","kind":"poi","name":"Brockley Nature Reserve","theme":"doga","lab":1},"geometry":{"type":"Point","coordinates":[-0.03843,51.47085]}},{"type":"Feature","properties":{"id":"ke-doga-109","kind":"poi","name":"Tower Hamlets Cemetery Park","theme":"doga","lab":1},"geometry":{"type":"Point","coordinates":[-0.02734,51.52295]}},{"type":"Feature","properties":{"id":"ke-doga-110","kind":"poi","name":"Limehouse Basin","theme":"doga","lab":1},"geometry":{"type":"Point","coordinates":[-0.03637,51.51131]}},{"type":"Feature","properties":{"id":"ke-doga-111","kind":"poi","name":"Happy Valley","theme":"doga","lab":1},"geometry":{"type":"Point","coordinates":[-0.12235,51.29543]}},{"type":"Feature","properties":{"id":"ke-doga-112","kind":"poi","name":"Perivale Wood Local Nature Reserve","theme":"doga","lab":1},"geometry":{"type":"Point","coordinates":[-0.32956,51.54014]}},{"type":"Feature","properties":{"id":"ke-doga-113","kind":"poi","name":"Sutcliffe Park","theme":"doga","lab":1},"geometry":{"type":"Point","coordinates":[0.02973,51.455]}},{"type":"Feature","properties":{"id":"ke-doga-114","kind":"poi","name":"St Alfege Park","theme":"doga","lab":1},"geometry":{"type":"Point","coordinates":[-0.01169,51.48068]}},{"type":"Feature","properties":{"id":"ke-doga-115","kind":"poi","name":"Ruskin Park","theme":"doga","lab":1},"geometry":{"type":"Point","coordinates":[-0.09395,51.46436]}},{"type":"Feature","properties":{"id":"ke-doga-116","kind":"poi","name":"Whittington Park","theme":"doga","lab":1},"geometry":{"type":"Point","coordinates":[-0.12881,51.56188]}},{"type":"Feature","properties":{"id":"ke-doga-117","kind":"poi","name":"Kyoto Garden","theme":"doga","lab":1},"geometry":{"type":"Point","coordinates":[-0.20456,51.50308]}},{"type":"Feature","properties":{"id":"ke-doga-118","kind":"poi","name":"Gunpowder Park","theme":"doga","lab":1},"geometry":{"type":"Point","coordinates":[-0.00374,51.67179]}},{"type":"Feature","properties":{"id":"ke-doga-119","kind":"poi","name":"Soho Square Gardens","theme":"doga","lab":1},"geometry":{"type":"Point","coordinates":[-0.13221,51.51529]}},{"type":"Feature","properties":{"id":"ke-doga-120","kind":"poi","name":"Hyde Park","theme":"doga","lab":1},"geometry":{"type":"Point","coordinates":[-0.16305,51.50741]}},{"type":"Feature","properties":{"id":"ke-doga-121","kind":"poi","name":"St. James's Park","theme":"doga","lab":1},"geometry":{"type":"Point","coordinates":[-0.13442,51.50311]}},{"type":"Feature","properties":{"id":"ke-doga-122","kind":"poi","name":"St. John's Wood Church Grounds","theme":"doga","lab":1},"geometry":{"type":"Point","coordinates":[-0.16921,51.53116]}},{"type":"Feature","properties":{"id":"ke-doga-123","kind":"poi","name":"Braeburn Park","theme":"doga","lab":1},"geometry":{"type":"Point","coordinates":[0.1719,51.44452]}},{"type":"Feature","properties":{"id":"ke-doga-124","kind":"poi","name":"Brookmill Road Local Nature Reserve","theme":"doga","lab":1},"geometry":{"type":"Point","coordinates":[-0.01971,51.46864]}},{"type":"Feature","properties":{"id":"ke-doga-125","kind":"poi","name":"Hackney Marshes","theme":"doga","lab":1},"geometry":{"type":"Point","coordinates":[-0.02859,51.55648]}},{"type":"Feature","properties":{"id":"ke-doga-126","kind":"poi","name":"Woodberry Wetlands","theme":"doga","lab":1},"geometry":{"type":"Point","coordinates":[-0.0858,51.57156]}},{"type":"Feature","properties":{"id":"ke-doga-127","kind":"poi","name":"Sue Godfrey Nature Park","theme":"doga","lab":1},"geometry":{"type":"Point","coordinates":[-0.02198,51.47949]}},{"type":"Feature","properties":{"id":"ke-doga-128","kind":"poi","name":"Painshill","theme":"doga","lab":1},"geometry":{"type":"Point","coordinates":[-0.43245,51.32883]}},{"type":"Feature","properties":{"id":"ke-doga-129","kind":"poi","name":"Chorleywood House Estate","theme":"doga","lab":1},"geometry":{"type":"Point","coordinates":[-0.50293,51.66407]}},{"type":"Feature","properties":{"id":"ke-doga-130","kind":"poi","name":"Denham Country Park","theme":"doga","lab":1},"geometry":{"type":"Point","coordinates":[-0.4861,51.571]}},{"type":"Feature","properties":{"id":"ke-doga-131","kind":"poi","name":"King Edward Memorial Park Foreshore","theme":"doga","lab":1},"geometry":{"type":"Point","coordinates":[-0.04669,51.50902]}},{"type":"Feature","properties":{"id":"ke-doga-132","kind":"poi","name":"Hornchurch Country Park","theme":"doga","lab":1},"geometry":{"type":"Point","coordinates":[0.21142,51.5383]}},{"type":"Feature","properties":{"id":"ke-doga-133","kind":"poi","name":"Cartwright Gardens","theme":"doga","lab":1},"geometry":{"type":"Point","coordinates":[-0.12673,51.52686]}},{"type":"Feature","properties":{"id":"ke-doga-134","kind":"poi","name":"Regent Square Gardens","theme":"doga","lab":1},"geometry":{"type":"Point","coordinates":[-0.12161,51.52685]}},{"type":"Feature","properties":{"id":"ke-doga-135","kind":"poi","name":"St Paul's Churchyard","theme":"doga","lab":1},"geometry":{"type":"Point","coordinates":[-0.09774,51.51377]}},{"type":"Feature","properties":{"id":"ke-doga-136","kind":"poi","name":"St John's Jerusalem","theme":"doga","lab":1},"geometry":{"type":"Point","coordinates":[0.24024,51.41044]}},{"type":"Feature","properties":{"id":"ke-doga-137","kind":"poi","name":"Ingrebourne Marshes SSSI","theme":"doga","lab":1},"geometry":{"type":"Point","coordinates":[0.21156,51.53048]}},{"type":"Feature","properties":{"id":"ke-doga-138","kind":"poi","name":"The Green Park","theme":"doga","lab":1},"geometry":{"type":"Point","coordinates":[-0.14417,51.50452]}},{"type":"Feature","properties":{"id":"ke-doga-139","kind":"poi","name":"Crossness Nature Reserve","theme":"doga","lab":1},"geometry":{"type":"Point","coordinates":[0.15044,51.502]}},{"type":"Feature","properties":{"id":"ke-doga-140","kind":"poi","name":"Home Mead Local Nature Reserve","theme":"doga","lab":1},"geometry":{"type":"Point","coordinates":[0.07929,51.66077]}},{"type":"Feature","properties":{"id":"ke-doga-141","kind":"poi","name":"Huckerby's Meadows","theme":"doga","lab":1},"geometry":{"type":"Point","coordinates":[-0.41606,51.47518]}},{"type":"Feature","properties":{"id":"ke-doga-142","kind":"poi","name":"Old Ford Island","theme":"doga","lab":1},"geometry":{"type":"Point","coordinates":[-0.02016,51.5373]}},{"type":"Feature","properties":{"id":"ke-doga-143","kind":"poi","name":"Boundary Gardens","theme":"doga","lab":1},"geometry":{"type":"Point","coordinates":[-0.0749,51.52604]}},{"type":"Feature","properties":{"id":"ke-doga-144","kind":"poi","name":"Frogmore Meadow","theme":"doga","lab":1},"geometry":{"type":"Point","coordinates":[-0.52539,51.6803]}},{"type":"Feature","properties":{"id":"ke-doga-145","kind":"poi","name":"Black Park","theme":"doga","lab":1},"geometry":{"type":"Point","coordinates":[-0.54392,51.54285]}},{"type":"Feature","properties":{"id":"ke-doga-146","kind":"poi","name":"Bennett's Hole","theme":"doga","lab":1},"geometry":{"type":"Point","coordinates":[-0.16878,51.39329]}},{"type":"Feature","properties":{"id":"ke-doga-147","kind":"poi","name":"Italian Gardens","theme":"doga","lab":1},"geometry":{"type":"Point","coordinates":[-0.1755,51.51059]}},{"type":"Feature","properties":{"id":"ke-doga-148","kind":"poi","name":"Finsbury Square","theme":"doga","lab":1},"geometry":{"type":"Point","coordinates":[-0.08641,51.52098]}},{"type":"Feature","properties":{"id":"ke-doga-149","kind":"poi","name":"The Queen Elizabeth II Garden","theme":"doga","lab":1},"geometry":{"type":"Point","coordinates":[-0.14994,51.52917]}},{"type":"Feature","properties":{"id":"ke-doga-150","kind":"poi","name":"Stave Hill","theme":"doga","lab":1},"geometry":{"type":"Point","coordinates":[-0.04046,51.50109]}},{"type":"Feature","properties":{"id":"ke-doga-151","kind":"poi","name":"Ecology Centre","theme":"doga","lab":1},"geometry":{"type":"Point","coordinates":[-0.20601,51.50243]}},{"type":"Feature","properties":{"id":"ke-doga-152","kind":"poi","name":"White Rose Lane Local Nature Reserve","theme":"doga","lab":1},"geometry":{"type":"Point","coordinates":[-0.54238,51.30947]}},{"type":"Feature","properties":{"id":"ke-doga-153","kind":"poi","name":"St Ann's Hill","theme":"doga","lab":1},"geometry":{"type":"Point","coordinates":[-0.5257,51.39877]}},{"type":"Feature","properties":{"id":"ke-doga-154","kind":"poi","name":"King Henry VIII's Mound","theme":"doga","lab":1},"geometry":{"type":"Point","coordinates":[-0.29477,51.44492]}},{"type":"Feature","properties":{"id":"ke-doga-155","kind":"poi","name":"Downe Bank SSSI","theme":"doga","lab":1},"geometry":{"type":"Point","coordinates":[0.06369,51.32975]}},{"type":"Feature","properties":{"id":"ke-doga-156","kind":"poi","name":"Lippitts Hill","theme":"doga","lab":1},"geometry":{"type":"Point","coordinates":[0.01863,51.65487]}},{"type":"Feature","properties":{"id":"ke-doga-157","kind":"poi","name":"Parliament Hill","theme":"doga","lab":1},"geometry":{"type":"Point","coordinates":[-0.15976,51.55965]}},{"type":"Feature","properties":{"id":"ke-doga-158","kind":"poi","name":"Pole Hill","theme":"doga","lab":1},"geometry":{"type":"Point","coordinates":[-0.0015,51.6363]}},{"type":"Feature","properties":{"id":"ke-doga-159","kind":"poi","name":"Westbere Copse","theme":"doga","lab":1},"geometry":{"type":"Point","coordinates":[-0.20659,51.55305]}},{"type":"Feature","properties":{"id":"ke-doga-160","kind":"poi","name":"Weald Country Park","theme":"doga","lab":1},"geometry":{"type":"Point","coordinates":[0.26884,51.62936]}},{"type":"Feature","properties":{"id":"ke-doga-161","kind":"poi","name":"Horsenden Hill","theme":"doga","lab":1},"geometry":{"type":"Point","coordinates":[-0.32566,51.54643]}},{"type":"Feature","properties":{"id":"ke-doga-162","kind":"poi","name":"Betsom's Hill","theme":"doga","lab":1},"geometry":{"type":"Point","coordinates":[0.05779,51.28808]}},{"type":"Feature","properties":{"id":"ke-doga-163","kind":"poi","name":"Warley Place Nature Reserve","theme":"doga","lab":1},"geometry":{"type":"Point","coordinates":[0.28514,51.5958]}},{"type":"Feature","properties":{"id":"ke-doga-164","kind":"poi","name":"Henman Hill","theme":"doga","lab":1},"geometry":{"type":"Point","coordinates":[-0.21603,51.43554]}},{"type":"Feature","properties":{"id":"ke-doga-165","kind":"poi","name":"Hampstead Heath","theme":"doga","lab":1},"geometry":{"type":"Point","coordinates":[-0.16446,51.56415]}},{"type":"Feature","properties":{"id":"ke-doga-166","kind":"poi","name":"Stephens House & Grounds","theme":"doga","lab":1},"geometry":{"type":"Point","coordinates":[-0.19357,51.59747]}},{"type":"Feature","properties":{"id":"ke-doga-167","kind":"poi","name":"Oakwood Park","theme":"doga","lab":1},"geometry":{"type":"Point","coordinates":[-0.12052,51.64118]}},{"type":"Feature","properties":{"id":"ke-doga-168","kind":"poi","name":"Enfield Town Park","theme":"doga","lab":1},"geometry":{"type":"Point","coordinates":[-0.08635,51.64927]}},{"type":"Feature","properties":{"id":"ke-doga-169","kind":"poi","name":"Victoria Recreation Ground","theme":"doga","lab":1},"geometry":{"type":"Point","coordinates":[-0.17028,51.65261]}},{"type":"Feature","properties":{"id":"ke-doga-170","kind":"poi","name":"Brent Reservoir","theme":"doga","lab":1},"geometry":{"type":"Point","coordinates":[-0.247,51.57229]}},{"type":"Feature","properties":{"id":"ke-doga-171","kind":"poi","name":"Lockwood Reservoir","theme":"doga","lab":1},"geometry":{"type":"Point","coordinates":[-0.04806,51.59473]}},{"type":"Feature","properties":{"id":"ke-doga-172","kind":"poi","name":"Low Maynard Reservoir","theme":"doga","lab":1},"geometry":{"type":"Point","coordinates":[-0.0491,51.58909]}},{"type":"Feature","properties":{"id":"ke-doga-173","kind":"poi","name":"Russell Square","theme":"doga","lab":1},"geometry":{"type":"Point","coordinates":[-0.12607,51.52169]}},{"type":"Feature","properties":{"id":"ke-doga-174","kind":"poi","name":"Tavistock Square","theme":"doga","lab":1},"geometry":{"type":"Point","coordinates":[-0.12902,51.52504]}},{"type":"Feature","properties":{"id":"ke-doga-175","kind":"poi","name":"Hilfield Park Reservoir","theme":"doga","lab":1},"geometry":{"type":"Point","coordinates":[-0.32781,51.65043]}},{"type":"Feature","properties":{"id":"ke-doga-176","kind":"poi","name":"Isleworth Ait","theme":"doga","lab":1},"geometry":{"type":"Point","coordinates":[-0.32045,51.46831]}},{"type":"Feature","properties":{"id":"ke-doga-177","kind":"poi","name":"Friary Park","theme":"doga","lab":1},"geometry":{"type":"Point","coordinates":[-0.16247,51.61875]}},{"type":"Feature","properties":{"id":"ke-doga-178","kind":"poi","name":"Carlisle Park","theme":"doga","lab":1},"geometry":{"type":"Point","coordinates":[-0.3676,51.42097]}},{"type":"Feature","properties":{"id":"ke-doga-179","kind":"poi","name":"Ruislip Lido","theme":"doga","lab":1},"geometry":{"type":"Point","coordinates":[-0.43041,51.59196]}},{"type":"Feature","properties":{"id":"ke-doga-180","kind":"poi","name":"Broomfield Park","theme":"doga","lab":1},"geometry":{"type":"Point","coordinates":[-0.11757,51.61861]}},{"type":"Feature","properties":{"id":"ke-doga-181","kind":"poi","name":"Privy Garden","theme":"doga","lab":1},"geometry":{"type":"Point","coordinates":[-0.33734,51.40188]}},{"type":"Feature","properties":{"id":"ke-doga-182","kind":"poi","name":"Hampton Court Park","theme":"doga","lab":1},"geometry":{"type":"Point","coordinates":[-0.32388,51.40141]}},{"type":"Feature","properties":{"id":"ke-doga-183","kind":"poi","name":"Big Wood","theme":"doga","lab":1},"geometry":{"type":"Point","coordinates":[-0.18877,51.5834]}},{"type":"Feature","properties":{"id":"ke-doga-184","kind":"poi","name":"St Pancras and Islington Cemetery","theme":"doga","lab":1},"geometry":{"type":"Point","coordinates":[-0.16386,51.60081]}},{"type":"Feature","properties":{"id":"ke-doga-185","kind":"poi","name":"Coldfall Wood","theme":"doga","lab":1},"geometry":{"type":"Point","coordinates":[-0.15799,51.59714]}},{"type":"Feature","properties":{"id":"ke-doga-186","kind":"poi","name":"Old Deer Park","theme":"doga","lab":1},"geometry":{"type":"Point","coordinates":[-0.30676,51.4671]}},{"type":"Feature","properties":{"id":"ke-doga-187","kind":"poi","name":"Fortune Green","theme":"doga","lab":1},"geometry":{"type":"Point","coordinates":[-0.19771,51.55466]}},{"type":"Feature","properties":{"id":"ke-doga-188","kind":"poi","name":"Hendon Park","theme":"doga","lab":1},"geometry":{"type":"Point","coordinates":[-0.22162,51.58113]}},{"type":"Feature","properties":{"id":"ke-doga-189","kind":"poi","name":"Gladstone Park","theme":"doga","lab":1},"geometry":{"type":"Point","coordinates":[-0.23529,51.55782]}},{"type":"Feature","properties":{"id":"ke-doga-190","kind":"poi","name":"Lammas Park","theme":"doga","lab":1},"geometry":{"type":"Point","coordinates":[-0.31206,51.50396]}},{"type":"Feature","properties":{"id":"ke-doga-191","kind":"poi","name":"Lincoln's Inn","theme":"doga","lab":1},"geometry":{"type":"Point","coordinates":[-0.11445,51.51701]}},{"type":"Feature","properties":{"id":"ke-doga-192","kind":"poi","name":"Bethune Park","theme":"doga","lab":1},"geometry":{"type":"Point","coordinates":[-0.15446,51.61954]}},{"type":"Feature","properties":{"id":"ke-doga-193","kind":"poi","name":"Deptford Creek","theme":"doga","lab":1},"geometry":{"type":"Point","coordinates":[-0.0189,51.47939]}},{"type":"Feature","properties":{"id":"ke-doga-194","kind":"poi","name":"Pymmes Park","theme":"doga","lab":1},"geometry":{"type":"Point","coordinates":[-0.06971,51.61764]}},{"type":"Feature","properties":{"id":"ke-doga-195","kind":"poi","name":"Park Square Gardens","theme":"doga","lab":1},"geometry":{"type":"Point","coordinates":[-0.14687,51.52441]}},{"type":"Feature","properties":{"id":"ke-doga-196","kind":"poi","name":"Leicester Square","theme":"doga","lab":1},"geometry":{"type":"Point","coordinates":[-0.13013,51.51044]}},{"type":"Feature","properties":{"id":"ke-doga-197","kind":"poi","name":"Hampstead Cemetery","theme":"doga","lab":1},"geometry":{"type":"Point","coordinates":[-0.20022,51.55579]}},{"type":"Feature","properties":{"id":"ke-doga-198","kind":"poi","name":"Wimbledon Park","theme":"doga","lab":1},"geometry":{"type":"Point","coordinates":[-0.20576,51.43826]}},{"type":"Feature","properties":{"id":"ke-doga-199","kind":"poi","name":"Monken Hadley Common","theme":"doga","lab":1},"geometry":{"type":"Point","coordinates":[-0.19081,51.66121]}},{"type":"Feature","properties":{"id":"ke-gastronomi-0","kind":"poi","name":"45 Park Lane","theme":"gastronomi","lab":1},"geometry":{"type":"Point","coordinates":[-0.1516,51.50635]}},{"type":"Feature","properties":{"id":"ke-gastronomi-1","kind":"poi","name":"Fox on the Green","theme":"gastronomi","lab":1},"geometry":{"type":"Point","coordinates":[-0.10311,51.53668]}},{"type":"Feature","properties":{"id":"ke-gastronomi-2","kind":"poi","name":"Las Iguanas","theme":"gastronomi","lab":1},"geometry":{"type":"Point","coordinates":[-0.39614,51.65551]}},{"type":"Feature","properties":{"id":"ke-gastronomi-3","kind":"poi","name":"Joe & The Juice","theme":"gastronomi","lab":1},"geometry":{"type":"Point","coordinates":[-0.08917,51.51159]}},{"type":"Feature","properties":{"id":"ke-gastronomi-4","kind":"poi","name":"Prezzo","theme":"gastronomi","lab":1},"geometry":{"type":"Point","coordinates":[0.00078,51.63022]}},{"type":"Feature","properties":{"id":"ke-gastronomi-5","kind":"poi","name":"Blackheath Farmers' Market","theme":"gastronomi","lab":1},"geometry":{"type":"Point","coordinates":[0.00724,51.46582]}},{"type":"Feature","properties":{"id":"ke-gastronomi-6","kind":"poi","name":"Park Place","theme":"gastronomi","lab":1},"geometry":{"type":"Point","coordinates":[-0.16106,51.40043]}},{"type":"Feature","properties":{"id":"ke-gastronomi-7","kind":"poi","name":"Browns","theme":"gastronomi","lab":1},"geometry":{"type":"Point","coordinates":[-0.12729,51.5113]}},{"type":"Feature","properties":{"id":"ke-gastronomi-8","kind":"poi","name":"WatchHouse","theme":"gastronomi","lab":1},"geometry":{"type":"Point","coordinates":[-0.08124,51.498]}},{"type":"Feature","properties":{"id":"ke-gastronomi-9","kind":"poi","name":"The Araki","theme":"gastronomi","lab":1},"geometry":{"type":"Point","coordinates":[-0.14023,51.51179]}},{"type":"Feature","properties":{"id":"ke-gastronomi-10","kind":"poi","name":"Nobu","theme":"gastronomi","lab":1},"geometry":{"type":"Point","coordinates":[-0.1433,51.50841]}},{"type":"Feature","properties":{"id":"ke-gastronomi-11","kind":"poi","name":"Flat Iron Tottenham Court Road","theme":"gastronomi","lab":1},"geometry":{"type":"Point","coordinates":[-0.12954,51.51514]}},{"type":"Feature","properties":{"id":"ke-gastronomi-12","kind":"poi","name":"Gordon Ramsay","theme":"gastronomi","lab":1},"geometry":{"type":"Point","coordinates":[-0.16206,51.48551]}},{"type":"Feature","properties":{"id":"ke-gastronomi-13","kind":"poi","name":"Ignatius Sancho Café","theme":"gastronomi","lab":1},"geometry":{"type":"Point","coordinates":[0.00775,51.47637]}},{"type":"Feature","properties":{"id":"ke-gastronomi-14","kind":"poi","name":"The Pavilion Café","theme":"gastronomi","lab":1},"geometry":{"type":"Point","coordinates":[0.00069,51.47675]}},{"type":"Feature","properties":{"id":"ke-gastronomi-15","kind":"poi","name":"Miller & Carter","theme":"gastronomi","lab":1},"geometry":{"type":"Point","coordinates":[-0.14433,51.59018]}},{"type":"Feature","properties":{"id":"ke-gastronomi-16","kind":"poi","name":"New Spitalfields Market","theme":"gastronomi","lab":1},"geometry":{"type":"Point","coordinates":[-0.02039,51.55701]}},{"type":"Feature","properties":{"id":"ke-gastronomi-17","kind":"poi","name":"The Oakmere","theme":"gastronomi","lab":1},"geometry":{"type":"Point","coordinates":[-0.17452,51.69683]}},{"type":"Feature","properties":{"id":"ke-gastronomi-18","kind":"poi","name":"Leather Lane Market","theme":"gastronomi","lab":1},"geometry":{"type":"Point","coordinates":[-0.10967,51.52046]}},{"type":"Feature","properties":{"id":"ke-gastronomi-19","kind":"poi","name":"Deptford Market","theme":"gastronomi","lab":1},"geometry":{"type":"Point","coordinates":[-0.02689,51.47653]}},{"type":"Feature","properties":{"id":"ke-gastronomi-20","kind":"poi","name":"Simmons","theme":"gastronomi","lab":1},"geometry":{"type":"Point","coordinates":[-0.13106,51.51461]}},{"type":"Feature","properties":{"id":"ke-gastronomi-21","kind":"poi","name":"Dinner by Heston Blumenthal","theme":"gastronomi","lab":1},"geometry":{"type":"Point","coordinates":[-0.1603,51.50234]}},{"type":"Feature","properties":{"id":"ke-gastronomi-22","kind":"poi","name":"Ridley Road Market","theme":"gastronomi","lab":1},"geometry":{"type":"Point","coordinates":[-0.07307,51.54814]}},{"type":"Feature","properties":{"id":"ke-gastronomi-23","kind":"poi","name":"Queen's Crescent Market","theme":"gastronomi","lab":1},"geometry":{"type":"Point","coordinates":[-0.15163,51.54989]}},{"type":"Feature","properties":{"id":"ke-gastronomi-24","kind":"poi","name":"Goodge Place Market","theme":"gastronomi","lab":1},"geometry":{"type":"Point","coordinates":[-0.1363,51.51929]}},{"type":"Feature","properties":{"id":"ke-gastronomi-25","kind":"poi","name":"Inverness Street Market","theme":"gastronomi","lab":1},"geometry":{"type":"Point","coordinates":[-0.14398,51.53949]}},{"type":"Feature","properties":{"id":"ke-gastronomi-26","kind":"poi","name":"Chalton Street Market","theme":"gastronomi","lab":1},"geometry":{"type":"Point","coordinates":[-0.1297,51.52928]}},{"type":"Feature","properties":{"id":"ke-gastronomi-27","kind":"poi","name":"Earlham Street Market","theme":"gastronomi","lab":1},"geometry":{"type":"Point","coordinates":[-0.1278,51.51363]}},{"type":"Feature","properties":{"id":"ke-gastronomi-28","kind":"poi","name":"Broadway Market","theme":"gastronomi","lab":1},"geometry":{"type":"Point","coordinates":[-0.06152,51.53686]}},{"type":"Feature","properties":{"id":"ke-gastronomi-29","kind":"poi","name":"The White Bear","theme":"gastronomi","lab":1},"geometry":{"type":"Point","coordinates":[-0.43114,51.57186]}},{"type":"Feature","properties":{"id":"ke-gastronomi-30","kind":"poi","name":"Crook Log","theme":"gastronomi","lab":1},"geometry":{"type":"Point","coordinates":[0.12649,51.45912]}},{"type":"Feature","properties":{"id":"ke-gastronomi-31","kind":"poi","name":"Strutton Ground Market","theme":"gastronomi","lab":1},"geometry":{"type":"Point","coordinates":[-0.1338,51.49707]}},{"type":"Feature","properties":{"id":"ke-gastronomi-32","kind":"poi","name":"The Ledbury","theme":"gastronomi","lab":1},"geometry":{"type":"Point","coordinates":[-0.20006,51.51668]}},{"type":"Feature","properties":{"id":"ke-gastronomi-33","kind":"poi","name":"Sketch","theme":"gastronomi","lab":1},"geometry":{"type":"Point","coordinates":[-0.14149,51.51273]}},{"type":"Feature","properties":{"id":"ke-gastronomi-34","kind":"poi","name":"Mary's","theme":"gastronomi","lab":1},"geometry":{"type":"Point","coordinates":[-0.14233,51.51339]}},{"type":"Feature","properties":{"id":"ke-gastronomi-35","kind":"poi","name":"Ace Cafe","theme":"gastronomi","lab":1},"geometry":{"type":"Point","coordinates":[-0.27769,51.54127]}},{"type":"Feature","properties":{"id":"ke-gastronomi-36","kind":"poi","name":"Rousillon","theme":"gastronomi","lab":1},"geometry":{"type":"Point","coordinates":[-0.15153,51.48974]}},{"type":"Feature","properties":{"id":"ke-gastronomi-37","kind":"poi","name":"Indian YMCA","theme":"gastronomi","lab":1},"geometry":{"type":"Point","coordinates":[-0.13896,51.52277]}},{"type":"Feature","properties":{"id":"ke-gastronomi-38","kind":"poi","name":"Yauatcha","theme":"gastronomi","lab":1},"geometry":{"type":"Point","coordinates":[-0.13518,51.51367]}},{"type":"Feature","properties":{"id":"ke-gastronomi-39","kind":"poi","name":"Jen Tea","theme":"gastronomi","lab":1},"geometry":{"type":"Point","coordinates":[-0.07769,51.51818]}},{"type":"Feature","properties":{"id":"ke-gastronomi-40","kind":"poi","name":"Cellar Gascon","theme":"gastronomi","lab":1},"geometry":{"type":"Point","coordinates":[-0.10025,51.51857]}},{"type":"Feature","properties":{"id":"ke-gastronomi-41","kind":"poi","name":"Liv's Telecafe","theme":"gastronomi","lab":1},"geometry":{"type":"Point","coordinates":[-0.34032,51.44459]}},{"type":"Feature","properties":{"id":"ke-gastronomi-42","kind":"poi","name":"Chez Bruce","theme":"gastronomi","lab":1},"geometry":{"type":"Point","coordinates":[-0.16567,51.44603]}},{"type":"Feature","properties":{"id":"ke-gastronomi-43","kind":"poi","name":"Zaika","theme":"gastronomi","lab":1},"geometry":{"type":"Point","coordinates":[-0.18747,51.50216]}},{"type":"Feature","properties":{"id":"ke-gastronomi-44","kind":"poi","name":"Scott's","theme":"gastronomi","lab":1},"geometry":{"type":"Point","coordinates":[-0.15093,51.50982]}},{"type":"Feature","properties":{"id":"ke-gastronomi-45","kind":"poi","name":"Langan's Brasserie","theme":"gastronomi","lab":1},"geometry":{"type":"Point","coordinates":[-0.14354,51.50709]}},{"type":"Feature","properties":{"id":"ke-gastronomi-46","kind":"poi","name":"Claude Bosi at Bibendum","theme":"gastronomi","lab":1},"geometry":{"type":"Point","coordinates":[-0.16891,51.49331]}},{"type":"Feature","properties":{"id":"ke-gastronomi-47","kind":"poi","name":"Maze Grill","theme":"gastronomi","lab":1},"geometry":{"type":"Point","coordinates":[-0.16153,51.48594]}},{"type":"Feature","properties":{"id":"ke-gastronomi-48","kind":"poi","name":"Simpson's-in-the-Strand","theme":"gastronomi","lab":1},"geometry":{"type":"Point","coordinates":[-0.12064,51.5105]}},{"type":"Feature","properties":{"id":"ke-gastronomi-49","kind":"poi","name":"Paperback Coffee & Books","theme":"gastronomi","lab":1},"geometry":{"type":"Point","coordinates":[-0.3052,51.50495]}},{"type":"Feature","properties":{"id":"ke-gastronomi-50","kind":"poi","name":"Veeraswamy","theme":"gastronomi","lab":1},"geometry":{"type":"Point","coordinates":[-0.13792,51.5099]}},{"type":"Feature","properties":{"id":"ke-gastronomi-51","kind":"poi","name":"The Greenhouse","theme":"gastronomi","lab":1},"geometry":{"type":"Point","coordinates":[-0.1494,51.50792]}},{"type":"Feature","properties":{"id":"ke-gastronomi-52","kind":"poi","name":"Bombay Brasserie","theme":"gastronomi","lab":1},"geometry":{"type":"Point","coordinates":[-0.18288,51.49394]}},{"type":"Feature","properties":{"id":"ke-gastronomi-53","kind":"poi","name":"Hakkasan","theme":"gastronomi","lab":1},"geometry":{"type":"Point","coordinates":[-0.13167,51.51721]}},{"type":"Feature","properties":{"id":"ke-gastronomi-54","kind":"poi","name":"Lima","theme":"gastronomi","lab":1},"geometry":{"type":"Point","coordinates":[-0.13437,51.51773]}},{"type":"Feature","properties":{"id":"ke-gastronomi-55","kind":"poi","name":"The Carnaby","theme":"gastronomi","lab":1},"geometry":{"type":"Point","coordinates":[-0.13954,51.51433]}},{"type":"Feature","properties":{"id":"ke-gastronomi-56","kind":"poi","name":"Kastina And Ovens","theme":"gastronomi","lab":1},"geometry":{"type":"Point","coordinates":[-0.12272,51.51345]}},{"type":"Feature","properties":{"id":"ke-gastronomi-57","kind":"poi","name":"Walkmisu","theme":"gastronomi","lab":1},"geometry":{"type":"Point","coordinates":[-0.12458,51.5216]}},{"type":"Feature","properties":{"id":"ke-gastronomi-58","kind":"poi","name":"Bermondsey Farmers' Market","theme":"gastronomi","lab":1},"geometry":{"type":"Point","coordinates":[-0.08106,51.49745]}},{"type":"Feature","properties":{"id":"ke-gastronomi-59","kind":"poi","name":"The Ivy","theme":"gastronomi","lab":1},"geometry":{"type":"Point","coordinates":[-0.1281,51.51289]}},{"type":"Feature","properties":{"id":"ke-gastronomi-60","kind":"poi","name":"The Bingham","theme":"gastronomi","lab":1},"geometry":{"type":"Point","coordinates":[-0.30341,51.45524]}},{"type":"Feature","properties":{"id":"ke-gastronomi-61","kind":"poi","name":"Lisboa Patisserie","theme":"gastronomi","lab":1},"geometry":{"type":"Point","coordinates":[-0.20751,51.52236]}},{"type":"Feature","properties":{"id":"ke-gastronomi-62","kind":"poi","name":"Broski","theme":"gastronomi","lab":1},"geometry":{"type":"Point","coordinates":[-0.13804,51.52319]}},{"type":"Feature","properties":{"id":"ke-gastronomi-63","kind":"poi","name":"Bonheur by Matt Abe","theme":"gastronomi","lab":1},"geometry":{"type":"Point","coordinates":[-0.15521,51.51126]}},{"type":"Feature","properties":{"id":"ke-gastronomi-64","kind":"poi","name":"Pho","theme":"gastronomi","lab":1},"geometry":{"type":"Point","coordinates":[-0.10164,51.52196]}},{"type":"Feature","properties":{"id":"ke-gastronomi-65","kind":"poi","name":"Shepherd's Bush Market","theme":"gastronomi","lab":1},"geometry":{"type":"Point","coordinates":[-0.22615,51.50395]}},{"type":"Feature","properties":{"id":"ke-gastronomi-66","kind":"poi","name":"Eat Tokyo","theme":"gastronomi","lab":1},"geometry":{"type":"Point","coordinates":[-0.11745,51.51982]}},{"type":"Feature","properties":{"id":"ke-gastronomi-67","kind":"poi","name":"Locanda Locatelli","theme":"gastronomi","lab":1},"geometry":{"type":"Point","coordinates":[-0.1573,51.51506]}},{"type":"Feature","properties":{"id":"ke-gastronomi-68","kind":"poi","name":"Langham Working Mens Club","theme":"gastronomi","lab":1},"geometry":{"type":"Point","coordinates":[-0.09972,51.58463]}},{"type":"Feature","properties":{"id":"ke-gastronomi-69","kind":"poi","name":"Tiger Tiger","theme":"gastronomi","lab":1},"geometry":{"type":"Point","coordinates":[-0.1325,51.50963]}},{"type":"Feature","properties":{"id":"ke-gastronomi-70","kind":"poi","name":"Gordon Ramsay Bread Street Kitchen","theme":"gastronomi","lab":1},"geometry":{"type":"Point","coordinates":[-0.10123,51.5036]}},{"type":"Feature","properties":{"id":"ke-gastronomi-71","kind":"poi","name":"San Lorenzo","theme":"gastronomi","lab":1},"geometry":{"type":"Point","coordinates":[-0.16443,51.49752]}},{"type":"Feature","properties":{"id":"ke-gastronomi-72","kind":"poi","name":"Makiyaki","theme":"gastronomi","lab":1},"geometry":{"type":"Point","coordinates":[-0.27059,51.33228]}},{"type":"Feature","properties":{"id":"ke-gastronomi-73","kind":"poi","name":"The Green Man","theme":"gastronomi","lab":1},"geometry":{"type":"Point","coordinates":[-0.49891,51.57316]}},{"type":"Feature","properties":{"id":"ke-gastronomi-74","kind":"poi","name":"The Scotch of St James","theme":"gastronomi","lab":1},"geometry":{"type":"Point","coordinates":[-0.137,51.50776]}},{"type":"Feature","properties":{"id":"ke-gastronomi-75","kind":"poi","name":"Quaglino's","theme":"gastronomi","lab":1},"geometry":{"type":"Point","coordinates":[-0.13884,51.50745]}},{"type":"Feature","properties":{"id":"ke-gastronomi-76","kind":"poi","name":"Bob Bob Ricard","theme":"gastronomi","lab":1},"geometry":{"type":"Point","coordinates":[-0.13725,51.51234]}},{"type":"Feature","properties":{"id":"ke-gastronomi-77","kind":"poi","name":"Yeye's Noodle & Dumpling","theme":"gastronomi","lab":1},"geometry":{"type":"Point","coordinates":[-0.07756,51.5182]}},{"type":"Feature","properties":{"id":"ke-gastronomi-78","kind":"poi","name":"The Terrace","theme":"gastronomi","lab":1},"geometry":{"type":"Point","coordinates":[-0.37139,51.51053]}},{"type":"Feature","properties":{"id":"ke-gastronomi-79","kind":"poi","name":"Wigmore Hall Restaurant","theme":"gastronomi","lab":1},"geometry":{"type":"Point","coordinates":[-0.14827,51.51658]}},{"type":"Feature","properties":{"id":"ke-gastronomi-80","kind":"poi","name":"Camden Market","theme":"gastronomi","lab":1},"geometry":{"type":"Point","coordinates":[-0.14719,51.54238]}},{"type":"Feature","properties":{"id":"ke-gastronomi-81","kind":"poi","name":"Belushi's","theme":"gastronomi","lab":1},"geometry":{"type":"Point","coordinates":[-0.22444,51.4933]}},{"type":"Feature","properties":{"id":"ke-gastronomi-82","kind":"poi","name":"Portobello Market","theme":"gastronomi","lab":1},"geometry":{"type":"Point","coordinates":[-0.20512,51.51609]}},{"type":"Feature","properties":{"id":"ke-gastronomi-83","kind":"poi","name":"Tofu Vegan","theme":"gastronomi","lab":1},"geometry":{"type":"Point","coordinates":[-0.13503,51.51906]}},{"type":"Feature","properties":{"id":"ke-gastronomi-84","kind":"poi","name":"Casa Tua","theme":"gastronomi","lab":1},"geometry":{"type":"Point","coordinates":[-0.138,51.54163]}},{"type":"Feature","properties":{"id":"ke-gastronomi-85","kind":"poi","name":"Scandinavian Kitchen","theme":"gastronomi","lab":1},"geometry":{"type":"Point","coordinates":[-0.14082,51.51878]}},{"type":"Feature","properties":{"id":"ke-gastronomi-86","kind":"poi","name":"The Cross Keys","theme":"gastronomi","lab":1},"geometry":{"type":"Point","coordinates":[-0.17054,51.4835]}},{"type":"Feature","properties":{"id":"ke-gastronomi-87","kind":"poi","name":"Seashell of Lisson Grove","theme":"gastronomi","lab":1},"geometry":{"type":"Point","coordinates":[-0.16579,51.5227]}},{"type":"Feature","properties":{"id":"ke-gastronomi-88","kind":"poi","name":"Gymkhana","theme":"gastronomi","lab":1},"geometry":{"type":"Point","coordinates":[-0.14149,51.50848]}},{"type":"Feature","properties":{"id":"ke-gastronomi-89","kind":"poi","name":"Mist On Rocks","theme":"gastronomi","lab":1},"geometry":{"type":"Point","coordinates":[-0.14475,51.46809]}},{"type":"Feature","properties":{"id":"ke-gastronomi-90","kind":"poi","name":"Chutney Mary","theme":"gastronomi","lab":1},"geometry":{"type":"Point","coordinates":[-0.13868,51.50569]}},{"type":"Feature","properties":{"id":"ke-gastronomi-91","kind":"poi","name":"Brick Lane Market","theme":"gastronomi","lab":1},"geometry":{"type":"Point","coordinates":[-0.07156,51.52427]}},{"type":"Feature","properties":{"id":"ke-gastronomi-92","kind":"poi","name":"The Little Violet Door","theme":"gastronomi","lab":1},"geometry":{"type":"Point","coordinates":[-0.13894,51.51247]}},{"type":"Feature","properties":{"id":"ke-gastronomi-93","kind":"poi","name":"Swan Inn","theme":"gastronomi","lab":1},"geometry":{"type":"Point","coordinates":[-0.49867,51.5731]}},{"type":"Feature","properties":{"id":"ke-gastronomi-94","kind":"poi","name":"Quilon","theme":"gastronomi","lab":1},"geometry":{"type":"Point","coordinates":[-0.13756,51.49874]}},{"type":"Feature","properties":{"id":"ke-gastronomi-95","kind":"poi","name":"The Woodman","theme":"gastronomi","lab":1},"geometry":{"type":"Point","coordinates":[-0.40804,51.58944]}},{"type":"Feature","properties":{"id":"ke-gastronomi-96","kind":"poi","name":"The Five Fields","theme":"gastronomi","lab":1},"geometry":{"type":"Point","coordinates":[-0.1613,51.49172]}},{"type":"Feature","properties":{"id":"ke-gastronomi-97","kind":"poi","name":"Umu","theme":"gastronomi","lab":1},"geometry":{"type":"Point","coordinates":[-0.14438,51.51136]}},{"type":"Feature","properties":{"id":"ke-gastronomi-98","kind":"poi","name":"Kai Mayfair","theme":"gastronomi","lab":1},"geometry":{"type":"Point","coordinates":[-0.1516,51.50877]}},{"type":"Feature","properties":{"id":"ke-gastronomi-99","kind":"poi","name":"China Tang","theme":"gastronomi","lab":1},"geometry":{"type":"Point","coordinates":[-0.15291,51.50741]}},{"type":"Feature","properties":{"id":"ke-gastronomi-100","kind":"poi","name":"Alain Ducasse at The Dorchester","theme":"gastronomi","lab":1},"geometry":{"type":"Point","coordinates":[-0.15232,51.50717]}},{"type":"Feature","properties":{"id":"ke-gastronomi-101","kind":"poi","name":"Galvin at Windows","theme":"gastronomi","lab":1},"geometry":{"type":"Point","coordinates":[-0.15014,51.50554]}},{"type":"Feature","properties":{"id":"ke-gastronomi-102","kind":"poi","name":"The River Cafe","theme":"gastronomi","lab":1},"geometry":{"type":"Point","coordinates":[-0.22421,51.48404]}},{"type":"Feature","properties":{"id":"ke-gastronomi-103","kind":"poi","name":"Halal","theme":"gastronomi","lab":1},"geometry":{"type":"Point","coordinates":[-0.07163,51.5135]}},{"type":"Feature","properties":{"id":"ke-gastronomi-104","kind":"poi","name":"Core by Clare Smyth","theme":"gastronomi","lab":1},"geometry":{"type":"Point","coordinates":[-0.20311,51.51272]}},{"type":"Feature","properties":{"id":"ke-gastronomi-105","kind":"poi","name":"Illy Caffè","theme":"gastronomi","lab":1},"geometry":{"type":"Point","coordinates":[-0.17461,51.49357]}},{"type":"Feature","properties":{"id":"ke-gastronomi-106","kind":"poi","name":"Seven Dials Market","theme":"gastronomi","lab":1},"geometry":{"type":"Point","coordinates":[-0.12581,51.51412]}},{"type":"Feature","properties":{"id":"ke-gastronomi-107","kind":"poi","name":"Noble Rot","theme":"gastronomi","lab":1},"geometry":{"type":"Point","coordinates":[-0.11866,51.52189]}},{"type":"Feature","properties":{"id":"ke-gastronomi-108","kind":"poi","name":"Elystan Street","theme":"gastronomi","lab":1},"geometry":{"type":"Point","coordinates":[-0.16777,51.49163]}},{"type":"Feature","properties":{"id":"ke-gastronomi-109","kind":"poi","name":"Bar Italia","theme":"gastronomi","lab":1},"geometry":{"type":"Point","coordinates":[-0.4812,51.54855]}},{"type":"Feature","properties":{"id":"ke-gastronomi-110","kind":"poi","name":"Hand in Hand","theme":"gastronomi","lab":1},"geometry":{"type":"Point","coordinates":[-0.38067,51.59411]}},{"type":"Feature","properties":{"id":"ke-gastronomi-111","kind":"poi","name":"Kiss the Hippo","theme":"gastronomi","lab":1},"geometry":{"type":"Point","coordinates":[-0.30217,51.46118]}},{"type":"Feature","properties":{"id":"ke-gastronomi-112","kind":"poi","name":"Lower Deck","theme":"gastronomi","lab":1},"geometry":{"type":"Point","coordinates":[-0.00802,51.48209]}},{"type":"Feature","properties":{"id":"ke-gastronomi-113","kind":"poi","name":"Oliver's Jazz Bar","theme":"gastronomi","lab":1},"geometry":{"type":"Point","coordinates":[-0.00795,51.47963]}},{"type":"Feature","properties":{"id":"ke-gastronomi-114","kind":"poi","name":"Chamisse","theme":"gastronomi","lab":1},"geometry":{"type":"Point","coordinates":[-0.114,51.52217]}},{"type":"Feature","properties":{"id":"ke-gastronomi-115","kind":"poi","name":"Pepe's Piri Piri","theme":"gastronomi","lab":1},"geometry":{"type":"Point","coordinates":[-0.30045,51.51394]}},{"type":"Feature","properties":{"id":"ke-gastronomi-116","kind":"poi","name":"Monmouth Coffee Company","theme":"gastronomi","lab":1},"geometry":{"type":"Point","coordinates":[-0.1268,51.51437]}},{"type":"Feature","properties":{"id":"ke-gastronomi-117","kind":"poi","name":"Baltic","theme":"gastronomi","lab":1},"geometry":{"type":"Point","coordinates":[-0.10481,51.50347]}},{"type":"Feature","properties":{"id":"ke-gastronomi-118","kind":"poi","name":"BiBimBap","theme":"gastronomi","lab":1},"geometry":{"type":"Point","coordinates":[-0.13098,51.5144]}},{"type":"Feature","properties":{"id":"ke-gastronomi-119","kind":"poi","name":"L'Escargot","theme":"gastronomi","lab":1},"geometry":{"type":"Point","coordinates":[-0.13096,51.51397]}},{"type":"Feature","properties":{"id":"ke-gastronomi-120","kind":"poi","name":"Mon Plaisir","theme":"gastronomi","lab":1},"geometry":{"type":"Point","coordinates":[-0.12678,51.5145]}},{"type":"Feature","properties":{"id":"ke-gastronomi-121","kind":"poi","name":"Kettner's","theme":"gastronomi","lab":1},"geometry":{"type":"Point","coordinates":[-0.13058,51.5131]}},{"type":"Feature","properties":{"id":"ke-gastronomi-122","kind":"poi","name":"Oxleas Wood Cafe","theme":"gastronomi","lab":1},"geometry":{"type":"Point","coordinates":[0.06976,51.46661]}},{"type":"Feature","properties":{"id":"ke-gastronomi-123","kind":"poi","name":"The Orangery","theme":"gastronomi","lab":1},"geometry":{"type":"Point","coordinates":[-0.29308,51.48329]}},{"type":"Feature","properties":{"id":"ke-gastronomi-124","kind":"poi","name":"Belair House","theme":"gastronomi","lab":1},"geometry":{"type":"Point","coordinates":[-0.08944,51.44329]}},{"type":"Feature","properties":{"id":"ke-gastronomi-125","kind":"poi","name":"Glassmakers Cafe","theme":"gastronomi","lab":1},"geometry":{"type":"Point","coordinates":[-0.10599,51.44908]}},{"type":"Feature","properties":{"id":"ke-gastronomi-126","kind":"poi","name":"Merton Abbey Mills","theme":"gastronomi","lab":1},"geometry":{"type":"Point","coordinates":[-0.18331,51.41318]}},{"type":"Feature","properties":{"id":"ke-gastronomi-127","kind":"poi","name":"Old Spitalfields Market","theme":"gastronomi","lab":1},"geometry":{"type":"Point","coordinates":[-0.07537,51.51959]}},{"type":"Feature","properties":{"id":"ke-gastronomi-128","kind":"poi","name":"Borough Market","theme":"gastronomi","lab":1},"geometry":{"type":"Point","coordinates":[-0.09031,51.50559]}},{"type":"Feature","properties":{"id":"ke-gastronomi-129","kind":"poi","name":"Barnet Market","theme":"gastronomi","lab":1},"geometry":{"type":"Point","coordinates":[-0.20412,51.65603]}},{"type":"Feature","properties":{"id":"ke-gastronomi-130","kind":"poi","name":"Greenwich Market","theme":"gastronomi","lab":1},"geometry":{"type":"Point","coordinates":[-0.00904,51.48158]}},{"type":"Feature","properties":{"id":"ke-gastronomi-131","kind":"poi","name":"Surrey Street","theme":"gastronomi","lab":1},"geometry":{"type":"Point","coordinates":[-0.10129,51.37289]}},{"type":"Feature","properties":{"id":"ke-gastronomi-132","kind":"poi","name":"Serpentine Bar & Kitchen","theme":"gastronomi","lab":1},"geometry":{"type":"Point","coordinates":[-0.1598,51.50498]}},{"type":"Feature","properties":{"id":"ke-gastronomi-133","kind":"poi","name":"Nags Head Market","theme":"gastronomi","lab":1},"geometry":{"type":"Point","coordinates":[-0.118,51.55822]}},{"type":"Feature","properties":{"id":"ke-gastronomi-134","kind":"poi","name":"Nagare Coffee","theme":"gastronomi","lab":1},"geometry":{"type":"Point","coordinates":[-0.07694,51.51896]}},{"type":"Feature","properties":{"id":"ke-gastronomi-135","kind":"poi","name":"East Street Market","theme":"gastronomi","lab":1},"geometry":{"type":"Point","coordinates":[-0.09223,51.4886]}},{"type":"Feature","properties":{"id":"ke-gastronomi-136","kind":"poi","name":"German Gymnasium","theme":"gastronomi","lab":1},"geometry":{"type":"Point","coordinates":[-0.12543,51.5324]}},{"type":"Feature","properties":{"id":"ke-gastronomi-137","kind":"poi","name":"Tudor Barn","theme":"gastronomi","lab":1},"geometry":{"type":"Point","coordinates":[0.04923,51.45703]}},{"type":"Feature","properties":{"id":"ke-gastronomi-138","kind":"poi","name":"Chrisp Street Market","theme":"gastronomi","lab":1},"geometry":{"type":"Point","coordinates":[-0.01452,51.51251]}},{"type":"Feature","properties":{"id":"ke-gastronomi-139","kind":"poi","name":"Luca","theme":"gastronomi","lab":1},"geometry":{"type":"Point","coordinates":[-0.10168,51.52203]}},{"type":"Feature","properties":{"id":"ke-gastronomi-140","kind":"poi","name":"Restaurant Story","theme":"gastronomi","lab":1},"geometry":{"type":"Point","coordinates":[-0.07776,51.50276]}},{"type":"Feature","properties":{"id":"ke-gastronomi-141","kind":"poi","name":"North End Road","theme":"gastronomi","lab":1},"geometry":{"type":"Point","coordinates":[-0.20081,51.48329]}},{"type":"Feature","properties":{"id":"ke-gastronomi-142","kind":"poi","name":"Burgh House and Hampstead Museum","theme":"gastronomi","lab":1},"geometry":{"type":"Point","coordinates":[-0.17508,51.5582]}},{"type":"Feature","properties":{"id":"ke-gastronomi-143","kind":"poi","name":"Stein's","theme":"gastronomi","lab":1},"geometry":{"type":"Point","coordinates":[-0.30393,51.45558]}},{"type":"Feature","properties":{"id":"ke-gastronomi-144","kind":"poi","name":"Jubilee Market Hall","theme":"gastronomi","lab":1},"geometry":{"type":"Point","coordinates":[-0.12226,51.51147]}},{"type":"Feature","properties":{"id":"ke-gastronomi-145","kind":"poi","name":"Make Friends With Food","theme":"gastronomi","lab":1},"geometry":{"type":"Point","coordinates":[-0.10146,51.52166]}},{"type":"Feature","properties":{"id":"ke-gastronomi-146","kind":"poi","name":"St. John","theme":"gastronomi","lab":1},"geometry":{"type":"Point","coordinates":[-0.10125,51.52047]}},{"type":"Feature","properties":{"id":"ke-gastronomi-147","kind":"poi","name":"Regency Cafe","theme":"gastronomi","lab":1},"geometry":{"type":"Point","coordinates":[-0.1321,51.494]}},{"type":"Feature","properties":{"id":"ke-gastronomi-148","kind":"poi","name":"Galvin La Chapelle","theme":"gastronomi","lab":1},"geometry":{"type":"Point","coordinates":[-0.07814,51.52022]}},{"type":"Feature","properties":{"id":"ke-gastronomi-149","kind":"poi","name":"The Oak","theme":"gastronomi","lab":1},"geometry":{"type":"Point","coordinates":[-0.19765,51.51868]}},{"type":"Feature","properties":{"id":"ke-gastronomi-150","kind":"poi","name":"Romford Market","theme":"gastronomi","lab":1},"geometry":{"type":"Point","coordinates":[0.18198,51.57931]}},{"type":"Feature","properties":{"id":"ke-gastronomi-151","kind":"poi","name":"Pied a Terre","theme":"gastronomi","lab":1},"geometry":{"type":"Point","coordinates":[-0.13508,51.51911]}},{"type":"Feature","properties":{"id":"ke-gastronomi-152","kind":"poi","name":"Leadenhall Market","theme":"gastronomi","lab":1},"geometry":{"type":"Point","coordinates":[-0.08357,51.51273]}},{"type":"Feature","properties":{"id":"ke-gastronomi-153","kind":"poi","name":"Home Marylebone","theme":"gastronomi","lab":1},"geometry":{"type":"Point","coordinates":[-0.15214,51.52086]}},{"type":"Feature","properties":{"id":"ke-gastronomi-154","kind":"poi","name":"The Horns","theme":"gastronomi","lab":1},"geometry":{"type":"Point","coordinates":[0.18548,51.31298]}},{"type":"Feature","properties":{"id":"ke-gastronomi-155","kind":"poi","name":"The Devonshire","theme":"gastronomi","lab":1},"geometry":{"type":"Point","coordinates":[-0.13534,51.51065]}},{"type":"Feature","properties":{"id":"ke-gastronomi-156","kind":"poi","name":"Dr Hammer","theme":"gastronomi","lab":1},"geometry":{"type":"Point","coordinates":[-0.12168,51.51728]}},{"type":"Feature","properties":{"id":"ke-gastronomi-157","kind":"poi","name":"Electric Avenue","theme":"gastronomi","lab":1},"geometry":{"type":"Point","coordinates":[-0.11406,51.46238]}},{"type":"Feature","properties":{"id":"ke-gastronomi-158","kind":"poi","name":"Bistrot Passage Cafe","theme":"gastronomi","lab":1},"geometry":{"type":"Point","coordinates":[-0.10403,51.5233]}},{"type":"Feature","properties":{"id":"ke-gastronomi-159","kind":"poi","name":"The Frontline Club","theme":"gastronomi","lab":1},"geometry":{"type":"Point","coordinates":[-0.17247,51.51696]}},{"type":"Feature","properties":{"id":"ke-gastronomi-160","kind":"poi","name":"Chiswell Street Dining Rooms","theme":"gastronomi","lab":1},"geometry":{"type":"Point","coordinates":[-0.09088,51.52078]}},{"type":"Feature","properties":{"id":"ke-gastronomi-161","kind":"poi","name":"Bagelmania","theme":"gastronomi","lab":1},"geometry":{"type":"Point","coordinates":[-0.10999,51.51386]}},{"type":"Feature","properties":{"id":"ke-gastronomi-162","kind":"poi","name":"The Fleet Street Press","theme":"gastronomi","lab":1},"geometry":{"type":"Point","coordinates":[-0.11161,51.51361]}},{"type":"Feature","properties":{"id":"ke-gastronomi-163","kind":"poi","name":"Stables Café","theme":"gastronomi","lab":1},"geometry":{"type":"Point","coordinates":[0.19105,51.51784]}},{"type":"Feature","properties":{"id":"ke-gastronomi-164","kind":"poi","name":"Goat","theme":"gastronomi","lab":1},"geometry":{"type":"Point","coordinates":[-0.18027,51.48618]}},{"type":"Feature","properties":{"id":"ke-gastronomi-165","kind":"poi","name":"Floral","theme":"gastronomi","lab":1},"geometry":{"type":"Point","coordinates":[-0.12619,51.5118]}},{"type":"Feature","properties":{"id":"ke-gastronomi-166","kind":"poi","name":"Exmouth Market","theme":"gastronomi","lab":1},"geometry":{"type":"Point","coordinates":[-0.1092,51.52577]}},{"type":"Feature","properties":{"id":"ke-gastronomi-167","kind":"poi","name":"Lorenzo","theme":"gastronomi","lab":1},"geometry":{"type":"Point","coordinates":[-0.07929,51.41987]}},{"type":"Feature","properties":{"id":"ke-gastronomi-168","kind":"poi","name":"Delamina Townhouse","theme":"gastronomi","lab":1},"geometry":{"type":"Point","coordinates":[-0.1204,51.51232]}},{"type":"Feature","properties":{"id":"ke-gastronomi-169","kind":"poi","name":"No 197 Chiswick Fire Station","theme":"gastronomi","lab":1},"geometry":{"type":"Point","coordinates":[-0.25748,51.49218]}},{"type":"Feature","properties":{"id":"ke-gastronomi-170","kind":"poi","name":"La Trompette","theme":"gastronomi","lab":1},"geometry":{"type":"Point","coordinates":[-0.25611,51.49188]}},{"type":"Feature","properties":{"id":"ke-gastronomi-171","kind":"poi","name":"Benares","theme":"gastronomi","lab":1},"geometry":{"type":"Point","coordinates":[-0.14497,51.50988]}},{"type":"Feature","properties":{"id":"ke-gastronomi-172","kind":"poi","name":"BAO","theme":"gastronomi","lab":1},"geometry":{"type":"Point","coordinates":[-0.15079,51.51581]}},{"type":"Feature","properties":{"id":"ke-gastronomi-173","kind":"poi","name":"El Vino","theme":"gastronomi","lab":1},"geometry":{"type":"Point","coordinates":[-0.10917,51.51399]}},{"type":"Feature","properties":{"id":"ke-gastronomi-174","kind":"poi","name":"Vortex Jazz Club","theme":"gastronomi","lab":1},"geometry":{"type":"Point","coordinates":[-0.07664,51.54879]}},{"type":"Feature","properties":{"id":"ke-gastronomi-175","kind":"poi","name":"Galyons Royal Docks","theme":"gastronomi","lab":1},"geometry":{"type":"Point","coordinates":[0.07319,51.50677]}},{"type":"Feature","properties":{"id":"ke-gastronomi-176","kind":"poi","name":"Chapel Market","theme":"gastronomi","lab":1},"geometry":{"type":"Point","coordinates":[-0.10871,51.5335]}},{"type":"Feature","properties":{"id":"ke-gastronomi-177","kind":"poi","name":"Oslo","theme":"gastronomi","lab":1},"geometry":{"type":"Point","coordinates":[-0.0556,51.54716]}},{"type":"Feature","properties":{"id":"ke-gastronomi-178","kind":"poi","name":"Balthazar London","theme":"gastronomi","lab":1},"geometry":{"type":"Point","coordinates":[-0.12124,51.51238]}},{"type":"Feature","properties":{"id":"ke-gastronomi-179","kind":"poi","name":"The Old Stables","theme":"gastronomi","lab":1},"geometry":{"type":"Point","coordinates":[0.11759,51.45795]}},{"type":"Feature","properties":{"id":"ke-gastronomi-180","kind":"poi","name":"Lockes","theme":"gastronomi","lab":1},"geometry":{"type":"Point","coordinates":[-0.12161,51.51534]}},{"type":"Feature","properties":{"id":"ke-gastronomi-181","kind":"poi","name":"The Lower Third","theme":"gastronomi","lab":1},"geometry":{"type":"Point","coordinates":[-0.1292,51.51555]}},{"type":"Feature","properties":{"id":"ke-gastronomi-182","kind":"poi","name":"Zebrano","theme":"gastronomi","lab":1},"geometry":{"type":"Point","coordinates":[-0.1306,51.51399]}},{"type":"Feature","properties":{"id":"ke-gastronomi-183","kind":"poi","name":"Me London","theme":"gastronomi","lab":1},"geometry":{"type":"Point","coordinates":[-0.11857,51.51176]}},{"type":"Feature","properties":{"id":"ke-gastronomi-184","kind":"poi","name":"The Wolseley","theme":"gastronomi","lab":1},"geometry":{"type":"Point","coordinates":[-0.14091,51.50739]}},{"type":"Feature","properties":{"id":"ke-gastronomi-185","kind":"poi","name":"Stem","theme":"gastronomi","lab":1},"geometry":{"type":"Point","coordinates":[-0.14275,51.51467]}},{"type":"Feature","properties":{"id":"ke-gastronomi-186","kind":"poi","name":"Bread Street Kitchen","theme":"gastronomi","lab":1},"geometry":{"type":"Point","coordinates":[-0.09501,51.51335]}},{"type":"Feature","properties":{"id":"ke-gastronomi-187","kind":"poi","name":"Potty Pancakes & Burger Bar","theme":"gastronomi","lab":1},"geometry":{"type":"Point","coordinates":[-0.17842,51.69204]}},{"type":"Feature","properties":{"id":"ke-gastronomi-188","kind":"poi","name":"Le Quecum Bar","theme":"gastronomi","lab":1},"geometry":{"type":"Point","coordinates":[-0.17393,51.47402]}},{"type":"Feature","properties":{"id":"ke-gastronomi-189","kind":"poi","name":"Murano","theme":"gastronomi","lab":1},"geometry":{"type":"Point","coordinates":[-0.14727,51.50713]}},{"type":"Feature","properties":{"id":"ke-gastronomi-190","kind":"poi","name":"Tamarind","theme":"gastronomi","lab":1},"geometry":{"type":"Point","coordinates":[-0.14724,51.50706]}},{"type":"Feature","properties":{"id":"ke-gastronomi-191","kind":"poi","name":"Harry's Bar","theme":"gastronomi","lab":1},"geometry":{"type":"Point","coordinates":[-0.15139,51.50929]}},{"type":"Feature","properties":{"id":"ke-gastronomi-192","kind":"poi","name":"Noizé","theme":"gastronomi","lab":1},"geometry":{"type":"Point","coordinates":[-0.13506,51.52014]}},{"type":"Feature","properties":{"id":"ke-gastronomi-193","kind":"poi","name":"L'Atelier de Joel Robuchon","theme":"gastronomi","lab":1},"geometry":{"type":"Point","coordinates":[-0.12849,51.51306]}},{"type":"Feature","properties":{"id":"ke-gastronomi-194","kind":"poi","name":"Le Beaujolais","theme":"gastronomi","lab":1},"geometry":{"type":"Point","coordinates":[-0.12851,51.51289]}},{"type":"Feature","properties":{"id":"ke-gastronomi-195","kind":"poi","name":"No 6 Restaurant and shop","theme":"gastronomi","lab":1},"geometry":{"type":"Point","coordinates":[-0.15204,51.5181]}},{"type":"Feature","properties":{"id":"ke-gastronomi-196","kind":"poi","name":"Columbia Road Flower Market","theme":"gastronomi","lab":1},"geometry":{"type":"Point","coordinates":[-0.06943,51.52935]}},{"type":"Feature","properties":{"id":"ke-gastronomi-197","kind":"poi","name":"Crocker's Folly","theme":"gastronomi","lab":1},"geometry":{"type":"Point","coordinates":[-0.17499,51.52577]}},{"type":"Feature","properties":{"id":"ke-gastronomi-198","kind":"poi","name":"Cent Anni","theme":"gastronomi","lab":1},"geometry":{"type":"Point","coordinates":[-0.17911,51.53751]}},{"type":"Feature","properties":{"id":"ke-gastronomi-199","kind":"poi","name":"The Camden Assembly","theme":"gastronomi","lab":1},"geometry":{"type":"Point","coordinates":[-0.14924,51.54312]}},{"type":"Feature","properties":{"id":"ke-gastronomi-200","kind":"poi","name":"Cafe Oto","theme":"gastronomi","lab":1},"geometry":{"type":"Point","coordinates":[-0.0747,51.54694]}},{"type":"Feature","properties":{"id":"ke-gastronomi-201","kind":"poi","name":"QIMA CAFE","theme":"gastronomi","lab":1},"geometry":{"type":"Point","coordinates":[-0.13986,51.52393]}},{"type":"Feature","properties":{"id":"ke-gastronomi-202","kind":"poi","name":"Uzumaki","theme":"gastronomi","lab":1},"geometry":{"type":"Point","coordinates":[-0.1293,51.5176]}},{"type":"Feature","properties":{"id":"ke-gastronomi-203","kind":"poi","name":"Alianti","theme":"gastronomi","lab":1},"geometry":{"type":"Point","coordinates":[-0.30682,51.4601]}},{"type":"Feature","properties":{"id":"ke-gastronomi-204","kind":"poi","name":"Saffron","theme":"gastronomi","lab":1},"geometry":{"type":"Point","coordinates":[-0.30303,51.46138]}},{"type":"Feature","properties":{"id":"ke-gastronomi-205","kind":"poi","name":"Paradise Pizza","theme":"gastronomi","lab":1},"geometry":{"type":"Point","coordinates":[-0.14009,51.5218]}},{"type":"Feature","properties":{"id":"ke-gastronomi-206","kind":"poi","name":"Coal House Cafe","theme":"gastronomi","lab":1},"geometry":{"type":"Point","coordinates":[-0.0879,51.56993]}},{"type":"Feature","properties":{"id":"ke-gastronomi-207","kind":"poi","name":"Gordon Ramsay Plane Food","theme":"gastronomi","lab":1},"geometry":{"type":"Point","coordinates":[-0.48705,51.47126]}},{"type":"Feature","properties":{"id":"ke-gastronomi-208","kind":"poi","name":"A. Wong","theme":"gastronomi","lab":1},"geometry":{"type":"Point","coordinates":[-0.14054,51.493]}},{"type":"Feature","properties":{"id":"ke-gastronomi-209","kind":"poi","name":"Russell Square Cabmen's Shelter","theme":"gastronomi","lab":1},"geometry":{"type":"Point","coordinates":[-0.12767,51.52194]}},{"type":"Feature","properties":{"id":"ke-gastronomi-210","kind":"poi","name":"Wentworth Street Market","theme":"gastronomi","lab":1},"geometry":{"type":"Point","coordinates":[-0.07486,51.51662]}},{"type":"Feature","properties":{"id":"ke-gastronomi-211","kind":"poi","name":"Cabmen's Shelter","theme":"gastronomi","lab":1},"geometry":{"type":"Point","coordinates":[-0.11468,51.51104]}},{"type":"Feature","properties":{"id":"ke-gastronomi-212","kind":"poi","name":"Lexpress Coffee","theme":"gastronomi","lab":1},"geometry":{"type":"Point","coordinates":[-0.0887,51.5115]}},{"type":"Feature","properties":{"id":"ke-gastronomi-213","kind":"poi","name":"Petrus","theme":"gastronomi","lab":1},"geometry":{"type":"Point","coordinates":[-0.15682,51.49962]}},{"type":"Feature","properties":{"id":"ke-gastronomi-214","kind":"poi","name":"Zafferano","theme":"gastronomi","lab":1},"geometry":{"type":"Point","coordinates":[-0.15767,51.49909]}},{"type":"Feature","properties":{"id":"ke-gastronomi-215","kind":"poi","name":"Sexy Fish","theme":"gastronomi","lab":1},"geometry":{"type":"Point","coordinates":[-0.14433,51.50938]}},{"type":"Feature","properties":{"id":"ke-gastronomi-216","kind":"poi","name":"Brixton Market","theme":"gastronomi","lab":1},"geometry":{"type":"Point","coordinates":[-0.113,51.46204]}},{"type":"Feature","properties":{"id":"ke-gastronomi-217","kind":"poi","name":"Omeara","theme":"gastronomi","lab":1},"geometry":{"type":"Point","coordinates":[-0.09464,51.50424]}},{"type":"Feature","properties":{"id":"ke-gastronomi-218","kind":"poi","name":"The Last Tuesday Society","theme":"gastronomi","lab":1},"geometry":{"type":"Point","coordinates":[-0.05764,51.5347]}},{"type":"Feature","properties":{"id":"ke-gastronomi-219","kind":"poi","name":"The Blue Market","theme":"gastronomi","lab":1},"geometry":{"type":"Point","coordinates":[-0.06362,51.49248]}},{"type":"Feature","properties":{"id":"ke-gastronomi-220","kind":"poi","name":"Rosie Chai","theme":"gastronomi","lab":1},"geometry":{"type":"Point","coordinates":[-0.32678,51.44696]}},{"type":"Feature","properties":{"id":"ke-gastronomi-221","kind":"poi","name":"Chucs Serpentine","theme":"gastronomi","lab":1},"geometry":{"type":"Point","coordinates":[-0.17155,51.50717]}},{"type":"Feature","properties":{"id":"ke-gastronomi-222","kind":"poi","name":"Queen's Market","theme":"gastronomi","lab":1},"geometry":{"type":"Point","coordinates":[0.03445,51.53457]}},{"type":"Feature","properties":{"id":"ke-gastronomi-223","kind":"poi","name":"Urumchi","theme":"gastronomi","lab":1},"geometry":{"type":"Point","coordinates":[-0.12278,51.52115]}},{"type":"Feature","properties":{"id":"ke-gastronomi-224","kind":"poi","name":"The Adaalat Lounge","theme":"gastronomi","lab":1},"geometry":{"type":"Point","coordinates":[0.21436,51.4451]}},{"type":"Feature","properties":{"id":"ke-gastronomi-225","kind":"poi","name":"The Troubadour","theme":"gastronomi","lab":1},"geometry":{"type":"Point","coordinates":[-0.19167,51.48882]}},{"type":"Feature","properties":{"id":"ke-gastronomi-226","kind":"poi","name":"Masaniello","theme":"gastronomi","lab":1},"geometry":{"type":"Point","coordinates":[-0.32749,51.44683]}},{"type":"Feature","properties":{"id":"ke-gastronomi-227","kind":"poi","name":"The Paddenswick Tea Gardens","theme":"gastronomi","lab":1},"geometry":{"type":"Point","coordinates":[-0.23726,51.49741]}},{"type":"Feature","properties":{"id":"ke-gastronomi-228","kind":"poi","name":"The Anchor","theme":"gastronomi","lab":1},"geometry":{"type":"Point","coordinates":[-0.49321,51.29945]}},{"type":"Feature","properties":{"id":"ke-gastronomi-229","kind":"poi","name":"Sweetings","theme":"gastronomi","lab":1},"geometry":{"type":"Point","coordinates":[-0.09277,51.51242]}},{"type":"Feature","properties":{"id":"ke-gastronomi-230","kind":"poi","name":"Boulebar South Bank","theme":"gastronomi","lab":1},"geometry":{"type":"Point","coordinates":[-0.11375,51.50593]}},{"type":"Feature","properties":{"id":"ke-gastronomi-231","kind":"poi","name":"Boulebar Spitalfields","theme":"gastronomi","lab":1},"geometry":{"type":"Point","coordinates":[-0.0771,51.51772]}},{"type":"Feature","properties":{"id":"ke-gastronomi-232","kind":"poi","name":"Costa","theme":"gastronomi","lab":1},"geometry":{"type":"Point","coordinates":[-0.41296,51.39812]}},{"type":"Feature","properties":{"id":"ke-gastronomi-233","kind":"poi","name":"The Royal","theme":"gastronomi","lab":1},"geometry":{"type":"Point","coordinates":[-0.32668,51.49831]}},{"type":"Feature","properties":{"id":"ke-gastronomi-234","kind":"poi","name":"Caffè Nero","theme":"gastronomi","lab":1},"geometry":{"type":"Point","coordinates":[-0.21669,51.35783]}},{"type":"Feature","properties":{"id":"ke-gastronomi-235","kind":"poi","name":"Nando's","theme":"gastronomi","lab":1},"geometry":{"type":"Point","coordinates":[-0.17809,51.41361]}},{"type":"Feature","properties":{"id":"ke-gastronomi-236","kind":"poi","name":"Starbucks","theme":"gastronomi","lab":1},"geometry":{"type":"Point","coordinates":[-0.1355,51.49899]}},{"type":"Feature","properties":{"id":"ke-gastronomi-237","kind":"poi","name":"Whitewebbs House","theme":"gastronomi","lab":1},"geometry":{"type":"Point","coordinates":[-0.07961,51.67833]}},{"type":"Feature","properties":{"id":"ke-gastronomi-238","kind":"poi","name":"ASK Italian","theme":"gastronomi","lab":1},"geometry":{"type":"Point","coordinates":[-0.26571,51.33364]}},{"type":"Feature","properties":{"id":"ke-gastronomi-239","kind":"poi","name":"Giraffe","theme":"gastronomi","lab":1},"geometry":{"type":"Point","coordinates":[-0.11714,51.50631]}},{"type":"Feature","properties":{"id":"ke-gastronomi-240","kind":"poi","name":"PizzaExpress","theme":"gastronomi","lab":1},"geometry":{"type":"Point","coordinates":[-0.13711,51.48884]}},{"type":"Feature","properties":{"id":"ke-gastronomi-241","kind":"poi","name":"Harvester","theme":"gastronomi","lab":1},"geometry":{"type":"Point","coordinates":[-0.38551,51.69455]}},{"type":"Feature","properties":{"id":"ke-gastronomi-242","kind":"poi","name":"Taro","theme":"gastronomi","lab":1},"geometry":{"type":"Point","coordinates":[-0.13791,51.49249]}},{"type":"Feature","properties":{"id":"ke-gastronomi-243","kind":"poi","name":"Caffè Concerto","theme":"gastronomi","lab":1},"geometry":{"type":"Point","coordinates":[-0.16642,51.4984]}},{"type":"Feature","properties":{"id":"ke-gastronomi-244","kind":"poi","name":"Bella Italia","theme":"gastronomi","lab":1},"geometry":{"type":"Point","coordinates":[-0.18763,51.51183]}},{"type":"Feature","properties":{"id":"ke-gastronomi-245","kind":"poi","name":"Honest Burgers","theme":"gastronomi","lab":1},"geometry":{"type":"Point","coordinates":[-0.11671,51.50526]}},{"type":"Feature","properties":{"id":"ke-gastronomi-246","kind":"poi","name":"Côte Brasserie","theme":"gastronomi","lab":1},"geometry":{"type":"Point","coordinates":[-0.11693,51.50533]}},{"type":"Feature","properties":{"id":"ke-gastronomi-247","kind":"poi","name":"Wagamama","theme":"gastronomi","lab":1},"geometry":{"type":"Point","coordinates":[-0.11777,51.50576]}},{"type":"Feature","properties":{"id":"ke-gastronomi-248","kind":"poi","name":"The Real Greek","theme":"gastronomi","lab":1},"geometry":{"type":"Point","coordinates":[-0.0952,51.50806]}},{"type":"Feature","properties":{"id":"ke-gastronomi-249","kind":"poi","name":"Gaucho","theme":"gastronomi","lab":1},"geometry":{"type":"Point","coordinates":[-0.0804,51.50513]}},{"type":"Feature","properties":{"id":"ke-gastronomi-250","kind":"poi","name":"Nero Express","theme":"gastronomi","lab":1},"geometry":{"type":"Point","coordinates":[-0.30442,51.39237]}},{"type":"Feature","properties":{"id":"ke-gastronomi-251","kind":"poi","name":"Ippudo","theme":"gastronomi","lab":1},"geometry":{"type":"Point","coordinates":[-0.09575,51.54051]}},{"type":"Feature","properties":{"id":"ke-gastronomi-252","kind":"poi","name":"Franco Manca","theme":"gastronomi","lab":1},"geometry":{"type":"Point","coordinates":[-0.10384,51.53616]}},{"type":"Feature","properties":{"id":"ke-gastronomi-253","kind":"poi","name":"Wahaca","theme":"gastronomi","lab":1},"geometry":{"type":"Point","coordinates":[-0.10391,51.53599]}},{"type":"Feature","properties":{"id":"ke-gastronomi-254","kind":"poi","name":"Street Burger","theme":"gastronomi","lab":1},"geometry":{"type":"Point","coordinates":[-0.10397,51.53514]}},{"type":"Feature","properties":{"id":"ke-gastronomi-255","kind":"poi","name":"Carluccio's","theme":"gastronomi","lab":1},"geometry":{"type":"Point","coordinates":[-0.10228,51.53799]}},{"type":"Feature","properties":{"id":"ke-gastronomi-256","kind":"poi","name":"Beefeater","theme":"gastronomi","lab":1},"geometry":{"type":"Point","coordinates":[-0.31538,51.34685]}},{"type":"Feature","properties":{"id":"ke-gastronomi-257","kind":"poi","name":"Rosa's Thai Cafe","theme":"gastronomi","lab":1},"geometry":{"type":"Point","coordinates":[-0.10315,51.53763]}},{"type":"Feature","properties":{"id":"ke-gastronomi-258","kind":"poi","name":"Basilico","theme":"gastronomi","lab":1},"geometry":{"type":"Point","coordinates":[-0.11118,51.53245]}},{"type":"Feature","properties":{"id":"ke-gastronomi-259","kind":"poi","name":"Zizzi","theme":"gastronomi","lab":1},"geometry":{"type":"Point","coordinates":[-0.14077,51.49744]}},{"type":"Feature","properties":{"id":"ke-gastronomi-260","kind":"poi","name":"Al Phoenic","theme":"gastronomi","lab":1},"geometry":{"type":"Point","coordinates":[-0.17064,51.47886]}},{"type":"Feature","properties":{"id":"ke-gastronomi-261","kind":"poi","name":"YO! Sushi","theme":"gastronomi","lab":1},"geometry":{"type":"Point","coordinates":[-0.09999,51.51332]}},{"type":"Feature","properties":{"id":"ke-gastronomi-262","kind":"poi","name":"Bill's","theme":"gastronomi","lab":1},"geometry":{"type":"Point","coordinates":[-0.20527,51.41958]}},{"type":"Feature","properties":{"id":"ke-gastronomi-263","kind":"poi","name":"Bar + Block","theme":"gastronomi","lab":1},"geometry":{"type":"Point","coordinates":[-0.12232,51.53177]}},{"type":"Feature","properties":{"id":"ke-gastronomi-264","kind":"poi","name":"Black Sheep Coffee","theme":"gastronomi","lab":1},"geometry":{"type":"Point","coordinates":[0.01546,51.40314]}},{"type":"Feature","properties":{"id":"ke-gastronomi-265","kind":"poi","name":"Bella Capri","theme":"gastronomi","lab":1},"geometry":{"type":"Point","coordinates":[-0.21825,51.42515]}},{"type":"Feature","properties":{"id":"ke-gastronomi-266","kind":"poi","name":"Giggling Squid","theme":"gastronomi","lab":1},"geometry":{"type":"Point","coordinates":[-0.21857,51.42519]}},{"type":"Feature","properties":{"id":"ke-gastronomi-267","kind":"poi","name":"Turtle Bay","theme":"gastronomi","lab":1},"geometry":{"type":"Point","coordinates":[-0.30463,51.51196]}},{"type":"Feature","properties":{"id":"ke-gastronomi-268","kind":"poi","name":"Banana Tree","theme":"gastronomi","lab":1},"geometry":{"type":"Point","coordinates":[-0.16662,51.46067]}},{"type":"Feature","properties":{"id":"ke-gastronomi-269","kind":"poi","name":"Rudy's Pizza Napoletana","theme":"gastronomi","lab":1},"geometry":{"type":"Point","coordinates":[-0.07733,51.52051]}},{"type":"Feature","properties":{"id":"ke-gastronomi-270","kind":"poi","name":"vacant","theme":"gastronomi","lab":1},"geometry":{"type":"Point","coordinates":[-0.30831,51.40939]}},{"type":"Feature","properties":{"id":"ke-gastronomi-271","kind":"poi","name":"T4 Tea For U","theme":"gastronomi","lab":1},"geometry":{"type":"Point","coordinates":[-0.17082,51.51844]}},{"type":"Feature","properties":{"id":"ke-gastronomi-272","kind":"poi","name":"Pizza Pilgrims","theme":"gastronomi","lab":1},"geometry":{"type":"Point","coordinates":[-0.18715,51.51156]}},{"type":"Feature","properties":{"id":"ke-gastronomi-273","kind":"poi","name":"The Jolly Badger","theme":"gastronomi","lab":1},"geometry":{"type":"Point","coordinates":[-0.26044,51.61704]}},{"type":"Feature","properties":{"id":"ke-gastronomi-274","kind":"poi","name":"Hard Rock Cafe","theme":"gastronomi","lab":1},"geometry":{"type":"Point","coordinates":[-0.14905,51.50387]}},{"type":"Feature","properties":{"id":"ke-gastronomi-275","kind":"poi","name":"AMT Coffee","theme":"gastronomi","lab":1},"geometry":{"type":"Point","coordinates":[-0.09266,51.37638]}},{"type":"Feature","properties":{"id":"ke-gastronomi-276","kind":"poi","name":"The Banana Tree Canteen","theme":"gastronomi","lab":1},"geometry":{"type":"Point","coordinates":[-0.19159,51.54954]}},{"type":"Feature","properties":{"id":"ke-gastronomi-277","kind":"poi","name":"The Orchard Beefeater","theme":"gastronomi","lab":1},"geometry":{"type":"Point","coordinates":[-0.43119,51.57291]}},{"type":"Feature","properties":{"id":"ke-gastronomi-278","kind":"poi","name":"Harris + Hoole","theme":"gastronomi","lab":1},"geometry":{"type":"Point","coordinates":[-0.12404,51.57871]}},{"type":"Feature","properties":{"id":"ke-gastronomi-279","kind":"poi","name":"Costa Coffee","theme":"gastronomi","lab":1},"geometry":{"type":"Point","coordinates":[-0.07405,51.50668]}},{"type":"Feature","properties":{"id":"ke-gastronomi-280","kind":"poi","name":"Café Rouge","theme":"gastronomi","lab":1},"geometry":{"type":"Point","coordinates":[-0.07271,51.50823]}},{"type":"Feature","properties":{"id":"ke-gastronomi-281","kind":"poi","name":"GAIL's","theme":"gastronomi","lab":1},"geometry":{"type":"Point","coordinates":[-0.28606,51.47731]}},{"type":"Feature","properties":{"id":"ke-gastronomi-282","kind":"poi","name":"The Breakfast Club","theme":"gastronomi","lab":1},"geometry":{"type":"Point","coordinates":[-0.08114,51.52719]}},{"type":"Feature","properties":{"id":"ke-gastronomi-283","kind":"poi","name":"Tortilla","theme":"gastronomi","lab":1},"geometry":{"type":"Point","coordinates":[-0.13999,51.51645]}},{"type":"Feature","properties":{"id":"ke-gastronomi-284","kind":"poi","name":"Coffee Republic","theme":"gastronomi","lab":1},"geometry":{"type":"Point","coordinates":[-0.13538,51.496]}},{"type":"Feature","properties":{"id":"ke-gastronomi-285","kind":"poi","name":"Pimlico Road Farmers' Market","theme":"gastronomi","lab":1},"geometry":{"type":"Point","coordinates":[-0.15278,51.49077]}},{"type":"Feature","properties":{"id":"ke-gastronomi-286","kind":"poi","name":"Walthamstow Farmers' Market","theme":"gastronomi","lab":1},"geometry":{"type":"Point","coordinates":[-0.02181,51.58439]}},{"type":"Feature","properties":{"id":"ke-gastronomi-287","kind":"poi","name":"GAIL's Bakery","theme":"gastronomi","lab":1},"geometry":{"type":"Point","coordinates":[-0.1717,51.53374]}},{"type":"Feature","properties":{"id":"ke-gastronomi-288","kind":"poi","name":"Chiquito","theme":"gastronomi","lab":1},"geometry":{"type":"Point","coordinates":[-0.12423,51.3783]}},{"type":"Feature","properties":{"id":"ke-gastronomi-289","kind":"poi","name":"Frankie & Benny's","theme":"gastronomi","lab":1},"geometry":{"type":"Point","coordinates":[-0.12438,51.37818]}},{"type":"Feature","properties":{"id":"ke-gastronomi-290","kind":"poi","name":"Cosmo","theme":"gastronomi","lab":1},"geometry":{"type":"Point","coordinates":[-0.12567,51.37771]}},{"type":"Feature","properties":{"id":"ke-gastronomi-291","kind":"poi","name":"Loving Hut","theme":"gastronomi","lab":1},"geometry":{"type":"Point","coordinates":[-0.13328,51.56496]}},{"type":"Feature","properties":{"id":"ke-gastronomi-292","kind":"poi","name":"Notes","theme":"gastronomi","lab":1},"geometry":{"type":"Point","coordinates":[-0.08994,51.5193]}},{"type":"Feature","properties":{"id":"ke-gastronomi-293","kind":"poi","name":"Browns Victoria","theme":"gastronomi","lab":1},"geometry":{"type":"Point","coordinates":[-0.14124,51.49721]}},{"type":"Feature","properties":{"id":"ke-gastronomi-294","kind":"poi","name":"Fantomas","theme":"gastronomi","lab":1},"geometry":{"type":"Point","coordinates":[-0.17326,51.48586]}},{"type":"Feature","properties":{"id":"ke-gastronomi-295","kind":"poi","name":"Mildreds","theme":"gastronomi","lab":1},"geometry":{"type":"Point","coordinates":[-0.1423,51.49411]}},{"type":"Feature","properties":{"id":"ke-gastronomi-296","kind":"poi","name":"Caffè Nero Express","theme":"gastronomi","lab":1},"geometry":{"type":"Point","coordinates":[-0.33695,51.57952]}},{"type":"Feature","properties":{"id":"ke-gastronomi-297","kind":"poi","name":"Gourmet Burger Kitchen","theme":"gastronomi","lab":1},"geometry":{"type":"Point","coordinates":[-0.22149,51.50663]}},{"type":"Feature","properties":{"id":"ke-gastronomi-298","kind":"poi","name":"Tinseltown","theme":"gastronomi","lab":1},"geometry":{"type":"Point","coordinates":[-0.10131,51.52097]}},{"type":"Feature","properties":{"id":"ke-gastronomi-299","kind":"poi","name":"Paul","theme":"gastronomi","lab":1},"geometry":{"type":"Point","coordinates":[-0.10211,51.5389]}},{"type":"Feature","properties":{"id":"ke-alisveris-0","kind":"poi","name":"Waitrose","theme":"alisveris","lab":1},"geometry":{"type":"Point","coordinates":[-0.15684,51.499]}},{"type":"Feature","properties":{"id":"ke-alisveris-1","kind":"poi","name":"Tesco","theme":"alisveris","lab":1},"geometry":{"type":"Point","coordinates":[-0.31888,51.53383]}},{"type":"Feature","properties":{"id":"ke-alisveris-2","kind":"poi","name":"Whole Foods Market","theme":"alisveris","lab":1},"geometry":{"type":"Point","coordinates":[-0.10492,51.53415]}},{"type":"Feature","properties":{"id":"ke-alisveris-3","kind":"poi","name":"Sainsbury's","theme":"alisveris","lab":1},"geometry":{"type":"Point","coordinates":[-0.14081,51.54051]}},{"type":"Feature","properties":{"id":"ke-alisveris-4","kind":"poi","name":"Blackheath Farmers' Market","theme":"alisveris","lab":1},"geometry":{"type":"Point","coordinates":[0.00724,51.46582]}},{"type":"Feature","properties":{"id":"ke-alisveris-5","kind":"poi","name":"John Lewis","theme":"alisveris","lab":1},"geometry":{"type":"Point","coordinates":[-0.30686,51.41152]}},{"type":"Feature","properties":{"id":"ke-alisveris-6","kind":"poi","name":"World Duty Free","theme":"alisveris","lab":1},"geometry":{"type":"Point","coordinates":[-0.12618,51.5318]}},{"type":"Feature","properties":{"id":"ke-alisveris-7","kind":"poi","name":"The White Company","theme":"alisveris","lab":1},"geometry":{"type":"Point","coordinates":[-0.15887,51.49269]}},{"type":"Feature","properties":{"id":"ke-alisveris-8","kind":"poi","name":"New Spitalfields Market","theme":"alisveris","lab":1},"geometry":{"type":"Point","coordinates":[-0.02039,51.55701]}},{"type":"Feature","properties":{"id":"ke-alisveris-9","kind":"poi","name":"The Bentall Centre","theme":"alisveris","lab":1},"geometry":{"type":"Point","coordinates":[-0.3046,51.41182]}},{"type":"Feature","properties":{"id":"ke-alisveris-10","kind":"poi","name":"Selfridges","theme":"alisveris","lab":1},"geometry":{"type":"Point","coordinates":[-0.15281,51.51469]}},{"type":"Feature","properties":{"id":"ke-alisveris-11","kind":"poi","name":"The Chimes","theme":"alisveris","lab":1},"geometry":{"type":"Point","coordinates":[-0.47675,51.54545]}},{"type":"Feature","properties":{"id":"ke-alisveris-12","kind":"poi","name":"Leather Lane Market","theme":"alisveris","lab":1},"geometry":{"type":"Point","coordinates":[-0.10967,51.52046]}},{"type":"Feature","properties":{"id":"ke-alisveris-13","kind":"poi","name":"Westfield Stratford City","theme":"alisveris","lab":1},"geometry":{"type":"Point","coordinates":[-0.00723,51.5431]}},{"type":"Feature","properties":{"id":"ke-alisveris-14","kind":"poi","name":"The Mercury Mall","theme":"alisveris","lab":1},"geometry":{"type":"Point","coordinates":[0.18599,51.57911]}},{"type":"Feature","properties":{"id":"ke-alisveris-15","kind":"poi","name":"Deptford Market","theme":"alisveris","lab":1},"geometry":{"type":"Point","coordinates":[-0.02689,51.47653]}},{"type":"Feature","properties":{"id":"ke-alisveris-16","kind":"poi","name":"Lewisham Shopping Centre","theme":"alisveris","lab":1},"geometry":{"type":"Point","coordinates":[-0.01175,51.46172]}},{"type":"Feature","properties":{"id":"ke-alisveris-17","kind":"poi","name":"Ridley Road Market","theme":"alisveris","lab":1},"geometry":{"type":"Point","coordinates":[-0.07307,51.54814]}},{"type":"Feature","properties":{"id":"ke-alisveris-18","kind":"poi","name":"Queen's Crescent Market","theme":"alisveris","lab":1},"geometry":{"type":"Point","coordinates":[-0.15163,51.54989]}},{"type":"Feature","properties":{"id":"ke-alisveris-19","kind":"poi","name":"Goodge Place Market","theme":"alisveris","lab":1},"geometry":{"type":"Point","coordinates":[-0.1363,51.51929]}},{"type":"Feature","properties":{"id":"ke-alisveris-20","kind":"poi","name":"Inverness Street Market","theme":"alisveris","lab":1},"geometry":{"type":"Point","coordinates":[-0.14398,51.53949]}},{"type":"Feature","properties":{"id":"ke-alisveris-21","kind":"poi","name":"Chalton Street Market","theme":"alisveris","lab":1},"geometry":{"type":"Point","coordinates":[-0.1297,51.52928]}},{"type":"Feature","properties":{"id":"ke-alisveris-22","kind":"poi","name":"Earlham Street Market","theme":"alisveris","lab":1},"geometry":{"type":"Point","coordinates":[-0.1278,51.51363]}},{"type":"Feature","properties":{"id":"ke-alisveris-23","kind":"poi","name":"Broadway Market","theme":"alisveris","lab":1},"geometry":{"type":"Point","coordinates":[-0.06152,51.53686]}},{"type":"Feature","properties":{"id":"ke-alisveris-24","kind":"poi","name":"Strutton Ground Market","theme":"alisveris","lab":1},"geometry":{"type":"Point","coordinates":[-0.1338,51.49707]}},{"type":"Feature","properties":{"id":"ke-alisveris-25","kind":"poi","name":"Bermondsey Farmers' Market","theme":"alisveris","lab":1},"geometry":{"type":"Point","coordinates":[-0.08106,51.49745]}},{"type":"Feature","properties":{"id":"ke-alisveris-26","kind":"poi","name":"Selbys","theme":"alisveris","lab":1},"geometry":{"type":"Point","coordinates":[-0.1173,51.55686]}},{"type":"Feature","properties":{"id":"ke-alisveris-27","kind":"poi","name":"Shepherd's Bush Market","theme":"alisveris","lab":1},"geometry":{"type":"Point","coordinates":[-0.22615,51.50395]}},{"type":"Feature","properties":{"id":"ke-alisveris-28","kind":"poi","name":"Camden Market","theme":"alisveris","lab":1},"geometry":{"type":"Point","coordinates":[-0.14719,51.54238]}},{"type":"Feature","properties":{"id":"ke-alisveris-29","kind":"poi","name":"Portobello Market","theme":"alisveris","lab":1},"geometry":{"type":"Point","coordinates":[-0.20512,51.51609]}},{"type":"Feature","properties":{"id":"ke-alisveris-30","kind":"poi","name":"Brick Lane Market","theme":"alisveris","lab":1},"geometry":{"type":"Point","coordinates":[-0.07156,51.52427]}},{"type":"Feature","properties":{"id":"ke-alisveris-31","kind":"poi","name":"Seven Dials Market","theme":"alisveris","lab":1},"geometry":{"type":"Point","coordinates":[-0.12581,51.51412]}},{"type":"Feature","properties":{"id":"ke-alisveris-32","kind":"poi","name":"Morleys","theme":"alisveris","lab":1},"geometry":{"type":"Point","coordinates":[-0.11555,51.46241]}},{"type":"Feature","properties":{"id":"ke-alisveris-33","kind":"poi","name":"Treaty Centre","theme":"alisveris","lab":1},"geometry":{"type":"Point","coordinates":[-0.36366,51.46775]}},{"type":"Feature","properties":{"id":"ke-alisveris-34","kind":"poi","name":"Battersea Power Station","theme":"alisveris","lab":1},"geometry":{"type":"Point","coordinates":[-0.14455,51.48178]}},{"type":"Feature","properties":{"id":"ke-alisveris-35","kind":"poi","name":"Merton Abbey Mills","theme":"alisveris","lab":1},"geometry":{"type":"Point","coordinates":[-0.18331,51.41318]}},{"type":"Feature","properties":{"id":"ke-alisveris-36","kind":"poi","name":"Old Spitalfields Market","theme":"alisveris","lab":1},"geometry":{"type":"Point","coordinates":[-0.07537,51.51959]}},{"type":"Feature","properties":{"id":"ke-alisveris-37","kind":"poi","name":"St George’s Shopping Centre","theme":"alisveris","lab":1},"geometry":{"type":"Point","coordinates":[-0.33919,51.58141]}},{"type":"Feature","properties":{"id":"ke-alisveris-38","kind":"poi","name":"The Broadwalk Shopping Centre","theme":"alisveris","lab":1},"geometry":{"type":"Point","coordinates":[-0.27543,51.61229]}},{"type":"Feature","properties":{"id":"ke-alisveris-39","kind":"poi","name":"Borough Market","theme":"alisveris","lab":1},"geometry":{"type":"Point","coordinates":[-0.09031,51.50559]}},{"type":"Feature","properties":{"id":"ke-alisveris-40","kind":"poi","name":"St. Anns Centre","theme":"alisveris","lab":1},"geometry":{"type":"Point","coordinates":[-0.33669,51.58078]}},{"type":"Feature","properties":{"id":"ke-alisveris-41","kind":"poi","name":"Barnet Market","theme":"alisveris","lab":1},"geometry":{"type":"Point","coordinates":[-0.20412,51.65603]}},{"type":"Feature","properties":{"id":"ke-alisveris-42","kind":"poi","name":"Exchange Ilford","theme":"alisveris","lab":1},"geometry":{"type":"Point","coordinates":[0.07198,51.55994]}},{"type":"Feature","properties":{"id":"ke-alisveris-43","kind":"poi","name":"Greenwich Market","theme":"alisveris","lab":1},"geometry":{"type":"Point","coordinates":[-0.00904,51.48158]}},{"type":"Feature","properties":{"id":"ke-alisveris-44","kind":"poi","name":"Harrods","theme":"alisveris","lab":1},"geometry":{"type":"Point","coordinates":[-0.16301,51.49924]}},{"type":"Feature","properties":{"id":"ke-alisveris-45","kind":"poi","name":"Surrey Street","theme":"alisveris","lab":1},"geometry":{"type":"Point","coordinates":[-0.10129,51.37289]}},{"type":"Feature","properties":{"id":"ke-alisveris-46","kind":"poi","name":"Peter Jones","theme":"alisveris","lab":1},"geometry":{"type":"Point","coordinates":[-0.15894,51.49226]}},{"type":"Feature","properties":{"id":"ke-alisveris-47","kind":"poi","name":"Stratford Centre","theme":"alisveris","lab":1},"geometry":{"type":"Point","coordinates":[-9e-05,51.54172]}},{"type":"Feature","properties":{"id":"ke-alisveris-48","kind":"poi","name":"Ashley Centre","theme":"alisveris","lab":1},"geometry":{"type":"Point","coordinates":[-0.26845,51.33248]}},{"type":"Feature","properties":{"id":"ke-alisveris-49","kind":"poi","name":"Nags Head Market","theme":"alisveris","lab":1},"geometry":{"type":"Point","coordinates":[-0.118,51.55822]}},{"type":"Feature","properties":{"id":"ke-alisveris-50","kind":"poi","name":"One New Change","theme":"alisveris","lab":1},"geometry":{"type":"Point","coordinates":[-0.09562,51.51385]}},{"type":"Feature","properties":{"id":"ke-alisveris-51","kind":"poi","name":"The Harlequin","theme":"alisveris","lab":1},"geometry":{"type":"Point","coordinates":[-0.39357,51.65511]}},{"type":"Feature","properties":{"id":"ke-alisveris-52","kind":"poi","name":"East Street Market","theme":"alisveris","lab":1},"geometry":{"type":"Point","coordinates":[-0.09223,51.4886]}},{"type":"Feature","properties":{"id":"ke-alisveris-53","kind":"poi","name":"Glades Shopping Centre","theme":"alisveris","lab":1},"geometry":{"type":"Point","coordinates":[0.01647,51.4043]}},{"type":"Feature","properties":{"id":"ke-alisveris-54","kind":"poi","name":"O2 Centre","theme":"alisveris","lab":1},"geometry":{"type":"Point","coordinates":[-0.18145,51.54793]}},{"type":"Feature","properties":{"id":"ke-alisveris-55","kind":"poi","name":"Chrisp Street Market","theme":"alisveris","lab":1},"geometry":{"type":"Point","coordinates":[-0.01453,51.5125]}},{"type":"Feature","properties":{"id":"ke-alisveris-56","kind":"poi","name":"North End Road","theme":"alisveris","lab":1},"geometry":{"type":"Point","coordinates":[-0.20081,51.48329]}},{"type":"Feature","properties":{"id":"ke-alisveris-57","kind":"poi","name":"Jubilee Market Hall","theme":"alisveris","lab":1},"geometry":{"type":"Point","coordinates":[-0.12226,51.51147]}},{"type":"Feature","properties":{"id":"ke-alisveris-58","kind":"poi","name":"Romford Market","theme":"alisveris","lab":1},"geometry":{"type":"Point","coordinates":[0.18198,51.57931]}},{"type":"Feature","properties":{"id":"ke-alisveris-59","kind":"poi","name":"Romford Shopping Hall","theme":"alisveris","lab":1},"geometry":{"type":"Point","coordinates":[0.18218,51.57988]}},{"type":"Feature","properties":{"id":"ke-alisveris-60","kind":"poi","name":"The Liberty Shopping Centre","theme":"alisveris","lab":1},"geometry":{"type":"Point","coordinates":[0.18283,51.57818]}},{"type":"Feature","properties":{"id":"ke-alisveris-61","kind":"poi","name":"Leadenhall Market","theme":"alisveris","lab":1},"geometry":{"type":"Point","coordinates":[-0.08357,51.51273]}},{"type":"Feature","properties":{"id":"ke-alisveris-62","kind":"poi","name":"Harvey Nichols","theme":"alisveris","lab":1},"geometry":{"type":"Point","coordinates":[-0.15972,51.50162]}},{"type":"Feature","properties":{"id":"ke-alisveris-63","kind":"poi","name":"The Kensington Arcade","theme":"alisveris","lab":1},"geometry":{"type":"Point","coordinates":[-0.19261,51.50081]}},{"type":"Feature","properties":{"id":"ke-alisveris-64","kind":"poi","name":"Electric Avenue","theme":"alisveris","lab":1},"geometry":{"type":"Point","coordinates":[-0.11406,51.46238]}},{"type":"Feature","properties":{"id":"ke-alisveris-65","kind":"poi","name":"Centrale","theme":"alisveris","lab":1},"geometry":{"type":"Point","coordinates":[-0.10241,51.37541]}},{"type":"Feature","properties":{"id":"ke-alisveris-66","kind":"poi","name":"Whitgift Centre","theme":"alisveris","lab":1},"geometry":{"type":"Point","coordinates":[-0.10032,51.37626]}},{"type":"Feature","properties":{"id":"ke-alisveris-67","kind":"poi","name":"Exmouth Market","theme":"alisveris","lab":1},"geometry":{"type":"Point","coordinates":[-0.1092,51.52577]}},{"type":"Feature","properties":{"id":"ke-alisveris-68","kind":"poi","name":"Brent Cross Shopping Centre","theme":"alisveris","lab":1},"geometry":{"type":"Point","coordinates":[-0.22375,51.57644]}},{"type":"Feature","properties":{"id":"ke-alisveris-69","kind":"poi","name":"17 & Central","theme":"alisveris","lab":1},"geometry":{"type":"Point","coordinates":[-0.02373,51.58344]}},{"type":"Feature","properties":{"id":"ke-alisveris-70","kind":"poi","name":"The Brewery","theme":"alisveris","lab":1},"geometry":{"type":"Point","coordinates":[0.1803,51.57575]}},{"type":"Feature","properties":{"id":"ke-alisveris-71","kind":"poi","name":"Fortnum & Mason","theme":"alisveris","lab":1},"geometry":{"type":"Point","coordinates":[-0.13817,51.50824]}},{"type":"Feature","properties":{"id":"ke-alisveris-72","kind":"poi","name":"Surrey Quays Shopping Centre","theme":"alisveris","lab":1},"geometry":{"type":"Point","coordinates":[-0.04696,51.49562]}},{"type":"Feature","properties":{"id":"ke-alisveris-73","kind":"poi","name":"Chapel Market","theme":"alisveris","lab":1},"geometry":{"type":"Point","coordinates":[-0.10871,51.5335]}},{"type":"Feature","properties":{"id":"ke-alisveris-74","kind":"poi","name":"Liberty London","theme":"alisveris","lab":1},"geometry":{"type":"Point","coordinates":[-0.14008,51.51376]}},{"type":"Feature","properties":{"id":"ke-alisveris-75","kind":"poi","name":"The Royal Arcade","theme":"alisveris","lab":1},"geometry":{"type":"Point","coordinates":[-0.14147,51.50909]}},{"type":"Feature","properties":{"id":"ke-alisveris-76","kind":"poi","name":"Roomes","theme":"alisveris","lab":1},"geometry":{"type":"Point","coordinates":[0.24952,51.55798]}},{"type":"Feature","properties":{"id":"ke-alisveris-77","kind":"poi","name":"Columbia Road Flower Market","theme":"alisveris","lab":1},"geometry":{"type":"Point","coordinates":[-0.06943,51.52935]}},{"type":"Feature","properties":{"id":"ke-alisveris-78","kind":"poi","name":"Royal Exchange","theme":"alisveris","lab":1},"geometry":{"type":"Point","coordinates":[-0.0872,51.51366]}},{"type":"Feature","properties":{"id":"ke-alisveris-79","kind":"poi","name":"Alfie's Antiques Market","theme":"alisveris","lab":1},"geometry":{"type":"Point","coordinates":[-0.16883,51.52416]}},{"type":"Feature","properties":{"id":"ke-alisveris-80","kind":"poi","name":"Wentworth Street Market","theme":"alisveris","lab":1},"geometry":{"type":"Point","coordinates":[-0.07486,51.51662]}},{"type":"Feature","properties":{"id":"ke-alisveris-81","kind":"poi","name":"Piccadilly Market","theme":"alisveris","lab":1},"geometry":{"type":"Point","coordinates":[-0.13687,51.50878]}},{"type":"Feature","properties":{"id":"ke-alisveris-82","kind":"poi","name":"Coal Drops Yard","theme":"alisveris","lab":1},"geometry":{"type":"Point","coordinates":[-0.12648,51.5358]}},{"type":"Feature","properties":{"id":"ke-alisveris-83","kind":"poi","name":"Pantechnicon","theme":"alisveris","lab":1},"geometry":{"type":"Point","coordinates":[-0.15725,51.49918]}},{"type":"Feature","properties":{"id":"ke-alisveris-84","kind":"poi","name":"Brixton Market","theme":"alisveris","lab":1},"geometry":{"type":"Point","coordinates":[-0.113,51.46204]}},{"type":"Feature","properties":{"id":"ke-alisveris-85","kind":"poi","name":"Berwick Street Market","theme":"alisveris","lab":1},"geometry":{"type":"Point","coordinates":[-0.13461,51.51326]}},{"type":"Feature","properties":{"id":"ke-alisveris-86","kind":"poi","name":"The Blue Market","theme":"alisveris","lab":1},"geometry":{"type":"Point","coordinates":[-0.06362,51.49248]}},{"type":"Feature","properties":{"id":"ke-alisveris-87","kind":"poi","name":"Queen's Market","theme":"alisveris","lab":1},"geometry":{"type":"Point","coordinates":[0.03445,51.53457]}},{"type":"Feature","properties":{"id":"ke-alisveris-88","kind":"poi","name":"Broadway Shopping Centre","theme":"alisveris","lab":1},"geometry":{"type":"Point","coordinates":[0.14601,51.4558]}},{"type":"Feature","properties":{"id":"ke-alisveris-89","kind":"poi","name":"M&S Foodhall","theme":"alisveris","lab":1},"geometry":{"type":"Point","coordinates":[-0.14204,51.53781]}},{"type":"Feature","properties":{"id":"ke-alisveris-90","kind":"poi","name":"Marks & Spencer","theme":"alisveris","lab":1},"geometry":{"type":"Point","coordinates":[-0.30399,51.51308]}},{"type":"Feature","properties":{"id":"ke-alisveris-91","kind":"poi","name":"Co-op Food","theme":"alisveris","lab":1},"geometry":{"type":"Point","coordinates":[-0.16108,51.3652]}},{"type":"Feature","properties":{"id":"ke-alisveris-92","kind":"poi","name":"TK Maxx","theme":"alisveris","lab":1},"geometry":{"type":"Point","coordinates":[-0.33217,51.46018]}},{"type":"Feature","properties":{"id":"ke-alisveris-93","kind":"poi","name":"Sainsbury's New Barnet","theme":"alisveris","lab":1},"geometry":{"type":"Point","coordinates":[-0.17144,51.64957]}},{"type":"Feature","properties":{"id":"ke-alisveris-94","kind":"poi","name":"Lidl","theme":"alisveris","lab":1},"geometry":{"type":"Point","coordinates":[-0.04804,51.42528]}},{"type":"Feature","properties":{"id":"ke-alisveris-95","kind":"poi","name":"Drinks, Food And Wine","theme":"alisveris","lab":1},"geometry":{"type":"Point","coordinates":[-0.28719,51.51018]}},{"type":"Feature","properties":{"id":"ke-alisveris-96","kind":"poi","name":"Tesco Express","theme":"alisveris","lab":1},"geometry":{"type":"Point","coordinates":[-0.07065,51.38704]}},{"type":"Feature","properties":{"id":"ke-alisveris-97","kind":"poi","name":"Planet Organic","theme":"alisveris","lab":1},"geometry":{"type":"Point","coordinates":[-0.09948,51.53787]}},{"type":"Feature","properties":{"id":"ke-alisveris-98","kind":"poi","name":"Budgens","theme":"alisveris","lab":1},"geometry":{"type":"Point","coordinates":[-0.10346,51.54359]}},{"type":"Feature","properties":{"id":"ke-alisveris-99","kind":"poi","name":"Costcutter","theme":"alisveris","lab":1},"geometry":{"type":"Point","coordinates":[-0.09761,51.40472]}},{"type":"Feature","properties":{"id":"ke-alisveris-100","kind":"poi","name":"Asda","theme":"alisveris","lab":1},"geometry":{"type":"Point","coordinates":[0.13017,51.45825]}},{"type":"Feature","properties":{"id":"ke-alisveris-101","kind":"poi","name":"Little Waitrose","theme":"alisveris","lab":1},"geometry":{"type":"Point","coordinates":[-0.1926,51.55156]}},{"type":"Feature","properties":{"id":"ke-alisveris-102","kind":"poi","name":"The Co-operative Food","theme":"alisveris","lab":1},"geometry":{"type":"Point","coordinates":[0.03416,51.39327]}},{"type":"Feature","properties":{"id":"ke-alisveris-103","kind":"poi","name":"Aldi","theme":"alisveris","lab":1},"geometry":{"type":"Point","coordinates":[0.21896,51.44539]}},{"type":"Feature","properties":{"id":"ke-alisveris-104","kind":"poi","name":"M&S Simply Food","theme":"alisveris","lab":1},"geometry":{"type":"Point","coordinates":[0.24981,51.55833]}},{"type":"Feature","properties":{"id":"ke-alisveris-105","kind":"poi","name":"Spar","theme":"alisveris","lab":1},"geometry":{"type":"Point","coordinates":[-0.11379,51.4994]}},{"type":"Feature","properties":{"id":"ke-alisveris-106","kind":"poi","name":"M&S Food","theme":"alisveris","lab":1},"geometry":{"type":"Point","coordinates":[-0.1267,51.53265]}},{"type":"Feature","properties":{"id":"ke-alisveris-107","kind":"poi","name":"Iceland","theme":"alisveris","lab":1},"geometry":{"type":"Point","coordinates":[-0.35518,51.56359]}},{"type":"Feature","properties":{"id":"ke-alisveris-108","kind":"poi","name":"Amazon Fresh","theme":"alisveris","lab":1},"geometry":{"type":"Point","coordinates":[-0.08488,51.51252]}},{"type":"Feature","properties":{"id":"ke-alisveris-109","kind":"poi","name":"Pimlico Road Farmers' Market","theme":"alisveris","lab":1},"geometry":{"type":"Point","coordinates":[-0.15278,51.49077]}},{"type":"Feature","properties":{"id":"ke-alisveris-110","kind":"poi","name":"Walthamstow Farmers' Market","theme":"alisveris","lab":1},"geometry":{"type":"Point","coordinates":[-0.02181,51.58439]}},{"type":"Feature","properties":{"id":"ke-alisveris-111","kind":"poi","name":"The Source Bulk Foods","theme":"alisveris","lab":1},"geometry":{"type":"Point","coordinates":[-0.12408,51.57855]}},{"type":"Feature","properties":{"id":"ke-alisveris-112","kind":"poi","name":"Waitrose & Partners","theme":"alisveris","lab":1},"geometry":{"type":"Point","coordinates":[-0.32896,51.44848]}},{"type":"Feature","properties":{"id":"ke-alisveris-113","kind":"poi","name":"Asda Living","theme":"alisveris","lab":1},"geometry":{"type":"Point","coordinates":[-0.06107,51.58716]}},{"type":"Feature","properties":{"id":"ke-alisveris-114","kind":"poi","name":"House of Fraser","theme":"alisveris","lab":1},"geometry":{"type":"Point","coordinates":[-0.10306,51.37587]}},{"type":"Feature","properties":{"id":"ke-alisveris-115","kind":"poi","name":"Crystal Palace Food Market","theme":"alisveris","lab":1},"geometry":{"type":"Point","coordinates":[-0.08357,51.4182]}},{"type":"Feature","properties":{"id":"ke-alisveris-116","kind":"poi","name":"Longdan","theme":"alisveris","lab":1},"geometry":{"type":"Point","coordinates":[-0.09803,51.49148]}},{"type":"Feature","properties":{"id":"ke-alisveris-117","kind":"poi","name":"Londis","theme":"alisveris","lab":1},"geometry":{"type":"Point","coordinates":[-0.16762,51.42756]}},{"type":"Feature","properties":{"id":"ke-alisveris-118","kind":"poi","name":"M&S Outlet","theme":"alisveris","lab":1},"geometry":{"type":"Point","coordinates":[-0.28485,51.55704]}},{"type":"Feature","properties":{"id":"ke-alisveris-119","kind":"poi","name":"Morrisons","theme":"alisveris","lab":1},"geometry":{"type":"Point","coordinates":[-0.1105,51.61759]}},{"type":"Feature","properties":{"id":"ke-alisveris-120","kind":"poi","name":"Westfield","theme":"alisveris","lab":1},"geometry":{"type":"Point","coordinates":[-0.21991,51.50751]}},{"type":"Feature","properties":{"id":"ke-alisveris-121","kind":"poi","name":"E1 Local","theme":"alisveris","lab":1},"geometry":{"type":"Point","coordinates":[-0.06759,51.51477]}},{"type":"Feature","properties":{"id":"ke-alisveris-122","kind":"poi","name":"Mega Saver","theme":"alisveris","lab":1},"geometry":{"type":"Point","coordinates":[-0.05129,51.41364]}},{"type":"Feature","properties":{"id":"ke-alisveris-123","kind":"poi","name":"Nisa Extra","theme":"alisveris","lab":1},"geometry":{"type":"Point","coordinates":[0.1064,51.60827]}},{"type":"Feature","properties":{"id":"ke-alisveris-124","kind":"poi","name":"Sainsbury's Local","theme":"alisveris","lab":1},"geometry":{"type":"Point","coordinates":[-0.25076,51.59538]}},{"type":"Feature","properties":{"id":"ke-alisveris-125","kind":"poi","name":"Next Home","theme":"alisveris","lab":1},"geometry":{"type":"Point","coordinates":[-0.11955,51.37353]}},{"type":"Feature","properties":{"id":"ke-alisveris-126","kind":"poi","name":"Jumbo","theme":"alisveris","lab":1},"geometry":{"type":"Point","coordinates":[-0.12431,51.50785]}},{"type":"Feature","properties":{"id":"ke-alisveris-127","kind":"poi","name":"Soho Vegan Market","theme":"alisveris","lab":1},"geometry":{"type":"Point","coordinates":[-0.13348,51.51201]}},{"type":"Feature","properties":{"id":"ke-alisveris-128","kind":"poi","name":"Ockendon Food & Wine","theme":"alisveris","lab":1},"geometry":{"type":"Point","coordinates":[0.29599,51.52255]}},{"type":"Feature","properties":{"id":"ke-alisveris-129","kind":"poi","name":"The Food Warehouse","theme":"alisveris","lab":1},"geometry":{"type":"Point","coordinates":[-0.06174,51.58653]}},{"type":"Feature","properties":{"id":"ke-alisveris-130","kind":"poi","name":"Market Basket","theme":"alisveris","lab":1},"geometry":{"type":"Point","coordinates":[-0.09838,51.58747]}},{"type":"Feature","properties":{"id":"ke-alisveris-131","kind":"poi","name":"Fenwick","theme":"alisveris","lab":1},"geometry":{"type":"Point","coordinates":[-0.22224,51.57682]}},{"type":"Feature","properties":{"id":"ke-alisveris-132","kind":"poi","name":"View Tube Market","theme":"alisveris","lab":1},"geometry":{"type":"Point","coordinates":[-0.01356,51.53548]}},{"type":"Feature","properties":{"id":"ke-alisveris-133","kind":"poi","name":"Tesco Extra","theme":"alisveris","lab":1},"geometry":{"type":"Point","coordinates":[0.06627,51.48927]}},{"type":"Feature","properties":{"id":"ke-alisveris-134","kind":"poi","name":"Eataly","theme":"alisveris","lab":1},"geometry":{"type":"Point","coordinates":[-0.08016,51.51865]}},{"type":"Feature","properties":{"id":"ke-alisveris-135","kind":"poi","name":"Royal Wharf Market","theme":"alisveris","lab":1},"geometry":{"type":"Point","coordinates":[0.02884,51.50052]}},{"type":"Feature","properties":{"id":"ke-alisveris-136","kind":"poi","name":"Growing Communities Farmers' Market","theme":"alisveris","lab":1},"geometry":{"type":"Point","coordinates":[-0.07428,51.55703]}},{"type":"Feature","properties":{"id":"ke-alisveris-137","kind":"poi","name":"Canopy Market","theme":"alisveris","lab":1},"geometry":{"type":"Point","coordinates":[-0.12382,51.53605]}},{"type":"Feature","properties":{"id":"ke-alisveris-138","kind":"poi","name":"The Co-op","theme":"alisveris","lab":1},"geometry":{"type":"Point","coordinates":[-0.13272,51.58728]}},{"type":"Feature","properties":{"id":"ke-alisveris-139","kind":"poi","name":"Costcutter Express","theme":"alisveris","lab":1},"geometry":{"type":"Point","coordinates":[-0.0172,51.43308]}},{"type":"Feature","properties":{"id":"ke-alisveris-140","kind":"poi","name":"Myddleton Road Market","theme":"alisveris","lab":1},"geometry":{"type":"Point","coordinates":[-0.11703,51.60641]}},{"type":"Feature","properties":{"id":"ke-alisveris-141","kind":"poi","name":"M&S","theme":"alisveris","lab":1},"geometry":{"type":"Point","coordinates":[-0.1758,51.63477]}},{"type":"Feature","properties":{"id":"ke-alisveris-142","kind":"poi","name":"Tesco Lea Valley Extra","theme":"alisveris","lab":1},"geometry":{"type":"Point","coordinates":[-0.0484,51.60999]}},{"type":"Feature","properties":{"id":"ke-alisveris-143","kind":"poi","name":"Tesco Superstore Finchley","theme":"alisveris","lab":1},"geometry":{"type":"Point","coordinates":[-0.19207,51.60314]}},{"type":"Feature","properties":{"id":"ke-alisveris-144","kind":"poi","name":"H Mart","theme":"alisveris","lab":1},"geometry":{"type":"Point","coordinates":[-0.26777,51.40232]}},{"type":"Feature","properties":{"id":"ke-alisveris-145","kind":"poi","name":"Tachbrook Street Market","theme":"alisveris","lab":1},"geometry":{"type":"Point","coordinates":[-0.13866,51.49223]}},{"type":"Feature","properties":{"id":"ke-alisveris-146","kind":"poi","name":"Oval Farmers' Market","theme":"alisveris","lab":1},"geometry":{"type":"Point","coordinates":[-0.11215,51.48146]}},{"type":"Feature","properties":{"id":"ke-alisveris-147","kind":"poi","name":"Smithfield Market","theme":"alisveris","lab":1},"geometry":{"type":"Point","coordinates":[-0.10133,51.51934]}},{"type":"Feature","properties":{"id":"ke-alisveris-148","kind":"poi","name":"May Lane's Co-op","theme":"alisveris","lab":1},"geometry":{"type":"Point","coordinates":[-0.20331,51.6457]}},{"type":"Feature","properties":{"id":"ke-alisveris-149","kind":"poi","name":"BrightHouse","theme":"alisveris","lab":1},"geometry":{"type":"Point","coordinates":[-0.10258,51.37751]}},{"type":"Feature","properties":{"id":"ke-alisveris-150","kind":"poi","name":"Watling Market (disused)","theme":"alisveris","lab":1},"geometry":{"type":"Point","coordinates":[-0.26467,51.60268]}},{"type":"Feature","properties":{"id":"ke-alisveris-151","kind":"poi","name":"Morrisons Daily","theme":"alisveris","lab":1},"geometry":{"type":"Point","coordinates":[-0.00746,51.44528]}},{"type":"Feature","properties":{"id":"ke-alisveris-152","kind":"poi","name":"Muji","theme":"alisveris","lab":1},"geometry":{"type":"Point","coordinates":[-0.13902,51.51323]}},{"type":"Feature","properties":{"id":"ke-alisveris-153","kind":"poi","name":"Next","theme":"alisveris","lab":1},"geometry":{"type":"Point","coordinates":[-0.05898,51.65453]}},{"type":"Feature","properties":{"id":"ke-alisveris-154","kind":"poi","name":"Netil Market","theme":"alisveris","lab":1},"geometry":{"type":"Point","coordinates":[-0.05864,51.53757]}},{"type":"Feature","properties":{"id":"ke-alisveris-155","kind":"poi","name":"Nisa Local","theme":"alisveris","lab":1},"geometry":{"type":"Point","coordinates":[-0.47371,51.33926]}},{"type":"Feature","properties":{"id":"ke-alisveris-156","kind":"poi","name":"MK Stores","theme":"alisveris","lab":1},"geometry":{"type":"Point","coordinates":[0.00589,51.55216]}},{"type":"Feature","properties":{"id":"ke-alisveris-157","kind":"poi","name":"Stratford Mall","theme":"alisveris","lab":1},"geometry":{"type":"Point","coordinates":[0.00037,51.54212]}},{"type":"Feature","properties":{"id":"ke-alisveris-158","kind":"poi","name":"Jay's Budgens","theme":"alisveris","lab":1},"geometry":{"type":"Point","coordinates":[-0.03831,51.45363]}},{"type":"Feature","properties":{"id":"ke-alisveris-159","kind":"poi","name":"Copperfields Centre","theme":"alisveris","lab":1},"geometry":{"type":"Point","coordinates":[0.21606,51.44495]}},{"type":"Feature","properties":{"id":"ke-alisveris-160","kind":"poi","name":"BOXPARK Camden","theme":"alisveris","lab":1},"geometry":{"type":"Point","coordinates":[-0.14306,51.54006]}},{"type":"Feature","properties":{"id":"ke-alisveris-161","kind":"poi","name":"Swiss Cottage Farmers’ Market","theme":"alisveris","lab":1},"geometry":{"type":"Point","coordinates":[-0.17414,51.54392]}},{"type":"Feature","properties":{"id":"ke-alisveris-162","kind":"poi","name":"Co-op Food - Convenience Store","theme":"alisveris","lab":1},"geometry":{"type":"Point","coordinates":[-0.43545,51.65019]}},{"type":"Feature","properties":{"id":"ke-alisveris-163","kind":"poi","name":"Kelland Road Market","theme":"alisveris","lab":1},"geometry":{"type":"Point","coordinates":[0.02206,51.5224]}},{"type":"Feature","properties":{"id":"ke-alisveris-164","kind":"poi","name":"High Street Kensington Farmers' Market","theme":"alisveris","lab":1},"geometry":{"type":"Point","coordinates":[-0.19422,51.50124]}},{"type":"Feature","properties":{"id":"ke-alisveris-165","kind":"poi","name":"Best Foods Hounslow","theme":"alisveris","lab":1},"geometry":{"type":"Point","coordinates":[-0.38913,51.4735]}},{"type":"Feature","properties":{"id":"ke-alisveris-166","kind":"poi","name":"Mercato Metropolitano Ilford","theme":"alisveris","lab":1},"geometry":{"type":"Point","coordinates":[0.07393,51.55811]}},{"type":"Feature","properties":{"id":"ke-alisveris-167","kind":"poi","name":"Douglas Way Market","theme":"alisveris","lab":1},"geometry":{"type":"Point","coordinates":[-0.02711,51.47772]}},{"type":"Feature","properties":{"id":"ke-alisveris-168","kind":"poi","name":"Chatsworth Road Market","theme":"alisveris","lab":1},"geometry":{"type":"Point","coordinates":[-0.04466,51.55324]}},{"type":"Feature","properties":{"id":"ke-alisveris-169","kind":"poi","name":"The Great Barn","theme":"alisveris","lab":1},"geometry":{"type":"Point","coordinates":[-0.42867,51.57815]}},{"type":"Feature","properties":{"id":"ke-alisveris-170","kind":"poi","name":"Woolwich Market","theme":"alisveris","lab":1},"geometry":{"type":"Point","coordinates":[0.06897,51.49111]}},{"type":"Feature","properties":{"id":"ke-alisveris-171","kind":"poi","name":"Queen's Park Farmers' Market","theme":"alisveris","lab":1},"geometry":{"type":"Point","coordinates":[-0.20583,51.53671]}},{"type":"Feature","properties":{"id":"ke-alisveris-172","kind":"poi","name":"Wimbledon Farmers' Market","theme":"alisveris","lab":1},"geometry":{"type":"Point","coordinates":[-0.19562,51.4384]}},{"type":"Feature","properties":{"id":"ke-alisveris-173","kind":"poi","name":"Ealing Farmers' Market","theme":"alisveris","lab":1},"geometry":{"type":"Point","coordinates":[-0.32342,51.50986]}},{"type":"Feature","properties":{"id":"ke-alisveris-174","kind":"poi","name":"Twickenham Farmers' Market","theme":"alisveris","lab":1},"geometry":{"type":"Point","coordinates":[-0.33114,51.44635]}},{"type":"Feature","properties":{"id":"ke-alisveris-175","kind":"poi","name":"Parliament Hill Farmers' Market","theme":"alisveris","lab":1},"geometry":{"type":"Point","coordinates":[-0.15089,51.55919]}},{"type":"Feature","properties":{"id":"ke-alisveris-176","kind":"poi","name":"Broadgate Farmers' Market","theme":"alisveris","lab":1},"geometry":{"type":"Point","coordinates":[-0.08451,51.51942]}},{"type":"Feature","properties":{"id":"ke-alisveris-177","kind":"poi","name":"Marylebone Farmers' Market","theme":"alisveris","lab":1},"geometry":{"type":"Point","coordinates":[-0.153,51.51931]}},{"type":"Feature","properties":{"id":"ke-alisveris-178","kind":"poi","name":"Notting Hill Farmers' Market","theme":"alisveris","lab":1},"geometry":{"type":"Point","coordinates":[-0.19563,51.50849]}},{"type":"Feature","properties":{"id":"ke-alisveris-179","kind":"poi","name":"Apple Market","theme":"alisveris","lab":1},"geometry":{"type":"Point","coordinates":[-0.12307,51.51199]}},{"type":"Feature","properties":{"id":"ke-otel-0","kind":"poi","name":"The Ritz London","theme":"otel","lab":1},"geometry":{"type":"Point","coordinates":[-0.14157,51.50707]}},{"type":"Feature","properties":{"id":"ke-otel-1","kind":"poi","name":"The Dorchester","theme":"otel","lab":1},"geometry":{"type":"Point","coordinates":[-0.15247,51.50739]}},{"type":"Feature","properties":{"id":"ke-otel-2","kind":"poi","name":"Hyatt Regency London Olympia","theme":"otel","lab":1},"geometry":{"type":"Point","coordinates":[-0.21107,51.49749]}},{"type":"Feature","properties":{"id":"ke-otel-3","kind":"poi","name":"Hyatt Regency London Blackfriars","theme":"otel","lab":1},"geometry":{"type":"Point","coordinates":[-0.10464,51.51226]}},{"type":"Feature","properties":{"id":"ke-otel-4","kind":"poi","name":"Andaz Liverpool Street","theme":"otel","lab":1},"geometry":{"type":"Point","coordinates":[-0.08158,51.51737]}},{"type":"Feature","properties":{"id":"ke-otel-5","kind":"poi","name":"The Biltmore Mayfair, LXR Hotels & Resorts","theme":"otel","lab":1},"geometry":{"type":"Point","coordinates":[-0.151,51.51057]}},{"type":"Feature","properties":{"id":"ke-otel-6","kind":"poi","name":"Great Scotland Yard Hotel","theme":"otel","lab":1},"geometry":{"type":"Point","coordinates":[-0.12634,51.50638]}},{"type":"Feature","properties":{"id":"ke-otel-7","kind":"poi","name":"Kimpton Fitzroy London Hotel","theme":"otel","lab":1},"geometry":{"type":"Point","coordinates":[-0.12503,51.52267]}},{"type":"Feature","properties":{"id":"ke-otel-8","kind":"poi","name":"Mandarin Oriental Hyde Park","theme":"otel","lab":1},"geometry":{"type":"Point","coordinates":[-0.16002,51.50222]}},{"type":"Feature","properties":{"id":"ke-otel-9","kind":"poi","name":"Hyatt Regency London Stratford","theme":"otel","lab":1},"geometry":{"type":"Point","coordinates":[-0.00697,51.54245]}},{"type":"Feature","properties":{"id":"ke-otel-10","kind":"poi","name":"The Trafalgar St. James London, Curio Collection by Hilton","theme":"otel","lab":1},"geometry":{"type":"Point","coordinates":[-0.12951,51.50734]}},{"type":"Feature","properties":{"id":"ke-otel-11","kind":"poi","name":"The Athenaeum Hotel","theme":"otel","lab":1},"geometry":{"type":"Point","coordinates":[-0.14757,51.50475]}},{"type":"Feature","properties":{"id":"ke-otel-12","kind":"poi","name":"Sheraton Grand London Park Lane Hote","theme":"otel","lab":1},"geometry":{"type":"Point","coordinates":[-0.14735,51.50498]}},{"type":"Feature","properties":{"id":"ke-otel-13","kind":"poi","name":"Four Seasons Hotel, Park Lane","theme":"otel","lab":1},"geometry":{"type":"Point","coordinates":[-0.14977,51.50443]}},{"type":"Feature","properties":{"id":"ke-otel-14","kind":"poi","name":"Conrad London St. James","theme":"otel","lab":1},"geometry":{"type":"Point","coordinates":[-0.13253,51.49933]}},{"type":"Feature","properties":{"id":"ke-otel-15","kind":"poi","name":"100 Queen's Gate Hotel London Kensington, Curio Collection by Hilton","theme":"otel","lab":1},"geometry":{"type":"Point","coordinates":[-0.17888,51.49239]}},{"type":"Feature","properties":{"id":"ke-otel-16","kind":"poi","name":"Sanderson Hotel","theme":"otel","lab":1},"geometry":{"type":"Point","coordinates":[-0.13732,51.51749]}},{"type":"Feature","properties":{"id":"ke-otel-17","kind":"poi","name":"The Pelham London","theme":"otel","lab":1},"geometry":{"type":"Point","coordinates":[-0.17512,51.49445]}},{"type":"Feature","properties":{"id":"ke-otel-18","kind":"poi","name":"Knightsbridge Hotel","theme":"otel","lab":1},"geometry":{"type":"Point","coordinates":[-0.16417,51.49819]}},{"type":"Feature","properties":{"id":"ke-otel-19","kind":"poi","name":"The Franklin London","theme":"otel","lab":1},"geometry":{"type":"Point","coordinates":[-0.16865,51.49605]}},{"type":"Feature","properties":{"id":"ke-otel-20","kind":"poi","name":"Number Sixteen","theme":"otel","lab":1},"geometry":{"type":"Point","coordinates":[-0.17547,51.49313]}},{"type":"Feature","properties":{"id":"ke-otel-21","kind":"poi","name":"Park Hyatt London River Thames","theme":"otel","lab":1},"geometry":{"type":"Point","coordinates":[-0.12788,51.48424]}},{"type":"Feature","properties":{"id":"ke-otel-22","kind":"poi","name":"Hyatt Regency London Albert Embankment","theme":"otel","lab":1},"geometry":{"type":"Point","coordinates":[-0.1214,51.49183]}},{"type":"Feature","properties":{"id":"ke-otel-23","kind":"poi","name":"DoubleTree by Hilton Hotel London - Marble Arch","theme":"otel","lab":1},"geometry":{"type":"Point","coordinates":[-0.15664,51.51457]}},{"type":"Feature","properties":{"id":"ke-otel-24","kind":"poi","name":"DoubleTree by Hilton London Angel Kings Cross","theme":"otel","lab":1},"geometry":{"type":"Point","coordinates":[-0.10947,51.53211]}},{"type":"Feature","properties":{"id":"ke-otel-25","kind":"poi","name":"DoubleTree by Hilton Hotel London - West End","theme":"otel","lab":1},"geometry":{"type":"Point","coordinates":[-0.12213,51.52011]}},{"type":"Feature","properties":{"id":"ke-otel-26","kind":"poi","name":"Hyatt House London Stratford","theme":"otel","lab":1},"geometry":{"type":"Point","coordinates":[-0.00729,51.54259]}},{"type":"Feature","properties":{"id":"ke-otel-27","kind":"poi","name":"Hilton London Kensington","theme":"otel","lab":1},"geometry":{"type":"Point","coordinates":[-0.21414,51.50477]}},{"type":"Feature","properties":{"id":"ke-otel-28","kind":"poi","name":"Hilton London Tower Bridge","theme":"otel","lab":1},"geometry":{"type":"Point","coordinates":[-0.08222,51.50473]}},{"type":"Feature","properties":{"id":"ke-otel-29","kind":"poi","name":"Hilton London Euston","theme":"otel","lab":1},"geometry":{"type":"Point","coordinates":[-0.13035,51.52652]}},{"type":"Feature","properties":{"id":"ke-otel-30","kind":"poi","name":"H10 London Waterloo","theme":"otel","lab":1},"geometry":{"type":"Point","coordinates":[-0.10633,51.4989]}},{"type":"Feature","properties":{"id":"ke-otel-31","kind":"poi","name":"Hilton London Hyde Park","theme":"otel","lab":1},"geometry":{"type":"Point","coordinates":[-0.18752,51.51047]}},{"type":"Feature","properties":{"id":"ke-otel-32","kind":"poi","name":"Hotel Riu Plaza London The Westminster","theme":"otel","lab":1},"geometry":{"type":"Point","coordinates":[-0.12668,51.49326]}},{"type":"Feature","properties":{"id":"ke-otel-33","kind":"poi","name":"Hyatt Place London Heathrow Airport","theme":"otel","lab":1},"geometry":{"type":"Point","coordinates":[-0.46824,51.48189]}},{"type":"Feature","properties":{"id":"ke-otel-34","kind":"poi","name":"DoubleTree by Hilton Hotel London ExCeL","theme":"otel","lab":1},"geometry":{"type":"Point","coordinates":[0.0384,51.50758]}},{"type":"Feature","properties":{"id":"ke-otel-35","kind":"poi","name":"Hilton London Croydon","theme":"otel","lab":1},"geometry":{"type":"Point","coordinates":[-0.11554,51.35759]}},{"type":"Feature","properties":{"id":"ke-otel-36","kind":"poi","name":"Holiday Inn London - West","theme":"otel","lab":1},"geometry":{"type":"Point","coordinates":[-0.26275,51.52096]}},{"type":"Feature","properties":{"id":"ke-otel-37","kind":"poi","name":"Hilton London Olympia","theme":"otel","lab":1},"geometry":{"type":"Point","coordinates":[-0.20674,51.49672]}},{"type":"Feature","properties":{"id":"ke-otel-38","kind":"poi","name":"Holmes Hotel London","theme":"otel","lab":1},"geometry":{"type":"Point","coordinates":[-0.15644,51.52103]}},{"type":"Feature","properties":{"id":"ke-otel-39","kind":"poi","name":"DoubleTree by Hilton Hotel London - Hyde Park","theme":"otel","lab":1},"geometry":{"type":"Point","coordinates":[-0.19062,51.51046]}},{"type":"Feature","properties":{"id":"ke-otel-40","kind":"poi","name":"Hart Shoreditch Hotel London, Curio Collection by Hilton","theme":"otel","lab":1},"geometry":{"type":"Point","coordinates":[-0.0817,51.5249]}},{"type":"Feature","properties":{"id":"ke-otel-41","kind":"poi","name":"Hilton Garden Inn London Heathrow Airport","theme":"otel","lab":1},"geometry":{"type":"Point","coordinates":[-0.41894,51.46837]}},{"type":"Feature","properties":{"id":"ke-otel-42","kind":"poi","name":"Hyatt Place London City East","theme":"otel","lab":1},"geometry":{"type":"Point","coordinates":[-0.0685,51.51696]}},{"type":"Feature","properties":{"id":"ke-otel-43","kind":"poi","name":"Hilton London Watford","theme":"otel","lab":1},"geometry":{"type":"Point","coordinates":[-0.36023,51.66526]}},{"type":"Feature","properties":{"id":"ke-otel-44","kind":"poi","name":"Hotel Riu Plaza London Victoria","theme":"otel","lab":1},"geometry":{"type":"Point","coordinates":[-0.14199,51.4947]}},{"type":"Feature","properties":{"id":"ke-otel-45","kind":"poi","name":"Hilton London Canary Wharf","theme":"otel","lab":1},"geometry":{"type":"Point","coordinates":[-0.01945,51.50105]}},{"type":"Feature","properties":{"id":"ke-otel-46","kind":"poi","name":"DoubleTree by Hilton London Greenwich","theme":"otel","lab":1},"geometry":{"type":"Point","coordinates":[-0.01956,51.4745]}},{"type":"Feature","properties":{"id":"ke-otel-47","kind":"poi","name":"Mercure London Hyde Park","theme":"otel","lab":1},"geometry":{"type":"Point","coordinates":[-0.17438,51.5151]}},{"type":"Feature","properties":{"id":"ke-otel-48","kind":"poi","name":"Radisson Edwardian Grafton Hotel","theme":"otel","lab":1},"geometry":{"type":"Point","coordinates":[-0.13797,51.52403]}},{"type":"Feature","properties":{"id":"ke-otel-49","kind":"poi","name":"Hilton London Heathrow Airport Terminal 5","theme":"otel","lab":1},"geometry":{"type":"Point","coordinates":[-0.51742,51.47787]}},{"type":"Feature","properties":{"id":"ke-otel-50","kind":"poi","name":"DoubleTree by Hilton Hotel London - Victoria","theme":"otel","lab":1},"geometry":{"type":"Point","coordinates":[-0.14334,51.49389]}},{"type":"Feature","properties":{"id":"ke-otel-51","kind":"poi","name":"St. Ermin's Hotel","theme":"otel","lab":1},"geometry":{"type":"Point","coordinates":[-0.13408,51.49899]}},{"type":"Feature","properties":{"id":"ke-otel-52","kind":"poi","name":"DoubleTree by Hilton Hotel London Heathrow Airport","theme":"otel","lab":1},"geometry":{"type":"Point","coordinates":[-0.41123,51.48016]}},{"type":"Feature","properties":{"id":"ke-otel-53","kind":"poi","name":"Holiday Inn London - Whitechapel","theme":"otel","lab":1},"geometry":{"type":"Point","coordinates":[-0.05734,51.51489]}},{"type":"Feature","properties":{"id":"ke-otel-54","kind":"poi","name":"The Waldorf Hilton, London","theme":"otel","lab":1},"geometry":{"type":"Point","coordinates":[-0.11908,51.51276]}},{"type":"Feature","properties":{"id":"ke-otel-55","kind":"poi","name":"Lincoln Plaza London, Curio Collection by Hilton","theme":"otel","lab":1},"geometry":{"type":"Point","coordinates":[-0.01939,51.49842]}},{"type":"Feature","properties":{"id":"ke-otel-56","kind":"poi","name":"Hilton London Paddington","theme":"otel","lab":1},"geometry":{"type":"Point","coordinates":[-0.17595,51.5158]}},{"type":"Feature","properties":{"id":"ke-otel-57","kind":"poi","name":"Hyatt Place London Paddington","theme":"otel","lab":1},"geometry":{"type":"Point","coordinates":[-0.17247,51.51602]}},{"type":"Feature","properties":{"id":"ke-otel-58","kind":"poi","name":"Melia London Kensington","theme":"otel","lab":1},"geometry":{"type":"Point","coordinates":[-0.18273,51.4956]}},{"type":"Feature","properties":{"id":"ke-otel-59","kind":"poi","name":"a&o London Docklands Riverside","theme":"otel","lab":1},"geometry":{"type":"Point","coordinates":[-0.03317,51.50465]}},{"type":"Feature","properties":{"id":"ke-otel-60","kind":"poi","name":"The Bailey’s Hotel","theme":"otel","lab":1},"geometry":{"type":"Point","coordinates":[-0.18268,51.49372]}},{"type":"Feature","properties":{"id":"ke-otel-61","kind":"poi","name":"The Academy","theme":"otel","lab":1},"geometry":{"type":"Point","coordinates":[-0.13081,51.52054]}},{"type":"Feature","properties":{"id":"ke-otel-62","kind":"poi","name":"DoubleTree by Hilton Kingston Upon Thames","theme":"otel","lab":1},"geometry":{"type":"Point","coordinates":[-0.3057,51.41367]}},{"type":"Feature","properties":{"id":"ke-otel-63","kind":"poi","name":"Hilton Garden Inn London Heathrow Terminals 2 and 3","theme":"otel","lab":1},"geometry":{"type":"Point","coordinates":[-0.45355,51.46983]}},{"type":"Feature","properties":{"id":"ke-otel-64","kind":"poi","name":"Hampton by Hilton London Waterloo","theme":"otel","lab":1},"geometry":{"type":"Point","coordinates":[-0.10802,51.50087]}},{"type":"Feature","properties":{"id":"ke-otel-65","kind":"poi","name":"OYO Sino Hotel","theme":"otel","lab":1},"geometry":{"type":"Point","coordinates":[-0.22189,51.49863]}},{"type":"Feature","properties":{"id":"ke-otel-66","kind":"poi","name":"Sanctum Soho Hotel","theme":"otel","lab":1},"geometry":{"type":"Point","coordinates":[-0.13833,51.51156]}},{"type":"Feature","properties":{"id":"ke-otel-67","kind":"poi","name":"May Fair Hotel","theme":"otel","lab":1},"geometry":{"type":"Point","coordinates":[-0.14406,51.5083]}},{"type":"Feature","properties":{"id":"ke-otel-68","kind":"poi","name":"The Berkeley","theme":"otel","lab":1},"geometry":{"type":"Point","coordinates":[-0.15579,51.50198]}},{"type":"Feature","properties":{"id":"ke-otel-69","kind":"poi","name":"The Bentley Hotel London","theme":"otel","lab":1},"geometry":{"type":"Point","coordinates":[-0.1842,51.49283]}},{"type":"Feature","properties":{"id":"ke-otel-70","kind":"poi","name":"Sydney House Chelsea","theme":"otel","lab":1},"geometry":{"type":"Point","coordinates":[-0.17203,51.49125]}},{"type":"Feature","properties":{"id":"ke-otel-71","kind":"poi","name":"Milestone Hotel","theme":"otel","lab":1},"geometry":{"type":"Point","coordinates":[-0.18668,51.50194]}},{"type":"Feature","properties":{"id":"ke-otel-72","kind":"poi","name":"Royal Garden Hotel","theme":"otel","lab":1},"geometry":{"type":"Point","coordinates":[-0.18823,51.50274]}},{"type":"Feature","properties":{"id":"ke-otel-73","kind":"poi","name":"The Ned","theme":"otel","lab":1},"geometry":{"type":"Point","coordinates":[-0.09008,51.51372]}},{"type":"Feature","properties":{"id":"ke-otel-74","kind":"poi","name":"Canary Riverside Plaza Hotel","theme":"otel","lab":1},"geometry":{"type":"Point","coordinates":[-0.02805,51.50669]}},{"type":"Feature","properties":{"id":"ke-otel-75","kind":"poi","name":"Courthouse Hotel","theme":"otel","lab":1},"geometry":{"type":"Point","coordinates":[-0.13956,51.51459]}},{"type":"Feature","properties":{"id":"ke-otel-76","kind":"poi","name":"The Park Tower Knightsbridge","theme":"otel","lab":1},"geometry":{"type":"Point","coordinates":[-0.15889,51.50177]}},{"type":"Feature","properties":{"id":"ke-otel-77","kind":"poi","name":"The Westbury Mayfair","theme":"otel","lab":1},"geometry":{"type":"Point","coordinates":[-0.14262,51.51126]}},{"type":"Feature","properties":{"id":"ke-otel-78","kind":"poi","name":"Ham Yard Hotel","theme":"otel","lab":1},"geometry":{"type":"Point","coordinates":[-0.13486,51.51115]}},{"type":"Feature","properties":{"id":"ke-otel-79","kind":"poi","name":"Baglioni Hotel London","theme":"otel","lab":1},"geometry":{"type":"Point","coordinates":[-0.18472,51.50156]}},{"type":"Feature","properties":{"id":"ke-otel-80","kind":"poi","name":"The Kensington Hotel","theme":"otel","lab":1},"geometry":{"type":"Point","coordinates":[-0.17801,51.49258]}},{"type":"Feature","properties":{"id":"ke-otel-81","kind":"poi","name":"The Capital Hotel","theme":"otel","lab":1},"geometry":{"type":"Point","coordinates":[-0.16164,51.50004]}},{"type":"Feature","properties":{"id":"ke-otel-82","kind":"poi","name":"The Hari","theme":"otel","lab":1},"geometry":{"type":"Point","coordinates":[-0.15632,51.49733]}},{"type":"Feature","properties":{"id":"ke-otel-83","kind":"poi","name":"Egerton House Hotel","theme":"otel","lab":1},"geometry":{"type":"Point","coordinates":[-0.16755,51.49688]}},{"type":"Feature","properties":{"id":"ke-otel-84","kind":"poi","name":"Blakes Hotel","theme":"otel","lab":1},"geometry":{"type":"Point","coordinates":[-0.18035,51.48917]}},{"type":"Feature","properties":{"id":"ke-otel-85","kind":"poi","name":"San Domenico House","theme":"otel","lab":1},"geometry":{"type":"Point","coordinates":[-0.16173,51.49178]}},{"type":"Feature","properties":{"id":"ke-otel-86","kind":"poi","name":"Draycott Hotel","theme":"otel","lab":1},"geometry":{"type":"Point","coordinates":[-0.15982,51.49304]}},{"type":"Feature","properties":{"id":"ke-otel-87","kind":"poi","name":"11 Cadogan Gardens","theme":"otel","lab":1},"geometry":{"type":"Point","coordinates":[-0.15921,51.49362]}},{"type":"Feature","properties":{"id":"ke-otel-88","kind":"poi","name":"Dorsett Shepherds Bush London","theme":"otel","lab":1},"geometry":{"type":"Point","coordinates":[-0.22477,51.50404]}},{"type":"Feature","properties":{"id":"ke-otel-89","kind":"poi","name":"The Cleveland Hotel","theme":"otel","lab":1},"geometry":{"type":"Point","coordinates":[-0.18309,51.51385]}},{"type":"Feature","properties":{"id":"ke-otel-90","kind":"poi","name":"The Langham Court Hotel","theme":"otel","lab":1},"geometry":{"type":"Point","coordinates":[-0.14128,51.51926]}},{"type":"Feature","properties":{"id":"ke-otel-91","kind":"poi","name":"Clayton Hotel","theme":"otel","lab":1},"geometry":{"type":"Point","coordinates":[-0.07069,51.51485]}},{"type":"Feature","properties":{"id":"ke-otel-92","kind":"poi","name":"Signature Townhouse Hyde Park","theme":"otel","lab":1},"geometry":{"type":"Point","coordinates":[-0.1803,51.51266]}},{"type":"Feature","properties":{"id":"ke-otel-93","kind":"poi","name":"Oatlands Park","theme":"otel","lab":1},"geometry":{"type":"Point","coordinates":[-0.44236,51.37529]}},{"type":"Feature","properties":{"id":"ke-otel-94","kind":"poi","name":"Marylebone Hotel","theme":"otel","lab":1},"geometry":{"type":"Point","coordinates":[-0.15019,51.518]}},{"type":"Feature","properties":{"id":"ke-otel-95","kind":"poi","name":"Rathbone Hotel","theme":"otel","lab":1},"geometry":{"type":"Point","coordinates":[-0.13544,51.51867]}},{"type":"Feature","properties":{"id":"ke-otel-96","kind":"poi","name":"The Piccadilly London West End Hotel","theme":"otel","lab":1},"geometry":{"type":"Point","coordinates":[-0.13186,51.51221]}},{"type":"Feature","properties":{"id":"ke-otel-97","kind":"poi","name":"Sloane Square Hotel","theme":"otel","lab":1},"geometry":{"type":"Point","coordinates":[-0.15715,51.49295]}},{"type":"Feature","properties":{"id":"ke-otel-98","kind":"poi","name":"Sloane Place Hotel","theme":"otel","lab":1},"geometry":{"type":"Point","coordinates":[-0.15725,51.49034]}},{"type":"Feature","properties":{"id":"ke-otel-99","kind":"poi","name":"Hazlitt's","theme":"otel","lab":1},"geometry":{"type":"Point","coordinates":[-0.13185,51.51437]}},{"type":"Feature","properties":{"id":"ke-otel-100","kind":"poi","name":"Park Lane Mews Hotel","theme":"otel","lab":1},"geometry":{"type":"Point","coordinates":[-0.14899,51.50596]}},{"type":"Feature","properties":{"id":"ke-otel-101","kind":"poi","name":"The Zetter Townhouse Marylebone","theme":"otel","lab":1},"geometry":{"type":"Point","coordinates":[-0.1586,51.51485]}},{"type":"Feature","properties":{"id":"ke-otel-102","kind":"poi","name":"Dorset Square Hotel","theme":"otel","lab":1},"geometry":{"type":"Point","coordinates":[-0.16026,51.52251]}},{"type":"Feature","properties":{"id":"ke-otel-103","kind":"poi","name":"54 Queen's Gate","theme":"otel","lab":1},"geometry":{"type":"Point","coordinates":[-0.17971,51.49633]}},{"type":"Feature","properties":{"id":"ke-otel-104","kind":"poi","name":"St Paul's Hotel","theme":"otel","lab":1},"geometry":{"type":"Point","coordinates":[-0.2153,51.49354]}},{"type":"Feature","properties":{"id":"ke-otel-105","kind":"poi","name":"Holiday Inn","theme":"otel","lab":1},"geometry":{"type":"Point","coordinates":[0.15418,51.44629]}},{"type":"Feature","properties":{"id":"ke-otel-106","kind":"poi","name":"Holiday Inn London - Camden Lock","theme":"otel","lab":1},"geometry":{"type":"Point","coordinates":[-0.14606,51.54046]}},{"type":"Feature","properties":{"id":"ke-otel-107","kind":"poi","name":"Park Plaza County Hall London","theme":"otel","lab":1},"geometry":{"type":"Point","coordinates":[-0.11603,51.50136]}},{"type":"Feature","properties":{"id":"ke-otel-108","kind":"poi","name":"Apex Temple Court Hotel","theme":"otel","lab":1},"geometry":{"type":"Point","coordinates":[-0.1089,51.51382]}},{"type":"Feature","properties":{"id":"ke-otel-109","kind":"poi","name":"The Royal Horseguards Hotel, London","theme":"otel","lab":1},"geometry":{"type":"Point","coordinates":[-0.12425,51.5058]}},{"type":"Feature","properties":{"id":"ke-otel-110","kind":"poi","name":"Shangri-La Hotel","theme":"otel","lab":1},"geometry":{"type":"Point","coordinates":[-0.08668,51.50432]}},{"type":"Feature","properties":{"id":"ke-otel-111","kind":"poi","name":"The Hoxton","theme":"otel","lab":1},"geometry":{"type":"Point","coordinates":[-0.1221,51.51721]}},{"type":"Feature","properties":{"id":"ke-otel-112","kind":"poi","name":"Mercure London Bloomsbury","theme":"otel","lab":1},"geometry":{"type":"Point","coordinates":[-0.12327,51.52099]}},{"type":"Feature","properties":{"id":"ke-otel-113","kind":"poi","name":"Virgin Hotels","theme":"otel","lab":1},"geometry":{"type":"Point","coordinates":[-0.08052,51.52367]}},{"type":"Feature","properties":{"id":"ke-otel-114","kind":"poi","name":"Holiday Inn London - Heathrow Bath Road, an IHG Hotel","theme":"otel","lab":1},"geometry":{"type":"Point","coordinates":[-0.46134,51.48153]}},{"type":"Feature","properties":{"id":"ke-otel-115","kind":"poi","name":"Holiday Inn Express London Heathrow T4","theme":"otel","lab":1},"geometry":{"type":"Point","coordinates":[-0.44357,51.45912]}},{"type":"Feature","properties":{"id":"ke-otel-116","kind":"poi","name":"Crowne Plaza London Heathrow T4","theme":"otel","lab":1},"geometry":{"type":"Point","coordinates":[-0.44327,51.45911]}},{"type":"Feature","properties":{"id":"ke-otel-117","kind":"poi","name":"Staybridge Suites London - Heathrow Bath Road, an IHG Hotel","theme":"otel","lab":1},"geometry":{"type":"Point","coordinates":[-0.46172,51.48154]}},{"type":"Feature","properties":{"id":"ke-otel-118","kind":"poi","name":"The Standard, London","theme":"otel","lab":1},"geometry":{"type":"Point","coordinates":[-0.12433,51.52947]}},{"type":"Feature","properties":{"id":"ke-otel-119","kind":"poi","name":"Residence Inn","theme":"otel","lab":1},"geometry":{"type":"Point","coordinates":[-0.08161,51.4987]}},{"type":"Feature","properties":{"id":"ke-otel-120","kind":"poi","name":"Park Plaza Westminster Bridge","theme":"otel","lab":1},"geometry":{"type":"Point","coordinates":[-0.1166,51.50092]}},{"type":"Feature","properties":{"id":"ke-otel-121","kind":"poi","name":"St Pancras Renaissance London Hotel","theme":"otel","lab":1},"geometry":{"type":"Point","coordinates":[-0.12553,51.52988]}},{"type":"Feature","properties":{"id":"ke-otel-122","kind":"poi","name":"Hilton London Heathrow Airport","theme":"otel","lab":1},"geometry":{"type":"Point","coordinates":[-0.4416,51.45868]}},{"type":"Feature","properties":{"id":"ke-otel-123","kind":"poi","name":"Best Western London Heathrow Ariel Hotel","theme":"otel","lab":1},"geometry":{"type":"Point","coordinates":[-0.43364,51.48123]}},{"type":"Feature","properties":{"id":"ke-otel-124","kind":"poi","name":"Sheraton Skyline","theme":"otel","lab":1},"geometry":{"type":"Point","coordinates":[-0.43657,51.48153]}},{"type":"Feature","properties":{"id":"ke-otel-125","kind":"poi","name":"Meliá White House","theme":"otel","lab":1},"geometry":{"type":"Point","coordinates":[-0.14362,51.5252]}},{"type":"Feature","properties":{"id":"ke-otel-126","kind":"poi","name":"Sea Containers House","theme":"otel","lab":1},"geometry":{"type":"Point","coordinates":[-0.10678,51.50826]}},{"type":"Feature","properties":{"id":"ke-otel-127","kind":"poi","name":"St Martins Lane Hotel","theme":"otel","lab":1},"geometry":{"type":"Point","coordinates":[-0.1263,51.51049]}},{"type":"Feature","properties":{"id":"ke-otel-128","kind":"poi","name":"Imperial Hotel","theme":"otel","lab":1},"geometry":{"type":"Point","coordinates":[-0.12401,51.52179]}},{"type":"Feature","properties":{"id":"ke-otel-129","kind":"poi","name":"Leonardo Royal Hotel London Tower Bridge","theme":"otel","lab":1},"geometry":{"type":"Point","coordinates":[-0.07157,51.51177]}},{"type":"Feature","properties":{"id":"ke-otel-130","kind":"poi","name":"Novotel London City South","theme":"otel","lab":1},"geometry":{"type":"Point","coordinates":[-0.09481,51.50542]}},{"type":"Feature","properties":{"id":"ke-otel-131","kind":"poi","name":"Hilton London Bankside","theme":"otel","lab":1},"geometry":{"type":"Point","coordinates":[-0.10158,51.50559]}},{"type":"Feature","properties":{"id":"ke-otel-132","kind":"poi","name":"Hunton Park Hotel","theme":"otel","lab":1},"geometry":{"type":"Point","coordinates":[-0.4253,51.69299]}},{"type":"Feature","properties":{"id":"ke-otel-133","kind":"poi","name":"citizenM Tower of London","theme":"otel","lab":1},"geometry":{"type":"Point","coordinates":[-0.07643,51.51016]}},{"type":"Feature","properties":{"id":"ke-otel-134","kind":"poi","name":"Greenwich Novotel","theme":"otel","lab":1},"geometry":{"type":"Point","coordinates":[-0.01381,51.47785]}},{"type":"Feature","properties":{"id":"ke-otel-135","kind":"poi","name":"Novotel London Waterloo","theme":"otel","lab":1},"geometry":{"type":"Point","coordinates":[-0.11869,51.49449]}},{"type":"Feature","properties":{"id":"ke-otel-136","kind":"poi","name":"The Rosebery","theme":"otel","lab":1},"geometry":{"type":"Point","coordinates":[-0.11107,51.52359]}},{"type":"Feature","properties":{"id":"ke-otel-137","kind":"poi","name":"Marriott London Maida Vale","theme":"otel","lab":1},"geometry":{"type":"Point","coordinates":[-0.19026,51.53577]}},{"type":"Feature","properties":{"id":"ke-otel-138","kind":"poi","name":"Treehouse Hotel London","theme":"otel","lab":1},"geometry":{"type":"Point","coordinates":[-0.14241,51.51792]}},{"type":"Feature","properties":{"id":"ke-otel-139","kind":"poi","name":"Sofitel London Heathrow","theme":"otel","lab":1},"geometry":{"type":"Point","coordinates":[-0.49166,51.47343]}},{"type":"Feature","properties":{"id":"ke-otel-140","kind":"poi","name":"OYO London 24 Sussex","theme":"otel","lab":1},"geometry":{"type":"Point","coordinates":[-0.16865,51.51783]}},{"type":"Feature","properties":{"id":"ke-otel-141","kind":"poi","name":"The Wesley","theme":"otel","lab":1},"geometry":{"type":"Point","coordinates":[-0.13585,51.52669]}},{"type":"Feature","properties":{"id":"ke-otel-142","kind":"poi","name":"Pullman London St Pancras","theme":"otel","lab":1},"geometry":{"type":"Point","coordinates":[-0.12833,51.52848]}},{"type":"Feature","properties":{"id":"ke-otel-143","kind":"poi","name":"Travelodge London Central Bank","theme":"otel","lab":1},"geometry":{"type":"Point","coordinates":[-0.0888,51.51197]}},{"type":"Feature","properties":{"id":"ke-otel-144","kind":"poi","name":"Hand and Spear Hotel","theme":"otel","lab":1},"geometry":{"type":"Point","coordinates":[-0.45916,51.36245]}},{"type":"Feature","properties":{"id":"ke-otel-145","kind":"poi","name":"Radisson Edwardian Hampshire Hotel","theme":"otel","lab":1},"geometry":{"type":"Point","coordinates":[-0.12976,51.50987]}},{"type":"Feature","properties":{"id":"ke-otel-146","kind":"poi","name":"Sofitel London St James","theme":"otel","lab":1},"geometry":{"type":"Point","coordinates":[-0.13232,51.50774]}},{"type":"Feature","properties":{"id":"ke-otel-147","kind":"poi","name":"Aloft","theme":"otel","lab":1},"geometry":{"type":"Point","coordinates":[0.03541,51.50845]}},{"type":"Feature","properties":{"id":"ke-otel-148","kind":"poi","name":"Spread Eagle","theme":"otel","lab":1},"geometry":{"type":"Point","coordinates":[-0.19224,51.45649]}},{"type":"Feature","properties":{"id":"ke-otel-149","kind":"poi","name":"Taj 51 Buckingham Gate Suites and Residences","theme":"otel","lab":1},"geometry":{"type":"Point","coordinates":[-0.13805,51.49851]}},{"type":"Feature","properties":{"id":"ke-otel-150","kind":"poi","name":"Oyo New Dome Hotel","theme":"otel","lab":1},"geometry":{"type":"Point","coordinates":[-0.08908,51.47397]}},{"type":"Feature","properties":{"id":"ke-otel-151","kind":"poi","name":"Grim's Dyke Hotel","theme":"otel","lab":1},"geometry":{"type":"Point","coordinates":[-0.35217,51.62314]}},{"type":"Feature","properties":{"id":"ke-otel-152","kind":"poi","name":"The Tower Hotel","theme":"otel","lab":1},"geometry":{"type":"Point","coordinates":[-0.07319,51.50662]}},{"type":"Feature","properties":{"id":"ke-otel-153","kind":"poi","name":"The Dilly","theme":"otel","lab":1},"geometry":{"type":"Point","coordinates":[-0.13654,51.50941]}},{"type":"Feature","properties":{"id":"ke-otel-154","kind":"poi","name":"Marriott Executive Apartments","theme":"otel","lab":1},"geometry":{"type":"Point","coordinates":[-0.02109,51.50734]}},{"type":"Feature","properties":{"id":"ke-otel-155","kind":"poi","name":"Mitre Hotel","theme":"otel","lab":1},"geometry":{"type":"Point","coordinates":[-0.34266,51.40453]}},{"type":"Feature","properties":{"id":"ke-otel-156","kind":"poi","name":"London Hilton on Park Lane","theme":"otel","lab":1},"geometry":{"type":"Point","coordinates":[-0.14983,51.5056]}},{"type":"Feature","properties":{"id":"ke-otel-157","kind":"poi","name":"Comfort Inn","theme":"otel","lab":1},"geometry":{"type":"Point","coordinates":[-0.17438,51.52337]}},{"type":"Feature","properties":{"id":"ke-otel-158","kind":"poi","name":"Novotel London Canary Wharf","theme":"otel","lab":1},"geometry":{"type":"Point","coordinates":[-0.02334,51.5012]}},{"type":"Feature","properties":{"id":"ke-otel-159","kind":"poi","name":"Leman Locke","theme":"otel","lab":1},"geometry":{"type":"Point","coordinates":[-0.07078,51.5145]}},{"type":"Feature","properties":{"id":"ke-otel-160","kind":"poi","name":"Hilton Syon Park","theme":"otel","lab":1},"geometry":{"type":"Point","coordinates":[-0.31493,51.47965]}},{"type":"Feature","properties":{"id":"ke-otel-161","kind":"poi","name":"InterContinental London - The O2","theme":"otel","lab":1},"geometry":{"type":"Point","coordinates":[-0.00025,51.50329]}},{"type":"Feature","properties":{"id":"ke-otel-162","kind":"poi","name":"Novotel London Brentford","theme":"otel","lab":1},"geometry":{"type":"Point","coordinates":[-0.30227,51.49091]}},{"type":"Feature","properties":{"id":"ke-otel-163","kind":"poi","name":"Novotel London Blackfriars","theme":"otel","lab":1},"geometry":{"type":"Point","coordinates":[-0.10511,51.50509]}},{"type":"Feature","properties":{"id":"ke-otel-164","kind":"poi","name":"Park Plaza London Waterloo","theme":"otel","lab":1},"geometry":{"type":"Point","coordinates":[-0.11337,51.49822]}},{"type":"Feature","properties":{"id":"ke-otel-165","kind":"poi","name":"citizenM London Shoreditch","theme":"otel","lab":1},"geometry":{"type":"Point","coordinates":[-0.0787,51.52414]}},{"type":"Feature","properties":{"id":"ke-otel-166","kind":"poi","name":"Bakers Hotel","theme":"otel","lab":1},"geometry":{"type":"Point","coordinates":[-0.14456,51.49072]}},{"type":"Feature","properties":{"id":"ke-otel-167","kind":"poi","name":"citizenM hotel London Bankside","theme":"otel","lab":1},"geometry":{"type":"Point","coordinates":[-0.09826,51.50496]}},{"type":"Feature","properties":{"id":"ke-otel-168","kind":"poi","name":"Mercure London Bridge","theme":"otel","lab":1},"geometry":{"type":"Point","coordinates":[-0.09913,51.50534]}},{"type":"Feature","properties":{"id":"ke-otel-169","kind":"poi","name":"The Royal Victoria & Bull Hotel","theme":"otel","lab":1},"geometry":{"type":"Point","coordinates":[0.21692,51.44425]}},{"type":"Feature","properties":{"id":"ke-otel-170","kind":"poi","name":"OYO Amsterdam Hotel","theme":"otel","lab":1},"geometry":{"type":"Point","coordinates":[-0.19436,51.49235]}},{"type":"Feature","properties":{"id":"ke-otel-171","kind":"poi","name":"Radisson RED","theme":"otel","lab":1},"geometry":{"type":"Point","coordinates":[-0.33983,51.45526]}},{"type":"Feature","properties":{"id":"ke-otel-172","kind":"poi","name":"Hotel Shepherds Bush","theme":"otel","lab":1},"geometry":{"type":"Point","coordinates":[-0.2261,51.50587]}},{"type":"Feature","properties":{"id":"ke-otel-173","kind":"poi","name":"Staycity Aparthotels London Heathrow","theme":"otel","lab":1},"geometry":{"type":"Point","coordinates":[-0.41876,51.5033]}},{"type":"Feature","properties":{"id":"ke-otel-174","kind":"poi","name":"Ruby Lucy Hotel","theme":"otel","lab":1},"geometry":{"type":"Point","coordinates":[-0.11226,51.50123]}},{"type":"Feature","properties":{"id":"ke-otel-175","kind":"poi","name":"Paramount Hotel","theme":"otel","lab":1},"geometry":{"type":"Point","coordinates":[-0.19788,51.49238]}},{"type":"Feature","properties":{"id":"ke-otel-176","kind":"poi","name":"Boston Court Hotel","theme":"otel","lab":1},"geometry":{"type":"Point","coordinates":[-0.16109,51.51547]}},{"type":"Feature","properties":{"id":"ke-otel-177","kind":"poi","name":"23 Matheson Road","theme":"otel","lab":1},"geometry":{"type":"Point","coordinates":[-0.20604,51.49342]}},{"type":"Feature","properties":{"id":"ke-otel-178","kind":"poi","name":"Huttons Hotel, Victoria London","theme":"otel","lab":1},"geometry":{"type":"Point","coordinates":[-0.13838,51.49063]}},{"type":"Feature","properties":{"id":"ke-otel-179","kind":"poi","name":"Megaro Hotel","theme":"otel","lab":1},"geometry":{"type":"Point","coordinates":[-0.1237,51.52979]}},{"type":"Feature","properties":{"id":"ke-yurt-0","kind":"poi","name":"London Backpackers","theme":"yurt","lab":1},"geometry":{"type":"Point","coordinates":[-0.22619,51.58264]}},{"type":"Feature","properties":{"id":"ke-yurt-1","kind":"poi","name":"YHA London Thameside","theme":"yurt","lab":1},"geometry":{"type":"Point","coordinates":[-0.0463,51.50442]}},{"type":"Feature","properties":{"id":"ke-yurt-2","kind":"poi","name":"Onefam Waterloo Hostel London","theme":"yurt","lab":1},"geometry":{"type":"Point","coordinates":[-0.11443,51.49432]}},{"type":"Feature","properties":{"id":"ke-yurt-3","kind":"poi","name":"YHA London St Pauls","theme":"yurt","lab":1},"geometry":{"type":"Point","coordinates":[-0.10057,51.51314]}},{"type":"Feature","properties":{"id":"ke-yurt-4","kind":"poi","name":"YHA London St Pancras","theme":"yurt","lab":1},"geometry":{"type":"Point","coordinates":[-0.12638,51.52879]}},{"type":"Feature","properties":{"id":"ke-yurt-5","kind":"poi","name":"YHA London Oxford Street","theme":"yurt","lab":1},"geometry":{"type":"Point","coordinates":[-0.13662,51.51476]}},{"type":"Feature","properties":{"id":"ke-yurt-6","kind":"poi","name":"Onefam Notting Hill Hostel London","theme":"yurt","lab":1},"geometry":{"type":"Point","coordinates":[-0.19305,51.51329]}},{"type":"Feature","properties":{"id":"ke-yurt-7","kind":"poi","name":"Wombat's","theme":"yurt","lab":1},"geometry":{"type":"Point","coordinates":[-0.06807,51.51043]}},{"type":"Feature","properties":{"id":"ke-yurt-8","kind":"poi","name":"Indian YMCA","theme":"yurt","lab":1},"geometry":{"type":"Point","coordinates":[-0.13896,51.52277]}},{"type":"Feature","properties":{"id":"ke-yurt-9","kind":"poi","name":"Walrus Hostel","theme":"yurt","lab":1},"geometry":{"type":"Point","coordinates":[-0.11445,51.50004]}},{"type":"Feature","properties":{"id":"ke-yurt-10","kind":"poi","name":"Clink 261","theme":"yurt","lab":1},"geometry":{"type":"Point","coordinates":[-0.12007,51.52901]}},{"type":"Feature","properties":{"id":"ke-yurt-11","kind":"poi","name":"International Students House","theme":"yurt","lab":1},"geometry":{"type":"Point","coordinates":[-0.14487,51.52365]}},{"type":"Feature","properties":{"id":"ke-yurt-12","kind":"poi","name":"The Rose & Crown","theme":"yurt","lab":1},"geometry":{"type":"Point","coordinates":[-0.0948,51.50382]}},{"type":"Feature","properties":{"id":"ke-yurt-13","kind":"poi","name":"No.8 Hostel Seven Sisters","theme":"yurt","lab":1},"geometry":{"type":"Point","coordinates":[-0.08199,51.57831]}},{"type":"Feature","properties":{"id":"ke-yurt-14","kind":"poi","name":"NX London Hostel","theme":"yurt","lab":1},"geometry":{"type":"Point","coordinates":[-0.03708,51.47585]}},{"type":"Feature","properties":{"id":"ke-yurt-15","kind":"poi","name":"SafeStay Hostel","theme":"yurt","lab":1},"geometry":{"type":"Point","coordinates":[-0.0976,51.49067]}},{"type":"Feature","properties":{"id":"ke-yurt-16","kind":"poi","name":"Venture Hostel","theme":"yurt","lab":1},"geometry":{"type":"Point","coordinates":[-0.02737,51.47363]}},{"type":"Feature","properties":{"id":"ke-yurt-17","kind":"poi","name":"Smart Camden Inn","theme":"yurt","lab":1},"geometry":{"type":"Point","coordinates":[-0.13948,51.53681]}},{"type":"Feature","properties":{"id":"ke-yurt-18","kind":"poi","name":"St James Backpackers","theme":"yurt","lab":1},"geometry":{"type":"Point","coordinates":[-0.1961,51.49342]}},{"type":"Feature","properties":{"id":"ke-yurt-19","kind":"poi","name":"Barmy Badgers Backpackers","theme":"yurt","lab":1},"geometry":{"type":"Point","coordinates":[-0.1959,51.49349]}},{"type":"Feature","properties":{"id":"ke-yurt-20","kind":"poi","name":"Kensal Green Backpackers","theme":"yurt","lab":1},"geometry":{"type":"Point","coordinates":[-0.22572,51.53004]}},{"type":"Feature","properties":{"id":"ke-yurt-21","kind":"poi","name":"Palmers Lodge","theme":"yurt","lab":1},"geometry":{"type":"Point","coordinates":[-0.17614,51.54541]}},{"type":"Feature","properties":{"id":"ke-yurt-22","kind":"poi","name":"Generator London","theme":"yurt","lab":1},"geometry":{"type":"Point","coordinates":[-0.12467,51.52633]}},{"type":"Feature","properties":{"id":"ke-yurt-23","kind":"poi","name":"St Christophers Village","theme":"yurt","lab":1},"geometry":{"type":"Point","coordinates":[-0.09169,51.50277]}},{"type":"Feature","properties":{"id":"ke-yurt-24","kind":"poi","name":"Queen Alexandra’s House","theme":"yurt","lab":1},"geometry":{"type":"Point","coordinates":[-0.17869,51.50057]}},{"type":"Feature","properties":{"id":"ke-yurt-25","kind":"poi","name":"Beit Hall","theme":"yurt","lab":1},"geometry":{"type":"Point","coordinates":[-0.17812,51.50011]}},{"type":"Feature","properties":{"id":"ke-yurt-26","kind":"poi","name":"Abercorn House","theme":"yurt","lab":1},"geometry":{"type":"Point","coordinates":[-0.2219,51.49446]}},{"type":"Feature","properties":{"id":"ke-yurt-27","kind":"poi","name":"The Dictionary","theme":"yurt","lab":1},"geometry":{"type":"Point","coordinates":[-0.07781,51.52767]}},{"type":"Feature","properties":{"id":"ke-yurt-28","kind":"poi","name":"Park Villa Boutique Hostel","theme":"yurt","lab":1},"geometry":{"type":"Point","coordinates":[-0.03649,51.52688]}},{"type":"Feature","properties":{"id":"ke-yurt-29","kind":"poi","name":"St Christopher's Inn","theme":"yurt","lab":1},"geometry":{"type":"Point","coordinates":[-0.22448,51.49334]}},{"type":"Feature","properties":{"id":"ke-yurt-30","kind":"poi","name":"Nutford House","theme":"yurt","lab":1},"geometry":{"type":"Point","coordinates":[-0.16314,51.51705]}},{"type":"Feature","properties":{"id":"ke-yurt-31","kind":"poi","name":"iQ Hammersmith","theme":"yurt","lab":1},"geometry":{"type":"Point","coordinates":[-0.22443,51.49425]}},{"type":"Feature","properties":{"id":"ke-yurt-32","kind":"poi","name":"Forest YMCA","theme":"yurt","lab":1},"geometry":{"type":"Point","coordinates":[-0.0119,51.5897]}},{"type":"Feature","properties":{"id":"ke-yurt-33","kind":"poi","name":"via Limehouse Hostel","theme":"yurt","lab":1},"geometry":{"type":"Point","coordinates":[-0.03422,51.51226]}},{"type":"Feature","properties":{"id":"ke-yurt-34","kind":"poi","name":"YMCA","theme":"yurt","lab":1},"geometry":{"type":"Point","coordinates":[-0.39644,51.6568]}},{"type":"Feature","properties":{"id":"ke-yurt-35","kind":"poi","name":"The Liverpool Street Hostel","theme":"yurt","lab":1},"geometry":{"type":"Point","coordinates":[-0.08504,51.5204]}},{"type":"Feature","properties":{"id":"ke-yurt-36","kind":"poi","name":"Steam Engine Hostel","theme":"yurt","lab":1},"geometry":{"type":"Point","coordinates":[-0.11265,51.49683]}},{"type":"Feature","properties":{"id":"ke-yurt-37","kind":"poi","name":"Safestay London Holland Park","theme":"yurt","lab":1},"geometry":{"type":"Point","coordinates":[-0.20166,51.50282]}},{"type":"Feature","properties":{"id":"ke-yurt-38","kind":"poi","name":"Loring Hall","theme":"yurt","lab":1},"geometry":{"type":"Point","coordinates":[-0.03937,51.47405]}},{"type":"Feature","properties":{"id":"ke-yurt-39","kind":"poi","name":"YMCA London City and North","theme":"yurt","lab":1},"geometry":{"type":"Point","coordinates":[-0.12087,51.58199]}},{"type":"Feature","properties":{"id":"ke-yurt-40","kind":"poi","name":"LSE Butler's Wharf","theme":"yurt","lab":1},"geometry":{"type":"Point","coordinates":[-0.07446,51.50273]}},{"type":"Feature","properties":{"id":"ke-yurt-41","kind":"poi","name":"Church Army Hostel for Women","theme":"yurt","lab":1},"geometry":{"type":"Point","coordinates":[-0.16538,51.52107]}},{"type":"Feature","properties":{"id":"ke-yurt-42","kind":"poi","name":"Frances Quarter","theme":"yurt","lab":1},"geometry":{"type":"Point","coordinates":[-0.11586,51.52641]}},{"type":"Feature","properties":{"id":"ke-yurt-43","kind":"poi","name":"LSE High Holborn Residence","theme":"yurt","lab":1},"geometry":{"type":"Point","coordinates":[-0.12477,51.51589]}},{"type":"Feature","properties":{"id":"ke-yurt-44","kind":"poi","name":"Marley House","theme":"yurt","lab":1},"geometry":{"type":"Point","coordinates":[0.06909,51.50668]}},{"type":"Feature","properties":{"id":"ke-yurt-45","kind":"poi","name":"Shepherd House","theme":"yurt","lab":1},"geometry":{"type":"Point","coordinates":[0.0701,51.50668]}},{"type":"Feature","properties":{"id":"ke-yurt-46","kind":"poi","name":"Halsmere Studios","theme":"yurt","lab":1},"geometry":{"type":"Point","coordinates":[-0.10255,51.47542]}},{"type":"Feature","properties":{"id":"ke-yurt-47","kind":"poi","name":"St Mungo's - Hope Gardens","theme":"yurt","lab":1},"geometry":{"type":"Point","coordinates":[-0.2271,51.50437]}},{"type":"Feature","properties":{"id":"ke-yurt-48","kind":"poi","name":"Wynfrid House","theme":"yurt","lab":1},"geometry":{"type":"Point","coordinates":[-0.06701,51.516]}},{"type":"Feature","properties":{"id":"ke-yurt-49","kind":"poi","name":"Drapery Place","theme":"yurt","lab":1},"geometry":{"type":"Point","coordinates":[-0.06957,51.51315]}},{"type":"Feature","properties":{"id":"ke-yurt-50","kind":"poi","name":"YHA London Earls Court","theme":"yurt","lab":1},"geometry":{"type":"Point","coordinates":[-0.1895,51.49016]}},{"type":"Feature","properties":{"id":"ke-yurt-51","kind":"poi","name":"Paddington Citi View","theme":"yurt","lab":1},"geometry":{"type":"Point","coordinates":[-0.17503,51.51514]}},{"type":"Feature","properties":{"id":"ke-yurt-52","kind":"poi","name":"James Hora Home","theme":"yurt","lab":1},"geometry":{"type":"Point","coordinates":[-0.05999,51.51653]}},{"type":"Feature","properties":{"id":"ke-yurt-53","kind":"poi","name":"Ostello dei Padri Scalabriniani","theme":"yurt","lab":1},"geometry":{"type":"Point","coordinates":[-0.11821,51.47681]}},{"type":"Feature","properties":{"id":"ke-yurt-54","kind":"poi","name":"Will Perrin Court","theme":"yurt","lab":1},"geometry":{"type":"Point","coordinates":[0.19221,51.5324]}},{"type":"Feature","properties":{"id":"ke-yurt-55","kind":"poi","name":"YHA London Central","theme":"yurt","lab":1},"geometry":{"type":"Point","coordinates":[-0.14243,51.52059]}},{"type":"Feature","properties":{"id":"ke-yurt-56","kind":"poi","name":"Hillspring Lodge","theme":"yurt","lab":1},"geometry":{"type":"Point","coordinates":[-0.21921,51.54582]}},{"type":"Feature","properties":{"id":"ke-yurt-57","kind":"poi","name":"Louise House","theme":"yurt","lab":1},"geometry":{"type":"Point","coordinates":[-0.13147,51.49527]}},{"type":"Feature","properties":{"id":"ke-yurt-58","kind":"poi","name":"Urbanest Vauxhall","theme":"yurt","lab":1},"geometry":{"type":"Point","coordinates":[-0.12608,51.48293]}},{"type":"Feature","properties":{"id":"ke-yurt-59","kind":"poi","name":"Gradpad, Wood Lane Studios","theme":"yurt","lab":1},"geometry":{"type":"Point","coordinates":[-0.22529,51.51675]}},{"type":"Feature","properties":{"id":"ke-yurt-60","kind":"poi","name":"Stratford One - Unite Students","theme":"yurt","lab":1},"geometry":{"type":"Point","coordinates":[-0.01192,51.54431]}},{"type":"Feature","properties":{"id":"ke-yurt-61","kind":"poi","name":"Max Rayne House","theme":"yurt","lab":1},"geometry":{"type":"Point","coordinates":[-0.137,51.54514]}},{"type":"Feature","properties":{"id":"ke-yurt-62","kind":"poi","name":"Sandeman-Allen House","theme":"yurt","lab":1},"geometry":{"type":"Point","coordinates":[-0.18594,51.51201]}},{"type":"Feature","properties":{"id":"ke-yurt-63","kind":"poi","name":"England's Lane Residence","theme":"yurt","lab":1},"geometry":{"type":"Point","coordinates":[-0.16068,51.54723]}},{"type":"Feature","properties":{"id":"ke-yurt-64","kind":"poi","name":"More House","theme":"yurt","lab":1},"geometry":{"type":"Point","coordinates":[-0.17842,51.49513]}},{"type":"Feature","properties":{"id":"ke-yurt-65","kind":"poi","name":"Halpin House","theme":"yurt","lab":1},"geometry":{"type":"Point","coordinates":[-0.17895,51.493]}},{"type":"Feature","properties":{"id":"ke-yurt-66","kind":"poi","name":"Ann Stephenson House","theme":"yurt","lab":1},"geometry":{"type":"Point","coordinates":[-0.13567,51.54448]}},{"type":"Feature","properties":{"id":"ke-yurt-67","kind":"poi","name":"Neil Sharp House","theme":"yurt","lab":1},"geometry":{"type":"Point","coordinates":[-0.13597,51.54461]}},{"type":"Feature","properties":{"id":"ke-yurt-68","kind":"poi","name":"One Pool Street","theme":"yurt","lab":1},"geometry":{"type":"Point","coordinates":[-0.00964,51.5384]}},{"type":"Feature","properties":{"id":"ke-yurt-69","kind":"poi","name":"45-53","theme":"yurt","lab":1},"geometry":{"type":"Point","coordinates":[-0.06774,51.41195]}},{"type":"Feature","properties":{"id":"ke-yurt-70","kind":"poi","name":"Lea Bridge East","theme":"yurt","lab":1},"geometry":{"type":"Point","coordinates":[-0.02408,51.5706]}},{"type":"Feature","properties":{"id":"ke-yurt-71","kind":"poi","name":"London Central YMCA","theme":"yurt","lab":1},"geometry":{"type":"Point","coordinates":[-0.13042,51.51734]}},{"type":"Feature","properties":{"id":"ke-yurt-72","kind":"poi","name":"Mapesbury Hostel","theme":"yurt","lab":1},"geometry":{"type":"Point","coordinates":[-0.21883,51.55151]}},{"type":"Feature","properties":{"id":"ke-yurt-73","kind":"poi","name":"Smart Hyde Park View","theme":"yurt","lab":1},"geometry":{"type":"Point","coordinates":[-0.18293,51.51181]}},{"type":"Feature","properties":{"id":"ke-yurt-74","kind":"poi","name":"Helen Graham House","theme":"yurt","lab":1},"geometry":{"type":"Point","coordinates":[-0.1254,51.51822]}},{"type":"Feature","properties":{"id":"ke-yurt-75","kind":"poi","name":"Keystone House","theme":"yurt","lab":1},"geometry":{"type":"Point","coordinates":[-0.12082,51.53099]}},{"type":"Feature","properties":{"id":"ke-yurt-76","kind":"poi","name":"West London YMCA","theme":"yurt","lab":1},"geometry":{"type":"Point","coordinates":[-0.47352,51.54275]}},{"type":"Feature","properties":{"id":"ke-yurt-77","kind":"poi","name":"Journey's End","theme":"yurt","lab":1},"geometry":{"type":"Point","coordinates":[-0.12004,51.53228]}},{"type":"Feature","properties":{"id":"ke-yurt-78","kind":"poi","name":"Baggies Backpackers Angel","theme":"yurt","lab":1},"geometry":{"type":"Point","coordinates":[-0.10184,51.53105]}},{"type":"Feature","properties":{"id":"ke-yurt-79","kind":"poi","name":"Hawkridge House","theme":"yurt","lab":1},"geometry":{"type":"Point","coordinates":[-0.14932,51.54877]}},{"type":"Feature","properties":{"id":"ke-yurt-80","kind":"poi","name":"Meininger Hotel","theme":"yurt","lab":1},"geometry":{"type":"Point","coordinates":[-0.17979,51.49551]}},{"type":"Feature","properties":{"id":"ke-yurt-81","kind":"poi","name":"Queen Elisabeth Chelsea","theme":"yurt","lab":1},"geometry":{"type":"Point","coordinates":[-0.18873,51.47474]}},{"type":"Feature","properties":{"id":"ke-yurt-82","kind":"poi","name":"beautiful living","theme":"yurt","lab":1},"geometry":{"type":"Point","coordinates":[0.03901,51.53732]}},{"type":"Feature","properties":{"id":"ke-yurt-83","kind":"poi","name":"Central Studios Ealing","theme":"yurt","lab":1},"geometry":{"type":"Point","coordinates":[-0.30493,51.51055]}},{"type":"Feature","properties":{"id":"ke-yurt-84","kind":"poi","name":"Arsenal Tavern Backpackers","theme":"yurt","lab":1},"geometry":{"type":"Point","coordinates":[-0.09835,51.56094]}},{"type":"Feature","properties":{"id":"ke-yurt-85","kind":"poi","name":"No.8 Willesden hostel","theme":"yurt","lab":1},"geometry":{"type":"Point","coordinates":[-0.2388,51.54868]}},{"type":"Feature","properties":{"id":"ke-yurt-86","kind":"poi","name":"Somerset Residences","theme":"yurt","lab":1},"geometry":{"type":"Point","coordinates":[-0.13377,51.53181]}},{"type":"Feature","properties":{"id":"ke-yurt-87","kind":"poi","name":"LSE Bankside House","theme":"yurt","lab":1},"geometry":{"type":"Point","coordinates":[-0.09865,51.50646]}},{"type":"Feature","properties":{"id":"ke-yurt-88","kind":"poi","name":"Astor Victoria Hostel","theme":"yurt","lab":1},"geometry":{"type":"Point","coordinates":[-0.13759,51.49024]}},{"type":"Feature","properties":{"id":"ke-yurt-89","kind":"poi","name":"self storage","theme":"yurt","lab":1},"geometry":{"type":"Point","coordinates":[-0.38598,51.51229]}},{"type":"Feature","properties":{"id":"ke-kamu-0","kind":"poi","name":"Embassy of the United Arab Emirates","theme":"kamu","lab":1},"geometry":{"type":"Point","coordinates":[-0.15387,51.50058]}},{"type":"Feature","properties":{"id":"ke-kamu-1","kind":"poi","name":"Old Marylebone Town Hall","theme":"kamu","lab":1},"geometry":{"type":"Point","coordinates":[-0.1601,51.52146]}},{"type":"Feature","properties":{"id":"ke-kamu-2","kind":"poi","name":"National Cyber Security Centre","theme":"kamu","lab":1},"geometry":{"type":"Point","coordinates":[-0.14325,51.49707]}},{"type":"Feature","properties":{"id":"ke-kamu-3","kind":"poi","name":"The Security Service","theme":"kamu","lab":1},"geometry":{"type":"Point","coordinates":[-0.12567,51.49393]}},{"type":"Feature","properties":{"id":"ke-kamu-4","kind":"poi","name":"Registry Office","theme":"kamu","lab":1},"geometry":{"type":"Point","coordinates":[0.0454,51.53959]}},{"type":"Feature","properties":{"id":"ke-kamu-5","kind":"poi","name":"Transport for London","theme":"kamu","lab":1},"geometry":{"type":"Point","coordinates":[-0.10362,51.50388]}},{"type":"Feature","properties":{"id":"ke-kamu-6","kind":"poi","name":"Dartford Civic Centre","theme":"kamu","lab":1},"geometry":{"type":"Point","coordinates":[0.21928,51.44679]}},{"type":"Feature","properties":{"id":"ke-kamu-7","kind":"poi","name":"Crown Estate Paving Commission","theme":"kamu","lab":1},"geometry":{"type":"Point","coordinates":[-0.14605,51.52501]}},{"type":"Feature","properties":{"id":"ke-kamu-8","kind":"poi","name":"City Hall","theme":"kamu","lab":1},"geometry":{"type":"Point","coordinates":[0.01627,51.50729]}},{"type":"Feature","properties":{"id":"ke-kamu-9","kind":"poi","name":"York House","theme":"kamu","lab":1},"geometry":{"type":"Point","coordinates":[-0.32425,51.44767]}},{"type":"Feature","properties":{"id":"ke-kamu-10","kind":"poi","name":"Lambeth Town Hall","theme":"kamu","lab":1},"geometry":{"type":"Point","coordinates":[-0.11672,51.46064]}},{"type":"Feature","properties":{"id":"ke-kamu-11","kind":"poi","name":"Guildhall","theme":"kamu","lab":1},"geometry":{"type":"Point","coordinates":[-0.09199,51.51591]}},{"type":"Feature","properties":{"id":"ke-kamu-12","kind":"poi","name":"Embassy of the Republic of North Macedonia","theme":"kamu","lab":1},"geometry":{"type":"Point","coordinates":[-0.13788,51.49922]}},{"type":"Feature","properties":{"id":"ke-kamu-13","kind":"poi","name":"High Commission of Eswatini","theme":"kamu","lab":1},"geometry":{"type":"Point","coordinates":[-0.14003,51.49951]}},{"type":"Feature","properties":{"id":"ke-kamu-14","kind":"poi","name":"Erith Town Hall","theme":"kamu","lab":1},"geometry":{"type":"Point","coordinates":[0.17796,51.48083]}},{"type":"Feature","properties":{"id":"ke-kamu-15","kind":"poi","name":"South African High Commission","theme":"kamu","lab":1},"geometry":{"type":"Point","coordinates":[-0.12679,51.50818]}},{"type":"Feature","properties":{"id":"ke-kamu-16","kind":"poi","name":"Uganda High Commission","theme":"kamu","lab":1},"geometry":{"type":"Point","coordinates":[-0.12826,51.50725]}},{"type":"Feature","properties":{"id":"ke-kamu-17","kind":"poi","name":"Embassy of Ecuador","theme":"kamu","lab":1},"geometry":{"type":"Point","coordinates":[-0.16133,51.49898]}},{"type":"Feature","properties":{"id":"ke-kamu-18","kind":"poi","name":"Barbados High Commission","theme":"kamu","lab":1},"geometry":{"type":"Point","coordinates":[-0.13055,51.51704]}},{"type":"Feature","properties":{"id":"ke-kamu-19","kind":"poi","name":"Bulgarian Embassy","theme":"kamu","lab":1},"geometry":{"type":"Point","coordinates":[-0.17965,51.4999]}},{"type":"Feature","properties":{"id":"ke-kamu-20","kind":"poi","name":"Government Digital Service","theme":"kamu","lab":1},"geometry":{"type":"Point","coordinates":[-0.07295,51.51456]}},{"type":"Feature","properties":{"id":"ke-kamu-21","kind":"poi","name":"The Royal Parks","theme":"kamu","lab":1},"geometry":{"type":"Point","coordinates":[-0.1654,51.50813]}},{"type":"Feature","properties":{"id":"ke-kamu-22","kind":"poi","name":"Human Tissue Authority","theme":"kamu","lab":1},"geometry":{"type":"Point","coordinates":[-0.14712,51.49273]}},{"type":"Feature","properties":{"id":"ke-kamu-23","kind":"poi","name":"Medicines and Healthcare Products Regulatory Agency","theme":"kamu","lab":1},"geometry":{"type":"Point","coordinates":[-0.14714,51.4927]}},{"type":"Feature","properties":{"id":"ke-kamu-24","kind":"poi","name":"Embassy of Colombia","theme":"kamu","lab":1},"geometry":{"type":"Point","coordinates":[-0.16154,51.49907]}},{"type":"Feature","properties":{"id":"ke-kamu-25","kind":"poi","name":"Embassy of Sudan","theme":"kamu","lab":1},"geometry":{"type":"Point","coordinates":[-0.13863,51.50487]}},{"type":"Feature","properties":{"id":"ke-kamu-26","kind":"poi","name":"His Majesty's Revenue and Customs","theme":"kamu","lab":1},"geometry":{"type":"Point","coordinates":[-0.12663,51.50162]}},{"type":"Feature","properties":{"id":"ke-kamu-27","kind":"poi","name":"Spelthorne Borough Council","theme":"kamu","lab":1},"geometry":{"type":"Point","coordinates":[-0.49883,51.42977]}},{"type":"Feature","properties":{"id":"ke-kamu-28","kind":"poi","name":"Malawi High Commission","theme":"kamu","lab":1},"geometry":{"type":"Point","coordinates":[-0.11517,51.5215]}},{"type":"Feature","properties":{"id":"ke-kamu-29","kind":"poi","name":"Department for Culture, Media and Sport","theme":"kamu","lab":1},"geometry":{"type":"Point","coordinates":[-0.12665,51.50149]}},{"type":"Feature","properties":{"id":"ke-kamu-30","kind":"poi","name":"Financial Services Compensation Scheme","theme":"kamu","lab":1},"geometry":{"type":"Point","coordinates":[-0.07594,51.51494]}},{"type":"Feature","properties":{"id":"ke-kamu-31","kind":"poi","name":"HM Treasury","theme":"kamu","lab":1},"geometry":{"type":"Point","coordinates":[-0.12929,51.50177]}},{"type":"Feature","properties":{"id":"ke-kamu-32","kind":"poi","name":"Embassy of Indonesia","theme":"kamu","lab":1},"geometry":{"type":"Point","coordinates":[-0.1514,51.51021]}},{"type":"Feature","properties":{"id":"ke-kamu-33","kind":"poi","name":"Crown Prosecution Service","theme":"kamu","lab":1},"geometry":{"type":"Point","coordinates":[-0.13455,51.50013]}},{"type":"Feature","properties":{"id":"ke-kamu-34","kind":"poi","name":"Embassy of Honduras","theme":"kamu","lab":1},"geometry":{"type":"Point","coordinates":[-0.15715,51.52194]}},{"type":"Feature","properties":{"id":"ke-kamu-35","kind":"poi","name":"High Commission of Saint Kitts and Nevis","theme":"kamu","lab":1},"geometry":{"type":"Point","coordinates":[-0.18694,51.50133]}},{"type":"Feature","properties":{"id":"ke-kamu-36","kind":"poi","name":"High Commission for Saint Vincent & The Grenadines","theme":"kamu","lab":1},"geometry":{"type":"Point","coordinates":[-0.18701,51.50136]}},{"type":"Feature","properties":{"id":"ke-kamu-37","kind":"poi","name":"Belize High Commission","theme":"kamu","lab":1},"geometry":{"type":"Point","coordinates":[-0.1651,51.51894]}},{"type":"Feature","properties":{"id":"ke-kamu-38","kind":"poi","name":"Embassy of El Salvador","theme":"kamu","lab":1},"geometry":{"type":"Point","coordinates":[-0.16021,51.52337]}},{"type":"Feature","properties":{"id":"ke-kamu-39","kind":"poi","name":"Embassy of Togo","theme":"kamu","lab":1},"geometry":{"type":"Point","coordinates":[-0.13312,51.56848]}},{"type":"Feature","properties":{"id":"ke-kamu-40","kind":"poi","name":"Embassy of Paraguay","theme":"kamu","lab":1},"geometry":{"type":"Point","coordinates":[-0.18198,51.49493]}},{"type":"Feature","properties":{"id":"ke-kamu-41","kind":"poi","name":"Financial Conduct Authority","theme":"kamu","lab":1},"geometry":{"type":"Point","coordinates":[-0.01,51.54213]}},{"type":"Feature","properties":{"id":"ke-kamu-42","kind":"poi","name":"Nursing and Midwifery Council","theme":"kamu","lab":1},"geometry":{"type":"Point","coordinates":[-0.0098,51.54225]}},{"type":"Feature","properties":{"id":"ke-kamu-43","kind":"poi","name":"Insolvency Service","theme":"kamu","lab":1},"geometry":{"type":"Point","coordinates":[-0.00942,51.54221]}},{"type":"Feature","properties":{"id":"ke-kamu-44","kind":"poi","name":"Embassy of Nicaragua","theme":"kamu","lab":1},"geometry":{"type":"Point","coordinates":[-0.1933,51.5046]}},{"type":"Feature","properties":{"id":"ke-kamu-45","kind":"poi","name":"Kosovo Embassy","theme":"kamu","lab":1},"geometry":{"type":"Point","coordinates":[-0.11501,51.52195]}},{"type":"Feature","properties":{"id":"ke-kamu-46","kind":"poi","name":"High Commission of Saint Lucia","theme":"kamu","lab":1},"geometry":{"type":"Point","coordinates":[-0.18708,51.49132]}},{"type":"Feature","properties":{"id":"ke-kamu-47","kind":"poi","name":"High Commission of Dominica","theme":"kamu","lab":1},"geometry":{"type":"Point","coordinates":[-0.18692,51.49137]}},{"type":"Feature","properties":{"id":"ke-kamu-48","kind":"poi","name":"Embassy of Madagascar","theme":"kamu","lab":1},"geometry":{"type":"Point","coordinates":[-0.16265,51.50083]}},{"type":"Feature","properties":{"id":"ke-kamu-49","kind":"poi","name":"Palestine Mission","theme":"kamu","lab":1},"geometry":{"type":"Point","coordinates":[-0.23283,51.49358]}},{"type":"Feature","properties":{"id":"ke-kamu-50","kind":"poi","name":"Competition & Markets Authority","theme":"kamu","lab":1},"geometry":{"type":"Point","coordinates":[-0.02409,51.5052]}},{"type":"Feature","properties":{"id":"ke-kamu-51","kind":"poi","name":"Embassy of Georgia","theme":"kamu","lab":1},"geometry":{"type":"Point","coordinates":[-0.13594,51.48876]}},{"type":"Feature","properties":{"id":"ke-kamu-52","kind":"poi","name":"HM Passport Office","theme":"kamu","lab":1},"geometry":{"type":"Point","coordinates":[0.0245,51.50872]}},{"type":"Feature","properties":{"id":"ke-kamu-53","kind":"poi","name":"Probation Service","theme":"kamu","lab":1},"geometry":{"type":"Point","coordinates":[-0.06797,51.5548]}},{"type":"Feature","properties":{"id":"ke-kamu-54","kind":"poi","name":"Civil Aviation Authority","theme":"kamu","lab":1},"geometry":{"type":"Point","coordinates":[-0.02561,51.50592]}},{"type":"Feature","properties":{"id":"ke-kamu-55","kind":"poi","name":"Representation of Flanders","theme":"kamu","lab":1},"geometry":{"type":"Point","coordinates":[-0.14392,51.51629]}},{"type":"Feature","properties":{"id":"ke-kamu-56","kind":"poi","name":"Secret Intelligence Service","theme":"kamu","lab":1},"geometry":{"type":"Point","coordinates":[-0.12435,51.48726]}},{"type":"Feature","properties":{"id":"ke-kamu-57","kind":"poi","name":"Office for National Statistics","theme":"kamu","lab":1},"geometry":{"type":"Point","coordinates":[-0.12979,51.49562]}},{"type":"Feature","properties":{"id":"ke-kamu-58","kind":"poi","name":"Embassy of the Republic of Albania","theme":"kamu","lab":1},"geometry":{"type":"Point","coordinates":[-0.14396,51.49071]}},{"type":"Feature","properties":{"id":"ke-kamu-59","kind":"poi","name":"Lewisham Town Hall","theme":"kamu","lab":1},"geometry":{"type":"Point","coordinates":[-0.02115,51.44516]}},{"type":"Feature","properties":{"id":"ke-kamu-60","kind":"poi","name":"The National Archives","theme":"kamu","lab":1},"geometry":{"type":"Point","coordinates":[-0.27954,51.48112]}},{"type":"Feature","properties":{"id":"ke-kamu-61","kind":"poi","name":"Waltham Forest Town Hall","theme":"kamu","lab":1},"geometry":{"type":"Point","coordinates":[-0.01352,51.5912]}},{"type":"Feature","properties":{"id":"ke-kamu-62","kind":"poi","name":"Winfield House (US Ambassador's Residence)","theme":"kamu","lab":1},"geometry":{"type":"Point","coordinates":[-0.1644,51.53093]}},{"type":"Feature","properties":{"id":"ke-kamu-63","kind":"poi","name":"High Commission of India","theme":"kamu","lab":1},"geometry":{"type":"Point","coordinates":[-0.11821,51.51251]}},{"type":"Feature","properties":{"id":"ke-kamu-64","kind":"poi","name":"Southwark Crown Court","theme":"kamu","lab":1},"geometry":{"type":"Point","coordinates":[-0.08213,51.50566]}},{"type":"Feature","properties":{"id":"ke-kamu-65","kind":"poi","name":"Ealing Town Hall","theme":"kamu","lab":1},"geometry":{"type":"Point","coordinates":[-0.30759,51.51318]}},{"type":"Feature","properties":{"id":"ke-kamu-66","kind":"poi","name":"Department for Transport","theme":"kamu","lab":1},"geometry":{"type":"Point","coordinates":[-0.13042,51.49466]}},{"type":"Feature","properties":{"id":"ke-kamu-67","kind":"poi","name":"Islington Town Hall","theme":"kamu","lab":1},"geometry":{"type":"Point","coordinates":[-0.10211,51.54168]}},{"type":"Feature","properties":{"id":"ke-kamu-68","kind":"poi","name":"Sessions House","theme":"kamu","lab":1},"geometry":{"type":"Point","coordinates":[-0.2982,51.39305]}},{"type":"Feature","properties":{"id":"ke-kamu-69","kind":"poi","name":"Ministry of Defence","theme":"kamu","lab":1},"geometry":{"type":"Point","coordinates":[-0.12479,51.50401]}},{"type":"Feature","properties":{"id":"ke-kamu-70","kind":"poi","name":"Office of the Secretary of State for Wales","theme":"kamu","lab":1},"geometry":{"type":"Point","coordinates":[-0.12583,51.50415]}},{"type":"Feature","properties":{"id":"ke-kamu-71","kind":"poi","name":"Skipton House","theme":"kamu","lab":1},"geometry":{"type":"Point","coordinates":[-0.1007,51.4963]}},{"type":"Feature","properties":{"id":"ke-kamu-72","kind":"poi","name":"Harrow Crown Court","theme":"kamu","lab":1},"geometry":{"type":"Point","coordinates":[-0.33984,51.59385]}},{"type":"Feature","properties":{"id":"ke-kamu-73","kind":"poi","name":"Embassy of Slovakia","theme":"kamu","lab":1},"geometry":{"type":"Point","coordinates":[-0.19291,51.50927]}},{"type":"Feature","properties":{"id":"ke-kamu-74","kind":"poi","name":"Mansion House","theme":"kamu","lab":1},"geometry":{"type":"Point","coordinates":[-0.08948,51.51297]}},{"type":"Feature","properties":{"id":"ke-kamu-75","kind":"poi","name":"Haringey Civic Centre","theme":"kamu","lab":1},"geometry":{"type":"Point","coordinates":[-0.11215,51.60018]}},{"type":"Feature","properties":{"id":"ke-kamu-76","kind":"poi","name":"George Meehan House","theme":"kamu","lab":1},"geometry":{"type":"Point","coordinates":[-0.11069,51.60364]}},{"type":"Feature","properties":{"id":"ke-kamu-77","kind":"poi","name":"Isleworth Crown Court","theme":"kamu","lab":1},"geometry":{"type":"Point","coordinates":[-0.34061,51.47881]}},{"type":"Feature","properties":{"id":"ke-kamu-78","kind":"poi","name":"Wood Green Crown Court","theme":"kamu","lab":1},"geometry":{"type":"Point","coordinates":[-0.10524,51.59892]}},{"type":"Feature","properties":{"id":"ke-kamu-79","kind":"poi","name":"St Georges Town Hall","theme":"kamu","lab":1},"geometry":{"type":"Point","coordinates":[-0.05842,51.51093]}},{"type":"Feature","properties":{"id":"ke-kamu-80","kind":"poi","name":"Woolwich Crown Court","theme":"kamu","lab":1},"geometry":{"type":"Point","coordinates":[0.09004,51.49654]}},{"type":"Feature","properties":{"id":"ke-kamu-81","kind":"poi","name":"St. Pancras Coroner's Court","theme":"kamu","lab":1},"geometry":{"type":"Point","coordinates":[-0.13003,51.53596]}},{"type":"Feature","properties":{"id":"ke-kamu-82","kind":"poi","name":"Thames Magistrates' Court","theme":"kamu","lab":1},"geometry":{"type":"Point","coordinates":[-0.02351,51.52711]}},{"type":"Feature","properties":{"id":"ke-kamu-83","kind":"poi","name":"Southwark Council","theme":"kamu","lab":1},"geometry":{"type":"Point","coordinates":[-0.08068,51.50314]}},{"type":"Feature","properties":{"id":"ke-kamu-84","kind":"poi","name":"Tottenham Magistrates' Court","theme":"kamu","lab":1},"geometry":{"type":"Point","coordinates":[-0.07286,51.59811]}},{"type":"Feature","properties":{"id":"ke-kamu-85","kind":"poi","name":"Embassy of the Republic of Cuba","theme":"kamu","lab":1},"geometry":{"type":"Point","coordinates":[-0.12543,51.51618]}},{"type":"Feature","properties":{"id":"ke-kamu-86","kind":"poi","name":"Watford Town Hall","theme":"kamu","lab":1},"geometry":{"type":"Point","coordinates":[-0.40344,51.65932]}},{"type":"Feature","properties":{"id":"ke-kamu-87","kind":"poi","name":"London Fire Brigade","theme":"kamu","lab":1},"geometry":{"type":"Point","coordinates":[-0.09862,51.5034]}},{"type":"Feature","properties":{"id":"ke-kamu-88","kind":"poi","name":"Coroner's Court","theme":"kamu","lab":1},"geometry":{"type":"Point","coordinates":[-0.09094,51.50141]}},{"type":"Feature","properties":{"id":"ke-kamu-89","kind":"poi","name":"Camden Town Hall","theme":"kamu","lab":1},"geometry":{"type":"Point","coordinates":[-0.12536,51.52907]}},{"type":"Feature","properties":{"id":"ke-kamu-90","kind":"poi","name":"High Commission of Zambia","theme":"kamu","lab":1},"geometry":{"type":"Point","coordinates":[-0.18368,51.50075]}},{"type":"Feature","properties":{"id":"ke-kamu-91","kind":"poi","name":"Embassy of Lithuania","theme":"kamu","lab":1},"geometry":{"type":"Point","coordinates":[-0.13082,51.48955]}},{"type":"Feature","properties":{"id":"ke-kamu-92","kind":"poi","name":"Rwanda High Commission","theme":"kamu","lab":1},"geometry":{"type":"Point","coordinates":[-0.16336,51.52012]}},{"type":"Feature","properties":{"id":"ke-kamu-93","kind":"poi","name":"Newham Town Hall","theme":"kamu","lab":1},"geometry":{"type":"Point","coordinates":[0.05547,51.53269]}},{"type":"Feature","properties":{"id":"ke-kamu-94","kind":"poi","name":"Danson House","theme":"kamu","lab":1},"geometry":{"type":"Point","coordinates":[0.11837,51.45641]}},{"type":"Feature","properties":{"id":"ke-kamu-95","kind":"poi","name":"Havering Town Hall","theme":"kamu","lab":1},"geometry":{"type":"Point","coordinates":[0.18354,51.58135]}},{"type":"Feature","properties":{"id":"ke-kamu-96","kind":"poi","name":"Apostolic Nunciature","theme":"kamu","lab":1},"geometry":{"type":"Point","coordinates":[-0.22392,51.43607]}},{"type":"Feature","properties":{"id":"ke-kamu-97","kind":"poi","name":"Consulate-General of Algeria","theme":"kamu","lab":1},"geometry":{"type":"Point","coordinates":[-0.26297,51.52167]}},{"type":"Feature","properties":{"id":"ke-kamu-98","kind":"poi","name":"Taipei Representative Office","theme":"kamu","lab":1},"geometry":{"type":"Point","coordinates":[-0.14607,51.49621]}},{"type":"Feature","properties":{"id":"ke-kamu-99","kind":"poi","name":"High Commission of Malaysia","theme":"kamu","lab":1},"geometry":{"type":"Point","coordinates":[-0.15249,51.50009]}},{"type":"Feature","properties":{"id":"ke-kamu-100","kind":"poi","name":"High Commission of Trinidad and Tobago","theme":"kamu","lab":1},"geometry":{"type":"Point","coordinates":[-0.15217,51.49983]}},{"type":"Feature","properties":{"id":"ke-kamu-101","kind":"poi","name":"Embassy of Latvia","theme":"kamu","lab":1},"geometry":{"type":"Point","coordinates":[-0.15352,51.52238]}},{"type":"Feature","properties":{"id":"ke-kamu-102","kind":"poi","name":"Embassy of Zimbabwe","theme":"kamu","lab":1},"geometry":{"type":"Point","coordinates":[-0.12405,51.50967]}},{"type":"Feature","properties":{"id":"ke-kamu-103","kind":"poi","name":"Embassy of the Czech Republic","theme":"kamu","lab":1},"geometry":{"type":"Point","coordinates":[-0.1935,51.5094]}},{"type":"Feature","properties":{"id":"ke-kamu-104","kind":"poi","name":"Embassy of the Philippines","theme":"kamu","lab":1},"geometry":{"type":"Point","coordinates":[-0.13068,51.50862]}},{"type":"Feature","properties":{"id":"ke-kamu-105","kind":"poi","name":"Embassy of China (Commercial Section)","theme":"kamu","lab":1},"geometry":{"type":"Point","coordinates":[-0.17875,51.51202]}},{"type":"Feature","properties":{"id":"ke-kamu-106","kind":"poi","name":"The Mayor's and the City of London Court","theme":"kamu","lab":1},"geometry":{"type":"Point","coordinates":[-0.09143,51.51529]}},{"type":"Feature","properties":{"id":"ke-kamu-107","kind":"poi","name":"Marlborough House","theme":"kamu","lab":1},"geometry":{"type":"Point","coordinates":[-0.13603,51.50497]}},{"type":"Feature","properties":{"id":"ke-kamu-108","kind":"poi","name":"Hillingdon Civic Centre","theme":"kamu","lab":1},"geometry":{"type":"Point","coordinates":[-0.47615,51.54366]}},{"type":"Feature","properties":{"id":"ke-kamu-109","kind":"poi","name":"Privy Council Office","theme":"kamu","lab":1},"geometry":{"type":"Point","coordinates":[-0.13424,51.50525]}},{"type":"Feature","properties":{"id":"ke-kamu-110","kind":"poi","name":"Croydon Town Hall","theme":"kamu","lab":1},"geometry":{"type":"Point","coordinates":[-0.09879,51.37203]}},{"type":"Feature","properties":{"id":"ke-kamu-111","kind":"poi","name":"The Croydon Law Courts","theme":"kamu","lab":1},"geometry":{"type":"Point","coordinates":[-0.09213,51.37288]}},{"type":"Feature","properties":{"id":"ke-kamu-112","kind":"poi","name":"Embassy of Sweden","theme":"kamu","lab":1},"geometry":{"type":"Point","coordinates":[-0.16033,51.51894]}},{"type":"Feature","properties":{"id":"ke-kamu-113","kind":"poi","name":"Embassy of Switzerland","theme":"kamu","lab":1},"geometry":{"type":"Point","coordinates":[-0.16055,51.51837]}},{"type":"Feature","properties":{"id":"ke-kamu-114","kind":"poi","name":"High Commission of Botswana","theme":"kamu","lab":1},"geometry":{"type":"Point","coordinates":[-0.14897,51.51504]}},{"type":"Feature","properties":{"id":"ke-kamu-115","kind":"poi","name":"Tanzania High Commission","theme":"kamu","lab":1},"geometry":{"type":"Point","coordinates":[-0.14886,51.51476]}},{"type":"Feature","properties":{"id":"ke-kamu-116","kind":"poi","name":"Embassy of the Democratic People's Republic of Korea","theme":"kamu","lab":1},"geometry":{"type":"Point","coordinates":[-0.28924,51.50314]}},{"type":"Feature","properties":{"id":"ke-kamu-117","kind":"poi","name":"High Commission of Cameroon","theme":"kamu","lab":1},"geometry":{"type":"Point","coordinates":[-0.20905,51.50556]}},{"type":"Feature","properties":{"id":"ke-kamu-118","kind":"poi","name":"Tottenham Town Hall","theme":"kamu","lab":1},"geometry":{"type":"Point","coordinates":[-0.07246,51.58728]}},{"type":"Feature","properties":{"id":"ke-kamu-119","kind":"poi","name":"Woolwich Town Hall","theme":"kamu","lab":1},"geometry":{"type":"Point","coordinates":[0.06464,51.48988]}},{"type":"Feature","properties":{"id":"ke-kamu-120","kind":"poi","name":"Italian Embassy Residence","theme":"kamu","lab":1},"geometry":{"type":"Point","coordinates":[-0.1498,51.51182]}},{"type":"Feature","properties":{"id":"ke-kamu-121","kind":"poi","name":"Italian Embassy","theme":"kamu","lab":1},"geometry":{"type":"Point","coordinates":[-0.1493,51.51192]}},{"type":"Feature","properties":{"id":"ke-kamu-122","kind":"poi","name":"Embassy of Saudi Arabia","theme":"kamu","lab":1},"geometry":{"type":"Point","coordinates":[-0.14786,51.50723]}},{"type":"Feature","properties":{"id":"ke-kamu-123","kind":"poi","name":"Redbridge Town Hall","theme":"kamu","lab":1},"geometry":{"type":"Point","coordinates":[0.07417,51.55887]}},{"type":"Feature","properties":{"id":"ke-kamu-124","kind":"poi","name":"Magistrates Court","theme":"kamu","lab":1},"geometry":{"type":"Point","coordinates":[0.06389,51.49041]}},{"type":"Feature","properties":{"id":"ke-kamu-125","kind":"poi","name":"Royal Thai Embassy","theme":"kamu","lab":1},"geometry":{"type":"Point","coordinates":[-0.18011,51.49846]}},{"type":"Feature","properties":{"id":"ke-kamu-126","kind":"poi","name":"Embassy of Tunisia","theme":"kamu","lab":1},"geometry":{"type":"Point","coordinates":[-0.17409,51.50137]}},{"type":"Feature","properties":{"id":"ke-kamu-127","kind":"poi","name":"Bexley Civic Offices","theme":"kamu","lab":1},"geometry":{"type":"Point","coordinates":[0.15385,51.45566]}},{"type":"Feature","properties":{"id":"ke-kamu-128","kind":"poi","name":"Embassy of the State of Qatar","theme":"kamu","lab":1},"geometry":{"type":"Point","coordinates":[-0.15035,51.50702]}},{"type":"Feature","properties":{"id":"ke-kamu-129","kind":"poi","name":"Embassy of the United States","theme":"kamu","lab":1},"geometry":{"type":"Point","coordinates":[-0.13222,51.48259]}},{"type":"Feature","properties":{"id":"ke-kamu-130","kind":"poi","name":"Sierra Leone High Commission","theme":"kamu","lab":1},"geometry":{"type":"Point","coordinates":[-0.11742,51.5189]}},{"type":"Feature","properties":{"id":"ke-kamu-131","kind":"poi","name":"Embassy of the Islamic Republic of Mauritania","theme":"kamu","lab":1},"geometry":{"type":"Point","coordinates":[-0.14074,51.49391]}},{"type":"Feature","properties":{"id":"ke-kamu-132","kind":"poi","name":"UK Health Security Agency","theme":"kamu","lab":1},"geometry":{"type":"Point","coordinates":[-0.25427,51.59484]}},{"type":"Feature","properties":{"id":"ke-kamu-133","kind":"poi","name":"Embassy of Ukraine","theme":"kamu","lab":1},"geometry":{"type":"Point","coordinates":[-0.20816,51.50609]}},{"type":"Feature","properties":{"id":"ke-kamu-134","kind":"poi","name":"Embassy of Ireland","theme":"kamu","lab":1},"geometry":{"type":"Point","coordinates":[-0.14997,51.50032]}},{"type":"Feature","properties":{"id":"ke-kamu-135","kind":"poi","name":"Royal Embassy of Cambodia","theme":"kamu","lab":1},"geometry":{"type":"Point","coordinates":[-0.22142,51.54552]}},{"type":"Feature","properties":{"id":"ke-kamu-136","kind":"poi","name":"Embassy of Monaco","theme":"kamu","lab":1},"geometry":{"type":"Point","coordinates":[-0.15372,51.51065]}},{"type":"Feature","properties":{"id":"ke-kamu-137","kind":"poi","name":"Consulate General of Turkey","theme":"kamu","lab":1},"geometry":{"type":"Point","coordinates":[-0.16698,51.50072]}},{"type":"Feature","properties":{"id":"ke-kamu-138","kind":"poi","name":"Embassy of Iran","theme":"kamu","lab":1},"geometry":{"type":"Point","coordinates":[-0.17233,51.50146]}},{"type":"Feature","properties":{"id":"ke-kamu-139","kind":"poi","name":"Kenya High Commission","theme":"kamu","lab":1},"geometry":{"type":"Point","coordinates":[-0.14578,51.52066]}}]}