{"type":"FeatureCollection","features":[{"type":"Feature","properties":{"id":"line-sir1","kind":"line","lineRef":"tram","ref":"SIR1","color":"#B0708A"},"geometry":{"type":"MultiLineString","coordinates":[[[11.8908,45.44199],[11.88995,45.44201],[11.88972,45.44192],[11.88959,45.44097],[11.88911,45.44023],[11.88848,45.43947],[11.88856,45.43927],[11.88969,45.43843],[11.8908,45.4372],[11.89196,45.4367],[11.89092,45.43478],[11.88991,45.43243],[11.88922,45.43107],[11.88815,45.42912],[11.88703,45.4274],[11.88583,45.42595],[11.88443,45.42385],[11.88343,45.42263],[11.88257,45.42183],[11.88166,45.42122],[11.88024,45.42052],[11.87894,45.42009],[11.87883,45.41993],[11.87858,45.41868],[11.8778,45.41783],[11.87783,45.41763],[11.87796,45.41752],[11.87936,45.41727],[11.8795,45.41711],[11.87869,45.4128],[11.87817,45.41064],[11.87819,45.41046],[11.87838,45.41024],[11.8785,45.40987],[11.87841,45.4073],[11.87769,45.40593],[11.87719,45.40528],[11.87664,45.40419],[11.8762,45.40353],[11.87643,45.40291],[11.87623,45.40218],[11.8764,45.40171],[11.87677,45.40129],[11.87778,45.40062],[11.87841,45.40043],[11.87848,45.40028],[11.87736,45.39958],[11.87604,45.4],[11.8758,45.39999],[11.87562,45.39988],[11.87462,45.39813],[11.87133,45.39285],[11.87102,45.39256],[11.87008,45.38957],[11.8698,45.38905],[11.86862,45.38772],[11.86606,45.38631],[11.86577,45.38609],[11.86555,45.38569],[11.8656,45.38503],[11.8655,45.38412],[11.86572,45.38349],[11.86914,45.38094],[11.87046,45.37891],[11.87063,45.3785],[11.87078,45.37788],[11.87088,45.37644],[11.87084,45.37593],[11.87055,45.37497],[11.8705,45.37443],[11.87058,45.37405],[11.8709,45.37336],[11.87162,45.37212],[11.87228,45.37072],[11.8723,45.3702],[11.87204,45.3683],[11.87232,45.36814],[11.87519,45.36781]],[[11.87519,45.36784],[11.87234,45.36817],[11.87207,45.36832],[11.87235,45.37019],[11.87234,45.37071],[11.87167,45.37214],[11.87068,45.3739],[11.87054,45.37447],[11.8706,45.37504],[11.87085,45.37583],[11.87091,45.37631],[11.87082,45.37783],[11.87068,45.37848],[11.87042,45.37909],[11.86914,45.38141],[11.86865,45.38345],[11.86833,45.38526],[11.8682,45.38536],[11.86693,45.38573],[11.86624,45.3861],[11.86609,45.38626],[11.86865,45.3877],[11.86983,45.38903],[11.87012,45.38957],[11.87107,45.39256],[11.87136,45.39285],[11.87458,45.39799],[11.87565,45.39986],[11.87601,45.39997],[11.87737,45.39955],[11.87853,45.40027],[11.87845,45.40045],[11.87784,45.40065],[11.87682,45.40129],[11.87648,45.40165],[11.87627,45.40217],[11.87648,45.40297],[11.87624,45.40347],[11.87729,45.40531],[11.87772,45.4059],[11.87846,45.40729],[11.87854,45.40989],[11.87824,45.41063],[11.87874,45.4128],[11.87947,45.41669],[11.8797,45.41678],[11.8812,45.41654],[11.88135,45.41664],[11.88135,45.41672],[11.88117,45.41685],[11.8799,45.41705],[11.87936,45.41732],[11.87806,45.41752],[11.87788,45.41764],[11.87784,45.41781],[11.87862,45.41866],[11.87885,45.4199],[11.87894,45.42004],[11.88028,45.42051],[11.88168,45.4212],[11.88266,45.42187],[11.88347,45.42261],[11.88456,45.42395],[11.88581,45.42586],[11.88719,45.42754],[11.88891,45.43037],[11.88992,45.43235],[11.89099,45.43483],[11.89201,45.43667],[11.89192,45.43682],[11.89087,45.4372],[11.88971,45.43846],[11.88853,45.4394],[11.88857,45.43958],[11.88915,45.44022],[11.88963,45.44096],[11.88975,45.4419],[11.88994,45.44198],[11.8908,45.44196]]]}},{"type":"Feature","properties":{"id":"badge-sir1","kind":"badge","ref":"SIR1","color":"#B0708A","lineRef":"tram"},"geometry":{"type":"Point","coordinates":[11.87719,45.40514]}},{"type":"Feature","properties":{"id":"line-r12","kind":"line","lineRef":"train","ref":"R12"},"geometry":{"type":"LineString","coordinates":[[11.77385,45.45788],[11.78492,45.45402],[11.79759,45.44958],[11.80905,45.44557],[11.81762,45.44257],[11.82367,45.44044],[11.83161,45.43709],[11.84256,45.43245],[11.85352,45.4278],[11.86136,45.42448],[11.8698,45.4209],[11.8743,45.41904],[11.87531,45.41874],[11.87682,45.41845],[11.88263,45.41755],[11.88349,45.41747],[11.88621,45.41745],[11.88841,45.41777],[11.90035,45.42004],[11.91008,45.42199],[11.92248,45.42441],[11.92722,45.4254],[11.94143,45.4281],[11.94834,45.42953],[11.9586,45.43142],[11.96811,45.43325],[11.98176,45.43589],[11.99158,45.43778],[12.00097,45.43959],[12.01134,45.44158],[12.02258,45.44381],[12.03562,45.44643],[12.04777,45.44884],[12.0567,45.45061],[12.0695,45.45319],[12.07261,45.45381],[12.0846,45.45619],[12.09664,45.45854],[12.1093,45.46105],[12.11814,45.46297],[12.13433,45.46641],[12.1461,45.46894],[12.15515,45.47088],[12.16545,45.47309],[12.17439,45.47491],[12.18947,45.47826],[12.19644,45.47967],[12.21159,45.48316],[12.21552,45.48371],[12.22033,45.48403],[12.222,45.48406],[12.22434,45.48379],[12.22803,45.48293],[12.22861,45.48309],[12.23212,45.48226]]}},{"type":"Feature","properties":{"id":"badge-r12","kind":"badge","ref":"R12","lineRef":"train"},"geometry":{"type":"Point","coordinates":[11.99841,45.4391]}},{"type":"Feature","properties":{"id":"line-rv55","kind":"line","lineRef":"train","ref":"RV55"},"geometry":{"type":"LineString","coordinates":[[11.88056,45.41771],[11.87706,45.4182],[11.87562,45.41848],[11.87379,45.41901],[11.87092,45.42011],[11.86934,45.42044],[11.86792,45.42054],[11.8658,45.42035],[11.86378,45.41981],[11.86292,45.41945],[11.86196,45.41892],[11.86124,45.41839],[11.86058,45.41779],[11.85553,45.41174],[11.85372,45.40902],[11.85055,45.40515],[11.84957,45.40405],[11.8469,45.40133],[11.84548,45.39972],[11.84479,45.39873],[11.84097,45.39266],[11.83451,45.38486],[11.82808,45.37709],[11.8222,45.37],[11.81752,45.36429],[11.81229,45.35631],[11.80776,45.34938],[11.80682,45.34793],[11.80405,45.34259],[11.80097,45.33646],[11.7967,45.32794],[11.79641,45.32736]]}},{"type":"Feature","properties":{"id":"badge-rv55","kind":"badge","ref":"RV55","lineRef":"train"},"geometry":{"type":"Point","coordinates":[11.83081,45.38039]}},{"type":"Feature","properties":{"id":"line-r230","kind":"line","lineRef":"train","ref":"R230"},"geometry":{"type":"LineString","coordinates":[[11.88056,45.41771],[11.88066,45.41801],[11.87628,45.41866],[11.87507,45.41893],[11.87371,45.4194],[11.87182,45.42025],[11.87107,45.42076],[11.87015,45.42168],[11.86987,45.42205],[11.86967,45.42248],[11.86956,45.42296],[11.86965,45.42381],[11.87008,45.42469],[11.8709,45.42569],[11.87701,45.43216],[11.88409,45.43968],[11.8874,45.44316],[11.88866,45.44486],[11.88954,45.44657],[11.8902,45.44823],[11.89119,45.4513],[11.89157,45.45283],[11.89177,45.45403],[11.89187,45.45549],[11.89207,45.46708],[11.8922,45.46824],[11.89435,45.47792],[11.89589,45.48482],[11.8975,45.49204],[11.89948,45.50093],[11.90017,45.50389],[11.90067,45.50519],[11.90386,45.51228],[11.90721,45.51974],[11.91038,45.5268],[11.91425,45.53539],[11.917,45.54148],[11.91793,45.5436],[11.92069,45.55031],[11.9246,45.55971],[11.92472,45.56]]}},{"type":"Feature","properties":{"id":"badge-r230","kind":"badge","ref":"R230","lineRef":"train"},"geometry":{"type":"Point","coordinates":[11.89605,45.48555]}},{"type":"Feature","properties":{"id":"line-bus-3","kind":"line","lineRef":"bus","ref":"3"},"geometry":{"type":"LineString","coordinates":[[11.88127,45.41672],[11.87958,45.41698],[11.87875,45.41245],[11.87818,45.4105],[11.87844,45.41021],[11.87852,45.40987],[11.87845,45.40735],[11.87771,45.40593],[11.87623,45.40353],[11.87645,45.4029],[11.87625,45.40219],[11.87638,45.40178],[11.87678,45.4013],[11.87775,45.40066],[11.8785,45.40037],[11.87843,45.4002],[11.87738,45.39951],[11.87857,45.3973],[11.87863,45.39689],[11.87968,45.39679],[11.88255,45.3961],[11.88193,45.39523],[11.88142,45.39421],[11.88116,45.39395],[11.88063,45.39366],[11.87828,45.39306],[11.87819,45.39297],[11.87836,45.3929],[11.87865,45.39249],[11.88004,45.38952],[11.88297,45.38318],[11.88597,45.37671],[11.88882,45.37054],[11.8899,45.3682],[11.88978,45.3681],[11.88992,45.36765],[11.88999,45.36752],[11.8902,45.36749],[11.89205,45.36352],[11.89196,45.36331],[11.8922,45.36318],[11.89347,45.36056],[11.89419,45.35886],[11.89405,45.35868],[11.89426,45.35862],[11.89446,45.3583],[11.89731,45.35211],[11.89723,45.35195],[11.89747,45.35177],[11.8984,45.34979],[11.89834,45.34969],[11.89846,45.34963],[11.90276,45.3401],[11.90268,45.33993],[11.90246,45.33987],[11.8983,45.33964],[11.89442,45.33902],[11.89115,45.33925],[11.89034,45.33918],[11.89016,45.33909],[11.88591,45.33961],[11.88445,45.33916],[11.88309,45.3392],[11.88283,45.3383]]}},{"type":"Feature","properties":{"id":"badge-bus-3","kind":"badge","ref":"3","lineRef":"bus"},"geometry":{"type":"Point","coordinates":[11.88737,45.37368]}},{"type":"Feature","properties":{"id":"line-bus-4","kind":"line","lineRef":"bus","ref":"4"},"geometry":{"type":"MultiLineString","coordinates":[[[11.89199,45.44201],[11.89197,45.44191],[11.8921,45.44184],[11.89336,45.44188],[11.89347,45.44195],[11.89347,45.44221]],[[11.89347,45.44221],[11.89366,45.44617],[11.89441,45.44865]],[[11.89441,45.44865],[11.89493,45.44893],[11.89632,45.44879],[11.89649,45.44887],[11.89659,45.44913]],[[11.89659,45.44913],[11.89625,45.4489],[11.8951,45.44898],[11.89464,45.44914],[11.89454,45.44908],[11.89441,45.44865]],[[11.90117,45.45421],[11.89782,45.45113]],[[11.89965,45.45602],[11.90028,45.45854],[11.90044,45.4588],[11.90035,45.45889]],[[11.90035,45.45889],[11.90022,45.45882],[11.89956,45.45603],[11.89965,45.45602]],[[11.90196,45.45571],[11.89965,45.45602]],[[11.90574,45.46683],[11.90366,45.46719],[11.90279,45.46488],[11.90102,45.46077],[11.90035,45.45889]],[[11.90117,45.45421],[11.90163,45.45428],[11.9017,45.45459],[11.90259,45.45543],[11.90255,45.45556],[11.90196,45.45571]],[[11.90196,45.45571],[11.90218,45.45538],[11.90213,45.4551],[11.90117,45.45421]],[[11.90574,45.46683],[11.90572,45.46674],[11.9084,45.4648],[11.90914,45.46463],[11.91105,45.46427],[11.9124,45.46559],[11.90574,45.46683]]]}},{"type":"Feature","properties":{"id":"badge-bus-4","kind":"badge","ref":"4","lineRef":"bus"},"geometry":{"type":"Point","coordinates":[11.91177,45.46498]}},{"type":"Feature","properties":{"id":"line-bus-5","kind":"line","lineRef":"bus","ref":"5"},"geometry":{"type":"MultiLineString","coordinates":[[[11.85208,45.3849],[11.85134,45.38525],[11.85022,45.38605],[11.84832,45.38687],[11.84773,45.3876],[11.84737,45.38786],[11.84566,45.38817],[11.844,45.38818],[11.8426,45.388],[11.84179,45.38728],[11.84139,45.38713],[11.84091,45.38714],[11.8401,45.38742],[11.83823,45.38853],[11.83718,45.38901],[11.83617,45.38931],[11.83547,45.38937]],[[11.85208,45.3849],[11.85173,45.38357],[11.85177,45.3831],[11.85717,45.38393],[11.85742,45.38391],[11.85798,45.38431]],[[11.85794,45.38442],[11.85457,45.3845],[11.85208,45.3849]],[[11.85813,45.38434],[11.85873,45.3845],[11.86126,45.38488],[11.86347,45.3856]],[[11.86645,45.38779],[11.86698,45.38833],[11.86719,45.38877],[11.8672,45.38921],[11.86659,45.39234],[11.86537,45.39536],[11.86247,45.39514]],[[11.8634,45.399],[11.86242,45.39885],[11.86185,45.39866],[11.86247,45.39514]],[[11.86247,45.39514],[11.86262,45.39401],[11.86285,45.39344],[11.86476,45.39051],[11.86447,45.38999],[11.864,45.38959]],[[11.86324,45.40338],[11.86321,45.4039],[11.86364,45.4048],[11.86361,45.40507]],[[11.86361,45.40507],[11.86344,45.40458],[11.86297,45.4039],[11.86324,45.40338]],[[11.86368,45.39956],[11.86366,45.40252],[11.86324,45.40338]],[[11.86396,45.41157],[11.86364,45.40879],[11.86341,45.40786],[11.86341,45.40732]],[[11.86347,45.3856],[11.86511,45.38583],[11.8667,45.38673],[11.86685,45.38687],[11.86681,45.3871],[11.8663,45.38753],[11.86645,45.38779]],[[11.86645,45.38779],[11.86332,45.38636],[11.86347,45.3856]],[[11.86361,45.40507],[11.86348,45.40678]],[[11.86396,45.41157],[11.86411,45.41183],[11.86443,45.41192],[11.8658,45.4117]],[[11.8658,45.4117],[11.86546,45.41191],[11.86498,45.41204],[11.86423,45.41195],[11.8639,45.41204],[11.86373,45.41186],[11.86396,45.41157]],[[11.8658,45.4117],[11.8699,45.4095],[11.87178,45.40943],[11.8734,45.40922],[11.87775,45.40927],[11.87797,45.40958],[11.87875,45.41245],[11.87954,45.41676]],[[11.88226,45.41555],[11.88201,45.4157],[11.88217,45.4161],[11.88168,45.41632],[11.88127,45.41672],[11.87958,45.41698],[11.87954,45.41676]],[[11.87954,45.41676],[11.88102,45.41649],[11.88172,45.41623],[11.88189,45.41613],[11.88193,45.41599],[11.88177,45.41555],[11.88226,45.41555]],[[11.88264,45.41196],[11.88399,45.41463],[11.88387,45.41528],[11.88226,45.41555]],[[11.88264,45.41196],[11.88184,45.41106],[11.8842,45.40844],[11.88546,45.4075]],[[11.88546,45.4075],[11.88421,45.40861],[11.88271,45.41035],[11.8825,45.41084],[11.8825,45.41151],[11.88264,45.41196]],[[11.88748,45.4043],[11.88665,45.40545],[11.88546,45.4075]],[[11.88644,45.39865],[11.89121,45.39299],[11.89632,45.38702],[11.89721,45.38599],[11.89772,45.38554],[11.89896,45.38477],[11.89944,45.38429]],[[11.88921,45.40185],[11.88763,45.40416]],[[11.8879,45.40028],[11.88871,45.40132],[11.88914,45.40166]],[[11.90005,45.38357],[11.9005,45.38284],[11.90088,45.38185],[11.90118,45.38138],[11.90437,45.37769],[11.9048,45.3773],[11.90543,45.37695]],[[11.90562,45.37687],[11.90903,45.37542]],[[11.90995,45.3751],[11.91817,45.37154],[11.92585,45.36828],[11.9303,45.36636]],[[11.93192,45.36568],[11.934,45.36465],[11.93575,45.3643],[11.93786,45.36286]],[[11.93817,45.36264],[11.93971,45.36163]]]}},{"type":"Feature","properties":{"id":"badge-bus-5","kind":"badge","ref":"5","lineRef":"bus"},"geometry":{"type":"Point","coordinates":[11.89265,45.39131]}},{"type":"Feature","properties":{"id":"line-bus-6","kind":"line","lineRef":"bus","ref":"6"},"geometry":{"type":"MultiLineString","coordinates":[[[11.82741,45.39588],[11.82888,45.39899]],[[11.83433,45.39718],[11.82809,45.39592]],[[11.82888,45.39899],[11.82931,45.39998],[11.82987,45.39966]],[[11.83433,45.39718],[11.82987,45.39966]],[[11.83813,45.39821],[11.83768,45.4],[11.83826,45.40174],[11.83837,45.4024],[11.8384,45.40299],[11.83824,45.40365],[11.83884,45.40458],[11.84019,45.406],[11.84082,45.40789]],[[11.83836,45.39789],[11.83956,45.39806],[11.84012,45.39786],[11.84049,45.39742],[11.84132,45.39592],[11.84177,45.39566],[11.84215,45.39568],[11.8426,45.39587],[11.843,45.39627],[11.84447,45.39867],[11.84465,45.39884],[11.84989,45.40018]],[[11.84082,45.40789],[11.84134,45.40903],[11.84225,45.40995],[11.84351,45.41156],[11.8439,45.4115]],[[11.84082,45.40789],[11.84184,45.40785],[11.84326,45.41022],[11.8439,45.4115]],[[11.8439,45.4115],[11.84683,45.41114],[11.84841,45.41083]],[[11.84868,45.4108],[11.85061,45.41063],[11.85291,45.41059]],[[11.85009,45.40024],[11.85196,45.40053],[11.85515,45.4005],[11.85622,45.40061],[11.86258,45.40372],[11.86318,45.40382],[11.86365,45.40484],[11.86341,45.40786],[11.86364,45.40879],[11.86393,45.41141],[11.86404,45.41177]],[[11.85626,45.41092],[11.85291,45.41059]],[[11.85291,45.41059],[11.85507,45.41071],[11.85626,45.41092]],[[11.85626,45.41092],[11.85973,45.41148],[11.86083,45.41148],[11.86252,45.41166]],[[11.8658,45.4117],[11.86978,45.40953],[11.87178,45.40943],[11.87328,45.40924],[11.87382,45.41189],[11.87379,45.41239]],[[11.87379,45.41239],[11.87382,45.41304],[11.87362,45.41359],[11.87413,45.41414],[11.87466,45.41454]],[[11.87454,45.41463],[11.87386,45.41397],[11.87326,45.41316],[11.87327,45.41301],[11.87367,45.4127],[11.87379,45.41239]],[[11.8768,45.41642],[11.87713,45.4167],[11.87779,45.41757],[11.87797,45.41766],[11.87927,45.41743],[11.8796,45.41722],[11.87957,45.41689]],[[11.87957,45.41689],[11.87954,45.41676],[11.88102,45.41649],[11.88184,45.41618],[11.8819,45.41604]],[[11.88203,45.41615],[11.88168,45.41632],[11.88137,45.41661],[11.87957,45.41689]],[[11.88264,45.41196],[11.88399,45.41463],[11.88387,45.41528],[11.88226,45.41555]],[[11.88264,45.41196],[11.88184,45.41106],[11.8842,45.40844],[11.88546,45.4075]],[[11.88546,45.4075],[11.88421,45.40861],[11.88271,45.41035],[11.8825,45.41084],[11.8825,45.41151],[11.88264,45.41196]],[[11.88748,45.4043],[11.88665,45.40545],[11.88546,45.4075]],[[11.88921,45.40185],[11.88763,45.40416]],[[11.8893,45.40162],[11.89118,45.39956],[11.89269,45.39768],[11.89473,45.39759],[11.89706,45.39709],[11.89932,45.397]],[[11.89982,45.39696],[11.89993,45.3961],[11.90018,45.39552],[11.90055,45.39507],[11.90213,45.39401],[11.90368,45.39319],[11.90829,45.39164],[11.90869,45.39166],[11.90905,45.39198],[11.90981,45.39384],[11.91048,45.39607],[11.91046,45.3963]]]}},{"type":"Feature","properties":{"id":"badge-bus-6","kind":"badge","ref":"6","lineRef":"bus"},"geometry":{"type":"Point","coordinates":[11.86179,45.40333]}},{"type":"Feature","properties":{"id":"line-bus-7","kind":"line","lineRef":"bus","ref":"7"},"geometry":{"type":"MultiLineString","coordinates":[[[11.88203,45.41615],[11.88168,45.41632],[11.88127,45.41672],[11.87958,45.41698],[11.87954,45.41676],[11.88102,45.41649],[11.88184,45.41618],[11.8819,45.41604]],[[11.88264,45.41196],[11.88399,45.41463],[11.88387,45.41528],[11.88226,45.41555]],[[11.88264,45.41196],[11.88184,45.41106],[11.8842,45.40844],[11.88546,45.4075]],[[11.88546,45.4075],[11.88421,45.40861],[11.88271,45.41035],[11.8825,45.41084],[11.8825,45.41151],[11.88264,45.41196]],[[11.88546,45.4075],[11.88597,45.40761],[11.88683,45.40763],[11.88859,45.40723],[11.89049,45.40705],[11.8953,45.40708],[11.89651,45.40719]],[[11.90124,45.40824],[11.90051,45.40797],[11.89816,45.40753],[11.8979,45.40757],[11.89772,45.40744],[11.89667,45.40721]],[[11.90124,45.40824],[11.90171,45.4084],[11.90188,45.40831],[11.90139,45.40742]],[[11.90238,45.40866],[11.90238,45.4088],[11.90203,45.40914],[11.90168,45.40922],[11.90152,45.40913],[11.90146,45.40899],[11.9018,45.40869]],[[11.90295,45.40832],[11.90518,45.40751]],[[11.90932,45.40801],[11.90901,45.40795],[11.90606,45.40827],[11.90568,45.4081],[11.90532,45.40759]],[[11.90941,45.40818],[11.90856,45.40923],[11.91198,45.41054]],[[11.91655,45.40896],[11.9148,45.41162],[11.91217,45.41061]],[[11.91708,45.40793],[11.91896,45.40773],[11.9197,45.40774],[11.92025,45.40793],[11.92091,45.40851]],[[11.9207,45.40862],[11.92038,45.40816],[11.91984,45.40787],[11.91933,45.40796],[11.91862,45.40785],[11.91725,45.40819]],[[11.92424,45.41099],[11.91893,45.41103],[11.91833,45.41114],[11.91806,45.41103],[11.91806,45.41086],[11.91995,45.40916],[11.92071,45.4087]],[[11.92091,45.4088],[11.92007,45.40922],[11.91855,45.41059],[11.91849,45.4107],[11.91855,45.4108],[11.91881,45.41088],[11.92422,45.41085]],[[11.92438,45.41084],[11.9319,45.41079],[11.93203,45.41071],[11.93217,45.40912],[11.93231,45.40884],[11.93223,45.4054],[11.93115,45.40279]],[[11.93183,45.40269],[11.93223,45.40406],[11.93237,45.40495],[11.93244,45.40883],[11.9326,45.40912],[11.93277,45.41064],[11.93291,45.41076],[11.93378,45.41077],[11.93386,45.41088],[11.92442,45.41097]],[[11.92893,45.40066],[11.92864,45.39989],[11.92679,45.39662]],[[11.92679,45.39662],[11.92655,45.39647],[11.92604,45.39666],[11.92583,45.39656],[11.92595,45.39642],[11.92682,45.39607],[11.93242,45.3946]],[[11.93257,45.39479],[11.92707,45.39622],[11.92677,45.39639],[11.92679,45.39662]],[[11.92969,45.40288],[11.92897,45.40079]],[[11.9327,45.39453],[11.94414,45.39146]],[[11.94425,45.39167],[11.93277,45.39473]],[[11.94425,45.39167],[11.94456,45.39161],[11.94459,45.39182],[11.94563,45.39373],[11.94603,45.39511],[11.95213,45.39347],[11.95043,45.3903],[11.95015,45.39012],[11.94458,45.39157]]]}},{"type":"Feature","properties":{"id":"badge-bus-7","kind":"badge","ref":"7","lineRef":"bus"},"geometry":{"type":"Point","coordinates":[11.9517,45.39359]}},{"type":"Feature","properties":{"id":"line-bus-9","kind":"line","lineRef":"bus","ref":"9"},"geometry":{"type":"MultiLineString","coordinates":[[[11.85767,45.40722],[11.85697,45.40723],[11.85722,45.40889],[11.85791,45.40887],[11.85767,45.40722]],[[11.86331,45.40698],[11.85767,45.40722]],[[11.86396,45.41157],[11.86364,45.40879],[11.86341,45.40786],[11.86341,45.40732]],[[11.8639,45.41698],[11.86342,45.41668],[11.86331,45.41634],[11.86352,45.41592],[11.86407,45.41534],[11.86424,45.41488],[11.86409,45.41252]],[[11.87299,45.41321],[11.86894,45.41541],[11.86575,45.41732]],[[11.87472,45.41456],[11.87471,45.41468],[11.87457,45.41467],[11.8733,45.41327],[11.87299,45.41321]],[[11.87299,45.41321],[11.8732,45.41314],[11.87363,45.41274],[11.87379,45.41275],[11.87382,45.41304],[11.87362,45.41359],[11.87425,45.41425],[11.87472,45.41456]],[[11.87752,45.41303],[11.87604,45.41398],[11.87472,45.41456]],[[11.87818,45.4105],[11.87876,45.41257]],[[11.87876,45.41257],[11.87861,45.4124],[11.87818,45.4105]],[[11.87876,45.41257],[11.87954,45.41676]],[[11.88226,45.41555],[11.88201,45.4157],[11.88217,45.4161],[11.88168,45.41632],[11.88137,45.41661],[11.87957,45.41689],[11.87954,45.41676]],[[11.87954,45.41676],[11.88102,45.41649],[11.88172,45.41623],[11.88189,45.41613],[11.88193,45.41599],[11.88177,45.41555],[11.88226,45.41555]],[[11.88264,45.41196],[11.88385,45.41424],[11.88398,45.41477]],[[11.88264,45.41196],[11.88184,45.41106],[11.8842,45.40844],[11.88546,45.4075]],[[11.88546,45.4075],[11.88421,45.40861],[11.88271,45.41035],[11.8825,45.41084],[11.8825,45.41151],[11.88264,45.41196]],[[11.88546,45.4075],[11.88597,45.40761],[11.88683,45.40763],[11.88859,45.40723],[11.89049,45.40705],[11.8953,45.40708],[11.89651,45.40719]],[[11.90124,45.40824],[11.90051,45.40797],[11.89811,45.40753]],[[11.90124,45.40824],[11.90171,45.4084],[11.90188,45.40831],[11.90136,45.40737],[11.90141,45.40727],[11.90159,45.40726],[11.90167,45.40737],[11.90155,45.40761],[11.90217,45.40853],[11.90239,45.40868],[11.90238,45.4088],[11.90208,45.40908],[11.90211,45.40933]],[[11.90211,45.40933],[11.90148,45.40909],[11.90153,45.40888],[11.9018,45.40869],[11.90168,45.40849],[11.90124,45.40824]],[[11.90211,45.40933],[11.90264,45.41344]],[[11.90605,45.41514],[11.90293,45.414]],[[11.91126,45.41864],[11.90961,45.41616],[11.90735,45.41551]],[[11.90898,45.4198],[11.91032,45.42227],[11.91123,45.42346]],[[11.91131,45.42355],[11.91193,45.42457],[11.91335,45.42612],[11.91347,45.4264]],[[11.91355,45.42658],[11.91406,45.42749],[11.91416,45.42753],[11.91635,45.42689]],[[11.9136,45.42648],[11.91433,45.4262],[11.91526,45.42569],[11.91635,45.42689]],[[11.91441,45.41969],[11.91481,45.4198],[11.91507,45.41977],[11.91552,45.41908],[11.9146,45.41887],[11.91427,45.41944],[11.91429,45.41957]],[[11.91635,45.42689],[11.91847,45.42603],[11.9197,45.42568],[11.92145,45.42535]]]}},{"type":"Feature","properties":{"id":"badge-bus-9","kind":"badge","ref":"9","lineRef":"bus"},"geometry":{"type":"Point","coordinates":[11.89093,45.40705]}},{"type":"Feature","properties":{"id":"line-bus-10","kind":"line","lineRef":"bus","ref":"10"},"geometry":{"type":"MultiLineString","coordinates":[[[11.80946,45.4214],[11.80632,45.42193],[11.80628,45.42182],[11.80854,45.4214],[11.80946,45.4214]],[[11.80946,45.4214],[11.81488,45.42046],[11.81719,45.42026],[11.81832,45.42004],[11.82188,45.41921],[11.82602,45.41771]],[[11.81078,45.41214],[11.81174,45.41419]],[[11.81093,45.41201],[11.82472,45.40868]],[[11.82602,45.41771],[11.82592,45.41567],[11.82532,45.409]],[[11.82602,45.41771],[11.83498,45.41467],[11.84312,45.41165],[11.84841,45.41083]],[[11.84868,45.4108],[11.85061,45.41063],[11.85291,45.41059]],[[11.85626,45.41092],[11.85291,45.41059]],[[11.85291,45.41059],[11.85507,45.41071],[11.85626,45.41092]],[[11.85626,45.41092],[11.85973,45.41148],[11.86083,45.41148],[11.86252,45.41166]],[[11.86252,45.41166],[11.86377,45.41181],[11.86398,45.41176],[11.86449,45.41192],[11.8658,45.4117]],[[11.8658,45.4117],[11.86546,45.41191],[11.86498,45.41204],[11.86423,45.41195],[11.86394,45.41205],[11.86336,45.41179],[11.86252,45.41166]],[[11.8658,45.4117],[11.8699,45.4095],[11.87178,45.40943],[11.8734,45.40922],[11.87775,45.40927],[11.87797,45.40958],[11.87875,45.41245],[11.87954,45.41676]],[[11.88226,45.41555],[11.88201,45.4157],[11.88217,45.4161],[11.88168,45.41632],[11.88127,45.41672],[11.87958,45.41698],[11.87954,45.41676]],[[11.87954,45.41676],[11.88102,45.41649],[11.88172,45.41623],[11.88189,45.41613],[11.88193,45.41599],[11.88177,45.41555],[11.88226,45.41555]],[[11.88728,45.41419],[11.88418,45.41522],[11.88226,45.41555]],[[11.88745,45.41411],[11.8916,45.41261]],[[11.90073,45.40919],[11.89631,45.4108]],[[11.90073,45.40919],[11.9017,45.4088],[11.90205,45.40852],[11.90229,45.40857],[11.9029,45.40893]],[[11.9029,45.40893],[11.9024,45.40884],[11.90182,45.40923],[11.90133,45.40904],[11.90073,45.40919]],[[11.90422,45.40945],[11.90718,45.4105],[11.91131,45.4122]],[[11.91131,45.4122],[11.91062,45.41202],[11.90708,45.4107],[11.90476,45.40976],[11.90422,45.40945]],[[11.91131,45.4122],[11.92183,45.41625]],[[11.93181,45.41966],[11.92837,45.41872],[11.92298,45.41668]],[[11.93181,45.41966],[11.93434,45.42021]],[[11.93434,45.42021],[11.93274,45.41993],[11.93181,45.41966]],[[11.93613,45.42104],[11.93434,45.42021]],[[11.94111,45.42307],[11.93738,45.42167]],[[11.94891,45.42593],[11.94532,45.42489],[11.94185,45.42333]]]}},{"type":"Feature","properties":{"id":"badge-bus-10","kind":"badge","ref":"10","lineRef":"bus"},"geometry":{"type":"Point","coordinates":[11.83705,45.4139]}},{"type":"Feature","properties":{"id":"line-bus-11","kind":"line","lineRef":"bus","ref":"11"},"geometry":{"type":"MultiLineString","coordinates":[[[11.82264,45.45908],[11.82282,45.45867],[11.82664,45.45309],[11.82748,45.45174],[11.8295,45.4489]],[[11.8295,45.4489],[11.82963,45.44851],[11.82953,45.44806],[11.83006,45.44764],[11.83013,45.44733]],[[11.83013,45.44733],[11.83051,45.44922],[11.83042,45.44933],[11.83006,45.44934],[11.8298,45.44887],[11.8295,45.4489]],[[11.83005,45.44692],[11.83012,45.44602],[11.83098,45.44483]],[[11.83104,45.44472],[11.83183,45.44362],[11.83357,45.4419],[11.83616,45.43809],[11.83629,45.43577],[11.83672,45.434],[11.83693,45.43359],[11.83722,45.43326],[11.83768,45.43297],[11.83938,45.43255]],[[11.8311,45.4448],[11.83201,45.44501],[11.83254,45.44498],[11.84781,45.43924],[11.85148,45.43895]],[[11.84018,45.4324],[11.84108,45.4323],[11.84274,45.43156],[11.84499,45.42953],[11.84828,45.42705]],[[11.84935,45.4262],[11.85087,45.42505],[11.85638,45.42215]],[[11.85722,45.42172],[11.8591,45.42067]],[[11.86318,45.41771],[11.86205,45.41809],[11.8594,45.41962],[11.8591,45.41998],[11.85918,45.42026]],[[11.87299,45.41321],[11.86894,45.41541],[11.86575,45.41732]],[[11.87325,45.41308],[11.87363,45.41274],[11.87379,45.41275],[11.87382,45.41304],[11.87362,45.41359],[11.87413,45.41414],[11.87466,45.41454]],[[11.87454,45.41463],[11.8733,45.41327]],[[11.87752,45.41303],[11.87604,45.41398],[11.87472,45.41456]],[[11.87688,45.41129],[11.87759,45.41206],[11.87811,45.41247]],[[11.8778,45.38849],[11.87578,45.38879],[11.87566,45.388],[11.87544,45.38744],[11.87602,45.38728],[11.87739,45.38716],[11.8778,45.38849]],[[11.88979,45.3886],[11.88893,45.38832],[11.88647,45.38826],[11.88426,45.38786],[11.88356,45.38781],[11.88109,45.38844],[11.87872,45.38821],[11.8778,45.38849]],[[11.87818,45.4105],[11.87876,45.41257]],[[11.88255,45.3961],[11.87872,45.39705],[11.87738,45.39951],[11.87843,45.4002],[11.8785,45.40037],[11.87775,45.40066],[11.87678,45.4013],[11.87649,45.40161],[11.87627,45.40205],[11.87625,45.40232],[11.87645,45.4029],[11.87623,45.40353],[11.87771,45.40593],[11.87845,45.40735],[11.87852,45.40987],[11.87844,45.41021],[11.87818,45.4105]],[[11.88255,45.3961],[11.88193,45.39523],[11.88148,45.3943],[11.88164,45.3942],[11.88172,45.39379],[11.88207,45.39341],[11.88275,45.3928],[11.88332,45.39252]],[[11.88332,45.39252],[11.88434,45.39457],[11.88255,45.3961]],[[11.88332,45.39252],[11.8851,45.39197],[11.88718,45.39158],[11.88972,45.3908],[11.89059,45.39034]],[[11.89059,45.39034],[11.89154,45.38958],[11.88979,45.3886]],[[11.88979,45.3886],[11.8894,45.38933],[11.89059,45.39034]]]}},{"type":"Feature","properties":{"id":"badge-bus-11","kind":"badge","ref":"11","lineRef":"bus"},"geometry":{"type":"Point","coordinates":[11.87632,45.40195]}},{"type":"Feature","properties":{"id":"line-bus-12","kind":"line","lineRef":"bus","ref":"12"},"geometry":{"type":"MultiLineString","coordinates":[[[11.78292,45.39113],[11.78353,45.39189],[11.7819,45.39279],[11.78085,45.39323],[11.78045,45.39271],[11.78175,45.39165],[11.78292,45.39113]],[[11.78492,45.39004],[11.78425,45.39031],[11.78292,45.39113]],[[11.78392,45.38505],[11.78491,45.38663],[11.78505,45.38727],[11.78511,45.38834],[11.78599,45.38973],[11.7857,45.38981]],[[11.78413,45.38482],[11.79862,45.38916]],[[11.80013,45.38958],[11.80283,45.39021],[11.80552,45.39058]],[[11.8119,45.39185],[11.81174,45.39206],[11.81138,45.39298],[11.80824,45.3924],[11.80788,45.39326],[11.80758,45.39444],[11.8062,45.39622],[11.8059,45.3978],[11.80623,45.39793],[11.80678,45.39787],[11.8069,45.39808]],[[11.80956,45.39123],[11.81186,45.39171]],[[11.81212,45.39176],[11.8159,45.39245],[11.81684,45.39279]],[[11.81756,45.39306],[11.81901,45.39364],[11.82331,45.39478]],[[11.82347,45.39483],[11.82537,45.39511],[11.82733,45.39579]],[[11.83524,45.39737],[11.82809,45.39592]],[[11.84641,45.39933],[11.84424,45.39888],[11.83831,45.39798]],[[11.83836,45.39789],[11.83956,45.39806],[11.84012,45.39786],[11.84049,45.39742],[11.84132,45.39592],[11.84177,45.39566],[11.84215,45.39568],[11.8426,45.39587],[11.843,45.39627],[11.84455,45.39877],[11.84641,45.39933]],[[11.84989,45.40018],[11.84641,45.39933]],[[11.85622,45.40061],[11.85515,45.4005],[11.85196,45.40053],[11.85009,45.40024]],[[11.85622,45.40061],[11.85824,45.40096],[11.8634,45.40033],[11.86367,45.40019]],[[11.86367,45.40019],[11.86366,45.40252],[11.86324,45.40338],[11.86321,45.4039],[11.86309,45.40397],[11.85622,45.40061]],[[11.86492,45.3992],[11.8673,45.39932],[11.86887,45.39924],[11.87274,45.39811],[11.8745,45.39788],[11.87668,45.39718],[11.87805,45.39692]],[[11.87954,45.41676],[11.87875,45.41245],[11.87818,45.4105],[11.87844,45.41021],[11.87852,45.40987],[11.87845,45.40735],[11.87771,45.40593],[11.87703,45.40494],[11.87621,45.40348],[11.87644,45.40302],[11.87625,45.40219],[11.87649,45.40161],[11.87678,45.4013],[11.87775,45.40066],[11.8785,45.40037],[11.87843,45.4002],[11.87738,45.39951],[11.87857,45.3973]],[[11.88212,45.41596],[11.88215,45.41612],[11.88176,45.41627],[11.88137,45.41661],[11.87957,45.41689],[11.87954,45.41676]],[[11.87954,45.41676],[11.88102,45.41649],[11.88184,45.41618],[11.88193,45.41599]]]}},{"type":"Feature","properties":{"id":"badge-bus-12","kind":"badge","ref":"12","lineRef":"bus"},"geometry":{"type":"Point","coordinates":[11.87795,45.40639]}},{"type":"Feature","properties":{"id":"line-bus-13","kind":"line","lineRef":"bus","ref":"13"},"geometry":{"type":"MultiLineString","coordinates":[[[11.83638,45.48462],[11.83437,45.48369],[11.83459,45.4817]],[[11.83638,45.48462],[11.83781,45.48303],[11.83468,45.48166]],[[11.84217,45.48259],[11.83919,45.48417],[11.83765,45.48519],[11.83638,45.48462]],[[11.84626,45.47648],[11.84605,45.47776],[11.84567,45.47859],[11.84371,45.48086],[11.84324,45.48183],[11.84242,45.48246]],[[11.84664,45.4737],[11.84627,45.47631]],[[11.8488,45.46969],[11.84667,45.47355]],[[11.85112,45.46561],[11.84911,45.46916]],[[11.85791,45.45368],[11.85182,45.46438]],[[11.85791,45.45368],[11.85803,45.45337],[11.85783,45.45301],[11.8579,45.45281],[11.85825,45.45272],[11.85882,45.45286]],[[11.86483,45.45165],[11.86126,45.45186],[11.86001,45.45222],[11.85882,45.45286]],[[11.87121,45.44821],[11.86991,45.44891],[11.86774,45.45084],[11.86622,45.45125],[11.86611,45.4511]],[[11.87663,45.44761],[11.87891,45.44927],[11.87677,45.45046],[11.87573,45.45134],[11.87507,45.45168],[11.87134,45.44825]],[[11.8745,45.4278],[11.87436,45.42752],[11.87405,45.42729],[11.87183,45.42633],[11.87177,45.4262],[11.87202,45.42592],[11.87237,45.42509],[11.87312,45.42423],[11.87444,45.42214],[11.87549,45.4209],[11.87615,45.42036]],[[11.87463,45.42802],[11.87482,45.42846],[11.87461,45.42904],[11.87181,45.43178],[11.87158,45.43173],[11.87152,45.43189],[11.87121,45.43206],[11.87137,45.43221],[11.8703,45.43602],[11.87053,45.43917],[11.87046,45.44078],[11.87111,45.44363],[11.87154,45.44495],[11.8717,45.4461],[11.87196,45.44693],[11.87219,45.44687],[11.874,45.4455],[11.87516,45.44615],[11.8757,45.44663],[11.87621,45.44733],[11.8765,45.44751]],[[11.87636,45.42034],[11.87827,45.42016],[11.87855,45.42],[11.87866,45.41971],[11.87855,45.41885],[11.8784,45.41855],[11.87769,45.41787],[11.87694,45.41696],[11.87648,45.41668],[11.87638,45.41632],[11.87573,45.41562],[11.87454,45.41463],[11.87604,45.41398],[11.87822,45.41262],[11.87777,45.41218],[11.87744,45.41209],[11.87665,45.41125]],[[11.87671,45.41111],[11.87806,45.41057],[11.87844,45.41021],[11.87852,45.40987],[11.8785,45.4078],[11.87838,45.40716],[11.87623,45.40353],[11.87645,45.4029],[11.87625,45.40219],[11.87638,45.40178],[11.87678,45.4013],[11.87775,45.40066],[11.8785,45.40037],[11.87843,45.4002],[11.87738,45.39951],[11.87857,45.3973],[11.87863,45.39689],[11.87968,45.39679],[11.88167,45.39631],[11.88452,45.40018],[11.88468,45.40025],[11.88532,45.40002],[11.88631,45.39881],[11.88626,45.3987],[11.88644,45.39865],[11.88648,45.39879],[11.88758,45.39979],[11.8885,45.40107],[11.88893,45.40153],[11.88914,45.40166],[11.88938,45.40164],[11.88943,45.40179],[11.8918,45.40258],[11.89369,45.40348]],[[11.89383,45.40345],[11.89482,45.40237],[11.89491,45.40216],[11.89482,45.40017],[11.89548,45.4001],[11.89546,45.39895],[11.89519,45.39751],[11.89684,45.39711],[11.89971,45.39697]],[[11.89982,45.39696],[11.89998,45.39595],[11.90018,45.39552],[11.90055,45.39507],[11.9027,45.39366],[11.90368,45.39319],[11.90817,45.39166],[11.9085,45.39163],[11.90884,45.39173],[11.90905,45.39198],[11.90968,45.39346],[11.91049,45.39613],[11.91041,45.39639],[11.90994,45.39697],[11.90985,45.39811],[11.91056,45.39953],[11.91126,45.40208],[11.91021,45.40223],[11.91013,45.40194]]]}},{"type":"Feature","properties":{"id":"badge-bus-13","kind":"badge","ref":"13","lineRef":"bus"},"geometry":{"type":"Point","coordinates":[11.87862,45.39695]}},{"type":"Feature","properties":{"id":"line-bus-15","kind":"line","lineRef":"bus","ref":"15"},"geometry":{"type":"MultiLineString","coordinates":[[[11.87752,45.41303],[11.87604,45.41398],[11.87472,45.41456]],[[11.8779,45.42022],[11.87839,45.42011],[11.87862,45.4199],[11.87866,45.41949],[11.87851,45.41874],[11.87694,45.41696],[11.87666,45.41677]],[[11.87692,45.41668],[11.87764,45.41768],[11.87857,45.41861],[11.87883,45.41991],[11.87904,45.42031],[11.87888,45.4205],[11.87872,45.42054],[11.8779,45.42022]],[[11.87839,45.4249],[11.87777,45.42047]],[[11.87818,45.4105],[11.87876,45.41257]],[[11.87876,45.41257],[11.87861,45.4124],[11.87818,45.4105]],[[11.87841,45.42499],[11.87903,45.4273],[11.8792,45.42747]],[[11.88296,45.41252],[11.88385,45.41424],[11.88403,45.41483],[11.88401,45.41522],[11.88214,45.4156],[11.88201,45.4157],[11.88219,45.41604],[11.88211,45.41614],[11.88192,45.4161],[11.88192,45.41586],[11.88175,45.41564],[11.88184,45.41551],[11.88167,45.41535],[11.87914,45.41467],[11.87897,45.41378]],[[11.87897,45.41378],[11.88055,45.4134],[11.88296,45.41252]],[[11.87939,45.42775],[11.87983,45.42997],[11.87873,45.43033],[11.88051,45.43256],[11.8831,45.43199],[11.88492,45.43179],[11.88633,45.43146],[11.88718,45.43125],[11.889,45.43048]],[[11.88264,45.41196],[11.88184,45.41106],[11.8842,45.40844],[11.88546,45.4075]],[[11.88546,45.4075],[11.88421,45.40861],[11.88271,45.41035],[11.8825,45.41084],[11.8825,45.41151],[11.88264,45.41196]],[[11.88546,45.4075],[11.88597,45.40761],[11.88683,45.40763],[11.88859,45.40723],[11.89049,45.40705],[11.8953,45.40708],[11.89651,45.40719]],[[11.889,45.43048],[11.88961,45.43164],[11.89548,45.4308]],[[11.89545,45.42869],[11.889,45.43048]],[[11.89223,45.42686],[11.89399,45.4261]],[[11.89411,45.42613],[11.8946,45.42736],[11.89477,45.42743],[11.8947,45.42758],[11.89545,45.42869]],[[11.89545,45.42869],[11.89575,45.42948],[11.8956,45.4307]],[[11.89556,45.43086],[11.89549,45.43173],[11.89575,45.43272],[11.89657,45.43444],[11.89706,45.43474]],[[11.90124,45.40824],[11.90051,45.40797],[11.89811,45.40753]],[[11.90124,45.40824],[11.90178,45.4084],[11.90188,45.40825],[11.90136,45.40737],[11.90105,45.4053],[11.90097,45.40522],[11.90105,45.40515],[11.90133,45.40527],[11.90216,45.40537],[11.90459,45.40543],[11.90737,45.4057],[11.91065,45.40625],[11.91205,45.40627],[11.91232,45.40613],[11.91258,45.40622]],[[11.91258,45.40622],[11.91243,45.40637],[11.91234,45.40667],[11.91186,45.40677],[11.91053,45.40673],[11.90859,45.40646],[11.90789,45.40652],[11.90556,45.40735],[11.90539,45.40745],[11.90537,45.40757],[11.90508,45.40753],[11.90295,45.40832],[11.9025,45.40855],[11.90234,45.40886],[11.90189,45.40922],[11.90168,45.40922],[11.90148,45.40909],[11.90153,45.40888],[11.9018,45.40869],[11.90168,45.40849],[11.90124,45.40824]],[[11.91258,45.40622],[11.91567,45.40514],[11.91806,45.40483],[11.92065,45.40496],[11.92126,45.4048],[11.92202,45.40434]],[[11.92224,45.40411],[11.92242,45.40351],[11.92291,45.40324],[11.92334,45.40325],[11.92493,45.40366],[11.92538,45.4037],[11.92959,45.403]],[[11.93554,45.40223],[11.93321,45.40244],[11.93002,45.40295],[11.92976,45.40307],[11.92959,45.403]],[[11.92959,45.403],[11.92969,45.40288],[11.93303,45.40239],[11.93554,45.40223]],[[11.93673,45.37791],[11.93647,45.37759],[11.93618,45.37747],[11.93624,45.37731],[11.93607,45.37657]],[[11.93607,45.37657],[11.93627,45.37599],[11.93677,45.37551],[11.93899,45.37432],[11.93914,45.37437],[11.93913,45.37495],[11.93892,45.3757],[11.93911,45.37633],[11.93907,45.37706],[11.93985,45.37812],[11.93988,45.3789]],[[11.93646,45.40207],[11.93981,45.40161],[11.9415,45.40122],[11.94373,45.40107],[11.94492,45.40112]],[[11.93673,45.37791],[11.93765,45.3794]],[[11.93765,45.3794],[11.94077,45.38462],[11.94441,45.39137]],[[11.94415,45.39144],[11.94081,45.38515],[11.9405,45.38486],[11.94052,45.3846],[11.93765,45.3794]],[[11.94598,45.395],[11.94543,45.39378],[11.94426,45.39167]],[[11.94456,45.39161],[11.94459,45.39182],[11.94563,45.39373],[11.94598,45.395]],[[11.94492,45.40112],[11.94484,45.39957],[11.94448,45.39804],[11.94457,45.39748],[11.94511,45.39636]],[[11.94492,45.40112],[11.94794,45.40066],[11.94988,45.40047],[11.95196,45.39998],[11.95444,45.3996]],[[11.95492,45.39954],[11.95866,45.39889],[11.96206,45.39846],[11.96657,45.39761],[11.96596,45.39594],[11.96545,45.392],[11.96578,45.3901]],[[11.96592,45.38629],[11.96597,45.38665],[11.96583,45.38759],[11.96578,45.38999]]]}},{"type":"Feature","properties":{"id":"badge-bus-15","kind":"badge","ref":"15","lineRef":"bus"},"geometry":{"type":"Point","coordinates":[11.96598,45.39772]}},{"type":"Feature","properties":{"id":"line-bus-16","kind":"line","lineRef":"bus","ref":"16"},"geometry":{"type":"MultiLineString","coordinates":[[[11.87954,45.41676],[11.87875,45.41245],[11.87818,45.4105],[11.87844,45.41021],[11.87852,45.40987],[11.87845,45.40735],[11.87771,45.40593],[11.87703,45.40494],[11.87621,45.40348],[11.87644,45.40302],[11.87625,45.40219],[11.87649,45.40161],[11.87678,45.4013],[11.87775,45.40066],[11.8785,45.40037],[11.87843,45.4002],[11.87738,45.39951],[11.87857,45.3973]],[[11.88167,45.39631],[11.87923,45.39687]],[[11.87954,45.41676],[11.88102,45.41649],[11.88184,45.41618],[11.88193,45.41599]],[[11.88167,45.39631],[11.88449,45.40015],[11.88468,45.40025],[11.88515,45.40009]],[[11.8852,45.4],[11.88491,45.39949],[11.88474,45.39846],[11.88435,45.39794],[11.88347,45.39733],[11.88255,45.3961],[11.88167,45.39631]],[[11.88644,45.39865],[11.89121,45.39299],[11.89632,45.38702],[11.89721,45.38599],[11.89772,45.38554],[11.89896,45.38477],[11.89944,45.38429]],[[11.90005,45.38357],[11.9005,45.38284],[11.90088,45.38185],[11.90118,45.38138],[11.90437,45.37769],[11.9048,45.3773],[11.90543,45.37695]],[[11.90562,45.37687],[11.90903,45.37542]],[[11.92035,45.37023],[11.92011,45.36943],[11.91989,45.36903],[11.91965,45.36795],[11.91868,45.36505],[11.91856,45.36487],[11.91821,45.36484],[11.91511,45.36552],[11.91051,45.3663],[11.90908,45.36397],[11.9082,45.36216]],[[11.90995,45.3751],[11.92022,45.37067]]]}},{"type":"Feature","properties":{"id":"badge-bus-16","kind":"badge","ref":"16","lineRef":"bus"},"geometry":{"type":"Point","coordinates":[11.87795,45.40639]}},{"type":"Feature","properties":{"id":"line-bus-19","kind":"line","lineRef":"bus","ref":"19"},"geometry":{"type":"MultiLineString","coordinates":[[[11.8557,45.49905],[11.85618,45.49885],[11.85659,45.49885],[11.85653,45.49898],[11.85624,45.49897],[11.8558,45.49913],[11.8557,45.49905]],[[11.8557,45.49905],[11.85431,45.5001],[11.85411,45.49977],[11.85374,45.49849],[11.85327,45.49732],[11.85321,45.49636],[11.85334,45.49581],[11.85419,45.49361],[11.85537,45.49181],[11.85648,45.48983],[11.85706,45.48724],[11.85706,45.48689],[11.85692,45.48657],[11.85658,45.48622],[11.85251,45.48402],[11.85218,45.4836],[11.85211,45.4833],[11.8523,45.48284],[11.85356,45.48164],[11.85453,45.48012],[11.85611,45.47811],[11.85843,45.47602]],[[11.8584,45.47591],[11.8572,45.4752],[11.85711,45.47507],[11.85715,45.47493],[11.85831,45.47468],[11.86053,45.47318],[11.8609,45.47287],[11.86147,45.47201],[11.8633,45.47065]],[[11.85857,45.47591],[11.86181,45.47315],[11.8622,45.47264],[11.8633,45.47065]],[[11.8633,45.47065],[11.86453,45.46938],[11.86697,45.46718],[11.87218,45.46306],[11.87463,45.46166],[11.87641,45.46112]],[[11.87702,45.46099],[11.87913,45.46055],[11.88004,45.46024],[11.88061,45.45988],[11.88155,45.45878],[11.88221,45.45843]],[[11.89333,45.44206],[11.89347,45.44221],[11.89368,45.44625],[11.89454,45.44906],[11.89477,45.44913],[11.89442,45.44971],[11.89201,45.45167],[11.89034,45.45208],[11.88898,45.45281],[11.88827,45.45308],[11.88415,45.45398],[11.88117,45.45479],[11.88108,45.45501],[11.8819,45.45623]],[[11.88211,45.45657],[11.88275,45.45806]],[[11.89323,45.44201],[11.89237,45.44198],[11.89178,45.4421],[11.89066,45.44212],[11.89052,45.44218],[11.89053,45.44236],[11.89035,45.44242],[11.89015,45.4423],[11.89033,45.44213]]]}},{"type":"Feature","properties":{"id":"badge-bus-19","kind":"badge","ref":"19","lineRef":"bus"},"geometry":{"type":"Point","coordinates":[11.85698,45.48761]}},{"type":"Feature","properties":{"id":"line-bus-22","kind":"line","lineRef":"bus","ref":"22"},"geometry":{"type":"MultiLineString","coordinates":[[[11.83056,45.36791],[11.82852,45.36744],[11.82824,45.36751],[11.82809,45.36736],[11.82484,45.36674],[11.82493,45.36665],[11.82339,45.35864],[11.82304,45.35717],[11.82255,45.35618],[11.82138,45.35432],[11.81858,45.3506],[11.82001,45.35001],[11.82126,45.34968],[11.81931,45.34751],[11.81993,45.34724]],[[11.84604,45.37415],[11.84588,45.37377],[11.84441,45.37256],[11.84207,45.37099],[11.84057,45.37012],[11.83056,45.36791]],[[11.83056,45.36791],[11.83115,45.37003],[11.83142,45.37043],[11.83187,45.37049],[11.83191,45.37061],[11.83181,45.37067]],[[11.8483,45.37627],[11.84793,45.37562],[11.84716,45.37482],[11.84678,45.37448],[11.8463,45.37431]],[[11.87187,45.39109],[11.87125,45.39062],[11.87049,45.38976],[11.86993,45.3893],[11.86872,45.38786],[11.86741,45.38709],[11.86699,45.38702],[11.86636,45.38743],[11.8659,45.38748],[11.86329,45.38633],[11.86347,45.3856],[11.86126,45.38488],[11.85797,45.38444],[11.85795,45.38428],[11.85485,45.3819],[11.84924,45.37678],[11.84848,45.37645]],[[11.87671,45.41111],[11.87806,45.41057],[11.87844,45.41021],[11.87852,45.40987],[11.8785,45.4078],[11.87838,45.40716],[11.87623,45.40353],[11.87645,45.4029],[11.87625,45.40219],[11.87638,45.40178],[11.87678,45.4013],[11.87775,45.40066],[11.8785,45.40037],[11.87843,45.4002],[11.87738,45.39951],[11.8777,45.39902],[11.87859,45.39713],[11.87832,45.39696],[11.8777,45.39696],[11.87668,45.39718],[11.87444,45.39789],[11.87136,45.39287],[11.87092,45.39249],[11.87074,45.39174],[11.87103,45.39175],[11.87187,45.3912]],[[11.89756,45.42514],[11.89579,45.42443],[11.89216,45.42362],[11.88778,45.42404],[11.88509,45.42488],[11.88438,45.42385],[11.88339,45.42267],[11.88207,45.42152],[11.87988,45.42042],[11.8793,45.42034],[11.87872,45.42054],[11.87848,45.42047],[11.87839,45.42027],[11.87863,45.41986],[11.87866,45.41949],[11.87845,45.41862],[11.87694,45.41696],[11.87648,45.41668],[11.87638,45.41632],[11.87573,45.41562],[11.87455,45.41465],[11.8746,45.41455],[11.87604,45.41398],[11.87822,45.41262],[11.87777,45.41218],[11.87744,45.41209],[11.87665,45.41125]],[[11.89772,45.42518],[11.90021,45.42512]],[[11.9048,45.42587],[11.90095,45.42523],[11.90069,45.42526]],[[11.90848,45.42674],[11.90822,45.42641],[11.90775,45.42617],[11.90587,45.42612],[11.9049,45.42588]],[[11.90864,45.42685],[11.91029,45.4271],[11.91109,45.42712]],[[11.91323,45.43447],[11.91423,45.43328],[11.9145,45.43263],[11.91403,45.43058],[11.91408,45.42992],[11.91437,45.42864],[11.91401,45.42756],[11.91406,45.42749],[11.91355,45.42658],[11.91312,45.42648],[11.9113,45.42708]],[[11.91343,45.43478],[11.91413,45.4346],[11.91525,45.4347],[11.91628,45.43444],[11.91765,45.43695],[11.92727,45.43431],[11.93001,45.43414],[11.93125,45.43421],[11.93159,45.43435]],[[11.93183,45.4344],[11.93332,45.43437],[11.93379,45.43425],[11.93542,45.43293],[11.93539,45.43231],[11.93558,45.43209],[11.93671,45.43161],[11.93871,45.43098],[11.94074,45.4295],[11.941,45.42956]]]}},{"type":"Feature","properties":{"id":"badge-bus-22","kind":"badge","ref":"22","lineRef":"bus"},"geometry":{"type":"Point","coordinates":[11.88118,45.42107]}},{"type":"Feature","properties":{"id":"line-bus-24","kind":"line","lineRef":"bus","ref":"24"},"geometry":{"type":"MultiLineString","coordinates":[[[11.84579,45.36438],[11.84547,45.36368],[11.8452,45.36228],[11.84605,45.36214],[11.84725,45.36173],[11.85065,45.36711],[11.85102,45.36735],[11.8522,45.36778],[11.85318,45.36851],[11.85561,45.36965],[11.85684,45.37053],[11.85819,45.3721],[11.85853,45.37189]],[[11.85446,45.37981],[11.85968,45.38291],[11.86073,45.38338]],[[11.85446,45.37981],[11.85688,45.37794]],[[11.85706,45.37806],[11.85446,45.37981]],[[11.85763,45.37819],[11.85886,45.37903],[11.8597,45.37935],[11.86052,45.37943],[11.86294,45.37932]],[[11.85953,45.37146],[11.86102,45.3747]],[[11.86088,45.38346],[11.8625,45.38441]],[[11.86303,45.37924],[11.8611,45.37488]],[[11.8625,45.38441],[11.8667,45.38673],[11.86755,45.38703],[11.86855,45.38759],[11.87125,45.39062],[11.87187,45.39109]],[[11.8707,45.39179],[11.86989,45.38927],[11.86872,45.38786],[11.86723,45.38702],[11.86693,45.38704],[11.86627,45.38746],[11.8659,45.38748],[11.86332,45.38636],[11.86353,45.38525],[11.86337,45.38503],[11.8625,45.38441]],[[11.88167,45.39631],[11.87923,45.39687],[11.87783,45.39693],[11.87721,45.39706],[11.87444,45.39789],[11.87136,45.39287],[11.87107,45.39258]],[[11.87811,45.41247],[11.87828,45.41257],[11.87827,45.41272],[11.87752,45.41303],[11.87604,45.41398],[11.87472,45.41456]],[[11.87567,45.4153],[11.8768,45.41642],[11.87646,45.41653]],[[11.87839,45.4249],[11.87777,45.42047]],[[11.8779,45.42022],[11.87839,45.42011],[11.87862,45.4199],[11.87866,45.41949],[11.87855,45.41885],[11.87834,45.41848],[11.87769,45.41787],[11.87694,45.41696],[11.87666,45.41677],[11.87692,45.41668],[11.87764,45.41768],[11.87857,45.41861],[11.87883,45.41991],[11.87904,45.42031],[11.87888,45.4205],[11.87872,45.42054],[11.8779,45.42022]],[[11.87841,45.42499],[11.87903,45.4273],[11.8792,45.42747]],[[11.87876,45.41257],[11.87954,45.41676]],[[11.87939,45.42775],[11.87983,45.42997],[11.87873,45.43033],[11.88051,45.43256],[11.8831,45.43199],[11.88492,45.43179],[11.88633,45.43146],[11.88718,45.43125],[11.889,45.43048]],[[11.88204,45.41567],[11.88218,45.41609],[11.88168,45.41632],[11.88137,45.41661],[11.87957,45.41689],[11.87954,45.41676]],[[11.87954,45.41676],[11.88102,45.41649],[11.88184,45.41618],[11.88193,45.41592],[11.88174,45.4156],[11.88184,45.41551],[11.88201,45.41553]],[[11.88167,45.39631],[11.88449,45.40015],[11.88468,45.40025],[11.88515,45.40009]],[[11.88628,45.39867],[11.88483,45.39804],[11.88445,45.39808],[11.88347,45.39733],[11.88255,45.3961],[11.88167,45.39631]],[[11.88264,45.41196],[11.88385,45.41424],[11.88403,45.41483],[11.88401,45.41522],[11.88226,45.41555]],[[11.88264,45.41196],[11.88184,45.41106],[11.8842,45.40844],[11.88546,45.4075]],[[11.88265,45.41046],[11.88249,45.41095],[11.88251,45.41155],[11.88264,45.41196]],[[11.88546,45.4075],[11.88421,45.40861],[11.88271,45.41035]],[[11.88748,45.4043],[11.88665,45.40545],[11.88546,45.4075]],[[11.88921,45.40185],[11.88763,45.40416]],[[11.8879,45.40028],[11.88871,45.40132],[11.88914,45.40166]],[[11.889,45.43048],[11.88961,45.43164],[11.89548,45.4308]],[[11.89545,45.42869],[11.889,45.43048]],[[11.89545,45.42869],[11.89575,45.42948],[11.8956,45.4307]]]}},{"type":"Feature","properties":{"id":"badge-bus-24","kind":"badge","ref":"24","lineRef":"bus"},"geometry":{"type":"Point","coordinates":[11.85012,45.36627]}},{"type":"Feature","properties":{"id":"line-bus-42","kind":"line","lineRef":"bus","ref":"42"},"geometry":{"type":"MultiLineString","coordinates":[[[11.85208,45.3849],[11.85134,45.38525],[11.85022,45.38605],[11.84832,45.38687],[11.84773,45.3876],[11.84737,45.38786],[11.84566,45.38817],[11.844,45.38818],[11.8426,45.388],[11.84179,45.38728],[11.84139,45.38713],[11.84091,45.38714],[11.8401,45.38742],[11.83823,45.38853],[11.83718,45.38901],[11.83617,45.38931],[11.83547,45.38937]],[[11.85208,45.3849],[11.85173,45.38357],[11.85177,45.3831],[11.85717,45.38393],[11.85742,45.38391],[11.85798,45.38431]],[[11.85794,45.38442],[11.85457,45.3845],[11.85208,45.3849]],[[11.85846,45.38446],[11.86126,45.38488],[11.86347,45.3856]],[[11.86324,45.40338],[11.86321,45.4039],[11.86364,45.4048],[11.86361,45.40507]],[[11.86361,45.40507],[11.86344,45.40458],[11.86297,45.4039],[11.86324,45.40338]],[[11.86368,45.39956],[11.86366,45.40252],[11.86324,45.40338]],[[11.86645,45.38779],[11.86698,45.38833],[11.86719,45.38877],[11.8672,45.38921],[11.86659,45.39234],[11.86537,45.39536],[11.86247,45.39514],[11.86185,45.39866],[11.86242,45.39885],[11.8634,45.399]],[[11.86396,45.41157],[11.86364,45.40879],[11.86341,45.40786],[11.86341,45.40732]],[[11.86347,45.3856],[11.86511,45.38583],[11.8667,45.38673],[11.86685,45.38687],[11.86681,45.3871],[11.8663,45.38753],[11.86645,45.38779]],[[11.86645,45.38779],[11.86332,45.38636],[11.86347,45.3856]],[[11.86361,45.40507],[11.86348,45.40678]],[[11.86396,45.41157],[11.86411,45.41183],[11.86443,45.41192],[11.8658,45.4117]],[[11.8658,45.4117],[11.86546,45.41191],[11.86498,45.41204],[11.86423,45.41195],[11.8639,45.41204],[11.86373,45.41186],[11.86396,45.41157]],[[11.8658,45.4117],[11.8699,45.4095],[11.87178,45.40943],[11.8734,45.40922],[11.87775,45.40927],[11.87797,45.40958],[11.87875,45.41245],[11.87954,45.41676]],[[11.88226,45.41555],[11.88201,45.4157],[11.88217,45.4161],[11.88168,45.41632],[11.88137,45.41661],[11.87957,45.41689],[11.87954,45.41676]],[[11.87954,45.41676],[11.88102,45.41649],[11.88172,45.41623],[11.88189,45.41613],[11.88193,45.41599],[11.88177,45.41555],[11.88226,45.41555]],[[11.88264,45.41196],[11.88399,45.41463],[11.88387,45.41528],[11.88226,45.41555]],[[11.88264,45.41196],[11.88184,45.41106],[11.8842,45.40844],[11.88546,45.4075]],[[11.88546,45.4075],[11.88421,45.40861],[11.88271,45.41035],[11.8825,45.41084],[11.8825,45.41151],[11.88264,45.41196]],[[11.88546,45.4075],[11.88597,45.40761],[11.88683,45.40763],[11.88859,45.40723],[11.89049,45.40705],[11.8953,45.40708],[11.89651,45.40719]],[[11.90124,45.40824],[11.90051,45.40797],[11.89811,45.40753]],[[11.90124,45.40824],[11.90171,45.4084],[11.90188,45.40831],[11.90136,45.40737],[11.90141,45.40727],[11.90159,45.40726],[11.90167,45.40737],[11.90155,45.40761],[11.90217,45.40853],[11.90239,45.40868],[11.90238,45.4088],[11.90208,45.40908],[11.90211,45.40933]],[[11.90211,45.40933],[11.90148,45.40909],[11.90153,45.40888],[11.9018,45.40869],[11.90168,45.40849],[11.90124,45.40824]],[[11.90211,45.40933],[11.90264,45.41344]],[[11.90605,45.41514],[11.90293,45.414]],[[11.91126,45.41864],[11.90961,45.41616],[11.90735,45.41551]],[[11.90905,45.41967],[11.90901,45.41993],[11.91027,45.4222],[11.91123,45.42346]],[[11.91131,45.42355],[11.91193,45.42457],[11.91335,45.42612],[11.91347,45.4264]],[[11.91355,45.42658],[11.91406,45.42749],[11.91416,45.42753],[11.91635,45.42689]],[[11.9136,45.42648],[11.91433,45.4262],[11.91526,45.42569],[11.91635,45.42689]],[[11.91441,45.41969],[11.91481,45.4198],[11.91507,45.41977],[11.91552,45.41908],[11.9146,45.41887],[11.91427,45.41944],[11.91429,45.41957]],[[11.91635,45.42689],[11.91847,45.42603],[11.9197,45.42568],[11.92145,45.42535]]]}},{"type":"Feature","properties":{"id":"badge-bus-42","kind":"badge","ref":"42","lineRef":"bus"},"geometry":{"type":"Point","coordinates":[11.87662,45.40926]}},{"type":"Feature","properties":{"id":"line-bus-43","kind":"line","lineRef":"bus","ref":"43"},"geometry":{"type":"MultiLineString","coordinates":[[[11.84579,45.36438],[11.84547,45.36368],[11.8452,45.36228],[11.84605,45.36214],[11.84725,45.36173],[11.85065,45.36711],[11.85102,45.36735],[11.8522,45.36778],[11.85318,45.36851],[11.85561,45.36965],[11.85684,45.37053],[11.85819,45.3721],[11.85853,45.37189]],[[11.85446,45.37981],[11.85968,45.38291],[11.86073,45.38338]],[[11.85446,45.37981],[11.85688,45.37794]],[[11.85706,45.37806],[11.85446,45.37981]],[[11.85763,45.37819],[11.85886,45.37903],[11.8597,45.37935],[11.86052,45.37943],[11.86294,45.37932]],[[11.85953,45.37146],[11.86102,45.3747]],[[11.86088,45.38346],[11.8625,45.38441]],[[11.86303,45.37924],[11.8611,45.37488]],[[11.8625,45.38441],[11.8667,45.38673],[11.86755,45.38703],[11.86855,45.38759],[11.87125,45.39062],[11.87187,45.39109]],[[11.8707,45.39179],[11.86989,45.38927],[11.86872,45.38786],[11.86723,45.38702],[11.86693,45.38704],[11.86627,45.38746],[11.8659,45.38748],[11.86332,45.38636],[11.86353,45.38525],[11.86337,45.38503],[11.8625,45.38441]],[[11.88167,45.39631],[11.87923,45.39687],[11.87783,45.39693],[11.87721,45.39706],[11.87444,45.39789],[11.87136,45.39287],[11.87107,45.39258]],[[11.88167,45.39631],[11.88449,45.40015],[11.88468,45.40025],[11.88515,45.40009]],[[11.88628,45.39867],[11.88483,45.39804],[11.88445,45.39808],[11.88347,45.39733],[11.88255,45.3961],[11.88167,45.39631]],[[11.88203,45.41615],[11.88168,45.41632],[11.88137,45.41661],[11.87957,45.41689],[11.87954,45.41676],[11.88102,45.41649],[11.88184,45.41618],[11.8819,45.41604]],[[11.88264,45.41196],[11.88399,45.41463],[11.88387,45.41528],[11.88226,45.41555]],[[11.88264,45.41196],[11.88184,45.41106],[11.8842,45.40844],[11.88546,45.4075]],[[11.88265,45.41046],[11.88249,45.41095],[11.88251,45.41155],[11.88264,45.41196]],[[11.88546,45.4075],[11.88421,45.40861],[11.88271,45.41035]],[[11.88748,45.4043],[11.88665,45.40545],[11.88546,45.4075]],[[11.88921,45.40185],[11.88763,45.40416]],[[11.8879,45.40028],[11.88871,45.40132],[11.88914,45.40166]]]}},{"type":"Feature","properties":{"id":"badge-bus-43","kind":"badge","ref":"43","lineRef":"bus"},"geometry":{"type":"Point","coordinates":[11.85012,45.36627]}},{"type":"Feature","properties":{"id":"line-bus-88","kind":"line","lineRef":"bus","ref":"88"},"geometry":{"type":"MultiLineString","coordinates":[[[11.86622,45.33297],[11.86512,45.33319],[11.86651,45.34044]],[[11.86663,45.34094],[11.86731,45.34453],[11.86748,45.34489]],[[11.86861,45.3511],[11.86768,45.34639],[11.86747,45.34522],[11.86753,45.34508]],[[11.86872,45.35162],[11.86948,45.35539]],[[11.86949,45.35558],[11.87098,45.36306],[11.87106,45.36403]],[[11.87188,45.36794],[11.87158,45.36617]]]}},{"type":"Feature","properties":{"id":"badge-bus-88","kind":"badge","ref":"88","lineRef":"bus"},"geometry":{"type":"Point","coordinates":[11.87033,45.3598]}},{"type":"Feature","properties":{"id":"line-bus-lis","kind":"line","lineRef":"bus","ref":"LIS"},"geometry":{"type":"MultiLineString","coordinates":[[[11.87945,45.38256],[11.87967,45.38368],[11.87879,45.38397],[11.87501,45.38449],[11.87377,45.38485],[11.87164,45.385],[11.87139,45.38339],[11.87182,45.38004],[11.87056,45.37987],[11.87028,45.37971],[11.87021,45.37954],[11.8706,45.3788],[11.87085,45.37793],[11.87095,45.37625],[11.87054,45.37449],[11.87082,45.37361]],[[11.87182,45.36863],[11.87214,45.36903],[11.87235,45.37063],[11.87167,45.37214],[11.87093,45.37338]],[[11.87942,45.38247],[11.87886,45.38163],[11.87823,45.37993],[11.87764,45.37875],[11.88232,45.37794],[11.88486,45.37731],[11.88571,45.37727],[11.88633,45.37592],[11.88769,45.37573],[11.89041,45.37509],[11.89279,45.37542],[11.89322,45.3753],[11.89393,45.3748],[11.8942,45.37471],[11.89434,45.37486],[11.89561,45.37871],[11.89626,45.38018],[11.89636,45.38091],[11.89614,45.3812],[11.89578,45.38147],[11.89484,45.38198],[11.89396,45.38284],[11.89213,45.38386],[11.89286,45.38399],[11.90005,45.38357]],[[11.88644,45.39865],[11.89121,45.39299],[11.89632,45.38702],[11.89721,45.38599],[11.89772,45.38554],[11.89896,45.38477],[11.89944,45.38429]]]}},{"type":"Feature","properties":{"id":"badge-bus-lis","kind":"badge","ref":"LIS","lineRef":"bus"},"geometry":{"type":"Point","coordinates":[11.89366,45.37499]}},{"type":"Feature","properties":{"id":"stn-tram-0","kind":"stop","name":"Arcella","color":"#B0708A","lineRef":"tram","lab":1},"geometry":{"type":"Point","coordinates":[11.88316,45.42234]}},{"type":"Feature","properties":{"id":"stn-tram-1","kind":"stop","name":"Assunta","color":"#B0708A","lineRef":"tram","lab":1},"geometry":{"type":"Point","coordinates":[11.86604,45.38322]}},{"type":"Feature","properties":{"id":"stn-tram-2","kind":"stop","name":"Bassanello","color":"#B0708A","lineRef":"tram","lab":1},"geometry":{"type":"Point","coordinates":[11.86755,45.38707]}},{"type":"Feature","properties":{"id":"stn-tram-3","kind":"stop","name":"Borgomagno","color":"#B0708A","lineRef":"tram","lab":1},"geometry":{"type":"Point","coordinates":[11.87952,45.42027]}},{"type":"Feature","properties":{"id":"stn-tram-4","kind":"stop","name":"Capolinea Sud","color":"#B0708A","lineRef":"tram","lab":1},"geometry":{"type":"Point","coordinates":[11.87392,45.36796]}},{"type":"Feature","properties":{"id":"stn-tram-5","kind":"stop","name":"Cavaletto","color":"#B0708A","lineRef":"tram","lab":1},"geometry":{"type":"Point","coordinates":[11.87436,45.39765]}},{"type":"Feature","properties":{"id":"stn-tram-6","kind":"stop","name":"Cavalletto","color":"#B0708A","lineRef":"tram","lab":1},"geometry":{"type":"Point","coordinates":[11.87433,45.39767]}},{"type":"Feature","properties":{"id":"stn-tram-7","kind":"stop","name":"Cavallotti","color":"#B0708A","lineRef":"tram","lab":1},"geometry":{"type":"Point","coordinates":[11.87022,45.38989]}},{"type":"Feature","properties":{"id":"stn-tram-8","kind":"stop","name":"Cuoco","color":"#B0708A","lineRef":"tram","lab":1},"geometry":{"type":"Point","coordinates":[11.86988,45.38002]}},{"type":"Feature","properties":{"id":"stn-tram-9","kind":"stop","name":"Dazio","color":"#B0708A","lineRef":"tram","lab":1},"geometry":{"type":"Point","coordinates":[11.88467,45.42416]}},{"type":"Feature","properties":{"id":"stn-tram-10","kind":"stop","name":"Diaz","color":"#B0708A","lineRef":"tram","lab":1},"geometry":{"type":"Point","coordinates":[11.87273,45.39513]}},{"type":"Feature","properties":{"id":"stn-tram-11","kind":"stop","name":"Eremitani","color":"#B0708A","lineRef":"tram","lab":1},"geometry":{"type":"Point","coordinates":[11.87857,45.4121]}},{"type":"Feature","properties":{"id":"stn-tram-12","kind":"stop","name":"Fornace Morandi","color":"#B0708A","lineRef":"tram","lab":1},"geometry":{"type":"Point","coordinates":[11.88911,45.43892]}},{"type":"Feature","properties":{"id":"stn-tram-13","kind":"stop","name":"Garibaldi","color":"#B0708A","lineRef":"tram","lab":1},"geometry":{"type":"Point","coordinates":[11.87803,45.40993]}},{"type":"Feature","properties":{"id":"hub-guizza","kind":"hub","name":"Guizza","subKey":"pd.hub.guizza","lab":1,"modes":["tram","bus"]},"geometry":{"type":"Point","coordinates":[11.87054,45.37424]}},{"type":"Feature","properties":{"id":"stn-tram-14","kind":"stop","name":"Palasport","color":"#B0708A","lineRef":"tram","lab":1},"geometry":{"type":"Point","coordinates":[11.88735,45.42783]}},{"type":"Feature","properties":{"id":"hub-pontevigo","kind":"hub","name":"Pontevigodarzere","subKey":"pd.hub.pontevigo","lab":1,"modes":["tram","bus"]},"geometry":{"type":"Point","coordinates":[11.8906,45.44197]}},{"type":"Feature","properties":{"id":"hub-pontiromani","kind":"hub","name":"Ponti Romani","subKey":"pd.hub.pontiromani","lab":1,"modes":["tram","bus"]},"geometry":{"type":"Point","coordinates":[11.87846,45.4076]}},{"type":"Feature","properties":{"id":"hub-prato","kind":"hub","name":"Prato della Valle","subKey":"pd.hub.prato","lab":1,"modes":["tram","bus"]},"geometry":{"type":"Point","coordinates":[11.87702,45.39963]}},{"type":"Feature","properties":{"id":"stn-tram-15","kind":"stop","name":"Sacchetti","color":"#B0708A","lineRef":"tram","lab":1},"geometry":{"type":"Point","coordinates":[11.86854,45.38398]}},{"type":"Feature","properties":{"id":"stn-tram-16","kind":"stop","name":"Saimp","color":"#B0708A","lineRef":"tram","lab":1},"geometry":{"type":"Point","coordinates":[11.89127,45.437]}},{"type":"Feature","properties":{"id":"stn-tram-17","kind":"stop","name":"San Carlo","color":"#B0708A","lineRef":"tram","lab":1},"geometry":{"type":"Point","coordinates":[11.88878,45.4302]}},{"type":"Feature","properties":{"id":"stn-tram-18","kind":"stop","name":"San Gregorio","color":"#B0708A","lineRef":"tram","lab":1},"geometry":{"type":"Point","coordinates":[11.89068,45.43416]}},{"type":"Feature","properties":{"id":"stn-tram-19","kind":"stop","name":"Santo","color":"#B0708A","lineRef":"tram","lab":1},"geometry":{"type":"Point","coordinates":[11.87755,45.40076]}},{"type":"Feature","properties":{"id":"stn-tram-20","kind":"stop","name":"Tito Livio","color":"#B0708A","lineRef":"tram","lab":1},"geometry":{"type":"Point","coordinates":[11.87713,45.40503]}},{"type":"Feature","properties":{"id":"stn-rail-0","kind":"node","name":"Abano","lineRef":"train","lab":1},"geometry":{"type":"Point","coordinates":[11.81143,45.35534]}},{"type":"Feature","properties":{"id":"stn-rail-1","kind":"node","name":"Busa di Vigonza","lineRef":"train","lab":1},"geometry":{"type":"Point","coordinates":[11.95174,45.42989]}},{"type":"Feature","properties":{"id":"stn-rail-2","kind":"node","name":"Campodarsego","lineRef":"train","lab":1},"geometry":{"type":"Point","coordinates":[11.90106,45.50573]}},{"type":"Feature","properties":{"id":"stn-rail-3","kind":"node","name":"Dolo","lineRef":"train","lab":1},"geometry":{"type":"Point","coordinates":[12.07172,45.45331]}},{"type":"Feature","properties":{"id":"stn-rail-4","kind":"node","name":"Mestrino","lineRef":"train","lab":1},"geometry":{"type":"Point","coordinates":[11.77392,45.45797]}},{"type":"Feature","properties":{"id":"stn-rail-5","kind":"node","name":"Mira-Mirano","lineRef":"train","lab":1},"geometry":{"type":"Point","coordinates":[12.11887,45.46279]}},{"type":"Feature","properties":{"id":"hub-padovafs","kind":"hub","name":"Padova FS","subKey":"pd.hub.padovafs","lab":1,"modes":["train","tram","bus"]},"geometry":{"type":"Point","coordinates":[11.8805,45.41774]}},{"type":"Feature","properties":{"id":"stn-rail-6","kind":"node","name":"San Giorgio delle Pertiche","lineRef":"train","lab":1},"geometry":{"type":"Point","coordinates":[11.91757,45.54252]}},{"type":"Feature","properties":{"id":"stn-rail-7","kind":"node","name":"Terme Euganee - Abano - Montegrotto","lineRef":"train","lab":1},"geometry":{"type":"Point","coordinates":[11.79643,45.32735]}},{"type":"Feature","properties":{"id":"stn-rail-8","kind":"node","name":"Venezia Mestre","lineRef":"train","lab":1},"geometry":{"type":"Point","coordinates":[12.2317,45.48246]}},{"type":"Feature","properties":{"id":"stn-rail-9","kind":"node","name":"Vigodarzere","lineRef":"train","lab":1},"geometry":{"type":"Point","coordinates":[11.89148,45.45329]}},{"type":"Feature","properties":{"id":"stn-rail-10","kind":"node","name":"Vigonza-Pianiga","lineRef":"train","lab":1},"geometry":{"type":"Point","coordinates":[12.0214,45.44336]}},{"type":"Feature","properties":{"id":"stn-bus-0","kind":"stop","name":"Albignasego / Belluno","lineRef":"bus","lab":1},"geometry":{"type":"Point","coordinates":[11.86873,45.35197]}},{"type":"Feature","properties":{"id":"stn-bus-1","kind":"stop","name":"Albignasego / Capitello","lineRef":"bus","lab":1},"geometry":{"type":"Point","coordinates":[11.87008,45.35887]}},{"type":"Feature","properties":{"id":"stn-bus-2","kind":"stop","name":"Albignasego / Filzi","lineRef":"bus","lab":1},"geometry":{"type":"Point","coordinates":[11.86704,45.34295]}},{"type":"Feature","properties":{"id":"stn-bus-3","kind":"stop","name":"Albignasego / Foscolo","lineRef":"bus","lab":1},"geometry":{"type":"Point","coordinates":[11.86936,45.35514]}},{"type":"Feature","properties":{"id":"stn-bus-4","kind":"stop","name":"Altichiero Capolinea","lineRef":"bus","lab":1},"geometry":{"type":"Point","coordinates":[11.86617,45.45104]}},{"type":"Feature","properties":{"id":"stn-bus-5","kind":"stop","name":"Arcella","lineRef":"bus","lab":1},"geometry":{"type":"Point","coordinates":[11.88269,45.42206]}},{"type":"Feature","properties":{"id":"stn-bus-6","kind":"stop","name":"Bassanello","lineRef":"bus","lab":1},"geometry":{"type":"Point","coordinates":[11.86791,45.38737]}},{"type":"Feature","properties":{"id":"stn-bus-7","kind":"stop","name":"Belzoni 129","lineRef":"bus","lab":1},"geometry":{"type":"Point","coordinates":[11.89119,45.40706]}},{"type":"Feature","properties":{"id":"stn-bus-8","kind":"stop","name":"Belzoni 132","lineRef":"bus","lab":1},"geometry":{"type":"Point","coordinates":[11.89005,45.40706]}},{"type":"Feature","properties":{"id":"stn-bus-9","kind":"stop","name":"Benedetti (ang. Plebiscito)","lineRef":"bus","lab":1},"geometry":{"type":"Point","coordinates":[11.89681,45.43454]}},{"type":"Feature","properties":{"id":"stn-bus-10","kind":"stop","name":"Benedetti fr 2","lineRef":"bus","lab":1},"geometry":{"type":"Point","coordinates":[11.89543,45.43109]}},{"type":"Feature","properties":{"id":"stn-bus-11","kind":"stop","name":"Borgomagno","lineRef":"bus","lab":1},"geometry":{"type":"Point","coordinates":[11.87701,45.41678]}},{"type":"Feature","properties":{"id":"stn-bus-12","kind":"stop","name":"Bragni / Botticelli","lineRef":"bus","lab":1},"geometry":{"type":"Point","coordinates":[11.90327,45.46624]}},{"type":"Feature","properties":{"id":"stn-bus-13","kind":"stop","name":"Bragni / Canova","lineRef":"bus","lab":1},"geometry":{"type":"Point","coordinates":[11.91127,45.46583]}},{"type":"Feature","properties":{"id":"stn-bus-14","kind":"stop","name":"Bragni / Donizetti","lineRef":"bus","lab":1},"geometry":{"type":"Point","coordinates":[11.90059,45.4559]}},{"type":"Feature","properties":{"id":"stn-bus-15","kind":"stop","name":"Bragni / Mattei","lineRef":"bus","lab":1},"geometry":{"type":"Point","coordinates":[11.90194,45.46279]}},{"type":"Feature","properties":{"id":"stn-bus-16","kind":"stop","name":"Bramante Chiesa","lineRef":"bus","lab":1},"geometry":{"type":"Point","coordinates":[11.8802,45.43211]}},{"type":"Feature","properties":{"id":"stn-bus-17","kind":"stop","name":"Brentelle Est","lineRef":"bus","lab":1},"geometry":{"type":"Point","coordinates":[11.82582,45.41607]}},{"type":"Feature","properties":{"id":"stn-bus-18","kind":"stop","name":"Brentelle Nord","lineRef":"bus","lab":1},"geometry":{"type":"Point","coordinates":[11.82417,45.4183]}},{"type":"Feature","properties":{"id":"stn-bus-19","kind":"stop","name":"Buonarroti 126","lineRef":"bus","lab":1},"geometry":{"type":"Point","coordinates":[11.8786,45.42587]}},{"type":"Feature","properties":{"id":"stn-bus-20","kind":"stop","name":"Buonarroti 33","lineRef":"bus","lab":1},"geometry":{"type":"Point","coordinates":[11.87789,45.42139]}},{"type":"Feature","properties":{"id":"stn-bus-21","kind":"stop","name":"Businello 4","lineRef":"bus","lab":1},"geometry":{"type":"Point","coordinates":[11.8779,45.40063]}},{"type":"Feature","properties":{"id":"stn-bus-22","kind":"stop","name":"Campidano 5","lineRef":"bus","lab":1},"geometry":{"type":"Point","coordinates":[11.85197,45.38435]}},{"type":"Feature","properties":{"id":"stn-bus-23","kind":"stop","name":"Capolinea Debussy","lineRef":"bus","lab":1},"geometry":{"type":"Point","coordinates":[11.8925,45.42702]}},{"type":"Feature","properties":{"id":"stn-bus-24","kind":"stop","name":"Capolinea Gz Granze","lineRef":"bus","lab":1},"geometry":{"type":"Point","coordinates":[11.93999,45.37912]}},{"type":"Feature","properties":{"id":"stn-bus-25","kind":"stop","name":"Capolinea Ponte San Nicolò","lineRef":"bus","lab":1},"geometry":{"type":"Point","coordinates":[11.9379,45.36271]}},{"type":"Feature","properties":{"id":"stn-bus-26","kind":"stop","name":"Capolinea Rio","lineRef":"bus","lab":1},"geometry":{"type":"Point","coordinates":[11.90828,45.36217]}},{"type":"Feature","properties":{"id":"stn-bus-27","kind":"stop","name":"Capolinea Valli Villatora","lineRef":"bus","lab":1},"geometry":{"type":"Point","coordinates":[11.96656,45.39766]}},{"type":"Feature","properties":{"id":"stn-bus-28","kind":"stop","name":"Carpanedo / Piccole Industrie","lineRef":"bus","lab":1},"geometry":{"type":"Point","coordinates":[11.866,45.33759]}},{"type":"Feature","properties":{"id":"stn-bus-29","kind":"stop","name":"Carpanedo Capolinea","lineRef":"bus","lab":1},"geometry":{"type":"Point","coordinates":[11.86572,45.33302]}},{"type":"Feature","properties":{"id":"stn-bus-30","kind":"stop","name":"Caselle / Cavour","lineRef":"bus","lab":1},"geometry":{"type":"Point","coordinates":[11.82533,45.40975]}},{"type":"Feature","properties":{"id":"stn-bus-31","kind":"stop","name":"Caselle / Chiesa","lineRef":"bus","lab":1},"geometry":{"type":"Point","coordinates":[11.8111,45.41272]}},{"type":"Feature","properties":{"id":"stn-bus-32","kind":"stop","name":"Caselle / Fermi","lineRef":"bus","lab":1},"geometry":{"type":"Point","coordinates":[11.81813,45.41031]}},{"type":"Feature","properties":{"id":"stn-bus-33","kind":"stop","name":"Caselle / Marconi","lineRef":"bus","lab":1},"geometry":{"type":"Point","coordinates":[11.82308,45.40912]}},{"type":"Feature","properties":{"id":"stn-bus-34","kind":"stop","name":"Cavalcavia Camerini","lineRef":"bus","lab":1},"geometry":{"type":"Point","coordinates":[11.87218,45.42564]}},{"type":"Feature","properties":{"id":"stn-bus-35","kind":"stop","name":"Cavalletto","lineRef":"bus","lab":1},"geometry":{"type":"Point","coordinates":[11.87426,45.39771]}},{"type":"Feature","properties":{"id":"stn-bus-36","kind":"stop","name":"Cavallotti","lineRef":"bus","lab":1},"geometry":{"type":"Point","coordinates":[11.87011,45.39012]}},{"type":"Feature","properties":{"id":"stn-bus-37","kind":"stop","name":"Cavazzana Manzoni","lineRef":"bus","lab":1},"geometry":{"type":"Point","coordinates":[11.88297,45.39655]}},{"type":"Feature","properties":{"id":"stn-bus-38","kind":"stop","name":"Cavazzana fr 27","lineRef":"bus","lab":1},"geometry":{"type":"Point","coordinates":[11.87971,45.39669]}},{"type":"Feature","properties":{"id":"stn-bus-39","kind":"stop","name":"Cave","lineRef":"bus","lab":1},"geometry":{"type":"Point","coordinates":[11.84169,45.40947]}},{"type":"Feature","properties":{"id":"stn-bus-40","kind":"stop","name":"Cavour 18","lineRef":"bus","lab":1},"geometry":{"type":"Point","coordinates":[11.90987,45.36535]}},{"type":"Feature","properties":{"id":"stn-bus-41","kind":"stop","name":"Central Pantamarchet","lineRef":"bus","lab":1},"geometry":{"type":"Point","coordinates":[11.85029,45.46723]}},{"type":"Feature","properties":{"id":"stn-bus-42","kind":"stop","name":"Cernaia 42","lineRef":"bus","lab":1},"geometry":{"type":"Point","coordinates":[11.86361,45.40177]}},{"type":"Feature","properties":{"id":"stn-bus-43","kind":"stop","name":"Corrado APS","lineRef":"bus","lab":1},"geometry":{"type":"Point","coordinates":[11.90157,45.40524]}},{"type":"Feature","properties":{"id":"stn-bus-44","kind":"stop","name":"Corso Milano","lineRef":"bus","lab":1},"geometry":{"type":"Point","coordinates":[11.86693,45.41101]}},{"type":"Feature","properties":{"id":"stn-bus-45","kind":"stop","name":"Corso Milano / Plaza","lineRef":"bus","lab":1},"geometry":{"type":"Point","coordinates":[11.87066,45.40935]}},{"type":"Feature","properties":{"id":"stn-bus-46","kind":"stop","name":"Corso Stati Uniti / CNR","lineRef":"bus","lab":1},"geometry":{"type":"Point","coordinates":[11.93049,45.39501]}},{"type":"Feature","properties":{"id":"stn-bus-47","kind":"stop","name":"Corso Stati Uniti / Fischer","lineRef":"bus","lab":1},"geometry":{"type":"Point","coordinates":[11.94576,45.39134]}},{"type":"Feature","properties":{"id":"stn-bus-48","kind":"stop","name":"Corso Stati Uniti / Magazzini Generali","lineRef":"bus","lab":1},"geometry":{"type":"Point","coordinates":[11.93892,45.39313]}},{"type":"Feature","properties":{"id":"stn-bus-49","kind":"stop","name":"Corso Stati Uniti / Mercato Ortofrutticolo","lineRef":"bus","lab":1},"geometry":{"type":"Point","coordinates":[11.94251,45.39219]}},{"type":"Feature","properties":{"id":"stn-bus-50","kind":"stop","name":"Corso Stati Uniti / Porsche","lineRef":"bus","lab":1},"geometry":{"type":"Point","coordinates":[11.94943,45.39031]}},{"type":"Feature","properties":{"id":"stn-bus-51","kind":"stop","name":"Crivelli 2","lineRef":"bus","lab":1},"geometry":{"type":"Point","coordinates":[11.87924,45.43017]}},{"type":"Feature","properties":{"id":"stn-bus-52","kind":"stop","name":"Decorati 50","lineRef":"bus","lab":1},"geometry":{"type":"Point","coordinates":[11.84873,45.38675]}},{"type":"Feature","properties":{"id":"stn-bus-53","kind":"stop","name":"Decorati ang Armistizio","lineRef":"bus","lab":1},"geometry":{"type":"Point","coordinates":[11.85773,45.38441]}},{"type":"Feature","properties":{"id":"stn-bus-54","kind":"stop","name":"Decorati fr 132","lineRef":"bus","lab":1},"geometry":{"type":"Point","coordinates":[11.83832,45.38843]}},{"type":"Feature","properties":{"id":"stn-bus-55","kind":"stop","name":"Decorati fr 86","lineRef":"bus","lab":1},"geometry":{"type":"Point","coordinates":[11.84317,45.3881]}},{"type":"Feature","properties":{"id":"stn-bus-56","kind":"stop","name":"Diaz","lineRef":"bus","lab":1},"geometry":{"type":"Point","coordinates":[11.87271,45.39501]}},{"type":"Feature","properties":{"id":"stn-bus-57","kind":"stop","name":"Emanuele Filiberto 37","lineRef":"bus","lab":1},"geometry":{"type":"Point","coordinates":[11.8761,45.40928]}},{"type":"Feature","properties":{"id":"stn-bus-58","kind":"stop","name":"Facciolati 101","lineRef":"bus","lab":1},"geometry":{"type":"Point","coordinates":[11.89399,45.38981]}},{"type":"Feature","properties":{"id":"stn-bus-59","kind":"stop","name":"Facciolati 139","lineRef":"bus","lab":1},"geometry":{"type":"Point","coordinates":[11.89703,45.38632]}},{"type":"Feature","properties":{"id":"stn-bus-60","kind":"stop","name":"Facciolati 31","lineRef":"bus","lab":1},"geometry":{"type":"Point","coordinates":[11.88801,45.39679]}},{"type":"Feature","properties":{"id":"stn-bus-61","kind":"stop","name":"Facciolati 38","lineRef":"bus","lab":1},"geometry":{"type":"Point","coordinates":[11.88717,45.39762]}},{"type":"Feature","properties":{"id":"stn-bus-62","kind":"stop","name":"Facciolati 94","lineRef":"bus","lab":1},"geometry":{"type":"Point","coordinates":[11.89142,45.3927]}},{"type":"Feature","properties":{"id":"stn-bus-63","kind":"stop","name":"Fistomba 8","lineRef":"bus","lab":1},"geometry":{"type":"Point","coordinates":[11.90113,45.40811]}},{"type":"Feature","properties":{"id":"stn-bus-64","kind":"stop","name":"Foscolo 7","lineRef":"bus","lab":1},"geometry":{"type":"Point","coordinates":[11.88039,45.41505]}},{"type":"Feature","properties":{"id":"stn-bus-65","kind":"stop","name":"Garibaldi 43","lineRef":"bus","lab":1},"geometry":{"type":"Point","coordinates":[11.91781,45.36489]}},{"type":"Feature","properties":{"id":"stn-bus-66","kind":"stop","name":"Garibaldi fr 40 Rio","lineRef":"bus","lab":1},"geometry":{"type":"Point","coordinates":[11.9196,45.36758]}},{"type":"Feature","properties":{"id":"stn-bus-67","kind":"stop","name":"Giarre / Roveri","lineRef":"bus","lab":1},"geometry":{"type":"Point","coordinates":[11.81918,45.3514]}},{"type":"Feature","properties":{"id":"stn-bus-68","kind":"stop","name":"Giarre Capolinea","lineRef":"bus","lab":1},"geometry":{"type":"Point","coordinates":[11.81983,45.34713]}},{"type":"Feature","properties":{"id":"stn-bus-69","kind":"stop","name":"Goito 64","lineRef":"bus","lab":1},"geometry":{"type":"Point","coordinates":[11.86594,45.39375]}},{"type":"Feature","properties":{"id":"stn-bus-70","kind":"stop","name":"Gozzi angolo Meneghetti","lineRef":"bus","lab":1},"geometry":{"type":"Point","coordinates":[11.88235,45.41046]}},{"type":"Feature","properties":{"id":"stn-bus-71","kind":"stop","name":"Granze 17","lineRef":"bus","lab":1},"geometry":{"type":"Point","coordinates":[11.94451,45.39806]}},{"type":"Feature","properties":{"id":"stn-bus-72","kind":"stop","name":"Guazzi","lineRef":"bus","lab":1},"geometry":{"type":"Point","coordinates":[11.82387,45.36136]}},{"type":"Feature","properties":{"id":"stn-bus-73","kind":"stop","name":"Leonardi 1","lineRef":"bus","lab":1},"geometry":{"type":"Point","coordinates":[11.9032,45.37894]}},{"type":"Feature","properties":{"id":"stn-bus-74","kind":"stop","name":"Limena / Bar K2","lineRef":"bus","lab":1},"geometry":{"type":"Point","coordinates":[11.84703,45.47292]}},{"type":"Feature","properties":{"id":"stn-bus-75","kind":"stop","name":"Limena / Basso","lineRef":"bus","lab":1},"geometry":{"type":"Point","coordinates":[11.8361,45.48455]}},{"type":"Feature","properties":{"id":"stn-bus-76","kind":"stop","name":"Limena / Chiesa","lineRef":"bus","lab":1},"geometry":{"type":"Point","coordinates":[11.84646,45.47561]}},{"type":"Feature","properties":{"id":"stn-bus-77","kind":"stop","name":"Limena / Cinecity","lineRef":"bus","lab":1},"geometry":{"type":"Point","coordinates":[11.8526,45.46315]}},{"type":"Feature","properties":{"id":"stn-bus-78","kind":"stop","name":"Limena / Municipio","lineRef":"bus","lab":1},"geometry":{"type":"Point","coordinates":[11.84343,45.48107]}},{"type":"Feature","properties":{"id":"stn-bus-79","kind":"stop","name":"Limena / Risorgimento","lineRef":"bus","lab":1},"geometry":{"type":"Point","coordinates":[11.85467,45.45925]}},{"type":"Feature","properties":{"id":"stn-bus-80","kind":"stop","name":"Lion / Via Puccini","lineRef":"bus","lab":1},"geometry":{"type":"Point","coordinates":[11.89569,45.3392]}},{"type":"Feature","properties":{"id":"stn-bus-81","kind":"stop","name":"Lion Capolinea","lineRef":"bus","lab":1},"geometry":{"type":"Point","coordinates":[11.88306,45.3387]}},{"type":"Feature","properties":{"id":"stn-bus-82","kind":"stop","name":"Mandria / Villa Giusti","lineRef":"bus","lab":1},"geometry":{"type":"Point","coordinates":[11.84441,45.37261]}},{"type":"Feature","properties":{"id":"stn-bus-83","kind":"stop","name":"Mandriola / Brodolini","lineRef":"bus","lab":1},"geometry":{"type":"Point","coordinates":[11.84758,45.36232]}},{"type":"Feature","properties":{"id":"stn-bus-84","kind":"stop","name":"Mandriola / Luxembourg","lineRef":"bus","lab":1},"geometry":{"type":"Point","coordinates":[11.8517,45.36753]}},{"type":"Feature","properties":{"id":"stn-bus-85","kind":"stop","name":"Messico fr Romania","lineRef":"bus","lab":1},"geometry":{"type":"Point","coordinates":[11.94002,45.38393]}},{"type":"Feature","properties":{"id":"stn-bus-86","kind":"stop","name":"Messico fr Spagna","lineRef":"bus","lab":1},"geometry":{"type":"Point","coordinates":[11.94111,45.38515]}},{"type":"Feature","properties":{"id":"stn-bus-87","kind":"stop","name":"Milazzo 18","lineRef":"bus","lab":1},"geometry":{"type":"Point","coordinates":[11.86352,45.40538]}},{"type":"Feature","properties":{"id":"stn-bus-88","kind":"stop","name":"Muson","lineRef":"bus","lab":1},"geometry":{"type":"Point","coordinates":[11.89546,45.44903]}},{"type":"Feature","properties":{"id":"stn-bus-89","kind":"stop","name":"PSN Marconi ang Mameli","lineRef":"bus","lab":1},"geometry":{"type":"Point","coordinates":[11.92432,45.36898]}},{"type":"Feature","properties":{"id":"stn-bus-90","kind":"stop","name":"PSN Piovese 161","lineRef":"bus","lab":1},"geometry":{"type":"Point","coordinates":[11.91277,45.37376]}},{"type":"Feature","properties":{"id":"stn-bus-91","kind":"stop","name":"PSN Piovese 182","lineRef":"bus","lab":1},"geometry":{"type":"Point","coordinates":[11.91411,45.37334]}},{"type":"Feature","properties":{"id":"stn-bus-92","kind":"stop","name":"PSN Piovese fr 99","lineRef":"bus","lab":1},"geometry":{"type":"Point","coordinates":[11.91934,45.37099]}},{"type":"Feature","properties":{"id":"stn-bus-93","kind":"stop","name":"Padova Est","lineRef":"bus","lab":1},"geometry":{"type":"Point","coordinates":[11.93319,45.42006]}},{"type":"Feature","properties":{"id":"stn-bus-94","kind":"stop","name":"Padova Fiera","lineRef":"bus","lab":1},"geometry":{"type":"Point","coordinates":[11.8895,45.41342]}},{"type":"Feature","properties":{"id":"stn-bus-95","kind":"stop","name":"Padova San Lazzaro","lineRef":"bus","lab":1},"geometry":{"type":"Point","coordinates":[11.92592,45.41775]}},{"type":"Feature","properties":{"id":"stn-bus-96","kind":"stop","name":"Palermo 17","lineRef":"bus","lab":1},"geometry":{"type":"Point","coordinates":[11.86274,45.39511]}},{"type":"Feature","properties":{"id":"stn-bus-97","kind":"stop","name":"Park Bembo","lineRef":"bus","lab":1},"geometry":{"type":"Point","coordinates":[11.88979,45.36779]}},{"type":"Feature","properties":{"id":"stn-bus-98","kind":"stop","name":"Park Colli","lineRef":"bus","lab":1},"geometry":{"type":"Point","coordinates":[11.83898,45.39795]}},{"type":"Feature","properties":{"id":"stn-bus-99","kind":"stop","name":"Piazza Toselli","lineRef":"bus","lab":1},"geometry":{"type":"Point","coordinates":[11.85702,45.40799]}},{"type":"Feature","properties":{"id":"stn-bus-100","kind":"stop","name":"Piazzale Mazzini / Piaggi / Giotto","lineRef":"bus","lab":1},"geometry":{"type":"Point","coordinates":[11.87407,45.41424]}},{"type":"Feature","properties":{"id":"stn-bus-101","kind":"stop","name":"Piovese 241","lineRef":"bus","lab":1},"geometry":{"type":"Point","coordinates":[11.90769,45.37607]}},{"type":"Feature","properties":{"id":"stn-bus-102","kind":"stop","name":"Piovese 35","lineRef":"bus","lab":1},"geometry":{"type":"Point","coordinates":[11.9019,45.38062]}},{"type":"Feature","properties":{"id":"stn-bus-103","kind":"stop","name":"Ponte di Brenta Centro","lineRef":"bus","lab":1},"geometry":{"type":"Point","coordinates":[11.94722,45.42536]}},{"type":"Feature","properties":{"id":"stn-bus-104","kind":"stop","name":"Ponte di Brenta Lago","lineRef":"bus","lab":1},"geometry":{"type":"Point","coordinates":[11.94239,45.42362]}},{"type":"Feature","properties":{"id":"stn-bus-105","kind":"stop","name":"Pontevigodarzere","lineRef":"bus","lab":1},"geometry":{"type":"Point","coordinates":[11.89036,45.44215]}},{"type":"Feature","properties":{"id":"stn-bus-106","kind":"stop","name":"Ponti Romani 8","lineRef":"bus","lab":1},"geometry":{"type":"Point","coordinates":[11.87815,45.4067]}},{"type":"Feature","properties":{"id":"stn-bus-107","kind":"stop","name":"Reni 14","lineRef":"bus","lab":1},"geometry":{"type":"Point","coordinates":[11.88931,45.43102]}},{"type":"Feature","properties":{"id":"stn-bus-108","kind":"stop","name":"S. Agostino / Adriatica","lineRef":"bus","lab":1},"geometry":{"type":"Point","coordinates":[11.85873,45.38234]}},{"type":"Feature","properties":{"id":"stn-bus-109","kind":"stop","name":"S. Agostino / Caravaggio","lineRef":"bus","lab":1},"geometry":{"type":"Point","coordinates":[11.86261,45.3785]}},{"type":"Feature","properties":{"id":"stn-bus-110","kind":"stop","name":"S. Agostino / Donatello","lineRef":"bus","lab":1},"geometry":{"type":"Point","coordinates":[11.85776,45.37822]}},{"type":"Feature","properties":{"id":"stn-bus-111","kind":"stop","name":"S. Agostino / Galilei","lineRef":"bus","lab":1},"geometry":{"type":"Point","coordinates":[11.85878,45.37186]}},{"type":"Feature","properties":{"id":"stn-bus-112","kind":"stop","name":"S. Agostino / Volta","lineRef":"bus","lab":1},"geometry":{"type":"Point","coordinates":[11.85707,45.37085]}},{"type":"Feature","properties":{"id":"stn-bus-113","kind":"stop","name":"S. Domenico / Impianti Sportivi","lineRef":"bus","lab":1},"geometry":{"type":"Point","coordinates":[11.80115,45.38976]}},{"type":"Feature","properties":{"id":"stn-bus-114","kind":"stop","name":"S. Giacomo / Bassa di Lion","lineRef":"bus","lab":1},"geometry":{"type":"Point","coordinates":[11.90164,45.33987]}},{"type":"Feature","properties":{"id":"stn-bus-115","kind":"stop","name":"S. Maria d'Abano / Fabbrica","lineRef":"bus","lab":1},"geometry":{"type":"Point","coordinates":[11.82231,45.35581]}},{"type":"Feature","properties":{"id":"stn-bus-116","kind":"stop","name":"Saletto / Da Vinci","lineRef":"bus","lab":1},"geometry":{"type":"Point","coordinates":[11.85988,45.47359]}},{"type":"Feature","properties":{"id":"stn-bus-117","kind":"stop","name":"Saletto / Soriva","lineRef":"bus","lab":1},"geometry":{"type":"Point","coordinates":[11.8547,45.48]}},{"type":"Feature","properties":{"id":"stn-bus-118","kind":"stop","name":"Saletto / Zanella","lineRef":"bus","lab":1},"geometry":{"type":"Point","coordinates":[11.86611,45.46797]}},{"type":"Feature","properties":{"id":"stn-bus-119","kind":"stop","name":"Saletto Capolinea","lineRef":"bus","lab":1},"geometry":{"type":"Point","coordinates":[11.85773,45.47562]}},{"type":"Feature","properties":{"id":"stn-bus-120","kind":"stop","name":"San Giacomo / Chiesa","lineRef":"bus","lab":1},"geometry":{"type":"Point","coordinates":[11.9022,45.3412]}},{"type":"Feature","properties":{"id":"stn-bus-121","kind":"stop","name":"Sanmicheli fr 2","lineRef":"bus","lab":1},"geometry":{"type":"Point","coordinates":[11.88439,45.3999]}},{"type":"Feature","properties":{"id":"stn-bus-122","kind":"stop","name":"Sarmeola / Borromeo","lineRef":"bus","lab":1},"geometry":{"type":"Point","coordinates":[11.81186,45.42091]}},{"type":"Feature","properties":{"id":"stn-bus-123","kind":"stop","name":"Sarmeola / Opera S. Antonio","lineRef":"bus","lab":1},"geometry":{"type":"Point","coordinates":[11.81989,45.41965]}},{"type":"Feature","properties":{"id":"stn-bus-124","kind":"stop","name":"Sarmeola / Piazza Moro","lineRef":"bus","lab":1},"geometry":{"type":"Point","coordinates":[11.81467,45.42056]}},{"type":"Feature","properties":{"id":"stn-bus-125","kind":"stop","name":"Selvazzano / Chiesetta","lineRef":"bus","lab":1},"geometry":{"type":"Point","coordinates":[11.78761,45.38587]}},{"type":"Feature","properties":{"id":"stn-bus-126","kind":"stop","name":"Selvazzano / Levico","lineRef":"bus","lab":1},"geometry":{"type":"Point","coordinates":[11.79492,45.38798]}},{"type":"Feature","properties":{"id":"stn-bus-127","kind":"stop","name":"Selvazzano / Mantegna","lineRef":"bus","lab":1},"geometry":{"type":"Point","coordinates":[11.78441,45.38593]}},{"type":"Feature","properties":{"id":"stn-bus-128","kind":"stop","name":"Selvazzano / Monache","lineRef":"bus","lab":1},"geometry":{"type":"Point","coordinates":[11.78515,45.38815]}},{"type":"Feature","properties":{"id":"stn-bus-129","kind":"stop","name":"Selvazzano / Vespucci","lineRef":"bus","lab":1},"geometry":{"type":"Point","coordinates":[11.79117,45.38689]}},{"type":"Feature","properties":{"id":"stn-bus-130","kind":"stop","name":"Selvazzano Capolinea temporaneo","lineRef":"bus","lab":1},"geometry":{"type":"Point","coordinates":[11.78061,45.39301]}},{"type":"Feature","properties":{"id":"stn-bus-131","kind":"stop","name":"Taggì di Sotto / Autostrada","lineRef":"bus","lab":1},"geometry":{"type":"Point","coordinates":[11.82745,45.45189]}},{"type":"Feature","properties":{"id":"stn-bus-132","kind":"stop","name":"Taggì di Sotto / Chiesa","lineRef":"bus","lab":1},"geometry":{"type":"Point","coordinates":[11.82485,45.45583]}},{"type":"Feature","properties":{"id":"stn-bus-133","kind":"stop","name":"Tavo","lineRef":"bus","lab":1},"geometry":{"type":"Point","coordinates":[11.85612,45.49902]}},{"type":"Feature","properties":{"id":"stn-bus-134","kind":"stop","name":"Tencarola / Aquileia","lineRef":"bus","lab":1},"geometry":{"type":"Point","coordinates":[11.81087,45.39285]}},{"type":"Feature","properties":{"id":"stn-bus-135","kind":"stop","name":"Tencarola / Don Bosco","lineRef":"bus","lab":1},"geometry":{"type":"Point","coordinates":[11.80671,45.39559]}},{"type":"Feature","properties":{"id":"stn-bus-136","kind":"stop","name":"Tencarola / M. Cero","lineRef":"bus","lab":1},"geometry":{"type":"Point","coordinates":[11.82277,45.39465]}},{"type":"Feature","properties":{"id":"stn-bus-137","kind":"stop","name":"Tencarola / Postumia","lineRef":"bus","lab":1},"geometry":{"type":"Point","coordinates":[11.81453,45.39225]}},{"type":"Feature","properties":{"id":"stn-bus-138","kind":"stop","name":"Tencarola Capolinea","lineRef":"bus","lab":1},"geometry":{"type":"Point","coordinates":[11.807,45.39796]}},{"type":"Feature","properties":{"id":"stn-bus-139","kind":"stop","name":"Torino 5","lineRef":"bus","lab":1},"geometry":{"type":"Point","coordinates":[11.86202,45.39824]}},{"type":"Feature","properties":{"id":"stn-bus-140","kind":"stop","name":"Torre Capolinea","lineRef":"bus","lab":1},"geometry":{"type":"Point","coordinates":[11.94104,45.42961]}},{"type":"Feature","properties":{"id":"stn-bus-141","kind":"stop","name":"Turazza 41","lineRef":"bus","lab":1},"geometry":{"type":"Point","coordinates":[11.90666,45.40701]}},{"type":"Feature","properties":{"id":"stn-bus-142","kind":"stop","name":"Venezia Cavalcavia","lineRef":"bus","lab":1},"geometry":{"type":"Point","coordinates":[11.91145,45.41234]}},{"type":"Feature","properties":{"id":"stn-bus-143","kind":"stop","name":"Via Acquapendente / Copernico","lineRef":"bus","lab":1},"geometry":{"type":"Point","coordinates":[11.87938,45.39077]}},{"type":"Feature","properties":{"id":"stn-bus-144","kind":"stop","name":"Via Acquapendente / Madonna Pellegrina","lineRef":"bus","lab":1},"geometry":{"type":"Point","coordinates":[11.88085,45.38793]}},{"type":"Feature","properties":{"id":"stn-bus-145","kind":"stop","name":"Via Adriatica / Ponte Bassanello","lineRef":"bus","lab":1},"geometry":{"type":"Point","coordinates":[11.86372,45.38503]}},{"type":"Feature","properties":{"id":"stn-bus-146","kind":"stop","name":"Via Altichiero / Autostrada","lineRef":"bus","lab":1},"geometry":{"type":"Point","coordinates":[11.87133,45.44443]}},{"type":"Feature","properties":{"id":"stn-bus-147","kind":"stop","name":"Via Altichiero / Chiesa","lineRef":"bus","lab":1},"geometry":{"type":"Point","coordinates":[11.87072,45.44855]}},{"type":"Feature","properties":{"id":"stn-bus-148","kind":"stop","name":"Via Annibale da Bassano / SS. Trinità","lineRef":"bus","lab":1},"geometry":{"type":"Point","coordinates":[11.87362,45.42362]}},{"type":"Feature","properties":{"id":"stn-bus-149","kind":"stop","name":"Via Armistizio / Boston","lineRef":"bus","lab":1},"geometry":{"type":"Point","coordinates":[11.85056,45.378]}},{"type":"Feature","properties":{"id":"stn-bus-150","kind":"stop","name":"Via Bajardi / Alpini","lineRef":"bus","lab":1},"geometry":{"type":"Point","coordinates":[11.90431,45.42589]}},{"type":"Feature","properties":{"id":"stn-bus-151","kind":"stop","name":"Via Bajardi / Corte","lineRef":"bus","lab":1},"geometry":{"type":"Point","coordinates":[11.9083,45.42655]}},{"type":"Feature","properties":{"id":"stn-bus-152","kind":"stop","name":"Via Beato Pellegrino / IRA","lineRef":"bus","lab":1},"geometry":{"type":"Point","coordinates":[11.86711,45.41653]}},{"type":"Feature","properties":{"id":"stn-bus-153","kind":"stop","name":"Via Belgio","lineRef":"bus","lab":1},"geometry":{"type":"Point","coordinates":[11.94864,45.39438]}},{"type":"Feature","properties":{"id":"stn-bus-154","kind":"stop","name":"Via Bellarmino","lineRef":"bus","lab":1},"geometry":{"type":"Point","coordinates":[11.89089,45.38929]}},{"type":"Feature","properties":{"id":"stn-bus-155","kind":"stop","name":"Via Bembo / Commissario","lineRef":"bus","lab":1},"geometry":{"type":"Point","coordinates":[11.88507,45.3788]}},{"type":"Feature","properties":{"id":"stn-bus-156","kind":"stop","name":"Via Bembo / Flaminio","lineRef":"bus","lab":1},"geometry":{"type":"Point","coordinates":[11.89901,45.34836]}},{"type":"Feature","properties":{"id":"stn-bus-157","kind":"stop","name":"Via Bembo / Fulgosio","lineRef":"bus","lab":1},"geometry":{"type":"Point","coordinates":[11.88334,45.38251]}},{"type":"Feature","properties":{"id":"stn-bus-158","kind":"stop","name":"Via Bembo / Impianti Sportivi","lineRef":"bus","lab":1},"geometry":{"type":"Point","coordinates":[11.89207,45.3636]}},{"type":"Feature","properties":{"id":"stn-bus-159","kind":"stop","name":"Via Bembo / Quattro Strade","lineRef":"bus","lab":1},"geometry":{"type":"Point","coordinates":[11.88907,45.37002]}},{"type":"Feature","properties":{"id":"stn-bus-160","kind":"stop","name":"Via Bembo / Wollemborg","lineRef":"bus","lab":1},"geometry":{"type":"Point","coordinates":[11.8866,45.37543]}},{"type":"Feature","properties":{"id":"stn-bus-161","kind":"stop","name":"Via Boccaccio / Dal Pozzo","lineRef":"bus","lab":1},"geometry":{"type":"Point","coordinates":[11.9107,45.39998]}},{"type":"Feature","properties":{"id":"stn-bus-162","kind":"stop","name":"Via Boccaccio / Terranegra","lineRef":"bus","lab":1},"geometry":{"type":"Point","coordinates":[11.9105,45.39654]}},{"type":"Feature","properties":{"id":"stn-bus-163","kind":"stop","name":"Via Ca' Panosso / Agno","lineRef":"bus","lab":1},"geometry":{"type":"Point","coordinates":[11.87577,45.45135]}},{"type":"Feature","properties":{"id":"stn-bus-164","kind":"stop","name":"Via Cave / Pelosa","lineRef":"bus","lab":1},"geometry":{"type":"Point","coordinates":[11.84047,45.40692]}},{"type":"Feature","properties":{"id":"stn-bus-165","kind":"stop","name":"Via Chiesanuova / Cimitero","lineRef":"bus","lab":1},"geometry":{"type":"Point","coordinates":[11.8491,45.41086]}},{"type":"Feature","properties":{"id":"stn-bus-166","kind":"stop","name":"Via Chiesanuova / Pierobon","lineRef":"bus","lab":1},"geometry":{"type":"Point","coordinates":[11.84022,45.41282]}},{"type":"Feature","properties":{"id":"stn-bus-167","kind":"stop","name":"Via Chiesanuova / Romagnoli","lineRef":"bus","lab":1},"geometry":{"type":"Point","coordinates":[11.83609,45.41431]}},{"type":"Feature","properties":{"id":"stn-bus-168","kind":"stop","name":"Via Chiesanuova / Scuola","lineRef":"bus","lab":1},"geometry":{"type":"Point","coordinates":[11.83267,45.4155]}},{"type":"Feature","properties":{"id":"stn-bus-169","kind":"stop","name":"Via Ciamician / Lister","lineRef":"bus","lab":1},"geometry":{"type":"Point","coordinates":[11.83284,45.39789]}},{"type":"Feature","properties":{"id":"stn-bus-170","kind":"stop","name":"Via Croce Rossa / Transalgardo","lineRef":"bus","lab":1},"geometry":{"type":"Point","coordinates":[11.91375,45.41115]}},{"type":"Feature","properties":{"id":"stn-bus-171","kind":"stop","name":"Via De Lellis / Nazareth","lineRef":"bus","lab":1},"geometry":{"type":"Point","coordinates":[11.89541,45.39932]}},{"type":"Feature","properties":{"id":"stn-bus-172","kind":"stop","name":"Via Di Lenna","lineRef":"bus","lab":1},"geometry":{"type":"Point","coordinates":[11.91395,45.42709]}},{"type":"Feature","properties":{"id":"stn-bus-173","kind":"stop","name":"Via Due Palazzi / Anfass","lineRef":"bus","lab":1},"geometry":{"type":"Point","coordinates":[11.8482,45.43919]}},{"type":"Feature","properties":{"id":"stn-bus-174","kind":"stop","name":"Via Due Palazzi / Carcere","lineRef":"bus","lab":1},"geometry":{"type":"Point","coordinates":[11.83851,45.44276]}},{"type":"Feature","properties":{"id":"stn-bus-175","kind":"stop","name":"Via Due Palazzi / Polis","lineRef":"bus","lab":1},"geometry":{"type":"Point","coordinates":[11.84517,45.44031]}},{"type":"Feature","properties":{"id":"stn-bus-176","kind":"stop","name":"Via Due Palazzi / Pullé","lineRef":"bus","lab":1},"geometry":{"type":"Point","coordinates":[11.83399,45.44452]}},{"type":"Feature","properties":{"id":"stn-bus-177","kind":"stop","name":"Via Durer / Chevalier","lineRef":"bus","lab":1},"geometry":{"type":"Point","coordinates":[11.8906,45.42374]}},{"type":"Feature","properties":{"id":"stn-bus-178","kind":"stop","name":"Via Durer / Curiel","lineRef":"bus","lab":1},"geometry":{"type":"Point","coordinates":[11.89283,45.42376]}},{"type":"Feature","properties":{"id":"stn-bus-179","kind":"stop","name":"Via Forcellini / Centro Congressi","lineRef":"bus","lab":1},"geometry":{"type":"Point","coordinates":[11.90482,45.39284]}},{"type":"Feature","properties":{"id":"stn-bus-180","kind":"stop","name":"Via Forcellini / Montaigne","lineRef":"bus","lab":1},"geometry":{"type":"Point","coordinates":[11.89819,45.39705]}},{"type":"Feature","properties":{"id":"stn-bus-181","kind":"stop","name":"Via Forcellini / Parco Iris","lineRef":"bus","lab":1},"geometry":{"type":"Point","coordinates":[11.90156,45.39446]}},{"type":"Feature","properties":{"id":"stn-bus-182","kind":"stop","name":"Via Fornaci / Borghi","lineRef":"bus","lab":1},"geometry":{"type":"Point","coordinates":[11.93919,45.43054]}},{"type":"Feature","properties":{"id":"stn-bus-183","kind":"stop","name":"Via Grassi / Chiesa","lineRef":"bus","lab":1},"geometry":{"type":"Point","coordinates":[11.90264,45.41314]}},{"type":"Feature","properties":{"id":"stn-bus-184","kind":"stop","name":"Via Lagrange / Lister","lineRef":"bus","lab":1},"geometry":{"type":"Point","coordinates":[11.82854,45.39789]}},{"type":"Feature","properties":{"id":"stn-bus-185","kind":"stop","name":"Via Latisana","lineRef":"bus","lab":1},"geometry":{"type":"Point","coordinates":[11.82478,45.36608]}},{"type":"Feature","properties":{"id":"stn-bus-186","kind":"stop","name":"Via Madonna del Rosario / Bassette","lineRef":"bus","lab":1},"geometry":{"type":"Point","coordinates":[11.92643,45.43459]}},{"type":"Feature","properties":{"id":"stn-bus-187","kind":"stop","name":"Via Madonna del Rosario / Coop","lineRef":"bus","lab":1},"geometry":{"type":"Point","coordinates":[11.9306,45.43421]}},{"type":"Feature","properties":{"id":"stn-bus-188","kind":"stop","name":"Via Madonna del Rosario / Luxardo","lineRef":"bus","lab":1},"geometry":{"type":"Point","coordinates":[11.92219,45.4357]}},{"type":"Feature","properties":{"id":"stn-bus-189","kind":"stop","name":"Via Madonna della Salute / Mortise","lineRef":"bus","lab":1},"geometry":{"type":"Point","coordinates":[11.91105,45.42312]}},{"type":"Feature","properties":{"id":"stn-bus-190","kind":"stop","name":"Via Maroncelli / Manara","lineRef":"bus","lab":1},"geometry":{"type":"Point","coordinates":[11.90397,45.41443]}},{"type":"Feature","properties":{"id":"stn-bus-191","kind":"stop","name":"Via Monselice / Civitas Vitae","lineRef":"bus","lab":1},"geometry":{"type":"Point","coordinates":[11.83184,45.3707]}},{"type":"Feature","properties":{"id":"stn-bus-192","kind":"stop","name":"Via Monselice / Il Borgo","lineRef":"bus","lab":1},"geometry":{"type":"Point","coordinates":[11.8308,45.36878]}},{"type":"Feature","properties":{"id":"stn-bus-193","kind":"stop","name":"Via Montà / Acerbi","lineRef":"bus","lab":1},"geometry":{"type":"Point","coordinates":[11.83529,45.43937]}},{"type":"Feature","properties":{"id":"stn-bus-194","kind":"stop","name":"Via Montà / Amag","lineRef":"bus","lab":1},"geometry":{"type":"Point","coordinates":[11.85926,45.41957]}},{"type":"Feature","properties":{"id":"stn-bus-195","kind":"stop","name":"Via Montà / Biscia","lineRef":"bus","lab":1},"geometry":{"type":"Point","coordinates":[11.84361,45.4308]}},{"type":"Feature","properties":{"id":"stn-bus-196","kind":"stop","name":"Via Montà / Cavalcavia","lineRef":"bus","lab":1},"geometry":{"type":"Point","coordinates":[11.84026,45.4324]}},{"type":"Feature","properties":{"id":"stn-bus-197","kind":"stop","name":"Via Montà / Chiesa","lineRef":"bus","lab":1},"geometry":{"type":"Point","coordinates":[11.85427,45.42317]}},{"type":"Feature","properties":{"id":"stn-bus-198","kind":"stop","name":"Via Montà / Einstein","lineRef":"bus","lab":1},"geometry":{"type":"Point","coordinates":[11.85131,45.42485]}},{"type":"Feature","properties":{"id":"stn-bus-199","kind":"stop","name":"Via Montà / Euganeo","lineRef":"bus","lab":1},"geometry":{"type":"Point","coordinates":[11.84699,45.42809]}},{"type":"Feature","properties":{"id":"stn-bus-200","kind":"stop","name":"Via Palestro / Lepanto","lineRef":"bus","lab":1},"geometry":{"type":"Point","coordinates":[11.86017,45.40714]}},{"type":"Feature","properties":{"id":"stn-bus-201","kind":"stop","name":"Via Pontevigodarzere / Vivarini","lineRef":"bus","lab":1},"geometry":{"type":"Point","coordinates":[11.89359,45.44463]}},{"type":"Feature","properties":{"id":"stn-bus-202","kind":"stop","name":"Via Romana Aponense / Concordia","lineRef":"bus","lab":1},"geometry":{"type":"Point","coordinates":[11.83807,45.36957]}},{"type":"Feature","properties":{"id":"stn-bus-203","kind":"stop","name":"Via Sacro Cuore / Chiesa","lineRef":"bus","lab":1},"geometry":{"type":"Point","coordinates":[11.87075,45.43406]}},{"type":"Feature","properties":{"id":"stn-bus-204","kind":"stop","name":"Via Sacro Cuore / Meduna","lineRef":"bus","lab":1},"geometry":{"type":"Point","coordinates":[11.8705,45.43992]}},{"type":"Feature","properties":{"id":"stn-bus-205","kind":"stop","name":"Via Sambin","lineRef":"bus","lab":1},"geometry":{"type":"Point","coordinates":[11.86252,45.41783]}},{"type":"Feature","properties":{"id":"stn-bus-206","kind":"stop","name":"Via San Marco / Ippodromo","lineRef":"bus","lab":1},"geometry":{"type":"Point","coordinates":[11.93836,45.42202]}},{"type":"Feature","properties":{"id":"stn-bus-207","kind":"stop","name":"Via San Marco / Palasport","lineRef":"bus","lab":1},"geometry":{"type":"Point","coordinates":[11.92154,45.41606]}},{"type":"Feature","properties":{"id":"stn-bus-208","kind":"stop","name":"Via San Marco / San Lazzaro","lineRef":"bus","lab":1},"geometry":{"type":"Point","coordinates":[11.91662,45.41441]}},{"type":"Feature","properties":{"id":"stn-bus-209","kind":"stop","name":"Via Sorio / Aeroporto","lineRef":"bus","lab":1},"geometry":{"type":"Point","coordinates":[11.8523,45.40045]}},{"type":"Feature","properties":{"id":"stn-bus-210","kind":"stop","name":"Via Sorio / Castelfidardo","lineRef":"bus","lab":1},"geometry":{"type":"Point","coordinates":[11.8549,45.40055]}},{"type":"Feature","properties":{"id":"stn-bus-211","kind":"stop","name":"Via Tommaseo / Tribunale","lineRef":"bus","lab":1},"geometry":{"type":"Point","coordinates":[11.88675,45.41443]}},{"type":"Feature","properties":{"id":"stn-bus-212","kind":"stop","name":"Via Torre / Madonna del Rosario","lineRef":"bus","lab":1},"geometry":{"type":"Point","coordinates":[11.91723,45.4362]}},{"type":"Feature","properties":{"id":"stn-bus-213","kind":"stop","name":"Via Uruguay / Stati Uniti","lineRef":"bus","lab":1},"geometry":{"type":"Point","coordinates":[11.92681,45.39674]}},{"type":"Feature","properties":{"id":"stn-bus-214","kind":"stop","name":"Via Uruguay / Venezuela","lineRef":"bus","lab":1},"geometry":{"type":"Point","coordinates":[11.92876,45.40004]}},{"type":"Feature","properties":{"id":"stn-bus-215","kind":"stop","name":"Via Vicenza / Savonarola","lineRef":"bus","lab":1},"geometry":{"type":"Point","coordinates":[11.86105,45.41142]}},{"type":"Feature","properties":{"id":"stn-bus-216","kind":"stop","name":"Via Vigonovese / Roncajette","lineRef":"bus","lab":1},"geometry":{"type":"Point","coordinates":[11.92605,45.40365]}},{"type":"Feature","properties":{"id":"stn-bus-217","kind":"stop","name":"Via Viotti","lineRef":"bus","lab":1},"geometry":{"type":"Point","coordinates":[11.89837,45.42512]}},{"type":"Feature","properties":{"id":"stn-bus-218","kind":"stop","name":"Via dei Colli / Chiesa","lineRef":"bus","lab":1},"geometry":{"type":"Point","coordinates":[11.8324,45.39685]}},{"type":"Feature","properties":{"id":"stn-bus-219","kind":"stop","name":"Via dei Colli / Lagrange","lineRef":"bus","lab":1},"geometry":{"type":"Point","coordinates":[11.82699,45.39571]}},{"type":"Feature","properties":{"id":"stn-bus-220","kind":"stop","name":"Via del Bigolo","lineRef":"bus","lab":1},"geometry":{"type":"Point","coordinates":[11.91564,45.43468]}},{"type":"Feature","properties":{"id":"stn-bus-221","kind":"stop","name":"Viale Industria / Argentina","lineRef":"bus","lab":1},"geometry":{"type":"Point","coordinates":[11.93161,45.41076]}},{"type":"Feature","properties":{"id":"stn-bus-222","kind":"stop","name":"Viale Industria / Guerra","lineRef":"bus","lab":1},"geometry":{"type":"Point","coordinates":[11.92868,45.41085]}},{"type":"Feature","properties":{"id":"stn-bus-223","kind":"stop","name":"Viale Industria / Navigazione Interna","lineRef":"bus","lab":1},"geometry":{"type":"Point","coordinates":[11.92059,45.41105]}},{"type":"Feature","properties":{"id":"stn-bus-224","kind":"stop","name":"Viale Regione Veneto","lineRef":"bus","lab":1},"geometry":{"type":"Point","coordinates":[11.95192,45.39315]}},{"type":"Feature","properties":{"id":"stn-bus-225","kind":"stop","name":"Vigodarzere / Battisti","lineRef":"bus","lab":1},"geometry":{"type":"Point","coordinates":[11.88249,45.45749]}},{"type":"Feature","properties":{"id":"stn-bus-226","kind":"stop","name":"Vigodarzere / Carducci","lineRef":"bus","lab":1},"geometry":{"type":"Point","coordinates":[11.88706,45.45329]}},{"type":"Feature","properties":{"id":"stn-bus-227","kind":"stop","name":"Vigodarzere / Municipio","lineRef":"bus","lab":1},"geometry":{"type":"Point","coordinates":[11.87804,45.46083]}},{"type":"Feature","properties":{"id":"stn-bus-228","kind":"stop","name":"Vigodarzere / Pascoli","lineRef":"bus","lab":1},"geometry":{"type":"Point","coordinates":[11.87101,45.464]}},{"type":"Feature","properties":{"id":"stn-bus-229","kind":"stop","name":"Vigonovese 123","lineRef":"bus","lab":1},"geometry":{"type":"Point","coordinates":[11.93518,45.40231]}},{"type":"Feature","properties":{"id":"stn-bus-230","kind":"stop","name":"Vigonovese 262","lineRef":"bus","lab":1},"geometry":{"type":"Point","coordinates":[11.95905,45.39892]}},{"type":"Feature","properties":{"id":"stn-bus-231","kind":"stop","name":"Vigonovese 265","lineRef":"bus","lab":1},"geometry":{"type":"Point","coordinates":[11.94851,45.40057]}},{"type":"Feature","properties":{"id":"stn-bus-232","kind":"stop","name":"Vigonovese 7","lineRef":"bus","lab":1},"geometry":{"type":"Point","coordinates":[11.91435,45.40562]}},{"type":"Feature","properties":{"id":"stn-bus-233","kind":"stop","name":"Vigonovese fr 234","lineRef":"bus","lab":1},"geometry":{"type":"Point","coordinates":[11.9557,45.39941]}},{"type":"Feature","properties":{"id":"stn-bus-234","kind":"stop","name":"Vigonovese fr 49","lineRef":"bus","lab":1},"geometry":{"type":"Point","coordinates":[11.91916,45.40493]}},{"type":"Feature","properties":{"id":"stn-bus-235","kind":"stop","name":"Villabozza / Fornace","lineRef":"bus","lab":1},"geometry":{"type":"Point","coordinates":[11.85656,45.48931]}},{"type":"Feature","properties":{"id":"stn-bus-236","kind":"stop","name":"Zago 37 Villatora","lineRef":"bus","lab":1},"geometry":{"type":"Point","coordinates":[11.96548,45.39207]}}]}