{"type":"FeatureCollection","features":[{"type":"Feature","properties":{"id":"dogal-0","kind":"district","btype":"dogal","name":"Losiny Ostrov National Park","lab":1},"geometry":{"type":"MultiPolygon","coordinates":[[[[37.99116,55.87532],[37.99319,55.8789],[37.9936,55.88143],[37.98829,55.88201],[37.9909,55.88434],[37.99109,55.88858],[37.99334,55.89],[37.99343,55.89167],[37.99009,55.89283],[37.98985,55.89438],[37.98861,55.89414],[37.99144,55.89506],[37.99315,55.89513],[37.9955,55.89743],[37.99875,55.89642],[38.00191,55.89627],[38.00427,55.89683],[38.01134,55.89369],[38.01407,55.89107],[37.99695,55.87494],[37.99644,55.87428],[37.99116,55.87532]]],[[[37.9686,55.88957],[37.96715,55.88954],[37.96691,55.88885],[37.96534,55.88884],[37.9646,55.88842],[37.96287,55.88903],[37.96247,55.88975],[37.9654,55.89117],[37.96743,55.89148],[37.96869,55.89282],[37.96901,55.89285],[37.97168,55.89153],[37.97188,55.89089],[37.9728,55.89028],[37.97191,55.88842],[37.97316,55.88828],[37.97372,55.88843],[37.97401,55.88877],[37.97872,55.8887],[37.97995,55.88791],[37.98206,55.88737],[37.98194,55.8846],[37.98257,55.88425],[37.98398,55.88416],[37.98494,55.88374],[37.98434,55.88333],[37.98342,55.88374],[37.98066,55.88185],[37.97932,55.88173],[37.97735,55.88235],[37.9773,55.88266],[37.97794,55.88374],[37.9771,55.88424],[37.97786,55.8848],[37.97783,55.88508],[37.97656,55.8861],[37.97161,55.88829],[37.96875,55.88935],[37.9686,55.88957]]],[[[37.95199,55.88282],[37.95221,55.88358],[37.95412,55.88406],[37.95487,55.88487],[37.95576,55.88491],[37.96099,55.88246],[37.96184,55.88165],[37.96147,55.88094],[37.96128,55.8809],[37.95996,55.8809],[37.95736,55.88147],[37.95633,55.88101],[37.95276,55.88119],[37.95284,55.88258],[37.95199,55.88282]]],[[[37.76951,55.82897],[37.76931,55.82933],[37.76868,55.82936],[37.7676,55.82985],[37.76632,55.82929],[37.76613,55.82847],[37.76462,55.82777],[37.76426,55.83034],[37.76396,55.83052],[37.76311,55.83057],[37.7621,55.83019],[37.76164,55.83021],[37.75998,55.83049],[37.75902,55.83095],[37.75804,55.8308],[37.75724,55.83037],[37.75615,55.82921],[37.75453,55.82863],[37.75315,55.82774],[37.74995,55.82622],[37.74862,55.8258],[37.74761,55.82576],[37.74801,55.82496],[37.74974,55.82278],[37.74993,55.8212],[37.74443,55.82166],[37.74192,55.82102],[37.73577,55.8215],[37.73581,55.82194],[37.73463,55.822],[37.73457,55.82177],[37.73286,55.82192],[37.73285,55.82222],[37.73207,55.82229],[37.73171,55.82188],[37.73079,55.82193],[37.72945,55.82225],[37.72916,55.82264],[37.72747,55.82285],[37.72762,55.82315],[37.72704,55.82301],[37.72589,55.82319],[37.72471,55.82369],[37.7246,55.82418],[37.72219,55.82504],[37.72246,55.82685],[37.71848,55.82668],[37.71829,55.82734],[37.71702,55.82727],[37.71708,55.82663],[37.71273,55.82644],[37.7118,55.82679],[37.71205,55.82713],[37.71127,55.82761],[37.71018,55.82767],[37.70838,55.82859],[37.70807,55.82856],[37.69371,55.83335],[37.69127,55.83426],[37.69145,55.83443],[37.68929,55.83525],[37.68878,55.835],[37.68141,55.83691],[37.68015,55.83733],[37.67959,55.83779],[37.67919,55.83766],[37.67861,55.8387],[37.67866,55.84108],[37.67954,55.84128],[37.67908,55.84201],[37.68026,55.84247],[37.69032,55.84801],[37.69021,55.84819],[37.69223,55.85031],[37.68997,55.85122],[37.69228,55.85291],[37.68833,55.85393],[37.68677,55.85451],[37.68679,55.85477],[37.68786,55.85549],[37.6886,55.85528],[37.68941,55.85596],[37.69024,55.8559],[37.69075,55.85618],[37.69163,55.85603],[37.69252,55.85613],[37.69313,55.8558],[37.69243,55.85533],[37.69277,55.85517],[37.6938,55.85401],[37.69475,55.85338],[37.69376,55.85207],[37.69682,55.84816],[37.70359,55.84877],[37.70564,55.84794],[37.71085,55.84738],[37.7121,55.84735],[37.7125,55.84753],[37.71408,55.84691],[37.71713,55.84906],[37.71935,55.85001],[37.72017,55.85057],[37.71941,55.85142],[37.721,55.85221],[37.72164,55.85292],[37.71802,55.86061],[37.70433,55.86104],[37.70074,55.86092],[37.70051,55.86116],[37.70072,55.86151],[37.70439,55.86333],[37.70458,55.86357],[37.7061,55.86388],[37.70792,55.86534],[37.7077,55.86552],[37.71581,55.87015],[37.71967,55.8737],[37.72107,55.87321],[37.72181,55.87387],[37.72426,55.87301],[37.72658,55.87376],[37.72793,55.8739],[37.72905,55.87465],[37.73182,55.87495],[37.73108,55.87572],[37.73101,55.87689],[37.7329,55.87805],[37.7334,55.87811],[37.73378,55.87791],[37.73478,55.87841],[37.73619,55.87954],[37.73858,55.88051],[37.75799,55.88145],[37.75781,55.88574],[37.758,55.88601],[37.76112,55.88673],[37.76353,55.88564],[37.76637,55.88757],[37.7629,55.88804],[37.76263,55.88839],[37.75787,55.88889],[37.7542,55.88831],[37.7523,55.88859],[37.74953,55.88944],[37.74895,55.89021],[37.74951,55.89038],[37.74923,55.89049],[37.75045,55.89223],[37.75136,55.89317],[37.75145,55.89664],[37.7641,55.90595],[37.76978,55.90795],[37.7803,55.90485],[37.78722,55.90507],[37.78971,55.90478],[37.79118,55.90208],[37.79196,55.90121],[37.79228,55.90121],[37.79327,55.90044],[37.79432,55.89998],[37.79525,55.90111],[37.79653,55.90176],[37.8018,55.90173],[37.80165,55.90402],[37.80402,55.90473],[37.80954,55.90432],[37.80988,55.91088],[37.81301,55.91074],[37.81536,55.91135],[37.81754,55.91243],[37.8179,55.91239],[37.81771,55.91148],[37.81803,55.91141],[37.81776,55.90674],[37.8265,55.90617],[37.82656,55.90682],[37.83531,55.90683],[37.8354,55.91162],[37.8389,55.90794],[37.84239,55.90242],[37.8455,55.90179],[37.84575,55.90142],[37.84624,55.90131],[37.84719,55.90053],[37.84722,55.90075],[37.84602,55.90158],[37.84631,55.90167],[37.85581,55.9001],[37.85775,55.90057],[37.86218,55.90071],[37.87085,55.89917],[37.87094,55.89903],[37.87192,55.89889],[37.87233,55.89923],[37.88286,55.89745],[37.88802,55.90552],[37.88454,55.90718],[37.88841,55.9068],[37.8881,55.90553],[37.89124,55.90429],[37.89234,55.90365],[37.89102,55.90126],[37.89042,55.90088],[37.88929,55.89946],[37.88785,55.89978],[37.88596,55.8969],[37.89501,55.89731],[37.89481,55.90681],[37.89337,55.9068],[37.89423,55.90818],[37.89382,55.9086],[37.89394,55.90926],[37.89707,55.90926],[37.89709,55.90999],[37.8985,55.90998],[37.89849,55.90959],[37.89952,55.90958],[37.89937,55.90897],[37.89966,55.90722],[37.90746,55.90772],[37.9098,55.90715],[37.91058,55.90711],[37.9107,55.90729],[37.91517,55.90638],[37.91974,55.90932],[37.91994,55.91029],[37.926,55.90665],[37.93328,55.9043],[37.93328,55.90277],[37.93626,55.90274],[37.93783,55.90313],[37.94077,55.90237],[37.94025,55.90107],[37.94389,55.90042],[37.94389,55.8963],[37.9449,55.89455],[37.94742,55.89422],[37.94952,55.89508],[37.94991,55.89952],[37.9579,55.89874],[37.95518,55.8929],[37.94945,55.89356],[37.94724,55.89269],[37.94576,55.89379],[37.94368,55.89489],[37.94053,55.89273],[37.93967,55.89061],[37.94083,55.89033],[37.94203,55.89146],[37.94285,55.89142],[37.94322,55.89109],[37.94628,55.89211],[37.94842,55.8898],[37.94671,55.88938],[37.94577,55.88777],[37.94784,55.88763],[37.94721,55.88691],[37.94711,55.88652],[37.94646,55.88605],[37.94601,55.88677],[37.94511,55.88675],[37.94473,55.88618],[37.94268,55.88621],[37.94199,55.88763],[37.94356,55.88821],[37.94311,55.88964],[37.94114,55.89019],[37.93988,55.88876],[37.93612,55.88958],[37.9357,55.89095],[37.932,55.8909],[37.93185,55.89391],[37.93548,55.89418],[37.93646,55.89585],[37.93523,55.89682],[37.93155,55.8967],[37.93018,55.89504],[37.92931,55.89321],[37.92766,55.89171],[37.92499,55.88746],[37.92357,55.88609],[37.91961,55.88378],[37.92291,55.88277],[37.92261,55.88128],[37.92228,55.88103],[37.9199,55.88108],[37.91834,55.88171],[37.91695,55.88179],[37.91526,55.88037],[37.91411,55.87912],[37.91806,55.87858],[37.92117,55.8774],[37.92167,55.87825],[37.92304,55.87886],[37.92293,55.87632],[37.92255,55.8756],[37.92188,55.87552],[37.92078,55.87573],[37.92039,55.87538],[37.92115,55.87429],[37.91982,55.87397],[37.91928,55.87334],[37.91834,55.8731],[37.91828,55.87283],[37.91924,55.87267],[37.91894,55.87209],[37.91983,55.87194],[37.92092,55.87227],[37.92248,55.87193],[37.92246,55.87149],[37.92174,55.87032],[37.92081,55.87019],[37.92113,55.86821],[37.92339,55.86812],[37.92433,55.8676],[37.92553,55.86747],[37.92679,55.86935],[37.92744,55.87081],[37.92845,55.87194],[37.93119,55.87376],[37.93307,55.87429],[37.93694,55.87138],[37.93898,55.86907],[37.941,55.86946],[37.94148,55.86839],[37.94369,55.86851],[37.94339,55.86911],[37.94363,55.8693],[37.94328,55.87012],[37.94264,55.87049],[37.94241,55.87156],[37.9422,55.87181],[37.9408,55.87181],[37.93925,55.87222],[37.9381,55.8738],[37.93784,55.87463],[37.93782,55.87506],[37.93933,55.87523],[37.93977,55.8746],[37.94286,55.87526],[37.94298,55.87582],[37.94282,55.87612],[37.9401,55.87627],[37.93898,55.8766],[37.93857,55.87727],[37.93899,55.87779],[37.94007,55.87799],[37.94236,55.87758],[37.94404,55.87772],[37.94749,55.87738],[37.95123,55.87589],[37.95329,55.87579],[37.94988,55.86571],[37.95096,55.8636],[37.94649,55.86368],[37.94079,55.86235],[37.94086,55.86101],[37.94533,55.85704],[37.94656,55.85461],[37.95008,55.85109],[37.94464,55.84353],[37.94344,55.84408],[37.94195,55.84409],[37.93754,55.84531],[37.93108,55.8448],[37.93084,55.84462],[37.93078,55.84418],[37.93099,55.84207],[37.93074,55.84105],[37.92905,55.84088],[37.92257,55.83854],[37.91969,55.83823],[37.91901,55.838],[37.91863,55.83752],[37.91872,55.83714],[37.91798,55.83701],[37.91767,55.83646],[37.91619,55.82989],[37.91599,55.82976],[37.88669,55.82512],[37.88669,55.82488],[37.88954,55.82047],[37.8884,55.8202],[37.88791,55.82079],[37.88516,55.82062],[37.88428,55.81996],[37.88164,55.82434],[37.8729,55.823],[37.87247,55.82366],[37.86894,55.82287],[37.86849,55.82393],[37.86458,55.82304],[37.86212,55.82278],[37.86136,55.82241],[37.8589,55.82193],[37.85876,55.82212],[37.85795,55.82188],[37.85718,55.82244],[37.85664,55.82241],[37.85413,55.82128],[37.85454,55.82077],[37.85152,55.81985],[37.85173,55.81955],[37.85001,55.81893],[37.84953,55.81931],[37.84788,55.81874],[37.84752,55.8191],[37.84589,55.81867],[37.84259,55.81847],[37.84254,55.81772],[37.84159,55.81768],[37.84253,55.81594],[37.84357,55.81513],[37.84184,55.8145],[37.83929,55.81415],[37.83917,55.81626],[37.83871,55.81911],[37.83737,55.82249],[37.83605,55.82422],[37.83439,55.82596],[37.83008,55.82915],[37.83014,55.8303],[37.82974,55.83056],[37.82739,55.8306],[37.82552,55.8316],[37.82472,55.8311],[37.82531,55.83067],[37.82472,55.83042],[37.82432,55.83065],[37.8233,55.83024],[37.82347,55.83],[37.81602,55.82983],[37.81584,55.83046],[37.81534,55.83057],[37.81137,55.83031],[37.81113,55.83062],[37.81009,55.83059],[37.81013,55.82994],[37.80821,55.82985],[37.80815,55.83007],[37.80498,55.82995],[37.80542,55.82717],[37.80379,55.82691],[37.80338,55.82668],[37.80334,55.82579],[37.80269,55.82551],[37.80327,55.82497],[37.8023,55.82453],[37.80159,55.82387],[37.80134,55.82303],[37.79843,55.82261],[37.79788,55.82208],[37.79631,55.82208],[37.79629,55.82233],[37.78647,55.82235],[37.78588,55.82281],[37.78537,55.82281],[37.78519,55.82429],[37.78143,55.8246],[37.78125,55.8259],[37.77837,55.82593],[37.77569,55.82621],[37.77258,55.82615],[37.77263,55.82781],[37.77224,55.82893],[37.76951,55.82897]]],[[[37.71566,55.82374],[37.71255,55.82187],[37.71231,55.82233],[37.71186,55.82229],[37.71185,55.82186],[37.71217,55.82148],[37.71217,55.82064],[37.70857,55.82013],[37.70765,55.82033],[37.70527,55.8201],[37.70546,55.82214],[37.70393,55.82214],[37.69742,55.81955],[37.69755,55.82092],[37.69538,55.82034],[37.69543,55.81893],[37.69399,55.81837],[37.6921,55.81774],[37.68888,55.81755],[37.6836,55.81566],[37.67996,55.81726],[37.68041,55.8176],[37.68006,55.81785],[37.67691,55.81845],[37.67634,55.81789],[37.6716,55.8192],[37.6686,55.82039],[37.67069,55.82439],[37.67152,55.82736],[37.67157,55.82903],[37.67023,55.83865],[37.68357,55.83518],[37.68344,55.835],[37.68686,55.83402],[37.68781,55.83395],[37.69398,55.83199],[37.69423,55.8319],[37.69354,55.83151],[37.694,55.83086],[37.69642,55.83091],[37.69656,55.83075],[37.69648,55.83029],[37.6996,55.82937],[37.69952,55.82926],[37.70054,55.8289],[37.70184,55.82847],[37.70264,55.8288],[37.7045,55.82823],[37.70543,55.82768],[37.70576,55.82726],[37.70595,55.82622],[37.70822,55.82664],[37.70873,55.82703],[37.71608,55.82453],[37.71566,55.82374]]]]}},{"type":"Feature","properties":{"id":"dogal-lab-0","kind":"district-label","btype":"dogal","name":"Losiny Ostrov National Park"},"geometry":{"type":"Point","coordinates":[37.82315,55.86284]}},{"type":"Feature","properties":{"id":"dogal-1","kind":"district","btype":"dogal","name":"Bitsa Park","lab":1},"geometry":{"type":"MultiPolygon","coordinates":[[[[37.5784,55.58475],[37.57815,55.58415],[37.578,55.58417],[37.57807,55.58281],[37.57799,55.5835],[37.57374,55.58238],[37.57273,55.58253],[37.57063,55.58197],[37.56042,55.58436],[37.56058,55.58465],[37.5602,55.58469],[37.55995,55.58448],[37.54854,55.58722],[37.54827,55.58752],[37.5474,55.58752],[37.54809,55.5881],[37.54841,55.58886],[37.54889,55.58879],[37.54901,55.58906],[37.54884,55.58922],[37.54922,55.5896],[37.54925,55.59059],[37.54896,55.59077],[37.54953,55.59117],[37.54913,55.59131],[37.5494,55.59163],[37.54895,55.5918],[37.54934,55.59189],[37.54946,55.59246],[37.54918,55.59271],[37.54923,55.59298],[37.54975,55.59329],[37.54842,55.59393],[37.54842,55.59428],[37.54175,55.59569],[37.54209,55.59572],[37.54202,55.59597],[37.54163,55.59596],[37.54358,55.59673],[37.54405,55.59719],[37.54438,55.59789],[37.54476,55.59755],[37.54501,55.59773],[37.54504,55.59816],[37.54381,55.59848],[37.54347,55.59811],[37.54323,55.5982],[37.54355,55.59866],[37.5452,55.59838],[37.54531,55.5987],[37.54393,55.59876],[37.54501,55.59916],[37.54557,55.59907],[37.54591,55.59927],[37.54655,55.5989],[37.54839,55.59863],[37.55918,55.59763],[37.55952,55.5988],[37.5591,55.59943],[37.55865,55.5994],[37.55879,55.59959],[37.55812,55.59991],[37.55829,55.60038],[37.55775,55.60083],[37.55727,55.60107],[37.55659,55.60091],[37.55544,55.60117],[37.55547,55.60155],[37.55636,55.60255],[37.55602,55.60281],[37.55511,55.60275],[37.55462,55.60291],[37.55538,55.60418],[37.55576,55.6045],[37.55626,55.60451],[37.5568,55.60674],[37.55718,55.60677],[37.5573,55.60709],[37.55703,55.60741],[37.5554,55.60757],[37.5549,55.60747],[37.55487,55.60708],[37.55453,55.60711],[37.55476,55.60716],[37.55477,55.60738],[37.55104,55.60796],[37.55105,55.60881],[37.55298,55.60924],[37.55361,55.60985],[37.55496,55.61012],[37.55509,55.61051],[37.55639,55.61062],[37.55626,55.61134],[37.55674,55.61141],[37.55624,55.6114],[37.5562,55.61165],[37.55655,55.61166],[37.55671,55.61192],[37.55622,55.61198],[37.55628,55.61181],[37.55463,55.61339],[37.55477,55.61355],[37.55382,55.61379],[37.54797,55.61777],[37.54686,55.61846],[37.54573,55.61884],[37.54368,55.62015],[37.54394,55.62106],[37.54384,55.62197],[37.54288,55.62352],[37.54029,55.62974],[37.54022,55.63036],[37.54056,55.63142],[37.54263,55.63476],[37.54332,55.63458],[37.54412,55.63509],[37.54418,55.63571],[37.5433,55.63587],[37.54422,55.63723],[37.54487,55.63756],[37.54491,55.63813],[37.54626,55.63934],[37.55168,55.64162],[37.55818,55.64362],[37.55926,55.64411],[37.55967,55.64396],[37.56003,55.64404],[37.56018,55.64436],[37.56081,55.64425],[37.56121,55.64444],[37.5616,55.64515],[37.56142,55.64528],[37.56192,55.64606],[37.56307,55.64687],[37.56315,55.64783],[37.56359,55.6484],[37.56543,55.649],[37.57595,55.6465],[37.58473,55.64381],[37.58491,55.64371],[37.58486,55.64318],[37.58571,55.64314],[37.58574,55.64347],[37.58761,55.64288],[37.58755,55.6423],[37.5878,55.64229],[37.58772,55.64172],[37.5879,55.64172],[37.58778,55.64005],[37.58742,55.63823],[37.58601,55.63364],[37.58872,55.63314],[37.58855,55.63262],[37.58989,55.63205],[37.58997,55.63219],[37.59099,55.63214],[37.59294,55.63278],[37.59358,55.63224],[37.5922,55.63126],[37.59171,55.63134],[37.59162,55.63115],[37.59205,55.63109],[37.59177,55.63051],[37.59123,55.62979],[37.59103,55.62983],[37.58989,55.62801],[37.59005,55.62798],[37.59014,55.62692],[37.58889,55.62688],[37.5875,55.6243],[37.58565,55.62398],[37.58584,55.62509],[37.58373,55.62535],[37.58319,55.62364],[37.58456,55.62346],[37.58437,55.62334],[37.58456,55.62319],[37.58373,55.62221],[37.58246,55.62127],[37.58111,55.62104],[37.58101,55.62092],[37.58127,55.62062],[37.58049,55.62043],[37.57952,55.61983],[37.58042,55.61933],[37.57942,55.61969],[37.57869,55.61898],[37.58091,55.61837],[37.57999,55.61722],[37.57992,55.61696],[37.58025,55.61674],[37.57936,55.6153],[37.57812,55.61478],[37.57753,55.61433],[37.57463,55.61323],[37.57571,55.61228],[37.57558,55.61098],[37.57469,55.60882],[37.57463,55.6078],[37.57529,55.60667],[37.57782,55.60437],[37.58156,55.60434],[37.58177,55.60349],[37.5793,55.60103],[37.58034,55.60092],[37.58003,55.59993],[37.58125,55.59977],[37.58098,55.59957],[37.58062,55.59873],[37.58084,55.5979],[37.58047,55.59752],[37.5815,55.5976],[37.58261,55.5974],[37.58238,55.59701],[37.58297,55.59688],[37.58274,55.59651],[37.58498,55.59616],[37.58489,55.59582],[37.58674,55.59578],[37.58676,55.59514],[37.59108,55.59461],[37.59098,55.5945],[37.59379,55.59383],[37.58937,55.59046],[37.58916,55.59056],[37.58736,55.58927],[37.58704,55.58897],[37.58794,55.58873],[37.58777,55.58836],[37.58711,55.58844],[37.58736,55.58813],[37.58821,55.58805],[37.58864,55.58819],[37.58877,55.5885],[37.58917,55.58854],[37.58879,55.58878],[37.58875,55.58914],[37.58988,55.58904],[37.59069,55.58933],[37.59089,55.58901],[37.59391,55.58855],[37.59383,55.58747],[37.59399,55.58721],[37.59541,55.58689],[37.59558,55.58658],[37.59608,55.58659],[37.59608,55.58642],[37.59575,55.5864],[37.59523,55.5858],[37.59498,55.58479],[37.59512,55.58462],[37.59497,55.58452],[37.59525,55.58444],[37.59491,55.58393],[37.5939,55.58407],[37.59369,55.58384],[37.59029,55.58437],[37.5899,55.58426],[37.5898,55.58123],[37.5896,55.58106],[37.58528,55.58125],[37.58556,55.58225],[37.58488,55.58239],[37.58436,55.58285],[37.58381,55.58295],[37.58327,55.58335],[37.58331,55.5837],[37.58179,55.58386],[37.58063,55.58443],[37.58027,55.58443],[37.58027,55.58473],[37.5784,55.58475]]],[[[37.55696,55.56413],[37.55541,55.56193],[37.55426,55.55949],[37.5548,55.56148],[37.55201,55.56185],[37.55035,55.56293],[37.55059,55.5636],[37.55251,55.56365],[37.55316,55.56406],[37.55345,55.56492],[37.55349,55.56762],[37.54789,55.56892],[37.54888,55.56994],[37.5475,55.5704],[37.54695,55.57045],[37.54612,55.56994],[37.54451,55.57022],[37.54368,55.57075],[37.54069,55.57113],[37.54032,55.57167],[37.53891,55.57221],[37.53724,55.57239],[37.53688,55.5731],[37.53954,55.57326],[37.5395,55.5744],[37.53995,55.57604],[37.53872,55.57592],[37.5393,55.57672],[37.53685,55.57729],[37.53865,55.57956],[37.54102,55.57923],[37.54079,55.57905],[37.54091,55.57884],[37.5419,55.57855],[37.54574,55.57836],[37.54793,55.579],[37.55118,55.58032],[37.55043,55.58065],[37.54998,55.58127],[37.54964,55.58142],[37.54957,55.58206],[37.54899,55.58246],[37.54952,55.58227],[37.54917,55.58295],[37.54887,55.58297],[37.54871,55.58325],[37.54829,55.58324],[37.54727,55.58389],[37.54625,55.58411],[37.54591,55.58483],[37.54541,55.58494],[37.54576,55.58541],[37.54567,55.58558],[37.54735,55.58671],[37.55427,55.58515],[37.55522,55.58485],[37.5549,55.5845],[37.55675,55.58394],[37.55726,55.58438],[37.5696,55.58145],[37.57111,55.58078],[37.57114,55.58049],[37.57006,55.57935],[37.56576,55.57619],[37.56424,55.57474],[37.56157,55.57107],[37.5609,55.57124],[37.56043,55.57053],[37.56111,55.57037],[37.56094,55.57012],[37.56061,55.57019],[37.55992,55.56941],[37.56034,55.56931],[37.55991,55.56878],[37.55887,55.56911],[37.55853,55.56874],[37.55784,55.56789],[37.55777,55.56764],[37.55802,55.56748],[37.5579,55.56724],[37.55757,55.56723],[37.55727,55.56674],[37.55743,55.56655],[37.55708,55.56649],[37.5569,55.56624],[37.55398,55.56598],[37.55387,55.56519],[37.55619,55.56462],[37.55426,55.56498],[37.55403,55.56462],[37.55696,55.56413]]],[[[37.55182,55.643],[37.55122,55.6432],[37.5524,55.64348],[37.5521,55.64417],[37.55253,55.64428],[37.5522,55.64505],[37.55587,55.64548],[37.55551,55.64529],[37.55673,55.64444],[37.55707,55.64458],[37.55819,55.64401],[37.55164,55.64194],[37.55149,55.64262],[37.55182,55.643]]],[[[37.52826,55.61305],[37.52722,55.61244],[37.5274,55.61189],[37.52523,55.6088],[37.52483,55.60859],[37.52297,55.60899],[37.52048,55.61035],[37.51988,55.61089],[37.51897,55.61256],[37.51771,55.61345],[37.51462,55.61509],[37.51384,55.61574],[37.51407,55.61585],[37.51237,55.61775],[37.5114,55.62059],[37.51204,55.6219],[37.51196,55.62216],[37.51233,55.62313],[37.51287,55.62367],[37.5115,55.62431],[37.51629,55.62846],[37.51998,55.62617],[37.52128,55.62567],[37.52503,55.62529],[37.5261,55.62549],[37.52645,55.62577],[37.52649,55.6264],[37.52389,55.62864],[37.52429,55.62992],[37.52481,55.6304],[37.52793,55.6316],[37.52876,55.63239],[37.5323,55.63162],[37.53448,55.63158],[37.53749,55.63205],[37.53838,55.63192],[37.53927,55.63092],[37.54012,55.62827],[37.54003,55.62752],[37.54039,55.62736],[37.54071,55.62688],[37.54104,55.62572],[37.54126,55.62564],[37.54182,55.62423],[37.54221,55.62308],[37.54237,55.62063],[37.54158,55.61946],[37.54,55.61981],[37.53971,55.61941],[37.53756,55.61808],[37.53671,55.61813],[37.53639,55.61781],[37.53551,55.61772],[37.53521,55.61717],[37.53444,55.61717],[37.53414,55.61643],[37.53336,55.61652],[37.53251,55.6161],[37.53233,55.61572],[37.53181,55.61571],[37.52885,55.61388],[37.52999,55.61341],[37.52982,55.61322],[37.52908,55.61293],[37.52826,55.61305]]]]}},{"type":"Feature","properties":{"id":"dogal-lab-1","kind":"district-label","btype":"dogal","name":"Bitsa Park"},"geometry":{"type":"Point","coordinates":[37.52681,55.6202]}},{"type":"Feature","properties":{"id":"dogal-2","kind":"district","btype":"dogal","name":"Tsaritsino","lab":1},"geometry":{"type":"Polygon","coordinates":[[[37.69977,55.60747],[37.70635,55.60359],[37.71312,55.59882],[37.71771,55.5959],[37.71818,55.59533],[37.71911,55.59532],[37.72037,55.5942],[37.72105,55.59442],[37.72085,55.59467],[37.72341,55.59497],[37.72341,55.59458],[37.72526,55.59432],[37.72562,55.59281],[37.72462,55.59232],[37.72465,55.59218],[37.72322,55.59177],[37.72371,55.59146],[37.72302,55.5911],[37.72346,55.59059],[37.72331,55.59052],[37.72389,55.59006],[37.7206,55.58877],[37.7204,55.58891],[37.71993,55.58856],[37.71435,55.58615],[37.69727,55.58679],[37.69718,55.58664],[37.6934,55.5859],[37.69321,55.58671],[37.68679,55.58686],[37.68679,55.58706],[37.68578,55.58709],[37.68575,55.58691],[37.68596,55.58688],[37.68586,55.58666],[37.68424,55.58631],[37.68421,55.58607],[37.68286,55.58609],[37.68183,55.58341],[37.68091,55.58324],[37.67853,55.58565],[37.67896,55.58577],[37.67869,55.58603],[37.67828,55.5859],[37.678,55.58615],[37.67763,55.58709],[37.67612,55.58844],[37.67608,55.58894],[37.67433,55.59131],[37.67392,55.5926],[37.67359,55.59259],[37.67059,55.60347],[37.67017,55.60411],[37.6616,55.6133],[37.66093,55.61419],[37.66119,55.6142],[37.66043,55.61495],[37.66598,55.61582],[37.66597,55.61597],[37.66906,55.61704],[37.67099,55.61833],[37.67604,55.62329],[37.68349,55.62921],[37.68482,55.63058],[37.68575,55.63222],[37.68759,55.63772],[37.68819,55.63881],[37.68844,55.63875],[37.68843,55.63853],[37.68925,55.63821],[37.69035,55.63801],[37.69391,55.63652],[37.69494,55.63626],[37.69595,55.63544],[37.69974,55.63424],[37.70068,55.63374],[37.70047,55.63319],[37.70128,55.63324],[37.70087,55.63367],[37.70153,55.63326],[37.70121,55.63299],[37.70167,55.63257],[37.7022,55.63279],[37.70421,55.63101],[37.7053,55.6314],[37.70274,55.63337],[37.70302,55.63382],[37.70144,55.63457],[37.70092,55.6344],[37.7004,55.63475],[37.70309,55.63566],[37.73149,55.63514],[37.7341,55.63287],[37.73438,55.63182],[37.73885,55.63255],[37.74255,55.63194],[37.74564,55.63228],[37.74978,55.63178],[37.75012,55.63065],[37.74257,55.63051],[37.74176,55.63044],[37.74154,55.63007],[37.73482,55.62993],[37.73493,55.6264],[37.73436,55.62638],[37.73364,55.62604],[37.73245,55.62528],[37.73259,55.62513],[37.73189,55.62537],[37.73097,55.62458],[37.72868,55.6246],[37.72869,55.62583],[37.72749,55.62596],[37.72739,55.62709],[37.72553,55.62788],[37.72003,55.62794],[37.71361,55.62693],[37.71315,55.62783],[37.71144,55.62781],[37.71094,55.62747],[37.71137,55.62712],[37.71149,55.62667],[37.71086,55.62645],[37.71115,55.62596],[37.71204,55.62592],[37.71235,55.62543],[37.71203,55.62537],[37.71237,55.62472],[37.71273,55.62467],[37.71137,55.62445],[37.7102,55.62627],[37.70922,55.62614],[37.70862,55.62633],[37.69894,55.62485],[37.69726,55.62425],[37.69732,55.62387],[37.69589,55.62265],[37.69637,55.62171],[37.69623,55.6216],[37.69638,55.62132],[37.69575,55.62111],[37.69586,55.62088],[37.69536,55.6208],[37.69574,55.61984],[37.69367,55.6197],[37.69435,55.61583],[37.69343,55.61509],[37.69349,55.6148],[37.69324,55.61478],[37.6933,55.61454],[37.69399,55.61433],[37.69388,55.61413],[37.69486,55.6141],[37.69541,55.61201],[37.69528,55.61181],[37.69664,55.61001],[37.69977,55.60747]]]}},{"type":"Feature","properties":{"id":"dogal-lab-2","kind":"district-label","btype":"dogal","name":"Tsaritsino"},"geometry":{"type":"Point","coordinates":[37.67989,55.61091]}},{"type":"Feature","properties":{"id":"dogal-3","kind":"district","btype":"dogal","name":"ООПТ Измайлово","lab":1},"geometry":{"type":"Polygon","coordinates":[[[37.82373,55.7902],[37.82997,55.78933],[37.83416,55.78765],[37.83848,55.78838],[37.83833,55.79451],[37.82367,55.79437],[37.82365,55.7967],[37.8257,55.79672],[37.82577,55.79853],[37.83237,55.8004],[37.83884,55.8036],[37.83903,55.8034],[37.83933,55.80297],[37.84142,55.78393],[37.82426,55.78138],[37.82355,55.78159],[37.82083,55.78144],[37.82033,55.78136],[37.81993,55.7807],[37.81875,55.78058],[37.81884,55.77963],[37.81923,55.77937],[37.81892,55.77857],[37.81944,55.77482],[37.81912,55.77472],[37.81926,55.7744],[37.81603,55.7748],[37.81506,55.77435],[37.81543,55.77406],[37.81961,55.77268],[37.81938,55.77213],[37.81861,55.77166],[37.79134,55.76633],[37.77866,55.76614],[37.77736,55.7659],[37.76919,55.76322],[37.76897,55.76401],[37.76406,55.76215],[37.75763,55.76103],[37.75698,55.76221],[37.75362,55.76157],[37.75414,55.7606],[37.7536,55.76038],[37.75322,55.76047],[37.75087,55.76454],[37.74894,55.76573],[37.74856,55.76628],[37.74818,55.7695],[37.7513,55.76957],[37.75246,55.76981],[37.75424,55.77062],[37.75497,55.77163],[37.75484,55.77275],[37.75437,55.77339],[37.75351,55.77408],[37.75344,55.77674],[37.74887,55.77661],[37.74843,55.78001],[37.75129,55.77992],[37.75317,55.78008],[37.75213,55.78569],[37.75355,55.7857],[37.75352,55.78674],[37.75535,55.78678],[37.75532,55.78741],[37.75385,55.78737],[37.75381,55.78786],[37.76286,55.78821],[37.76292,55.78771],[37.7659,55.78775],[37.76617,55.78751],[37.76664,55.7875],[37.77053,55.78801],[37.772,55.78768],[37.77439,55.78752],[37.79386,55.78797],[37.79628,55.78797],[37.79628,55.78778],[37.79718,55.78778],[37.79715,55.78816],[37.79459,55.78812],[37.79443,55.78858],[37.81835,55.78902],[37.81836,55.78861],[37.82232,55.7888],[37.8237,55.78902],[37.82384,55.78942],[37.82373,55.7902]]]}},{"type":"Feature","properties":{"id":"dogal-lab-3","kind":"district-label","btype":"dogal","name":"ООПТ Измайлово"},"geometry":{"type":"Point","coordinates":[37.79311,55.78276]}},{"type":"Feature","properties":{"id":"dogal-4","kind":"district","btype":"dogal","name":"Izmaylovsky Park","lab":1},"geometry":{"type":"MultiPolygon","coordinates":[[[[37.83848,55.78838],[37.83833,55.79451],[37.82367,55.79437],[37.82365,55.7967],[37.8257,55.79672],[37.82577,55.79853],[37.83237,55.8004],[37.83884,55.8036],[37.83933,55.80297],[37.84142,55.78393],[37.82426,55.78138],[37.82355,55.78159],[37.8209,55.78137],[37.82072,55.7817],[37.8209,55.78228],[37.82084,55.78357],[37.81865,55.78801],[37.81884,55.78873],[37.82342,55.78889],[37.8237,55.78902],[37.82384,55.78942],[37.82373,55.7902],[37.82997,55.78933],[37.83416,55.78765],[37.83848,55.78838]]],[[[37.81993,55.7807],[37.81875,55.78058],[37.81884,55.77963],[37.81923,55.77937],[37.81892,55.77857],[37.81944,55.77482],[37.81912,55.77472],[37.81919,55.77429],[37.81603,55.7748],[37.81506,55.77435],[37.81543,55.77406],[37.81961,55.77268],[37.81938,55.77213],[37.81861,55.77166],[37.79134,55.76633],[37.77866,55.76614],[37.77736,55.7659],[37.76919,55.76322],[37.76897,55.76401],[37.76406,55.76215],[37.75763,55.76103],[37.75698,55.76221],[37.75362,55.76157],[37.75414,55.7606],[37.7536,55.76038],[37.75322,55.76047],[37.75087,55.76454],[37.74894,55.76573],[37.74856,55.76628],[37.74818,55.7695],[37.7513,55.76957],[37.75246,55.76981],[37.75424,55.77062],[37.75497,55.77163],[37.75484,55.77275],[37.75437,55.77339],[37.75351,55.77408],[37.75344,55.77674],[37.74887,55.77661],[37.74843,55.78001],[37.75129,55.77992],[37.75317,55.78008],[37.75213,55.78569],[37.75355,55.7857],[37.75352,55.78674],[37.75535,55.78678],[37.75532,55.78741],[37.75385,55.78737],[37.75381,55.78786],[37.76203,55.78817],[37.76244,55.78707],[37.76319,55.78713],[37.76495,55.78586],[37.76576,55.78576],[37.76753,55.78633],[37.76743,55.78662],[37.76694,55.78681],[37.76617,55.78751],[37.77053,55.78801],[37.772,55.78768],[37.77439,55.78752],[37.79386,55.78797],[37.79628,55.78797],[37.79628,55.78778],[37.79718,55.78778],[37.79715,55.78816],[37.79459,55.78812],[37.79443,55.78858],[37.81835,55.78902],[37.81841,55.78781],[37.81865,55.78714],[37.82061,55.78338],[37.82059,55.7822],[37.81993,55.7807]]]]}},{"type":"Feature","properties":{"id":"dogal-lab-4","kind":"district-label","btype":"dogal","name":"Izmaylovsky Park"},"geometry":{"type":"Point","coordinates":[37.78448,55.77454]}},{"type":"Feature","properties":{"id":"dogal-5","kind":"district","btype":"dogal","name":"Kremlin and Red Square, Moscow. Buffer zone","lab":1},"geometry":{"type":"Polygon","coordinates":[[[37.60225,55.76224],[37.60486,55.76459],[37.60533,55.76477],[37.6056,55.76465],[37.61351,55.76802],[37.61333,55.76826],[37.61555,55.76817],[37.62661,55.76664],[37.63142,55.76679],[37.63093,55.76574],[37.62998,55.76487],[37.62788,55.76196],[37.6265,55.76057],[37.62805,55.75985],[37.62781,55.75953],[37.62673,55.75908],[37.63002,55.75666],[37.63035,55.75662],[37.6315,55.75713],[37.63432,55.75483],[37.63494,55.75391],[37.63534,55.75384],[37.63697,55.75418],[37.63767,55.75364],[37.63898,55.75321],[37.64231,55.75068],[37.64455,55.74943],[37.64487,55.74908],[37.64864,55.74964],[37.65429,55.75007],[37.65591,55.75039],[37.65549,55.74708],[37.65976,55.74722],[37.66793,55.74645],[37.66802,55.74611],[37.66188,55.74367],[37.65543,55.74201],[37.65418,55.74203],[37.65337,55.74115],[37.64822,55.73748],[37.6495,55.73441],[37.65122,55.73211],[37.65555,55.72931],[37.65714,55.728],[37.65843,55.72612],[37.6589,55.72489],[37.65929,55.72225],[37.65624,55.7229],[37.6562,55.72445],[37.65577,55.72568],[37.65409,55.72776],[37.65126,55.72965],[37.64912,55.7309],[37.64354,55.73228],[37.64169,55.7332],[37.64118,55.73371],[37.63925,55.73665],[37.63639,55.73594],[37.63485,55.73773],[37.62779,55.73529],[37.62774,55.73481],[37.62431,55.73449],[37.62433,55.73501],[37.61474,55.73498],[37.6133,55.73524],[37.61225,55.73232],[37.61214,55.72997],[37.61139,55.73007],[37.60025,55.73356],[37.59957,55.73281],[37.59974,55.73249],[37.59839,55.7309],[37.59734,55.72922],[37.59734,55.72887],[37.59315,55.72392],[37.5923,55.72311],[37.58768,55.71969],[37.58687,55.71878],[37.58225,55.71541],[37.57882,55.71371],[37.57678,55.71501],[37.58032,55.71712],[37.58273,55.71881],[37.58631,55.72196],[37.59073,55.72619],[37.59476,55.73176],[37.59758,55.73449],[37.59313,55.73587],[37.58616,55.7386],[37.59805,55.74344],[37.60162,55.74462],[37.60004,55.74541],[37.59923,55.74666],[37.60024,55.75115],[37.60064,55.75212],[37.60056,55.75407],[37.5997,55.75546],[37.59811,55.75744],[37.59803,55.7578],[37.60225,55.76224]]]}},{"type":"Feature","properties":{"id":"dogal-lab-5","kind":"district-label","btype":"dogal","name":"Kremlin and Red Square, Moscow. Buffer zone"},"geometry":{"type":"Point","coordinates":[37.62044,55.73987]}},{"type":"Feature","properties":{"id":"dogal-6","kind":"district","btype":"dogal","name":"Ульяновский лесопарк","lab":1},"geometry":{"type":"MultiPolygon","coordinates":[[[[37.40857,55.58615],[37.40846,55.58569],[37.40778,55.58558],[37.40773,55.58509],[37.4025,55.58527],[37.40261,55.58633],[37.40053,55.58636],[37.40055,55.58659],[37.40264,55.5877],[37.41113,55.59504],[37.41268,55.59619],[37.41334,55.59692],[37.41548,55.59589],[37.4152,55.59533],[37.41318,55.59516],[37.41335,55.59563],[37.41313,55.59557],[37.41271,55.59502],[37.41296,55.59464],[37.41259,55.59439],[37.41224,55.5945],[37.41233,55.59418],[37.41078,55.59409],[37.4106,55.59363],[37.41017,55.59342],[37.41043,55.59316],[37.41066,55.59319],[37.41076,55.59355],[37.41092,55.59357],[37.41135,55.59339],[37.41118,55.59307],[37.41239,55.59319],[37.41271,55.59346],[37.41262,55.59421],[37.413,55.59436],[37.41306,55.59488],[37.41326,55.59505],[37.41408,55.59508],[37.41366,55.59473],[37.4139,55.59461],[37.41517,55.5949],[37.41542,55.59446],[37.41571,55.59465],[37.41565,55.595],[37.41514,55.59519],[37.41579,55.59509],[37.41605,55.59529],[37.41639,55.59509],[37.41636,55.59457],[37.41665,55.59504],[37.42117,55.59142],[37.42026,55.59139],[37.4203,55.59083],[37.41992,55.59005],[37.41914,55.59],[37.4162,55.58917],[37.41483,55.58902],[37.4152,55.58866],[37.41498,55.58835],[37.41396,55.58812],[37.41225,55.5887],[37.41097,55.58858],[37.40917,55.58803],[37.40962,55.58696],[37.40899,55.58657],[37.40824,55.58658],[37.40823,55.58636],[37.40857,55.58615]]],[[[37.41277,55.59717],[37.40558,55.59123],[37.40168,55.58771],[37.40032,55.58706],[37.39867,55.58673],[37.39756,55.58694],[37.39609,55.58627],[37.39446,55.58596],[37.38041,55.57884],[37.38009,55.57887],[37.37961,55.57938],[37.37934,55.57938],[37.37841,55.57903],[37.37878,55.57852],[37.37831,55.57843],[37.37745,55.57861],[37.37692,55.57896],[37.37634,55.58016],[37.37511,55.58098],[37.36956,55.58155],[37.36925,55.58191],[37.36712,55.58294],[37.36735,55.58326],[37.36693,55.5839],[37.36743,55.58452],[37.36812,55.5849],[37.37063,55.58565],[37.37208,55.58643],[37.37241,55.58674],[37.37224,55.58696],[37.37236,55.58702],[37.37428,55.58536],[37.37425,55.58515],[37.37268,55.58372],[37.37221,55.583],[37.37164,55.58142],[37.3756,55.58115],[37.37733,55.58194],[37.38003,55.58153],[37.38137,55.58393],[37.38221,55.58715],[37.38121,55.58721],[37.38085,55.58677],[37.38017,55.58668],[37.37927,55.5868],[37.37909,55.587],[37.37948,55.58741],[37.37911,55.58763],[37.37962,55.58913],[37.38045,55.58992],[37.38034,55.5902],[37.38109,55.59073],[37.38295,55.59181],[37.38416,55.59229],[37.38454,55.59234],[37.38593,55.59192],[37.38673,55.59132],[37.38628,55.59177],[37.38704,55.59189],[37.38642,55.5919],[37.385,55.59272],[37.38517,55.59332],[37.38622,55.59292],[37.38587,55.59326],[37.38657,55.59319],[37.38556,55.59339],[37.38668,55.5937],[37.38541,55.59345],[37.38524,55.59356],[37.38537,55.59399],[37.38468,55.59457],[37.38461,55.59507],[37.38393,55.59556],[37.38401,55.59595],[37.38445,55.59628],[37.38413,55.59683],[37.38412,55.59643],[37.38347,55.59579],[37.3835,55.59537],[37.38381,55.59525],[37.38397,55.59451],[37.38456,55.59361],[37.38441,55.5932],[37.38338,55.59241],[37.38135,55.59193],[37.38033,55.59287],[37.38026,55.59276],[37.38103,55.59186],[37.38035,55.59206],[37.37706,55.59232],[37.37593,55.59156],[37.37481,55.59201],[37.37087,55.59436],[37.37073,55.59462],[37.37107,55.59459],[37.37155,55.59492],[37.37125,55.5951],[37.37214,55.59617],[37.37346,55.59748],[37.37573,55.59919],[37.38569,55.60256],[37.38736,55.60286],[37.39033,55.60305],[37.39272,55.60276],[37.39897,55.59973],[37.40047,55.5995],[37.40188,55.59957],[37.40305,55.59985],[37.40364,55.59972],[37.40132,55.59846],[37.40205,55.59804],[37.40308,55.59865],[37.40421,55.59815],[37.40361,55.59775],[37.40522,55.59771],[37.40625,55.59729],[37.4068,55.59627],[37.40747,55.59651],[37.40737,55.59706],[37.40768,55.59731],[37.40843,55.597],[37.4067,55.59567],[37.407,55.59552],[37.40613,55.59495],[37.40582,55.59422],[37.40639,55.59398],[37.40302,55.59097],[37.40108,55.58968],[37.40177,55.58918],[37.40378,55.59047],[37.40534,55.59177],[37.407,55.59369],[37.40806,55.59415],[37.41118,55.59658],[37.4126,55.5973],[37.41277,55.59717]]],[[[37.38139,55.60528],[37.38045,55.6057],[37.37964,55.60562],[37.37953,55.60535],[37.37958,55.60496],[37.37976,55.60489],[37.38076,55.60512],[37.38503,55.60544],[37.38524,55.60482],[37.38447,55.60449],[37.38458,55.60418],[37.39027,55.60378],[37.39038,55.60445],[37.39102,55.60469],[37.39047,55.60481],[37.3899,55.60457],[37.38879,55.60467],[37.38811,55.60508],[37.38776,55.60556],[37.38639,55.60576],[37.38703,55.61007],[37.38923,55.60962],[37.39223,55.60832],[37.39335,55.60816],[37.3942,55.60774],[37.395,55.6078],[37.39681,55.607],[37.40148,55.60424],[37.40249,55.60307],[37.40174,55.60255],[37.40205,55.6023],[37.40017,55.60131],[37.40248,55.59997],[37.4012,55.59978],[37.39943,55.59992],[37.39841,55.60026],[37.39295,55.60305],[37.39023,55.60335],[37.38564,55.60286],[37.37732,55.60017],[37.37724,55.60045],[37.378,55.60131],[37.37879,55.60388],[37.37872,55.6041],[37.37738,55.60466],[37.38275,55.60711],[37.38386,55.60795],[37.38612,55.61017],[37.3868,55.61009],[37.38616,55.60577],[37.38139,55.60528]]],[[[37.38496,55.62292],[37.38602,55.6213],[37.38555,55.62011],[37.38764,55.61838],[37.38624,55.61801],[37.38603,55.61817],[37.38639,55.61856],[37.38605,55.61888],[37.3856,55.61881],[37.38575,55.61905],[37.38539,55.61945],[37.3847,55.61976],[37.38494,55.62081],[37.38468,55.62101],[37.3845,55.62094],[37.38461,55.62061],[37.38431,55.62019],[37.38144,55.62016],[37.38222,55.61991],[37.38153,55.61965],[37.3819,55.61776],[37.38167,55.61721],[37.37899,55.61593],[37.37728,55.61548],[37.37644,55.61554],[37.37605,55.61575],[37.37641,55.61583],[37.37545,55.61646],[37.3748,55.61737],[37.37349,55.62043],[37.37464,55.62074],[37.37439,55.62145],[37.37308,55.62138],[37.37218,55.62294],[37.37171,55.62315],[37.37121,55.62395],[37.36972,55.62523],[37.36706,55.62703],[37.36233,55.62955],[37.36085,55.63013],[37.35656,55.63107],[37.35688,55.63186],[37.35794,55.6332],[37.35881,55.63378],[37.35964,55.6338],[37.35997,55.6334],[37.35982,55.63148],[37.36254,55.62969],[37.36569,55.63045],[37.36627,55.62998],[37.36779,55.62798],[37.36745,55.62784],[37.36785,55.62758],[37.36804,55.62769],[37.36837,55.62738],[37.36778,55.62694],[37.36811,55.62674],[37.36912,55.62669],[37.37117,55.62514],[37.37191,55.62553],[37.37653,55.62327],[37.378,55.62405],[37.37614,55.6251],[37.37863,55.6266],[37.38239,55.62541],[37.38259,55.62501],[37.38235,55.62354],[37.38409,55.6237],[37.38496,55.62292]]],[[[37.37384,55.61378],[37.37499,55.61398],[37.37605,55.61382],[37.37972,55.61168],[37.38171,55.61104],[37.38495,55.61034],[37.38195,55.60723],[37.3765,55.60489],[37.37605,55.60536],[37.3753,55.60537],[37.37474,55.60512],[37.37353,55.60531],[37.37316,55.60571],[37.37217,55.60606],[37.37227,55.60641],[37.372,55.60675],[37.3714,55.60686],[37.37052,55.60737],[37.36977,55.6068],[37.36831,55.60673],[37.36712,55.60614],[37.36712,55.60594],[37.36564,55.60625],[37.36296,55.60833],[37.36296,55.60852],[37.36357,55.6084],[37.36372,55.60898],[37.36322,55.60921],[37.36282,55.60866],[37.3625,55.60879],[37.36142,55.60958],[37.36096,55.61019],[37.36114,55.61042],[37.36197,55.61065],[37.3625,55.61037],[37.3629,55.61086],[37.3649,55.61148],[37.37258,55.61349],[37.37317,55.6134],[37.37384,55.61378]]],[[[37.35697,55.61025],[37.35603,55.61114],[37.35627,55.61172],[37.35574,55.61248],[37.35658,55.61383],[37.35707,55.61569],[37.35609,55.61567],[37.35547,55.61357],[37.34987,55.61277],[37.34985,55.6121],[37.34858,55.61348],[37.34876,55.61367],[37.34795,55.61582],[37.34725,55.61645],[37.35365,55.61876],[37.34947,55.6208],[37.34798,55.6203],[37.34684,55.62114],[37.34403,55.62054],[37.34375,55.61971],[37.34313,55.61977],[37.34295,55.62035],[37.34242,55.62054],[37.34039,55.61971],[37.34055,55.6194],[37.34019,55.61915],[37.34058,55.61894],[37.34035,55.61891],[37.33991,55.61915],[37.33916,55.62001],[37.33871,55.62146],[37.34069,55.62174],[37.34099,55.62092],[37.34744,55.62198],[37.3472,55.62283],[37.34012,55.62187],[37.34004,55.622],[37.35238,55.625],[37.35361,55.62569],[37.35446,55.62645],[37.35493,55.62758],[37.35679,55.63038],[37.35946,55.62982],[37.36236,55.62882],[37.3687,55.62491],[37.3688,55.62457],[37.36919,55.62445],[37.37051,55.6234],[37.3714,55.62201],[37.37095,55.62191],[37.37094,55.62159],[37.3717,55.62148],[37.37388,55.61662],[37.37416,55.61496],[37.36958,55.6135],[37.35697,55.61025]]],[[[37.36086,55.60805],[37.35928,55.607],[37.3591,55.60669],[37.35686,55.60548],[37.35587,55.60523],[37.35506,55.60649],[37.35553,55.60646],[37.35633,55.60855],[37.35661,55.60865],[37.35644,55.60878],[37.35656,55.60908],[37.35849,55.60972],[37.35996,55.61011],[37.36194,55.60849],[37.36086,55.60805]]],[[[37.35663,55.63237],[37.35656,55.63272],[37.35544,55.63292],[37.35517,55.63248],[37.35576,55.63242],[37.35576,55.63228],[37.35246,55.632],[37.35061,55.63242],[37.35083,55.63307],[37.35046,55.63306],[37.3503,55.63229],[37.34957,55.63213],[37.34705,55.63255],[37.34643,55.63326],[37.34959,55.63546],[37.34984,55.63544],[37.35093,55.63618],[37.35208,55.63517],[37.35334,55.63508],[37.35464,55.63537],[37.35534,55.6353],[37.35693,55.63497],[37.35808,55.63444],[37.35771,55.63412],[37.35851,55.63395],[37.3569,55.63263],[37.35603,55.63117],[37.35286,55.63164],[37.35597,55.63193],[37.35663,55.63237]]],[[[37.34387,55.63223],[37.35508,55.63066],[37.35392,55.62908],[37.35401,55.62882],[37.35467,55.6284],[37.35398,55.6266],[37.35323,55.62588],[37.351,55.62487],[37.33956,55.6222],[37.34253,55.62384],[37.34387,55.6241],[37.34468,55.62396],[37.34682,55.62455],[37.34642,55.62488],[37.3448,55.62439],[37.34627,55.62493],[37.34694,55.62496],[37.34649,55.62635],[37.3463,55.62792],[37.34355,55.62973],[37.34054,55.63013],[37.34091,55.63055],[37.34387,55.63223]]]]}},{"type":"Feature","properties":{"id":"dogal-lab-6","kind":"district-label","btype":"dogal","name":"Ульяновский лесопарк"},"geometry":{"type":"Point","coordinates":[37.37286,55.60939]}},{"type":"Feature","properties":{"id":"dogal-7","kind":"district","btype":"dogal","name":"Khimki Forest","lab":1},"geometry":{"type":"MultiPolygon","coordinates":[[[[37.44873,55.94662],[37.44941,55.94683],[37.45024,55.94759],[37.45034,55.94788],[37.44994,55.94807],[37.45005,55.94824],[37.45121,55.94833],[37.45347,55.94918],[37.45446,55.9484],[37.45291,55.94763],[37.45345,55.94713],[37.45467,55.94733],[37.45534,55.94722],[37.45573,55.94692],[37.45579,55.94656],[37.45561,55.94638],[37.45502,55.94635],[37.45448,55.94688],[37.45402,55.9469],[37.45226,55.94665],[37.45169,55.94594],[37.45196,55.94558],[37.45183,55.94535],[37.4522,55.94486],[37.45455,55.94416],[37.45406,55.94465],[37.4543,55.94506],[37.45467,55.94538],[37.45573,55.9456],[37.45563,55.94526],[37.45496,55.94515],[37.45502,55.94499],[37.45468,55.94482],[37.45494,55.9443],[37.4572,55.94382],[37.45755,55.94355],[37.45851,55.94452],[37.45996,55.94382],[37.46096,55.94411],[37.46466,55.94255],[37.47268,55.9387],[37.4756,55.937],[37.47697,55.93592],[37.47704,55.9356],[37.47677,55.9356],[37.4765,55.9354],[37.47657,55.93527],[37.47768,55.93513],[37.47811,55.9347],[37.47795,55.93458],[37.47809,55.93438],[37.47859,55.93425],[37.4789,55.93377],[37.47787,55.93317],[37.47385,55.9316],[37.47574,55.93008],[37.47503,55.92941],[37.4745,55.92832],[37.4736,55.92785],[37.47125,55.9279],[37.4708,55.92752],[37.4712,55.92687],[37.47492,55.92565],[37.47199,55.92652],[37.47046,55.92653],[37.46815,55.92693],[37.46793,55.92641],[37.46965,55.92601],[37.4695,55.92589],[37.47082,55.92531],[37.47088,55.92434],[37.46429,55.92303],[37.46511,55.9225],[37.46802,55.91971],[37.46831,55.9197],[37.46885,55.9192],[37.46825,55.91871],[37.46849,55.91819],[37.46806,55.91765],[37.46826,55.91743],[37.46929,55.91684],[37.47004,55.91666],[37.47071,55.91673],[37.47097,55.91619],[37.47064,55.91598],[37.47252,55.91427],[37.47075,55.91329],[37.46985,55.91239],[37.46915,55.91199],[37.46883,55.91213],[37.46916,55.91235],[37.46875,55.91257],[37.46835,55.91239],[37.46733,55.91288],[37.4671,55.91283],[37.46565,55.91365],[37.46523,55.91416],[37.46478,55.9144],[37.46443,55.91435],[37.46247,55.91533],[37.45888,55.91786],[37.45798,55.91887],[37.45815,55.91934],[37.45733,55.91963],[37.45657,55.92097],[37.45552,55.92447],[37.45449,55.92693],[37.45359,55.92988],[37.45387,55.93009],[37.4538,55.93102],[37.4533,55.93195],[37.45486,55.93203],[37.45557,55.93232],[37.45592,55.93278],[37.45588,55.93352],[37.45479,55.93411],[37.45415,55.93407],[37.45355,55.93374],[37.45308,55.93525],[37.4536,55.93559],[37.45353,55.93629],[37.45091,55.93755],[37.44928,55.9422],[37.44838,55.9433],[37.44592,55.94528],[37.44692,55.94529],[37.44888,55.94567],[37.44902,55.94624],[37.44873,55.94662]]],[[[37.44585,55.94365],[37.4474,55.94201],[37.4482,55.9408],[37.44906,55.93892],[37.44728,55.93672],[37.44773,55.93474],[37.44807,55.93434],[37.4509,55.93284],[37.45556,55.91964],[37.45666,55.91816],[37.45617,55.91861],[37.45599,55.9186],[37.45609,55.91839],[37.4569,55.91752],[37.45762,55.9173],[37.46162,55.91459],[37.46093,55.91399],[37.45852,55.91557],[37.45826,55.91554],[37.45819,55.91541],[37.45913,55.91487],[37.45912,55.91466],[37.45846,55.91501],[37.45828,55.91484],[37.45961,55.91392],[37.45873,55.91356],[37.45974,55.91288],[37.46053,55.91302],[37.46,55.91273],[37.46114,55.91213],[37.4626,55.9127],[37.46134,55.91348],[37.46132,55.91372],[37.46159,55.91401],[37.46215,55.91374],[37.46298,55.9139],[37.46675,55.91185],[37.46725,55.91127],[37.4691,55.91043],[37.4694,55.91015],[37.4693,55.90988],[37.47129,55.90881],[37.4707,55.90825],[37.47008,55.90836],[37.4697,55.90867],[37.46887,55.90868],[37.46939,55.9085],[37.4701,55.90781],[37.46921,55.9067],[37.46753,55.90565],[37.4671,55.90585],[37.46746,55.90591],[37.46825,55.90658],[37.46797,55.90698],[37.46812,55.90712],[37.46698,55.90753],[37.46572,55.90651],[37.46509,55.90678],[37.46413,55.90812],[37.46236,55.90839],[37.46223,55.90871],[37.46143,55.90877],[37.46052,55.91168],[37.45971,55.91231],[37.45578,55.91425],[37.45534,55.91468],[37.45512,55.91556],[37.45598,55.9175],[37.45591,55.9178],[37.45495,55.91864],[37.45566,55.91871],[37.4544,55.91911],[37.45325,55.92133],[37.45245,55.92137],[37.45301,55.92109],[37.45408,55.91909],[37.44862,55.91946],[37.44726,55.91982],[37.44666,55.92039],[37.44643,55.92196],[37.44749,55.92218],[37.44716,55.92236],[37.44745,55.92254],[37.44724,55.9228],[37.44589,55.923],[37.44567,55.92545],[37.44519,55.92593],[37.44604,55.92612],[37.44599,55.92633],[37.4448,55.92727],[37.44538,55.92767],[37.44684,55.92693],[37.44785,55.92741],[37.44757,55.92763],[37.44792,55.92782],[37.44822,55.9276],[37.44928,55.92813],[37.4493,55.92833],[37.44609,55.93037],[37.44374,55.92886],[37.44074,55.92734],[37.4402,55.9275],[37.44034,55.92729],[37.4401,55.92716],[37.43944,55.92766],[37.44021,55.92965],[37.44264,55.92989],[37.44345,55.9303],[37.44406,55.93098],[37.44393,55.93168],[37.44314,55.93267],[37.44292,55.93342],[37.44343,55.93368],[37.44484,55.93382],[37.44575,55.93621],[37.44649,55.93663],[37.44766,55.9391],[37.44701,55.94],[37.44559,55.94111],[37.44508,55.94261],[37.44517,55.94413],[37.44585,55.94365]]],[[[37.44716,55.91962],[37.44834,55.9193],[37.45334,55.91902],[37.45435,55.91877],[37.45564,55.91759],[37.45478,55.91544],[37.4544,55.91538],[37.45472,55.91525],[37.45515,55.91399],[37.45207,55.91493],[37.45245,55.91524],[37.45226,55.91543],[37.45224,55.91595],[37.45305,55.9155],[37.45433,55.91558],[37.45187,55.91708],[37.45136,55.91663],[37.45182,55.9164],[37.45185,55.91616],[37.45128,55.91617],[37.4516,55.91586],[37.45109,55.91565],[37.45101,55.91513],[37.44988,55.91532],[37.45101,55.91627],[37.45082,55.91632],[37.44966,55.91541],[37.4456,55.91715],[37.44389,55.91704],[37.44373,55.91799],[37.4434,55.91823],[37.44306,55.91896],[37.44242,55.91942],[37.44132,55.92166],[37.44113,55.92256],[37.4455,55.9217],[37.44594,55.92183],[37.44629,55.9203],[37.44716,55.91962]]],[[[37.44422,55.94097],[37.4425,55.94047],[37.44215,55.93984],[37.44169,55.93895],[37.44167,55.93787],[37.44036,55.93544],[37.43817,55.93725],[37.43736,55.93755],[37.43625,55.93688],[37.4366,55.9366],[37.43647,55.93632],[37.43581,55.93607],[37.43655,55.93572],[37.43609,55.9358],[37.43625,55.93553],[37.43612,55.93546],[37.43523,55.93544],[37.43525,55.9356],[37.43577,55.93566],[37.43544,55.936],[37.43535,55.93641],[37.43553,55.93688],[37.43483,55.93692],[37.43187,55.93603],[37.43136,55.93557],[37.43336,55.93493],[37.43763,55.93396],[37.43816,55.93409],[37.43905,55.9336],[37.43835,55.93311],[37.43792,55.93325],[37.43702,55.93307],[37.43656,55.93246],[37.43585,55.93205],[37.43486,55.93205],[37.43411,55.93128],[37.43207,55.93099],[37.43063,55.93127],[37.43044,55.9309],[37.43065,55.9308],[37.42913,55.9302],[37.42874,55.93052],[37.42831,55.93205],[37.42804,55.93239],[37.42752,55.93242],[37.42486,55.93026],[37.42429,55.93031],[37.42351,55.9307],[37.42359,55.93148],[37.4217,55.93186],[37.4214,55.93126],[37.42284,55.92996],[37.42478,55.93006],[37.42347,55.92908],[37.42382,55.92881],[37.42256,55.92817],[37.42121,55.92673],[37.42,55.92577],[37.42139,55.92465],[37.42371,55.92539],[37.42442,55.92481],[37.42387,55.92446],[37.41893,55.92271],[37.41391,55.92346],[37.41412,55.92395],[37.41363,55.92405],[37.41348,55.92439],[37.41359,55.92472],[37.41287,55.92475],[37.41234,55.9256],[37.41102,55.9263],[37.4103,55.92643],[37.41054,55.92577],[37.40884,55.92563],[37.40683,55.92638],[37.40551,55.92609],[37.40542,55.92576],[37.40577,55.92548],[37.40548,55.92544],[37.40454,55.92564],[37.40293,55.92672],[37.40435,55.92689],[37.40457,55.9272],[37.40563,55.9269],[37.40619,55.92712],[37.40613,55.92755],[37.40585,55.92783],[37.40618,55.92778],[37.40638,55.92816],[37.40705,55.92854],[37.40579,55.92875],[37.40527,55.92905],[37.40667,55.92908],[37.40699,55.92927],[37.40681,55.92963],[37.40704,55.92976],[37.40759,55.92944],[37.40794,55.9298],[37.40812,55.92966],[37.40918,55.92996],[37.40926,55.93008],[37.40904,55.93022],[37.4103,55.93059],[37.40975,55.93122],[37.41,55.932],[37.40954,55.93285],[37.40748,55.93478],[37.40575,55.93799],[37.40648,55.93938],[37.40725,55.94047],[37.40812,55.94056],[37.40809,55.9415],[37.41063,55.94528],[37.41199,55.94545],[37.41209,55.94561],[37.41187,55.9461],[37.41357,55.94617],[37.41369,55.94578],[37.41391,55.9457],[37.41556,55.94584],[37.41618,55.94686],[37.41457,55.94691],[37.41366,55.94675],[37.4137,55.94701],[37.41941,55.94678],[37.42111,55.94751],[37.42092,55.94924],[37.42205,55.95068],[37.42091,55.95112],[37.4209,55.95168],[37.41992,55.95166],[37.41988,55.95193],[37.42056,55.95245],[37.42096,55.95227],[37.42357,55.95245],[37.4236,55.95228],[37.4259,55.95249],[37.42593,55.95308],[37.42565,55.95307],[37.42573,55.95347],[37.42832,55.95339],[37.42882,55.95357],[37.42934,55.95355],[37.42968,55.95309],[37.43098,55.9527],[37.43317,55.95123],[37.4338,55.94965],[37.43441,55.94915],[37.43601,55.94878],[37.43757,55.94884],[37.43901,55.94786],[37.43904,55.94766],[37.43822,55.94651],[37.43828,55.9463],[37.43942,55.94551],[37.44222,55.94586],[37.44452,55.94446],[37.44447,55.94265],[37.44428,55.94199],[37.44348,55.94195],[37.44322,55.94173],[37.44387,55.94159],[37.44422,55.94097]]]]}},{"type":"Feature","properties":{"id":"dogal-lab-7","kind":"district-label","btype":"dogal","name":"Khimki Forest"},"geometry":{"type":"Point","coordinates":[37.42384,55.93847]}},{"type":"Feature","properties":{"id":"dogal-8","kind":"district","btype":"dogal","name":"Озёрный","lab":1},"geometry":{"type":"Polygon","coordinates":[[[38.01125,55.85268],[38.01717,55.84964],[38.0274,55.8201],[38.02706,55.81813],[38.01906,55.81575],[38.01668,55.80955],[38.01699,55.80685],[38.01176,55.80724],[38.00213,55.80637],[37.99524,55.80759],[37.99459,55.80741],[37.98623,55.80905],[37.98341,55.81098],[37.98006,55.81061],[37.97962,55.81099],[37.99893,55.82779],[38.00254,55.83065],[38.00239,55.838],[37.99614,55.83897],[37.99039,55.84284],[37.98992,55.84601],[37.98918,55.8489],[37.99151,55.85206],[38.00626,55.85067],[38.01125,55.85268]]]}},{"type":"Feature","properties":{"id":"dogal-lab-8","kind":"district-label","btype":"dogal","name":"Озёрный"},"geometry":{"type":"Point","coordinates":[38.01249,55.82922]}},{"type":"Feature","properties":{"id":"dogal-9","kind":"district","btype":"dogal","name":"Kuzminki Lyublino park","lab":1},"geometry":{"type":"Polygon","coordinates":[[[37.80532,55.68028],[37.80253,55.68049],[37.7925,55.68306],[37.78982,55.68155],[37.78923,55.68145],[37.77424,55.68981],[37.77277,55.68929],[37.77207,55.68976],[37.76727,55.69074],[37.76699,55.69005],[37.76591,55.68909],[37.76595,55.68869],[37.76662,55.68763],[37.76699,55.68755],[37.76592,55.68688],[37.76565,55.68567],[37.76448,55.68287],[37.76369,55.68288],[37.76394,55.68378],[37.7633,55.68521],[37.76293,55.68561],[37.76188,55.68552],[37.75398,55.68716],[37.75407,55.6873],[37.75347,55.68743],[37.75393,55.68803],[37.75422,55.68795],[37.75429,55.68846],[37.75523,55.68973],[37.75563,55.68994],[37.75607,55.68986],[37.75673,55.69065],[37.75914,55.6902],[37.75912,55.6904],[37.7601,55.69049],[37.76054,55.69097],[37.76039,55.69147],[37.7589,55.69328],[37.7601,55.69383],[37.76165,55.69379],[37.76217,55.69483],[37.76316,55.6947],[37.76383,55.69632],[37.76408,55.69643],[37.76343,55.69652],[37.76387,55.69751],[37.76432,55.69745],[37.76469,55.69837],[37.76555,55.69859],[37.77175,55.69777],[37.77131,55.69657],[37.77295,55.69636],[37.7738,55.69727],[37.77366,55.6973],[37.77376,55.69755],[37.77618,55.69724],[37.77725,55.69733],[37.77955,55.69714],[37.78015,55.69702],[37.78036,55.69678],[37.78386,55.6962],[37.78425,55.69628],[37.78461,55.69669],[37.78498,55.6967],[37.78507,55.69693],[37.78636,55.69677],[37.78648,55.69724],[37.79076,55.69651],[37.79175,55.69664],[37.79026,55.69166],[37.80373,55.69008],[37.80599,55.68923],[37.80813,55.68887],[37.80914,55.68886],[37.80929,55.68919],[37.80945,55.68917],[37.80967,55.68877],[37.81055,55.68863],[37.8106,55.6884],[37.814,55.68827],[37.81611,55.69033],[37.81581,55.69066],[37.81393,55.69151],[37.81558,55.69264],[37.82462,55.68908],[37.82551,55.68854],[37.83128,55.68347],[37.83601,55.67108],[37.83679,55.66877],[37.83635,55.66872],[37.83672,55.66772],[37.83716,55.66777],[37.83845,55.66435],[37.839,55.66215],[37.83907,55.65977],[37.83879,55.65849],[37.83847,55.65827],[37.83652,55.65785],[37.83604,55.65738],[37.83432,55.65728],[37.83429,55.65715],[37.82479,55.65731],[37.82482,55.65745],[37.81828,55.65751],[37.81508,55.65815],[37.81269,55.65917],[37.81189,55.65984],[37.81111,55.66112],[37.8107,55.66111],[37.80774,55.66703],[37.80771,55.67233],[37.80787,55.67263],[37.81347,55.67284],[37.81378,55.67265],[37.81391,55.67286],[37.81611,55.67294],[37.81968,55.67259],[37.82198,55.67198],[37.82322,55.67341],[37.8246,55.67611],[37.82431,55.67674],[37.82504,55.67677],[37.8275,55.67538],[37.83025,55.67617],[37.83038,55.67728],[37.82672,55.67927],[37.82786,55.67977],[37.82698,55.68042],[37.82355,55.67876],[37.82318,55.67892],[37.82199,55.67824],[37.81809,55.68037],[37.80793,55.67464],[37.80558,55.67623],[37.80567,55.67675],[37.80541,55.67699],[37.80449,55.67742],[37.80439,55.67794],[37.80532,55.68028]]]}},{"type":"Feature","properties":{"id":"dogal-lab-9","kind":"district-label","btype":"dogal","name":"Kuzminki Lyublino park"},"geometry":{"type":"Point","coordinates":[37.80888,55.67768]}},{"type":"Feature","properties":{"id":"dogal-10","kind":"district","btype":"dogal","name":"Парк Мещёрский","lab":1},"geometry":{"type":"Polygon","coordinates":[[[37.38669,55.66442],[37.38092,55.66451],[37.38005,55.66435],[37.37973,55.6639],[37.37869,55.66007],[37.37648,55.66022],[37.37578,55.65929],[37.37502,55.6592],[37.37496,55.65902],[37.37211,55.65905],[37.37207,55.65941],[37.37057,55.65955],[37.37023,55.65936],[37.36879,55.66004],[37.36901,55.66072],[37.36995,55.66083],[37.37025,55.66275],[37.36917,55.66347],[37.36873,55.66354],[37.36871,55.66489],[37.36548,55.6649],[37.36511,55.66638],[37.36363,55.66642],[37.36285,55.66605],[37.36223,55.66444],[37.36004,55.66331],[37.35294,55.66028],[37.34871,55.66212],[37.34869,55.66242],[37.34896,55.6628],[37.34934,55.66266],[37.34935,55.66242],[37.35055,55.66208],[37.35091,55.6623],[37.35076,55.66284],[37.34978,55.66268],[37.34912,55.66305],[37.34948,55.66325],[37.35072,55.66339],[37.35104,55.66406],[37.35097,55.66479],[37.35007,55.66479],[37.34999,55.66534],[37.34859,55.66553],[37.34846,55.6643],[37.34822,55.66425],[37.34823,55.66407],[37.34853,55.66406],[37.34893,55.66303],[37.34763,55.66211],[37.34446,55.66253],[37.34395,55.66291],[37.34382,55.66312],[37.344,55.66344],[37.34356,55.66384],[37.34451,55.66431],[37.34491,55.66567],[37.34616,55.66599],[37.34645,55.66812],[37.34734,55.66853],[37.34748,55.6693],[37.34738,55.66973],[37.34674,55.66989],[37.34654,55.67013],[37.34733,55.67075],[37.34703,55.6715],[37.34764,55.67196],[37.34872,55.67205],[37.34906,55.67233],[37.34922,55.67329],[37.34953,55.67371],[37.35064,55.67391],[37.3534,55.67301],[37.35464,55.67367],[37.3557,55.67393],[37.35625,55.67464],[37.35771,55.67484],[37.3604,55.67436],[37.36117,55.67463],[37.36174,55.67517],[37.36199,55.67576],[37.36335,55.67578],[37.36371,55.67594],[37.36438,55.67689],[37.36615,55.6768],[37.3666,55.67709],[37.36664,55.67813],[37.36549,55.6786],[37.36521,55.67894],[37.36526,55.67939],[37.36561,55.6797],[37.36851,55.67789],[37.3726,55.67431],[37.37521,55.67688],[37.38349,55.6768],[37.38378,55.6765],[37.38405,55.67554],[37.38591,55.67179],[37.39601,55.67141],[37.39831,55.67248],[37.39828,55.67894],[37.39625,55.67949],[37.39624,55.67982],[37.39915,55.68107],[37.40268,55.68326],[37.40301,55.68302],[37.40422,55.6834],[37.40504,55.68338],[37.40526,55.68313],[37.40653,55.68333],[37.40706,55.67834],[37.40901,55.67638],[37.40789,55.67575],[37.40867,55.67526],[37.40531,55.67363],[37.40457,55.67274],[37.40423,55.67112],[37.40553,55.66992],[37.41137,55.6677],[37.41286,55.66781],[37.41344,55.66715],[37.41269,55.66689],[37.41289,55.66672],[37.41358,55.66685],[37.4155,55.6648],[37.40931,55.66296],[37.40517,55.66207],[37.40204,55.66152],[37.40116,55.66165],[37.39725,55.66107],[37.3944,55.66092],[37.38895,55.66192],[37.38669,55.66442]]]}},{"type":"Feature","properties":{"id":"dogal-lab-10","kind":"district-label","btype":"dogal","name":"Парк Мещёрский"},"geometry":{"type":"Point","coordinates":[37.37569,55.67127]}},{"type":"Feature","properties":{"id":"dogal-11","kind":"district","btype":"dogal","name":"Sokolniki Park","lab":1},"geometry":{"type":"MultiPolygon","coordinates":[[[[37.68788,55.80208],[37.6874,55.80123],[37.68674,55.80078],[37.6863,55.80158],[37.68538,55.8024],[37.68459,55.80359],[37.68443,55.80414],[37.68453,55.80689],[37.68423,55.80827],[37.68436,55.80948],[37.68472,55.8105],[37.6859,55.81218],[37.68671,55.81153],[37.68787,55.81201],[37.68758,55.81222],[37.68807,55.81245],[37.68774,55.8127],[37.688,55.81281],[37.69163,55.81005],[37.68823,55.80858],[37.69181,55.80588],[37.69225,55.80579],[37.69434,55.8062],[37.69572,55.80615],[37.69518,55.80607],[37.69486,55.80552],[37.69491,55.80513],[37.69466,55.80505],[37.69242,55.80253],[37.69247,55.80233],[37.69161,55.80255],[37.68849,55.80269],[37.68788,55.80208]]],[[[37.68669,55.81394],[37.68452,55.81096],[37.68407,55.80997],[37.6838,55.80897],[37.68381,55.80799],[37.68411,55.80644],[37.68172,55.80701],[37.68162,55.80714],[37.68486,55.81518],[37.68522,55.81512],[37.68669,55.81394]]],[[[37.67818,55.79261],[37.67637,55.79238],[37.67602,55.7927],[37.67449,55.79254],[37.67424,55.79352],[37.67282,55.79366],[37.67057,55.79357],[37.67061,55.79226],[37.67007,55.79219],[37.67007,55.79172],[37.66504,55.79157],[37.66485,55.79161],[37.66494,55.79174],[37.65924,55.79288],[37.65719,55.79738],[37.65833,55.8014],[37.66299,55.80441],[37.66848,55.80674],[37.67479,55.80731],[37.67941,55.80718],[37.68146,55.80698],[37.68408,55.80615],[37.68392,55.80437],[37.68412,55.80353],[37.68449,55.80278],[37.686,55.80151],[37.68632,55.80084],[37.68628,55.8004],[37.67971,55.79362],[37.67818,55.79261]]],[[[37.67417,55.81377],[37.67611,55.81382],[37.67625,55.81426],[37.67622,55.81491],[37.67427,55.81481],[37.67806,55.81734],[37.67943,55.8171],[37.68291,55.81551],[37.68463,55.81521],[37.68293,55.81115],[37.67824,55.81176],[37.67443,55.81166],[37.67417,55.81377]]],[[[37.67772,55.80864],[37.6801,55.80853],[37.68028,55.80884],[37.68168,55.80875],[37.68181,55.8091],[37.68212,55.80907],[37.68125,55.80713],[37.67574,55.8075],[37.67573,55.80773],[37.67751,55.80769],[37.67772,55.80864]]],[[[37.6534,55.79994],[37.65318,55.79949],[37.65167,55.79966],[37.65311,55.80178],[37.65423,55.80205],[37.6547,55.80266],[37.65454,55.80297],[37.65497,55.80386],[37.65665,55.80572],[37.65679,55.80568],[37.65836,55.80765],[37.65781,55.80807],[37.66808,55.81987],[37.6754,55.81783],[37.6778,55.81739],[37.67379,55.81457],[37.67477,55.80747],[37.66812,55.80688],[37.66665,55.809],[37.66265,55.80706],[37.66483,55.80544],[37.66304,55.80467],[37.65995,55.80268],[37.65745,55.80377],[37.6558,55.80237],[37.65813,55.80154],[37.65756,55.7997],[37.65502,55.79997],[37.65495,55.79975],[37.6534,55.79994]]],[[[37.65879,55.79288],[37.65628,55.79336],[37.65788,55.79393],[37.65771,55.79437],[37.6568,55.7954],[37.65649,55.79609],[37.65673,55.79612],[37.65647,55.79671],[37.65567,55.79666],[37.65628,55.79747],[37.65682,55.79739],[37.65879,55.79288]]]]}},{"type":"Feature","properties":{"id":"dogal-lab-11","kind":"district-label","btype":"dogal","name":"Sokolniki Park"},"geometry":{"type":"Point","coordinates":[37.67122,55.79889]}},{"type":"Feature","properties":{"id":"dogal-12","kind":"district","btype":"dogal","name":"Музей-заповедник «Царицыно»","lab":1},"geometry":{"type":"Polygon","coordinates":[[[37.67604,55.62329],[37.68349,55.62921],[37.68482,55.63058],[37.68575,55.63222],[37.68759,55.63772],[37.68819,55.63881],[37.68844,55.63875],[37.68843,55.63853],[37.68925,55.63821],[37.69035,55.63801],[37.69531,55.63607],[37.69564,55.63583],[37.69585,55.63516],[37.69575,55.63459],[37.69322,55.63084],[37.69175,55.62683],[37.69184,55.62605],[37.69376,55.62298],[37.69364,55.61985],[37.69411,55.61749],[37.69408,55.61718],[37.69312,55.61711],[37.69323,55.61566],[37.69178,55.61456],[37.69435,55.61271],[37.6948,55.61198],[37.69528,55.61181],[37.69664,55.61001],[37.69795,55.6089],[37.69683,55.60829],[37.69655,55.60831],[37.69668,55.60821],[37.69593,55.60776],[37.69573,55.60783],[37.69385,55.60706],[37.69262,55.60589],[37.69217,55.60624],[37.69178,55.60693],[37.69075,55.60687],[37.68919,55.60712],[37.68847,55.60603],[37.68755,55.60605],[37.68724,55.60567],[37.68322,55.60414],[37.68017,55.6065],[37.68011,55.60672],[37.67956,55.60671],[37.67898,55.60726],[37.67593,55.60796],[37.67439,55.60807],[37.67412,55.6078],[37.67406,55.60671],[37.67363,55.60675],[37.67318,55.60639],[37.67149,55.60623],[37.67063,55.60495],[37.66967,55.60449],[37.6616,55.6133],[37.66093,55.61419],[37.66119,55.6142],[37.66043,55.61495],[37.66598,55.61582],[37.66597,55.61597],[37.66906,55.61704],[37.67181,55.61905],[37.67604,55.62329]]]}},{"type":"Feature","properties":{"id":"dogal-lab-12","kind":"district-label","btype":"dogal","name":"Музей-заповедник «Царицыно»"},"geometry":{"type":"Point","coordinates":[37.68393,55.62141]}},{"type":"Feature","properties":{"id":"dogal-13","kind":"district","btype":"dogal","name":"Лохин остров","lab":1},"geometry":{"type":"Polygon","coordinates":[[[37.27919,55.76156],[37.27819,55.76237],[37.2759,55.7636],[37.27405,55.76435],[37.2715,55.76482],[37.27066,55.76524],[37.26946,55.76663],[37.26911,55.76731],[37.26971,55.76776],[37.26928,55.76951],[37.26889,55.77013],[37.26823,55.77052],[37.26658,55.77078],[37.26246,55.77035],[37.2608,55.77038],[37.25913,55.77152],[37.25877,55.77233],[37.25902,55.77336],[37.26056,55.77597],[37.26079,55.77711],[37.26074,55.77937],[37.26118,55.78034],[37.26165,55.7808],[37.2641,55.78141],[37.26693,55.7817],[37.27036,55.78158],[37.27567,55.78054],[37.28543,55.78107],[37.2905,55.78162],[37.29208,55.78126],[37.29365,55.78054],[37.29543,55.77877],[37.29654,55.77812],[37.29671,55.77773],[37.29779,55.77684],[37.30075,55.7736],[37.3036,55.77191],[37.30021,55.771],[37.29815,55.7697],[37.29766,55.76892],[37.29822,55.76864],[37.29738,55.76635],[37.29628,55.76548],[37.29536,55.76531],[37.29573,55.76563],[37.29633,55.76656],[37.29623,55.76663],[37.29559,55.76588],[37.29456,55.76514],[37.28822,55.76407],[37.28554,55.76341],[37.2841,55.76284],[37.27999,55.76051],[37.27919,55.76156]]]}},{"type":"Feature","properties":{"id":"dogal-lab-13","kind":"district-label","btype":"dogal","name":"Лохин остров"},"geometry":{"type":"Point","coordinates":[37.28034,55.77126]}},{"type":"Feature","properties":{"id":"dogal-14","kind":"district","btype":"dogal","name":"парк Яуза","lab":1},"geometry":{"type":"MultiPolygon","coordinates":[[[[37.6831,55.88692],[37.67962,55.88729],[37.68001,55.88978],[37.68159,55.89204],[37.68153,55.89242],[37.68111,55.89289],[37.68165,55.89296],[37.68194,55.89211],[37.68187,55.89182],[37.68296,55.89163],[37.68352,55.89286],[37.68328,55.89291],[37.68345,55.89331],[37.68396,55.89323],[37.68427,55.89424],[37.68674,55.89427],[37.68618,55.89105],[37.68519,55.88964],[37.68438,55.88889],[37.68533,55.88851],[37.68501,55.88809],[37.68312,55.88752],[37.6831,55.88692]]],[[[37.6801,55.88377],[37.67854,55.88308],[37.67644,55.88301],[37.67597,55.88339],[37.67527,55.88349],[37.67515,55.88437],[37.67487,55.88486],[37.67574,55.88482],[37.67594,55.88445],[37.67734,55.88472],[37.67897,55.88591],[37.6795,55.88705],[37.68342,55.88667],[37.68144,55.88405],[37.68057,55.88437],[37.67978,55.88391],[37.6801,55.88377]]],[[[37.67286,55.8848],[37.67455,55.885],[37.67499,55.88415],[37.67502,55.88339],[37.67553,55.88276],[37.67068,55.88073],[37.67286,55.8848]]],[[[37.66172,55.8826],[37.67081,55.88439],[37.6709,55.88419],[37.66563,55.8833],[37.66603,55.88272],[37.66808,55.88295],[37.66802,55.88245],[37.6698,55.88246],[37.67108,55.88281],[37.67007,55.88078],[37.66671,55.88001],[37.66701,55.87961],[37.66278,55.87823],[37.66213,55.87832],[37.66133,55.8774],[37.66073,55.87587],[37.65919,55.87298],[37.65867,55.87284],[37.65805,55.87217],[37.65807,55.87161],[37.65732,55.87094],[37.65267,55.87168],[37.65307,55.87531],[37.65344,55.87658],[37.6561,55.8804],[37.65631,55.88089],[37.65629,55.88165],[37.65908,55.88202],[37.65917,55.88189],[37.66118,55.88202],[37.66172,55.8826]]],[[[37.65727,55.83007],[37.66469,55.8272],[37.66501,55.82741],[37.66747,55.82661],[37.66753,55.82639],[37.6669,55.82596],[37.66551,55.82657],[37.66216,55.82734],[37.65534,55.82836],[37.65443,55.82876],[37.65382,55.82922],[37.65355,55.83016],[37.65388,55.83076],[37.65516,55.8319],[37.65519,55.83258],[37.65467,55.83305],[37.65618,55.83312],[37.66037,55.83175],[37.65995,55.8313],[37.65955,55.83144],[37.65852,55.83046],[37.6579,55.83067],[37.65727,55.83007]]],[[[37.65919,55.83224],[37.66165,55.83435],[37.66284,55.83397],[37.66044,55.83183],[37.65919,55.83224]]],[[[37.64835,55.86967],[37.64917,55.87017],[37.64899,55.87068],[37.64984,55.87071],[37.65056,55.87128],[37.65058,55.87152],[37.65536,55.8709],[37.65243,55.86951],[37.64885,55.86544],[37.64849,55.86543],[37.64735,55.86442],[37.64569,55.86444],[37.64568,55.86409],[37.64597,55.86372],[37.64551,55.86366],[37.64485,55.86441],[37.64412,55.86453],[37.64317,55.86421],[37.64324,55.86399],[37.64224,55.86442],[37.64151,55.86626],[37.64103,55.86686],[37.64351,55.86709],[37.64498,55.86744],[37.6464,55.86825],[37.64697,55.86899],[37.64725,55.86971],[37.64835,55.86967]]],[[[37.65254,55.83654],[37.65332,55.83618],[37.65303,55.8359],[37.65409,55.83509],[37.65483,55.83485],[37.65392,55.83397],[37.65367,55.83389],[37.64977,55.8371],[37.64969,55.83741],[37.65001,55.83758],[37.65013,55.83798],[37.65078,55.83818],[37.65158,55.83774],[37.65121,55.83758],[37.65254,55.83654]]],[[[37.63778,55.84361],[37.63825,55.84392],[37.63814,55.84416],[37.63776,55.84424],[37.63813,55.84472],[37.64173,55.84414],[37.64582,55.84296],[37.64544,55.84182],[37.64353,55.84195],[37.64372,55.84053],[37.64546,55.84068],[37.64558,55.84057],[37.64119,55.83987],[37.63958,55.84036],[37.6367,55.84039],[37.63776,55.84272],[37.63778,55.84361]]],[[[37.63589,55.85676],[37.6369,55.85683],[37.63738,55.85653],[37.63824,55.85537],[37.63791,55.85445],[37.63757,55.85414],[37.63602,55.85336],[37.63526,55.85334],[37.63342,55.85349],[37.63253,55.85384],[37.63123,55.85401],[37.63069,55.85369],[37.63052,55.85332],[37.63041,55.85238],[37.6314,55.85227],[37.63106,55.85149],[37.63199,55.85141],[37.63161,55.85082],[37.63157,55.85011],[37.63327,55.84941],[37.63312,55.84921],[37.63166,55.8489],[37.63355,55.84778],[37.63382,55.84685],[37.63282,55.84688],[37.63282,55.84741],[37.63073,55.84865],[37.6298,55.84891],[37.62933,55.84855],[37.62864,55.84871],[37.62809,55.8501],[37.6279,55.85009],[37.62817,55.85042],[37.62815,55.85089],[37.6275,55.85183],[37.62726,55.85336],[37.62771,55.85439],[37.62903,55.85562],[37.63018,55.85514],[37.63155,55.85507],[37.63246,55.85555],[37.6328,55.85594],[37.63256,55.8563],[37.63205,55.85631],[37.63188,55.85698],[37.63317,55.85714],[37.63297,55.85738],[37.63333,55.85763],[37.63318,55.85764],[37.63308,55.85932],[37.63394,55.86053],[37.63516,55.86124],[37.63533,55.86116],[37.63529,55.86095],[37.63556,55.86103],[37.63686,55.86209],[37.63548,55.86125],[37.63533,55.86144],[37.63818,55.86324],[37.63843,55.86363],[37.63935,55.86407],[37.64012,55.86495],[37.64162,55.86525],[37.64213,55.86424],[37.64336,55.86366],[37.64279,55.86349],[37.64337,55.86307],[37.64228,55.86306],[37.63519,55.85896],[37.63426,55.85805],[37.63408,55.85741],[37.63446,55.85668],[37.63534,55.85664],[37.63542,55.85699],[37.6357,55.85704],[37.63589,55.85676]]],[[[37.62805,55.86436],[37.62672,55.86578],[37.62746,55.86611],[37.62663,55.8667],[37.62569,55.86652],[37.62303,55.86844],[37.62353,55.86865],[37.62287,55.8692],[37.62928,55.86995],[37.63008,55.86853],[37.63141,55.86786],[37.63113,55.86764],[37.63128,55.86705],[37.63568,55.86501],[37.6363,55.86562],[37.63662,55.86641],[37.64054,55.86678],[37.64122,55.86625],[37.64157,55.8654],[37.63985,55.86502],[37.63801,55.86337],[37.63514,55.86152],[37.63436,55.86185],[37.63492,55.8614],[37.63369,55.86066],[37.63294,55.85976],[37.6323,55.85967],[37.63109,55.86008],[37.63136,55.8603],[37.63152,55.8617],[37.63289,55.86291],[37.63255,55.86365],[37.63021,55.86484],[37.62805,55.86436]]],[[[37.63244,55.84493],[37.63162,55.84444],[37.6304,55.84409],[37.63022,55.84382],[37.63285,55.84303],[37.63352,55.84325],[37.63595,55.84332],[37.6362,55.83998],[37.63574,55.83997],[37.63516,55.83954],[37.63516,55.83914],[37.63461,55.83916],[37.63459,55.83898],[37.63372,55.83904],[37.63372,55.83934],[37.63332,55.83933],[37.63332,55.83861],[37.63276,55.83861],[37.63006,55.83947],[37.62909,55.84049],[37.6283,55.8423],[37.62684,55.84469],[37.62683,55.84584],[37.63252,55.84571],[37.63244,55.84493]]],[[[37.61445,55.87461],[37.61463,55.87699],[37.61494,55.87745],[37.61473,55.87775],[37.61567,55.87942],[37.61609,55.87957],[37.61633,55.87989],[37.61634,55.88022],[37.61706,55.88024],[37.61712,55.87986],[37.61795,55.87986],[37.6173,55.87848],[37.61731,55.87807],[37.61701,55.87802],[37.61714,55.87636],[37.617,55.8762],[37.61726,55.87526],[37.61807,55.87519],[37.61956,55.8736],[37.62031,55.87311],[37.62231,55.87282],[37.62266,55.87259],[37.62261,55.87224],[37.62374,55.87148],[37.62518,55.87112],[37.62577,55.87134],[37.62652,55.87115],[37.62773,55.87009],[37.62372,55.86965],[37.62153,55.87112],[37.62019,55.87115],[37.62224,55.86957],[37.6229,55.86956],[37.6217,55.86944],[37.61445,55.87461]]]]}},{"type":"Feature","properties":{"id":"dogal-lab-14","kind":"district-label","btype":"dogal","name":"парк Яуза"},"geometry":{"type":"Point","coordinates":[37.63503,55.8646]}},{"type":"Feature","properties":{"id":"dogal-15","kind":"district","btype":"dogal","name":"ПКиО Измайлово","lab":1},"geometry":{"type":"Polygon","coordinates":[[[37.7624,55.78696],[37.76191,55.78681],[37.76263,55.78661],[37.76872,55.76394],[37.76406,55.76215],[37.75763,55.76103],[37.75698,55.76221],[37.75362,55.76157],[37.75414,55.7606],[37.7536,55.76038],[37.75322,55.76047],[37.75087,55.76454],[37.74894,55.76573],[37.74856,55.76628],[37.74652,55.78313],[37.74633,55.78725],[37.74724,55.78765],[37.76176,55.78821],[37.76218,55.78807],[37.7624,55.78696]]]}},{"type":"Feature","properties":{"id":"dogal-lab-15","kind":"district-label","btype":"dogal","name":"ПКиО Измайлово"},"geometry":{"type":"Point","coordinates":[37.75668,55.7747]}},{"type":"Feature","properties":{"id":"dogal-16","kind":"district","btype":"dogal","name":"Природно-исторический парк «Тушинский»","lab":1},"geometry":{"type":"MultiPolygon","coordinates":[[[[37.43421,55.86659],[37.43437,55.8659],[37.43407,55.86573],[37.42462,55.86426],[37.42413,55.86455],[37.42327,55.86399],[37.42263,55.86428],[37.41884,55.86389],[37.41932,55.86364],[37.41962,55.86297],[37.41907,55.8629],[37.41877,55.86266],[37.41888,55.8623],[37.41734,55.86221],[37.41737,55.86207],[37.41332,55.86195],[37.41327,55.86271],[37.41157,55.8626],[37.41049,55.86233],[37.41048,55.86132],[37.41019,55.86114],[37.40986,55.86137],[37.40906,55.8609],[37.40842,55.86117],[37.4061,55.85986],[37.40562,55.8594],[37.4062,55.8591],[37.4056,55.85896],[37.40311,55.85652],[37.405,55.85572],[37.40431,55.85539],[37.40401,55.855],[37.40435,55.85488],[37.40381,55.85444],[37.40207,55.8548],[37.39942,55.85302],[37.39863,55.85271],[37.39838,55.8521],[37.39775,55.85167],[37.39593,55.85199],[37.39594,55.85248],[37.39443,55.85215],[37.39762,55.85808],[37.3991,55.8604],[37.40112,55.86284],[37.4029,55.86454],[37.40751,55.86786],[37.40997,55.86845],[37.41195,55.86948],[37.41229,55.86993],[37.4124,55.87057],[37.41837,55.87304],[37.42426,55.87494],[37.42906,55.87559],[37.43135,55.87541],[37.43714,55.87383],[37.43941,55.8724],[37.43936,55.87191],[37.43897,55.87194],[37.43908,55.8718],[37.43887,55.87176],[37.43921,55.87127],[37.43952,55.87135],[37.44003,55.87092],[37.44019,55.87055],[37.43974,55.86998],[37.43884,55.87005],[37.43571,55.87074],[37.43582,55.87113],[37.43476,55.87115],[37.43449,55.8708],[37.43501,55.87069],[37.43468,55.87013],[37.43438,55.8702],[37.43357,55.86896],[37.43441,55.86662],[37.43421,55.86659]]],[[[37.4196,55.87433],[37.41276,55.87177],[37.41179,55.87179],[37.40509,55.87622],[37.40471,55.87672],[37.40463,55.87741],[37.40551,55.87958],[37.41043,55.88031],[37.4149,55.87933],[37.4141,55.87911],[37.41434,55.87888],[37.4155,55.87921],[37.41713,55.87833],[37.42044,55.87831],[37.421,55.87769],[37.42101,55.87731],[37.42074,55.87727],[37.42076,55.87622],[37.42287,55.87611],[37.42296,55.87591],[37.42364,55.87588],[37.42382,55.87564],[37.4196,55.87433]]]]}},{"type":"Feature","properties":{"id":"dogal-lab-16","kind":"district-label","btype":"dogal","name":"Природно-исторический парк «Тушинский»"},"geometry":{"type":"Point","coordinates":[37.41054,55.8633]}},{"type":"Feature","properties":{"id":"dogal-17","kind":"district","btype":"dogal","name":"Tyoply Stan landspace reserve","lab":1},"geometry":{"type":"MultiPolygon","coordinates":[[[[37.46988,55.64023],[37.46719,55.64181],[37.46977,55.64302],[37.47192,55.64229],[37.47184,55.6421],[37.47099,55.64176],[37.46952,55.64135],[37.47029,55.64057],[37.47074,55.64074],[37.47156,55.6401],[37.47318,55.64068],[37.4741,55.64004],[37.47431,55.64014],[37.47533,55.63975],[37.47738,55.64055],[37.48666,55.64493],[37.4863,55.64456],[37.48654,55.64439],[37.48394,55.6431],[37.48088,55.64126],[37.48486,55.64035],[37.49083,55.64365],[37.49163,55.64319],[37.49382,55.64317],[37.4962,55.64282],[37.4998,55.64151],[37.49979,55.64134],[37.50056,55.64102],[37.49919,55.6403],[37.49982,55.63944],[37.49967,55.6384],[37.50044,55.63819],[37.5024,55.63977],[37.5022,55.63995],[37.50184,55.63991],[37.5019,55.63953],[37.50094,55.64036],[37.50039,55.64051],[37.50039,55.64031],[37.49964,55.64039],[37.50066,55.641],[37.50736,55.6383],[37.50753,55.63847],[37.50955,55.63767],[37.50808,55.63418],[37.50823,55.63398],[37.50784,55.6339],[37.50792,55.63369],[37.50769,55.6334],[37.50736,55.63336],[37.50636,55.63435],[37.50592,55.6345],[37.50527,55.63433],[37.50536,55.6336],[37.50617,55.63261],[37.50673,55.63238],[37.50619,55.6319],[37.50507,55.63211],[37.50364,55.63012],[37.50346,55.62906],[37.50377,55.62895],[37.50295,55.62716],[37.50303,55.62678],[37.50416,55.62612],[37.50394,55.6258],[37.50145,55.62356],[37.49778,55.6251],[37.49691,55.62431],[37.49701,55.62406],[37.50232,55.62205],[37.50145,55.62233],[37.50126,55.62218],[37.50154,55.62204],[37.50136,55.62188],[37.50329,55.62144],[37.50456,55.62089],[37.50356,55.62029],[37.49073,55.62516],[37.49115,55.62544],[37.49035,55.62563],[37.49023,55.62594],[37.48963,55.62626],[37.48867,55.62593],[37.48817,55.62623],[37.48787,55.62674],[37.48841,55.6268],[37.48835,55.62692],[37.48788,55.62682],[37.48759,55.62703],[37.48797,55.6272],[37.48855,55.62715],[37.48857,55.62693],[37.48906,55.62712],[37.48963,55.62775],[37.48955,55.62831],[37.48926,55.6283],[37.48805,55.62907],[37.48739,55.62911],[37.48732,55.62894],[37.48678,55.62907],[37.48743,55.62932],[37.48884,55.6293],[37.48929,55.62967],[37.49015,55.62972],[37.49025,55.62991],[37.49083,55.63007],[37.49094,55.63042],[37.49069,55.63031],[37.49036,55.63051],[37.49045,55.63032],[37.49018,55.63019],[37.49022,55.63062],[37.4889,55.63066],[37.49004,55.63214],[37.48964,55.63278],[37.48946,55.63384],[37.48854,55.6345],[37.48867,55.63456],[37.4881,55.63573],[37.48319,55.63479],[37.47381,55.63498],[37.47375,55.63536],[37.47288,55.63535],[37.47259,55.63662],[37.47149,55.63767],[37.47128,55.63821],[37.47069,55.63888],[37.47044,55.63962],[37.46988,55.64023]]],[[[37.468,55.64113],[37.47028,55.63969],[37.47087,55.6381],[37.46791,55.63755],[37.46658,55.63674],[37.46922,55.63593],[37.46993,55.63491],[37.47258,55.63556],[37.47263,55.6349],[37.47066,55.63443],[37.46984,55.6341],[37.46973,55.63384],[37.46731,55.63309],[37.46277,55.637],[37.46267,55.6373],[37.46341,55.64001],[37.46413,55.64042],[37.46601,55.64102],[37.46689,55.64165],[37.46738,55.64108],[37.468,55.64113]]]]}},{"type":"Feature","properties":{"id":"dogal-lab-17","kind":"district-label","btype":"dogal","name":"Tyoply Stan landspace reserve"},"geometry":{"type":"Point","coordinates":[37.4979,55.63269]}},{"type":"Feature","properties":{"id":"dogal-18","kind":"district","btype":"dogal","name":"Kuskovo Park","lab":1},"geometry":{"type":"Polygon","coordinates":[[[37.80863,55.7419],[37.81353,55.74259],[37.81474,55.74246],[37.81544,55.74075],[37.8165,55.73936],[37.81673,55.73848],[37.81056,55.73212],[37.79992,55.72492],[37.79931,55.72521],[37.79557,55.72579],[37.79478,55.72525],[37.79232,55.7261],[37.79084,55.7257],[37.78809,55.72659],[37.77877,55.72981],[37.77768,55.73039],[37.77841,55.73054],[37.77559,55.73157],[37.77284,55.73324],[37.7726,55.73424],[37.77139,55.73434],[37.77406,55.73495],[37.77476,55.73398],[37.77569,55.73417],[37.77504,55.73517],[37.77832,55.73579],[37.77869,55.73518],[37.78039,55.73545],[37.78019,55.73614],[37.78038,55.73625],[37.80863,55.7419]]]}},{"type":"Feature","properties":{"id":"dogal-lab-18","kind":"district-label","btype":"dogal","name":"Kuskovo Park"},"geometry":{"type":"Point","coordinates":[37.79238,55.73361]}},{"type":"Feature","properties":{"id":"dogal-19","kind":"district","btype":"dogal","name":"Moscow Botanical Garden of Academy of Sciences","lab":1},"geometry":{"type":"MultiPolygon","coordinates":[[[[37.63244,55.84493],[37.63193,55.84457],[37.6304,55.84409],[37.63022,55.84382],[37.63285,55.84303],[37.63352,55.84325],[37.63595,55.84332],[37.6362,55.83998],[37.63574,55.83997],[37.63516,55.83954],[37.63516,55.83914],[37.63461,55.83916],[37.63459,55.83898],[37.63372,55.83904],[37.63372,55.83934],[37.63332,55.83933],[37.63332,55.83861],[37.63276,55.83861],[37.63006,55.83947],[37.62909,55.84049],[37.6283,55.8423],[37.62684,55.84469],[37.62683,55.84584],[37.63252,55.84571],[37.63244,55.84493]]],[[[37.62645,55.84552],[37.62647,55.84392],[37.62627,55.84391],[37.62675,55.84335],[37.62577,55.84324],[37.62489,55.84161],[37.6242,55.84075],[37.61944,55.8407],[37.61346,55.83968],[37.61179,55.83874],[37.61189,55.83685],[37.61232,55.83669],[37.61227,55.83623],[37.61054,55.83511],[37.61037,55.83483],[37.61059,55.8346],[37.60959,55.83453],[37.60918,55.83407],[37.60884,55.83418],[37.60754,55.83334],[37.60742,55.8329],[37.60688,55.83247],[37.60606,55.83217],[37.60597,55.83168],[37.60527,55.83163],[37.60468,55.83128],[37.60476,55.83094],[37.60226,55.83051],[37.60119,55.83015],[37.60123,55.83042],[37.60098,55.83068],[37.59593,55.83326],[37.59157,55.83589],[37.591,55.83659],[37.58897,55.84046],[37.58648,55.84358],[37.587,55.84371],[37.58717,55.84483],[37.59046,55.84486],[37.59098,55.8443],[37.59233,55.84517],[37.59191,55.84595],[37.59307,55.8461],[37.59335,55.84598],[37.5934,55.84615],[37.59495,55.84649],[37.5989,55.84626],[37.6022,55.84636],[37.61463,55.846],[37.62645,55.84552]]]]}},{"type":"Feature","properties":{"id":"dogal-lab-19","kind":"district-label","btype":"dogal","name":"Moscow Botanical Garden of Academy of Sciences"},"geometry":{"type":"Point","coordinates":[37.6011,55.83779]}},{"type":"Feature","properties":{"id":"dogal-20","kind":"district","btype":"dogal","name":"Прибрежная рекреационная зона «Сходненская»","lab":1},"geometry":{"type":"Polygon","coordinates":[[[37.33339,55.91831],[37.32636,55.9188],[37.32192,55.92284],[37.31937,55.92635],[37.32143,55.92704],[37.32505,55.92905],[37.32518,55.93013],[37.32593,55.93128],[37.32593,55.93173],[37.32547,55.93198],[37.32649,55.93241],[37.32418,55.93457],[37.32488,55.93498],[37.32558,55.93503],[37.32596,55.93574],[37.32736,55.93482],[37.3274,55.93425],[37.32699,55.93386],[37.32674,55.93392],[37.32669,55.93467],[37.3262,55.93473],[37.32616,55.93446],[37.32686,55.93349],[37.32752,55.93316],[37.32907,55.93299],[37.33053,55.93383],[37.33083,55.93379],[37.33043,55.93355],[37.33062,55.93315],[37.33101,55.93324],[37.3311,55.93362],[37.33369,55.93354],[37.33425,55.93337],[37.3326,55.93335],[37.33593,55.93265],[37.33836,55.93128],[37.33713,55.93078],[37.33797,55.92979],[37.33555,55.92834],[37.33305,55.92773],[37.33303,55.92677],[37.33733,55.92508],[37.33821,55.92496],[37.33879,55.92436],[37.34166,55.92262],[37.34318,55.92204],[37.34549,55.92076],[37.3457,55.92089],[37.34623,55.92063],[37.34635,55.92012],[37.34852,55.91934],[37.3491,55.91887],[37.35014,55.91843],[37.35167,55.91824],[37.35241,55.91866],[37.35352,55.92078],[37.35344,55.92183],[37.35308,55.9226],[37.35198,55.92344],[37.3515,55.9241],[37.35071,55.92437],[37.35083,55.92468],[37.35026,55.92524],[37.3501,55.9258],[37.3504,55.92628],[37.35095,55.92624],[37.35083,55.92575],[37.35186,55.92544],[37.3537,55.92349],[37.3539,55.92295],[37.35379,55.92088],[37.35417,55.92031],[37.3552,55.91996],[37.35606,55.91998],[37.35858,55.92137],[37.35937,55.92084],[37.36221,55.91969],[37.36169,55.91892],[37.36115,55.91852],[37.36064,55.91871],[37.35906,55.91803],[37.35833,55.91813],[37.3578,55.91787],[37.35804,55.91732],[37.35744,55.91687],[37.3546,55.91635],[37.35508,55.91581],[37.35509,55.91478],[37.35492,55.91446],[37.3551,55.91406],[37.35564,55.91376],[37.35383,55.91265],[37.35419,55.91175],[37.35483,55.91133],[37.35526,55.91002],[37.35379,55.90966],[37.35348,55.91047],[37.35296,55.9107],[37.35105,55.91071],[37.3512,55.91009],[37.3484,55.91056],[37.34487,55.91045],[37.34453,55.91177],[37.34384,55.91171],[37.34344,55.91188],[37.34291,55.91318],[37.34142,55.91306],[37.3406,55.91263],[37.33416,55.9126],[37.33414,55.91281],[37.33477,55.9133],[37.33478,55.91388],[37.33504,55.91419],[37.33506,55.91486],[37.33527,55.91523],[37.33538,55.91688],[37.33524,55.91796],[37.33339,55.91831]]]}},{"type":"Feature","properties":{"id":"dogal-lab-20","kind":"district-label","btype":"dogal","name":"Прибрежная рекреационная зона «Сходненская»"},"geometry":{"type":"Point","coordinates":[37.33176,55.92273]}},{"type":"Feature","properties":{"id":"dogal-21","kind":"district","btype":"dogal","name":"Тимирязевский парк","lab":1},"geometry":{"type":"Polygon","coordinates":[[[37.55705,55.80644],[37.55314,55.80572],[37.55078,55.80669],[37.54111,55.81208],[37.53936,55.8151],[37.5378,55.81721],[37.53527,55.81973],[37.53198,55.82185],[37.532,55.82287],[37.53273,55.82463],[37.53283,55.82547],[37.53245,55.82962],[37.53206,55.83068],[37.53203,55.83133],[37.5323,55.83118],[37.53591,55.83238],[37.53765,55.8327],[37.53844,55.83448],[37.53825,55.83467],[37.53649,55.83491],[37.53867,55.83616],[37.53915,55.83625],[37.54358,55.83504],[37.53906,55.83003],[37.53819,55.82958],[37.53691,55.82808],[37.53692,55.82739],[37.53914,55.82499],[37.541,55.82419],[37.54528,55.82643],[37.54627,55.82505],[37.55239,55.82532],[37.55571,55.8261],[37.56271,55.81771],[37.55518,55.81684],[37.55501,55.81589],[37.55653,55.81333],[37.55333,55.8127],[37.55705,55.80644]]]}},{"type":"Feature","properties":{"id":"dogal-lab-21","kind":"district-label","btype":"dogal","name":"Тимирязевский парк"},"geometry":{"type":"Point","coordinates":[37.54688,55.82079]}},{"type":"Feature","properties":{"id":"dogal-22","kind":"district","btype":"dogal","name":"Setun Valley zakaznik","lab":1},"geometry":{"type":"MultiPolygon","coordinates":[[[[37.4765,55.71613],[37.4774,55.71696],[37.47778,55.71774],[37.47669,55.71776],[37.4763,55.71794],[37.47659,55.7181],[37.47789,55.71796],[37.47928,55.71889],[37.4795,55.71923],[37.47933,55.72006],[37.47965,55.72096],[37.47917,55.72102],[37.47892,55.72138],[37.48013,55.72154],[37.48016,55.72189],[37.47911,55.72222],[37.47916,55.72254],[37.4809,55.72256],[37.48117,55.72273],[37.48171,55.72371],[37.48418,55.72371],[37.48396,55.72343],[37.48351,55.72336],[37.48347,55.72316],[37.48411,55.72309],[37.48459,55.72213],[37.48317,55.71967],[37.48238,55.71943],[37.48186,55.71971],[37.48119,55.71888],[37.4813,55.71869],[37.48244,55.71841],[37.48143,55.71678],[37.48076,55.71623],[37.4793,55.716],[37.47817,55.71542],[37.47727,55.7158],[37.47733,55.71606],[37.4765,55.71613]]],[[[37.46523,55.71609],[37.46803,55.71982],[37.46834,55.72008],[37.46909,55.72008],[37.46926,55.72085],[37.46955,55.721],[37.4705,55.72101],[37.47442,55.72199],[37.47501,55.72192],[37.47673,55.72266],[37.47741,55.72229],[37.47838,55.72226],[37.47827,55.72143],[37.47754,55.72085],[37.47739,55.71992],[37.47544,55.71789],[37.47407,55.71815],[37.47319,55.718],[37.4728,55.71662],[37.47256,55.71649],[37.47378,55.71608],[37.47382,55.71515],[37.47437,55.71368],[37.47436,55.71276],[37.47393,55.71191],[37.47261,55.71041],[37.47199,55.71047],[37.47164,55.71085],[37.46921,55.71088],[37.4692,55.71072],[37.46594,55.71033],[37.4639,55.70977],[37.46341,55.70929],[37.46363,55.70996],[37.46169,55.71002],[37.46159,55.7099],[37.46192,55.70929],[37.46098,55.70948],[37.45984,55.70943],[37.45856,55.70865],[37.45778,55.70883],[37.45756,55.70849],[37.45587,55.70825],[37.45501,55.7105],[37.45523,55.71117],[37.4554,55.71123],[37.45584,55.71038],[37.45761,55.71067],[37.45726,55.71092],[37.45872,55.71129],[37.45921,55.71094],[37.46037,55.71137],[37.46289,55.71171],[37.46435,55.71212],[37.46275,55.71305],[37.46209,55.71279],[37.46127,55.71334],[37.45926,55.71232],[37.45904,55.71249],[37.46347,55.71479],[37.46523,55.71609]]],[[[37.44425,55.71315],[37.44392,55.71154],[37.43782,55.71197],[37.43786,55.71469],[37.44227,55.7157],[37.4425,55.71596],[37.44232,55.71603],[37.44244,55.71705],[37.44327,55.7182],[37.44334,55.71879],[37.44347,55.71897],[37.44411,55.71896],[37.44435,55.71867],[37.44415,55.71839],[37.4445,55.71761],[37.44437,55.71711],[37.44398,55.71689],[37.44463,55.71622],[37.44805,55.71626],[37.44814,55.71595],[37.44906,55.71604],[37.45125,55.71548],[37.4513,55.71524],[37.45072,55.71444],[37.45086,55.71395],[37.45319,55.71264],[37.45354,55.71209],[37.45339,55.71175],[37.45361,55.71114],[37.45328,55.71102],[37.45307,55.71126],[37.45269,55.71126],[37.45168,55.71102],[37.45158,55.71141],[37.45094,55.71183],[37.45115,55.71155],[37.45117,55.7103],[37.45211,55.71015],[37.4529,55.71052],[37.45294,55.71022],[37.45326,55.71005],[37.45376,55.71008],[37.45332,55.70978],[37.45356,55.70953],[37.45324,55.70955],[37.45314,55.70933],[37.45227,55.70942],[37.45226,55.70969],[37.45175,55.70946],[37.45029,55.70998],[37.44936,55.71058],[37.44952,55.711],[37.44936,55.71116],[37.44862,55.71141],[37.44951,55.71234],[37.45005,55.71141],[37.44982,55.71256],[37.44896,55.71323],[37.44853,55.71333],[37.44882,55.71352],[37.4484,55.7138],[37.44673,55.71454],[37.44587,55.71387],[37.44464,55.71359],[37.44425,55.71315]]],[[[37.42763,55.71672],[37.42747,55.71664],[37.42814,55.71625],[37.42948,55.7158],[37.42935,55.7156],[37.43045,55.71569],[37.43271,55.7153],[37.43244,55.71441],[37.43536,55.71274],[37.4365,55.71252],[37.43757,55.71348],[37.43758,55.71201],[37.43614,55.71207],[37.43316,55.71274],[37.43324,55.71294],[37.43282,55.71305],[37.43268,55.71285],[37.4306,55.71334],[37.43024,55.71326],[37.4275,55.71429],[37.42645,55.71417],[37.42647,55.71437],[37.42552,55.71433],[37.42532,55.71454],[37.42474,55.7145],[37.42399,55.71482],[37.42401,55.715],[37.42338,55.71512],[37.42383,55.71689],[37.42415,55.71678],[37.42404,55.71645],[37.42424,55.71644],[37.42434,55.71674],[37.42566,55.71673],[37.42599,55.71706],[37.42763,55.71672]]],[[[37.41802,55.71596],[37.41709,55.71576],[37.41694,55.71599],[37.42314,55.71685],[37.42282,55.71531],[37.42203,55.71505],[37.422,55.71463],[37.42179,55.71452],[37.42036,55.71497],[37.41921,55.71465],[37.41802,55.71596]]],[[[37.41454,55.70887],[37.41446,55.71037],[37.41561,55.71082],[37.41542,55.71119],[37.41412,55.71114],[37.41361,55.71139],[37.41358,55.7121],[37.4119,55.71187],[37.41184,55.71239],[37.41234,55.71244],[37.41254,55.71312],[37.41301,55.7137],[37.41545,55.71447],[37.41796,55.71565],[37.4184,55.71512],[37.41815,55.71506],[37.41836,55.71438],[37.41826,55.71397],[37.41783,55.71359],[37.4168,55.71342],[37.41557,55.71412],[37.41347,55.71353],[37.41283,55.71286],[37.41307,55.71254],[37.41458,55.71195],[37.41451,55.71178],[37.41666,55.71112],[37.41725,55.71069],[37.4169,55.70989],[37.41707,55.70968],[37.41739,55.70985],[37.41858,55.70974],[37.41848,55.70922],[37.41937,55.70928],[37.42065,55.7098],[37.42027,55.71028],[37.42031,55.71],[37.4201,55.70999],[37.41993,55.71026],[37.41871,55.71005],[37.41873,55.71021],[37.42004,55.71055],[37.42088,55.7099],[37.42141,55.71014],[37.42135,55.70949],[37.42025,55.70819],[37.42099,55.70779],[37.42077,55.70692],[37.4202,55.70692],[37.41998,55.70592],[37.42019,55.7059],[37.42003,55.70496],[37.41953,55.70484],[37.41696,55.706],[37.41599,55.70611],[37.41459,55.70659],[37.41155,55.70787],[37.41454,55.70887]]],[[[37.42074,55.69895],[37.42135,55.69821],[37.42092,55.69687],[37.41689,55.69475],[37.41533,55.69554],[37.41649,55.69651],[37.41397,55.69778],[37.41412,55.69903],[37.41129,55.70029],[37.41057,55.70123],[37.40979,55.70167],[37.40645,55.69942],[37.40451,55.69951],[37.40356,55.69911],[37.40315,55.69942],[37.40364,55.69963],[37.40347,55.6998],[37.40411,55.69963],[37.40521,55.70017],[37.40535,55.7004],[37.4052,55.70051],[37.40458,55.70007],[37.40339,55.70018],[37.4031,55.70048],[37.40256,55.7004],[37.40272,55.70055],[37.40255,55.70075],[37.40291,55.70075],[37.40325,55.70223],[37.40359,55.70269],[37.40554,55.70327],[37.40626,55.70372],[37.40584,55.70387],[37.40781,55.70467],[37.40839,55.70511],[37.408,55.70527],[37.41042,55.70711],[37.41443,55.7056],[37.41493,55.70516],[37.41257,55.70343],[37.41374,55.70283],[37.41395,55.70217],[37.42028,55.70006],[37.42074,55.69895]]]]}},{"type":"Feature","properties":{"id":"dogal-lab-22","kind":"district-label","btype":"dogal","name":"Setun Valley zakaznik"},"geometry":{"type":"Point","coordinates":[37.46919,55.71561]}},{"type":"Feature","properties":{"id":"dogal-23","kind":"district","btype":"dogal","name":"Birulevo forest park","lab":1},"geometry":{"type":"MultiPolygon","coordinates":[[[[37.72302,55.5911],[37.72346,55.59059],[37.72331,55.59052],[37.72389,55.59006],[37.7206,55.58877],[37.7204,55.58891],[37.71993,55.58856],[37.71435,55.58615],[37.69727,55.58679],[37.69718,55.58664],[37.6934,55.5859],[37.69321,55.58671],[37.68679,55.58686],[37.6868,55.58715],[37.68468,55.58731],[37.68222,55.58787],[37.68264,55.58901],[37.68168,55.59107],[37.68176,55.59119],[37.68263,55.59038],[37.68396,55.58842],[37.6853,55.58794],[37.6868,55.58783],[37.68704,55.58747],[37.69619,55.58705],[37.69651,55.58866],[37.69924,55.59055],[37.70085,55.59299],[37.70086,55.59348],[37.7001,55.59619],[37.69821,55.59803],[37.69722,55.59862],[37.69536,55.59927],[37.69651,55.60187],[37.69699,55.60242],[37.69589,55.60271],[37.69547,55.60356],[37.69536,55.60427],[37.6958,55.60474],[37.69262,55.60589],[37.69311,55.60643],[37.69419,55.60605],[37.69503,55.60641],[37.69536,55.60675],[37.69647,55.60696],[37.69649,55.6074],[37.69593,55.60776],[37.69668,55.60821],[37.69655,55.60831],[37.69683,55.60829],[37.69795,55.6089],[37.69914,55.60795],[37.69801,55.60723],[37.69748,55.60744],[37.69723,55.6073],[37.69732,55.60693],[37.69932,55.60618],[37.69846,55.606],[37.69802,55.60625],[37.6977,55.60617],[37.69803,55.60564],[37.69898,55.60511],[37.69929,55.60526],[37.70098,55.6042],[37.70321,55.60531],[37.70231,55.60584],[37.70244,55.60589],[37.70384,55.60513],[37.70635,55.60359],[37.70548,55.60314],[37.70823,55.60136],[37.70903,55.60176],[37.70914,55.60169],[37.70807,55.60124],[37.71003,55.59986],[37.70983,55.59962],[37.71121,55.59876],[37.71151,55.59889],[37.7122,55.5984],[37.71312,55.59882],[37.7164,55.59675],[37.71771,55.5959],[37.71777,55.59569],[37.71742,55.59562],[37.71905,55.59438],[37.71962,55.59407],[37.7202,55.59419],[37.72083,55.59326],[37.72207,55.59194],[37.72313,55.59118],[37.72302,55.5911]]],[[[37.68575,55.58691],[37.68596,55.58688],[37.68586,55.58666],[37.68424,55.58631],[37.68421,55.58607],[37.68286,55.58609],[37.68183,55.58341],[37.68091,55.58324],[37.67853,55.58565],[37.67896,55.58577],[37.67869,55.58603],[37.67828,55.5859],[37.678,55.58615],[37.67763,55.58709],[37.67611,55.58861],[37.68178,55.58757],[37.68578,55.58709],[37.68575,55.58691]]]]}},{"type":"Feature","properties":{"id":"dogal-lab-23","kind":"district-label","btype":"dogal","name":"Birulevo forest park"},"geometry":{"type":"Point","coordinates":[37.70713,55.59739]}},{"type":"Feature","properties":{"id":"dogal-24","kind":"district","btype":"dogal","name":"Kolomenskoe open-air museum","lab":1},"geometry":{"type":"Polygon","coordinates":[[[37.65715,55.65258],[37.65478,55.65406],[37.65382,55.65546],[37.65426,55.65566],[37.65392,55.6559],[37.65443,55.65832],[37.65483,55.65868],[37.65509,55.6595],[37.65735,55.66275],[37.65811,55.66303],[37.65794,55.66339],[37.65955,55.66538],[37.6601,55.66553],[37.65991,55.66568],[37.66152,55.66764],[37.66239,55.66799],[37.66201,55.66837],[37.66275,55.66937],[37.66338,55.6718],[37.66383,55.67259],[37.66906,55.67229],[37.66967,55.6733],[37.66898,55.67343],[37.6691,55.67366],[37.66847,55.67378],[37.66871,55.6743],[37.66906,55.67425],[37.66918,55.67474],[37.66979,55.67487],[37.67058,55.67476],[37.67146,55.67615],[37.67173,55.67611],[37.67184,55.67635],[37.67755,55.67578],[37.67912,55.67394],[37.67964,55.67361],[37.68133,55.67409],[37.68421,55.67224],[37.68092,55.67155],[37.68059,55.67123],[37.68037,55.67131],[37.68003,55.67108],[37.68014,55.67098],[37.67501,55.6688],[37.67339,55.66766],[37.67182,55.66494],[37.67193,55.66453],[37.67147,55.66363],[37.6698,55.65562],[37.66986,55.65502],[37.67034,55.65483],[37.66997,55.65455],[37.67055,55.65384],[37.6746,55.65085],[37.67675,55.64963],[37.67726,55.64975],[37.67864,55.64903],[37.67844,55.64887],[37.6787,55.64899],[37.67917,55.64878],[37.67905,55.64864],[37.67936,55.64871],[37.67928,55.64847],[37.67957,55.64859],[37.68085,55.64801],[37.68072,55.64782],[37.68119,55.64788],[37.68099,55.64768],[37.68129,55.64784],[37.68212,55.64751],[37.6819,55.64729],[37.6822,55.64748],[37.6828,55.64714],[37.68009,55.64536],[37.67613,55.64658],[37.67585,55.64699],[37.67441,55.64811],[37.67489,55.64842],[37.6748,55.64886],[37.67369,55.6493],[37.67403,55.64959],[37.6717,55.65058],[37.67177,55.6507],[37.67111,55.65149],[37.66725,55.65328],[37.66672,55.65382],[37.66633,55.65395],[37.66448,55.65337],[37.66095,55.65044],[37.65764,55.65224],[37.65777,55.65244],[37.65715,55.65258]]]}},{"type":"Feature","properties":{"id":"dogal-lab-24","kind":"district-label","btype":"dogal","name":"Kolomenskoe open-air museum"},"geometry":{"type":"Point","coordinates":[37.66358,55.66112]}},{"type":"Feature","properties":{"id":"dogal-25","kind":"district","btype":"dogal","name":"Тропарёвский лесопарк","lab":1},"geometry":{"type":"Polygon","coordinates":[[[37.44934,55.65575],[37.45147,55.65806],[37.45276,55.65654],[37.45769,55.65789],[37.4562,55.65841],[37.45725,55.65962],[37.45587,55.65998],[37.45606,55.66021],[37.45559,55.6603],[37.45525,55.66061],[37.45594,55.66068],[37.45566,55.6615],[37.45614,55.6616],[37.45586,55.6622],[37.45628,55.66231],[37.45481,55.66373],[37.45498,55.66442],[37.45579,55.66555],[37.45788,55.66678],[37.45909,55.6667],[37.46125,55.66586],[37.46113,55.66576],[37.46161,55.66505],[37.4614,55.66285],[37.4611,55.66262],[37.46119,55.66201],[37.46199,55.66145],[37.46278,55.66035],[37.4633,55.66024],[37.46308,55.66002],[37.46403,55.65916],[37.46622,55.65739],[37.46786,55.65638],[37.46785,55.65601],[37.46937,55.65494],[37.47072,55.65486],[37.47086,55.65445],[37.47031,55.65413],[37.46944,55.65417],[37.46873,55.65376],[37.46775,55.65271],[37.468,55.65192],[37.46756,55.65123],[37.4673,55.64934],[37.46734,55.64874],[37.46777,55.64859],[37.46731,55.64686],[37.46838,55.64649],[37.46659,55.6443],[37.46745,55.64348],[37.46625,55.64277],[37.46567,55.64269],[37.46586,55.64249],[37.46281,55.64109],[37.46276,55.64081],[37.46235,55.64069],[37.46126,55.64058],[37.45862,55.64084],[37.45757,55.64132],[37.44231,55.65422],[37.44934,55.65575]]]}},{"type":"Feature","properties":{"id":"dogal-lab-25","kind":"district-label","btype":"dogal","name":"Тропарёвский лесопарк"},"geometry":{"type":"Point","coordinates":[37.45586,55.65323]}},{"type":"Feature","properties":{"id":"dogal-26","kind":"district","btype":"dogal","name":"Памятник природы «Старинный парк и участок Балашихинского лесопарка»","lab":1},"geometry":{"type":"Polygon","coordinates":[[[37.90023,55.74153],[37.90251,55.74116],[37.90409,55.74124],[37.91346,55.74044],[37.91947,55.74187],[37.9193,55.74201],[37.91943,55.74204],[37.92184,55.74165],[37.92152,55.74217],[37.91963,55.74245],[37.91927,55.74268],[37.91741,55.74453],[37.91808,55.74587],[37.91848,55.74606],[37.91877,55.74594],[37.91933,55.74667],[37.91981,55.74652],[37.92066,55.74737],[37.92108,55.74667],[37.92192,55.74694],[37.92413,55.74526],[37.92523,55.74566],[37.92522,55.74613],[37.92218,55.74856],[37.9224,55.74898],[37.92334,55.749],[37.92347,55.7487],[37.92409,55.74864],[37.92426,55.74841],[37.92458,55.74855],[37.92537,55.7483],[37.92763,55.74588],[37.92781,55.74539],[37.92731,55.74446],[37.92772,55.74402],[37.92648,55.74369],[37.9247,55.74357],[37.92581,55.74245],[37.92514,55.74115],[37.92574,55.7412],[37.92608,55.74053],[37.92676,55.73995],[37.92808,55.73804],[37.93129,55.73597],[37.93151,55.73547],[37.93202,55.7351],[37.93297,55.7348],[37.93368,55.73484],[37.93516,55.73453],[37.93569,55.73414],[37.9348,55.73399],[37.9345,55.73345],[37.93231,55.73199],[37.9289,55.73061],[37.92754,55.73062],[37.92555,55.73127],[37.92186,55.73133],[37.91915,55.73115],[37.91788,55.73079],[37.91569,55.72786],[37.91587,55.72767],[37.91535,55.72753],[37.9149,55.7271],[37.91201,55.72572],[37.90708,55.72479],[37.90301,55.73405],[37.90587,55.73363],[37.90754,55.73405],[37.90782,55.73377],[37.90807,55.73385],[37.90861,55.7335],[37.9091,55.73363],[37.90894,55.73388],[37.90914,55.73406],[37.90886,55.73439],[37.91147,55.73505],[37.91127,55.73583],[37.90796,55.73721],[37.90367,55.7395],[37.90162,55.74035],[37.90023,55.74153]]]}},{"type":"Feature","properties":{"id":"dogal-lab-26","kind":"district-label","btype":"dogal","name":"Памятник природы «Старинный парк и участок Балашихинского лесопарка»"},"geometry":{"type":"Point","coordinates":[37.91989,55.73659]}},{"type":"Feature","properties":{"id":"dogal-27","kind":"district","btype":"dogal","name":"Trade Fair Moscow, All-Russia Exhibition Centre","lab":1},"geometry":{"type":"Polygon","coordinates":[[[37.63726,55.83287],[37.64525,55.83017],[37.64325,55.82802],[37.64279,55.8281],[37.63947,55.82635],[37.63926,55.82657],[37.63863,55.82665],[37.63786,55.82654],[37.638,55.82638],[37.63749,55.82609],[37.63711,55.82615],[37.63685,55.82548],[37.63731,55.82523],[37.63625,55.82469],[37.63104,55.82673],[37.63059,55.82666],[37.6303,55.82535],[37.62669,55.82558],[37.62667,55.82619],[37.6241,55.8263],[37.6242,55.82686],[37.62179,55.82703],[37.62213,55.82844],[37.62271,55.82838],[37.62279,55.82872],[37.6224,55.82887],[37.62324,55.82944],[37.62256,55.82948],[37.6226,55.82971],[37.62211,55.82979],[37.62179,55.82873],[37.61898,55.82891],[37.61949,55.82998],[37.61833,55.83002],[37.61835,55.83023],[37.6135,55.8309],[37.61027,55.83292],[37.61002,55.83357],[37.60918,55.83407],[37.60959,55.83453],[37.61059,55.8346],[37.61037,55.83483],[37.61054,55.83511],[37.61227,55.83623],[37.61232,55.83669],[37.61189,55.83685],[37.61179,55.83874],[37.61346,55.83968],[37.61944,55.8407],[37.6242,55.84075],[37.62489,55.84161],[37.62577,55.84324],[37.62675,55.84335],[37.62744,55.84318],[37.6281,55.84227],[37.62887,55.84044],[37.62871,55.84022],[37.62899,55.83994],[37.62924,55.84002],[37.62998,55.83929],[37.63158,55.83876],[37.63202,55.83824],[37.63202,55.83595],[37.63304,55.83595],[37.63423,55.83532],[37.63425,55.83381],[37.63667,55.83382],[37.63673,55.83348],[37.63712,55.83326],[37.63726,55.83287]]]}},{"type":"Feature","properties":{"id":"dogal-lab-27","kind":"district-label","btype":"dogal","name":"Trade Fair Moscow, All-Russia Exhibition Centre"},"geometry":{"type":"Point","coordinates":[37.62182,55.83394]}},{"type":"Feature","properties":{"id":"dogal-28","kind":"district","btype":"dogal","name":"Парк Малевича","lab":1},"geometry":{"type":"Polygon","coordinates":[[[37.30415,55.73503],[37.30223,55.73437],[37.30136,55.73485],[37.29975,55.73636],[37.29819,55.73815],[37.29721,55.73978],[37.30108,55.74109],[37.30263,55.74191],[37.30499,55.74328],[37.30957,55.74672],[37.31174,55.74638],[37.31342,55.74474],[37.31763,55.74397],[37.32572,55.73761],[37.32619,55.73052],[37.32313,55.72916],[37.32021,55.72844],[37.31817,55.72928],[37.31724,55.72915],[37.31638,55.72951],[37.31403,55.72812],[37.30486,55.73297],[37.30745,55.7345],[37.30623,55.73532],[37.30415,55.73503]]]}},{"type":"Feature","properties":{"id":"dogal-lab-28","kind":"district-label","btype":"dogal","name":"Парк Малевича"},"geometry":{"type":"Point","coordinates":[37.31248,55.73698]}},{"type":"Feature","properties":{"id":"dogal-29","kind":"district","btype":"dogal","name":"Sokolniki nature-historical park","lab":1},"geometry":{"type":"Polygon","coordinates":[[[37.65721,55.7975],[37.65833,55.8014],[37.66299,55.80441],[37.66848,55.80674],[37.66688,55.80906],[37.66261,55.80711],[37.65944,55.80986],[37.66808,55.81987],[37.6754,55.81783],[37.6778,55.81739],[37.67379,55.81457],[37.67479,55.80731],[37.68146,55.80698],[37.68408,55.80615],[37.68393,55.80484],[37.68092,55.80525],[37.68007,55.80336],[37.68264,55.80302],[37.68253,55.80014],[37.67877,55.80025],[37.67636,55.80012],[37.67566,55.80127],[37.67348,55.80084],[37.67232,55.80245],[37.67108,55.80218],[37.67293,55.79945],[37.67091,55.79902],[37.66851,55.79768],[37.66752,55.79604],[37.65721,55.7975]]]}},{"type":"Feature","properties":{"id":"dogal-lab-29","kind":"district-label","btype":"dogal","name":"Sokolniki nature-historical park"},"geometry":{"type":"Point","coordinates":[37.67108,55.80819]}},{"type":"Feature","properties":{"id":"dogal-30","kind":"district","btype":"dogal","name":"Troparyovo landspace reserve","lab":1},"geometry":{"type":"Polygon","coordinates":[[[37.47072,55.65486],[37.47086,55.65445],[37.47072,55.65429],[37.47031,55.65413],[37.46944,55.65417],[37.46873,55.65376],[37.46775,55.65271],[37.468,55.65192],[37.46756,55.65123],[37.4673,55.64934],[37.46734,55.64874],[37.46777,55.64859],[37.46731,55.64686],[37.46838,55.64649],[37.46659,55.6443],[37.46745,55.64348],[37.46625,55.64277],[37.46567,55.64269],[37.46586,55.64249],[37.46281,55.64109],[37.46276,55.64081],[37.46126,55.64058],[37.45862,55.64084],[37.45757,55.64132],[37.44231,55.65422],[37.44934,55.65575],[37.45018,55.6565],[37.45122,55.65643],[37.45156,55.65703],[37.4522,55.65712],[37.45274,55.65651],[37.45433,55.65683],[37.45525,55.65688],[37.45567,55.65669],[37.45597,55.65699],[37.45644,55.65688],[37.45557,55.65616],[37.45595,55.65607],[37.45453,55.6551],[37.45424,55.65559],[37.45372,55.65534],[37.45403,55.65466],[37.45558,55.65473],[37.45565,55.65543],[37.45663,55.65585],[37.45708,55.65496],[37.45725,55.65494],[37.45761,55.65564],[37.45816,55.65558],[37.45897,55.65484],[37.45924,55.65489],[37.45934,55.6552],[37.45914,55.65577],[37.45948,55.65589],[37.45944,55.65631],[37.45904,55.65641],[37.45942,55.65702],[37.45933,55.65717],[37.46101,55.65802],[37.4622,55.65826],[37.46221,55.65857],[37.4626,55.65864],[37.46263,55.65882],[37.46204,55.65919],[37.46153,55.65994],[37.46093,55.66026],[37.46146,55.66051],[37.46215,55.6602],[37.46283,55.65957],[37.46274,55.65945],[37.46367,55.65892],[37.46403,55.65916],[37.46622,55.65739],[37.46786,55.65638],[37.46785,55.65601],[37.46937,55.65494],[37.47072,55.65486]]]}},{"type":"Feature","properties":{"id":"dogal-lab-30","kind":"district-label","btype":"dogal","name":"Troparyovo landspace reserve"},"geometry":{"type":"Point","coordinates":[37.4572,55.65028]}},{"type":"Feature","properties":{"id":"dogal-31","kind":"district","btype":"dogal","name":"Дворцово-парковый ансамбль «Царицыно»","lab":1},"geometry":{"type":"Polygon","coordinates":[[[37.67457,55.61449],[37.67475,55.61611],[37.67371,55.61659],[37.67364,55.61732],[37.67237,55.61882],[37.67244,55.61893],[37.67337,55.61924],[37.6735,55.61983],[37.67529,55.62155],[37.67575,55.62175],[37.67734,55.62184],[37.68083,55.62151],[37.68109,55.62124],[37.68239,55.62105],[37.68396,55.62054],[37.68997,55.61795],[37.69297,55.61724],[37.69312,55.61711],[37.69323,55.61566],[37.69178,55.61456],[37.69435,55.61271],[37.6948,55.61198],[37.69528,55.61181],[37.69664,55.61001],[37.69795,55.6089],[37.69683,55.60829],[37.69655,55.60831],[37.69668,55.60821],[37.69593,55.60776],[37.69573,55.60783],[37.69385,55.60706],[37.69262,55.60589],[37.69217,55.60624],[37.69178,55.60693],[37.69075,55.60687],[37.68919,55.60712],[37.68847,55.60603],[37.68755,55.60605],[37.68724,55.60567],[37.68322,55.60414],[37.68017,55.6065],[37.68011,55.60672],[37.67956,55.60671],[37.67898,55.60726],[37.67621,55.60793],[37.67627,55.60973],[37.67651,55.60983],[37.67293,55.61012],[37.67035,55.61056],[37.67033,55.61105],[37.66997,55.6116],[37.67457,55.61449]]]}},{"type":"Feature","properties":{"id":"dogal-lab-31","kind":"district-label","btype":"dogal","name":"Дворцово-парковый ансамбль «Царицыно»"},"geometry":{"type":"Point","coordinates":[37.68313,55.6136]}},{"type":"Feature","properties":{"id":"dogal-32","kind":"district","btype":"dogal","name":"Krylatskiye Kholmy","lab":1},"geometry":{"type":"Polygon","coordinates":[[[37.42411,55.7696],[37.42763,55.76821],[37.42871,55.76742],[37.43298,55.75539],[37.43082,55.75027],[37.42665,55.74788],[37.41914,55.75158],[37.41843,55.75241],[37.41764,55.75287],[37.41476,55.7531],[37.41383,55.75334],[37.41335,55.75379],[37.41308,55.75468],[37.41325,55.75507],[37.41401,55.75555],[37.41836,55.75623],[37.41928,55.75668],[37.42001,55.75751],[37.42047,55.75872],[37.42106,55.75872],[37.42202,55.76024],[37.42066,55.76024],[37.42027,55.76069],[37.41948,55.76113],[37.41664,55.76184],[37.41587,55.76235],[37.4157,55.76259],[37.41865,55.7634],[37.41861,55.76408],[37.41601,55.76671],[37.41362,55.76745],[37.41348,55.76857],[37.41533,55.76952],[37.41842,55.7695],[37.42113,55.77],[37.42411,55.7696]]]}},{"type":"Feature","properties":{"id":"dogal-lab-32","kind":"district-label","btype":"dogal","name":"Krylatskiye Kholmy"},"geometry":{"type":"Point","coordinates":[37.42653,55.75948]}},{"type":"Feature","properties":{"id":"dogal-33","kind":"district","btype":"dogal","name":"Яузский лесопарк","lab":1},"geometry":{"type":"Polygon","coordinates":[[[37.6723,55.83003],[37.69394,55.83074],[37.69436,55.82588],[37.69421,55.82578],[37.6944,55.8256],[37.69493,55.81961],[37.69465,55.81908],[37.69306,55.81845],[37.68888,55.81763],[37.68772,55.81716],[37.68743,55.81728],[37.68686,55.81693],[37.68604,55.81683],[37.68466,55.81712],[37.68195,55.8181],[37.67961,55.81825],[37.67855,55.81892],[37.67763,55.81909],[37.67505,55.82048],[37.67462,55.82128],[37.67383,55.8216],[37.67272,55.82246],[37.672,55.82354],[37.67079,55.82448],[37.67152,55.82736],[37.67154,55.82927],[37.67239,55.82937],[37.6723,55.83003]]]}},{"type":"Feature","properties":{"id":"dogal-lab-33","kind":"district-label","btype":"dogal","name":"Яузский лесопарк"},"geometry":{"type":"Point","coordinates":[37.68297,55.82401]}},{"type":"Feature","properties":{"id":"dogal-34","kind":"district","btype":"dogal","name":"Заповедная зона Национального парка «Лосиный остров»","lab":1},"geometry":{"type":"Polygon","coordinates":[[[37.85316,55.86728],[37.85196,55.86706],[37.8503,55.86784],[37.84878,55.86717],[37.84285,55.86764],[37.84259,55.86714],[37.83953,55.8667],[37.83533,55.8665],[37.83214,55.86607],[37.82734,55.86609],[37.82621,55.87475],[37.82729,55.87473],[37.82804,55.87624],[37.84127,55.87659],[37.84189,55.87824],[37.85166,55.87842],[37.85316,55.86728]]]}},{"type":"Feature","properties":{"id":"dogal-lab-34","kind":"district-label","btype":"dogal","name":"Заповедная зона Национального парка «Лосиный остров»"},"geometry":{"type":"Point","coordinates":[37.83964,55.87129]}},{"type":"Feature","properties":{"id":"dogal-35","kind":"district","btype":"dogal","name":"Pokrovskoye-Streshnevo","lab":1},"geometry":{"type":"Polygon","coordinates":[[[37.49141,55.82557],[37.4914,55.82451],[37.49106,55.82401],[37.48936,55.82301],[37.48869,55.8233],[37.4877,55.82235],[37.4872,55.82145],[37.48763,55.82112],[37.48639,55.81914],[37.48612,55.81916],[37.48592,55.81889],[37.486,55.81849],[37.48563,55.81732],[37.48494,55.81664],[37.48303,55.81581],[37.47887,55.81505],[37.47412,55.81351],[37.47254,55.81398],[37.46933,55.81576],[37.46938,55.81708],[37.46647,55.82078],[37.46552,55.82077],[37.46426,55.8202],[37.46057,55.82145],[37.46232,55.82397],[37.46332,55.82458],[37.46302,55.82483],[37.46566,55.82521],[37.46609,55.8258],[37.46787,55.82642],[37.46863,55.82706],[37.47074,55.82699],[37.47205,55.82802],[37.47337,55.82861],[37.47406,55.82832],[37.47471,55.82776],[37.476,55.8282],[37.47834,55.82654],[37.48041,55.82694],[37.48272,55.82684],[37.48287,55.82622],[37.484,55.82517],[37.48321,55.82535],[37.4822,55.82444],[37.4823,55.8241],[37.48172,55.82328],[37.48397,55.82228],[37.48497,55.82289],[37.48544,55.8227],[37.48583,55.82291],[37.48583,55.82368],[37.4833,55.82591],[37.48282,55.82665],[37.4829,55.82683],[37.48682,55.82645],[37.48835,55.8265],[37.49044,55.827],[37.49141,55.82557]]]}},{"type":"Feature","properties":{"id":"dogal-lab-35","kind":"district-label","btype":"dogal","name":"Pokrovskoye-Streshnevo"},"geometry":{"type":"Point","coordinates":[37.47478,55.82095]}},{"type":"Feature","properties":{"id":"dogal-36","kind":"district","btype":"dogal","name":"Природный парк \"Долина реки Сходни в Куркино\"","lab":1},"geometry":{"type":"Polygon","coordinates":[[[37.40438,55.87598],[37.39444,55.87724],[37.38231,55.87788],[37.381,55.87837],[37.38059,55.87931],[37.37994,55.87995],[37.37804,55.88026],[37.3772,55.88091],[37.37597,55.8813],[37.37506,55.88122],[37.37288,55.88155],[37.3722,55.88276],[37.3713,55.88333],[37.3712,55.88386],[37.37242,55.88514],[37.37413,55.88618],[37.3748,55.88693],[37.37449,55.88734],[37.37288,55.88752],[37.37257,55.88773],[37.37285,55.88848],[37.37279,55.88935],[37.37357,55.89012],[37.37302,55.89092],[37.37302,55.89128],[37.37567,55.89176],[37.37741,55.8926],[37.37703,55.8931],[37.37477,55.89489],[37.37421,55.89517],[37.37284,55.89517],[37.3721,55.89601],[37.37266,55.89637],[37.37195,55.89713],[37.37264,55.89703],[37.37596,55.89581],[37.376,55.89562],[37.38,55.8968],[37.38072,55.89739],[37.38201,55.89754],[37.38831,55.89703],[37.38819,55.89635],[37.38772,55.89607],[37.38796,55.89586],[37.3866,55.89365],[37.38292,55.89338],[37.38165,55.89283],[37.38081,55.89278],[37.38012,55.89196],[37.3793,55.89197],[37.37843,55.89157],[37.37825,55.89116],[37.3784,55.89085],[37.37951,55.89044],[37.37991,55.89054],[37.38113,55.89032],[37.3809,55.88952],[37.3803,55.88848],[37.37924,55.88867],[37.37907,55.88782],[37.37967,55.8871],[37.37947,55.88688],[37.3777,55.88702],[37.37682,55.88639],[37.37545,55.88621],[37.37507,55.88579],[37.37481,55.88578],[37.37451,55.88514],[37.37568,55.88494],[37.37518,55.88455],[37.37497,55.88409],[37.37516,55.88374],[37.3761,55.88343],[37.37669,55.88285],[37.37806,55.88287],[37.37941,55.88331],[37.38011,55.88321],[37.3816,55.88378],[37.38232,55.88342],[37.38348,55.88358],[37.38562,55.88338],[37.38646,55.8832],[37.38636,55.88281],[37.38707,55.88278],[37.38859,55.8835],[37.38867,55.88372],[37.39059,55.88311],[37.3892,55.88139],[37.39122,55.88083],[37.39161,55.88092],[37.39232,55.88159],[37.39335,55.8821],[37.40519,55.88129],[37.40383,55.87717],[37.40438,55.87598]]]}},{"type":"Feature","properties":{"id":"dogal-lab-36","kind":"district-label","btype":"dogal","name":"Природный парк \"Долина реки Сходни в Куркино\""},"geometry":{"type":"Point","coordinates":[37.37585,55.88663]}},{"type":"Feature","properties":{"id":"dogal-37","kind":"district","btype":"dogal","name":"Борисовские пруды","lab":1},"geometry":{"type":"MultiPolygon","coordinates":[[[[37.71602,55.63429],[37.71234,55.63402],[37.7117,55.63372],[37.71083,55.63293],[37.70817,55.63196],[37.7069,55.63129],[37.7053,55.6314],[37.70274,55.63337],[37.70302,55.63382],[37.70396,55.6339],[37.70398,55.63406],[37.70579,55.63404],[37.70605,55.63561],[37.73141,55.63512],[37.73174,55.63494],[37.73,55.63481],[37.73001,55.63338],[37.73117,55.6327],[37.73414,55.63275],[37.73424,55.63181],[37.73468,55.63162],[37.73481,55.631],[37.73434,55.63062],[37.73437,55.63006],[37.72968,55.6299],[37.72966,55.63051],[37.729,55.63068],[37.72957,55.63174],[37.72928,55.63267],[37.72777,55.63334],[37.72749,55.63403],[37.72684,55.6345],[37.72603,55.63475],[37.72453,55.6348],[37.72285,55.63448],[37.72211,55.63378],[37.72202,55.63231],[37.7216,55.63205],[37.71953,55.63229],[37.71807,55.63348],[37.717,55.63403],[37.71602,55.63429]]],[[[37.70962,55.62941],[37.71198,55.62902],[37.71296,55.62909],[37.7174,55.63066],[37.71811,55.63026],[37.71914,55.63004],[37.72373,55.62965],[37.72584,55.63001],[37.72691,55.62994],[37.72755,55.62975],[37.72738,55.62948],[37.72831,55.62896],[37.72731,55.62713],[37.72553,55.62788],[37.72003,55.62794],[37.71361,55.62693],[37.71315,55.62783],[37.71144,55.62781],[37.71094,55.62747],[37.71137,55.62712],[37.71149,55.62667],[37.71086,55.62645],[37.71115,55.62596],[37.71204,55.62592],[37.71235,55.62543],[37.71203,55.62537],[37.71237,55.62472],[37.71273,55.62467],[37.71137,55.62445],[37.70967,55.62735],[37.70851,55.62871],[37.70747,55.62953],[37.70962,55.62941]]],[[[37.69574,55.61984],[37.6939,55.6197],[37.69393,55.62275],[37.6943,55.62392],[37.69512,55.62392],[37.69507,55.62462],[37.6944,55.62492],[37.69405,55.6259],[37.69295,55.62771],[37.69387,55.62766],[37.69603,55.62863],[37.69769,55.62855],[37.69942,55.6288],[37.70046,55.62865],[37.70116,55.62899],[37.702,55.62912],[37.70322,55.62911],[37.70533,55.62869],[37.70661,55.62917],[37.70844,55.6275],[37.70922,55.62614],[37.70862,55.62633],[37.69894,55.62485],[37.6976,55.62441],[37.69726,55.62425],[37.69732,55.62387],[37.69589,55.62265],[37.69637,55.62171],[37.69623,55.6216],[37.69638,55.62132],[37.69575,55.62111],[37.69586,55.62088],[37.69536,55.6208],[37.69574,55.61984]]],[[[37.69595,55.63544],[37.69974,55.63424],[37.70068,55.63374],[37.70047,55.63319],[37.70128,55.63324],[37.70087,55.63367],[37.70153,55.63326],[37.70121,55.63299],[37.70167,55.63257],[37.7022,55.63279],[37.70421,55.63101],[37.70306,55.631],[37.70243,55.63119],[37.69908,55.63073],[37.69575,55.63063],[37.69405,55.62981],[37.69349,55.62936],[37.69353,55.62915],[37.69267,55.62812],[37.69236,55.62806],[37.69313,55.63021],[37.69583,55.63443],[37.69595,55.63544]]]]}},{"type":"Feature","properties":{"id":"dogal-lab-37","kind":"district-label","btype":"dogal","name":"Борисовские пруды"},"geometry":{"type":"Point","coordinates":[37.69871,55.63188]}},{"type":"Feature","properties":{"id":"dogal-38","kind":"district","btype":"dogal","name":"Зона отдыха \"Терлецкая дубрава\"","lab":1},"geometry":{"type":"Polygon","coordinates":[[[37.82221,55.76457],[37.8212,55.76176],[37.81881,55.76216],[37.81841,55.76106],[37.82077,55.76077],[37.81985,55.75878],[37.80889,55.76035],[37.80917,55.76098],[37.80786,55.76117],[37.8076,55.76054],[37.80298,55.7612],[37.80067,55.76103],[37.79991,55.76239],[37.80155,55.76612],[37.80149,55.76785],[37.81856,55.77111],[37.82003,55.7709],[37.82211,55.7664],[37.82221,55.76457]]]}},{"type":"Feature","properties":{"id":"dogal-lab-38","kind":"district-label","btype":"dogal","name":"Зона отдыха \"Терлецкая дубрава\""},"geometry":{"type":"Point","coordinates":[37.81169,55.76534]}},{"type":"Feature","properties":{"id":"dogal-39","kind":"district","btype":"dogal","name":"Filevsky Park","lab":1},"geometry":{"type":"Polygon","coordinates":[[[37.49763,55.75088],[37.49627,55.75087],[37.49629,55.75043],[37.49663,55.75044],[37.49674,55.74986],[37.49699,55.74963],[37.49635,55.74939],[37.49744,55.74817],[37.47488,55.74166],[37.4732,55.74452],[37.47086,55.74541],[37.47289,55.74667],[37.47544,55.74914],[37.47606,55.75043],[37.47686,55.75311],[37.47826,55.75303],[37.47849,55.75225],[37.47987,55.75227],[37.48027,55.7528],[37.49758,55.75284],[37.49763,55.75088]]]}},{"type":"Feature","properties":{"id":"dogal-lab-39","kind":"district-label","btype":"dogal","name":"Filevsky Park"},"geometry":{"type":"Point","coordinates":[37.48425,55.74742]}},{"type":"Feature","properties":{"id":"dogal-40","kind":"district","btype":"dogal","name":"Хорошёвский Серебряный Бор","lab":1},"geometry":{"type":"MultiPolygon","coordinates":[[[[37.44189,55.77892],[37.44029,55.77874],[37.44029,55.7783],[37.43766,55.77699],[37.43448,55.77571],[37.43318,55.77556],[37.43321,55.77484],[37.42669,55.77526],[37.42637,55.77574],[37.42652,55.77728],[37.42692,55.77728],[37.42686,55.7775],[37.42714,55.7775],[37.4295,55.77714],[37.42983,55.77791],[37.42945,55.77779],[37.42878,55.77794],[37.42861,55.77821],[37.42958,55.77861],[37.42967,55.77888],[37.42936,55.77928],[37.42698,55.77924],[37.42594,55.7797],[37.42541,55.78034],[37.42703,55.78099],[37.42752,55.7815],[37.42875,55.78157],[37.4291,55.78186],[37.42771,55.78281],[37.42607,55.78305],[37.42561,55.7827],[37.42531,55.7827],[37.42437,55.78293],[37.42375,55.78265],[37.42371,55.78226],[37.4242,55.78196],[37.42485,55.78192],[37.42511,55.78237],[37.42611,55.78246],[37.42649,55.78281],[37.42683,55.78286],[37.42706,55.78273],[37.42727,55.78211],[37.42799,55.78188],[37.4272,55.7816],[37.42688,55.78113],[37.42593,55.78078],[37.42565,55.78112],[37.42509,55.78122],[37.42408,55.78072],[37.42413,55.7812],[37.42339,55.78125],[37.42327,55.78159],[37.42282,55.78168],[37.4219,55.7823],[37.42135,55.78236],[37.42174,55.78263],[37.42163,55.78308],[37.42102,55.7837],[37.42844,55.78282],[37.42925,55.78197],[37.42961,55.78191],[37.42908,55.78152],[37.42984,55.78131],[37.43047,55.78125],[37.4307,55.78152],[37.43113,55.78135],[37.43183,55.78204],[37.43368,55.78142],[37.43441,55.78163],[37.4342,55.78141],[37.43432,55.78131],[37.43529,55.78131],[37.43591,55.78105],[37.43575,55.78089],[37.4363,55.78073],[37.43602,55.78038],[37.43648,55.78015],[37.43696,55.78025],[37.43778,55.78097],[37.43816,55.781],[37.43898,55.78075],[37.43844,55.78021],[37.43772,55.78019],[37.43752,55.77996],[37.43936,55.77955],[37.43927,55.7794],[37.44189,55.77892]]],[[[37.41221,55.77686],[37.40848,55.77772],[37.40783,55.77803],[37.40702,55.77879],[37.40626,55.78037],[37.40837,55.78077],[37.42088,55.78153],[37.42085,55.78166],[37.42154,55.78163],[37.4221,55.78138],[37.42224,55.78145],[37.42207,55.78177],[37.4222,55.78184],[37.42357,55.78083],[37.4238,55.78039],[37.42333,55.78027],[37.42161,55.78115],[37.42145,55.78101],[37.42166,55.78078],[37.42363,55.77984],[37.42415,55.77879],[37.42461,55.77846],[37.42571,55.77837],[37.42464,55.77811],[37.42354,55.77814],[37.42308,55.77791],[37.42331,55.7777],[37.42543,55.77736],[37.42523,55.77572],[37.42452,55.77538],[37.41991,55.7758],[37.41819,55.77613],[37.41763,55.77603],[37.41781,55.7766],[37.41221,55.77686]]],[[[37.40569,55.78047],[37.4053,55.78155],[37.40578,55.78239],[37.40552,55.78261],[37.40745,55.78492],[37.40744,55.78531],[37.40883,55.78699],[37.41045,55.78998],[37.41155,55.79092],[37.41322,55.79131],[37.41622,55.79095],[37.41572,55.79067],[37.41524,55.78938],[37.41427,55.78992],[37.41355,55.78973],[37.41486,55.78895],[37.40941,55.78623],[37.40726,55.78424],[37.40649,55.78326],[37.40707,55.78244],[37.40689,55.78215],[37.40773,55.78088],[37.40569,55.78047]]]]}},{"type":"Feature","properties":{"id":"dogal-lab-40","kind":"district-label","btype":"dogal","name":"Хорошёвский Серебряный Бор"},"geometry":{"type":"Point","coordinates":[37.41579,55.77863]}},{"type":"Feature","properties":{"id":"dogal-41","kind":"district","btype":"dogal","name":"Ландшафтный парк \"Митино\"","lab":1},"geometry":{"type":"Polygon","coordinates":[[[37.3711,55.84117],[37.37272,55.8414],[37.37522,55.84046],[37.37593,55.84002],[37.37476,55.83959],[37.37342,55.84067],[37.37281,55.84075],[37.3717,55.84008],[37.3712,55.83952],[37.37257,55.83867],[37.37432,55.83871],[37.37464,55.83888],[37.37454,55.83936],[37.37607,55.83993],[37.37725,55.83876],[37.37912,55.8378],[37.3803,55.83751],[37.38018,55.83699],[37.38206,55.83516],[37.38171,55.83505],[37.38159,55.83465],[37.38318,55.83253],[37.37989,55.8324],[37.3785,55.83258],[37.3783,55.83233],[37.37491,55.83201],[37.37461,55.83222],[37.37333,55.83241],[37.36598,55.83027],[37.36529,55.83068],[37.36417,55.83063],[37.35669,55.83132],[37.35758,55.83231],[37.35884,55.8323],[37.3595,55.83251],[37.35998,55.8329],[37.36068,55.83414],[37.36084,55.83596],[37.36022,55.83659],[37.35848,55.83726],[37.35635,55.83854],[37.35463,55.83871],[37.35465,55.8395],[37.35662,55.84077],[37.35862,55.8398],[37.36011,55.83941],[37.36194,55.83916],[37.36514,55.83917],[37.3687,55.8401],[37.36908,55.83998],[37.36961,55.84023],[37.36977,55.84067],[37.3711,55.84117]]]}},{"type":"Feature","properties":{"id":"dogal-lab-41","kind":"district-label","btype":"dogal","name":"Ландшафтный парк \"Митино\""},"geometry":{"type":"Point","coordinates":[37.37123,55.83556]}},{"type":"Feature","properties":{"id":"dogal-42","kind":"district","btype":"dogal","name":"Moscow 850th Anniversary park","lab":1},"geometry":{"type":"Polygon","coordinates":[[[37.77981,55.65768],[37.77984,55.65503],[37.78097,55.65467],[37.78041,55.65407],[37.78147,55.65402],[37.78169,55.65439],[37.78534,55.6537],[37.78641,55.65404],[37.78722,55.65383],[37.78834,55.65491],[37.78845,55.6554],[37.79038,55.65744],[37.7909,55.65748],[37.79095,55.65734],[37.79054,55.65669],[37.78939,55.65558],[37.78969,55.65504],[37.78833,55.65448],[37.78724,55.65287],[37.78579,55.65214],[37.78442,55.64951],[37.78147,55.65002],[37.77713,55.6494],[37.77466,55.6485],[37.76463,55.64621],[37.75817,55.64403],[37.75348,55.6427],[37.75362,55.64261],[37.74699,55.64098],[37.74478,55.64077],[37.74182,55.64096],[37.73352,55.64201],[37.73146,55.64204],[37.73015,55.64186],[37.72799,55.64197],[37.72358,55.64172],[37.71311,55.64042],[37.7097,55.64089],[37.70472,55.64189],[37.70506,55.64223],[37.70646,55.64198],[37.70787,55.64314],[37.71166,55.64234],[37.71532,55.64217],[37.72181,55.64279],[37.72187,55.64261],[37.72437,55.64284],[37.72434,55.64299],[37.72982,55.64322],[37.7394,55.64289],[37.74218,55.64297],[37.75408,55.64443],[37.75698,55.64533],[37.7664,55.64889],[37.76786,55.64972],[37.76812,55.64969],[37.76868,55.64907],[37.76959,55.64879],[37.77035,55.64878],[37.77141,55.6491],[37.77184,55.6495],[37.77193,55.6499],[37.77118,55.65089],[37.77125,55.65101],[37.77221,55.65118],[37.77795,55.6535],[37.77847,55.65497],[37.77837,55.65714],[37.77856,55.65815],[37.77888,55.65872],[37.77972,55.65999],[37.78156,55.65972],[37.77981,55.65768]]]}},{"type":"Feature","properties":{"id":"dogal-lab-42","kind":"district-label","btype":"dogal","name":"Moscow 850th Anniversary park"},"geometry":{"type":"Point","coordinates":[37.77821,55.65045]}},{"type":"Feature","properties":{"id":"dogal-43","kind":"district","btype":"dogal","name":"Парк \"Братеевская пойма\"","lab":1},"geometry":{"type":"Polygon","coordinates":[[[37.78646,55.62746],[37.78468,55.62721],[37.78385,55.62734],[37.78272,55.62721],[37.78147,55.62677],[37.77983,55.62681],[37.77982,55.62963],[37.77765,55.62965],[37.77686,55.62938],[37.77659,55.62979],[37.77464,55.63002],[37.77371,55.63043],[37.77356,55.63117],[37.77358,55.6326],[37.77384,55.63267],[37.77371,55.63613],[37.77276,55.63623],[37.77306,55.63669],[37.7729,55.63765],[37.77336,55.63763],[37.77641,55.6386],[37.77629,55.63957],[37.77605,55.63957],[37.77605,55.64036],[37.77578,55.64045],[37.77553,55.64101],[37.77647,55.64124],[37.7765,55.64214],[37.77623,55.64285],[37.7758,55.6433],[37.77468,55.64381],[37.77335,55.6441],[37.77324,55.64519],[37.77253,55.646],[37.77537,55.64688],[37.77702,55.64713],[37.7772,55.64688],[37.77709,55.64648],[37.77722,55.64618],[37.77802,55.64603],[37.77961,55.64657],[37.7796,55.64678],[37.77885,55.64708],[37.77864,55.64735],[37.77935,55.64777],[37.78031,55.64785],[37.78136,55.64766],[37.78283,55.64782],[37.78379,55.64752],[37.7835,55.64668],[37.78298,55.64598],[37.78336,55.64555],[37.7844,55.64524],[37.78417,55.64474],[37.78358,55.6448],[37.78373,55.64534],[37.78341,55.6454],[37.78301,55.64513],[37.78224,55.64522],[37.78202,55.64538],[37.78237,55.64582],[37.78157,55.64603],[37.78098,55.64561],[37.7806,55.64452],[37.78097,55.64421],[37.78205,55.64385],[37.78281,55.64397],[37.78332,55.64347],[37.78316,55.64324],[37.78264,55.64317],[37.78163,55.64331],[37.78107,55.64305],[37.78106,55.64285],[37.78208,55.64152],[37.78255,55.6412],[37.78219,55.64088],[37.78269,55.64035],[37.78247,55.6394],[37.78271,55.6389],[37.78244,55.63831],[37.78256,55.63649],[37.78293,55.6359],[37.78316,55.63372],[37.78336,55.63341],[37.78284,55.63309],[37.78348,55.63303],[37.78348,55.63263],[37.78371,55.63259],[37.78408,55.63156],[37.78488,55.63042],[37.78514,55.6295],[37.78566,55.62862],[37.78572,55.62808],[37.78646,55.62746]]]}},{"type":"Feature","properties":{"id":"dogal-lab-43","kind":"district-label","btype":"dogal","name":"Парк \"Братеевская пойма\""},"geometry":{"type":"Point","coordinates":[37.77775,55.63716]}},{"type":"Feature","properties":{"id":"dogal-44","kind":"district","btype":"dogal","name":"Кировская пойма","lab":1},"geometry":{"type":"Polygon","coordinates":[[[37.41922,55.8082],[37.41737,55.80917],[37.41503,55.81009],[37.4129,55.81128],[37.40623,55.816],[37.4069,55.81634],[37.40581,55.81707],[37.40516,55.81677],[37.40244,55.8184],[37.39687,55.81958],[37.3953,55.81942],[37.39428,55.81871],[37.39314,55.81518],[37.39206,55.81528],[37.39187,55.81466],[37.39165,55.81598],[37.39204,55.8171],[37.39175,55.81724],[37.39185,55.81789],[37.39393,55.82476],[37.39457,55.82661],[37.3953,55.82774],[37.39538,55.82846],[37.39644,55.82816],[37.39613,55.82724],[37.3966,55.82687],[37.39613,55.82663],[37.39584,55.82614],[37.39513,55.82555],[37.39479,55.82487],[37.39478,55.82405],[37.39447,55.82372],[37.39498,55.82266],[37.39589,55.82257],[37.39623,55.82234],[37.39604,55.82211],[37.39685,55.82157],[37.40058,55.82117],[37.40129,55.8215],[37.40114,55.82199],[37.40128,55.82209],[37.40053,55.82257],[37.40075,55.82295],[37.40227,55.82299],[37.40275,55.82254],[37.403,55.82161],[37.40467,55.82059],[37.40485,55.82021],[37.40564,55.81961],[37.40621,55.81956],[37.40646,55.81916],[37.40721,55.81906],[37.40829,55.81858],[37.40945,55.81871],[37.40859,55.81954],[37.40733,55.82012],[37.40713,55.82039],[37.40623,55.82057],[37.40449,55.82139],[37.40362,55.82297],[37.40358,55.82337],[37.4023,55.8243],[37.40252,55.82448],[37.40067,55.8256],[37.40045,55.82523],[37.40113,55.82525],[37.40099,55.82501],[37.40115,55.82489],[37.40035,55.82498],[37.39999,55.82551],[37.40071,55.82603],[37.40344,55.82536],[37.40469,55.82534],[37.40461,55.82498],[37.40548,55.82478],[37.40557,55.82454],[37.40654,55.82411],[37.40764,55.8233],[37.40873,55.82209],[37.40955,55.82162],[37.40984,55.82117],[37.41141,55.82037],[37.41234,55.81942],[37.41227,55.81875],[37.41205,55.8187],[37.4121,55.81846],[37.41176,55.81798],[37.41149,55.81792],[37.41095,55.81822],[37.41035,55.81796],[37.41124,55.81674],[37.41144,55.81608],[37.41252,55.81496],[37.41392,55.81436],[37.41434,55.81398],[37.415,55.81382],[37.41554,55.8134],[37.41592,55.81278],[37.41712,55.81184],[37.41925,55.81077],[37.42276,55.80968],[37.4314,55.80787],[37.43167,55.80768],[37.43155,55.80691],[37.43084,55.80647],[37.4269,55.80526],[37.42543,55.80527],[37.4254,55.80567],[37.4259,55.80567],[37.42559,55.8066],[37.41922,55.8082]]]}},{"type":"Feature","properties":{"id":"dogal-lab-44","kind":"district-label","btype":"dogal","name":"Кировская пойма"},"geometry":{"type":"Point","coordinates":[37.40857,55.81692]}},{"type":"Feature","properties":{"id":"dogal-45","kind":"district","btype":"dogal","name":"Бирюлёвский дендропарк","lab":1},"geometry":{"type":"Polygon","coordinates":[[[37.67359,55.59259],[37.67059,55.60347],[37.67017,55.60411],[37.67089,55.60441],[37.67089,55.60478],[37.67063,55.60495],[37.67118,55.60578],[37.67149,55.60623],[37.67318,55.60639],[37.67363,55.60675],[37.67406,55.60671],[37.67362,55.60355],[37.67407,55.60322],[37.68505,55.60006],[37.68571,55.59878],[37.68596,55.59682],[37.68438,55.5938],[37.6835,55.5935],[37.68191,55.5924],[37.68178,55.59212],[37.68168,55.59107],[37.68264,55.58901],[37.68222,55.58787],[37.67608,55.58894],[37.67534,55.58984],[37.67433,55.59131],[37.67392,55.5926],[37.67359,55.59259]]]}},{"type":"Feature","properties":{"id":"dogal-lab-45","kind":"district-label","btype":"dogal","name":"Бирюлёвский дендропарк"},"geometry":{"type":"Point","coordinates":[37.67899,55.5978]}},{"type":"Feature","properties":{"id":"dogal-46","kind":"district","btype":"dogal","name":"Боровский парк","lab":1},"geometry":{"type":"Polygon","coordinates":[[[37.33797,55.62162],[37.33148,55.62005],[37.33006,55.61912],[37.32576,55.6176],[37.32505,55.61763],[37.32399,55.61894],[37.32551,55.62087],[37.32361,55.62233],[37.3196,55.62059],[37.3187,55.62185],[37.31567,55.62081],[37.3149,55.6208],[37.31383,55.62165],[37.31407,55.62185],[37.31451,55.62329],[37.31589,55.6243],[37.31782,55.62453],[37.31858,55.62605],[37.32007,55.62717],[37.31948,55.62864],[37.32317,55.62938],[37.32686,55.62924],[37.32766,55.62802],[37.32864,55.62575],[37.32885,55.62585],[37.32917,55.62555],[37.33203,55.62651],[37.33484,55.62714],[37.33704,55.62704],[37.33722,55.62693],[37.33797,55.62162]]]}},{"type":"Feature","properties":{"id":"dogal-lab-46","kind":"district-label","btype":"dogal","name":"Боровский парк"},"geometry":{"type":"Point","coordinates":[37.32643,55.6238]}},{"type":"Feature","properties":{"id":"dogal-47","kind":"district","btype":"dogal","name":"Лесная опушка","lab":1},"geometry":{"type":"Polygon","coordinates":[[[37.94392,55.60403],[37.95222,55.60384],[37.95949,55.60444],[37.95992,55.60495],[37.95866,55.60647],[37.95858,55.607],[37.95771,55.60828],[37.94758,55.61663],[37.94875,55.61694],[37.94987,55.61581],[37.95476,55.61712],[37.95559,55.61643],[37.96218,55.61813],[37.96473,55.61647],[37.96325,55.61581],[37.96258,55.61637],[37.95791,55.61448],[37.96043,55.61246],[37.95986,55.61227],[37.96389,55.60937],[37.96405,55.60773],[37.96458,55.60732],[37.96435,55.6072],[37.96542,55.60544],[37.96539,55.60503],[37.96518,55.60483],[37.96688,55.6039],[37.96908,55.60453],[37.97038,55.60352],[37.97148,55.60208],[37.97025,55.60187],[37.97048,55.60142],[37.96807,55.60107],[37.96689,55.60107],[37.96521,55.60206],[37.96286,55.60144],[37.96229,55.60113],[37.95165,55.60341],[37.94659,55.60361],[37.94642,55.60299],[37.94555,55.60256],[37.94435,55.60276],[37.94409,55.60339],[37.94389,55.60348],[37.94392,55.60403]]]}},{"type":"Feature","properties":{"id":"dogal-lab-47","kind":"district-label","btype":"dogal","name":"Лесная опушка"},"geometry":{"type":"Point","coordinates":[37.95825,55.61082]}},{"type":"Feature","properties":{"id":"dogal-48","kind":"district","btype":"dogal","name":"Victory Park","lab":1},"geometry":{"type":"Polygon","coordinates":[[[37.49208,55.73159],[37.51142,55.73516],[37.51245,55.73512],[37.51627,55.73573],[37.51718,55.735],[37.51739,55.73503],[37.51829,55.73341],[37.51465,55.7325],[37.50716,55.72794],[37.50739,55.72781],[37.50593,55.72684],[37.50636,55.72653],[37.50193,55.72455],[37.49854,55.72349],[37.49799,55.72385],[37.49629,55.72572],[37.4965,55.72627],[37.49622,55.72662],[37.4957,55.72709],[37.49513,55.72699],[37.49484,55.72727],[37.49411,55.72878],[37.49183,55.7313],[37.49208,55.73159]]]}},{"type":"Feature","properties":{"id":"dogal-lab-48","kind":"district-label","btype":"dogal","name":"Victory Park"},"geometry":{"type":"Point","coordinates":[37.50179,55.73004]}},{"type":"Feature","properties":{"id":"dogal-49","kind":"district","btype":"dogal","name":"Park of the 50th Anniversary of October","lab":1},"geometry":{"type":"Polygon","coordinates":[[[37.50644,55.68967],[37.50538,55.68827],[37.50618,55.68802],[37.50696,55.6883],[37.50734,55.68798],[37.50708,55.68785],[37.50781,55.68736],[37.50761,55.68728],[37.50814,55.68703],[37.50885,55.68726],[37.51033,55.68718],[37.51286,55.68779],[37.51398,55.68743],[37.51417,55.68704],[37.51266,55.687],[37.51023,55.68659],[37.50933,55.68671],[37.50878,55.68658],[37.50816,55.68589],[37.5079,55.68507],[37.50867,55.68428],[37.50863,55.68406],[37.50999,55.68318],[37.5101,55.68202],[37.50949,55.68093],[37.50943,55.68029],[37.50988,55.67997],[37.50923,55.67955],[37.50966,55.67928],[37.50788,55.67827],[37.50752,55.67848],[37.50612,55.67783],[37.50237,55.67969],[37.50186,55.6793],[37.49821,55.68001],[37.49925,55.68075],[37.49906,55.68105],[37.49815,55.68133],[37.494,55.6837],[37.49692,55.68525],[37.49453,55.68645],[37.49393,55.68648],[37.49393,55.68672],[37.49665,55.68801],[37.50193,55.69099],[37.50256,55.69101],[37.50439,55.69194],[37.5058,55.69164],[37.5073,55.69105],[37.50684,55.69075],[37.50644,55.68967]]]}},{"type":"Feature","properties":{"id":"dogal-lab-49","kind":"district-label","btype":"dogal","name":"Park of the 50th Anniversary of October"},"geometry":{"type":"Point","coordinates":[37.50206,55.68467]}},{"type":"Feature","properties":{"id":"dogal-50","kind":"district","btype":"dogal","name":"Sparrow Hills Park","lab":1},"geometry":{"type":"MultiPolygon","coordinates":[[[[37.57298,55.71151],[37.57246,55.71105],[37.57249,55.71076],[37.5731,55.71133],[37.57353,55.71093],[37.57382,55.71094],[37.57601,55.71162],[37.57636,55.71191],[37.57676,55.71175],[37.57441,55.71079],[37.57524,55.71025],[37.57326,55.71027],[37.57111,55.70951],[37.57062,55.70917],[37.56853,55.70904],[37.56617,55.7086],[37.56505,55.70829],[37.56506,55.70807],[37.56136,55.70757],[37.56098,55.70732],[37.56111,55.70709],[37.56218,55.70659],[37.56023,55.70631],[37.5547,55.70653],[37.55892,55.70961],[37.5642,55.70993],[37.56835,55.71065],[37.57284,55.71179],[37.57298,55.71151]]],[[[37.54134,55.72781],[37.54293,55.72694],[37.54141,55.72553],[37.54022,55.72379],[37.53967,55.72201],[37.53949,55.71963],[37.54018,55.71699],[37.54139,55.71518],[37.54332,55.71364],[37.54521,55.71252],[37.54781,55.7112],[37.54948,55.71058],[37.55437,55.70977],[37.55793,55.70961],[37.55378,55.70659],[37.55078,55.70686],[37.54581,55.7077],[37.54351,55.70859],[37.54362,55.70868],[37.54006,55.71089],[37.53889,55.71194],[37.5371,55.7144],[37.53593,55.71775],[37.53575,55.71881],[37.53709,55.71899],[37.5378,55.71883],[37.53771,55.7196],[37.53801,55.72035],[37.53797,55.72094],[37.53816,55.72113],[37.53847,55.72322],[37.54012,55.72597],[37.54064,55.72626],[37.54101,55.72693],[37.54122,55.72736],[37.54092,55.72741],[37.54085,55.72779],[37.54134,55.72781]]]]}},{"type":"Feature","properties":{"id":"dogal-lab-50","kind":"district-label","btype":"dogal","name":"Sparrow Hills Park"},"geometry":{"type":"Point","coordinates":[37.5639,55.70911]}},{"type":"Feature","properties":{"id":"dogal-51","kind":"district","btype":"dogal","name":"Arkhangelskoye Palace","lab":1},"geometry":{"type":"Polygon","coordinates":[[[37.29307,55.78412],[37.2911,55.78249],[37.28744,55.78283],[37.28685,55.78257],[37.2836,55.78206],[37.27867,55.78161],[37.27662,55.78158],[37.27526,55.78185],[37.27338,55.78177],[37.27116,55.78214],[37.27101,55.78298],[37.2732,55.78349],[37.27626,55.78288],[37.27772,55.78322],[37.2845,55.7934],[37.28542,55.79399],[37.28638,55.79428],[37.29233,55.79569],[37.28949,55.78942],[37.28915,55.78907],[37.29448,55.78757],[37.29181,55.7852],[37.2909,55.7847],[37.29307,55.78412]]]}},{"type":"Feature","properties":{"id":"dogal-lab-51","kind":"district-label","btype":"dogal","name":"Arkhangelskoye Palace"},"geometry":{"type":"Point","coordinates":[37.28647,55.78832]}},{"type":"Feature","properties":{"id":"dogal-52","kind":"district","btype":"dogal","name":"Суворовский парк","lab":1},"geometry":{"type":"Polygon","coordinates":[[[37.43925,55.73693],[37.43866,55.73743],[37.44048,55.73841],[37.44125,55.73843],[37.44188,55.73902],[37.43949,55.73971],[37.43725,55.74075],[37.43733,55.74117],[37.43689,55.74179],[37.43632,55.74215],[37.43564,55.74155],[37.43324,55.74265],[37.432,55.74456],[37.43025,55.74565],[37.43058,55.74627],[37.42754,55.74774],[37.42786,55.7481],[37.43102,55.74964],[37.43224,55.74966],[37.43547,55.74903],[37.43509,55.74779],[37.43545,55.74702],[37.44234,55.74307],[37.44514,55.74186],[37.44894,55.74075],[37.45207,55.7402],[37.45272,55.73723],[37.45411,55.73593],[37.44888,55.73501],[37.44728,55.73512],[37.44503,55.73493],[37.43925,55.73693]]]}},{"type":"Feature","properties":{"id":"dogal-lab-52","kind":"district-label","btype":"dogal","name":"Суворовский парк"},"geometry":{"type":"Point","coordinates":[37.43884,55.7424]}},{"type":"Feature","properties":{"id":"dogal-53","kind":"district","btype":"dogal","name":"Лесопарк \"Волкуша\"","lab":1},"geometry":{"type":"Polygon","coordinates":[[[37.90457,55.5971],[37.90827,55.59918],[37.90822,55.59975],[37.90917,55.60058],[37.91041,55.60077],[37.91182,55.60009],[37.9133,55.59825],[37.91335,55.59718],[37.9139,55.59567],[37.914,55.59515],[37.91385,55.595],[37.91406,55.59486],[37.91426,55.59285],[37.91374,55.59221],[37.91244,55.59141],[37.90846,55.58979],[37.90509,55.59018],[37.90476,55.59009],[37.90499,55.58968],[37.90346,55.58938],[37.90138,55.58958],[37.89992,55.58992],[37.90008,55.59019],[37.89793,55.59047],[37.89711,55.59019],[37.89477,55.58999],[37.89444,55.59044],[37.89274,55.59126],[37.8946,55.59283],[37.89664,55.59365],[37.89699,55.59399],[37.89699,55.59431],[37.8978,55.59431],[37.9007,55.59559],[37.90183,55.59512],[37.90457,55.5971]]]}},{"type":"Feature","properties":{"id":"dogal-lab-53","kind":"district-label","btype":"dogal","name":"Лесопарк \"Волкуша\""},"geometry":{"type":"Point","coordinates":[37.9067,55.59506]}},{"type":"Feature","properties":{"id":"dogal-54","kind":"district","btype":"dogal","name":"Юго-Западный лесопарк","lab":1},"geometry":{"type":"MultiPolygon","coordinates":[[[[37.50949,55.65763],[37.51229,55.65702],[37.51368,55.65699],[37.51379,55.65656],[37.51311,55.65603],[37.51227,55.65598],[37.51215,55.6552],[37.51365,55.65503],[37.51289,55.65446],[37.51288,55.65398],[37.51319,55.65383],[37.51276,55.65351],[37.51279,55.65329],[37.51202,55.65253],[37.51158,55.6524],[37.51164,55.65188],[37.51055,55.65097],[37.50987,55.65093],[37.50952,55.65048],[37.50913,55.65051],[37.50929,55.65043],[37.50904,55.65023],[37.50857,55.65043],[37.50879,55.65065],[37.50845,55.65081],[37.50966,55.65198],[37.50816,55.65247],[37.50871,55.65298],[37.50675,55.65377],[37.50391,55.65288],[37.50287,55.65286],[37.50267,55.65294],[37.50291,55.65333],[37.50251,55.65348],[37.50272,55.65373],[37.50158,55.65423],[37.5024,55.65486],[37.50072,55.65563],[37.50117,55.65599],[37.49997,55.65644],[37.50038,55.65677],[37.50034,55.65716],[37.4999,55.65741],[37.50262,55.65884],[37.50578,55.66098],[37.50721,55.66112],[37.50758,55.66057],[37.50764,55.65982],[37.50786,55.65948],[37.50884,55.65889],[37.5082,55.65832],[37.50949,55.65763]]],[[[37.5057,55.66163],[37.50473,55.6609],[37.50228,55.65929],[37.49962,55.65776],[37.4989,55.65862],[37.49814,55.65917],[37.49731,55.65966],[37.4964,55.65978],[37.49521,55.66049],[37.49343,55.66223],[37.4938,55.66269],[37.49576,55.66387],[37.50176,55.66505],[37.50161,55.66538],[37.50204,55.66548],[37.50512,55.66453],[37.50742,55.66318],[37.50654,55.66254],[37.50664,55.66238],[37.50589,55.662],[37.5057,55.66163]]]]}},{"type":"Feature","properties":{"id":"dogal-lab-54","kind":"district-label","btype":"dogal","name":"Юго-Западный лесопарк"},"geometry":{"type":"Point","coordinates":[37.50659,55.65581]}},{"type":"Feature","properties":{"id":"dogal-55","kind":"district","btype":"dogal","name":"Ostankino park","lab":1},"geometry":{"type":"Polygon","coordinates":[[[37.61555,55.82473],[37.61534,55.82444],[37.61481,55.82427],[37.61415,55.82437],[37.61379,55.8247],[37.61205,55.82469],[37.61189,55.82406],[37.60886,55.82406],[37.60884,55.82384],[37.60763,55.82383],[37.60768,55.82467],[37.60591,55.82478],[37.60588,55.82379],[37.60309,55.82384],[37.60274,55.82409],[37.60261,55.82483],[37.60242,55.82497],[37.60138,55.8299],[37.60119,55.83015],[37.60226,55.83051],[37.60476,55.83094],[37.60468,55.83128],[37.60527,55.83163],[37.60597,55.83168],[37.60606,55.83217],[37.60688,55.83247],[37.60742,55.8329],[37.60754,55.83334],[37.60896,55.8342],[37.61002,55.83357],[37.61027,55.83292],[37.6135,55.8309],[37.61835,55.83023],[37.61833,55.83002],[37.61949,55.82998],[37.61873,55.82866],[37.61858,55.82805],[37.61838,55.82806],[37.61775,55.8255],[37.61856,55.82535],[37.61841,55.82456],[37.61718,55.82463],[37.61737,55.82519],[37.61677,55.82526],[37.61647,55.82472],[37.61555,55.82473]]]}},{"type":"Feature","properties":{"id":"dogal-lab-55","kind":"district-label","btype":"dogal","name":"Ostankino park"},"geometry":{"type":"Point","coordinates":[37.6103,55.82928]}},{"type":"Feature","properties":{"id":"dogal-56","kind":"district","btype":"dogal","name":"Вишняковский лесопарк","lab":1},"geometry":{"type":"MultiPolygon","coordinates":[[[[37.93278,55.78983],[37.93631,55.78868],[37.93999,55.78715],[37.94055,55.78671],[37.94304,55.77929],[37.94196,55.77854],[37.9415,55.77854],[37.93774,55.78],[37.93743,55.78033],[37.93702,55.78182],[37.93552,55.78343],[37.93549,55.78574],[37.93176,55.78527],[37.93178,55.78967],[37.93278,55.78983]]],[[[37.93129,55.78831],[37.93124,55.7853],[37.9252,55.78596],[37.92423,55.7852],[37.92392,55.78462],[37.92521,55.78388],[37.92577,55.78334],[37.92654,55.78306],[37.92662,55.78259],[37.92854,55.78196],[37.92917,55.78158],[37.92942,55.78166],[37.92969,55.78127],[37.93151,55.781],[37.93143,55.77995],[37.9304,55.78013],[37.92962,55.7806],[37.92932,55.78052],[37.92631,55.78161],[37.92484,55.78239],[37.92353,55.78395],[37.9226,55.78458],[37.92026,55.78506],[37.9158,55.78659],[37.91542,55.7871],[37.91482,55.78738],[37.9149,55.78751],[37.91921,55.7871],[37.92039,55.78824],[37.92067,55.78883],[37.92297,55.7887],[37.92374,55.79019],[37.92392,55.79016],[37.92454,55.78865],[37.93129,55.78831]]]]}},{"type":"Feature","properties":{"id":"dogal-lab-56","kind":"district-label","btype":"dogal","name":"Вишняковский лесопарк"},"geometry":{"type":"Point","coordinates":[37.93843,55.78435]}},{"type":"Feature","properties":{"id":"dogal-57","kind":"district","btype":"dogal","name":"North Tushino","lab":1},"geometry":{"type":"Polygon","coordinates":[[[37.44047,55.87524],[37.44186,55.87405],[37.44339,55.8737],[37.44386,55.87321],[37.44411,55.87328],[37.44531,55.87278],[37.44556,55.87245],[37.4452,55.87216],[37.44627,55.87212],[37.44777,55.8713],[37.44787,55.87109],[37.44769,55.87062],[37.448,55.87075],[37.44796,55.87063],[37.44845,55.87061],[37.45011,55.86987],[37.45084,55.86878],[37.45133,55.86871],[37.45266,55.86899],[37.45301,55.86878],[37.45299,55.86817],[37.45243,55.86747],[37.45264,55.86689],[37.45242,55.86638],[37.45281,55.86605],[37.45242,55.86564],[37.45242,55.86444],[37.45198,55.86439],[37.45247,55.86357],[37.45319,55.86301],[37.45307,55.8615],[37.45279,55.86144],[37.45291,55.86121],[37.45313,55.86124],[37.45342,55.86056],[37.45471,55.8597],[37.45552,55.8573],[37.45588,55.85443],[37.45572,55.85375],[37.45599,55.85236],[37.45586,55.85195],[37.45308,55.85117],[37.44844,55.86462],[37.44795,55.86479],[37.44725,55.86698],[37.44674,55.86785],[37.4445,55.86956],[37.44372,55.86995],[37.44402,55.87013],[37.44488,55.86948],[37.44557,55.86992],[37.44392,55.87127],[37.44312,55.87094],[37.44395,55.87023],[37.4436,55.87005],[37.44109,55.8716],[37.44116,55.87195],[37.44158,55.87217],[37.44095,55.87257],[37.44054,55.87238],[37.43992,55.87273],[37.43945,55.8726],[37.43734,55.87396],[37.43605,55.87446],[37.43341,55.87509],[37.43291,55.87537],[37.43304,55.87548],[37.43248,55.87565],[37.43321,55.87578],[37.43363,55.87606],[37.43417,55.87599],[37.43297,55.87714],[37.43353,55.87785],[37.43385,55.87797],[37.43425,55.87794],[37.43359,55.87781],[37.43353,55.87769],[37.43383,55.87772],[37.4334,55.87765],[37.43307,55.87714],[37.43464,55.87669],[37.43423,55.87709],[37.43467,55.87677],[37.43559,55.87698],[37.43574,55.87684],[37.43537,55.87648],[37.4353,55.87598],[37.43616,55.87533],[37.43629,55.87538],[37.436,55.87553],[37.43651,55.87594],[37.43666,55.87581],[37.4365,55.87559],[37.43681,55.87547],[37.43881,55.87626],[37.43887,55.87607],[37.43826,55.87573],[37.43936,55.87587],[37.44023,55.87547],[37.43998,55.87515],[37.44047,55.87524]]]}},{"type":"Feature","properties":{"id":"dogal-lab-57","kind":"district-label","btype":"dogal","name":"North Tushino"},"geometry":{"type":"Point","coordinates":[37.45045,55.86453]}},{"type":"Feature","properties":{"id":"dogal-58","kind":"district","btype":"dogal","name":"Горенский лесопарк","lab":1},"geometry":{"type":"Polygon","coordinates":[[[37.90053,55.79137],[37.90653,55.79317],[37.92103,55.7932],[37.92089,55.79172],[37.92104,55.7885],[37.91903,55.78446],[37.91264,55.78607],[37.91273,55.78641],[37.91164,55.78767],[37.91178,55.78789],[37.90941,55.78855],[37.9066,55.78966],[37.90196,55.79041],[37.90053,55.79137]]]}},{"type":"Feature","properties":{"id":"dogal-lab-58","kind":"district-label","btype":"dogal","name":"Горенский лесопарк"},"geometry":{"type":"Point","coordinates":[37.91451,55.7891]}},{"type":"Feature","properties":{"id":"dogal-59","kind":"district","btype":"dogal","name":"Сходненская чаша","lab":1},"geometry":{"type":"Polygon","coordinates":[[[37.40398,55.84651],[37.40432,55.8469],[37.40565,55.84763],[37.40748,55.84819],[37.41055,55.84827],[37.41212,55.849],[37.41282,55.84898],[37.41511,55.84825],[37.41609,55.84731],[37.41694,55.84613],[37.41907,55.84465],[37.41996,55.84335],[37.41987,55.8421],[37.41934,55.84148],[37.41806,55.84084],[37.41536,55.84102],[37.41437,55.84041],[37.41399,55.84054],[37.41425,55.84094],[37.41374,55.84098],[37.41332,55.84075],[37.41219,55.84101],[37.41172,55.84149],[37.41041,55.84152],[37.40998,55.84119],[37.41025,55.84063],[37.40802,55.83985],[37.40373,55.84274],[37.40363,55.84322],[37.40409,55.84559],[37.40398,55.84651]]]}},{"type":"Feature","properties":{"id":"dogal-lab-59","kind":"district-label","btype":"dogal","name":"Сходненская чаша"},"geometry":{"type":"Point","coordinates":[37.41165,55.844]}}]}