{"type":"FeatureCollection","features":[{"type":"Feature","properties":{"id":"line-m1","kind":"line","lineRef":"metro","ref":"M1","color":"#E42313"},"geometry":{"type":"MultiLineString","coordinates":[[[37.49261,55.5527],[37.4882,55.55259],[37.48546,55.5528],[37.48174,55.55333],[37.47913,55.55396],[37.47589,55.55512],[37.47474,55.55568],[37.4643,55.56351],[37.46129,55.56642],[37.45685,55.57194],[37.45511,55.57334],[37.45145,55.57531],[37.45003,55.57627],[37.44886,55.57735],[37.44657,55.58019],[37.44531,55.5814],[37.44362,55.58246],[37.44228,55.58306],[37.42879,55.58817],[37.42783,55.58861],[37.42375,55.59083],[37.42101,55.5926],[37.41622,55.59624],[37.40504,55.60309],[37.40426,55.60398],[37.40398,55.60471],[37.40397,55.60544],[37.40438,55.60641],[37.40638,55.60904],[37.40891,55.61201],[37.41084,55.61479],[37.41156,55.61557],[37.41253,55.61625],[37.41543,55.61775],[37.41653,55.61811],[37.41996,55.61886],[37.42104,55.6193],[37.42165,55.61969],[37.42286,55.62081],[37.42709,55.62406],[37.42778,55.62501],[37.42864,55.62718],[37.42933,55.62816],[37.43041,55.6291],[37.43281,55.63068],[37.4347,55.63152],[37.43763,55.63239],[37.44629,55.63342],[37.44726,55.63361],[37.44899,55.63415],[37.45044,55.63484],[37.45391,55.63691],[37.45896,55.63939],[37.47678,55.64777],[37.47837,55.64874],[37.47914,55.64945],[37.47965,55.65013],[37.48014,55.65131],[37.48043,55.65443],[37.48043,55.65806],[37.48062,55.65883],[37.48159,55.66092],[37.48454,55.66556],[37.4853,55.66638],[37.48591,55.66684],[37.48737,55.66759],[37.49104,55.66893],[37.49231,55.66948],[37.53473,55.69331],[37.53586,55.69384],[37.54068,55.69563],[37.54237,55.69661],[37.55199,55.70477],[37.56222,55.71233],[37.56301,55.71316],[37.56323,55.71368],[37.56326,55.71421],[37.56311,55.71474],[37.56278,55.71524],[37.56197,55.7159],[37.55877,55.71749],[37.558,55.71816],[37.55775,55.71853],[37.55756,55.71931],[37.55762,55.71971],[37.55805,55.72046],[37.5584,55.72081],[37.55936,55.72139],[37.56101,55.72206],[37.56581,55.72386],[37.56781,55.72451],[37.58146,55.72741],[37.58305,55.72783],[37.58462,55.72841],[37.59168,55.73153],[37.59221,55.73193],[37.5927,55.73254],[37.59483,55.73629],[37.59512,55.73727],[37.59572,55.73869],[37.59648,55.73976],[37.59695,55.74017],[37.59928,55.74166],[37.6023,55.7443],[37.60743,55.74779],[37.6093,55.74973],[37.61238,55.75458],[37.61409,55.7562],[37.615,55.75684],[37.61802,55.75839],[37.61907,55.75874],[37.62009,55.75892],[37.62974,55.75999],[37.63073,55.7602],[37.63161,55.76054],[37.63476,55.76246],[37.63695,55.76458],[37.64032,55.7664],[37.64198,55.76699],[37.64737,55.76823],[37.65067,55.7696],[37.65156,55.77033],[37.65237,55.77206],[37.65398,55.77405],[37.6543,55.77432],[37.66309,55.77829],[37.6665,55.77971],[37.66938,55.78116],[37.67298,55.78331],[37.67821,55.78742],[37.68157,55.78955],[37.68269,55.79007],[37.68701,55.79164],[37.6927,55.79357],[37.69721,55.79573],[37.69859,55.79609],[37.70266,55.79673],[37.70459,55.79685],[37.70659,55.79662],[37.70859,55.79607],[37.70986,55.79584],[37.71119,55.79576],[37.71252,55.79583],[37.72255,55.79758],[37.7271,55.79826],[37.73374,55.79968],[37.73847,55.80003],[37.74311,55.80104],[37.74391,55.80131],[37.74454,55.80169],[37.74495,55.80216],[37.7451,55.80268],[37.74533,55.81],[37.74526,55.81049],[37.74494,55.81111],[37.74398,55.81192],[37.74308,55.81233],[37.73439,55.81473]],[[37.73429,55.81463],[37.743,55.81222],[37.7439,55.81181],[37.74486,55.81101],[37.74506,55.8107],[37.74524,55.81006],[37.74516,55.80705],[37.74498,55.80561],[37.74486,55.80243],[37.74434,55.8017],[37.74333,55.80117],[37.73877,55.80014],[37.73372,55.79972],[37.72707,55.7983],[37.71234,55.79592],[37.71101,55.79585],[37.70968,55.79593],[37.70594,55.79676],[37.7039,55.79687],[37.70265,55.79677],[37.69939,55.79626],[37.69717,55.79576],[37.6931,55.79384],[37.6869,55.79174],[37.6818,55.78985],[37.67903,55.78812],[37.67294,55.78333],[37.67018,55.78168],[37.66608,55.77963],[37.65919,55.77668],[37.65439,55.77451],[37.65409,55.77426],[37.65252,55.77237],[37.65163,55.77064],[37.65075,55.76992],[37.64702,55.76837],[37.64167,55.76712],[37.64002,55.76653],[37.63687,55.76482],[37.63453,55.76255],[37.63148,55.76071],[37.6298,55.76023],[37.61849,55.75881],[37.61767,55.75851],[37.61493,55.7571],[37.61437,55.75672],[37.61218,55.75463],[37.60891,55.7494],[37.60738,55.7478],[37.60459,55.7461],[37.6021,55.74438],[37.60111,55.74334],[37.59924,55.74168],[37.59691,55.74018],[37.59643,55.73977],[37.59565,55.73868],[37.59471,55.73647],[37.5925,55.73257],[37.59217,55.73213],[37.59152,55.73161],[37.58501,55.72872],[37.58343,55.72814],[37.58183,55.72772],[37.56976,55.72522],[37.56763,55.72471],[37.56563,55.72406],[37.55974,55.72181],[37.55816,55.72113],[37.55724,55.72054],[37.5569,55.72019],[37.55651,55.71943],[37.55647,55.71903],[37.5567,55.71825],[37.55732,55.71754],[37.55828,55.71696],[37.56103,55.71609],[37.56201,55.7155],[37.56246,55.71505],[37.56282,55.7143],[37.56283,55.71378],[37.56252,55.71305],[37.56204,55.71254],[37.55604,55.70808],[37.55159,55.70491],[37.54192,55.6967],[37.54023,55.69572],[37.53563,55.69401],[37.5345,55.69349],[37.5266,55.68913],[37.52132,55.68592],[37.49226,55.66951],[37.491,55.66897],[37.48732,55.66764],[37.48577,55.66687],[37.48516,55.66643],[37.48434,55.66559],[37.48206,55.66201],[37.48045,55.65863],[37.48024,55.65782],[37.48022,55.65442],[37.47993,55.65134],[37.47965,55.65057],[37.4792,55.64985],[37.47858,55.64917],[37.47768,55.64847],[37.47656,55.64784],[37.45881,55.6395],[37.45496,55.6378],[37.45039,55.635],[37.44888,55.63428],[37.448,55.63397],[37.4461,55.63353],[37.43755,55.63254],[37.43458,55.63164],[37.43268,55.6308],[37.43021,55.62917],[37.42943,55.62855],[37.42859,55.62754],[37.42755,55.62504],[37.42687,55.62412],[37.42266,55.62089],[37.42077,55.61984],[37.4179,55.61904],[37.41683,55.61864],[37.41249,55.61627],[37.41151,55.61559],[37.41078,55.61481],[37.40885,55.61202],[37.40632,55.60905],[37.40424,55.60633],[37.40383,55.60535],[37.40382,55.6047],[37.40413,55.60389],[37.40488,55.60302],[37.40545,55.60261],[37.41455,55.59727],[37.4179,55.59496],[37.42096,55.59258],[37.4237,55.5908],[37.42874,55.58814],[37.44224,55.58303],[37.44358,55.58243],[37.44525,55.58138],[37.44652,55.58017],[37.44881,55.57733],[37.44998,55.57625],[37.4514,55.57528],[37.45506,55.57332],[37.45646,55.57223],[37.45725,55.57136],[37.45801,55.57015],[37.46058,55.56703],[37.46523,55.56255],[37.47421,55.55586],[37.47567,55.55516],[37.47868,55.55407],[37.47995,55.55368],[37.48173,55.55329],[37.48545,55.55277],[37.48854,55.55251],[37.48995,55.55247],[37.49263,55.55258]],[[37.40625,55.60217],[37.40854,55.60081],[37.40864,55.60087],[37.40636,55.60222],[37.40625,55.60217]],[[37.43229,55.58676],[37.43529,55.58563],[37.43536,55.5857],[37.43237,55.58682],[37.43229,55.58676]],[[37.44028,55.63287],[37.44031,55.63276],[37.44289,55.63304],[37.44286,55.63315],[37.44028,55.63287]],[[37.45883,55.56918],[37.45975,55.56803],[37.45989,55.56807],[37.45897,55.56921],[37.45883,55.56918]],[[37.46872,55.55993],[37.46862,55.56004],[37.46889,55.56001],[37.46733,55.56117],[37.46716,55.5611],[37.46872,55.55993]],[[37.47161,55.64536],[37.47149,55.64544],[37.47343,55.64636],[37.47355,55.64627],[37.47161,55.64536]],[[37.4939,55.55274],[37.49133,55.55263],[37.49134,55.55254],[37.49392,55.55265],[37.49353,55.5527],[37.4939,55.55274]],[[37.55835,55.70949],[37.56085,55.71135],[37.56064,55.71144],[37.55814,55.70958],[37.55835,55.70949]],[[37.59396,55.7348],[37.59381,55.73483],[37.59459,55.73621],[37.59474,55.73619],[37.59396,55.7348]],[[37.6031,55.74486],[37.60292,55.74495],[37.6045,55.74601],[37.60468,55.74593],[37.6031,55.74486]],[[37.66661,55.77988],[37.66676,55.77988],[37.6667,55.77983],[37.66872,55.78084],[37.66863,55.78089],[37.66661,55.77988]],[[37.71649,55.79662],[37.71654,55.79654],[37.71419,55.79612],[37.71415,55.79621],[37.71649,55.79662]],[[37.73319,55.81495],[37.73326,55.81503],[37.73549,55.81441],[37.73542,55.81434],[37.73319,55.81495]],[[37.74497,55.80458],[37.74513,55.80458],[37.74509,55.80316],[37.74493,55.80316],[37.74497,55.80458]]]}},{"type":"Feature","properties":{"id":"line-m2","kind":"line","lineRef":"metro","ref":"M2","color":"#4FB04F"},"geometry":{"type":"MultiLineString","coordinates":[[[37.47881,55.88208],[37.4795,55.88052],[37.48173,55.87616],[37.48293,55.87147],[37.483,55.87068],[37.48293,55.87028],[37.48257,55.86946],[37.48231,55.86915],[37.48114,55.86816],[37.47332,55.86428],[37.47255,55.86377],[37.47201,55.86318],[37.47172,55.86253],[37.47171,55.86186],[37.4718,55.86153],[37.48224,55.84579],[37.48758,55.83875],[37.48872,55.83711],[37.49354,55.83104],[37.49389,55.83045],[37.49409,55.82982],[37.49409,55.82924],[37.49397,55.82877],[37.49329,55.82724],[37.49319,55.82655],[37.49335,55.82568],[37.49359,55.82519],[37.49624,55.82156],[37.49713,55.81994],[37.49995,55.81657],[37.50161,55.81491],[37.50275,55.81324],[37.5056,55.80974],[37.50639,55.80851],[37.5068,55.80807],[37.50797,55.80722],[37.5094,55.80665],[37.5313,55.80111],[37.54703,55.79434],[37.55205,55.79233],[37.56229,55.78772],[37.56806,55.78415],[37.57686,55.77998],[37.58514,55.77575],[37.59138,55.77209],[37.60027,55.76725],[37.60228,55.76635],[37.6134,55.76196],[37.61504,55.76112],[37.61569,55.76062],[37.623,55.75362],[37.6237,55.75274],[37.62892,55.74366],[37.62905,55.74325],[37.62913,55.74243],[37.62881,55.73838],[37.62887,55.73793],[37.62919,55.73703],[37.62978,55.73618],[37.63086,55.73521],[37.6463,55.72443],[37.6474,55.72353],[37.64805,55.72283],[37.65694,55.71157],[37.65745,55.71064],[37.65771,55.70939],[37.65756,55.70417],[37.65733,55.70188],[37.65751,55.70097],[37.65792,55.70029],[37.65856,55.69972],[37.66168,55.69797],[37.66259,55.69733],[37.66367,55.69617],[37.66418,55.69509],[37.66512,55.68876],[37.66512,55.68808],[37.6635,55.67612],[37.66169,55.67045],[37.66028,55.66779],[37.65213,55.65755],[37.65147,55.65699],[37.64431,55.65202],[37.64349,55.65133],[37.64316,55.65093],[37.6427,55.65009],[37.64255,55.64921],[37.64259,55.64877],[37.6429,55.64791],[37.64647,55.64169],[37.64688,55.64127],[37.64804,55.64054],[37.6525,55.63904],[37.65335,55.63863],[37.65464,55.6377],[37.6638,55.6276],[37.66612,55.62465],[37.67062,55.61994],[37.67146,55.61937],[37.67249,55.61891],[37.67366,55.61859],[37.67493,55.6184],[37.67623,55.61836],[37.68442,55.61865],[37.68572,55.61854],[37.68751,55.6181],[37.68899,55.61737],[37.69149,55.6155],[37.69922,55.6101],[37.70096,55.60934],[37.70229,55.609],[37.70372,55.6088],[37.70518,55.60875],[37.70699,55.60891],[37.73042,55.61267],[37.73308,55.613],[37.73575,55.61322],[37.75107,55.61396],[37.75369,55.61423],[37.75569,55.61471],[37.75901,55.61584],[37.76383,55.6185],[37.76449,55.61895],[37.7654,55.61981],[37.76796,55.62315],[37.76824,55.6238],[37.76838,55.6248],[37.76823,55.6292],[37.76805,55.63011],[37.76786,55.63056],[37.76728,55.63142],[37.76436,55.6347]],[[37.76435,55.63445],[37.76707,55.63139],[37.7674,55.63096],[37.76785,55.63008],[37.76803,55.62917],[37.76818,55.62483],[37.76803,55.62383],[37.76776,55.62318],[37.76521,55.61986],[37.76431,55.61902],[37.76369,55.61858],[37.75913,55.61608],[37.75521,55.61475],[37.75282,55.61422],[37.73572,55.61333],[37.73304,55.61312],[37.73037,55.61279],[37.70707,55.60904],[37.70526,55.60888],[37.70379,55.60893],[37.70169,55.60929],[37.70041,55.6097],[37.69929,55.61023],[37.68892,55.61748],[37.68745,55.61821],[37.68565,55.61865],[37.68436,55.61877],[37.67635,55.61848],[37.67505,55.61852],[37.67378,55.61871],[37.67261,55.61904],[37.67158,55.61949],[37.67074,55.62006],[37.6663,55.6247],[37.66398,55.62764],[37.65482,55.63775],[37.65347,55.63869],[37.65256,55.6391],[37.64811,55.64058],[37.64752,55.64091],[37.64656,55.64171],[37.64299,55.6479],[37.64268,55.64877],[37.64268,55.64965],[37.64279,55.65008],[37.64298,55.65051],[37.64357,55.65133],[37.6444,55.65202],[37.65153,55.65697],[37.65222,55.65754],[37.66085,55.66806],[37.66124,55.66882],[37.6638,55.67676],[37.66419,55.67966],[37.66434,55.68219],[37.66518,55.68808],[37.665,55.6901],[37.66425,55.69509],[37.66397,55.69579],[37.66357,55.69642],[37.66264,55.69737],[37.66172,55.69799],[37.65863,55.69976],[37.65808,55.70034],[37.65772,55.701],[37.65757,55.70188],[37.65779,55.70417],[37.65794,55.70974],[37.65771,55.71086],[37.65719,55.71182],[37.64861,55.72268],[37.64796,55.72339],[37.64689,55.72426],[37.63195,55.73481],[37.63046,55.73616],[37.62978,55.73715],[37.62953,55.73766],[37.62925,55.73871],[37.62922,55.73951],[37.62946,55.74259],[37.62946,55.743],[37.62925,55.74382],[37.62408,55.75282],[37.62335,55.75374],[37.61599,55.76078],[37.61534,55.76128],[37.6137,55.76212],[37.60184,55.7668],[37.59983,55.76771],[37.59377,55.77099],[37.58547,55.77589],[37.57713,55.78015],[37.56834,55.78431],[37.56259,55.78787],[37.55251,55.79242],[37.54693,55.79444],[37.53139,55.80118],[37.51369,55.80567],[37.50843,55.80734],[37.50761,55.80772],[37.50701,55.80814],[37.50663,55.80857],[37.50583,55.8098],[37.50298,55.8133],[37.50184,55.81496],[37.50018,55.81663],[37.49737,55.81999],[37.49648,55.82162],[37.49372,55.82537],[37.49342,55.82597],[37.49329,55.82655],[37.49338,55.82723],[37.49406,55.82875],[37.49418,55.82923],[37.49419,55.82982],[37.49398,55.83047],[37.49363,55.83107],[37.4888,55.83713],[37.4878,55.8388],[37.48232,55.84581],[37.47735,55.85327],[37.47689,55.85416],[37.47197,55.86161],[37.47187,55.86226],[37.47204,55.8629],[37.47279,55.86378],[37.47358,55.86425],[37.48136,55.86811],[37.48254,55.8691],[37.48281,55.86947],[37.48315,55.87024],[37.48322,55.87063],[37.48315,55.87142],[37.48185,55.87643],[37.4797,55.88055],[37.47901,55.88211]],[[37.64785,55.65449],[37.64951,55.65565]],[[37.6496,55.65561],[37.64794,55.65445]],[[37.47581,55.86548],[37.47592,55.86541],[37.47398,55.86446],[37.47388,55.86453],[37.47581,55.86548]],[[37.48131,55.87746],[37.48056,55.87886],[37.48041,55.87884],[37.48115,55.87743],[37.48131,55.87746]],[[37.48641,55.84055],[37.48746,55.8392],[37.48731,55.83916],[37.48626,55.84052],[37.48641,55.84055]],[[37.49753,55.81974],[37.49866,55.81839],[37.4985,55.81835],[37.49737,55.8197],[37.49753,55.81974]],[[37.51389,55.8056],[37.51629,55.80499],[37.51624,55.80493],[37.51383,55.80554],[37.51389,55.8056]],[[37.53219,55.80085],[37.53415,55.8],[37.53409,55.79995],[37.53212,55.8008],[37.53219,55.80085]],[[37.59608,55.76969],[37.59597,55.76963],[37.5958,55.7697],[37.59398,55.77071],[37.59409,55.77078],[37.59425,55.77071],[37.59608,55.76969]],[[37.62913,55.74221],[37.6292,55.7422],[37.62917,55.74183],[37.6293,55.74182],[37.62933,55.7422],[37.62941,55.7422],[37.62929,55.74079],[37.6292,55.74079],[37.62921,55.74091],[37.62901,55.7408],[37.62913,55.74221]],[[37.63695,55.73102],[37.63713,55.7311],[37.63867,55.73001],[37.6385,55.72993],[37.63695,55.73102]],[[37.65602,55.6364],[37.65719,55.63511],[37.65705,55.63507],[37.65588,55.63636],[37.65602,55.6364]],[[37.65783,55.70662],[37.65766,55.70662],[37.6577,55.70807],[37.65787,55.70807],[37.65783,55.70662]],[[37.66394,55.6792],[37.6641,55.6792],[37.66391,55.67777],[37.66375,55.67777],[37.66394,55.6792]],[[37.66449,55.69289],[37.66438,55.69289],[37.66413,55.69459],[37.66423,55.69459],[37.66449,55.69289]],[[37.66461,55.6929],[37.66471,55.6929],[37.66446,55.69459],[37.66435,55.69459],[37.66461,55.6929]],[[37.66857,55.62209],[37.66977,55.62083],[37.66991,55.62087],[37.66871,55.62213],[37.66857,55.62209]],[[37.69422,55.61374],[37.69585,55.6126],[37.69572,55.61254],[37.6941,55.61368],[37.69422,55.61374]],[[37.71748,55.6107],[37.71753,55.61061],[37.72,55.61101],[37.71995,55.6111],[37.71748,55.6107]],[[37.74565,55.6138],[37.74566,55.61371],[37.74321,55.61359],[37.7432,55.61368],[37.74565,55.6138]],[[37.76528,55.63343],[37.76542,55.63347],[37.76659,55.63217],[37.76644,55.63212],[37.76528,55.63343]]]}},{"type":"Feature","properties":{"id":"line-m3","kind":"line","lineRef":"metro","ref":"M3","color":"#0072BA"},"geometry":{"type":"MultiLineString","coordinates":[[[37.35553,55.85758],[37.35446,55.85658],[37.35358,55.85543],[37.35307,55.85426],[37.35292,55.85327],[37.3531,55.85192],[37.35352,55.85096],[37.35405,55.85017],[37.35499,55.8492],[37.35637,55.84821],[37.358,55.84739],[37.3655,55.84436],[37.37641,55.83975],[37.37767,55.83912],[37.37892,55.83832],[37.37995,55.83749],[37.38359,55.83418],[37.3843,55.83328],[37.38459,55.83269],[37.38478,55.83192],[37.38526,55.8263],[37.38517,55.82313],[37.38524,55.82135],[37.38509,55.81872],[37.38445,55.81321],[37.38444,55.81211],[37.38463,55.81126],[37.38503,55.81037],[37.38596,55.80915],[37.38671,55.80848],[37.38769,55.80778],[37.38897,55.80709],[37.39042,55.80651],[37.39227,55.80598],[37.4101,55.80208],[37.41111,55.80168],[37.41194,55.80117],[37.41277,55.80025],[37.41294,55.7998],[37.41297,55.79927],[37.41277,55.79868],[37.41231,55.79792],[37.41183,55.79734],[37.41049,55.7961],[37.40959,55.79542],[37.40874,55.79493],[37.40744,55.79438],[37.40292,55.79326],[37.40197,55.79289],[37.4009,55.79212],[37.39892,55.79002],[37.39771,55.78932],[37.39669,55.78901],[37.39343,55.78838],[37.39203,55.78781],[37.39134,55.78729],[37.39089,55.78669],[37.39071,55.78605],[37.39081,55.7854],[37.39119,55.78479],[37.39657,55.77875],[37.39791,55.77744],[37.39948,55.77622],[37.40128,55.7751],[37.40609,55.77271],[37.40691,55.77185],[37.40713,55.77122],[37.40713,55.77089],[37.40694,55.77025],[37.40644,55.76924],[37.40635,55.76849],[37.40851,55.75335],[37.40984,55.74986],[37.41102,55.74467],[37.41115,55.74431],[37.4116,55.74362],[37.4123,55.74299],[37.41321,55.74246],[37.41993,55.73926],[37.42144,55.73844],[37.42275,55.73751],[37.42767,55.73355],[37.42892,55.73284],[37.43532,55.73041],[37.43619,55.73016],[37.43778,55.72991],[37.43992,55.72994],[37.44865,55.73101],[37.45001,55.73105],[37.45168,55.73081],[37.45925,55.72903],[37.46072,55.72878],[37.46315,55.72861],[37.46579,55.72876],[37.49266,55.73312],[37.49419,55.73356],[37.49557,55.73424],[37.4983,55.73654],[37.49921,55.73705],[37.50024,55.73747],[37.50159,55.73788],[37.50426,55.7383],[37.50655,55.7383],[37.50846,55.73809],[37.52339,55.73523],[37.52598,55.73501],[37.5286,55.73519],[37.55729,55.74184],[37.56791,55.7449],[37.58446,55.74775],[37.58591,55.74816],[37.59251,55.75055],[37.59398,55.75093],[37.59555,55.75117],[37.60313,55.7519],[37.60876,55.75204],[37.61072,55.75226],[37.61191,55.75259],[37.61341,55.75334],[37.61415,55.75396],[37.61542,55.7553],[37.61617,55.75579],[37.61711,55.75617],[37.61818,55.75641],[37.61934,55.7565],[37.6421,55.75681],[37.65394,55.75688],[37.65524,55.75698],[37.65648,55.75723],[37.66022,55.75851],[37.66126,55.75907],[37.66222,55.75995],[37.66399,55.76247],[37.66534,55.76387],[37.67379,55.76969],[37.67558,55.77072],[37.67756,55.77164],[37.69776,55.78007],[37.69987,55.78069],[37.70559,55.782],[37.70802,55.78234],[37.72588,55.78349],[37.72796,55.7837],[37.72997,55.78406],[37.74688,55.78802],[37.74876,55.78829],[37.75298,55.78848],[37.75454,55.78866],[37.76244,55.78898],[37.76376,55.78887],[37.76659,55.78827],[37.76938,55.78822],[37.77181,55.78775],[37.77326,55.78762],[37.78339,55.78771],[37.78578,55.78786],[37.79646,55.78802],[37.7977,55.78817],[37.7985,55.78844],[37.79912,55.78884],[37.79952,55.78932],[37.79964,55.78984],[37.79946,55.79559],[37.79932,55.79681],[37.79864,55.81005]],[[37.79843,55.81005],[37.79899,55.79925],[37.79919,55.79789],[37.79956,55.78986],[37.79944,55.78936],[37.79905,55.78888],[37.79843,55.78848],[37.79763,55.78821],[37.7964,55.78806],[37.77326,55.78765],[37.77182,55.78778],[37.76939,55.78825],[37.7666,55.7883],[37.76378,55.7889],[37.76244,55.78903],[37.74864,55.78851],[37.74685,55.78826],[37.72987,55.78429],[37.72786,55.78392],[37.72578,55.78371],[37.70787,55.78256],[37.70549,55.78223],[37.69975,55.78091],[37.69757,55.78027],[37.67727,55.77181],[37.6753,55.77089],[37.6735,55.76985],[37.66499,55.76398],[37.66403,55.76307],[37.66162,55.7597],[37.66106,55.75921],[37.66008,55.75873],[37.65636,55.75746],[37.65512,55.75721],[37.65382,55.7571],[37.64211,55.75704],[37.61907,55.75673],[37.61793,55.75664],[37.61686,55.7564],[37.61592,55.75602],[37.61517,55.75552],[37.61386,55.75414],[37.61312,55.75351],[37.61162,55.75277],[37.61042,55.75244],[37.60846,55.75222],[37.60267,55.75208],[37.5954,55.75138],[37.59384,55.75114],[37.59237,55.75076],[37.58575,55.74836],[37.5843,55.74795],[37.56777,55.7451],[37.55657,55.74186],[37.52855,55.73536],[37.52596,55.73519],[37.52351,55.73541],[37.50839,55.73831],[37.50653,55.73852],[37.50416,55.7385],[37.50139,55.73806],[37.50007,55.73767],[37.499,55.73723],[37.49795,55.73665],[37.49522,55.73434],[37.49402,55.73373],[37.49254,55.73328],[37.46689,55.72903],[37.46398,55.72877],[37.46233,55.72879],[37.46078,55.72894],[37.45941,55.72917],[37.45178,55.73091],[37.45001,55.73114],[37.44863,55.73106],[37.43991,55.72997],[37.43779,55.72994],[37.43621,55.73019],[37.43534,55.73044],[37.42898,55.73289],[37.42798,55.73351],[37.4229,55.73759],[37.42159,55.73852],[37.42008,55.73934],[37.41412,55.7422],[37.41282,55.74298],[37.41168,55.74404],[37.41115,55.74503],[37.41005,55.74987],[37.40872,55.75336],[37.40656,55.76848],[37.40665,55.76923],[37.40746,55.77096],[37.40745,55.77161],[37.40734,55.77193],[37.40691,55.77253],[37.40625,55.77306],[37.40171,55.7753],[37.39992,55.77642],[37.39834,55.77763],[37.397,55.77894],[37.3918,55.78478],[37.39143,55.78539],[37.39133,55.78604],[37.39151,55.78668],[37.39195,55.78728],[37.39264,55.7878],[37.39404,55.78838],[37.39683,55.78891],[37.39785,55.78922],[37.39905,55.78991],[37.40105,55.79203],[37.40212,55.7928],[37.40307,55.79317],[37.40758,55.79429],[37.40881,55.79481],[37.40972,55.79532],[37.41064,55.79602],[37.41298,55.79828],[37.41317,55.79861],[37.41334,55.79929],[37.41324,55.79998],[37.41309,55.80032],[37.4126,55.80095],[37.41188,55.80151],[37.41043,55.80215],[37.39125,55.8064],[37.38979,55.80693],[37.38848,55.80756],[37.38738,55.80824],[37.38621,55.80924],[37.38557,55.81],[37.38504,55.81089],[37.38474,55.81175],[37.38463,55.81252],[37.38526,55.81825],[37.38544,55.82135],[37.38532,55.82392],[37.38539,55.82629],[37.38488,55.83218],[37.38461,55.83301],[37.38431,55.83356],[37.38371,55.8343],[37.38011,55.83757],[37.37909,55.83839],[37.37781,55.8392],[37.37653,55.83983],[37.36563,55.84445],[37.35811,55.84749],[37.35647,55.84832],[37.35514,55.84928],[37.35423,55.85023],[37.35348,55.85145],[37.35319,55.85241],[37.35314,55.85356],[37.35336,55.85451],[37.35398,55.85572],[37.35464,55.85652],[37.35571,55.85752]],[[37.44735,55.73089],[37.44473,55.73054]],[[37.35375,55.8554],[37.35426,55.85612],[37.35487,55.85677],[37.35473,55.85682],[37.35412,55.85616],[37.3536,55.85542],[37.35375,55.8554]],[[37.36121,55.84622],[37.36333,55.84536],[37.36324,55.84529],[37.36111,55.84615],[37.36121,55.84622]],[[37.38291,55.83491],[37.38298,55.83493],[37.38165,55.83615],[37.38151,55.8361],[37.38285,55.83488],[37.38291,55.83491]],[[37.38519,55.82447],[37.38508,55.82448],[37.38512,55.82593],[37.38522,55.82593],[37.38519,55.82447]],[[37.38547,55.82447],[37.38536,55.82447],[37.3854,55.82593],[37.38551,55.82593],[37.38547,55.82447]],[[37.40429,55.80344],[37.40185,55.80391],[37.40192,55.80401],[37.40429,55.80344]],[[37.40795,55.75733],[37.40811,55.75734],[37.40833,55.75584],[37.40817,55.75583],[37.40795,55.75733]],[[37.41592,55.74124],[37.41801,55.74031],[37.41789,55.74023],[37.41586,55.7412],[37.41592,55.74124]],[[37.46958,55.7294],[37.47206,55.72976],[37.47201,55.72984],[37.46958,55.7294]],[[37.78044,55.78772],[37.78286,55.78781],[37.78286,55.78773],[37.78044,55.78772]]]}},{"type":"Feature","properties":{"id":"line-m4","kind":"line","lineRef":"metro","ref":"M4","color":"#1EBCEF"},"geometry":{"type":"MultiLineString","coordinates":[[[37.44469,55.73063],[37.44731,55.73098]],[[37.44503,55.73069],[37.4482,55.73114],[37.45002,55.73168]],[[37.45002,55.73168],[37.45572,55.73352],[37.46263,55.73518],[37.46804,55.73608],[37.48095,55.73879],[37.48323,55.7394],[37.48637,55.74041],[37.49879,55.74397],[37.50336,55.74542],[37.50467,55.74615],[37.50616,55.74776],[37.50652,55.74803],[37.50767,55.74857],[37.50893,55.74882],[37.51057,55.74878],[37.51182,55.74845],[37.51249,55.74805],[37.516,55.74509],[37.51721,55.7445],[37.51811,55.74419],[37.52018,55.74372],[37.52104,55.74364],[37.52214,55.74372],[37.52389,55.74403],[37.52482,55.74405],[37.5284,55.74344],[37.53116,55.74323],[37.53215,55.74298],[37.53287,55.74264],[37.53346,55.74212],[37.53415,55.74038],[37.53455,55.73969],[37.53516,55.73896],[37.53663,55.73773],[37.53732,55.73741],[37.53875,55.73704],[37.54068,55.7369],[37.5419,55.73708],[37.55561,55.74074],[37.55639,55.74106],[37.55754,55.7418],[37.55816,55.74202],[37.5624,55.74274],[37.56735,55.7441],[37.56794,55.74439],[37.5684,55.74477],[37.56986,55.74719],[37.57045,55.74761],[37.57137,55.74794],[37.57218,55.74807],[37.57832,55.74835],[37.585,55.74897],[37.59372,55.75136],[37.59517,55.75165],[37.59773,55.7519],[37.60357,55.75171],[37.6074,55.75226],[37.60892,55.75239]],[[37.6099,55.75245],[37.60767,55.75234],[37.60411,55.75182],[37.5984,55.75199],[37.59516,55.75168],[37.59369,55.75139],[37.58547,55.74914],[37.57831,55.74838],[37.57217,55.7481],[37.57136,55.74797],[37.57043,55.74763],[37.56983,55.74721],[37.56838,55.74486],[37.56796,55.74452],[37.56736,55.74424],[37.56272,55.74294],[37.5583,55.74216],[37.55748,55.74184],[37.55637,55.7411],[37.55558,55.74077],[37.54188,55.73711],[37.54064,55.73694],[37.53875,55.73707],[37.53735,55.73745],[37.53668,55.73776],[37.53522,55.73898],[37.53474,55.73951],[37.53416,55.74049],[37.53372,55.74178],[37.53328,55.74243],[37.53261,55.74289],[37.53222,55.74304],[37.53118,55.74328],[37.52842,55.74348],[37.52483,55.7441],[37.52386,55.74407],[37.52213,55.74376],[37.52105,55.74368],[37.5202,55.74376],[37.51805,55.74426],[37.51604,55.74512],[37.51215,55.74833],[37.51151,55.74861],[37.51058,55.74881],[37.50893,55.74886],[37.50764,55.7486],[37.50647,55.74805],[37.50611,55.74777],[37.50462,55.74617],[37.50333,55.74545],[37.4809,55.73884],[37.47012,55.73658],[37.4633,55.73538],[37.45569,55.73355],[37.45002,55.73168]],[[37.51413,55.74665],[37.51539,55.7456],[37.51533,55.74557],[37.51406,55.74662],[37.51413,55.74665]],[[37.51549,55.74563],[37.51424,55.74668],[37.51556,55.74565],[37.51549,55.74563]],[[37.53474,55.73941],[37.53467,55.73939],[37.53436,55.73979],[37.534,55.74048],[37.53407,55.74049],[37.53474,55.73941]],[[37.53484,55.73942],[37.53491,55.73944],[37.53425,55.74052],[37.53419,55.74051],[37.53484,55.73942]],[[37.60743,55.75237],[37.60995,55.75252],[37.60743,55.75237]],[[37.60994,55.75235],[37.60748,55.75226],[37.60911,55.75239],[37.60994,55.75235]]]}},{"type":"Feature","properties":{"id":"line-m4а","kind":"line","lineRef":"metro","ref":"M4A","color":"#1EBCEF"},"geometry":{"type":"MultiLineString","coordinates":[[[37.53189,55.74823],[37.53591,55.74829],[37.54448,55.75102],[37.54601,55.75115],[37.5472,55.75095],[37.55258,55.74838],[37.55323,55.74791],[37.5536,55.74731],[37.55378,55.74566],[37.55359,55.74522],[37.55261,55.74409],[37.5525,55.74364],[37.55258,55.7432],[37.5528,55.74282],[37.55315,55.74247],[37.5543,55.74188],[37.55558,55.74164],[37.55646,55.74164],[37.5628,55.74283],[37.56765,55.74423],[37.5684,55.74477],[37.56986,55.74719],[37.57045,55.74761],[37.57137,55.74794],[37.57218,55.74807],[37.57832,55.74835],[37.585,55.74897],[37.59372,55.75136],[37.59517,55.75165],[37.59773,55.7519],[37.60357,55.75171],[37.6074,55.75226],[37.60892,55.75239]],[[37.6099,55.75245],[37.60767,55.75234],[37.60411,55.75182],[37.5984,55.75199],[37.59516,55.75168],[37.59369,55.75139],[37.58547,55.74914],[37.57831,55.74838],[37.57177,55.74805],[37.57075,55.74778],[37.56983,55.74721],[37.56838,55.74486],[37.56796,55.74452],[37.56736,55.74424],[37.56233,55.74285],[37.5602,55.74249],[37.55863,55.74232],[37.55673,55.74189],[37.55597,55.74185],[37.55521,55.7419],[37.5539,55.74229],[37.55342,55.74258],[37.55285,55.74325],[37.55276,55.74364],[37.55282,55.74406],[37.55302,55.74442],[37.55377,55.74519],[37.55398,55.74566],[37.55379,55.74732],[37.55342,55.74797],[37.55275,55.74844],[37.54721,55.7511],[37.54602,55.7513],[37.54449,55.75117],[37.53934,55.74943],[37.53601,55.74842],[37.53189,55.74837]],[[37.60743,55.75237],[37.60995,55.75252],[37.60743,55.75237]],[[37.60994,55.75235],[37.60748,55.75226],[37.60911,55.75239],[37.60994,55.75235]]]}},{"type":"Feature","properties":{"id":"line-m5","kind":"line","lineRef":"metro","ref":"M5","color":"#A35539"},"geometry":{"type":"MultiLineString","coordinates":[[[37.56521,55.74294],[37.56524,55.74243],[37.56546,55.74179],[37.56614,55.74091],[37.56695,55.74032],[37.56853,55.73963],[37.57071,55.73923],[37.5746,55.73912],[37.57621,55.73897],[37.58563,55.73747],[37.58733,55.73701],[37.61093,55.72913],[37.61278,55.72867],[37.61518,55.72842],[37.6168,55.72845],[37.62708,55.72918],[37.6298,55.72961],[37.63347,55.73046],[37.63491,55.73088],[37.63968,55.73279],[37.6409,55.7334],[37.64233,55.7345],[37.64451,55.73709],[37.64553,55.73798],[37.64678,55.73878],[37.64975,55.74031],[37.65242,55.74232],[37.65309,55.74293],[37.65365,55.74356],[37.65438,55.74489],[37.65907,55.75617],[37.66079,55.76],[37.66107,55.7609],[37.66112,55.76221],[37.66105,55.763],[37.6607,55.76404],[37.66008,55.76505],[37.65582,55.76986],[37.65544,55.77034],[37.65486,55.77135],[37.65456,55.7724],[37.65451,55.77293],[37.65481,55.77617],[37.65478,55.77655],[37.65454,55.77724],[37.65406,55.77789],[37.65295,55.77874],[37.65198,55.77919],[37.65088,55.77952],[37.64967,55.77972],[37.64843,55.77979],[37.62829,55.77976],[37.61359,55.78075],[37.61147,55.7808],[37.60983,55.7807],[37.60343,55.77996],[37.58875,55.77819],[37.58727,55.77782],[37.58532,55.777],[37.58058,55.77429],[37.57958,55.7734],[37.57921,55.77292],[37.57872,55.7719],[37.57861,55.77138],[37.57683,55.7593],[37.57667,55.75878],[37.57642,55.75827],[37.57571,55.75731],[37.56715,55.74933],[37.56609,55.74805],[37.56549,55.74669],[37.56537,55.74599],[37.56521,55.74294]],[[37.56563,55.74307],[37.56577,55.74592],[37.56589,55.74662],[37.56649,55.74799],[37.56755,55.74926],[37.5761,55.75722],[37.5765,55.7577],[37.57706,55.75871],[37.57722,55.75922],[37.579,55.77127],[37.57931,55.77231],[37.5796,55.77281],[37.57998,55.7733],[37.58097,55.77419],[37.58553,55.77679],[37.58679,55.77736],[37.58895,55.77799],[37.60352,55.77974],[37.60983,55.78046],[37.61147,55.78057],[37.61359,55.78052],[37.62827,55.77953],[37.64809,55.77956],[37.64934,55.77949],[37.65053,55.77929],[37.65163,55.77895],[37.6526,55.77851],[37.65372,55.77766],[37.65419,55.77701],[37.65448,55.77595],[37.65418,55.77278],[37.65423,55.77225],[37.65453,55.77121],[37.65479,55.7707],[37.65549,55.76972],[37.65966,55.76501],[37.66028,55.76401],[37.66063,55.76294],[37.66072,55.76145],[37.66037,55.75998],[37.65824,55.75514],[37.65399,55.74498],[37.65326,55.74365],[37.6527,55.74302],[37.6521,55.74245],[37.64946,55.74047],[37.64645,55.73892],[37.6452,55.73812],[37.64417,55.73723],[37.64201,55.73465],[37.64058,55.73355],[37.63936,55.73295],[37.63471,55.73108],[37.63327,55.73066],[37.6297,55.72983],[37.62698,55.72941],[37.61689,55.72868],[37.61527,55.72865],[37.61287,55.72891],[37.61102,55.72937],[37.58749,55.73722],[37.58579,55.73768],[37.57627,55.73919],[37.57476,55.73935],[37.57136,55.73943],[37.5692,55.73977],[37.56781,55.74028],[37.56661,55.74106],[37.56612,55.74159],[37.56578,55.74218],[37.56563,55.74307]],[[37.57709,55.76047],[37.57716,55.76047],[37.57725,55.76087],[37.57734,55.76087],[37.57728,55.76046],[37.57734,55.76046],[37.57756,55.7619],[37.57749,55.7619],[37.57741,55.76141],[37.57731,55.76142],[37.57739,55.76191],[37.57731,55.76191],[37.57709,55.76047]],[[37.65943,55.75778],[37.65952,55.75777],[37.65949,55.7577],[37.65973,55.75774],[37.6592,55.75652],[37.65902,55.75664],[37.6589,55.75656],[37.65943,55.75778]]]}},{"type":"Feature","properties":{"id":"line-m6","kind":"line","lineRef":"metro","ref":"M6","color":"#F07E23"},"geometry":{"type":"MultiLineString","coordinates":[[[37.66152,55.88815],[37.66113,55.88391],[37.66127,55.88303],[37.66171,55.88218],[37.66204,55.88178],[37.66585,55.87772],[37.66637,55.87685],[37.66662,55.87595],[37.66665,55.87549],[37.6666,55.87504],[37.6663,55.87414],[37.66504,55.8718],[37.66338,55.86835],[37.66288,55.86704],[37.65926,55.85936],[37.65868,55.8586],[37.65738,55.85759],[37.64525,55.8516],[37.64461,55.85118],[37.64097,55.84833],[37.64005,55.8475],[37.63748,55.84391],[37.63712,55.8432],[37.63705,55.84283],[37.63709,55.84209],[37.63763,55.84019],[37.63771,55.83936],[37.63751,55.83854],[37.63662,55.83693],[37.63635,55.83552],[37.63635,55.83469],[37.63663,55.83387],[37.64056,55.82696],[37.6409,55.82615],[37.64129,55.8229],[37.64117,55.81929],[37.63905,55.8103],[37.63849,55.80749],[37.63693,55.796],[37.63565,55.79144],[37.63435,55.78459],[37.63414,55.78388],[37.63384,55.78324],[37.63283,55.78192],[37.62856,55.77774],[37.62813,55.77705],[37.62795,55.77631],[37.62797,55.77594],[37.6282,55.77522],[37.62903,55.77421],[37.636,55.76981],[37.63671,55.76919],[37.63717,55.7685],[37.63731,55.76813],[37.63738,55.7674],[37.63711,55.76495],[37.63689,55.76414],[37.63606,55.76299],[37.63286,55.75985],[37.63242,55.75915],[37.63225,55.75842],[37.6324,55.7575],[37.63654,55.74763],[37.63756,55.74564],[37.63768,55.7449],[37.63753,55.74417],[37.63735,55.74381],[37.63681,55.74314],[37.63581,55.74241],[37.63479,55.74194],[37.63363,55.7416],[37.63171,55.74136],[37.62369,55.74105],[37.62238,55.74092],[37.62057,55.74044],[37.61911,55.73968],[37.61814,55.73869],[37.61543,55.73331],[37.61475,55.73246],[37.61348,55.73162],[37.60813,55.72948],[37.60726,55.72893],[37.6064,55.72794],[37.60613,55.72721],[37.60614,55.72647],[37.60774,55.7187],[37.60772,55.71832],[37.60747,55.71759],[37.60694,55.71689],[37.60058,55.71163],[37.59974,55.7111],[37.59819,55.71052],[37.59701,55.71028],[37.59152,55.71007],[37.59033,55.70985],[37.58923,55.70951],[37.58828,55.70906],[37.58472,55.70675],[37.57985,55.70337],[37.57901,55.7027],[37.57825,55.7019],[37.57789,55.70127],[37.57612,55.69591],[37.57529,55.69015],[37.57505,55.68954],[37.57466,55.68899],[37.57203,55.68655],[37.57048,55.68497],[37.56368,55.67876],[37.53663,55.65359],[37.5325,55.65033],[37.5285,55.64663],[37.52716,55.64506],[37.5173,55.6309],[37.51685,55.63038],[37.50997,55.62441],[37.50733,55.62254],[37.50679,55.62188],[37.50663,55.62113],[37.50673,55.62071],[37.50696,55.6203],[37.50984,55.6167],[37.51041,55.61619],[37.51114,55.61573],[37.51199,55.61534],[37.51538,55.61408],[37.51632,55.61358],[37.52128,55.60984],[37.52335,55.60867],[37.52592,55.60786],[37.55003,55.60274],[37.55106,55.60244],[37.55203,55.60203],[37.55507,55.60042]],[[37.55521,55.60051],[37.55228,55.60205],[37.55076,55.60262],[37.53142,55.6068],[37.52595,55.60789],[37.52339,55.6087],[37.52134,55.60986],[37.51637,55.61361],[37.51542,55.61411],[37.51215,55.61533],[37.51056,55.6162],[37.51006,55.6167],[37.50711,55.6204],[37.50689,55.62079],[37.5068,55.62119],[37.50695,55.62191],[37.50745,55.62254],[37.51002,55.62439],[37.51738,55.63075],[37.52735,55.64501],[37.52868,55.64659],[37.53259,55.65029],[37.5368,55.65352],[37.57468,55.68879],[37.57507,55.68932],[37.57533,55.68993],[37.57642,55.69588],[37.5782,55.70126],[37.5785,55.70184],[37.57921,55.70265],[37.58002,55.7033],[37.5849,55.70669],[37.5883,55.70889],[37.58925,55.70935],[37.59035,55.70969],[37.59154,55.70991],[37.59727,55.71012],[37.59845,55.71036],[37.60001,55.71094],[37.60084,55.71147],[37.60734,55.71684],[37.60786,55.71753],[37.60811,55.71827],[37.60814,55.71864],[37.60654,55.7264],[37.60653,55.72714],[37.60679,55.72786],[37.60731,55.72854],[37.60852,55.72941],[37.61378,55.7315],[37.61506,55.73234],[37.61573,55.73319],[37.61832,55.73833],[37.61929,55.73931],[37.62022,55.73985],[37.62132,55.74027],[37.62321,55.74064],[37.63244,55.74101],[37.63436,55.74125],[37.63605,55.74181],[37.63698,55.74234],[37.6377,55.74295],[37.63817,55.74364],[37.63832,55.744],[37.6384,55.74474],[37.63821,55.74547],[37.63704,55.74771],[37.63291,55.75757],[37.63275,55.7583],[37.63286,55.75904],[37.63323,55.75975],[37.63642,55.76292],[37.63725,55.76407],[37.63748,55.76489],[37.63776,55.76746],[37.63769,55.76819],[37.63736,55.76891],[37.63709,55.76925],[37.63639,55.76987],[37.63012,55.77378],[37.62936,55.77435],[37.62881,55.77502],[37.62851,55.77574],[37.62846,55.77611],[37.62857,55.77685],[37.62894,55.77756],[37.63318,55.78182],[37.63376,55.78255],[37.63447,55.78386],[37.63603,55.79142],[37.63722,55.79549],[37.63889,55.80748],[37.63944,55.81027],[37.64156,55.81928],[37.64163,55.82239],[37.64173,55.82332],[37.64217,55.8253],[37.64211,55.82648],[37.64164,55.82746],[37.63708,55.83355],[37.63685,55.83394],[37.63657,55.83475],[37.63657,55.83558],[37.63683,55.83691],[37.63772,55.83853],[37.63792,55.83935],[37.63784,55.84018],[37.6373,55.84207],[37.63726,55.84281],[37.63748,55.84354],[37.63769,55.84389],[37.64009,55.84733],[37.64103,55.8483],[37.64465,55.85114],[37.6453,55.85157],[37.6555,55.8565],[37.65743,55.85757],[37.65874,55.85858],[37.65933,55.85935],[37.66637,55.87413],[37.66656,55.87458],[37.66672,55.87549],[37.6666,55.87641],[37.66621,55.8773],[37.66591,55.87773],[37.66224,55.88167],[37.66191,55.88207],[37.66147,55.88291],[37.66133,55.88379],[37.66173,55.88815]],[[37.50761,55.61953],[37.50775,55.61957],[37.50883,55.6182],[37.50869,55.61817],[37.50761,55.61953]],[[37.51936,55.63382],[37.51951,55.63379],[37.51859,55.63247],[37.51845,55.63251],[37.51936,55.63382]],[[37.52514,55.64213],[37.52529,55.6421],[37.52622,55.64342],[37.52607,55.64346],[37.52514,55.64213]],[[37.53223,55.60661],[37.53218,55.60652],[37.53458,55.60601],[37.53464,55.60609],[37.53223,55.60661]],[[37.54117,55.65777],[37.54129,55.65773],[37.53988,55.65642],[37.53976,55.65646],[37.54117,55.65777]],[[37.55314,55.60146],[37.55324,55.60153],[37.55518,55.60051],[37.55507,55.60044],[37.55314,55.60146]],[[37.55396,55.66969],[37.55412,55.66963],[37.55544,55.67087],[37.55528,55.67092],[37.55396,55.66969]],[[37.56216,55.67732],[37.56229,55.67728],[37.56365,55.67855],[37.56352,55.67859],[37.56216,55.67732]],[[37.57291,55.68716],[37.57278,55.68721],[37.5741,55.68843],[37.57423,55.68839],[37.57291,55.68716]],[[37.61189,55.73094],[37.61146,55.73073],[37.61201,55.73084],[37.60993,55.73005],[37.61024,55.73022],[37.60981,55.73015],[37.61189,55.73094]],[[37.62855,55.74141],[37.62805,55.74135],[37.62805,55.74128],[37.62857,55.74126],[37.62604,55.74116],[37.62656,55.74123],[37.62655,55.7413],[37.62603,55.74132],[37.62855,55.74141]],[[37.62857,55.74104],[37.62807,55.74098],[37.62808,55.74091],[37.62859,55.74088],[37.62606,55.74079],[37.62658,55.74086],[37.62657,55.74093],[37.62605,55.74095],[37.62857,55.74104]],[[37.63771,55.84421],[37.63786,55.84418],[37.63877,55.84548],[37.63862,55.84551],[37.63771,55.84421]],[[37.65171,55.85478],[37.65181,55.85472],[37.6537,55.85564],[37.6536,55.85571],[37.65171,55.85478]],[[37.66381,55.86887],[37.6645,55.87029],[37.66436,55.87031],[37.66367,55.86889],[37.66381,55.86887]]]}},{"type":"Feature","properties":{"id":"line-m7","kind":"line","lineRef":"metro","ref":"M7","color":"#943E90"},"geometry":{"type":"MultiLineString","coordinates":[[[37.4361,55.86157],[37.43939,55.85202],[37.44,55.84802],[37.4384,55.83978],[37.4374,55.83664],[37.43696,55.83416],[37.43674,55.83165],[37.43722,55.82863],[37.4372,55.82786],[37.43656,55.82555],[37.43502,55.82296],[37.43479,55.82226],[37.43474,55.82151],[37.43486,55.82079],[37.43649,55.81583],[37.43704,55.81514],[37.43776,55.81462],[37.44007,55.81347],[37.44163,55.81296],[37.45029,55.81169],[37.45452,55.81083],[37.45996,55.81026],[37.46184,55.80977],[37.46355,55.80901]],[[37.85859,55.67427],[37.85579,55.67553],[37.85263,55.6766],[37.85168,55.67704],[37.85064,55.6779],[37.85026,55.67856],[37.85014,55.67925],[37.8503,55.67993],[37.85073,55.68059],[37.85333,55.6827],[37.85767,55.68652],[37.85869,55.68776],[37.86126,55.69302],[37.86149,55.69384],[37.86145,55.69467],[37.86114,55.69548],[37.86019,55.6966],[37.85593,55.69951],[37.84676,55.70474],[37.84135,55.70765],[37.84012,55.70809],[37.83635,55.7091],[37.83239,55.71081],[37.80414,55.72032],[37.80318,55.72061],[37.80188,55.72083],[37.80014,55.72084],[37.79817,55.72045],[37.79578,55.71959],[37.79506,55.71917],[37.79407,55.71816],[37.79132,55.71422],[37.79092,55.71379],[37.78574,55.7088],[37.78483,55.70823],[37.77867,55.70527],[37.77756,55.7049],[37.77607,55.70462],[37.77373,55.70461],[37.7607,55.70632],[37.75281,55.70694],[37.73888,55.70875],[37.72927,55.70891],[37.72725,55.70917],[37.72619,55.70947],[37.72253,55.71083],[37.71046,55.71542],[37.70634,55.71753],[37.70364,55.7188],[37.70137,55.71971],[37.69912,55.72099],[37.69762,55.72165],[37.67901,55.728],[37.67706,55.72885],[37.67311,55.73085],[37.67183,55.73135],[37.67039,55.73169],[37.66886,55.73188],[37.66233,55.73198],[37.66128,55.73216],[37.66032,55.73245],[37.65947,55.73284],[37.65878,55.73332],[37.65502,55.73759],[37.65295,55.7396],[37.65074,55.74194],[37.64671,55.74756],[37.64599,55.74828],[37.64505,55.74892],[37.64392,55.74944],[37.63792,55.75132],[37.63616,55.75207],[37.63521,55.7527],[37.63449,55.75343],[37.6341,55.75403],[37.63271,55.75727],[37.63178,55.75824],[37.63064,55.7589],[37.62297,55.76218],[37.60996,55.76518],[37.60471,55.76586],[37.60251,55.76597],[37.60035,55.76573],[37.59838,55.76518],[37.59055,55.7612],[37.58928,55.76078],[37.58718,55.7604],[37.58571,55.76033],[37.58425,55.76042],[37.57749,55.76156],[37.57577,55.76175],[37.57282,55.76191],[37.56908,55.76187],[37.56786,55.76197],[37.56551,55.76247],[37.56466,55.76276],[37.56306,55.76355],[37.56246,55.76397],[37.55307,55.77226],[37.55218,55.7728],[37.55111,55.77322],[37.54927,55.77361],[37.54402,55.77392],[37.54289,55.77407],[37.52513,55.77788],[37.52368,55.77799],[37.52243,55.77797],[37.51732,55.77737],[37.51584,55.77734],[37.51449,55.77748],[37.51045,55.77822],[37.50939,55.77853],[37.50869,55.77888],[37.50813,55.7793],[37.50723,55.78043],[37.50677,55.78153],[37.50598,55.78463],[37.50568,55.78539],[37.50519,55.78617],[37.50447,55.78689],[37.49929,55.79059],[37.46281,55.80952],[37.46104,55.81015],[37.46003,55.81037],[37.4546,55.81093],[37.45035,55.8118],[37.44177,55.81304],[37.4402,55.81355],[37.4379,55.8147],[37.43693,55.81549],[37.43652,55.81623],[37.43505,55.8208],[37.43494,55.82152],[37.43498,55.82226],[37.43522,55.82294],[37.43676,55.82552],[37.43742,55.82776],[37.43745,55.82874],[37.43696,55.83165],[37.43694,55.83226],[37.43719,55.83424],[37.43758,55.83664],[37.43857,55.83978],[37.44019,55.84809],[37.44017,55.84866],[37.43966,55.85171],[37.43631,55.86159]],[[37.46355,55.80901],[37.46363,55.80906],[37.46585,55.80792],[37.46576,55.80786],[37.46409,55.80872]],[[37.46409,55.80872],[37.46833,55.80645],[37.48957,55.79553],[37.49899,55.79049],[37.50428,55.7868],[37.50498,55.78609],[37.50545,55.78535],[37.50573,55.78461],[37.50653,55.78151],[37.50697,55.78039],[37.50789,55.77924],[37.50848,55.77879],[37.50928,55.77842],[37.51039,55.77812],[37.5157,55.77724],[37.51726,55.77726],[37.52175,55.77778],[37.52401,55.77783],[37.52543,55.77772],[37.5432,55.77391],[37.54924,55.7735],[37.55109,55.77311],[37.55216,55.77268],[37.55305,55.77214],[37.56229,55.76391],[37.5629,55.76347],[37.56452,55.76265],[37.56543,55.76233],[37.56783,55.76183],[37.56905,55.76172],[37.57276,55.76172],[37.57568,55.76156],[37.5843,55.76019],[37.58577,55.7601],[37.58723,55.76016],[37.58866,55.76038],[37.5906,55.76096],[37.59794,55.76473],[37.59915,55.7652],[37.6012,55.76566],[37.6034,55.76578],[37.60486,55.76567],[37.61047,55.76489],[37.62226,55.76218],[37.62354,55.76177],[37.6301,55.75892],[37.63124,55.75826],[37.63217,55.75728],[37.63374,55.7537],[37.63434,55.75295],[37.63517,55.75226],[37.6368,55.75143],[37.64359,55.74928],[37.64473,55.74876],[37.64567,55.74812],[37.64639,55.7474],[37.65046,55.74175],[37.6526,55.73949],[37.6547,55.7375],[37.65849,55.73321],[37.65918,55.73273],[37.66003,55.73234],[37.661,55.73205],[37.66204,55.73187],[37.66864,55.73176],[37.67016,55.73158],[37.6716,55.73123],[37.67289,55.73073],[37.67889,55.72793],[37.69752,55.72158],[37.699,55.72092],[37.70124,55.71964],[37.70359,55.71876],[37.71042,55.7154],[37.7235,55.71042],[37.72725,55.70909],[37.72933,55.7088],[37.73885,55.70864],[37.75279,55.70683],[37.76068,55.70623],[37.7737,55.70451],[37.77535,55.70447],[37.77688,55.70464],[37.77878,55.70519],[37.78498,55.70817],[37.78589,55.70875],[37.79148,55.71418],[37.79422,55.71812],[37.79519,55.7191],[37.7959,55.71952],[37.79821,55.72038],[37.79951,55.7207],[37.80071,55.72081],[37.8025,55.7207],[37.80411,55.7203],[37.82236,55.71409],[37.82449,55.71286],[37.82547,55.71245],[37.82661,55.7122],[37.82869,55.71195],[37.83239,55.71071],[37.83574,55.70918],[37.84044,55.70786],[37.84156,55.70739],[37.84649,55.70473],[37.85024,55.7025],[37.85554,55.69956],[37.85951,55.69693],[37.86063,55.69586],[37.86108,55.69507],[37.8612,55.69466],[37.86124,55.69383],[37.86116,55.69342],[37.85847,55.68782],[37.85745,55.68658],[37.85313,55.68278],[37.85053,55.68065],[37.85008,55.67998],[37.84991,55.67928],[37.84992,55.67892],[37.85016,55.67823],[37.85067,55.67757],[37.85142,55.677],[37.85237,55.67653],[37.85566,55.67542],[37.85844,55.67417]],[[37.43546,55.81899],[37.43561,55.81901],[37.43607,55.81757],[37.43591,55.81756],[37.43546,55.81899]],[[37.43668,55.82583],[37.43709,55.82725],[37.43728,55.82724],[37.43686,55.82581],[37.43668,55.82583]],[[37.43684,55.85995],[37.43635,55.86137],[37.43621,55.86136],[37.43669,55.85993],[37.43684,55.85995]],[[37.43997,55.84974],[37.43975,55.85119],[37.43959,55.85118],[37.43981,55.84974],[37.43997,55.84974]],[[37.49461,55.79295],[37.49239,55.79405],[37.49248,55.7941],[37.49461,55.79295]],[[37.56194,55.76424],[37.56207,55.76429],[37.56075,55.76548],[37.56061,55.76543],[37.56194,55.76424]],[[37.58059,55.761],[37.57811,55.76142],[37.57836,55.76133],[37.57832,55.76126],[37.57802,55.76127],[37.5805,55.76084],[37.58021,55.76094],[37.58059,55.761]],[[37.65221,55.74014],[37.65215,55.74012],[37.65244,55.73981],[37.65121,55.74104],[37.65145,55.74088],[37.65154,55.74091],[37.65137,55.74109],[37.65145,55.74112],[37.65262,55.73986],[37.65221,55.74014]],[[37.68581,55.72565],[37.68804,55.72488],[37.68798,55.72482],[37.68574,55.72559],[37.68581,55.72565]],[[37.73026,55.70879],[37.73026,55.70888],[37.73275,55.70884],[37.73274,55.70875],[37.73026,55.70879]],[[37.76452,55.70572],[37.76702,55.7054],[37.76706,55.70548],[37.76456,55.70581],[37.76452,55.70572]],[[37.79385,55.71762],[37.79289,55.71625],[37.79278,55.71628],[37.79373,55.71765],[37.79385,55.71762]],[[37.85115,55.70217],[37.85101,55.70209],[37.85284,55.70108],[37.85297,55.70115],[37.85115,55.70217]],[[37.85551,55.68485],[37.85567,55.68479],[37.85707,55.68603],[37.85691,55.68608],[37.85551,55.68485]],[[37.85946,55.67371],[37.85958,55.6738],[37.85757,55.67472],[37.85744,55.67464],[37.85946,55.67371]]]}},{"type":"Feature","properties":{"id":"line-m8","kind":"line","lineRef":"metro","ref":"M8","color":"#FFCD1C"},"geometry":{"type":"MultiLineString","coordinates":[[[37.86374,55.74515],[37.85834,55.7442],[37.85647,55.74396],[37.85368,55.74378],[37.85074,55.74381],[37.84959,55.7439],[37.84711,55.7444],[37.84077,55.74666],[37.83967,55.74695],[37.83726,55.74735],[37.8329,55.74758],[37.83058,55.748],[37.82907,55.74853],[37.82621,55.75013],[37.82499,55.75051],[37.81464,55.75214],[37.80358,55.75366],[37.80203,55.75379],[37.80047,55.75375],[37.79895,55.75354],[37.79181,55.75205],[37.78875,55.75168],[37.77292,55.74873],[37.77161,55.74857],[37.76962,55.74863],[37.76805,55.74894],[37.76667,55.74948],[37.76578,55.75003],[37.76512,55.75069],[37.76488,55.75104],[37.7646,55.75177],[37.7647,55.75375],[37.76449,55.7546],[37.76403,55.75538],[37.76325,55.75615],[37.76215,55.75685],[37.76013,55.75762],[37.75872,55.7579],[37.75673,55.75805],[37.745,55.75738],[37.6953,55.7479],[37.69385,55.74776],[37.67972,55.74713],[37.67827,55.74699],[37.67624,55.7465],[37.6618,55.74148],[37.65974,55.74104],[37.65828,55.74093],[37.65681,55.74098],[37.65032,55.74183],[37.64431,55.74211],[37.62744,55.74139]],[[37.62749,55.74102],[37.64658,55.74183],[37.6504,55.74165],[37.65686,55.7408],[37.65833,55.74075],[37.65979,55.74086],[37.66186,55.74129],[37.6762,55.74628],[37.67823,55.74677],[37.67968,55.74691],[37.69363,55.74754],[37.69508,55.74768],[37.74451,55.75712],[37.74595,55.75728],[37.75624,55.75782],[37.75775,55.75775],[37.75992,55.75733],[37.76168,55.75665],[37.76268,55.75603],[37.76344,55.75534],[37.76411,55.75425],[37.76428,55.75349],[37.76418,55.75157],[37.76428,55.7512],[37.76469,55.75048],[37.76536,55.74983],[37.76677,55.74904],[37.76793,55.74866],[37.7692,55.74843],[37.77052,55.74835],[37.7725,55.74853],[37.78887,55.75158],[37.7918,55.752],[37.79897,55.7535],[37.80048,55.75371],[37.80203,55.75374],[37.80356,55.75362],[37.81294,55.75231],[37.82209,55.75087],[37.82426,55.75033],[37.82518,55.74996],[37.82861,55.74828],[37.83051,55.74771],[37.83314,55.74738],[37.83723,55.74722],[37.83959,55.74682],[37.84065,55.74654],[37.847,55.74428],[37.84954,55.74377],[37.8507,55.74367],[37.8537,55.74365],[37.85653,55.74382],[37.86381,55.74502]],[[37.62855,55.74141],[37.62805,55.74135],[37.62805,55.74128],[37.62857,55.74126],[37.62604,55.74116],[37.62656,55.74123],[37.62655,55.7413],[37.62603,55.74132],[37.62855,55.74141]],[[37.62857,55.74104],[37.62807,55.74098],[37.62808,55.74091],[37.62859,55.74088],[37.62606,55.74079],[37.62658,55.74086],[37.62657,55.74093],[37.62605,55.74095],[37.62857,55.74104]],[[37.65237,55.74154],[37.65248,55.74151],[37.65233,55.74143],[37.65473,55.74109],[37.6542,55.74119],[37.65423,55.74126],[37.65478,55.74121],[37.65237,55.74154]],[[37.68242,55.74714],[37.68167,55.7472],[37.68446,55.74732],[37.68378,55.74724],[37.68379,55.74716],[37.68449,55.74715],[37.68169,55.74702],[37.68242,55.74714]],[[37.74819,55.75758],[37.74898,55.75758],[37.74899,55.7575],[37.74822,55.75742],[37.75078,55.75756],[37.75001,55.75756],[37.75026,55.75759],[37.74999,55.75764],[37.75075,55.75772],[37.74819,55.75758]],[[37.78526,55.75101],[37.78531,55.75093],[37.78768,55.75137],[37.78763,55.75145],[37.78526,55.75101]],[[37.81796,55.75154],[37.818,55.75163],[37.81555,55.75199],[37.81551,55.75191],[37.81796,55.75154]],[[37.86251,55.74492],[37.86256,55.74482],[37.86504,55.74526],[37.86498,55.74535],[37.86251,55.74492]]]}},{"type":"Feature","properties":{"id":"line-m8а","kind":"line","lineRef":"metro","ref":"M8A","color":"#FFCD1C"},"geometry":{"type":"MultiLineString","coordinates":[[[37.53911,55.74918],[37.53051,55.74632],[37.52939,55.74579],[37.52848,55.74508],[37.52789,55.74429],[37.52774,55.7439],[37.52767,55.74307],[37.52884,55.73982],[37.52877,55.73891],[37.52834,55.73811],[37.52772,55.73749],[37.52674,55.73688],[37.52551,55.7364],[37.52338,55.73603],[37.52104,55.73611],[37.50711,55.73876],[37.50479,55.73895],[37.50248,55.73876],[37.50103,55.73842],[37.49916,55.73764],[37.49816,55.73695],[37.49743,55.73617],[37.49457,55.73193],[37.49399,55.73069],[37.49384,55.72952],[37.49389,55.72897],[37.49416,55.72804],[37.49472,55.72704],[37.49882,55.72249],[37.49994,55.72172],[37.50079,55.72137],[37.50178,55.72111],[37.5031,55.72094],[37.50672,55.72091],[37.50792,55.72075],[37.5089,55.72047],[37.51197,55.71899],[37.51786,55.71649],[37.52125,55.7149],[37.52244,55.71405],[37.52315,55.71306],[37.52332,55.71234],[37.52332,55.71194],[37.52308,55.71116],[37.52284,55.71077],[37.52215,55.71005],[37.52124,55.70945],[37.51302,55.70577],[37.49398,55.69511],[37.49031,55.69345],[37.48736,55.69141],[37.48428,55.69018],[37.48066,55.68831],[37.47286,55.68392],[37.45963,55.67477],[37.4585,55.67407],[37.45729,55.67344],[37.45457,55.67238],[37.44565,55.66963],[37.4447,55.66922],[37.44393,55.66872],[37.44078,55.66606],[37.4384,55.66432],[37.43534,55.66168],[37.434,55.6609],[37.43227,55.66023],[37.43008,55.65976],[37.42792,55.65961],[37.41301,55.65962],[37.4116,55.65955],[37.41029,55.65938],[37.39956,55.65731],[37.39826,55.65684],[37.39727,55.65624],[37.38962,55.64812],[37.38898,55.64762],[37.38769,55.64706],[37.38619,55.64678],[37.38537,55.64675],[37.38395,55.64688],[37.3828,55.64719],[37.37947,55.64844],[37.37731,55.64887],[37.37506,55.64889],[37.37279,55.64848],[37.36825,55.64722],[37.36631,55.64646],[37.34771,55.63526],[37.34648,55.6347],[37.34497,55.63432],[37.34348,55.63417],[37.34201,55.63422],[37.33954,55.63452],[37.33784,55.6345],[37.32695,55.63284],[37.3218,55.63244],[37.32022,55.63217],[37.31453,55.63053],[37.31323,55.63006],[37.31208,55.62947],[37.30928,55.62777],[37.30809,55.6273],[37.30669,55.62698],[37.30264,55.62658],[37.30144,55.62639],[37.29825,55.62528],[37.29163,55.62349],[37.29008,55.62295],[37.28875,55.62225],[37.28587,55.62036],[37.28503,55.61941],[37.28475,55.6186],[37.28384,55.61044],[37.2839,55.60991],[37.28433,55.60914],[37.28485,55.60867],[37.2872,55.60727]],[[37.28735,55.60735],[37.28514,55.60866],[37.28442,55.6094],[37.28416,55.60994],[37.28409,55.6105],[37.28474,55.61635],[37.2847,55.61757],[37.2848,55.61853],[37.28495,55.61907],[37.28525,55.6196],[37.28595,55.62032],[37.28866,55.6221],[37.29001,55.6228],[37.29155,55.62334],[37.29836,55.62518],[37.30152,55.62628],[37.30271,55.62647],[37.30686,55.62688],[37.30825,55.62719],[37.30945,55.62767],[37.31229,55.6294],[37.31342,55.62998],[37.31469,55.63045],[37.32028,55.63206],[37.32187,55.63233],[37.3271,55.63273],[37.33784,55.63436],[37.33953,55.63438],[37.34202,55.63409],[37.34352,55.63403],[37.34504,55.63417],[37.3466,55.63457],[37.3478,55.63512],[37.36645,55.64635],[37.36837,55.6471],[37.3729,55.64837],[37.37512,55.64875],[37.37728,55.64874],[37.37938,55.64833],[37.38291,55.64701],[37.3845,55.64664],[37.38617,55.6466],[37.38784,55.64691],[37.38907,55.64745],[37.38973,55.64795],[37.39727,55.65597],[37.39845,55.65668],[37.39979,55.65714],[37.41035,55.65917],[37.41185,55.65937],[37.41405,55.65949],[37.42797,55.65947],[37.43015,55.65963],[37.43238,55.6601],[37.43414,55.66077],[37.43549,55.66157],[37.43858,55.66424],[37.44096,55.66597],[37.44409,55.66862],[37.44485,55.66912],[37.44583,55.66953],[37.4547,55.67226],[37.45744,55.67334],[37.45867,55.67398],[37.4598,55.67468],[37.47303,55.68382],[37.48019,55.68786],[37.48443,55.69006],[37.48753,55.6913],[37.49047,55.69335],[37.49415,55.69501],[37.51317,55.70566],[37.5219,55.70961],[37.52285,55.71033],[37.52344,55.71111],[37.52362,55.71152],[37.52371,55.71234],[37.52349,55.71312],[37.52304,55.7138],[37.52193,55.7147],[37.5185,55.71635],[37.51211,55.71907],[37.50902,55.72057],[37.50798,55.72086],[37.50675,55.72103],[37.50313,55.72106],[37.50186,55.72123],[37.50009,55.72182],[37.49899,55.72256],[37.49501,55.72699],[37.49443,55.72808],[37.49419,55.72897],[37.49421,55.73014],[37.49456,55.73125],[37.49724,55.73523],[37.49778,55.73574],[37.49896,55.73653],[37.5006,55.73726],[37.50318,55.7379],[37.50522,55.73809],[37.50691,55.73806],[37.50842,55.73789],[37.52225,55.7353],[37.52433,55.73531],[37.52627,55.7357],[37.52728,55.73609],[37.52831,55.73671],[37.52893,55.7373],[37.5294,55.73809],[37.52951,55.73856],[37.52939,55.73951],[37.52815,55.74261],[37.52805,55.74303],[37.52805,55.74344],[37.52827,55.74422],[37.52886,55.74502],[37.52976,55.74571],[37.53111,55.74633],[37.53926,55.74904]],[[37.28823,55.60682],[37.28812,55.60675],[37.28632,55.6078],[37.28643,55.60786],[37.28823,55.60682]],[[37.29453,55.62415],[37.29686,55.62477],[37.29679,55.62485],[37.29446,55.62423],[37.29453,55.62415]],[[37.33386,55.63389],[37.33408,55.63385],[37.33391,55.63379],[37.33632,55.63416],[37.33612,55.63422],[37.33627,55.63426],[37.33386,55.63389]],[[37.35421,55.63915],[37.35432,55.63909],[37.35599,55.6401],[37.35588,55.64016],[37.35421,55.63915]],[[37.36928,55.64748],[37.36935,55.6474],[37.37156,55.64801],[37.37149,55.6481],[37.36928,55.64748]],[[37.39166,55.65018],[37.39175,55.65015],[37.39061,55.64894],[37.39046,55.64898],[37.39159,55.6502],[37.39166,55.65018]],[[37.41594,55.65961],[37.41594,55.6595],[37.41854,55.6595],[37.41854,55.6596],[37.41594,55.65961]],[[37.44753,55.67019],[37.44761,55.6701],[37.44992,55.67081],[37.44984,55.6709],[37.44753,55.67019]],[[37.48184,55.6889],[37.48199,55.68881],[37.4839,55.6898],[37.48375,55.68989],[37.48184,55.6889]],[[37.53815,55.74869],[37.53803,55.74881],[37.54027,55.74955],[37.54039,55.74943],[37.53815,55.74869]]]}},{"type":"Feature","properties":{"id":"line-m9","kind":"line","lineRef":"metro","ref":"M9","color":"#ADACAC"},"geometry":{"type":"MultiLineString","coordinates":[[[37.58727,55.89887],[37.58723,55.89374],[37.58749,55.89293],[37.58776,55.89244],[37.58858,55.89149],[37.58964,55.89072],[37.59028,55.89036],[37.594,55.88858],[37.59646,55.88725],[37.60124,55.88488],[37.60645,55.88242],[37.60732,55.88191],[37.60844,55.88099],[37.60916,55.88006],[37.60941,55.87954],[37.61049,55.87623],[37.61159,55.87227],[37.61161,55.87113],[37.61123,55.87],[37.61048,55.86894],[37.60188,55.86058],[37.60025,55.85883],[37.59204,55.85109],[37.59142,55.85028],[37.58884,55.84532],[37.58785,55.84408],[37.58634,55.84301],[37.58237,55.8409],[37.57908,55.83962],[37.57783,55.83903],[37.57679,55.83834],[37.57596,55.83755],[37.57295,55.83297],[37.57272,55.83253],[37.57245,55.83163],[37.57243,55.83095],[37.57343,55.82278],[37.57383,55.82162],[37.57706,55.81567],[37.58233,55.80535],[37.58262,55.80457],[37.58367,55.79903],[37.58406,55.79801],[37.59635,55.78326],[37.59732,55.78246],[37.59844,55.7819],[37.5992,55.78164],[37.61458,55.77719],[37.61568,55.77678],[37.61666,55.77626],[37.61759,55.77555],[37.6182,55.77483],[37.61853,55.7742],[37.6187,55.7735],[37.61857,55.77242],[37.61718,55.76994],[37.61686,55.76954],[37.61551,55.76846],[37.60676,55.76364],[37.60594,55.76289],[37.60538,55.76206],[37.60513,55.7612],[37.60515,55.76046],[37.60759,55.74708],[37.60784,55.7463],[37.60808,55.7459],[37.60883,55.74509],[37.62119,55.73457],[37.622,55.73362],[37.62703,55.72276],[37.62721,55.72216],[37.62752,55.71872],[37.62737,55.71802],[37.62718,55.7177],[37.62411,55.71354],[37.62316,55.71252],[37.62276,55.71184],[37.62264,55.71113],[37.62272,55.71013],[37.6227,55.70682],[37.62303,55.7051],[37.623,55.70473],[37.6227,55.70381],[37.62193,55.70287],[37.61773,55.69982],[37.61677,55.69856],[37.61646,55.69766],[37.61643,55.69675],[37.61689,55.69269],[37.61701,55.69212],[37.61728,55.69145],[37.61792,55.69055],[37.61871,55.68983],[37.62183,55.68779],[37.62272,55.68701],[37.62316,55.68631],[37.62328,55.68595],[37.62332,55.68521],[37.6231,55.68448],[37.62157,55.68156],[37.62075,55.68055],[37.61944,55.67973],[37.61654,55.67859],[37.61548,55.67802],[37.61194,55.67514],[37.61125,55.67418],[37.60925,55.67005],[37.6091,55.66937],[37.60913,55.66693],[37.60897,55.66625],[37.60868,55.66562],[37.60817,55.66492],[37.60745,55.66423],[37.59901,55.65737],[37.5985,55.65677],[37.59833,55.65637],[37.59843,55.64681],[37.59865,55.64605],[37.59889,55.64563],[37.60085,55.6434],[37.60173,55.64268],[37.60284,55.64206],[37.60951,55.63911],[37.61092,55.63807],[37.61154,55.63726],[37.61358,55.63289],[37.61367,55.63219],[37.61352,55.63149],[37.59996,55.60301],[37.59965,55.6022],[37.59959,55.60163],[37.59971,55.60104],[37.60063,55.59791],[37.59997,55.59268],[37.59884,55.59004],[37.59676,55.5836],[37.59593,55.58119],[37.59527,55.57959],[37.5949,55.5791],[37.59429,55.57858],[37.59356,55.57815],[37.5926,55.57776],[37.59046,55.57732],[37.58633,55.57685],[37.58524,55.57664],[37.58326,55.576],[37.58204,55.57538],[37.5813,55.57487],[37.5806,55.57422],[37.57621,55.56855]],[[37.57645,55.56852],[37.58037,55.57385],[37.58102,55.57451],[37.58217,55.57532],[37.58338,55.57591],[37.58532,55.57652],[37.58693,55.57681],[37.5906,55.57722],[37.59271,55.57768],[37.5937,55.57808],[37.59445,55.57852],[37.59509,55.57905],[37.59549,55.57956],[37.5965,55.58182],[37.59909,55.59],[37.60001,55.59211],[37.60034,55.59329],[37.60089,55.59744],[37.60087,55.59793],[37.59995,55.60103],[37.59981,55.60165],[37.59988,55.60219],[37.60016,55.60298],[37.61367,55.63136],[37.61382,55.63206],[37.61381,55.63241],[37.6136,55.6331],[37.61155,55.6374],[37.61094,55.63821],[37.60952,55.63926],[37.603,55.64213],[37.60189,55.64275],[37.60101,55.64348],[37.5991,55.64566],[37.59885,55.64608],[37.59863,55.64682],[37.59853,55.65635],[37.5987,55.65673],[37.59919,55.65731],[37.60763,55.66418],[37.60839,55.66487],[37.60891,55.66558],[37.60922,55.66623],[37.60934,55.66691],[37.60931,55.66936],[37.60946,55.67003],[37.61154,55.67434],[37.61223,55.6753],[37.61486,55.67749],[37.61582,55.67811],[37.61961,55.67966],[37.62092,55.68049],[37.62175,55.68149],[37.62332,55.68451],[37.62347,55.68487],[37.62356,55.68561],[37.62339,55.68634],[37.62295,55.68704],[37.62206,55.68781],[37.61856,55.69013],[37.61785,55.69083],[37.61724,55.69178],[37.61696,55.69271],[37.6165,55.69675],[37.61654,55.69766],[37.61684,55.69855],[37.6171,55.69898],[37.6178,55.6998],[37.622,55.70284],[37.62285,55.70375],[37.62311,55.70435],[37.62324,55.7051],[37.62291,55.70682],[37.62293,55.71013],[37.62285,55.71113],[37.62297,55.71182],[37.62335,55.71248],[37.62428,55.7135],[37.62747,55.71764],[37.62778,55.71834],[37.62782,55.71871],[37.62753,55.72219],[37.62735,55.72281],[37.62334,55.7316],[37.62294,55.73291],[37.62265,55.73345],[37.62181,55.73442],[37.60914,55.74518],[37.60873,55.74556],[37.60819,55.74635],[37.60793,55.74713],[37.60551,55.76041],[37.60549,55.76113],[37.60574,55.762],[37.60629,55.76283],[37.60712,55.76357],[37.61578,55.76835],[37.61675,55.76904],[37.61714,55.76943],[37.61872,55.77198],[37.61908,55.77292],[37.61912,55.77349],[37.61898,55.77424],[37.61866,55.77493],[37.61806,55.77566],[37.61712,55.77641],[37.61599,55.77701],[37.61482,55.77744],[37.59937,55.78181],[37.59815,55.78228],[37.59758,55.7826],[37.59665,55.78337],[37.58438,55.7981],[37.58398,55.79912],[37.58297,55.8046],[37.58268,55.80539],[37.5791,55.81235],[37.57405,55.82164],[37.57364,55.82279],[37.57271,55.83046],[37.57273,55.83115],[37.57283,55.8316],[37.57324,55.83248],[37.57667,55.83772],[37.57749,55.8385],[37.57854,55.8392],[37.57978,55.83979],[37.58287,55.84101],[37.58652,55.84295],[37.58803,55.84401],[37.58902,55.84526],[37.59175,55.8505],[37.59238,55.85133],[37.60025,55.85876],[37.60926,55.86758],[37.61097,55.86945],[37.61154,55.87055],[37.61168,55.87112],[37.61172,55.87169],[37.61157,55.87263],[37.60976,55.87906],[37.60934,55.88009],[37.609,55.88059],[37.6081,55.8815],[37.60662,55.88249],[37.59704,55.887],[37.59405,55.88861],[37.59035,55.89038],[37.5897,55.89074],[37.58867,55.89152],[37.58789,55.89245],[37.58764,55.89294],[37.58742,55.89373],[37.58749,55.89887]],[[37.57669,55.81641],[37.57685,55.81644],[37.57609,55.81784],[37.57592,55.81782],[37.57669,55.81641]],[[37.58726,55.89714],[37.58729,55.89871],[37.58745,55.89871],[37.58742,55.89713],[37.58726,55.89714]],[[37.5966,55.58317],[37.59685,55.58315],[37.59646,55.58186],[37.59621,55.58188],[37.5966,55.58317]],[[37.59835,55.65338],[37.59851,55.65338],[37.59853,55.65197],[37.59837,55.65197],[37.59835,55.65338]],[[37.60043,55.59571],[37.60063,55.5957],[37.60044,55.59427],[37.60024,55.59428],[37.60043,55.59571]],[[37.60307,55.78056],[37.60321,55.78071],[37.60089,55.78137],[37.60075,55.78121],[37.60307,55.78056]],[[37.60478,55.61309],[37.60494,55.61307],[37.60426,55.61165],[37.60411,55.61168],[37.60478,55.61309]],[[37.60522,55.86384],[37.60536,55.86379],[37.60407,55.86253],[37.60394,55.86257],[37.60522,55.86384]],[[37.60631,55.66328],[37.60644,55.66323],[37.60497,55.66203],[37.60483,55.66208],[37.60631,55.66328]],[[37.60946,55.62293],[37.60962,55.62291],[37.60901,55.62162],[37.60885,55.62165],[37.60946,55.62293]],[[37.61053,55.67265],[37.61069,55.67263],[37.61001,55.67123],[37.60986,55.67126],[37.61053,55.67265]],[[37.61657,55.73881],[37.61802,55.73757],[37.6176,55.73788],[37.6175,55.73785],[37.61784,55.73751],[37.61639,55.73874],[37.61673,55.73851],[37.61681,55.73854],[37.61657,55.73881]],[[37.6182,55.77161],[37.61827,55.7716],[37.61811,55.77133],[37.61821,55.77131],[37.61844,55.77157],[37.6176,55.77015],[37.61752,55.77016],[37.61769,55.77045],[37.6176,55.77046],[37.61744,55.77018],[37.61736,55.77019],[37.6182,55.77161]],[[37.6227,55.6837],[37.62286,55.68367],[37.62212,55.68225],[37.62196,55.68228],[37.6227,55.6837]],[[37.62273,55.70793],[37.62289,55.70793],[37.6229,55.7094],[37.62274,55.7094],[37.62273,55.70793]],[[37.62505,55.72719],[37.62529,55.72722],[37.62463,55.72872],[37.62436,55.72867],[37.62505,55.72719]]]}},{"type":"Feature","properties":{"id":"line-m10","kind":"line","lineRef":"metro","ref":"M10","color":"#BED12C"},"geometry":{"type":"MultiLineString","coordinates":[[[37.54787,55.92588],[37.54572,55.91941],[37.5456,55.91845],[37.54694,55.91199],[37.54764,55.91015],[37.54767,55.90952],[37.5468,55.90642],[37.54678,55.90433],[37.54647,55.90207],[37.54634,55.90171],[37.54507,55.8996],[37.54289,55.89312],[37.54303,55.88451],[37.54315,55.88374],[37.54349,55.88298],[37.54616,55.8785],[37.54773,55.87414],[37.5478,55.87369],[37.54774,55.87277],[37.54679,55.86998],[37.5466,55.86892],[37.54669,55.86786],[37.54756,55.86501],[37.54813,55.86415],[37.54943,55.863],[37.55815,55.8582],[37.56504,55.85335],[37.57097,55.8502],[37.57196,55.84948],[37.57271,55.84866],[37.57325,55.84768],[37.5741,55.84431],[37.57658,55.83949],[37.57674,55.83885],[37.57671,55.83852],[37.57645,55.83789],[37.57334,55.83305],[37.57295,55.83221],[37.57283,55.83133],[37.57293,55.83075],[37.57326,55.83001],[37.57366,55.82947],[37.57424,55.82891],[37.57496,55.8284],[37.5763,55.82775],[37.58115,55.82648],[37.58241,55.826],[37.58371,55.82531],[37.60521,55.8115],[37.61427,55.80472],[37.61522,55.80378],[37.61567,55.80289],[37.61577,55.80233],[37.61659,55.78616],[37.61633,55.78502],[37.6143,55.7799],[37.61415,55.77937],[37.61411,55.77872],[37.61477,55.77376],[37.61522,55.77253],[37.61569,55.77188],[37.61669,55.77097],[37.62107,55.76792],[37.62223,55.76732],[37.62429,55.76669],[37.62581,55.76647],[37.62738,55.76642],[37.63596,55.76715],[37.64211,55.76674],[37.64355,55.76655],[37.6449,55.76622],[37.64666,55.76547],[37.64799,55.76448],[37.64858,55.76372],[37.65041,55.7609],[37.6514,55.75986],[37.65562,55.75736],[37.65892,55.75557],[37.66003,55.75513],[37.6614,55.75477],[37.678,55.75122],[37.67899,55.75094],[37.68072,55.75017],[37.68202,55.74917],[37.68247,55.7486],[37.68278,55.748],[37.68321,55.74539],[37.68315,55.74418],[37.68278,55.74322],[37.6821,55.74213],[37.68126,55.74122],[37.67991,55.74009],[37.67861,55.73925],[37.66892,55.73416],[37.66613,55.73251],[37.66512,55.73178],[37.66439,55.73105],[37.66382,55.73017],[37.66354,55.72918],[37.6636,55.72847],[37.66385,55.72778],[37.66452,55.72685],[37.66553,55.7261],[37.67326,55.72136],[37.67466,55.72016],[37.67851,55.71504],[37.67964,55.71238],[37.68019,55.71156],[37.68101,55.71081],[37.68284,55.7094],[37.68584,55.70613],[37.68649,55.70559],[37.68783,55.70499],[37.69558,55.70335],[37.70443,55.70074],[37.73074,55.69222],[37.73163,55.69206],[37.73303,55.69201],[37.74249,55.69279],[37.74396,55.69281],[37.74541,55.69268],[37.7468,55.69241],[37.76099,55.68878],[37.76237,55.68822],[37.76305,55.68771],[37.7635,55.68713],[37.76432,55.68361],[37.76438,55.6827],[37.76431,55.68225],[37.75936,55.6694],[37.75913,55.6684],[37.75893,55.6655],[37.75875,55.66478],[37.7585,55.66423],[37.75808,55.66361],[37.75713,55.66269],[37.75565,55.66177],[37.74454,55.65746],[37.7438,55.65707],[37.74305,55.65655],[37.74243,55.65597],[37.74199,55.65535],[37.74178,55.65473],[37.74173,55.65408],[37.74203,55.65256],[37.74515,55.64469],[37.74699,55.63955],[37.74709,55.63906],[37.74707,55.63766],[37.74673,55.63675],[37.74618,55.63609],[37.74496,55.63496],[37.74245,55.63178],[37.74203,55.63104],[37.74192,55.63042],[37.74233,55.62754],[37.74284,55.62573],[37.74409,55.61725],[37.74464,55.61501],[37.745,55.61293],[37.74508,55.61144]],[[37.74528,55.61144],[37.7452,55.61294],[37.74394,55.61966],[37.74305,55.62575],[37.74254,55.62755],[37.74213,55.6304],[37.74225,55.63104],[37.74264,55.63174],[37.74493,55.63466],[37.7466,55.63627],[37.74695,55.63673],[37.74728,55.63766],[37.74731,55.63932],[37.74619,55.64259],[37.74223,55.6526],[37.74194,55.65408],[37.74199,55.65469],[37.74216,55.65531],[37.74261,55.65593],[37.74322,55.65648],[37.74397,55.65698],[37.7447,55.65736],[37.75581,55.66168],[37.75732,55.66261],[37.75828,55.66355],[37.7587,55.66418],[37.75898,55.66478],[37.75914,55.66549],[37.75936,55.6684],[37.75972,55.66986],[37.76429,55.68157],[37.76448,55.68225],[37.76444,55.68339],[37.76357,55.68714],[37.7628,55.68801],[37.76153,55.68866],[37.74683,55.69253],[37.74544,55.6928],[37.74399,55.69293],[37.74252,55.69291],[37.73308,55.69213],[37.73168,55.69218],[37.73079,55.69234],[37.70214,55.70153],[37.6964,55.70321],[37.68806,55.70499],[37.68671,55.7056],[37.68606,55.70614],[37.68261,55.70984],[37.6812,55.71089],[37.68041,55.71161],[37.67987,55.71242],[37.6788,55.71509],[37.67494,55.72022],[37.67352,55.72147],[37.66581,55.72619],[37.6648,55.72694],[37.66416,55.72784],[37.66397,55.72849],[37.66391,55.72919],[37.66419,55.73011],[37.66477,55.73097],[37.66544,55.73167],[37.66638,55.73239],[37.66914,55.73402],[37.67887,55.73913],[37.68014,55.73997],[37.68154,55.74113],[37.68241,55.74207],[37.6831,55.74316],[37.68347,55.74417],[37.68356,55.74539],[37.68311,55.74814],[37.6828,55.74874],[37.68235,55.74931],[37.68105,55.75031],[37.67932,55.75108],[37.66152,55.75496],[37.66023,55.75531],[37.65824,55.75612],[37.65218,55.75953],[37.65071,55.76099],[37.64884,55.7639],[37.64824,55.76466],[37.64691,55.76565],[37.64515,55.7664],[37.6431,55.76685],[37.63692,55.76732],[37.63434,55.76726],[37.62748,55.76662],[37.62591,55.76667],[37.6244,55.76689],[37.62298,55.76727],[37.62118,55.76812],[37.61694,55.77107],[37.61598,55.77196],[37.61553,55.77258],[37.61508,55.77377],[37.61442,55.77871],[37.6146,55.77988],[37.61665,55.78504],[37.61695,55.78649],[37.61612,55.80235],[37.61601,55.80291],[37.61553,55.80386],[37.61455,55.80486],[37.60546,55.81163],[37.58397,55.82544],[37.58264,55.82615],[37.58134,55.82664],[37.57814,55.82745],[37.57675,55.8279],[37.57534,55.82864],[37.57468,55.82915],[37.57382,55.8302],[37.57358,55.83079],[37.57348,55.83128],[37.57357,55.83222],[37.57396,55.83311],[37.57692,55.83769],[37.57718,55.83832],[37.5772,55.83865],[37.57705,55.83929],[37.57445,55.84434],[37.57359,55.84773],[37.57305,55.84873],[37.57226,55.84957],[37.5713,55.85027],[37.56546,55.85337],[37.55862,55.85819],[37.54967,55.8631],[37.54837,55.86426],[37.54781,55.86511],[37.54693,55.86796],[37.54684,55.86902],[37.54703,55.87008],[37.54797,55.87282],[37.54804,55.87328],[37.54796,55.87419],[37.54707,55.8768],[37.54642,55.87843],[37.54369,55.88301],[37.54336,55.88376],[37.54324,55.88453],[37.5431,55.89311],[37.54532,55.89972],[37.54655,55.90179],[37.54669,55.90215],[37.54698,55.90433],[37.547,55.90642],[37.54788,55.90951],[37.54784,55.91017],[37.54714,55.912],[37.54581,55.91845],[37.54593,55.91941],[37.54807,55.92586]],[[37.54499,55.89885],[37.54484,55.89886],[37.54433,55.89739],[37.54449,55.89737],[37.54499,55.89885]],[[37.54579,55.87916],[37.54595,55.87919],[37.54509,55.88061],[37.54493,55.88058],[37.54579,55.87916]],[[37.54625,55.92094],[37.54642,55.92093],[37.5469,55.92237],[37.54673,55.92239],[37.54625,55.92094]],[[37.61523,55.7822],[37.61548,55.78216],[37.61491,55.78073],[37.61466,55.78076],[37.61523,55.7822]],[[37.61861,55.76967],[37.6188,55.76975],[37.62048,55.76858],[37.6203,55.76849],[37.61861,55.76967]],[[37.65766,55.75633],[37.65796,55.75623],[37.65616,55.75725],[37.65641,55.75707],[37.65603,55.75717],[37.65785,55.75617],[37.65766,55.75633]],[[37.66824,55.73373],[37.66653,55.73272],[37.66677,55.73282],[37.66687,55.73276],[37.66672,55.73262],[37.66843,55.73362],[37.66805,55.73346],[37.66797,55.73351],[37.6683,55.7337],[37.66824,55.73373]],[[37.67593,55.71852],[37.67572,55.71887],[37.67585,55.7189],[37.67616,55.71858],[37.67516,55.71989],[37.6751,55.71988],[37.67535,55.71955],[37.67524,55.71952],[37.67493,55.71983],[37.67593,55.71852]],[[37.68327,55.74683],[37.68328,55.74702],[37.68347,55.74568],[37.6834,55.74589],[37.68323,55.74588],[37.68322,55.74567],[37.68304,55.74701],[37.68311,55.74682],[37.68327,55.74683]],[[37.68404,55.70811],[37.68419,55.70816],[37.68537,55.70686],[37.68523,55.70682],[37.68404,55.70811]],[[37.74343,55.64931],[37.74335,55.6493],[37.7428,55.65071],[37.74294,55.65073],[37.7435,55.64932],[37.74343,55.64931]],[[37.74375,55.62026],[37.74368,55.62025],[37.74346,55.6217],[37.74361,55.6217],[37.74383,55.62026],[37.74375,55.62026]],[[37.74425,55.63393],[37.74417,55.63395],[37.74319,55.6327],[37.74333,55.63266],[37.74432,55.63392],[37.74425,55.63393]],[[37.7451,55.61145],[37.74526,55.61145],[37.74518,55.61295],[37.74502,55.61295],[37.7451,55.61145]],[[37.74958,55.65934],[37.75167,55.66018],[37.75176,55.66011],[37.74958,55.65934]],[[37.75187,55.69114],[37.75429,55.69048],[37.75435,55.69054],[37.75187,55.69114]],[[37.76214,55.67652],[37.76154,55.67496],[37.76168,55.67494],[37.76228,55.6765],[37.76214,55.67652]]]}},{"type":"Feature","properties":{"id":"line-m11","kind":"line","lineRef":"metro","ref":"M11","color":"#78C7C9"},"geometry":{"type":"MultiLineString","coordinates":[[[37.45902,55.7475],[37.46026,55.74867],[37.46019,55.7487],[37.45886,55.74744],[37.45893,55.74742]],[[37.45893,55.74742],[37.44613,55.7358],[37.44572,55.7353],[37.44518,55.73425],[37.44481,55.73286],[37.44476,55.73203],[37.44496,55.73119],[37.45247,55.71341],[37.45301,55.71262],[37.45467,55.71105],[37.45519,55.71036],[37.45555,55.70961],[37.45604,55.70737],[37.45733,55.70445],[37.458,55.70362],[37.46022,55.70174],[37.46117,55.70043],[37.46198,55.69956],[37.46613,55.69604],[37.4673,55.69537],[37.46884,55.69493],[37.46999,55.6948],[37.47272,55.69481],[37.47414,55.69469],[37.47549,55.6944],[37.47671,55.69392],[37.47773,55.69328],[37.48006,55.69123],[37.48211,55.69006],[37.4872,55.68688],[37.48768,55.68642],[37.49068,55.68277],[37.49197,55.68167],[37.49377,55.68083],[37.49518,55.68045],[37.49669,55.68024],[37.49951,55.68005],[37.50139,55.67962],[37.50533,55.67759],[37.50778,55.67604],[37.51119,55.67447],[37.51706,55.67241],[37.51847,55.67179],[37.52612,55.66753],[37.52895,55.66511],[37.5319,55.66191],[37.53309,55.66111],[37.53454,55.66045],[37.5425,55.65772],[37.54393,55.65736],[37.54623,55.65714],[37.54779,55.65721],[37.55001,55.65762],[37.55132,55.6581],[37.55324,55.65897],[37.55573,55.65967],[37.55847,55.65994],[37.56123,55.65974],[37.56377,55.6591],[37.58329,55.65231],[37.58475,55.65191],[37.58712,55.65159],[37.58874,55.65157],[37.59036,55.65169],[37.60097,55.65322],[37.60287,55.65334],[37.60707,55.6532],[37.62396,55.65329],[37.62557,55.65317],[37.63937,55.65141],[37.64123,55.65134],[37.64337,55.65167],[37.64458,55.65209],[37.64547,55.65257],[37.65199,55.65713],[37.65467,55.65942],[37.65716,55.66276],[37.65878,55.66435],[37.65999,55.66635],[37.66052,55.66695],[37.66281,55.66849],[37.66506,55.66973],[37.66705,55.6706],[37.67002,55.67158],[37.69415,55.67811],[37.69556,55.67872],[37.69644,55.67925],[37.69943,55.68182],[37.70131,55.68307],[37.70211,55.6835],[37.70698,55.68527],[37.71036,55.68629],[37.71502,55.68807],[37.71983,55.68976],[37.72115,55.69064],[37.72303,55.69254],[37.7237,55.69304],[37.72453,55.69346],[37.72946,55.69544],[37.7306,55.69625],[37.73114,55.69699],[37.73134,55.69781],[37.73121,55.69851],[37.72943,55.70109],[37.72913,55.70169],[37.72898,55.70225],[37.72838,55.70851],[37.7285,55.70914],[37.72933,55.71177],[37.72942,55.71266],[37.72915,55.71364],[37.7283,55.71571],[37.72814,55.71653],[37.72816,55.71695],[37.7284,55.71776],[37.72862,55.71816],[37.72926,55.71891],[37.73237,55.7213],[37.73347,55.72238],[37.73651,55.72653],[37.73672,55.72688],[37.73693,55.72761],[37.73688,55.72835],[37.73675,55.72871],[37.7363,55.72941],[37.73561,55.73003],[37.7347,55.73057],[37.73362,55.73099],[37.7251,55.73346],[37.71887,55.73558],[37.7177,55.73608],[37.71682,55.73663],[37.71573,55.73772],[37.71533,55.73851],[37.71511,55.7398],[37.71517,55.74067],[37.7155,55.74147],[37.71627,55.74241],[37.72029,55.74586],[37.72088,55.74646],[37.72145,55.74731],[37.72175,55.74821],[37.72178,55.74912],[37.72169,55.74958],[37.72131,55.75047],[37.71845,55.75498],[37.71714,55.75648],[37.71583,55.75752],[37.71428,55.75845],[37.71058,55.76013],[37.70941,55.76076],[37.70844,55.76149],[37.70743,55.76273],[37.70709,55.76362],[37.70579,55.76982],[37.70519,55.77089],[37.70334,55.77314],[37.70284,55.77414],[37.70272,55.7749],[37.70287,55.77583],[37.70379,55.77793],[37.70389,55.77856],[37.70372,55.77917],[37.70219,55.78184],[37.70182,55.78221],[37.70095,55.78278],[37.69976,55.78326],[37.69317,55.78453],[37.68948,55.78571],[37.68535,55.78667],[37.68328,55.78735],[37.68157,55.7883],[37.67675,55.79253],[37.67596,55.79305],[37.67407,55.79388],[37.67296,55.7942],[37.67064,55.79458],[37.65964,55.79468],[37.6581,55.79483],[37.6547,55.79539],[37.65265,55.79551],[37.6505,55.79536],[37.64412,55.79412],[37.6424,55.79388],[37.64069,55.79382],[37.63229,55.79403],[37.63106,55.79412],[37.62878,55.79456],[37.62408,55.79621],[37.62147,55.79665],[37.62012,55.7967],[37.61126,55.79654],[37.60892,55.79632],[37.60777,55.79608],[37.60338,55.79452],[37.60136,55.79409],[37.59201,55.79285],[37.58259,55.7922],[37.58138,55.79223],[37.56922,55.79326],[37.56792,55.79356],[37.56476,55.79466],[37.56343,55.79485],[37.56202,55.79482],[37.56069,55.79456],[37.55956,55.79409],[37.55902,55.79372],[37.55558,55.79075],[37.55454,55.79022],[37.55328,55.78987],[37.55142,55.78976],[37.54259,55.79063],[37.54133,55.79064],[37.53951,55.79039],[37.53789,55.78985],[37.537,55.78936],[37.531,55.78509],[37.53036,55.7844],[37.5301,55.78393],[37.52905,55.78067],[37.5286,55.77988],[37.5279,55.77915],[37.52698,55.77851],[37.52585,55.77797],[37.52458,55.77756],[37.52318,55.77728],[37.51635,55.7764],[37.51138,55.77608],[37.50783,55.77536],[37.50622,55.77536],[37.50164,55.7761],[37.50026,55.77618],[37.4907,55.77584],[37.48776,55.77587],[37.4814,55.77565],[37.47963,55.77532],[37.47819,55.77472],[37.47735,55.77411],[37.47677,55.77341],[37.47453,55.76893],[37.47353,55.76615],[37.46997,55.75831],[37.4694,55.75736],[37.46835,55.75594],[37.46721,55.75472],[37.46451,55.75247],[37.45902,55.7475]],[[37.46036,55.74864],[37.46456,55.75245],[37.46726,55.7547],[37.46986,55.75761],[37.47376,55.76612],[37.47472,55.76884],[37.47592,55.77113],[37.47688,55.77323],[37.47748,55.77396],[37.47835,55.77452],[37.48026,55.77528],[37.48195,55.77556],[37.48816,55.77575],[37.49071,55.7757],[37.50045,55.77605],[37.50166,55.77596],[37.50459,55.77547],[37.50751,55.77468],[37.50944,55.77452],[37.51126,55.7748],[37.51398,55.77577],[37.5164,55.77627],[37.52351,55.77719],[37.5249,55.77746],[37.52618,55.77788],[37.5273,55.77841],[37.52823,55.77906],[37.52893,55.77979],[37.52938,55.78058],[37.53049,55.78401],[37.53073,55.78445],[37.53138,55.78514],[37.53704,55.78917],[37.53793,55.78966],[37.53955,55.7902],[37.54137,55.79045],[37.54262,55.79044],[37.55148,55.78956],[37.55334,55.78967],[37.5546,55.79002],[37.55564,55.79056],[37.55903,55.79348],[37.55958,55.79386],[37.56072,55.79433],[37.56251,55.79462],[37.56344,55.79461],[37.56479,55.79442],[37.56782,55.79338],[37.56913,55.79309],[37.58199,55.79201],[37.59142,55.79258],[37.59795,55.79267],[37.59898,55.7928],[37.60082,55.79327],[37.60681,55.79557],[37.60794,55.7959],[37.60905,55.79613],[37.61136,55.79634],[37.6199,55.7965],[37.62132,55.79645],[37.62386,55.79602],[37.62855,55.79438],[37.6309,55.79393],[37.63217,55.79384],[37.64055,55.79363],[37.64232,55.7937],[37.64388,55.79393],[37.64944,55.79504],[37.65087,55.79523],[37.65226,55.79529],[37.65428,55.79519],[37.65961,55.79454],[37.67053,55.79444],[37.67285,55.79405],[37.67492,55.79335],[37.67581,55.7929],[37.67703,55.79202],[37.68139,55.7882],[37.68309,55.78724],[37.68517,55.78656],[37.68937,55.78559],[37.69313,55.7844],[37.69966,55.78316],[37.70078,55.7827],[37.70162,55.78214],[37.70198,55.78178],[37.70353,55.77908],[37.70369,55.77848],[37.70359,55.77786],[37.70238,55.77527],[37.70226,55.77489],[37.70225,55.77409],[37.70253,55.77333],[37.70279,55.77296],[37.7047,55.77117],[37.7054,55.77014],[37.70565,55.76944],[37.70686,55.76357],[37.7072,55.76268],[37.70821,55.76144],[37.70918,55.76071],[37.71035,55.76009],[37.71406,55.75838],[37.71564,55.75742],[37.71687,55.75644],[37.71823,55.75493],[37.72105,55.75049],[37.72143,55.7496],[37.72154,55.74869],[37.72137,55.74778],[37.72094,55.7469],[37.72062,55.74648],[37.72003,55.74588],[37.71596,55.74239],[37.71519,55.74145],[37.71486,55.74064],[37.7148,55.73981],[37.71504,55.73803],[37.71528,55.73741],[37.71582,55.73682],[37.71656,55.73635],[37.71861,55.7355],[37.72001,55.73463],[37.72097,55.73419],[37.7331,55.73064],[37.73419,55.73022],[37.73509,55.72969],[37.73579,55.72906],[37.73624,55.72837],[37.73643,55.72764],[37.73642,55.72727],[37.73635,55.7269],[37.736,55.72619],[37.73327,55.72246],[37.73216,55.72136],[37.72876,55.71877],[37.72843,55.71842],[37.72795,55.71767],[37.72774,55.71689],[37.72781,55.7161],[37.72892,55.71362],[37.72922,55.71249],[37.72827,55.70893],[37.72892,55.70226],[37.72907,55.70168],[37.72937,55.70108],[37.73114,55.6985],[37.73128,55.69782],[37.73108,55.697],[37.73054,55.69627],[37.72942,55.69547],[37.7245,55.69349],[37.72365,55.69307],[37.72298,55.69256],[37.72109,55.69066],[37.71979,55.68979],[37.71499,55.68811],[37.71033,55.68632],[37.70695,55.6853],[37.70207,55.68353],[37.70126,55.6831],[37.69938,55.68184],[37.69639,55.67928],[37.69552,55.67875],[37.69411,55.67815],[37.66998,55.67161],[37.66701,55.67063],[37.66502,55.66977],[37.66276,55.66852],[37.66046,55.66697],[37.65875,55.6651],[37.6567,55.66262],[37.6562,55.6622],[37.6544,55.66108],[37.6536,55.66037],[37.65194,55.6579],[37.65096,55.65684],[37.64506,55.65272],[37.64384,55.65212],[37.64313,55.65189],[37.64122,55.65155],[37.63964,55.65152],[37.6256,55.65329],[37.62398,55.65341],[37.60707,55.65332],[37.60287,55.65346],[37.60098,55.65334],[37.59044,55.65182],[37.58882,55.6517],[37.5872,55.65172],[37.5856,55.6519],[37.58336,55.65244],[37.56374,55.65927],[37.56121,55.65991],[37.55845,55.6601],[37.55571,55.65984],[37.55322,55.65914],[37.5513,55.65826],[37.54998,55.65779],[37.54777,55.65737],[37.54621,55.65731],[37.54466,55.65741],[37.54318,55.65769],[37.53473,55.66054],[37.53328,55.6612],[37.53208,55.662],[37.52914,55.66521],[37.52593,55.66784],[37.51829,55.67206],[37.51138,55.67455],[37.50962,55.67546],[37.50724,55.67649],[37.50545,55.67771],[37.50153,55.67973],[37.49963,55.68016],[37.49686,55.68035],[37.49535,55.68057],[37.49329,55.68119],[37.49214,55.68179],[37.49085,55.68288],[37.48787,55.68651],[37.48723,55.68711],[37.48253,55.69004],[37.48026,55.69133],[37.47744,55.69374],[37.47688,55.69406],[37.47561,55.69455],[37.47421,55.69484],[37.47278,55.69494],[37.47017,55.69494],[37.46903,55.69505],[37.46747,55.69549],[37.46624,55.69619],[37.46291,55.69911],[37.46095,55.70124],[37.45806,55.70363],[37.45739,55.70447],[37.4561,55.70738],[37.45561,55.70962],[37.45526,55.71037],[37.45473,55.71107],[37.45307,55.71263],[37.45253,55.71342],[37.44502,55.7312],[37.44483,55.73203],[37.44487,55.73286],[37.44524,55.73425],[37.44578,55.73529],[37.44619,55.73578],[37.46026,55.74856]],[[37.46026,55.74856],[37.45902,55.74738],[37.4591,55.74736],[37.46043,55.74862],[37.46036,55.74864]],[[37.64938,55.6557],[37.64772,55.65455]],[[37.64806,55.6544],[37.64972,55.65555]],[[37.72831,55.70778],[37.72846,55.70632]],[[37.72849,55.70779],[37.72863,55.70632]],[[37.44565,55.72951],[37.44622,55.7282],[37.44565,55.72951]],[[37.44576,55.72953],[37.44636,55.72822],[37.44576,55.72953]],[[37.4513,55.71584],[37.45193,55.71442],[37.452,55.71443],[37.45138,55.71585],[37.4513,55.71584]],[[37.45148,55.71586],[37.45211,55.71444],[37.45218,55.71445],[37.45156,55.71587],[37.45148,55.71586]],[[37.46575,55.69658],[37.46432,55.69782],[37.46418,55.69776],[37.46561,55.69653],[37.46575,55.69658]],[[37.48442,55.68884],[37.48615,55.68779],[37.486,55.68771],[37.48428,55.68877],[37.48442,55.68884]],[[37.48443,55.77574],[37.48702,55.77583],[37.48703,55.77573],[37.48444,55.77564],[37.48475,55.77567],[37.48475,55.77573],[37.48443,55.77574]],[[37.50494,55.67797],[37.50305,55.67897],[37.50292,55.6789],[37.50481,55.67789],[37.50494,55.67797]],[[37.52092,55.67062],[37.52278,55.6696],[37.52263,55.66951],[37.52078,55.67053],[37.52092,55.67062]],[[37.53842,55.65926],[37.54063,55.6585],[37.54053,55.65841],[37.53832,55.65917],[37.53842,55.65926]],[[37.5725,55.65621],[37.57471,55.65544],[37.57461,55.65535],[37.5724,55.65611],[37.5725,55.65621]],[[37.67847,55.79076],[37.67865,55.79083],[37.68004,55.78959],[37.67986,55.78953],[37.67847,55.79076]],[[37.67954,55.67422],[37.68186,55.67483],[37.67954,55.67422]],[[37.67962,55.67412],[37.68194,55.67473],[37.67962,55.67412]],[[37.70252,55.78097],[37.7027,55.781],[37.70347,55.7796],[37.70328,55.77956],[37.70252,55.78097]],[[37.70318,55.68399],[37.70536,55.68476],[37.70318,55.68399]],[[37.70328,55.6839],[37.70546,55.68466],[37.70328,55.6839]],[[37.70649,55.76545],[37.70668,55.76547],[37.70698,55.76401],[37.70679,55.764],[37.70649,55.76545]],[[37.71864,55.75464],[37.71952,55.75325],[37.71934,55.75321],[37.71846,55.75461],[37.71864,55.75464]],[[37.72628,55.69425],[37.7284,55.69506],[37.72628,55.69425]],[[37.7264,55.69416],[37.72852,55.69497],[37.7264,55.69416]],[[37.72866,55.73215],[37.731,55.73146],[37.73086,55.73131],[37.72851,55.73199],[37.72866,55.73215]],[[37.72884,55.73235],[37.73119,55.73167],[37.73105,55.73152],[37.72871,55.7322],[37.72884,55.73235]]]}},{"type":"Feature","properties":{"id":"line-m12","kind":"line","lineRef":"metro","ref":"M12","color":"#bac8e8"},"geometry":{"type":"MultiLineString","coordinates":[[[37.55631,55.6002],[37.55988,55.59831],[37.56079,55.59771],[37.56181,55.59678],[37.56537,55.59242],[37.56599,55.59149],[37.56923,55.58563],[37.56984,55.58483],[37.57029,55.58441],[37.57137,55.58368],[37.57288,55.58302],[37.58209,55.58082],[37.58322,55.58043],[37.58408,55.57991],[37.58474,55.57914],[37.58495,55.57827],[37.58469,55.57748],[37.58403,55.57676],[37.58113,55.57494],[37.58008,55.5739],[37.57903,55.57236],[37.5754,55.56769],[37.5749,55.56681],[37.57074,55.5613],[37.56681,55.55415],[37.56534,55.55256],[37.56356,55.55127],[37.56102,55.55004],[37.55766,55.54891],[37.54866,55.54663],[37.54664,55.54615],[37.54393,55.54566],[37.53902,55.54445],[37.53437,55.54288],[37.52847,55.54104],[37.51809,55.53862],[37.51586,55.53802]],[[37.51595,55.53792],[37.51946,55.5389],[37.52928,55.54119],[37.5391,55.54436],[37.54507,55.54582],[37.54703,55.54619],[37.5573,55.54873],[37.56106,55.55],[37.56361,55.55124],[37.5654,55.55254],[37.56695,55.55411],[37.5673,55.55461],[37.57096,55.56125],[37.57512,55.56676],[37.57591,55.56758],[37.58053,55.57381],[37.58116,55.57444],[37.58193,55.57501],[37.585,55.57662],[37.58569,55.57734],[37.58596,55.57823],[37.58584,55.57884],[37.58533,55.57958],[37.58482,55.57999],[37.58419,55.58034],[37.58306,55.58072],[37.57384,55.58286],[37.57223,55.58342],[37.57154,55.58377],[37.57049,55.58449],[37.57006,55.58489],[37.56948,55.58569],[37.56624,55.59156],[37.56561,55.59248],[37.56205,55.59685],[37.56052,55.59809],[37.55645,55.60028]],[[37.53141,55.54188],[37.53006,55.54143],[37.52999,55.5415],[37.53134,55.54194],[37.53141,55.54188]],[[37.55396,55.5479],[37.55391,55.54797],[37.55534,55.54833],[37.55539,55.54826],[37.55396,55.5479]],[[37.55589,55.60056],[37.55698,55.59998],[37.55687,55.59992],[37.55578,55.6005],[37.55589,55.60056]],[[37.57615,55.58231],[37.57751,55.582],[37.57745,55.58191],[37.57609,55.58222],[37.57615,55.58231]]]}},{"type":"Feature","properties":{"id":"line-m15","kind":"line","lineRef":"metro","ref":"M15","color":"#F088B6"},"geometry":{"type":"MultiLineString","coordinates":[[[37.72856,55.73219],[37.7351,55.73037],[37.73675,55.73011],[37.74006,55.72983],[37.743,55.72935],[37.7556,55.72645],[37.76016,55.72579],[37.76195,55.72538],[37.76497,55.72409],[37.76979,55.72245],[37.77899,55.71981],[37.78031,55.71917],[37.78522,55.71628],[37.78682,55.71562],[37.79755,55.71209],[37.8031,55.71039],[37.8158,55.70603],[37.82305,55.70371],[37.82513,55.70324],[37.8266,55.70308],[37.82818,55.70305],[37.83506,55.70351],[37.83691,55.70381],[37.83952,55.70454],[37.84139,55.70476],[37.84272,55.70472],[37.84383,55.70456],[37.84725,55.70351],[37.84844,55.70332],[37.85317,55.70342],[37.85537,55.70364],[37.85701,55.70402],[37.85905,55.70481],[37.86565,55.70878],[37.86771,55.70982],[37.8694,55.71039],[37.87051,55.71064],[37.87161,55.7108],[37.87349,55.7109],[37.87585,55.71072],[37.88275,55.70963],[37.88607,55.7088],[37.88834,55.70844],[37.89795,55.70833],[37.91232,55.70889],[37.91506,55.7087],[37.91635,55.70844],[37.9177,55.70802],[37.9191,55.70744],[37.93109,55.7013]],[[37.93124,55.7014],[37.91921,55.70756],[37.91782,55.70814],[37.91644,55.70856],[37.91513,55.70883],[37.91234,55.70902],[37.89793,55.70844],[37.88837,55.70855],[37.88614,55.70891],[37.88277,55.70977],[37.87591,55.71085],[37.87349,55.71105],[37.87156,55.71095],[37.87043,55.71079],[37.86931,55.71054],[37.86741,55.70988],[37.85889,55.70492],[37.8569,55.70414],[37.8553,55.70377],[37.85316,55.70355],[37.84848,55.70345],[37.84698,55.70372],[37.84387,55.70475],[37.84267,55.70495],[37.8418,55.70498],[37.84022,55.7048],[37.83689,55.70384],[37.83505,55.70355],[37.82818,55.70308],[37.8266,55.70311],[37.82515,55.70327],[37.82308,55.70374],[37.81583,55.70606],[37.80313,55.71042],[37.79758,55.71213],[37.78685,55.71565],[37.78527,55.7163],[37.78035,55.7192],[37.77902,55.71984],[37.76982,55.72248],[37.76501,55.72413],[37.76198,55.72542],[37.76018,55.72582],[37.75562,55.72649],[37.74302,55.72939],[37.74008,55.72987],[37.73676,55.73015],[37.73513,55.7304],[37.7286,55.73222]],[[37.72866,55.73215],[37.731,55.73146],[37.73086,55.73131],[37.72851,55.73199],[37.72866,55.73215]],[[37.72884,55.73235],[37.73119,55.73167],[37.73105,55.73152],[37.72871,55.7322],[37.72884,55.73235]],[[37.75204,55.72721],[37.75438,55.72672],[37.75204,55.72721]],[[37.75212,55.72732],[37.75445,55.72683],[37.75212,55.72732]],[[37.78255,55.71777],[37.78079,55.71881],[37.7826,55.7178],[37.78255,55.71777]],[[37.78269,55.71785],[37.78093,55.71888],[37.78274,55.71788],[37.78269,55.71785]],[[37.81778,55.70532],[37.82007,55.70458],[37.82012,55.70463],[37.81783,55.70537],[37.81778,55.70532]],[[37.81788,55.70543],[37.82018,55.70469],[37.82023,55.70474],[37.81793,55.70548],[37.81788,55.70543]],[[37.84955,55.70343],[37.84956,55.70332],[37.85251,55.70341],[37.85249,55.70352],[37.84955,55.70343]],[[37.87897,55.71035],[37.87892,55.71025],[37.88143,55.70986],[37.88148,55.70995],[37.87897,55.71035]],[[37.89971,55.7085],[37.89972,55.70841],[37.90232,55.70851],[37.90231,55.70861],[37.89971,55.7085]],[[37.9291,55.70234],[37.92922,55.70242],[37.92729,55.70341],[37.92717,55.70333],[37.9291,55.70234]]]}},{"type":"Feature","properties":{"id":"line-m16","kind":"line","lineRef":"metro","ref":"M16","color":"#007763"},"geometry":{"type":"MultiLineString","coordinates":[[[37.64515,55.69698],[37.64152,55.69501],[37.63997,55.69432],[37.63827,55.69375],[37.63553,55.69312],[37.6256,55.69184],[37.62164,55.6912],[37.61864,55.69103],[37.61754,55.69088],[37.61434,55.68993],[37.6128,55.68968],[37.61161,55.68967],[37.60234,55.69024],[37.6008,55.69019],[37.59934,55.68996],[37.59799,55.68957],[37.59649,55.68883],[37.59329,55.68604],[37.5919,55.68513],[37.59076,55.68466],[37.58947,55.68431],[37.58735,55.68406],[37.58516,55.68415],[37.58311,55.68459],[37.56143,55.69209],[37.55991,55.69241],[37.55752,55.6926],[37.55511,55.69244],[37.55357,55.69215],[37.55212,55.69171],[37.5508,55.69113],[37.5452,55.6879],[37.51828,55.66957],[37.50855,55.66392],[37.50789,55.66335],[37.50721,55.66245],[37.5069,55.66153],[37.50695,55.6606],[37.50716,55.65999],[37.50753,55.65939],[37.51181,55.65384],[37.51197,55.6534],[37.51202,55.65272],[37.51186,55.65206],[37.51162,55.65163],[37.51085,55.65082],[37.50113,55.64352],[37.49675,55.64009],[37.49533,55.63914],[37.49281,55.63776],[37.49181,55.63692],[37.49064,55.63519],[37.49035,55.63416],[37.49049,55.63313],[37.49178,55.63049],[37.49195,55.62994],[37.49194,55.62938],[37.49176,55.62883],[37.49113,55.62803],[37.49004,55.6273],[37.48864,55.62681],[37.48266,55.62574],[37.48128,55.62536],[37.48013,55.62481],[37.47921,55.62414],[37.47886,55.62377],[37.47841,55.62301],[37.47826,55.62222],[37.47842,55.62142],[37.47889,55.62064],[37.47924,55.62028],[37.48407,55.61682],[37.48766,55.6136],[37.48825,55.61269],[37.48847,55.61206],[37.48857,55.61141],[37.48852,55.61074],[37.48832,55.61008],[37.48799,55.60945],[37.48438,55.60509],[37.4825,55.60206],[37.48208,55.60161],[37.48008,55.59997],[37.4777,55.5968],[37.47746,55.59607],[37.4775,55.59533],[37.479,55.59147],[37.47908,55.59056],[37.4789,55.58965],[37.47844,55.58877],[37.47447,55.58278],[37.47423,55.5819],[37.47433,55.58015],[37.47424,55.57982],[37.47386,55.5792],[37.4728,55.5784],[37.47046,55.57756],[37.46945,55.57707],[37.46872,55.57645],[37.46841,55.57594],[37.46733,55.5733],[37.46727,55.57282],[37.46735,55.57236],[37.46927,55.56705],[37.46937,55.56652],[37.46935,55.56495],[37.46891,55.56385],[37.46781,55.5625],[37.46682,55.56171],[37.46502,55.56057]],[[37.46522,55.56047],[37.46672,55.56142],[37.46746,55.56202],[37.46899,55.56384],[37.46942,55.56495],[37.46941,55.56679],[37.46787,55.57113],[37.46752,55.5726],[37.46757,55.57329],[37.46863,55.5759],[37.46895,55.57641],[37.46967,55.57703],[37.47069,55.57752],[37.47302,55.57836],[37.47412,55.57918],[37.47449,55.57981],[37.47457,55.58015],[37.47447,55.58188],[37.47472,55.58276],[37.47869,55.58876],[37.47914,55.58964],[37.47933,55.59055],[37.47924,55.59146],[37.47774,55.59532],[37.47771,55.59606],[37.47794,55.59678],[37.48031,55.59994],[37.48228,55.60155],[37.48271,55.602],[37.48461,55.60506],[37.48826,55.60946],[37.4886,55.6101],[37.48879,55.61076],[37.48884,55.61142],[37.48875,55.61207],[37.48852,55.6127],[37.48792,55.61362],[37.48426,55.6169],[37.47945,55.62035],[37.47884,55.62107],[37.47865,55.62145],[37.4785,55.62222],[37.47864,55.62298],[37.47908,55.62372],[37.47982,55.6244],[37.48142,55.62524],[37.48274,55.6256],[37.48891,55.62669],[37.49032,55.6272],[37.49142,55.62793],[37.49204,55.62875],[37.49221,55.6293],[37.49221,55.62985],[37.49204,55.63038],[37.49072,55.63311],[37.49059,55.63414],[37.49087,55.63516],[37.492,55.63682],[37.49298,55.63766],[37.49648,55.63968],[37.50038,55.64271],[37.51107,55.65073],[37.51177,55.65141],[37.51206,55.65185],[37.51229,55.65251],[37.5123,55.65317],[37.51207,55.65385],[37.50779,55.6594],[37.50743,55.65999],[37.50722,55.6606],[37.50719,55.66153],[37.5075,55.66243],[37.50816,55.66331],[37.50879,55.66386],[37.5186,55.66957],[37.54518,55.68769],[37.5508,55.69093],[37.55213,55.69153],[37.55359,55.69197],[37.55514,55.69226],[37.55754,55.69241],[37.55991,55.69222],[37.56142,55.69191],[37.58292,55.68447],[37.58511,55.68401],[37.5874,55.68392],[37.58958,55.68419],[37.5909,55.68455],[37.59208,55.68503],[37.59353,55.68598],[37.59666,55.68871],[37.59814,55.68944],[37.59947,55.68983],[37.60096,55.69006],[37.60252,55.69011],[37.61167,55.68955],[37.61284,55.68956],[37.61431,55.6898],[37.6176,55.69077],[37.61866,55.69092],[37.62168,55.69109],[37.62564,55.69172],[37.63568,55.69302],[37.6375,55.6934],[37.64004,55.6942],[37.6416,55.69489],[37.64531,55.6969]],[[37.46434,55.55994],[37.46418,55.56002],[37.4659,55.56111],[37.46606,55.56103],[37.46434,55.55994]],[[37.46779,55.57387],[37.4678,55.57399],[37.46767,55.57401],[37.46758,55.5739],[37.46816,55.57532],[37.46837,55.5753],[37.46779,55.57387]],[[37.47846,55.59762],[37.47859,55.59778],[37.47847,55.59781],[37.47831,55.59765],[37.47949,55.59918],[37.47966,55.59914],[37.47846,55.59762]],[[37.48182,55.61845],[37.48196,55.61851],[37.48035,55.61965],[37.48049,55.61952],[37.48021,55.61959],[37.48182,55.61845]],[[37.4845,55.62605],[37.48457,55.62593],[37.48705,55.62636],[37.48698,55.62648],[37.4845,55.62605]],[[37.50627,55.64739],[37.50645,55.64731],[37.50809,55.64855],[37.5079,55.64863],[37.50627,55.64739]],[[37.52229,55.67212],[37.52193,55.67192],[37.52185,55.67196],[37.52213,55.6722],[37.52047,55.67106],[37.52063,55.67098],[37.52229,55.67212]],[[37.54147,55.68519],[37.53968,55.68399],[37.53954,55.68406],[37.54132,55.68526],[37.54147,55.68519]],[[37.57663,55.68678],[37.57477,55.68741],[37.57467,55.68733],[37.57654,55.68669],[37.57663,55.68678]],[[37.60741,55.68989],[37.6074,55.68979],[37.61126,55.68958],[37.61127,55.68968],[37.60741,55.68989]],[[37.64626,55.69757],[37.6464,55.69749],[37.64427,55.69635],[37.64414,55.69642],[37.64626,55.69757]]]}},{"type":"Feature","properties":{"id":"line-mcc","kind":"line","lineRef":"train","ref":"MCC","color":"#4A7FB5"},"geometry":{"type":"MultiLineString","coordinates":[[[37.48647,55.81712],[37.48693,55.8137],[37.48723,55.81289],[37.48775,55.81204],[37.50139,55.79623],[37.50275,55.79439],[37.50318,55.79344],[37.50347,55.79242],[37.5065,55.77889],[37.50678,55.7781],[37.50714,55.77745],[37.50854,55.77551],[37.51333,55.77056],[37.51473,55.76881],[37.52049,55.76274],[37.5219,55.76143],[37.52463,55.75856],[37.53026,55.75105],[37.53098,55.74999],[37.5316,55.74866],[37.53255,55.74518],[37.53352,55.74076],[37.53397,55.7399],[37.53468,55.73903],[37.53624,55.73768],[37.54064,55.73475],[37.54287,55.73309],[37.55053,55.72518],[37.55131,55.72451],[37.55228,55.72387],[37.55392,55.72304],[37.55616,55.72217],[37.57162,55.71739],[37.5733,55.7167],[37.57586,55.71535],[37.57937,55.71279],[37.58066,55.71098],[37.58135,55.7103],[37.58297,55.70908],[37.58664,55.70678],[37.58754,55.7061],[37.59612,55.69613],[37.59691,55.69536],[37.6,55.69273],[37.60154,55.69155],[37.60332,55.69062],[37.60569,55.68982],[37.60812,55.68931],[37.60956,55.68916],[37.61153,55.68907],[37.61399,55.68919],[37.62376,55.69106],[37.63493,55.6925],[37.63837,55.69331],[37.64007,55.69391],[37.64181,55.69472],[37.65641,55.7027],[37.66158,55.70539],[37.6696,55.7099],[37.67133,55.71067],[37.67264,55.71115],[37.72001,55.72497],[37.7222,55.72581],[37.72355,55.72654],[37.72464,55.72728],[37.72573,55.72825],[37.72635,55.72899],[37.73104,55.73679],[37.73286,55.73888],[37.73365,55.74004],[37.73427,55.74116],[37.73598,55.74513],[37.73649,55.74586],[37.7375,55.74683],[37.73845,55.74746],[37.74299,55.74975],[37.74401,55.7504],[37.74537,55.7517],[37.74577,55.75241],[37.74613,55.75344],[37.74622,55.75404],[37.74623,55.75575],[37.7459,55.76716],[37.74391,55.77672],[37.74294,55.78772],[37.74311,55.78935],[37.74592,55.7975],[37.74614,55.79853],[37.74619,55.79944],[37.74598,55.80465],[37.74596,55.80797],[37.74578,55.81001],[37.74545,55.81106],[37.74507,55.81175],[37.7439,55.81314],[37.74259,55.81413],[37.7384,55.81653],[37.73586,55.81777],[37.73396,55.81854],[37.70824,55.82729],[37.70417,55.82879],[37.69008,55.83359],[37.68731,55.83443],[37.67872,55.83654],[37.66805,55.83936],[37.65162,55.84427],[37.64819,55.84485],[37.63888,55.84561],[37.62208,55.84623],[37.61429,55.8464],[37.60658,55.84683],[37.57769,55.84793],[37.57564,55.84817],[37.56877,55.84933],[37.56548,55.84969],[37.56202,55.84968],[37.55913,55.84938],[37.55625,55.84874],[37.55241,55.84746],[37.55051,55.84694],[37.52583,55.84182],[37.52357,55.84123],[37.52146,55.84044],[37.51921,55.83911],[37.51089,55.83318],[37.50848,55.83158],[37.50717,55.8309],[37.50214,55.8287],[37.49269,55.82423],[37.48946,55.82254],[37.48822,55.82144],[37.48686,55.81944],[37.48652,55.81843],[37.48647,55.81712]],[[37.48664,55.81685],[37.48676,55.818],[37.48735,55.81935],[37.48902,55.82167],[37.49027,55.82274],[37.49329,55.82433],[37.50521,55.82978],[37.50732,55.83084],[37.51097,55.83315],[37.51952,55.83913],[37.52082,55.83996],[37.52169,55.84038],[37.52466,55.84144],[37.5259,55.84176],[37.54983,55.84674],[37.5525,55.84743],[37.55634,55.8487],[37.55916,55.84933],[37.562,55.84963],[37.56501,55.84964],[37.56875,55.84929],[37.57608,55.84806],[37.57769,55.84788],[37.60658,55.84679],[37.61512,55.84629],[37.62204,55.8462],[37.63888,55.84558],[37.64273,55.84531],[37.64878,55.84472],[37.65157,55.84422],[37.66836,55.83915],[37.68501,55.83489],[37.68889,55.83374],[37.70119,55.82968],[37.73393,55.81851],[37.73582,55.81775],[37.73833,55.81649],[37.74261,55.81406],[37.74396,55.81299],[37.7447,55.81214],[37.74514,55.81148],[37.7456,55.81042],[37.74574,55.80974],[37.74589,55.80778],[37.74588,55.80514],[37.7461,55.79901],[37.74596,55.79797],[37.74547,55.7964],[37.74309,55.78954],[37.74289,55.78851],[37.74286,55.78772],[37.74388,55.77643],[37.74583,55.76716],[37.74596,55.76282],[37.74587,55.75994],[37.74609,55.75404],[37.74588,55.75292],[37.74553,55.7521],[37.74523,55.75167],[37.74395,55.75043],[37.74293,55.74978],[37.73849,55.74756],[37.73739,55.74685],[37.73668,55.74618],[37.73587,55.74505],[37.73416,55.74108],[37.7333,55.73962],[37.73092,55.73676],[37.72948,55.73434],[37.72848,55.73299],[37.72613,55.72905],[37.72559,55.72832],[37.72456,55.72731],[37.72343,55.72654],[37.72215,55.72587],[37.71995,55.72508],[37.68294,55.71419],[37.67561,55.71213],[37.6713,55.71074],[37.66956,55.70996],[37.64175,55.69475],[37.64002,55.69395],[37.63834,55.69335],[37.63492,55.69254],[37.62373,55.69113],[37.61396,55.68925],[37.61283,55.68915],[37.6104,55.68916],[37.60891,55.68929],[37.60681,55.68965],[37.60488,55.69018],[37.60299,55.69088],[37.60177,55.69149],[37.60017,55.69265],[37.59624,55.6961],[37.58759,55.70613],[37.58669,55.70681],[37.58302,55.7091],[37.58141,55.71032],[37.58072,55.711],[37.57942,55.7128],[37.57591,55.71538],[37.57381,55.7165],[37.57215,55.71723],[37.5557,55.72237],[37.55396,55.72307],[37.55233,55.7239],[37.55137,55.72454],[37.55058,55.72521],[37.54292,55.73313],[37.54049,55.73493],[37.53633,55.7377],[37.53461,55.73931],[37.53413,55.73994],[37.53366,55.74086],[37.53263,55.74519],[37.53243,55.74638],[37.53181,55.74869],[37.5309,55.75034],[37.52472,55.75856],[37.51035,55.77382],[37.50875,55.77539],[37.50724,55.77745],[37.50659,55.7789],[37.50355,55.79242],[37.50325,55.79345],[37.50285,55.79435],[37.50148,55.79623],[37.49027,55.80915],[37.48787,55.81206],[37.48736,55.81291],[37.48704,55.8137],[37.48664,55.81685]],[[37.48666,55.81448],[37.48695,55.81326],[37.48712,55.81287],[37.48721,55.81289],[37.4869,55.81369],[37.48675,55.81448],[37.48666,55.81448]],[[37.49758,55.82637],[37.49746,55.82646],[37.49523,55.82541],[37.49534,55.82533],[37.49758,55.82637]],[[37.49948,55.79824],[37.49822,55.7997],[37.49832,55.79972],[37.49958,55.79827],[37.49948,55.79824]],[[37.49973,55.79829],[37.49846,55.79976],[37.49856,55.79979],[37.49983,55.79832],[37.49973,55.79829]],[[37.50443,55.78734],[37.50391,55.78967],[37.50403,55.78967],[37.50455,55.78735],[37.50443,55.78734]],[[37.5047,55.78736],[37.50418,55.78969],[37.50429,55.7897],[37.50481,55.78736],[37.5047,55.78736]],[[37.52121,55.84017],[37.51927,55.839],[37.51917,55.83905],[37.52063,55.83998],[37.52111,55.84023],[37.52121,55.84017]],[[37.52504,55.75804],[37.52496,55.75802],[37.52608,55.75653],[37.52616,55.75654],[37.52504,55.75804]],[[37.52525,55.75809],[37.52517,55.75807],[37.52629,55.75658],[37.52638,55.7566],[37.52525,55.75809]],[[37.53224,55.7464],[37.53158,55.74882],[37.53173,55.74883],[37.53179,55.74868],[37.5324,55.74641],[37.53224,55.7464]],[[37.53384,55.74038],[37.53454,55.73935],[37.53444,55.73932],[37.5343,55.73949],[37.53374,55.74036],[37.53334,55.74151],[37.53344,55.74152],[37.53384,55.74038]],[[37.55238,55.84752],[37.54969,55.84686],[37.54974,55.84679],[37.55049,55.84695],[37.55238,55.84752]],[[37.55252,55.84738],[37.55107,55.84694],[37.54984,55.84666],[37.5498,55.84672],[37.55252,55.84738]],[[37.55718,55.72197],[37.56167,55.72061],[37.55718,55.72197]],[[37.55964,55.72108],[37.56301,55.72005],[37.55964,55.72108]],[[37.57241,55.84867],[37.57237,55.8486],[37.56983,55.84904],[37.56986,55.84911],[37.57241,55.84867]],[[37.57247,55.84881],[37.57244,55.84874],[37.56987,55.84919],[37.5699,55.84925],[37.57247,55.84881]],[[37.58495,55.70782],[37.58489,55.70779],[37.58675,55.70669],[37.58495,55.70782]],[[37.58509,55.70789],[37.58504,55.70786],[37.58689,55.70676],[37.58509,55.70789]],[[37.60392,55.69049],[37.60649,55.68973],[37.60643,55.68965],[37.60515,55.68998],[37.60385,55.69042],[37.60392,55.69049]],[[37.61719,55.68989],[37.61991,55.69039],[37.61719,55.68989]],[[37.63864,55.84557],[37.64111,55.84542],[37.6411,55.84535],[37.63863,55.8455],[37.63864,55.84557]],[[37.63875,55.84571],[37.64114,55.84556],[37.64113,55.84549],[37.63874,55.84564],[37.63875,55.84571]],[[37.64652,55.69737],[37.64661,55.69732],[37.64865,55.69842],[37.64856,55.69847],[37.64652,55.69737]],[[37.66171,55.70549],[37.66163,55.70555],[37.66445,55.70713],[37.66454,55.70708],[37.66171,55.70549]],[[37.66549,55.84005],[37.66848,55.83923],[37.66842,55.83917],[37.66749,55.83942],[37.66549,55.84005]],[[37.67909,55.71309],[37.67914,55.71303],[37.67673,55.71233],[37.67667,55.71239],[37.67909,55.71309]],[[37.69888,55.71881],[37.69565,55.71785],[37.69558,55.71793],[37.69881,55.71888],[37.69888,55.71881]],[[37.71539,55.72375],[37.71823,55.72457],[37.71829,55.7245],[37.71545,55.72368],[37.71539,55.72375]],[[37.72736,55.73103],[37.72757,55.73103],[37.72896,55.73337],[37.72881,55.7334],[37.72736,55.73103]],[[37.73582,55.81773],[37.73575,55.81769],[37.73832,55.81648],[37.73582,55.81773]],[[37.73753,55.74698],[37.73904,55.74787],[37.73897,55.74791],[37.73837,55.7476],[37.73725,55.74685],[37.73753,55.74698]],[[37.73774,55.74688],[37.73924,55.74777],[37.73917,55.74781],[37.73857,55.7475],[37.73747,55.74676],[37.73772,55.74689],[37.73755,55.74673],[37.73774,55.74688]],[[37.7385,55.81658],[37.73843,55.81654],[37.73591,55.81777],[37.73599,55.81782],[37.73689,55.81741],[37.7385,55.81658]],[[37.74304,55.78885],[37.7435,55.79045],[37.74361,55.79044],[37.74315,55.78884],[37.74304,55.78885]],[[37.74505,55.77216],[37.74539,55.77056],[37.74529,55.77055],[37.74495,55.77216],[37.74505,55.77216]],[[37.74595,55.75781],[37.74611,55.75781],[37.74608,55.75938],[37.74592,55.75938],[37.74595,55.75781]],[[37.74611,55.80481],[37.74617,55.80307],[37.74609,55.80307],[37.74599,55.80481],[37.74611,55.80481]]]}},{"type":"Feature","properties":{"id":"line-mcd1","kind":"line","lineRef":"train","ref":"D1","color":"#ED9F2D"},"geometry":{"type":"MultiLineString","coordinates":[[[37.28268,55.67249],[37.28551,55.67394]],[[37.28551,55.67394],[37.29174,55.67703],[37.29318,55.67767],[37.29491,55.67828],[37.29627,55.67865],[37.31699,55.68308],[37.31908,55.68365],[37.32101,55.68437],[37.32733,55.6876],[37.32926,55.68878],[37.33095,55.69023],[37.33508,55.6943],[37.3374,55.69625],[37.35248,55.70702],[37.35453,55.70829],[37.35616,55.70904],[37.35999,55.71044],[37.40337,55.72582],[37.40631,55.72649],[37.40835,55.72676],[37.40984,55.72684],[37.44176,55.72665],[37.44908,55.72678],[37.4504,55.72688],[37.49551,55.73392],[37.49941,55.7348],[37.50593,55.73679],[37.50734,55.73746],[37.5089,55.73851],[37.50947,55.73901],[37.51174,55.74143],[37.51379,55.74334],[37.51521,55.74437],[37.51715,55.74539],[37.51807,55.74577],[37.52522,55.74783],[37.52787,55.74912],[37.52885,55.74977],[37.52979,55.75061],[37.53029,55.7512],[37.53085,55.75219],[37.53511,55.76205],[37.53586,55.76443],[37.53629,55.76741],[37.53666,55.76847],[37.53737,55.76947],[37.53806,55.77016],[37.53903,55.77092],[37.53978,55.77136],[37.54203,55.77229],[37.54377,55.77272],[37.54527,55.77294],[37.55049,55.77326],[37.57097,55.77546],[37.57501,55.77552],[37.5767,55.77572],[37.57819,55.7761],[37.58138,55.7775],[37.58401,55.7792],[37.58492,55.78006],[37.58524,55.78054],[37.58585,55.78196],[37.58673,55.78495],[37.58755,55.78819],[37.58792,55.79024],[37.58831,55.79159],[37.58934,55.79362],[37.58938,55.79418],[37.58899,55.79695],[37.58849,55.7991],[37.58816,55.8013],[37.58768,55.80321],[37.58621,55.80728],[37.58576,55.8079],[37.58494,55.80868],[37.58373,55.80937],[37.58053,55.81089],[37.57939,55.81183],[37.57911,55.81221],[37.57873,55.81315],[37.5781,55.81606],[37.5779,55.8166],[37.57761,55.81714],[37.57433,55.82155],[37.57405,55.82239],[37.57361,55.83087],[37.57378,55.83183],[37.57415,55.8326],[37.57471,55.83331],[37.57764,55.83566],[37.5783,55.83635],[37.57897,55.83748],[37.57912,55.838],[37.57917,55.83893],[37.57892,55.83988],[37.57846,55.84071],[37.57802,55.84124],[37.57609,55.84311],[37.57536,55.84424],[37.57481,55.84628],[37.57376,55.8493],[37.57291,55.85141],[37.57268,55.85295],[37.57273,55.85374],[37.57324,55.85568],[37.57427,55.85848],[37.57445,55.85921],[37.57463,55.86046],[37.57465,55.86162],[37.57419,55.86343],[37.56867,55.87634],[37.56833,55.87766],[37.56814,55.87953],[37.56791,55.88059],[37.56754,55.88454],[37.56747,55.88689],[37.5671,55.89017],[37.5668,55.89085],[37.56592,55.89195],[37.56408,55.8933],[37.56096,55.89456],[37.54291,55.90116],[37.5412,55.90204],[37.53998,55.9029],[37.53872,55.90401],[37.5381,55.90477],[37.53427,55.91193],[37.51522,55.94961],[37.51433,55.95091],[37.51364,55.95161],[37.5108,55.95397],[37.51019,55.95474],[37.50988,55.95533],[37.50968,55.95601],[37.50899,55.95996],[37.50874,55.96088],[37.50688,55.96486],[37.50336,55.97412],[37.48768,56.00769],[37.48669,56.00954]],[[37.48669,56.00954],[37.49829,55.98494],[37.5033,55.97412],[37.50646,55.96568],[37.50866,55.96087],[37.50891,55.95995],[37.50947,55.95658],[37.50981,55.95531],[37.51011,55.95473],[37.51073,55.95396],[37.5136,55.95159],[37.51428,55.95088],[37.51515,55.9496],[37.53421,55.91191],[37.53756,55.90546],[37.53802,55.90475],[37.53867,55.90399],[37.53992,55.90287],[37.54165,55.90171],[37.54286,55.90112],[37.56133,55.89435],[37.56402,55.89325],[37.56473,55.89282],[37.56587,55.89192],[37.56671,55.89083],[37.567,55.89016],[37.5674,55.8866],[37.56746,55.88454],[37.56786,55.87998],[37.56805,55.87829],[37.56822,55.87759],[37.5686,55.87633],[37.57412,55.86342],[37.5745,55.86212],[37.57459,55.86115],[37.57435,55.85911],[37.57316,55.85565],[37.57262,55.85337],[37.57265,55.85253],[37.57292,55.85082],[37.57444,55.84619],[37.57518,55.8443],[37.57601,55.84309],[37.57748,55.84168],[37.57821,55.84085],[37.57874,55.83985],[37.57894,55.83893],[37.57892,55.83819],[37.57874,55.8375],[37.57813,55.83639],[37.5775,55.8357],[37.5746,55.83335],[37.57405,55.83263],[37.57369,55.83184],[37.57355,55.83128],[37.57352,55.83059],[37.57399,55.82239],[37.57427,55.82154],[37.57454,55.82111],[37.57757,55.81706],[37.578,55.81605],[37.57863,55.81314],[37.57903,55.8122],[37.57931,55.8118],[37.58046,55.81087],[37.58368,55.80932],[37.58486,55.80865],[37.58539,55.8082],[37.58612,55.80726],[37.58647,55.80636],[37.58889,55.79704],[37.58928,55.79377],[37.58909,55.79322],[37.5883,55.79175],[37.58797,55.79078],[37.58748,55.78823],[37.58669,55.78513],[37.58578,55.78206],[37.58516,55.78053],[37.58481,55.78004],[37.58415,55.7794],[37.58146,55.77761],[37.57817,55.77615],[37.57664,55.77577],[37.57499,55.77556],[37.57096,55.77549],[37.5505,55.77331],[37.54525,55.77298],[37.54375,55.77276],[37.54199,55.77232],[37.54073,55.77187],[37.53948,55.77125],[37.53862,55.7707],[37.5378,55.77],[37.53696,55.76906],[37.53652,55.76832],[37.53618,55.76722],[37.53573,55.76417],[37.53513,55.76231],[37.53078,55.7522],[37.53021,55.75122],[37.52972,55.75063],[37.52877,55.7498],[37.52782,55.74916],[37.52552,55.74801],[37.52122,55.74668],[37.51802,55.74581],[37.51515,55.7444],[37.514,55.7436],[37.51167,55.74146],[37.50886,55.73853],[37.50729,55.73749],[37.50589,55.73683],[37.49937,55.73484],[37.49547,55.73396],[37.45107,55.72701],[37.44878,55.72681],[37.44176,55.72669],[37.40984,55.72688],[37.40832,55.72679],[37.40627,55.72652],[37.40333,55.72586],[37.35996,55.71048],[37.35613,55.70907],[37.3545,55.70832],[37.35346,55.70773],[37.35185,55.70663],[37.33783,55.69664],[37.33501,55.69433],[37.33088,55.69025],[37.32921,55.6888],[37.32687,55.68741],[37.32096,55.6844],[37.31904,55.68368],[37.31697,55.68312],[37.29624,55.6787],[37.29487,55.67832],[37.29312,55.67771],[37.29169,55.67707],[37.2863,55.67441],[37.28551,55.67394]],[[37.48669,56.00954],[37.48483,56.01351]],[[37.54129,55.77214],[37.53988,55.7715],[37.53873,55.77082]],[[37.54136,55.77203],[37.54017,55.77153],[37.53885,55.77075]],[[37.281,55.6716],[37.28424,55.67326],[37.28431,55.67322],[37.28106,55.67156],[37.281,55.6716]],[[37.31588,55.68289],[37.31123,55.6819],[37.31117,55.68198],[37.31583,55.68296],[37.31588,55.68289]],[[37.34127,55.69929],[37.34141,55.69923],[37.34437,55.70134],[37.34423,55.7014],[37.34127,55.69929]],[[37.37758,55.71675],[37.37354,55.71532],[37.37348,55.71538],[37.37751,55.71681],[37.37758,55.71675]],[[37.37768,55.71666],[37.37359,55.71525],[37.37768,55.71666]],[[37.3989,55.72434],[37.39885,55.72439],[37.39481,55.72295],[37.39487,55.72291],[37.3989,55.72434]],[[37.39903,55.7243],[37.39908,55.72426],[37.39533,55.72298],[37.39903,55.7243]],[[37.4159,55.72696],[37.4159,55.72689],[37.42068,55.72687],[37.42068,55.72693],[37.4159,55.72696]],[[37.42067,55.72674],[37.41589,55.72681],[37.42067,55.72674]],[[37.44844,55.7267],[37.45051,55.72682],[37.45363,55.72727],[37.4505,55.72686],[37.44844,55.7267]],[[37.48465,56.01386],[37.48575,56.01151],[37.48566,56.0115],[37.48416,56.0147],[37.48425,56.01471],[37.48465,56.01386]],[[37.4983,55.98484],[37.49935,55.98259],[37.49822,55.98482],[37.4983,55.98484]],[[37.49842,55.98488],[37.4985,55.98489],[37.49957,55.9826],[37.49949,55.98259],[37.49842,55.98488]],[[37.50401,55.97208],[37.50488,55.96983],[37.50401,55.97208]],[[37.505,55.96986],[37.50416,55.97207],[37.505,55.96986]],[[37.51246,55.95245],[37.51108,55.95354],[37.51347,55.95167],[37.51246,55.95245]],[[37.51365,55.95171],[37.51122,55.95362],[37.51365,55.95171]],[[37.51603,55.7448],[37.51608,55.74477],[37.51478,55.74403],[37.51343,55.74296],[37.51467,55.74399],[37.51603,55.7448]],[[37.51918,55.94134],[37.52045,55.93898],[37.51918,55.94134]],[[37.51943,55.94138],[37.5195,55.94139],[37.5207,55.93902],[37.52063,55.93901],[37.51943,55.94138]],[[37.52738,55.92566],[37.5286,55.92324],[37.52869,55.92325],[37.52747,55.92567],[37.52738,55.92566]],[[37.52847,55.92322],[37.52729,55.92543],[37.52847,55.92322]],[[37.53088,55.75256],[37.53076,55.75258],[37.53186,55.75508],[37.532,55.75506],[37.53088,55.75256]],[[37.53212,55.75504],[37.5322,55.75503],[37.53112,55.75252],[37.53103,55.75254],[37.53212,55.75504]],[[37.54688,55.8996],[37.5468,55.89953],[37.55106,55.89799],[37.55114,55.89805],[37.54688,55.8996]],[[37.54702,55.89972],[37.54695,55.89966],[37.55119,55.89812],[37.55126,55.89818],[37.54702,55.89972]],[[37.56743,55.88369],[37.5675,55.88369],[37.56772,55.88135],[37.56765,55.88135],[37.56748,55.88262],[37.56743,55.88369]],[[37.5732,55.84995],[37.57332,55.84996],[37.57445,55.84668],[37.57433,55.84667],[37.5732,55.84995]],[[37.57357,55.84999],[37.57369,55.85],[37.57483,55.84672],[37.5747,55.84671],[37.57357,55.84999]],[[37.57685,55.81794],[37.57676,55.81792],[37.57503,55.82019],[37.57512,55.82021],[37.57685,55.81794]],[[37.57711,55.81801],[37.57702,55.81799],[37.5753,55.82026],[37.57539,55.82028],[37.57711,55.81801]],[[37.57829,55.83636],[37.57895,55.83748],[37.57917,55.83864],[37.57897,55.83864],[37.57886,55.83783],[37.57858,55.8371],[37.57776,55.83594],[37.57817,55.83638],[37.57826,55.83637],[37.57789,55.83591],[37.57829,55.83636]]]}},{"type":"Feature","properties":{"id":"line-mcd2","kind":"line","lineRef":"train","ref":"D2","color":"#DF477C"},"geometry":{"type":"MultiLineString","coordinates":[[[37.18723,55.84107],[37.18493,55.84161]],[[37.18723,55.84107],[37.18981,55.84042],[37.20244,55.83759],[37.2049,55.83692],[37.23523,55.82713],[37.24665,55.8233],[37.25346,55.82118],[37.25547,55.8204],[37.25693,55.81962],[37.25853,55.8185],[37.26175,55.81602],[37.26324,55.81513],[37.26543,55.81431],[37.26809,55.81383],[37.2709,55.81377],[37.27367,55.81414],[37.27507,55.81453],[37.28549,55.81819],[37.28745,55.81864],[37.28984,55.81884],[37.29137,55.81881],[37.2929,55.81864],[37.29472,55.81829],[37.29691,55.81767],[37.29928,55.81671],[37.30787,55.81237],[37.3103,55.81166],[37.31242,55.81137],[37.31427,55.81134],[37.31603,55.81149],[37.34379,55.81549],[37.35007,55.81668],[37.35428,55.81761],[37.35654,55.81819],[37.35751,55.81854],[37.3586,55.81908],[37.35949,55.8197],[37.36011,55.82034],[37.36045,55.82084],[37.3609,55.82177],[37.36204,55.82485],[37.36253,55.82572],[37.36339,55.82678],[37.36427,55.82762],[37.36605,55.82884],[37.36749,55.82958],[37.36887,55.83014],[37.37066,55.83069],[37.37509,55.83167],[37.37722,55.83188],[37.38429,55.83219],[37.38601,55.8325],[37.39068,55.83363],[37.39244,55.83383],[37.39381,55.83384],[37.3952,55.83373],[37.4023,55.83256],[37.40383,55.8322],[37.40755,55.83104],[37.40988,55.83068],[37.41125,55.83064],[37.41273,55.83075],[37.41622,55.83144],[37.41765,55.83162],[37.41965,55.83168],[37.42168,55.8315],[37.42348,55.83111],[37.43243,55.82848],[37.43375,55.82825],[37.4371,55.82797],[37.43886,55.82766],[37.44033,55.82724],[37.44359,55.82608],[37.44542,55.8253],[37.44665,55.82455],[37.44788,55.82352],[37.44843,55.82253],[37.44848,55.82161],[37.44814,55.82075],[37.44669,55.81877],[37.44633,55.81797],[37.44625,55.81738],[37.44638,55.81663],[37.44697,55.81562],[37.44784,55.81481],[37.45061,55.81269],[37.45118,55.81234],[37.45293,55.8116],[37.45517,55.81109],[37.45656,55.81099],[37.45786,55.81101],[37.46225,55.81121],[37.46862,55.8117],[37.46955,55.81188],[37.47196,55.8126],[37.47876,55.81482],[37.48023,55.81516],[37.48208,55.81537],[37.4839,55.8154],[37.50765,55.81476],[37.50978,55.81478],[37.52893,55.81561],[37.53084,55.8156],[37.53231,55.81546],[37.53385,55.81517],[37.53621,55.81438],[37.55076,55.8064],[37.55283,55.80564],[37.55544,55.80505],[37.55794,55.80486],[37.55969,55.80496],[37.58188,55.80849],[37.58356,55.80866],[37.5871,55.80864],[37.58868,55.80844],[37.59034,55.8081],[37.5937,55.80715],[37.59526,55.80652],[37.59687,55.80556],[37.60204,55.80185],[37.6031,55.80134],[37.60439,55.80093],[37.60656,55.80065],[37.60956,55.80061],[37.62432,55.80117],[37.6257,55.80107],[37.62724,55.80081],[37.62837,55.80048],[37.62952,55.79998],[37.63134,55.79892],[37.63679,55.79537],[37.6427,55.79091],[37.64376,55.79003],[37.64432,55.78939],[37.64467,55.78883],[37.64495,55.78809],[37.64515,55.78588],[37.64739,55.78088],[37.64853,55.77933],[37.65106,55.77698],[37.6534,55.77395],[37.65388,55.77295],[37.65518,55.76947],[37.65819,55.76518],[37.65958,55.76276],[37.66127,55.76036],[37.66343,55.75588],[37.66379,55.75524],[37.66473,55.75405],[37.66778,55.75177],[37.66909,55.75116],[37.67248,55.75006],[37.67846,55.74918],[37.68246,55.74827],[37.68358,55.74784],[37.68805,55.7457],[37.69262,55.74365],[37.69452,55.74265],[37.69644,55.74119],[37.69734,55.74025],[37.69803,55.73926],[37.69958,55.73656],[37.70009,55.73589],[37.70076,55.73522],[37.70996,55.72757],[37.71121,55.72632],[37.71387,55.72412],[37.71643,55.72225],[37.72471,55.71548],[37.72732,55.71319],[37.72821,55.71219],[37.72884,55.71124],[37.72925,55.71003],[37.73014,55.69948],[37.73116,55.69506],[37.73153,55.69396],[37.73192,55.6932],[37.73251,55.69237],[37.73406,55.69061],[37.73437,55.68996],[37.7348,55.68837],[37.73481,55.68747],[37.73465,55.68692],[37.73236,55.6825],[37.73121,55.67951],[37.72962,55.6767],[37.72806,55.67422],[37.72657,55.67132],[37.72517,55.66897],[37.72281,55.66604],[37.72193,55.66518],[37.72066,55.66416],[37.70507,55.65251],[37.70287,55.65103],[37.69875,55.64801],[37.69514,55.6459],[37.69098,55.64218],[37.68881,55.6401],[37.68787,55.63891],[37.68735,55.63785],[37.68544,55.63227],[37.68509,55.63149],[37.68453,55.63065],[37.68322,55.62941],[37.67516,55.62294],[37.66988,55.61937],[37.66751,55.61808],[37.66561,55.61722],[37.66138,55.61593]],[[37.66182,55.75991],[37.66116,55.76066],[37.65962,55.76283],[37.65828,55.76519],[37.65529,55.76944],[37.655,55.77004],[37.65393,55.77322],[37.65305,55.77473],[37.65123,55.77702],[37.64844,55.77962],[37.64748,55.78089],[37.64532,55.78565],[37.64517,55.78632],[37.64506,55.78811],[37.6448,55.78885],[37.64448,55.78942],[37.64396,55.79003],[37.6431,55.7908],[37.63738,55.79507],[37.62987,55.79985],[37.62801,55.80066],[37.62626,55.80109],[37.62488,55.80126],[37.62325,55.80129],[37.61484,55.80086],[37.60863,55.80068],[37.60603,55.80075],[37.60379,55.80115],[37.60261,55.80161],[37.60164,55.80218],[37.59638,55.80598],[37.59544,55.80651],[37.59336,55.80731],[37.59039,55.80813],[37.5887,55.80849],[37.58634,55.80873],[37.58302,55.80867],[37.58086,55.80839],[37.56023,55.80508],[37.55794,55.80491],[37.55589,55.80504],[37.55282,55.80568],[37.55082,55.80643],[37.53721,55.81393],[37.53581,55.81459],[37.53344,55.8153],[37.5318,55.81556],[37.53037,55.81566],[37.50978,55.81482],[37.50766,55.8148],[37.48208,55.81544],[37.48058,55.81529],[37.47882,55.81495],[37.47713,55.81446],[37.47007,55.81208],[37.46859,55.81173],[37.46718,55.81157],[37.45783,55.81112],[37.45534,55.81117],[37.45281,55.8117],[37.45125,55.81236],[37.44992,55.81327],[37.4479,55.81483],[37.44703,55.81563],[37.44645,55.81663],[37.44632,55.81738],[37.44643,55.81797],[37.44677,55.81876],[37.44806,55.82048],[37.44839,55.82109],[37.44858,55.82192],[37.4485,55.82253],[37.44799,55.82355],[37.44698,55.8245],[37.44528,55.82547],[37.44373,55.82619],[37.44035,55.82739],[37.43868,55.82783],[37.43384,55.82835],[37.43198,55.8287],[37.42413,55.83104],[37.42238,55.83148],[37.42012,55.83173],[37.41827,55.83172],[37.4162,55.83148],[37.41271,55.83079],[37.41124,55.83069],[37.40989,55.83072],[37.40757,55.83108],[37.40386,55.83224],[37.40234,55.83261],[37.39523,55.83376],[37.39319,55.83391],[37.3912,55.83381],[37.38994,55.83362],[37.38595,55.83259],[37.3843,55.83231],[37.37721,55.83197],[37.37506,55.83174],[37.37063,55.83073],[37.36833,55.83003],[37.36668,55.82932],[37.36533,55.82858],[37.36343,55.82711],[37.36247,55.82595],[37.36193,55.82507],[37.36069,55.8218],[37.3601,55.82059],[37.35931,55.81975],[37.3584,55.81914],[37.35691,55.81845],[37.35534,55.81798],[37.34925,55.81658],[37.34546,55.81582],[37.31594,55.81155],[37.31425,55.8114],[37.31242,55.81142],[37.31033,55.8117],[37.30792,55.8124],[37.29932,55.81674],[37.29693,55.8177],[37.29473,55.81833],[37.29291,55.81868],[37.29138,55.81884],[37.28984,55.81888],[37.28744,55.81867],[37.28546,55.81822],[37.27689,55.8152],[37.27365,55.81418],[37.27089,55.81382],[37.26865,55.81383],[37.26595,55.81423],[37.26461,55.81462],[37.26328,55.81516],[37.26181,55.81604],[37.25801,55.81896],[37.25697,55.81966],[37.25552,55.82044],[37.2535,55.82123],[37.20497,55.83697],[37.20248,55.83764],[37.18923,55.8407],[37.18723,55.84107]],[[37.66138,55.61593],[37.6575,55.61483],[37.64537,55.61222],[37.6432,55.61159],[37.64093,55.61065],[37.63939,55.60977],[37.63797,55.60871],[37.6293,55.60018],[37.62825,55.59931],[37.62723,55.59866],[37.62623,55.59816],[37.62086,55.59579],[37.61918,55.59486],[37.618,55.59404],[37.61709,55.59321],[37.6162,55.59208],[37.61558,55.59106],[37.61512,55.58996],[37.61493,55.58922],[37.61295,55.57416],[37.61242,55.57258],[37.61179,55.5716],[37.61126,55.57099],[37.6073,55.56703],[37.60573,55.56572],[37.60467,55.56508],[37.60133,55.56346],[37.5962,55.56161],[37.59398,55.56053],[37.57439,55.54747],[37.57281,55.54608],[37.57214,55.54528],[37.57159,55.54442],[37.57103,55.54309],[37.57034,55.54065],[37.56978,55.5379],[37.5695,55.5357],[37.56869,55.53269],[37.56207,55.50986],[37.56067,55.50558],[37.55957,55.50125],[37.55683,55.49174],[37.55634,55.49008],[37.55526,55.48719],[37.55453,55.48453],[37.55419,55.48271],[37.5542,55.48103],[37.55578,55.46781],[37.55655,55.46604],[37.55713,55.46525],[37.55791,55.46433],[37.56161,55.461],[37.56231,55.46011],[37.5629,55.45912],[37.5635,55.45767],[37.56555,55.45163],[37.56804,55.44253],[37.56817,55.44175],[37.5682,55.4396],[37.5679,55.4375],[37.56705,55.43497],[37.56532,55.43181]],[[37.56552,55.43178],[37.56713,55.43477],[37.56791,55.43644],[37.56822,55.43742],[37.56831,55.43841],[37.56832,55.44054],[37.56811,55.44254],[37.56562,55.45175],[37.56291,55.45929],[37.56186,55.46084],[37.55799,55.46432],[37.55695,55.46558],[37.55613,55.46706],[37.55563,55.46913],[37.55429,55.48103],[37.55427,55.48189],[37.55452,55.48372],[37.55543,55.48717],[37.55677,55.49126],[37.56958,55.53571],[37.56978,55.5373],[37.57042,55.54065],[37.57112,55.54309],[37.57167,55.54441],[37.57221,55.54526],[37.57287,55.54606],[37.57444,55.54744],[37.59394,55.56043],[37.59625,55.56158],[37.60135,55.56338],[37.60471,55.565],[37.60587,55.56572],[37.6074,55.567],[37.61133,55.57098],[37.61208,55.5719],[37.61249,55.57257],[37.61302,55.57416],[37.61507,55.58954],[37.61586,55.59146],[37.61716,55.59319],[37.61808,55.59401],[37.61929,55.59485],[37.62095,55.59578],[37.62677,55.59837],[37.62831,55.59929],[37.62936,55.60017],[37.63795,55.60861],[37.6394,55.60973],[37.64152,55.61088],[37.64327,55.61157],[37.6454,55.61218],[37.66008,55.6153],[37.66282,55.61602]],[[37.6662,55.61739],[37.66456,55.61679],[37.66138,55.61593]],[[37.66367,55.75587],[37.66296,55.75787],[37.66236,55.75911],[37.66182,55.75991]],[[37.66367,55.75587],[37.66346,55.75689],[37.66304,55.75789],[37.66245,55.75914],[37.66182,55.75991]],[[37.66282,55.61602],[37.6651,55.61664],[37.66755,55.61756],[37.66954,55.61862],[37.67155,55.62005],[37.67549,55.62313],[37.68328,55.6294],[37.68433,55.63035],[37.68516,55.63146],[37.68552,55.63227],[37.68743,55.63784],[37.68794,55.63888],[37.68888,55.64008],[37.69069,55.64182],[37.69504,55.64569],[37.69964,55.64843],[37.72072,55.66413],[37.72289,55.66602],[37.72526,55.66894],[37.73133,55.67949],[37.73218,55.6811],[37.73283,55.68281],[37.73487,55.68648],[37.73501,55.68728],[37.73486,55.68855],[37.73444,55.68998],[37.73415,55.69063],[37.73226,55.69282],[37.73146,55.69434],[37.73022,55.69948],[37.72929,55.71022],[37.72895,55.71126],[37.72829,55.71221],[37.72689,55.71371],[37.7165,55.72227],[37.71399,55.72419],[37.71135,55.72637],[37.71001,55.72763],[37.70083,55.73524],[37.69967,55.73656],[37.69811,55.73928],[37.69741,55.74028],[37.69625,55.74145],[37.69518,55.74229],[37.69423,55.74289],[37.69227,55.7439],[37.68376,55.74784],[37.68253,55.7483],[37.67849,55.74922],[37.67252,55.75011],[37.67112,55.75051],[37.66862,55.75141],[37.66785,55.75179],[37.66481,55.75407],[37.66403,55.75503],[37.66367,55.75587]],[[37.66282,55.61602],[37.66495,55.6168],[37.6662,55.61739]],[[37.18302,55.84217],[37.18708,55.84121],[37.18703,55.84115],[37.18297,55.8421],[37.18302,55.84217]],[[37.21831,55.83252],[37.22195,55.83139],[37.21994,55.832],[37.21976,55.83198],[37.21831,55.83252]],[[37.2184,55.83262],[37.22206,55.83148],[37.2184,55.83262]],[[37.30157,55.81552],[37.30453,55.81395],[37.3045,55.8139],[37.30463,55.81394],[37.30157,55.81552]],[[37.30166,55.81557],[37.3041,55.81436],[37.30417,55.8144],[37.30415,55.81434],[37.30473,55.81404],[37.30166,55.81557]],[[37.34167,55.81524],[37.34169,55.81519],[37.33732,55.81461],[37.34167,55.81524]],[[37.36095,55.82202],[37.36091,55.82191],[37.36077,55.82192],[37.36161,55.82421],[37.36174,55.8242],[37.36095,55.82202]],[[37.38396,55.83226],[37.37966,55.83206],[37.37967,55.83198],[37.38294,55.83213],[37.38397,55.83218],[37.38396,55.83226]],[[37.43808,55.82787],[37.43867,55.82781],[37.44002,55.82747],[37.44371,55.82618],[37.44362,55.8261],[37.44034,55.82726],[37.43808,55.82787]],[[37.45784,55.8111],[37.45785,55.81103],[37.46224,55.81123],[37.46223,55.81131],[37.45784,55.8111]],[[37.52401,55.81549],[37.52753,55.81569],[37.52798,55.81563],[37.52401,55.81549]],[[37.52692,55.81547],[37.52265,55.81532],[37.52692,55.81547]],[[37.55517,55.80509],[37.55323,55.80551],[37.55138,55.80607],[37.55366,55.80531],[37.55514,55.80503],[37.55517,55.80509]],[[37.55523,55.47168],[37.55553,55.46912],[37.55523,55.47168]],[[37.55538,55.47158],[37.55566,55.46926],[37.55573,55.46927],[37.55544,55.47158],[37.55538,55.47158]],[[37.5621,55.50963],[37.5622,55.50961],[37.56243,55.51031],[37.56282,55.51199],[37.5621,55.50963]],[[37.56233,55.51091],[37.56166,55.50862],[37.56159,55.50862],[37.56191,55.50972],[37.56178,55.50973],[37.56185,55.50997],[37.56199,55.50996],[37.56215,55.51047],[37.56205,55.51048],[37.56211,55.51069],[37.56233,55.51091]],[[37.56606,55.43307],[37.56472,55.43054],[37.56501,55.43091],[37.56586,55.43247],[37.56616,55.43306],[37.56606,55.43307]],[[37.57083,55.54252],[37.5702,55.5402],[37.57013,55.5402],[37.57076,55.54253],[37.57083,55.54252]],[[37.57098,55.54252],[37.57105,55.54251],[37.57078,55.54161],[37.57086,55.5416],[37.57042,55.54024],[37.57035,55.54024],[37.57098,55.54252]],[[37.58017,55.80833],[37.57623,55.8077],[37.58017,55.80833]],[[37.61057,55.57016],[37.61164,55.57128],[37.61241,55.57227],[37.61157,55.57113],[37.61162,55.57109],[37.61057,55.57016]],[[37.61217,55.57233],[37.61165,55.57158],[37.61156,55.57161],[37.61146,55.57149],[37.61155,55.57147],[37.61037,55.57022],[37.61161,55.57144],[37.61223,55.57231],[37.61217,55.57233]],[[37.61488,55.58922],[37.61521,55.59055],[37.61556,55.59126],[37.61576,55.59148],[37.61531,55.59053],[37.61488,55.58922]],[[37.6151,55.58921],[37.61504,55.58921],[37.6151,55.58954],[37.61531,55.5902],[37.61589,55.59138],[37.61537,55.59019],[37.6151,55.58921]],[[37.61703,55.80098],[37.6214,55.80119],[37.62141,55.80111],[37.61703,55.80098]],[[37.63961,55.79341],[37.63949,55.79336],[37.64329,55.79048],[37.64339,55.79052],[37.63961,55.79341]],[[37.66326,55.75637],[37.66191,55.75944],[37.66177,55.75941],[37.66282,55.75711],[37.66326,55.75637]],[[37.66365,55.75627],[37.66307,55.7579],[37.66236,55.75934],[37.66243,55.75936],[37.66267,55.75903],[37.66355,55.75707],[37.66377,55.75628],[37.66365,55.75627]],[[37.68754,55.74604],[37.68749,55.74601],[37.68807,55.74572],[37.69245,55.74378],[37.68754,55.74604]],[[37.70216,55.65049],[37.70227,55.65044],[37.69959,55.64844],[37.69948,55.64849],[37.70216,55.65049]],[[37.71395,55.72417],[37.71174,55.72601],[37.71166,55.72598],[37.71387,55.72414],[37.71395,55.72417]],[[37.71494,55.65993],[37.71487,55.65996],[37.71778,55.66205],[37.71494,55.65993]],[[37.72754,55.6732],[37.72841,55.67474],[37.72885,55.67543],[37.72894,55.67542],[37.72765,55.67318],[37.72754,55.6732]],[[37.72939,55.70718],[37.72932,55.70718],[37.72922,55.7084],[37.72938,55.7084],[37.72961,55.70558],[37.72949,55.70558],[37.72939,55.70718]],[[37.72966,55.70823],[37.72984,55.70589],[37.72972,55.70588],[37.72952,55.70841],[37.72965,55.70842],[37.72966,55.70823]],[[37.73315,55.69161],[37.73215,55.69279],[37.73149,55.69392],[37.73137,55.69391],[37.73203,55.69277],[37.73305,55.69158],[37.73315,55.69161]],[[37.7334,55.69169],[37.7324,55.69287],[37.73176,55.69397],[37.73164,55.69395],[37.73228,55.69285],[37.7333,55.69166],[37.7334,55.69169]]]}},{"type":"Feature","properties":{"id":"line-mcd3","kind":"line","lineRef":"train","ref":"D3","color":"#E15D29"},"geometry":{"type":"MultiLineString","coordinates":[[[37.17365,55.98006],[37.17554,55.9791],[37.17701,55.97853]],[[37.17381,55.98014],[37.17701,55.97853]],[[37.17701,55.97853],[37.18061,55.9768],[37.18421,55.97543],[37.18913,55.97403],[37.19707,55.97225]],[[37.22713,55.96556],[37.22414,55.96546],[37.22148,55.9658],[37.21964,55.96632],[37.21698,55.96746],[37.21529,55.96804],[37.19707,55.97225]],[[37.19707,55.97225],[37.22713,55.96556]],[[37.58373,55.83016],[37.56028,55.84511],[37.54892,55.85255],[37.54715,55.85358],[37.54431,55.85502],[37.47892,55.88293],[37.46863,55.88722],[37.45893,55.89138],[37.45551,55.89299],[37.44745,55.89628],[37.42143,55.90731],[37.40988,55.91231],[37.34866,55.93811],[37.3443,55.93958],[37.33715,55.94137],[37.33164,55.94253],[37.32362,55.94393],[37.31977,55.94485],[37.31357,55.94652],[37.26327,55.95776],[37.24278,55.96223],[37.2393,55.96312],[37.23531,55.96481],[37.23362,55.96532],[37.23211,55.96559],[37.23053,55.96571],[37.22713,55.96556]],[[37.22713,55.96556],[37.26757,55.95664],[37.2912,55.95137],[37.29884,55.94958],[37.31347,55.94638],[37.32036,55.94452],[37.32353,55.94378],[37.33154,55.94237],[37.33985,55.94056],[37.34419,55.9394],[37.34847,55.93796],[37.35839,55.93384],[37.4902,55.87789],[37.49471,55.87589],[37.49976,55.87349],[37.50744,55.87054],[37.54256,55.85556],[37.54685,55.85342],[37.54933,55.85199],[37.56088,55.84447],[37.57631,55.83467],[37.57735,55.83396],[37.58024,55.83165],[37.58127,55.83111],[37.58373,55.83016]],[[37.52955,55.86105],[37.52624,55.86245]],[[37.53028,55.86106],[37.52711,55.86243]],[[37.56984,55.83869],[37.56718,55.84046]],[[37.5702,55.83882],[37.56748,55.84058]],[[38.23893,55.56043],[38.22347,55.56581],[38.21018,55.5714],[38.20669,55.57272],[38.20209,55.57473],[38.18783,55.58059],[38.18159,55.58298],[38.17975,55.58388],[38.16417,55.59025],[38.16013,55.59176],[38.15658,55.59333],[38.14189,55.59937],[38.13866,55.60053],[38.11572,55.61009],[38.10382,55.61494],[38.09828,55.61704],[38.09516,55.61848],[38.08956,55.62074],[38.08531,55.62217],[38.05875,55.6303],[38.05008,55.63288],[38.04698,55.63367],[38.04229,55.63507],[38.03416,55.63777],[38.01336,55.64401],[38.0011,55.64664],[37.9801,55.65017],[37.97631,55.65097],[37.95722,55.65448],[37.95424,55.65519],[37.9503,55.65633],[37.94259,55.65926],[37.93796,55.6608],[37.93588,55.66171],[37.93122,55.66411],[37.92456,55.66782],[37.92137,55.66945],[37.9175,55.67178],[37.89133,55.68499],[37.88775,55.68693],[37.88466,55.68875],[37.88297,55.68951],[37.87951,55.69074],[37.8715,55.69498],[37.86578,55.69788],[37.85976,55.70091],[37.85507,55.70309],[37.85232,55.70417],[37.84134,55.70794],[37.77588,55.72992],[37.76587,55.73495],[37.76218,55.73667],[37.76002,55.7372],[37.75275,55.73824],[37.75044,55.73878],[37.74933,55.73914],[37.74837,55.73952],[37.7467,55.74035],[37.7459,55.74087],[37.74392,55.74253],[37.74239,55.74367],[37.74145,55.74425],[37.74013,55.74487],[37.73791,55.74565],[37.72531,55.74895],[37.72362,55.7495],[37.72238,55.75005],[37.72054,55.75115],[37.71913,55.7524],[37.71868,55.75293],[37.71809,55.75388],[37.71772,55.75496],[37.71764,55.75551],[37.71767,55.75649],[37.71814,55.75802],[37.72021,55.76161],[37.7206,55.76247],[37.72084,55.76495],[37.72075,55.76588],[37.72059,55.76632],[37.72006,55.76713],[37.71734,55.77014],[37.71592,55.77229],[37.71342,55.7755],[37.71052,55.77848],[37.70887,55.77966],[37.70779,55.78021],[37.70615,55.78079],[37.70259,55.78173],[37.70131,55.78195],[37.69879,55.78206],[37.68834,55.78206],[37.68691,55.78213],[37.68532,55.78234],[37.67647,55.78457],[37.65987,55.78766],[37.65404,55.78905],[37.64908,55.79058],[37.64817,55.79102],[37.64763,55.79141],[37.64642,55.79273],[37.6455,55.7935],[37.6424,55.79536],[37.61013,55.81306],[37.60563,55.81604],[37.58841,55.82705],[37.58373,55.83016]],[[37.58373,55.83016],[37.58477,55.82976],[37.58587,55.82916],[37.58943,55.8265],[37.60996,55.81323],[37.64251,55.79535],[37.64555,55.79353],[37.64636,55.79287],[37.64769,55.79143],[37.64854,55.79087],[37.64916,55.7906],[37.65406,55.78909],[37.65955,55.78778],[37.66745,55.78641],[37.67578,55.78479],[37.68534,55.78237],[37.688,55.78211],[37.69879,55.7821],[37.70132,55.78198],[37.70352,55.78164],[37.70508,55.78128],[37.70681,55.78073],[37.70837,55.78003],[37.7095,55.77934],[37.71058,55.7785],[37.71348,55.77552],[37.71597,55.77231],[37.7174,55.77015],[37.72011,55.76714],[37.72066,55.76633],[37.72081,55.76589],[37.7209,55.76495],[37.72067,55.76246],[37.72029,55.7616],[37.71822,55.75801],[37.71775,55.75648],[37.71772,55.75551],[37.71779,55.75496],[37.71817,55.75389],[37.71875,55.75295],[37.7192,55.75242],[37.7206,55.75117],[37.72242,55.75008],[37.72365,55.74953],[37.72534,55.74898],[37.73795,55.7457],[37.7402,55.74491],[37.74112,55.74448],[37.74246,55.74369],[37.74401,55.74255],[37.74598,55.7409],[37.74675,55.74039],[37.74937,55.73917],[37.75047,55.73882],[37.75278,55.73828],[37.75999,55.73729],[37.76181,55.7369],[37.76266,55.73657],[37.76703,55.73446],[37.77409,55.73081],[37.77591,55.72996],[37.84138,55.70799],[37.85221,55.70428],[37.85509,55.70314],[37.85981,55.70095],[37.87155,55.69502],[37.87956,55.69078],[37.883,55.68954],[37.88468,55.68879],[37.88778,55.68696],[37.89184,55.68479],[37.91763,55.67179],[37.92093,55.66995],[37.92428,55.66823],[37.92886,55.66606],[37.9405,55.66017],[37.94723,55.65755],[37.95064,55.65639],[37.95433,55.65534],[37.95986,55.65401],[37.97888,55.65053],[38.00558,55.64586],[38.00842,55.64528],[38.01341,55.64406],[38.03419,55.6378],[38.04616,55.63405],[38.06297,55.62905],[38.07139,55.62666],[38.07737,55.62469],[38.08535,55.62222],[38.08964,55.62077],[38.10221,55.61567],[38.13254,55.60319],[38.1355,55.60206],[38.21025,55.57145],[38.22376,55.56576],[38.22755,55.56438],[38.23323,55.56254],[38.23904,55.56053]],[[37.17215,55.98112],[37.17206,55.98108],[37.17369,55.98006],[37.17513,55.97931],[37.17522,55.97937],[37.17215,55.98112]],[[37.247,55.96109],[37.25161,55.96012],[37.25155,55.96004],[37.247,55.96109]],[[37.25082,55.96053],[37.24709,55.96131],[37.25163,55.96035],[37.25082,55.96053]],[[37.29882,55.94956],[37.30258,55.94874],[37.29882,55.94956]],[[37.29995,55.94963],[37.2961,55.95043],[37.29995,55.94963]],[[37.32807,55.94293],[37.3322,55.94222],[37.32807,55.94293]],[[37.33233,55.94243],[37.32817,55.94315],[37.33233,55.94243]],[[37.35273,55.9362],[37.34902,55.93768],[37.35273,55.9362]],[[37.35293,55.93638],[37.34933,55.9379],[37.35293,55.93638]],[[37.37732,55.92577],[37.38103,55.92419],[37.37732,55.92577]],[[37.38096,55.92455],[37.38137,55.92438],[37.37754,55.92596],[37.38096,55.92455]],[[37.45236,55.89441],[37.45559,55.89305],[37.45231,55.89437],[37.45236,55.89441]],[[37.453,55.8937],[37.45655,55.89217],[37.45647,55.89212],[37.45292,55.89365],[37.453,55.8937]],[[37.47044,55.88619],[37.46702,55.88764],[37.47044,55.88619]],[[37.48988,55.878],[37.48981,55.87795],[37.48497,55.88001],[37.48504,55.88006],[37.48988,55.878]],[[37.49038,55.87815],[37.49032,55.8781],[37.48548,55.88016],[37.48554,55.88021],[37.49038,55.87815]],[[37.50823,55.87012],[37.51167,55.86871],[37.50823,55.87012]],[[37.51084,55.86934],[37.50933,55.87002],[37.5094,55.87012],[37.50867,55.87043],[37.50856,55.87034],[37.50763,55.8707],[37.51084,55.86934]],[[37.5504,55.85129],[37.55034,55.85126],[37.55349,55.84918],[37.55357,55.84922],[37.5504,55.85129]],[[37.55359,55.84955],[37.55366,55.84958],[37.55346,55.84975],[37.55056,55.85151],[37.55359,55.84955]],[[37.6735,55.78517],[37.66843,55.78613],[37.66847,55.7862],[37.67157,55.78561],[37.6735,55.78517]],[[37.72025,55.75132],[37.72179,55.75032],[37.7235,55.74952],[37.72158,55.75037],[37.72146,55.7503],[37.72113,55.75051],[37.72125,55.75056],[37.72025,55.75132]],[[37.72039,55.76204],[37.72033,55.76204],[37.72059,55.76326],[37.7207,55.7648],[37.72078,55.7648],[37.72063,55.76279],[37.72039,55.76204]],[[37.72065,55.75125],[37.72058,55.75122],[37.7219,55.75039],[37.72306,55.74981],[37.72366,55.74963],[37.72065,55.75125]],[[37.72072,55.76247],[37.72095,55.76494],[37.72104,55.76494],[37.7209,55.76287],[37.72079,55.76247],[37.72072,55.76247]],[[37.74215,55.74378],[37.74096,55.74442],[37.73898,55.74524],[37.74099,55.74445],[37.74215,55.74378]],[[37.74234,55.74389],[37.74227,55.74385],[37.7403,55.7449],[37.73911,55.74536],[37.73916,55.74541],[37.74038,55.74493],[37.74234,55.74389]],[[37.7626,55.73641],[37.76581,55.73496],[37.76267,55.73646],[37.7626,55.73641]],[[37.77459,55.73058],[37.77262,55.73159],[37.77271,55.73164],[37.77575,55.73014],[37.77567,55.73009],[37.77459,55.73058]],[[37.77562,55.73001],[37.77502,55.7302],[37.7725,55.73151],[37.77562,55.73001]],[[37.92053,55.66988],[37.92395,55.66812],[37.92171,55.6692],[37.92053,55.66988]],[[37.92221,55.66925],[37.92102,55.66987],[37.9209,55.66981],[37.92397,55.6682],[37.92411,55.66829],[37.92221,55.66925]],[[37.95294,55.65558],[37.95301,55.65568],[37.95723,55.6546],[37.95718,55.65454],[37.95623,55.65474],[37.95294,55.65558]],[[37.98425,55.64948],[37.9843,55.64956],[37.98021,55.65026],[37.98016,55.65018],[37.98425,55.64948]],[[38.00557,55.64584],[38.00553,55.64577],[38.00945,55.6449],[38.00952,55.645],[38.00557,55.64584]],[[38.04237,55.63509],[38.04246,55.63518],[38.04614,55.63404],[38.04606,55.63395],[38.04237,55.63509]],[[38.0695,55.627],[38.07238,55.62606],[38.07309,55.62592],[38.0695,55.627]],[[38.07323,55.62605],[38.07317,55.626],[38.07138,55.62652],[38.06902,55.62732],[38.07323,55.62605]],[[38.09832,55.61705],[38.09842,55.61713],[38.10219,55.61565],[38.10209,55.61557],[38.09832,55.61705]],[[38.13744,55.60125],[38.13544,55.60208],[38.13533,55.60199],[38.13869,55.60062],[38.13877,55.60069],[38.13744,55.60125]],[[38.16182,55.59112],[38.16192,55.5912],[38.15851,55.59258],[38.15841,55.5925],[38.16182,55.59112]],[[38.18168,55.583],[38.18175,55.58306],[38.18518,55.58172],[38.1851,55.58166],[38.18168,55.583]]]}},{"type":"Feature","properties":{"id":"line-mcd4","kind":"line","lineRef":"train","ref":"D4","color":"#3FB485"},"geometry":{"type":"MultiLineString","coordinates":[[[37.22587,55.63636],[37.22289,55.63562],[37.22182,55.63525],[37.22046,55.63457],[37.21923,55.63365],[37.21848,55.63279],[37.21804,55.63194],[37.21707,55.62788],[37.21676,55.62711],[37.21638,55.62653],[37.21106,55.62082],[37.21034,55.6202],[37.2087,55.61914],[37.20721,55.61855],[37.2026,55.61712],[37.20107,55.61643],[37.19952,55.6154],[37.19683,55.61293],[37.19541,55.61203],[37.18396,55.60683],[37.16747,55.59771],[37.16584,55.5969],[37.16369,55.59617],[37.15696,55.59478],[37.15532,55.59426],[37.15418,55.59376],[37.15298,55.59304],[37.15152,55.59184],[37.15093,55.59114],[37.14985,55.5893],[37.14916,55.58858],[37.14783,55.58766],[37.14522,55.58634],[37.13822,55.58408],[37.13577,55.58352],[37.13145,55.58315],[37.12712,55.58324],[37.12503,55.58317],[37.12325,55.58292],[37.12134,55.58247],[37.10485,55.57596],[37.10252,55.57495],[37.10093,55.57394],[37.09617,55.57009],[37.09415,55.56822],[37.09313,55.56676],[37.08985,55.56122],[37.08886,55.55999],[37.08775,55.55908],[37.08633,55.55826],[37.08464,55.55751],[37.06676,55.55018]],[[37.06681,55.55013],[37.07025,55.55155],[37.07164,55.55201],[37.08467,55.5575],[37.08638,55.55822],[37.0878,55.55904],[37.08895,55.55997],[37.08968,55.56086],[37.09343,55.56714],[37.09423,55.56822],[37.09624,55.57005],[37.101,55.57391],[37.10214,55.57467],[37.10308,55.57515],[37.10913,55.5775],[37.12019,55.582],[37.12197,55.58259],[37.12326,55.58289],[37.12552,55.58316],[37.13147,55.5831],[37.13552,55.58336],[37.13832,55.58397],[37.14469,55.58604],[37.14738,55.58736],[37.14901,55.58837],[37.14994,55.58928],[37.15092,55.59104],[37.15138,55.59161],[37.15304,55.59301],[37.15423,55.59373],[37.15537,55.59423],[37.15698,55.59473],[37.16372,55.59613],[37.16589,55.59686],[37.16845,55.59819],[37.18301,55.60623],[37.19444,55.61142],[37.19553,55.61199],[37.19699,55.61296],[37.19959,55.61537],[37.20113,55.6164],[37.20264,55.61709],[37.20725,55.61852],[37.20876,55.61911],[37.21042,55.62018],[37.21115,55.6208],[37.21677,55.62674],[37.21732,55.62785],[37.21829,55.63193],[37.21864,55.63261],[37.21941,55.63351],[37.22067,55.63447],[37.22197,55.63514],[37.22359,55.63568],[37.22642,55.63638]],[[37.22471,55.63602],[37.22244,55.63539],[37.22058,55.63451],[37.21933,55.63352],[37.21874,55.63286],[37.21837,55.63226]],[[38.00896,55.75236],[37.968,55.75158],[37.96413,55.7513],[37.96102,55.75133],[37.95642,55.75189],[37.90963,55.75997],[37.90596,55.7604],[37.90309,55.76042],[37.90018,55.76011],[37.89417,55.7591],[37.87452,55.75525],[37.87085,55.75445],[37.82156,55.7449],[37.78001,55.73665],[37.7751,55.73578],[37.76086,55.73297],[37.75627,55.73224],[37.7532,55.73196],[37.75091,55.73185],[37.74537,55.73192],[37.70637,55.73547],[37.70406,55.7359],[37.69781,55.73763],[37.69603,55.73827],[37.69484,55.73884],[37.6937,55.73959],[37.69273,55.7404],[37.69192,55.74139],[37.69072,55.74336],[37.68957,55.74449],[37.68755,55.74564],[37.684,55.7473],[37.68179,55.74799],[37.67168,55.75018],[37.66901,55.75108],[37.66777,55.75171],[37.66432,55.75425],[37.66315,55.75541],[37.66267,55.7561],[37.66126,55.759],[37.66044,55.76106],[37.65869,55.76426],[37.65508,55.76947],[37.65381,55.77294],[37.65334,55.77393],[37.65083,55.77712],[37.6485,55.77927],[37.64769,55.78026],[37.64722,55.78102],[37.64513,55.78574],[37.64499,55.78631],[37.64485,55.78809],[37.64467,55.78864],[37.64422,55.78937],[37.64367,55.79001],[37.64293,55.79065],[37.63687,55.79523],[37.63048,55.79938],[37.62917,55.80006],[37.62765,55.80059],[37.62598,55.80094],[37.62417,55.80112],[37.60998,55.80057],[37.60562,55.8006],[37.60252,55.80032],[37.59878,55.79953],[37.59561,55.79837],[37.59278,55.79673],[37.59065,55.79486],[37.58927,55.79325],[37.58842,55.79158],[37.58814,55.79074],[37.58763,55.78819],[37.58697,55.78559],[37.58596,55.78206],[37.58542,55.78074],[37.58487,55.77991],[37.58368,55.77888],[37.58195,55.77772],[37.58041,55.77686],[37.57815,55.776],[37.57601,55.77555],[37.57042,55.77536],[37.55052,55.77321],[37.54516,55.77278],[37.54344,55.7724],[37.54243,55.77207],[37.54085,55.77132],[37.53977,55.77062],[37.53899,55.76989],[37.53685,55.76725],[37.53471,55.76524],[37.53175,55.76166],[37.52936,55.7594],[37.52872,55.75835],[37.52768,55.75549],[37.52752,55.75474],[37.52766,55.75398],[37.52783,55.7536],[37.53027,55.75047],[37.53118,55.74887],[37.53153,55.74798],[37.5333,55.74071],[37.53364,55.74],[37.53485,55.73849],[37.53517,55.73794],[37.53524,55.73727],[37.53516,55.7368],[37.53496,55.73633],[37.53461,55.73591],[37.53363,55.73521],[37.53211,55.73465],[37.5292,55.73393],[37.52475,55.73325],[37.51792,55.73126],[37.51318,55.72933],[37.50801,55.72685],[37.50337,55.72483],[37.49794,55.72277],[37.49658,55.72203],[37.4951,55.72076],[37.49356,55.71879],[37.49323,55.718],[37.49311,55.71744],[37.49328,55.71499],[37.49303,55.7138],[37.49229,55.7123],[37.4913,55.71069],[37.49036,55.70927],[37.48953,55.70846],[37.48815,55.70747],[37.48658,55.70663],[37.47686,55.70259],[37.46972,55.69835],[37.46901,55.69781],[37.46775,55.69657],[37.46444,55.69205],[37.46364,55.69115],[37.46264,55.69034],[37.46103,55.68933],[37.44329,55.67916],[37.43882,55.67559],[37.43689,55.67357],[37.43312,55.67018],[37.43195,55.66942],[37.43066,55.66877],[37.42927,55.66826],[37.41161,55.66301],[37.39131,55.6592],[37.38734,55.65816],[37.38304,55.65659],[37.38081,55.65607],[37.37883,55.65586],[37.37672,55.65584],[37.36115,55.65658],[37.35845,55.65657],[37.35422,55.65635],[37.35111,55.65604],[37.34035,55.654],[37.3377,55.65321],[37.33656,55.6527],[37.33567,55.65216],[37.3343,55.65091],[37.33302,55.64919],[37.33259,55.64876],[37.3312,55.64781],[37.33018,55.64738],[37.3287,55.64694],[37.32619,55.64649],[37.30642,55.64602],[37.30471,55.64616],[37.28219,55.64923],[37.26815,55.64902],[37.25969,55.64918],[37.25735,55.64895],[37.25595,55.64861],[37.25443,55.6481],[37.2502,55.64603],[37.2484,55.64534],[37.23866,55.64286],[37.2356,55.64181],[37.23327,55.6406],[37.22918,55.63754],[37.22773,55.63687],[37.22587,55.63636]],[[37.22642,55.63638],[37.22819,55.6369],[37.22939,55.63744],[37.23057,55.63825],[37.23384,55.64078],[37.23568,55.64177],[37.2387,55.64282],[37.24844,55.6453],[37.25025,55.64598],[37.25431,55.648],[37.25598,55.64857],[37.25799,55.64901],[37.25971,55.64913],[37.26879,55.64889],[37.28062,55.6492],[37.28214,55.64916],[37.3047,55.6461],[37.30659,55.64597],[37.3254,55.64638],[37.32698,55.64653],[37.32956,55.64712],[37.33078,55.64757],[37.33161,55.64799],[37.33269,55.64874],[37.33467,55.65119],[37.33544,55.65191],[37.33662,55.65266],[37.33737,55.653],[37.33949,55.65365],[37.35033,55.65586],[37.35261,55.65616],[37.35845,55.65646],[37.36109,55.65651],[37.37672,55.65579],[37.37882,55.65581],[37.38084,55.65602],[37.38312,55.65652],[37.38792,55.65823],[37.39135,55.65916],[37.41165,55.66295],[37.42602,55.66715],[37.43073,55.66873],[37.43203,55.66937],[37.43365,55.67054],[37.43634,55.67298],[37.43889,55.67557],[37.44283,55.6788],[37.44598,55.68065],[37.45148,55.68365],[37.45375,55.68508],[37.46272,55.6903],[37.46413,55.69158],[37.46795,55.69658],[37.47093,55.69897],[37.47694,55.70255],[37.47999,55.7039],[37.48663,55.70661],[37.48798,55.70731],[37.48962,55.70845],[37.49048,55.70927],[37.49158,55.71097],[37.49302,55.71348],[37.49329,55.71431],[37.49337,55.71498],[37.49324,55.71742],[37.49345,55.71823],[37.4937,55.71876],[37.49524,55.72072],[37.49675,55.72197],[37.49806,55.72269],[37.50416,55.72496],[37.50738,55.72634],[37.50988,55.72744],[37.51638,55.73055],[37.5185,55.73141],[37.52273,55.73268],[37.52491,55.73323],[37.52926,55.7339],[37.53214,55.73461],[37.53344,55.73505],[37.53467,55.73588],[37.53502,55.73631],[37.53525,55.7368],[37.53533,55.73729],[37.53529,55.73786],[37.53504,55.73836],[37.53372,55.74003],[37.53338,55.74072],[37.53162,55.748],[37.53127,55.74887],[37.53035,55.75048],[37.52792,55.75361],[37.52764,55.75432],[37.5276,55.75473],[37.52775,55.75548],[37.52882,55.75834],[37.52944,55.75938],[37.53182,55.76163],[37.53479,55.76523],[37.53669,55.76696],[37.53908,55.76987],[37.53983,55.77059],[37.54089,55.77129],[37.54244,55.77202],[37.54346,55.77237],[37.54516,55.77274],[37.55067,55.77318],[37.57109,55.77537],[37.57576,55.77545],[37.57707,55.77567],[37.57819,55.77596],[37.5804,55.77681],[37.58173,55.77752],[37.58381,55.77889],[37.58494,55.7799],[37.58548,55.7807],[37.5859,55.78159],[37.58714,55.78588],[37.58822,55.79074],[37.58854,55.79172],[37.58921,55.79298],[37.59159,55.79564],[37.59228,55.79629],[37.59322,55.79697],[37.59566,55.79834],[37.59822,55.79924],[37.6019,55.80017],[37.60334,55.80039],[37.60603,55.80056],[37.61,55.80053],[37.62317,55.80102],[37.62562,55.80093],[37.62782,55.80047],[37.62986,55.79968],[37.63681,55.79521],[37.6407,55.79212],[37.64142,55.79134],[37.64203,55.79016],[37.6424,55.78734],[37.6432,55.78522],[37.64365,55.78429],[37.64503,55.78242],[37.64634,55.78092],[37.64739,55.77991],[37.65029,55.7775],[37.6532,55.77391],[37.65357,55.77318],[37.65499,55.76945],[37.65864,55.76424],[37.66019,55.7613],[37.66142,55.75813],[37.66197,55.75693],[37.66246,55.75611],[37.66424,55.75423],[37.66747,55.75181],[37.66835,55.75128],[37.67161,55.7501],[37.67508,55.74945],[37.6818,55.74789],[37.6841,55.7472],[37.6875,55.74562],[37.6895,55.74445],[37.69064,55.74334],[37.69218,55.74087],[37.69312,55.73995],[37.6942,55.73916],[37.69526,55.73856],[37.69645,55.73804],[37.6996,55.73707],[37.70474,55.73569],[37.70693,55.73534],[37.7169,55.73446],[37.72653,55.73333],[37.73287,55.73278],[37.73548,55.73266]],[[37.72978,55.73317],[37.73548,55.73266]],[[37.73548,55.73266],[37.74534,55.73187],[37.74919,55.73176],[37.75154,55.7318],[37.75471,55.73201],[37.75938,55.73262],[37.77513,55.73574],[37.78193,55.73695],[37.79774,55.74008],[37.80167,55.74094],[37.8163,55.7437],[37.82892,55.74627],[37.87045,55.75423],[37.87585,55.75542],[37.89001,55.75825],[37.90024,55.76001],[37.90261,55.76029],[37.90595,55.76034],[37.9096,55.75991],[37.9515,55.7526],[37.95743,55.75159],[37.96053,55.75125],[37.96432,55.7512],[37.96858,55.75154],[38.00896,55.75231]],[[37.0688,55.55112],[37.06525,55.54967],[37.06532,55.54961],[37.06888,55.55107],[37.0688,55.55112]],[[37.06896,55.551],[37.06541,55.54954],[37.0655,55.54947],[37.06906,55.55093],[37.06896,55.551]],[[37.09191,55.56483],[37.09182,55.56485],[37.09325,55.56718],[37.09335,55.56716],[37.09191,55.56483]],[[37.09345,55.56714],[37.09355,55.56712],[37.09215,55.56479],[37.09204,55.56481],[37.09345,55.56714]],[[37.10773,55.57704],[37.11176,55.57859],[37.1078,55.57699],[37.10773,55.57704]],[[37.13491,55.58338],[37.13691,55.58371],[37.1408,55.58487],[37.14086,55.58481],[37.13714,55.58368],[37.13548,55.58337],[37.13494,55.58331],[37.13491,55.58338]],[[37.16981,55.59902],[37.1697,55.59909],[37.17291,55.60079],[37.17299,55.60075],[37.16981,55.59902]],[[37.16988,55.59897],[37.17278,55.60055],[37.17285,55.60052],[37.16998,55.59891],[37.16988,55.59897]],[[37.18398,55.60681],[37.18405,55.60676],[37.18746,55.60832],[37.18739,55.60837],[37.18398,55.60681]],[[37.21794,55.63142],[37.21808,55.63193],[37.21852,55.63279],[37.21926,55.63364],[37.21943,55.63378],[37.21952,55.63375],[37.21853,55.63262],[37.21804,55.63142],[37.21794,55.63142]],[[37.21817,55.63141],[37.21866,55.6326],[37.2192,55.63325],[37.2197,55.63374],[37.21978,55.63371],[37.21893,55.63283],[37.2185,55.6321],[37.21828,55.63141],[37.21817,55.63141]],[[37.27184,55.64907],[37.26745,55.64901],[37.26744,55.64894],[37.26953,55.64892],[37.27184,55.649],[37.27184,55.64907]],[[37.31292,55.64623],[37.3173,55.64626],[37.31292,55.64623]],[[37.3173,55.64618],[37.31293,55.64609],[37.3173,55.64618]],[[37.3542,55.65632],[37.35844,55.65649],[37.3542,55.65632]],[[37.38726,55.6581],[37.38342,55.65668],[37.38392,55.65679],[37.38731,55.65806],[37.38726,55.6581]],[[37.42248,55.6662],[37.42253,55.66614],[37.42675,55.66739],[37.42669,55.66745],[37.42248,55.6662]],[[37.45226,55.68425],[37.44921,55.68251],[37.44931,55.68246],[37.45145,55.68366],[37.45234,55.68421],[37.45226,55.68425]],[[37.46803,55.69679],[37.46811,55.69676],[37.47091,55.69899],[37.47084,55.69903],[37.46973,55.69833],[37.4688,55.69758],[37.46803,55.69679]],[[37.47922,55.70371],[37.48267,55.70514],[37.48272,55.70509],[37.47927,55.70367],[37.47922,55.70371]],[[37.47926,55.70356],[37.48281,55.70502],[37.48289,55.70496],[37.47926,55.70356]],[[37.49972,55.72342],[37.50338,55.72481],[37.50348,55.72472],[37.50085,55.72372],[37.49979,55.72335],[37.49972,55.72342]],[[37.52146,55.73237],[37.52265,55.73271],[37.52179,55.73254],[37.51886,55.73165],[37.52146,55.73237]],[[37.52153,55.73229],[37.5227,55.73264],[37.52276,55.73259],[37.51899,55.73154],[37.52153,55.73229]],[[37.52936,55.75163],[37.53024,55.75046],[37.53115,55.74886],[37.53101,55.74884],[37.53033,55.75008],[37.52924,55.7516],[37.52936,55.75163]],[[37.53103,55.74958],[37.53138,55.7489],[37.53129,55.74889],[37.53037,55.75049],[37.5295,55.75166],[37.52959,55.75168],[37.53013,55.75097],[37.53103,55.74958]],[[37.5333,55.74064],[37.53268,55.7433],[37.5326,55.7433],[37.53313,55.7409],[37.53322,55.74063],[37.5333,55.74064]],[[37.53351,55.74067],[37.5329,55.74332],[37.53282,55.74331],[37.53335,55.74092],[37.53344,55.74066],[37.53351,55.74067]],[[37.62142,55.80104],[37.61704,55.80085],[37.61706,55.80078],[37.62143,55.80096],[37.62142,55.80104]],[[37.6626,55.75614],[37.66143,55.75856],[37.66128,55.75854],[37.66217,55.75662],[37.66251,55.75612],[37.6626,55.75614]],[[37.6792,55.74854],[37.68117,55.74811],[37.68113,55.74805],[37.67724,55.74892],[37.6792,55.74854]],[[37.72698,55.73333],[37.72701,55.73342],[37.73196,55.73296],[37.73193,55.73287],[37.72698,55.73333]],[[37.72704,55.73351],[37.73198,55.73305],[37.73199,55.73312],[37.72706,55.73358],[37.72704,55.73351]],[[37.76162,55.73304],[37.76159,55.73309],[37.76628,55.73396],[37.76162,55.73304]],[[37.79653,55.74001],[37.79658,55.73994],[37.79463,55.73954],[37.79186,55.73899],[37.79182,55.73907],[37.79653,55.74001]],[[37.81657,55.74388],[37.8213,55.74483],[37.82135,55.74476],[37.81662,55.7438],[37.81657,55.74388]],[[37.85805,55.7519],[37.85333,55.751],[37.85328,55.75108],[37.85801,55.75196],[37.85805,55.7519]],[[37.89555,55.75933],[37.89558,55.75926],[37.89978,55.75995],[37.89974,55.76002],[37.89555,55.75933]],[[37.9251,55.75729],[37.92506,55.75722],[37.92084,55.75794],[37.92088,55.75802],[37.9251,55.75729]],[[37.95176,55.75265],[37.95173,55.75259],[37.95595,55.75187],[37.956,55.75194],[37.95176,55.75265]],[[37.98082,55.7518],[37.97687,55.75173],[37.98082,55.7518]]]}},{"type":"Feature","properties":{"id":"line-tram-а","kind":"line","lineRef":"tram","ref":"A","color":"#B0413E"},"geometry":{"type":"LineString","coordinates":[[37.63876,55.76464],[37.6388,55.76445],[37.64148,55.76303],[37.64326,55.76182],[37.6453,55.75937],[37.64625,55.75799],[37.64742,55.75686],[37.64826,55.75568],[37.64793,55.75469],[37.64728,55.75355],[37.64569,55.75137],[37.64499,55.75103],[37.6429,55.75063],[37.64233,55.75037],[37.64166,55.74965],[37.64107,55.74884],[37.63744,55.74626],[37.63528,55.74486],[37.63261,55.74338],[37.63125,55.743],[37.62993,55.7424],[37.62971,55.74219],[37.62962,55.7409],[37.63001,55.73925],[37.6305,55.73816],[37.63142,55.73665],[37.63321,55.73484],[37.63403,55.73369],[37.63527,55.7316],[37.63658,55.73011],[37.63702,55.73003],[37.64255,55.73035],[37.65076,55.72829],[37.65094,55.72809],[37.65065,55.72768],[37.65089,55.72755],[37.65122,55.72756],[37.6559,55.72961],[37.6671,55.73199],[37.67058,55.73513],[37.67281,55.73841],[37.67305,55.73855],[37.67336,55.73852],[37.67408,55.73818],[37.67951,55.73745],[37.6966,55.73577],[37.69668,55.73561],[37.6958,55.73401],[37.69679,55.73374],[37.69712,55.73385],[37.69826,55.73542],[37.6981,55.73562],[37.69654,55.73584],[37.68752,55.73666],[37.67914,55.73755],[37.6741,55.73821],[37.67338,55.73855],[37.67309,55.73859],[37.67275,55.73842],[37.67096,55.73584],[37.67034,55.73521],[37.66847,55.73361],[37.66533,55.73178],[37.66479,55.73159],[37.65587,55.72964],[37.6512,55.72759],[37.6509,55.72758],[37.65071,55.72768],[37.651,55.72814],[37.65078,55.72832],[37.64257,55.73038],[37.63701,55.73006],[37.6366,55.73014],[37.63528,55.73171],[37.6341,55.73371],[37.63329,55.73485],[37.63154,55.7366],[37.63058,55.73817],[37.63009,55.73925],[37.62968,55.74091],[37.62978,55.74217],[37.62998,55.74236],[37.63125,55.74295],[37.63263,55.74333],[37.63349,55.74374],[37.63748,55.74624],[37.64121,55.7489],[37.6416,55.74951],[37.64236,55.75035],[37.64292,55.75061],[37.64381,55.7508],[37.64453,55.75078],[37.64515,55.75088],[37.64588,55.75121],[37.64754,55.75314],[37.64841,55.75471],[37.64869,55.75564],[37.64856,55.75608],[37.64716,55.75765],[37.64615,55.75948],[37.64593,55.76014],[37.64592,55.76071],[37.64583,55.76087],[37.64422,55.76231],[37.64213,55.76344],[37.63909,55.76479]]}},{"type":"Feature","properties":{"id":"line-tram-1","kind":"line","lineRef":"tram","ref":"1","color":"#B0413E"},"geometry":{"type":"LineString","coordinates":[[37.58795,55.59653],[37.59187,55.61295],[37.59401,55.62019],[37.59442,55.62132],[37.59696,55.62652],[37.60342,55.6342],[37.60431,55.63571],[37.60509,55.63743],[37.60561,55.63972],[37.60567,55.641],[37.60543,55.65653],[37.6058,55.65705],[37.60712,55.65815],[37.60736,55.65823],[37.60796,55.65812],[37.60824,55.65818],[37.60867,55.65857],[37.60861,55.65872],[37.60844,55.6588],[37.60807,55.65884],[37.60778,55.65874],[37.60574,55.65707],[37.60537,55.65653],[37.60562,55.64131],[37.60555,55.63971],[37.60513,55.63776],[37.60425,55.63571],[37.60345,55.6343],[37.59691,55.62653],[37.59436,55.62132],[37.59394,55.62019],[37.59181,55.61295],[37.58784,55.59631]]}},{"type":"Feature","properties":{"id":"line-tram-4","kind":"line","lineRef":"tram","ref":"4","color":"#B0413E"},"geometry":{"type":"MultiLineString","coordinates":[[[37.67573,55.74876],[37.67531,55.74844],[37.67461,55.74829],[37.67325,55.74845],[37.67176,55.74848],[37.67147,55.74833],[37.67034,55.74719],[37.6694,55.74702],[37.669,55.74707],[37.66601,55.75021],[37.66333,55.75384],[37.6627,55.75417],[37.66081,55.75453],[37.66091,55.75541],[37.66082,55.75553],[37.65941,55.7556],[37.65919,55.7555],[37.6592,55.75531],[37.65944,55.75515],[37.66069,55.75499],[37.66072,55.75459],[37.66083,55.75448],[37.66267,55.75414],[37.66329,55.75382],[37.66604,55.7501],[37.66897,55.74702],[37.66934,55.74698],[37.6703,55.74712],[37.67151,55.74831],[37.67177,55.74845],[37.67489,55.74828],[37.6754,55.74844],[37.67573,55.74876]],[[37.67652,55.74978],[37.67946,55.75367],[37.68582,55.7583],[37.68625,55.75959],[37.68613,55.75976],[37.68558,55.76002],[37.68554,55.76018],[37.68674,55.76149],[37.68675,55.76162],[37.68664,55.76174],[37.68405,55.76266],[37.68043,55.76301],[37.68017,55.76315],[37.68032,55.76404],[37.67997,55.76636],[37.67944,55.769],[37.67844,55.77312],[37.67775,55.77546],[37.67398,55.77732],[37.67118,55.77609],[37.67079,55.7761],[37.6679,55.77841],[37.6665,55.77929],[37.66638,55.77947],[37.66649,55.77961],[37.67026,55.78154],[37.67473,55.78411],[37.67515,55.78445],[37.67578,55.78531],[37.67643,55.78587],[37.68048,55.78898],[37.68197,55.7897],[37.682,55.78988],[37.68039,55.79232],[37.68037,55.79247],[37.68173,55.79287],[37.68318,55.79634],[37.6853,55.79866],[37.68667,55.79993],[37.68824,55.80233],[37.6918,55.80557],[37.69175,55.80577],[37.68482,55.811],[37.68484,55.81117],[37.68687,55.81389],[37.68674,55.81415],[37.685,55.81541],[37.68494,55.81558],[37.68515,55.81595],[37.68785,55.81705],[37.68816,55.81708],[37.69079,55.81636],[37.6934,55.81513],[37.69461,55.81461],[37.69501,55.81453],[37.69677,55.81548],[37.7009,55.81675],[37.70162,55.8174],[37.70388,55.81858],[37.70638,55.81913],[37.71127,55.81988],[37.71424,55.81914],[37.71907,55.81708],[37.71949,55.81712],[37.72117,55.81822],[37.72174,55.81827],[37.73234,55.81532],[37.73424,55.81427]],[[37.73271,55.81524],[37.72165,55.81831],[37.72115,55.81825],[37.71946,55.81714],[37.71911,55.81709],[37.71427,55.81916],[37.71315,55.8195],[37.71122,55.81992],[37.70636,55.81915],[37.70385,55.81861],[37.70157,55.81741],[37.70087,55.81677],[37.69674,55.8155],[37.69528,55.81465],[37.69499,55.81457],[37.69326,55.81523],[37.69056,55.81649],[37.68817,55.81711],[37.68781,55.81708],[37.6851,55.81596],[37.68488,55.81558],[37.68496,55.81539],[37.68669,55.81413],[37.68681,55.81384],[37.6848,55.81118],[37.68477,55.81099],[37.69173,55.80573],[37.69175,55.80558],[37.68816,55.80231],[37.68685,55.80021],[37.68524,55.79868],[37.68313,55.79635],[37.68168,55.79288],[37.68032,55.79248],[37.68031,55.79236],[37.68195,55.78987],[37.68193,55.78972],[37.68045,55.78901],[37.67642,55.78591],[37.67573,55.78532],[37.67511,55.78446],[37.67469,55.78413],[37.67002,55.78145],[37.66646,55.77964],[37.66633,55.77947],[37.66644,55.7793],[37.66785,55.77838],[37.6708,55.77606],[37.6712,55.77606],[37.67376,55.77724],[37.67406,55.77728],[37.67771,55.77545],[37.67846,55.77287],[37.67962,55.76789],[37.68027,55.76403],[37.68013,55.76311],[37.68041,55.76297],[37.684,55.76263],[37.68661,55.76172],[37.68672,55.76161],[37.68549,55.7602],[37.6853,55.75866],[37.68569,55.7584],[37.68565,55.75819],[37.67941,55.75369],[37.67679,55.75033],[37.67652,55.74978]]]}},{"type":"Feature","properties":{"id":"line-tram-6","kind":"line","lineRef":"tram","ref":"6","color":"#B0413E"},"geometry":{"type":"LineString","coordinates":[[37.40782,55.8528],[37.40841,55.85374],[37.40923,55.85466],[37.41026,55.85549],[37.41124,55.85611],[37.4119,55.85645],[37.41392,55.85719],[37.41634,55.85773],[37.42031,55.8581],[37.42333,55.85823],[37.42576,55.85827],[37.4285,55.85815],[37.43062,55.85793],[37.43198,55.85769],[37.43353,55.85727],[37.43498,55.85667],[37.43663,55.8557],[37.43739,55.85501],[37.43801,55.85423],[37.43885,55.85213],[37.44001,55.84871],[37.43998,55.84808],[37.43793,55.83813],[37.43789,55.83756],[37.43862,55.8374],[37.45227,55.83638],[37.45388,55.83597],[37.45415,55.8358],[37.45233,55.82668],[37.45026,55.82167],[37.45008,55.82145],[37.44949,55.82108],[37.44837,55.81989],[37.44839,55.81957],[37.44865,55.81931],[37.44902,55.81915],[37.44952,55.81909],[37.45095,55.81932],[37.45365,55.81869],[37.45461,55.8183],[37.45913,55.81723],[37.47261,55.81347],[37.47287,55.81334],[37.4736,55.81268],[37.47478,55.81203],[37.47499,55.81165],[37.47509,55.8106],[37.47521,55.81045],[37.47557,55.81035],[37.48423,55.81062],[37.48911,55.80909],[37.48954,55.80908],[37.49107,55.80949],[37.49139,55.80949],[37.49743,55.8082],[37.50612,55.80655],[37.50851,55.80599],[37.50945,55.80548],[37.5098,55.80547],[37.51003,55.80562],[37.50999,55.80579],[37.50971,55.8059],[37.50871,55.80597],[37.50611,55.80659],[37.49745,55.80823],[37.49139,55.80952],[37.49106,55.80953],[37.48952,55.80913],[37.48913,55.80914],[37.48429,55.81065],[37.47541,55.81041],[37.47524,55.81047],[37.47513,55.81063],[37.47504,55.81165],[37.47482,55.81204],[37.47364,55.81272],[37.47292,55.81336],[37.47264,55.8135],[37.45915,55.81726],[37.45464,55.81833],[37.45389,55.81867],[37.45095,55.81935],[37.44951,55.81912],[37.44869,55.81932],[37.44845,55.81958],[37.44842,55.81989],[37.44955,55.82106],[37.45011,55.82143],[37.45031,55.82166],[37.45238,55.82668],[37.4542,55.83581],[37.4539,55.836],[37.45229,55.83641],[37.43862,55.83742],[37.43793,55.83757],[37.43797,55.83807],[37.44006,55.84809],[37.44007,55.84871],[37.43855,55.85312],[37.43806,55.85424],[37.43744,55.85502],[37.43667,55.85571],[37.43567,55.85635],[37.4346,55.85688],[37.43288,55.8575],[37.43157,55.85781],[37.42988,55.85806],[37.42671,55.85827],[37.42469,55.85829],[37.42058,55.85814],[37.41732,55.85789],[37.41567,55.85765],[37.41427,55.85733],[37.41276,55.85684],[37.41149,55.85628],[37.41021,55.8555],[37.40918,55.85467],[37.40849,55.8539],[37.40661,55.85109],[37.40663,55.85091],[37.4069,55.8508],[37.40744,55.85091],[37.40747,55.85103],[37.40724,55.85167]]}},{"type":"Feature","properties":{"id":"line-tram-7","kind":"line","lineRef":"tram","ref":"7","color":"#B0413E"},"geometry":{"type":"LineString","coordinates":[[37.73271,55.81524],[37.72165,55.81831],[37.72115,55.81825],[37.71946,55.81714],[37.71911,55.81709],[37.71427,55.81916],[37.71315,55.8195],[37.71122,55.81992],[37.70636,55.81915],[37.70385,55.81861],[37.70157,55.81741],[37.70087,55.81677],[37.69674,55.8155],[37.69528,55.81465],[37.69509,55.81449],[37.69509,55.81438],[37.69688,55.81289],[37.69739,55.81258],[37.70267,55.81061],[37.70561,55.80877],[37.70761,55.80369],[37.70823,55.8032],[37.7122,55.80071],[37.71484,55.7975],[37.71484,55.79728],[37.71433,55.79684],[37.71436,55.7961],[37.71426,55.79594],[37.71395,55.79579],[37.71123,55.79527],[37.70548,55.79525],[37.6951,55.79398],[37.69129,55.79331],[37.68097,55.78931],[37.67969,55.78843],[37.67623,55.78576],[37.67553,55.78511],[37.67521,55.78458],[37.67484,55.78423],[37.67022,55.78156],[37.66615,55.77949],[37.66316,55.77827],[37.65855,55.77616],[37.65679,55.77557],[37.65231,55.77463],[37.64915,55.77655],[37.64832,55.77748],[37.64477,55.77979],[37.6413,55.77972],[37.63292,55.78056],[37.63168,55.78077],[37.63141,55.78072],[37.63122,55.78057],[37.63066,55.77845],[37.63044,55.77835],[37.62744,55.77834],[37.62667,55.77841],[37.6228,55.77917],[37.6206,55.77992],[37.62021,55.77983],[37.61852,55.77865],[37.61824,55.77855],[37.61739,55.77848],[37.61404,55.77908],[37.61235,55.77978],[37.60941,55.78039],[37.60891,55.78071],[37.60892,55.78082],[37.61103,55.78283],[37.61102,55.783],[37.60677,55.78442],[37.60471,55.7853],[37.60438,55.78536],[37.60189,55.78519],[37.60128,55.78489],[37.59696,55.78416],[37.59211,55.78082],[37.58554,55.77658],[37.5848,55.77635],[37.58424,55.77658],[37.58394,55.7766],[37.58334,55.77623],[37.58325,55.77605],[37.58351,55.77587],[37.584,55.77584],[37.58479,55.77628],[37.58557,55.77657],[37.59264,55.78114],[37.59699,55.78414],[37.60122,55.78485],[37.6019,55.78516],[37.60443,55.78532],[37.60624,55.78457],[37.61093,55.78297],[37.61096,55.78283],[37.60881,55.78083],[37.60879,55.78071],[37.60936,55.78034],[37.6123,55.77975],[37.61345,55.7792],[37.61402,55.77906],[37.61733,55.77846],[37.6182,55.77852],[37.61855,55.77863],[37.62024,55.77982],[37.62059,55.7799],[37.62278,55.77914],[37.62666,55.77838],[37.62744,55.77831],[37.6305,55.77832],[37.63073,55.77845],[37.63129,55.78057],[37.63167,55.78074],[37.63291,55.78052],[37.64128,55.77969],[37.64472,55.77975],[37.64828,55.77746],[37.64912,55.77653],[37.65224,55.77458],[37.65268,55.77451],[37.65433,55.77503],[37.65681,55.77555],[37.65857,55.77613],[37.66319,55.77824],[37.66619,55.77946],[37.67026,55.78154],[37.67488,55.78422],[37.67525,55.78457],[37.67559,55.7851],[37.6763,55.78576],[37.67973,55.78842],[37.68101,55.78929],[37.69133,55.79328],[37.69198,55.79346],[37.69698,55.7942],[37.70548,55.79522],[37.71096,55.79521],[37.71397,55.79576],[37.71433,55.79591],[37.71441,55.79605],[37.71436,55.79678],[37.71489,55.79727],[37.71488,55.79751],[37.71224,55.80072],[37.70811,55.80333],[37.70766,55.80371],[37.70566,55.80879],[37.7027,55.81063],[37.69786,55.81242],[37.69693,55.81291],[37.69514,55.81446],[37.69677,55.81548],[37.7009,55.81675],[37.70162,55.8174],[37.70388,55.81858],[37.70638,55.81913],[37.71127,55.81988],[37.71424,55.81914],[37.71907,55.81708],[37.71949,55.81712],[37.72117,55.81822],[37.72174,55.81827],[37.73234,55.81532],[37.73424,55.81427]]}},{"type":"Feature","properties":{"id":"line-tram-10","kind":"line","lineRef":"tram","ref":"10","color":"#B0413E"},"geometry":{"type":"MultiLineString","coordinates":[[[37.39195,55.80013],[37.39696,55.79907],[37.39806,55.79894],[37.40163,55.79916],[37.4057,55.79957],[37.40642,55.79985],[37.40688,55.80018],[37.41038,55.80526],[37.41062,55.80544],[37.41099,55.80554],[37.42433,55.80381],[37.42729,55.80372],[37.42829,55.80379],[37.43538,55.80484],[37.45101,55.80543],[37.45524,55.80577],[37.45677,55.8061],[37.45795,55.80665],[37.46138,55.80951],[37.46149,55.8099],[37.4616,55.81]],[[37.46137,55.81],[37.46139,55.80966],[37.46129,55.80948],[37.45791,55.80667],[37.45674,55.80612],[37.45523,55.8058],[37.45102,55.80547],[37.43537,55.80488],[37.42828,55.80382],[37.42728,55.80375],[37.42434,55.80384],[37.41089,55.80557],[37.41049,55.80541],[37.41027,55.80517],[37.40683,55.80019],[37.40638,55.79987],[37.40567,55.79959],[37.40197,55.79921],[37.39805,55.79897],[37.39698,55.7991],[37.39234,55.80009]]]}},{"type":"Feature","properties":{"id":"line-tram-11","kind":"line","lineRef":"tram","ref":"11","color":"#B0413E"},"geometry":{"type":"MultiLineString","coordinates":[[[37.61578,55.82359],[37.61613,55.82337],[37.61617,55.82295],[37.6163,55.8228],[37.61895,55.82261],[37.61909,55.8225],[37.61915,55.822],[37.6195,55.82187],[37.62932,55.82182],[37.63136,55.82214],[37.63496,55.82204],[37.64517,55.82732],[37.64549,55.82736],[37.65106,55.82558],[37.65216,55.82501],[37.65753,55.82317],[37.66304,55.82148],[37.6752,55.81798],[37.67954,55.8172],[37.68322,55.81557],[37.68431,55.81539],[37.68469,55.81544],[37.6849,55.81555],[37.68522,55.816],[37.68797,55.81708],[37.69079,55.81636],[37.69491,55.81446],[37.69739,55.81258],[37.70267,55.81061],[37.70561,55.80877],[37.70761,55.80369],[37.70823,55.8032],[37.7122,55.80071],[37.71484,55.7975],[37.71484,55.79728],[37.71441,55.79694],[37.71431,55.79668],[37.71473,55.79254],[37.71491,55.79221],[37.71566,55.79173],[37.71581,55.79151],[37.71792,55.78442],[37.71874,55.78238],[37.719,55.78222],[37.74555,55.78324],[37.74586,55.78339],[37.74602,55.78365],[37.7457,55.78528],[37.74574,55.78547],[37.7475,55.78647],[37.7624,55.78681],[37.76264,55.78704],[37.76236,55.78825],[37.76263,55.7884],[37.7649,55.78865],[37.76737,55.78913],[37.77708,55.792],[37.78284,55.79282],[37.78483,55.79298],[37.79103,55.79313],[37.82023,55.79359]],[[37.82089,55.79363],[37.79103,55.79316],[37.78507,55.79302],[37.783,55.79286],[37.7769,55.79199],[37.76735,55.78916],[37.76485,55.78867],[37.7626,55.78843],[37.76236,55.78833],[37.76229,55.78818],[37.76258,55.78704],[37.76247,55.7869],[37.76224,55.78683],[37.74744,55.7865],[37.74568,55.78549],[37.74564,55.78528],[37.74595,55.78365],[37.74575,55.78338],[37.74536,55.78324],[37.71909,55.78224],[37.71878,55.78241],[37.71798,55.78442],[37.71586,55.79156],[37.71571,55.79175],[37.71492,55.79227],[37.71479,55.79254],[37.71436,55.79668],[37.71445,55.79692],[37.71489,55.79727],[37.71488,55.79751],[37.71224,55.80072],[37.70811,55.80333],[37.70766,55.80371],[37.70566,55.80879],[37.7027,55.81063],[37.69743,55.8126],[37.69693,55.81291],[37.69522,55.81433],[37.69082,55.81639],[37.68796,55.81712],[37.68518,55.81602],[37.68483,55.81556],[37.68463,55.81545],[37.6843,55.81542],[37.68324,55.81559],[37.67956,55.81722],[37.67522,55.81801],[37.66306,55.8215],[37.65755,55.82319],[37.65218,55.82503],[37.65109,55.8256],[37.6455,55.8274],[37.64508,55.82731],[37.63495,55.82206],[37.63144,55.82217],[37.62929,55.82184],[37.61957,55.82189],[37.6192,55.82202],[37.61914,55.82248],[37.619,55.82262],[37.61723,55.82274]]]}},{"type":"Feature","properties":{"id":"line-tram-13","kind":"line","lineRef":"tram","ref":"13","color":"#B0413E"},"geometry":{"type":"MultiLineString","coordinates":[[[37.65031,55.7758],[37.65208,55.77466],[37.65264,55.7745],[37.65433,55.77503],[37.65681,55.77555],[37.65857,55.77613],[37.66319,55.77824],[37.66619,55.77946],[37.6695,55.78112],[37.67449,55.78397],[37.67515,55.78445],[37.67559,55.7851],[37.67643,55.78587],[37.68048,55.78898],[37.68101,55.78929],[37.69162,55.79338],[37.69698,55.7942],[37.70548,55.79522],[37.71004,55.79518],[37.7114,55.79526],[37.72893,55.79841],[37.72904,55.79865],[37.72683,55.80285],[37.72699,55.80306],[37.72849,55.80333],[37.7287,55.80355],[37.72665,55.80755],[37.72668,55.80796],[37.72693,55.80829],[37.74233,55.81716],[37.74654,55.81898],[37.75167,55.82099],[37.7579,55.82427],[37.76744,55.82892]],[[37.76657,55.82928],[37.7664,55.82908],[37.76636,55.82851],[37.76618,55.82836],[37.75776,55.82424],[37.75234,55.82135],[37.74651,55.81901],[37.74226,55.81715],[37.72689,55.80831],[37.72662,55.80794],[37.7266,55.80755],[37.72865,55.80355],[37.72847,55.80336],[37.72696,55.8031],[37.7268,55.803],[37.72677,55.80284],[37.729,55.79865],[37.72888,55.79843],[37.71139,55.79529],[37.71004,55.79521],[37.70548,55.79525],[37.69697,55.79423],[37.69161,55.79341],[37.68097,55.78931],[37.68045,55.78901],[37.67642,55.78591],[37.67553,55.78511],[37.675,55.78435],[37.67446,55.78399],[37.67002,55.78145],[37.66659,55.7797],[37.66316,55.77827],[37.65855,55.77616],[37.65679,55.77557],[37.65243,55.77461],[37.65203,55.77475],[37.65035,55.77583],[37.6503,55.77598],[37.65065,55.77626],[37.65059,55.77645],[37.65044,55.77655]]]}},{"type":"Feature","properties":{"id":"line-tram-16","kind":"line","lineRef":"tram","ref":"16","color":"#B0413E"},"geometry":{"type":"MultiLineString","coordinates":[[[37.62149,55.70096],[37.62075,55.69958],[37.62065,55.6987],[37.62265,55.6884],[37.62423,55.68212],[37.62478,55.68039],[37.62651,55.67549],[37.62744,55.67401],[37.6276,55.67317],[37.62751,55.67254],[37.62584,55.66987],[37.62398,55.66765],[37.62388,55.66727],[37.62396,55.666],[37.62388,55.6646],[37.62341,55.66403],[37.62293,55.6638],[37.62178,55.66352],[37.62112,55.66348],[37.61608,55.66406],[37.61466,55.66419],[37.61435,55.66414],[37.60574,55.65707],[37.60542,55.65668],[37.60535,55.65599],[37.60562,55.64131],[37.60555,55.63971],[37.60513,55.63776],[37.60425,55.63571],[37.60345,55.6343],[37.59691,55.62653],[37.59436,55.62132],[37.59394,55.62019],[37.59181,55.61295],[37.58784,55.59631]],[[37.58795,55.59653],[37.59187,55.61295],[37.59401,55.62019],[37.59442,55.62132],[37.59696,55.62652],[37.6035,55.6343],[37.60431,55.63571],[37.60521,55.63779],[37.60561,55.63972],[37.60567,55.641],[37.60547,55.65662],[37.6058,55.65705],[37.60712,55.65815],[37.61445,55.66414],[37.61606,55.66404],[37.62111,55.66343],[37.62179,55.66347],[37.62297,55.66375],[37.62347,55.664],[37.62371,55.66419],[37.62397,55.6646],[37.62404,55.666],[37.62396,55.66727],[37.62406,55.66764],[37.62589,55.66985],[37.6273,55.67199],[37.62761,55.67266],[37.62764,55.67331],[37.62749,55.67401],[37.62656,55.6755],[37.62444,55.68161],[37.62271,55.6884],[37.62071,55.6987],[37.62081,55.69957],[37.62165,55.70122]]]}},{"type":"Feature","properties":{"id":"line-tram-17","kind":"line","lineRef":"tram","ref":"17","color":"#B0413E"},"geometry":{"type":"MultiLineString","coordinates":[[[37.61578,55.82359],[37.61613,55.82337],[37.61617,55.82295],[37.6163,55.8228],[37.61895,55.82261],[37.61909,55.8225],[37.61915,55.822],[37.6195,55.82187],[37.62932,55.82182],[37.63136,55.82214],[37.63496,55.82204],[37.64521,55.82734],[37.64561,55.82735],[37.64662,55.82707],[37.64693,55.8271],[37.64931,55.82945],[37.65108,55.83109],[37.65164,55.83147],[37.6563,55.83606],[37.65772,55.83667],[37.66167,55.83963],[37.66438,55.84184],[37.66454,55.84205],[37.66468,55.84251],[37.66964,55.84609],[37.67018,55.84676],[37.67074,55.84816],[37.67088,55.84916],[37.67061,55.85077],[37.67045,55.85105],[37.66282,55.85599],[37.66172,55.85689],[37.66108,55.8576],[37.66031,55.85908],[37.66006,55.86042],[37.66028,55.86165],[37.66382,55.86879],[37.66381,55.86909],[37.66345,55.86949],[37.66299,55.86972],[37.66221,55.86989],[37.65408,55.87117],[37.65052,55.8716],[37.6471,55.87166],[37.6389,55.87089],[37.63841,55.87094],[37.63808,55.87111],[37.63595,55.87838],[37.63616,55.87874],[37.6442,55.88714],[37.64408,55.88735],[37.64388,55.88741],[37.64298,55.88751]],[[37.64296,55.88656],[37.64317,55.88632],[37.64315,55.88611],[37.63607,55.87871],[37.6359,55.87838],[37.63802,55.8711],[37.63837,55.87091],[37.63891,55.87086],[37.6471,55.87163],[37.65052,55.87157],[37.65403,55.87114],[37.6622,55.86986],[37.66292,55.86971],[37.66342,55.86947],[37.66375,55.8691],[37.66378,55.86879],[37.66023,55.86165],[37.66003,55.86076],[37.66002,55.86017],[37.66027,55.85908],[37.66104,55.8576],[37.66186,55.85671],[37.6628,55.85597],[37.6704,55.85105],[37.67055,55.85077],[37.67083,55.84915],[37.67075,55.84842],[37.67057,55.84786],[37.67009,55.84669],[37.66976,55.84624],[37.66476,55.84263],[37.66453,55.84237],[37.66446,55.84198],[37.66416,55.8417],[37.66162,55.83964],[37.65768,55.83669],[37.65626,55.83607],[37.65158,55.83148],[37.65104,55.83111],[37.64691,55.82712],[37.64654,55.82711],[37.64559,55.82738],[37.64518,55.82736],[37.63495,55.82206],[37.63144,55.82217],[37.62929,55.82184],[37.61957,55.82189],[37.6192,55.82202],[37.61914,55.82248],[37.619,55.82262],[37.61723,55.82274]]]}},{"type":"Feature","properties":{"id":"line-tram-21","kind":"line","lineRef":"tram","ref":"21","color":"#B0413E"},"geometry":{"type":"MultiLineString","coordinates":[[[37.39123,55.80135],[37.39844,55.81198],[37.39887,55.81216],[37.39949,55.81211],[37.40125,55.81173],[37.40228,55.81132],[37.41066,55.80564],[37.41611,55.80485],[37.4249,55.80376],[37.42795,55.80375],[37.43538,55.80484],[37.45101,55.80543],[37.45555,55.80582],[37.45703,55.80619],[37.45795,55.80665],[37.46138,55.80951],[37.46149,55.8099],[37.4616,55.81]],[[37.46137,55.81],[37.46139,55.80966],[37.46129,55.80948],[37.45791,55.80667],[37.457,55.80621],[37.45553,55.80585],[37.45102,55.80547],[37.43537,55.80488],[37.42794,55.80377],[37.4249,55.80379],[37.41612,55.80488],[37.41069,55.80566],[37.40232,55.81135],[37.40127,55.81175],[37.39937,55.81216],[37.39886,55.81219],[37.3984,55.81199],[37.39132,55.80157]]]}},{"type":"Feature","properties":{"id":"line-tram-25","kind":"line","lineRef":"tram","ref":"25","color":"#B0413E"},"geometry":{"type":"MultiLineString","coordinates":[[[37.61578,55.82359],[37.61613,55.82337],[37.61617,55.82295],[37.6163,55.8228],[37.61895,55.82261],[37.61909,55.8225],[37.61915,55.822],[37.6195,55.82187],[37.62932,55.82182],[37.63136,55.82214],[37.63496,55.82204],[37.64517,55.82732],[37.64553,55.82736],[37.65106,55.82558],[37.65216,55.82501],[37.65777,55.82309],[37.66304,55.82148],[37.6752,55.81798],[37.67954,55.8172],[37.68297,55.81564],[37.68516,55.81522],[37.68669,55.81413],[37.68681,55.81384],[37.6848,55.81118],[37.68477,55.81099],[37.69173,55.80573],[37.69177,55.80561],[37.68816,55.80231],[37.68685,55.80021],[37.68524,55.79868],[37.68313,55.79635],[37.68168,55.79288],[37.68034,55.7925]],[[37.68034,55.7925],[37.68173,55.79287],[37.68318,55.79634],[37.6853,55.79866],[37.68667,55.79993],[37.68824,55.80233],[37.69183,55.80562],[37.69175,55.80577],[37.68482,55.811],[37.68484,55.81117],[37.68687,55.81389],[37.68674,55.81415],[37.6851,55.81529],[37.683,55.81566],[37.67956,55.81722],[37.67522,55.81801],[37.65878,55.82281],[37.65218,55.82503],[37.65109,55.8256],[37.64554,55.82739],[37.64508,55.82731],[37.63495,55.82206],[37.63144,55.82217],[37.62929,55.82184],[37.61957,55.82189],[37.6192,55.82202],[37.61914,55.82248],[37.619,55.82262],[37.61723,55.82274]],[[37.68034,55.7925],[37.68031,55.79236],[37.68078,55.79155],[37.68061,55.79144],[37.67983,55.79132],[37.67934,55.79205],[37.67933,55.7922],[37.6795,55.79232],[37.68034,55.7925]]]}},{"type":"Feature","properties":{"id":"line-tram-27","kind":"line","lineRef":"tram","ref":"27","color":"#B0413E"},"geometry":{"type":"MultiLineString","coordinates":[[[37.49892,55.81881],[37.49945,55.81819],[37.49983,55.81813],[37.51788,55.82284],[37.51788,55.823],[37.51573,55.82566],[37.51578,55.82596],[37.51669,55.82662],[37.51808,55.82709],[37.51992,55.83041],[37.52523,55.83517],[37.52578,55.83624],[37.52624,55.83682],[37.5271,55.83737],[37.52831,55.83795],[37.52916,55.83887],[37.52948,55.83893],[37.54499,55.8348],[37.54575,55.83472],[37.54851,55.83504],[37.54887,55.83498],[37.55177,55.83125],[37.55254,55.83065],[37.55725,55.82503],[37.55786,55.82464],[37.5584,55.8245],[37.5616,55.82434],[37.56197,55.82422],[37.56291,55.82254],[37.56302,55.82185],[37.56294,55.82085],[37.56316,55.82042],[37.5667,55.81634],[37.56716,55.8162],[37.56863,55.81656],[37.5689,55.81652],[37.57487,55.80879],[37.5752,55.80865],[37.5764,55.80885]],[[37.57687,55.80888],[37.5753,55.80868],[37.57493,55.80877],[37.56894,55.81654],[37.56862,55.81658],[37.56716,55.81623],[37.56673,55.81636],[37.56322,55.82044],[37.56301,55.82085],[37.56309,55.82185],[37.56298,55.82255],[37.56208,55.8242],[37.56168,55.82436],[37.55842,55.82452],[37.55776,55.82472],[37.55729,55.82504],[37.55265,55.8306],[37.55182,55.83126],[37.54891,55.835],[37.54842,55.83507],[37.54569,55.83475],[37.54476,55.83489],[37.52951,55.83896],[37.52912,55.83888],[37.52823,55.83793],[37.52707,55.83738],[37.5262,55.83683],[37.52574,55.83623],[37.52521,55.83519],[37.51986,55.83042],[37.51803,55.8271],[37.51672,55.82668],[37.51566,55.82589],[37.51567,55.82565],[37.51783,55.82299],[37.51778,55.82282],[37.50023,55.81826]]]}},{"type":"Feature","properties":{"id":"line-tram-39","kind":"line","lineRef":"tram","ref":"39","color":"#B0413E"},"geometry":{"type":"MultiLineString","coordinates":[[[37.63876,55.76464],[37.6388,55.76445],[37.64148,55.76303],[37.64326,55.76182],[37.6453,55.75937],[37.64625,55.75799],[37.64751,55.75676],[37.64823,55.75578],[37.64826,55.75561],[37.64793,55.75469],[37.64728,55.75355],[37.64569,55.75137],[37.64499,55.75103],[37.6429,55.75063],[37.64233,55.75037],[37.64166,55.74965],[37.64107,55.74884],[37.63744,55.74626],[37.63344,55.74377],[37.63261,55.74338],[37.63125,55.743],[37.62993,55.7424],[37.62966,55.74207],[37.6296,55.74139],[37.62966,55.74071],[37.63004,55.73916],[37.6305,55.73816],[37.63142,55.73665],[37.63321,55.73484],[37.63403,55.73369],[37.63527,55.7316],[37.63638,55.73035],[37.63663,55.72975],[37.63684,55.72853],[37.6371,55.72815],[37.63718,55.72767],[37.63724,55.72651],[37.63648,55.72403],[37.6364,55.72348],[37.63311,55.71588],[37.63326,55.71464],[37.63305,55.71326],[37.63297,55.71196],[37.6328,55.71175],[37.63236,55.71166],[37.62176,55.71144],[37.62098,55.71158],[37.60669,55.71198],[37.60647,55.7119],[37.60618,55.71143],[37.6055,55.71123],[37.59739,55.71003],[37.59359,55.70988],[37.56141,55.69162],[37.55242,55.68426],[37.55213,55.68416],[37.55158,55.6842],[37.53695,55.69264]],[[37.53771,55.69211],[37.55139,55.68425],[37.55175,55.68411],[37.55215,55.68412],[37.55247,55.68424],[37.56146,55.69161],[37.59359,55.70984],[37.5974,55.71],[37.60552,55.71119],[37.60734,55.71161],[37.62096,55.71123],[37.62167,55.7114],[37.6274,55.71148],[37.63237,55.71163],[37.63284,55.71173],[37.63305,55.71212],[37.6331,55.71326],[37.6333,55.71432],[37.63319,55.71588],[37.63647,55.72347],[37.63653,55.72403],[37.63732,55.72652],[37.63726,55.72767],[37.63718,55.72816],[37.63691,55.72854],[37.63671,55.72975],[37.63651,55.73024],[37.63528,55.73171],[37.6341,55.73371],[37.63329,55.73485],[37.63154,55.7366],[37.63058,55.73817],[37.63009,55.73925],[37.62968,55.74091],[37.62973,55.74206],[37.62998,55.74236],[37.63125,55.74295],[37.63263,55.74333],[37.63349,55.74374],[37.63748,55.74624],[37.64121,55.7489],[37.6416,55.74951],[37.64236,55.75035],[37.64292,55.75061],[37.64381,55.7508],[37.64453,55.75078],[37.64515,55.75088],[37.64588,55.75121],[37.64754,55.75314],[37.64841,55.75471],[37.64869,55.75564],[37.64856,55.75608],[37.64716,55.75765],[37.64615,55.75948],[37.64593,55.76014],[37.64592,55.76071],[37.64583,55.76087],[37.64422,55.76231],[37.64213,55.76344],[37.63909,55.76479]]]}},{"type":"Feature","properties":{"id":"line-tram-43","kind":"line","lineRef":"tram","ref":"43","color":"#B0413E"},"geometry":{"type":"MultiLineString","coordinates":[[[37.67573,55.74876],[37.67531,55.74844],[37.67461,55.74829],[37.67325,55.74845],[37.67176,55.74848],[37.67147,55.74833],[37.67011,55.74697],[37.67128,55.74149],[37.67142,55.74136],[37.67164,55.74135],[37.67358,55.74145],[37.67368,55.7405],[37.67364,55.73979],[37.67083,55.73567],[37.66847,55.73361],[37.66533,55.73178],[37.66479,55.73159],[37.6613,55.73085],[37.66108,55.7307],[37.66288,55.72784],[37.66358,55.72631],[37.66399,55.72465],[37.66408,55.72295],[37.66435,55.72281],[37.67416,55.72082],[37.68032,55.71272],[37.68098,55.71193],[37.68138,55.71174],[37.68216,55.71166],[37.68268,55.71172],[37.69572,55.71548],[37.69573,55.71573],[37.69536,55.71586]],[[37.6948,55.71578],[37.69408,55.71503],[37.68267,55.71175],[37.68217,55.7117],[37.68136,55.71178],[37.68103,55.71194],[37.68037,55.71274],[37.6742,55.72084],[37.66438,55.72283],[37.66412,55.723],[37.66404,55.72465],[37.66355,55.72653],[37.66293,55.72785],[37.66116,55.73069],[37.66135,55.73082],[37.66407,55.73141],[37.66697,55.73193],[37.67058,55.73513],[37.67377,55.73989],[37.67379,55.74029],[37.67373,55.74132],[37.67364,55.74148],[37.67157,55.74138],[37.67131,55.7415],[37.67041,55.74547],[37.67016,55.74692],[37.67151,55.74831],[37.67177,55.74845],[37.67489,55.74828],[37.6754,55.74844],[37.67573,55.74876]],[[37.67652,55.74978],[37.67946,55.75367],[37.68582,55.7583],[37.68625,55.75959],[37.68613,55.75976],[37.68558,55.76002],[37.68554,55.76018],[37.68674,55.76149],[37.68675,55.76162],[37.68664,55.76174],[37.68405,55.76266],[37.68043,55.76301],[37.68017,55.76315],[37.68032,55.76404],[37.67997,55.76636],[37.67944,55.769],[37.67844,55.77312],[37.67775,55.77546],[37.67398,55.77732],[37.67118,55.77609],[37.67079,55.7761],[37.6679,55.77841],[37.6665,55.77929],[37.66638,55.77947],[37.66649,55.77961],[37.67026,55.78154],[37.67473,55.78411],[37.67515,55.78445],[37.67578,55.78531],[37.67643,55.78587],[37.68048,55.78898],[37.68197,55.7897],[37.682,55.78988],[37.68096,55.79136]],[[37.68096,55.79136],[37.68195,55.78987],[37.68193,55.78972],[37.68045,55.78901],[37.67642,55.78591],[37.67573,55.78532],[37.67511,55.78446],[37.67469,55.78413],[37.67002,55.78145],[37.66646,55.77964],[37.66633,55.77947],[37.66644,55.7793],[37.66785,55.77838],[37.6708,55.77606],[37.6712,55.77606],[37.67376,55.77724],[37.67406,55.77728],[37.67771,55.77545],[37.67846,55.77287],[37.67962,55.76789],[37.68027,55.76403],[37.68013,55.76311],[37.68041,55.76297],[37.684,55.76263],[37.68661,55.76172],[37.68672,55.76161],[37.68549,55.7602],[37.6853,55.75866],[37.68569,55.7584],[37.68565,55.75819],[37.67941,55.75369],[37.67679,55.75033],[37.67652,55.74978]],[[37.68096,55.79136],[37.68065,55.79143],[37.67983,55.79132],[37.67934,55.79205],[37.67933,55.7922],[37.6795,55.79232],[37.68025,55.79241],[37.68096,55.79136]]]}},{"type":"Feature","properties":{"id":"line-tram-46","kind":"line","lineRef":"tram","ref":"46","color":"#B0413E"},"geometry":{"type":"LineString","coordinates":[[37.76657,55.82928],[37.7664,55.82908],[37.76636,55.82851],[37.76618,55.82836],[37.75776,55.82424],[37.7516,55.821],[37.74651,55.81901],[37.74226,55.81715],[37.73588,55.81355],[37.73554,55.81356],[37.73535,55.81368],[37.73525,55.81436],[37.73485,55.81463],[37.72175,55.81829],[37.72115,55.81825],[37.71946,55.81714],[37.71911,55.81709],[37.71427,55.81916],[37.71315,55.8195],[37.71122,55.81992],[37.70636,55.81915],[37.70385,55.81861],[37.70157,55.81741],[37.70087,55.81677],[37.69674,55.8155],[37.69514,55.81455],[37.69509,55.81438],[37.69688,55.81289],[37.69739,55.81258],[37.70267,55.81061],[37.70561,55.80877],[37.70761,55.80369],[37.70823,55.8032],[37.7122,55.80071],[37.71486,55.79746],[37.71484,55.79728],[37.71441,55.79694],[37.71431,55.79668],[37.71473,55.79254],[37.71491,55.79221],[37.71566,55.79173],[37.71581,55.79151],[37.7178,55.78477],[37.71879,55.78221],[37.71823,55.78021],[37.71862,55.78001],[37.72053,55.77969],[37.72062,55.77951],[37.72057,55.77885],[37.7203,55.77865],[37.71204,55.77453],[37.71136,55.77404],[37.7075,55.77211],[37.70557,55.77131],[37.70462,55.77063],[37.70258,55.76997],[37.6981,55.76721],[37.69788,55.76689],[37.69808,55.76666],[37.69874,55.76654],[37.70485,55.76378],[37.70676,55.76335],[37.71604,55.75972],[37.71622,55.75945],[37.71587,55.75403],[37.71565,55.75385],[37.71222,55.75314],[37.71218,55.7528],[37.71319,55.75105],[37.71291,55.75088],[37.69898,55.74819],[37.68139,55.74685],[37.68047,55.74691],[37.67364,55.73979],[37.67313,55.73908],[37.67303,55.7388],[37.6731,55.73865],[37.67408,55.73818],[37.67951,55.73745],[37.6966,55.73577],[37.69668,55.73561],[37.6959,55.73409],[37.69602,55.73396],[37.697,55.73382],[37.69822,55.73536],[37.69822,55.73555],[37.69654,55.73584],[37.68372,55.73704],[37.67474,55.73811],[37.67396,55.73827],[37.67322,55.73865],[37.67313,55.7389],[37.67326,55.73923],[37.67392,55.74003],[37.67793,55.74427],[37.67913,55.74536],[37.68051,55.74689],[37.68139,55.74682],[37.699,55.74815],[37.71293,55.75085],[37.71325,55.75105],[37.71224,55.75281],[37.71225,55.75312],[37.71569,55.75384],[37.71592,55.75403],[37.71627,55.75936],[37.71613,55.75971],[37.70678,55.76338],[37.70486,55.76381],[37.69876,55.76655],[37.69808,55.7667],[37.69793,55.76689],[37.69815,55.76719],[37.70274,55.77001],[37.70465,55.77061],[37.70562,55.77128],[37.70755,55.77207],[37.7114,55.774],[37.71207,55.77451],[37.71972,55.7783],[37.72063,55.77885],[37.72068,55.77957],[37.72056,55.77972],[37.71864,55.78004],[37.71828,55.78022],[37.71887,55.78221],[37.71786,55.78477],[37.71586,55.79156],[37.71571,55.79175],[37.71492,55.79227],[37.71479,55.79254],[37.71436,55.79668],[37.71445,55.79692],[37.71489,55.79727],[37.71491,55.79746],[37.71224,55.80072],[37.70811,55.80333],[37.70766,55.80371],[37.70566,55.80879],[37.7027,55.81063],[37.69743,55.8126],[37.69693,55.81291],[37.69554,55.81406],[37.69516,55.8144],[37.69519,55.81453],[37.69677,55.81548],[37.7009,55.81675],[37.70162,55.8174],[37.70388,55.81858],[37.70638,55.81913],[37.71127,55.81988],[37.71424,55.81914],[37.71907,55.81708],[37.71949,55.81712],[37.72117,55.81822],[37.72174,55.81827],[37.73234,55.81532],[37.73538,55.81359],[37.73592,55.81351],[37.74233,55.81716],[37.74654,55.81898],[37.75167,55.82099],[37.7579,55.82427],[37.76744,55.82892]]}},{"type":"Feature","properties":{"id":"line-tram-49","kind":"line","lineRef":"tram","ref":"49","color":"#B0413E"},"geometry":{"type":"MultiLineString","coordinates":[[[37.62149,55.70096],[37.62075,55.69958],[37.62064,55.69912],[37.62066,55.69861],[37.62265,55.6884],[37.62426,55.68201],[37.62457,55.68178],[37.63381,55.68025],[37.63713,55.67984],[37.64723,55.67868],[37.64828,55.6787],[37.66065,55.67727],[37.66501,55.67703],[37.66532,55.67717],[37.66567,55.67839],[37.66606,55.67865],[37.68997,55.68513]],[[37.68953,55.68505],[37.66604,55.67867],[37.66562,55.6784],[37.66526,55.67719],[37.66499,55.67707],[37.66065,55.67731],[37.6483,55.67874],[37.64721,55.67872],[37.64624,55.67882],[37.63713,55.67988],[37.63381,55.68029],[37.62459,55.6818],[37.62438,55.68191],[37.6243,55.6821],[37.62271,55.6884],[37.62072,55.69862],[37.6207,55.69912],[37.62081,55.69957],[37.62165,55.70122]]]}},{"type":"Feature","properties":{"id":"mstn-0","kind":"node","name":"Medvedkovo","color":"#F07E23","lineRef":"metro","lab":1},"geometry":{"type":"Point","coordinates":[37.66155,55.88718]}},{"type":"Feature","properties":{"id":"mstn-1","kind":"node","name":"Babushkinskaya","color":"#F07E23","lineRef":"metro","lab":1},"geometry":{"type":"Point","coordinates":[37.66411,55.86963]}},{"type":"Feature","properties":{"id":"mstn-2","kind":"node","name":"Partizanskaya","color":"#0072BA","lineRef":"metro","lab":1},"geometry":{"type":"Point","coordinates":[37.75099,55.7885]}},{"type":"Feature","properties":{"id":"mstn-3","kind":"node","name":"Semyonovskaya","color":"#0072BA","lineRef":"metro","lab":1},"geometry":{"type":"Point","coordinates":[37.72128,55.78331]}},{"type":"Feature","properties":{"id":"mstn-4","kind":"node","name":"Filyovsky Park","color":"#1EBCEF","lineRef":"metro","lab":1},"geometry":{"type":"Point","coordinates":[37.48337,55.73951]}},{"type":"Feature","properties":{"id":"mstn-5","kind":"node","name":"Bagrationovskaya","color":"#1EBCEF","lineRef":"metro","lab":1},"geometry":{"type":"Point","coordinates":[37.49774,55.74373]}},{"type":"Feature","properties":{"id":"mstn-6","kind":"node","name":"Fili","color":"#1EBCEF","lineRef":"metro","lab":1},"geometry":{"type":"Point","coordinates":[37.51483,55.74613]}},{"type":"Feature","properties":{"id":"mstn-7","kind":"node","name":"Kutuzovskaya","color":"#1EBCEF","lineRef":"metro","lab":1},"geometry":{"type":"Point","coordinates":[37.53439,55.73999]}},{"type":"Feature","properties":{"id":"mstn-8","kind":"node","name":"Studencheskaya","color":"#1EBCEF","lineRef":"metro","lab":1},"geometry":{"type":"Point","coordinates":[37.54841,55.73883]}},{"type":"Feature","properties":{"id":"mstn-9","kind":"node","name":"Elektrozavodskaya","color":"#0072BA","lineRef":"metro","lab":1},"geometry":{"type":"Point","coordinates":[37.70379,55.78171]}},{"type":"Feature","properties":{"id":"mstn-10","kind":"node","name":"Baumanskaya","color":"#0072BA","lineRef":"metro","lab":1},"geometry":{"type":"Point","coordinates":[37.68055,55.77304]}},{"type":"Feature","properties":{"id":"mstn-11","kind":"node","name":"Ploschad Revolyutsii","color":"#0072BA","lineRef":"metro","lab":1},"geometry":{"type":"Point","coordinates":[37.62178,55.75665]}},{"type":"Feature","properties":{"id":"mstn-12","kind":"node","name":"Arbatskaya","color":"#ADACAC","lineRef":"metro","lab":1},"geometry":{"type":"Point","coordinates":[37.60698,55.75209]}},{"type":"Feature","properties":{"id":"mstn-13","kind":"node","name":"Molodyozhnaya","color":"#0072BA","lineRef":"metro","lab":1},"geometry":{"type":"Point","coordinates":[37.41694,55.74076]}},{"type":"Feature","properties":{"id":"mstn-14","kind":"node","name":"Pionerskaya","color":"#1EBCEF","lineRef":"metro","lab":1},"geometry":{"type":"Point","coordinates":[37.46714,55.73599]}},{"type":"Feature","properties":{"id":"mstn-15","kind":"node","name":"Smolenskaya","color":"#0072BA","lineRef":"metro","lab":1},"geometry":{"type":"Point","coordinates":[37.58182,55.74739]}},{"type":"Feature","properties":{"id":"mstn-16","kind":"node","name":"Kuznetsky Most","color":"#943E90","lineRef":"metro","lab":1},"geometry":{"type":"Point","coordinates":[37.62614,55.76075]}},{"type":"Feature","properties":{"id":"mstn-17","kind":"node","name":"Taganskaya","color":"#943E90","lineRef":"metro","lab":1},"geometry":{"type":"Point","coordinates":[37.6519,55.74047]}},{"type":"Feature","properties":{"id":"mstn-18","kind":"node","name":"Proletarskaya","color":"#943E90","lineRef":"metro","lab":1},"geometry":{"type":"Point","coordinates":[37.66588,55.73186]}},{"type":"Feature","properties":{"id":"mstn-19","kind":"node","name":"Volgogradsky Prospekt","color":"#943E90","lineRef":"metro","lab":1},"geometry":{"type":"Point","coordinates":[37.68689,55.72524]}},{"type":"Feature","properties":{"id":"mstn-20","kind":"node","name":"Tekstilshchiki","color":"#943E90","lineRef":"metro","lab":1},"geometry":{"type":"Point","coordinates":[37.7315,55.70881]}},{"type":"Feature","properties":{"id":"mstn-21","kind":"node","name":"Kuzminki","color":"#943E90","lineRef":"metro","lab":1},"geometry":{"type":"Point","coordinates":[37.76578,55.7056]}},{"type":"Feature","properties":{"id":"mstn-22","kind":"node","name":"Vykhino","color":"#943E90","lineRef":"metro","lab":1},"geometry":{"type":"Point","coordinates":[37.81792,55.71564]}},{"type":"Feature","properties":{"id":"mstn-23","kind":"node","name":"Ryazansky Prospekt","color":"#943E90","lineRef":"metro","lab":1},"geometry":{"type":"Point","coordinates":[37.79332,55.71695]}},{"type":"Feature","properties":{"id":"mstn-24","kind":"node","name":"Delovoy Tsentr","color":"#1EBCEF","lineRef":"metro","lab":1},"geometry":{"type":"Point","coordinates":[37.54137,55.75009]}},{"type":"Feature","properties":{"id":"mstn-25","kind":"node","name":"Aleksandrovsky Sad","color":"#1EBCEF","lineRef":"metro","lab":1},"geometry":{"type":"Point","coordinates":[37.60868,55.7524]}},{"type":"Feature","properties":{"id":"mstn-26","kind":"node","name":"Kiyevskaya","color":"#A35539","lineRef":"metro","lab":1},"geometry":{"type":"Point","coordinates":[37.56565,55.74368]}},{"type":"Feature","properties":{"id":"mstn-27","kind":"node","name":"Slavyansky Bulvar","color":"#0072BA","lineRef":"metro","lab":1},"geometry":{"type":"Point","coordinates":[37.47079,55.7296]}},{"type":"Feature","properties":{"id":"mstn-28","kind":"node","name":"Novogireyevo","color":"#FFCD1C","lineRef":"metro","lab":1},"geometry":{"type":"Point","coordinates":[37.81675,55.75177]}},{"type":"Feature","properties":{"id":"mstn-29","kind":"node","name":"Perovo","color":"#FFCD1C","lineRef":"metro","lab":1},"geometry":{"type":"Point","coordinates":[37.78648,55.7512]}},{"type":"Feature","properties":{"id":"mstn-30","kind":"node","name":"Shosse Entuziastov","color":"#FFCD1C","lineRef":"metro","lab":1},"geometry":{"type":"Point","coordinates":[37.74949,55.75757]}},{"type":"Feature","properties":{"id":"mstn-31","kind":"node","name":"Moscow-City","color":"#1EBCEF","lineRef":"metro","lab":1},"geometry":{"type":"Point","coordinates":[37.53423,55.74831]}},{"type":"Feature","properties":{"id":"mstn-32","kind":"node","name":"Tyoply Stan","color":"#F07E23","lineRef":"metro","lab":1},"geometry":{"type":"Point","coordinates":[37.50822,55.61886]}},{"type":"Feature","properties":{"id":"mstn-33","kind":"node","name":"Kaluzhskaya","color":"#F07E23","lineRef":"metro","lab":1},"geometry":{"type":"Point","coordinates":[37.54053,55.65709]}},{"type":"Feature","properties":{"id":"mstn-34","kind":"node","name":"Novye Cheryomushki","color":"#F07E23","lineRef":"metro","lab":1},"geometry":{"type":"Point","coordinates":[37.5547,55.67028]}},{"type":"Feature","properties":{"id":"mstn-35","kind":"node","name":"Yasenevo","color":"#F07E23","lineRef":"metro","lab":1},"geometry":{"type":"Point","coordinates":[37.53341,55.60631]}},{"type":"Feature","properties":{"id":"mstn-36","kind":"node","name":"Bul'var Rokossovskogo","color":"#E42313","lineRef":"metro","lab":1},"geometry":{"type":"Point","coordinates":[37.73434,55.81468]}},{"type":"Feature","properties":{"id":"mstn-37","kind":"node","name":"Cherkizovskaya","color":"#E42313","lineRef":"metro","lab":1},"geometry":{"type":"Point","coordinates":[37.74503,55.80388]}},{"type":"Feature","properties":{"id":"mstn-38","kind":"node","name":"Preobrazhenskaya Ploshchad","color":"#E42313","lineRef":"metro","lab":1},"geometry":{"type":"Point","coordinates":[37.71535,55.79637]}},{"type":"Feature","properties":{"id":"mstn-39","kind":"node","name":"Rechnoy Vokzal","color":"#4FB04F","lineRef":"metro","lab":1},"geometry":{"type":"Point","coordinates":[37.47621,55.85501]}},{"type":"Feature","properties":{"id":"mstn-40","kind":"node","name":"Vodny Stadion","color":"#4FB04F","lineRef":"metro","lab":1},"geometry":{"type":"Point","coordinates":[37.48671,55.84006]}},{"type":"Feature","properties":{"id":"mstn-41","kind":"node","name":"Voykovskaya","color":"#4FB04F","lineRef":"metro","lab":1},"geometry":{"type":"Point","coordinates":[37.49802,55.81905]}},{"type":"Feature","properties":{"id":"mstn-42","kind":"node","name":"Aeroport","color":"#4FB04F","lineRef":"metro","lab":1},"geometry":{"type":"Point","coordinates":[37.53315,55.8004]}},{"type":"Feature","properties":{"id":"mstn-43","kind":"node","name":"Dinamo","color":"#4FB04F","lineRef":"metro","lab":1},"geometry":{"type":"Point","coordinates":[37.55821,55.78974]}},{"type":"Feature","properties":{"id":"mstn-44","kind":"node","name":"Sokolniki","color":"#E42313","lineRef":"metro","lab":1},"geometry":{"type":"Point","coordinates":[37.68025,55.78882]}},{"type":"Feature","properties":{"id":"mstn-45","kind":"node","name":"Komsomolskaya","color":"#E42313","lineRef":"metro","lab":1},"geometry":{"type":"Point","coordinates":[37.65603,55.77521]}},{"type":"Feature","properties":{"id":"mstn-46","kind":"node","name":"Krasnoselskaya","color":"#E42313","lineRef":"metro","lab":1},"geometry":{"type":"Point","coordinates":[37.66766,55.78036]}},{"type":"Feature","properties":{"id":"mstn-47","kind":"node","name":"Okhotny Ryad","color":"#E42313","lineRef":"metro","lab":1},"geometry":{"type":"Point","coordinates":[37.61651,55.75777]}},{"type":"Feature","properties":{"id":"mstn-48","kind":"node","name":"Lubyanka","color":"#943E90","lineRef":"metro","lab":1},"geometry":{"type":"Point","coordinates":[37.62786,55.75987]}},{"type":"Feature","properties":{"id":"mstn-49","kind":"node","name":"Chistye Prudy","color":"#E42313","lineRef":"metro","lab":1},"geometry":{"type":"Point","coordinates":[37.63903,55.76587]}},{"type":"Feature","properties":{"id":"mstn-50","kind":"node","name":"Sviblovo","color":"#F07E23","lineRef":"metro","lab":1},"geometry":{"type":"Point","coordinates":[37.65271,55.85521]}},{"type":"Feature","properties":{"id":"mstn-51","kind":"node","name":"Botanical Garden","color":"#F07E23","lineRef":"metro","lab":1},"geometry":{"type":"Point","coordinates":[37.63825,55.84484]}},{"type":"Feature","properties":{"id":"mstn-52","kind":"node","name":"Aviamotornaya","color":"#78C7C9","lineRef":"metro","lab":1},"geometry":{"type":"Point","coordinates":[37.72006,55.75253]}},{"type":"Feature","properties":{"id":"mstn-53","kind":"node","name":"Ploshchad Ilyicha","color":"#BED12C","lineRef":"metro","lab":1},"geometry":{"type":"Point","coordinates":[37.6832,55.7472]}},{"type":"Feature","properties":{"id":"mstn-54","kind":"node","name":"Marksistskaya","color":"#FFCD1C","lineRef":"metro","lab":1},"geometry":{"type":"Point","coordinates":[37.65353,55.74132]}},{"type":"Feature","properties":{"id":"mstn-55","kind":"node","name":"Rizhskaya","color":"#78C7C9","lineRef":"metro","lab":1},"geometry":{"type":"Point","coordinates":[37.6365,55.7937]}},{"type":"Feature","properties":{"id":"mstn-56","kind":"node","name":"Prospekt Mira","color":"#F07E23","lineRef":"metro","lab":1},"geometry":{"type":"Point","coordinates":[37.63198,55.78085]}},{"type":"Feature","properties":{"id":"mstn-57","kind":"node","name":"Sukharevskaya","color":"#F07E23","lineRef":"metro","lab":1},"geometry":{"type":"Point","coordinates":[37.6312,55.77296]}},{"type":"Feature","properties":{"id":"mstn-58","kind":"node","name":"Turgenevskaya","color":"#F07E23","lineRef":"metro","lab":1},"geometry":{"type":"Point","coordinates":[37.63747,55.76649]}},{"type":"Feature","properties":{"id":"mstn-59","kind":"node","name":"Tretyakovskaya","color":"#F07E23","lineRef":"metro","lab":1},"geometry":{"type":"Point","coordinates":[37.62734,55.74092]}},{"type":"Feature","properties":{"id":"mstn-60","kind":"node","name":"Oktyabrskaya","color":"#F07E23","lineRef":"metro","lab":1},"geometry":{"type":"Point","coordinates":[37.61091,55.7305]}},{"type":"Feature","properties":{"id":"mstn-61","kind":"node","name":"Shabolovskaya","color":"#F07E23","lineRef":"metro","lab":1},"geometry":{"type":"Point","coordinates":[37.6077,55.71999]}},{"type":"Feature","properties":{"id":"mstn-62","kind":"node","name":"Kropotkinskaya","color":"#E42313","lineRef":"metro","lab":1},"geometry":{"type":"Point","coordinates":[37.60381,55.74543]}},{"type":"Feature","properties":{"id":"mstn-63","kind":"node","name":"Biblioteka Imeni Lenina","color":"#E42313","lineRef":"metro","lab":1},"geometry":{"type":"Point","coordinates":[37.61017,55.75123]}},{"type":"Feature","properties":{"id":"mstn-64","kind":"node","name":"Sportivnaya","color":"#E42313","lineRef":"metro","lab":1},"geometry":{"type":"Point","coordinates":[37.56421,55.72338]}},{"type":"Feature","properties":{"id":"mstn-65","kind":"node","name":"Frunzenskaya","color":"#E42313","lineRef":"metro","lab":1},"geometry":{"type":"Point","coordinates":[37.57833,55.72688]}},{"type":"Feature","properties":{"id":"mstn-66","kind":"node","name":"Leninsky Prospekt","color":"#F07E23","lineRef":"metro","lab":1},"geometry":{"type":"Point","coordinates":[37.58621,55.70762]}},{"type":"Feature","properties":{"id":"mstn-67","kind":"node","name":"Akademicheskaya","color":"#F07E23","lineRef":"metro","lab":1},"geometry":{"type":"Point","coordinates":[37.57351,55.68781]}},{"type":"Feature","properties":{"id":"mstn-68","kind":"node","name":"Profsoyuznaya","color":"#F07E23","lineRef":"metro","lab":1},"geometry":{"type":"Point","coordinates":[37.5629,55.67793]}},{"type":"Feature","properties":{"id":"mstn-69","kind":"node","name":"Belyayevo","color":"#F07E23","lineRef":"metro","lab":1},"geometry":{"type":"Point","coordinates":[37.52568,55.64278]}},{"type":"Feature","properties":{"id":"mstn-70","kind":"node","name":"Park Kultury","color":"#A35539","lineRef":"metro","lab":1},"geometry":{"type":"Point","coordinates":[37.5913,55.73581]}},{"type":"Feature","properties":{"id":"mstn-71","kind":"node","name":"Mayakovskaya","color":"#4FB04F","lineRef":"metro","lab":1},"geometry":{"type":"Point","coordinates":[37.59509,55.77017]}},{"type":"Feature","properties":{"id":"mstn-72","kind":"node","name":"Tsvetnoy Bulvar","color":"#ADACAC","lineRef":"metro","lab":1},"geometry":{"type":"Point","coordinates":[37.61791,55.77087]}},{"type":"Feature","properties":{"id":"mstn-73","kind":"node","name":"Novoyasenevskaya","color":"#F07E23","lineRef":"metro","lab":1},"geometry":{"type":"Point","coordinates":[37.55414,55.60099]}},{"type":"Feature","properties":{"id":"mstn-74","kind":"node","name":"Paveletskaya","color":"#4FB04F","lineRef":"metro","lab":1},"geometry":{"type":"Point","coordinates":[37.63784,55.7305]}},{"type":"Feature","properties":{"id":"mstn-75","kind":"node","name":"Teatralnaya","color":"#4FB04F","lineRef":"metro","lab":1},"geometry":{"type":"Point","coordinates":[37.61919,55.75751]}},{"type":"Feature","properties":{"id":"mstn-76","kind":"node","name":"Novokuznetskaya","color":"#FFCD1C","lineRef":"metro","lab":1},"geometry":{"type":"Point","coordinates":[37.6292,55.74143]}},{"type":"Feature","properties":{"id":"mstn-77","kind":"node","name":"Tverskaya","color":"#4FB04F","lineRef":"metro","lab":1},"geometry":{"type":"Point","coordinates":[37.60631,55.7649]}},{"type":"Feature","properties":{"id":"mstn-78","kind":"node","name":"Avtozavodskaya","color":"#4FB04F","lineRef":"metro","lab":1},"geometry":{"type":"Point","coordinates":[37.65777,55.70734]}},{"type":"Feature","properties":{"id":"mstn-79","kind":"node","name":"Kolomenskaya","color":"#4FB04F","lineRef":"metro","lab":1},"geometry":{"type":"Point","coordinates":[37.66392,55.67848]}},{"type":"Feature","properties":{"id":"mstn-80","kind":"node","name":"Технопарк","color":"#4FB04F","lineRef":"metro","lab":1},"geometry":{"type":"Point","coordinates":[37.66444,55.69362]}},{"type":"Feature","properties":{"id":"mstn-81","kind":"node","name":"Dobryninskaya","color":"#ADACAC","lineRef":"metro","lab":1},"geometry":{"type":"Point","coordinates":[37.62442,55.72911]}},{"type":"Feature","properties":{"id":"mstn-82","kind":"node","name":"Ulitsa Skobelevskaya","color":"#bac8e8","lineRef":"metro","lab":1},"geometry":{"type":"Point","coordinates":[37.55463,55.54811]}},{"type":"Feature","properties":{"id":"mstn-83","kind":"node","name":"Bulvar Admirala Ushakova","color":"#bac8e8","lineRef":"metro","lab":1},"geometry":{"type":"Point","coordinates":[37.54321,55.54543]}},{"type":"Feature","properties":{"id":"mstn-84","kind":"node","name":"Ulitsa Gorchakova","color":"#bac8e8","lineRef":"metro","lab":1},"geometry":{"type":"Point","coordinates":[37.53072,55.54169]}},{"type":"Feature","properties":{"id":"mstn-85","kind":"node","name":"Buninskaya Alleya","color":"#bac8e8","lineRef":"metro","lab":1},"geometry":{"type":"Point","coordinates":[37.51655,55.53815]}},{"type":"Feature","properties":{"id":"mstn-86","kind":"node","name":"Trubnaya","color":"#BED12C","lineRef":"metro","lab":1},"geometry":{"type":"Point","coordinates":[37.61955,55.76911]}},{"type":"Feature","properties":{"id":"mstn-87","kind":"node","name":"Rimskaya","color":"#BED12C","lineRef":"metro","lab":1},"geometry":{"type":"Point","coordinates":[37.68325,55.74634]}},{"type":"Feature","properties":{"id":"mstn-88","kind":"node","name":"Dubrovka","color":"#BED12C","lineRef":"metro","lab":1},"geometry":{"type":"Point","coordinates":[37.67554,55.71921]}},{"type":"Feature","properties":{"id":"mstn-89","kind":"node","name":"Kozhukhovskaya","color":"#BED12C","lineRef":"metro","lab":1},"geometry":{"type":"Point","coordinates":[37.6847,55.70749]}},{"type":"Feature","properties":{"id":"mstn-90","kind":"node","name":"Pechatniki","color":"#BED12C","lineRef":"metro","lab":1},"geometry":{"type":"Point","coordinates":[37.72695,55.69349]}},{"type":"Feature","properties":{"id":"mstn-91","kind":"node","name":"Volzhskaya","color":"#BED12C","lineRef":"metro","lab":1},"geometry":{"type":"Point","coordinates":[37.7531,55.69083]}},{"type":"Feature","properties":{"id":"mstn-92","kind":"node","name":"Lyublino","color":"#BED12C","lineRef":"metro","lab":1},"geometry":{"type":"Point","coordinates":[37.76196,55.67572]}},{"type":"Feature","properties":{"id":"mstn-93","kind":"node","name":"Maryino","color":"#BED12C","lineRef":"metro","lab":1},"geometry":{"type":"Point","coordinates":[37.74315,55.65002]}},{"type":"Feature","properties":{"id":"mstn-94","kind":"node","name":"Chekhovskaya","color":"#ADACAC","lineRef":"metro","lab":1},"geometry":{"type":"Point","coordinates":[37.60909,55.76483]}},{"type":"Feature","properties":{"id":"mstn-95","kind":"node","name":"Borovitskaya","color":"#ADACAC","lineRef":"metro","lab":1},"geometry":{"type":"Point","coordinates":[37.60706,55.75097]}},{"type":"Feature","properties":{"id":"mstn-96","kind":"node","name":"Serpukhovskaya","color":"#ADACAC","lineRef":"metro","lab":1},"geometry":{"type":"Point","coordinates":[37.62483,55.72795]}},{"type":"Feature","properties":{"id":"mstn-97","kind":"node","name":"Tulskaya","color":"#ADACAC","lineRef":"metro","lab":1},"geometry":{"type":"Point","coordinates":[37.62282,55.70866]}},{"type":"Feature","properties":{"id":"mstn-98","kind":"node","name":"Nagatinskaya","color":"#ADACAC","lineRef":"metro","lab":1},"geometry":{"type":"Point","coordinates":[37.62241,55.68297]}},{"type":"Feature","properties":{"id":"mstn-99","kind":"node","name":"Nagornaya","color":"#ADACAC","lineRef":"metro","lab":1},"geometry":{"type":"Point","coordinates":[37.61027,55.67194]}},{"type":"Feature","properties":{"id":"mstn-100","kind":"node","name":"Nakhimovsky Prospekt","color":"#ADACAC","lineRef":"metro","lab":1},"geometry":{"type":"Point","coordinates":[37.60562,55.66265]}},{"type":"Feature","properties":{"id":"mstn-101","kind":"node","name":"Sevastopolskaya","color":"#ADACAC","lineRef":"metro","lab":1},"geometry":{"type":"Point","coordinates":[37.59843,55.65267]}},{"type":"Feature","properties":{"id":"mstn-102","kind":"node","name":"Chertanovskaya","color":"#ADACAC","lineRef":"metro","lab":1},"geometry":{"type":"Point","coordinates":[37.60669,55.64046]}},{"type":"Feature","properties":{"id":"mstn-103","kind":"node","name":"Yuzhnaya","color":"#ADACAC","lineRef":"metro","lab":1},"geometry":{"type":"Point","coordinates":[37.60922,55.62226]}},{"type":"Feature","properties":{"id":"mstn-104","kind":"node","name":"Prazhskaya","color":"#ADACAC","lineRef":"metro","lab":1},"geometry":{"type":"Point","coordinates":[37.60452,55.61237]}},{"type":"Feature","properties":{"id":"mstn-105","kind":"node","name":"Ulitsa Akademika Yangelya","color":"#ADACAC","lineRef":"metro","lab":1},"geometry":{"type":"Point","coordinates":[37.60044,55.59499]}},{"type":"Feature","properties":{"id":"mstn-106","kind":"node","name":"Annino","color":"#ADACAC","lineRef":"metro","lab":1},"geometry":{"type":"Point","coordinates":[37.59653,55.58253]}},{"type":"Feature","properties":{"id":"mstn-107","kind":"node","name":"Timiryazevskaya","color":"#ADACAC","lineRef":"metro","lab":1},"geometry":{"type":"Point","coordinates":[37.57639,55.81713]}},{"type":"Feature","properties":{"id":"mstn-108","kind":"node","name":"Dmitrovskaya","color":"#ADACAC","lineRef":"metro","lab":1},"geometry":{"type":"Point","coordinates":[37.58191,55.80656]}},{"type":"Feature","properties":{"id":"mstn-109","kind":"node","name":"Savyolovskaya","color":"#78C7C9","lineRef":"metro","lab":1},"geometry":{"type":"Point","coordinates":[37.58882,55.79249]}},{"type":"Feature","properties":{"id":"mstn-110","kind":"node","name":"Mendeleyevskaya","color":"#ADACAC","lineRef":"metro","lab":1},"geometry":{"type":"Point","coordinates":[37.60198,55.78096]}},{"type":"Feature","properties":{"id":"mstn-111","kind":"node","name":"Altufyevo","color":"#ADACAC","lineRef":"metro","lab":1},"geometry":{"type":"Point","coordinates":[37.58736,55.89792]}},{"type":"Feature","properties":{"id":"mstn-112","kind":"node","name":"Bibirevo","color":"#ADACAC","lineRef":"metro","lab":1},"geometry":{"type":"Point","coordinates":[37.60355,55.88387]}},{"type":"Feature","properties":{"id":"mstn-113","kind":"node","name":"Otradnoye","color":"#ADACAC","lineRef":"metro","lab":1},"geometry":{"type":"Point","coordinates":[37.60465,55.86318]}},{"type":"Feature","properties":{"id":"mstn-114","kind":"node","name":"Planernaya","color":"#943E90","lineRef":"metro","lab":1},"geometry":{"type":"Point","coordinates":[37.43653,55.86065]}},{"type":"Feature","properties":{"id":"mstn-115","kind":"node","name":"Tushinskaya","color":"#943E90","lineRef":"metro","lab":1},"geometry":{"type":"Point","coordinates":[37.43698,55.82653]}},{"type":"Feature","properties":{"id":"mstn-116","kind":"node","name":"Shchukinskaya","color":"#943E90","lineRef":"metro","lab":1},"geometry":{"type":"Point","coordinates":[37.4647,55.80846]}},{"type":"Feature","properties":{"id":"mstn-117","kind":"node","name":"Polezhayevskaya","color":"#943E90","lineRef":"metro","lab":1},"geometry":{"type":"Point","coordinates":[37.51929,55.77751]}},{"type":"Feature","properties":{"id":"mstn-118","kind":"node","name":"Begovaya","color":"#943E90","lineRef":"metro","lab":1},"geometry":{"type":"Point","coordinates":[37.54666,55.77372]}},{"type":"Feature","properties":{"id":"mstn-119","kind":"node","name":"Ulitsa 1905 Goda","color":"#943E90","lineRef":"metro","lab":1},"geometry":{"type":"Point","coordinates":[37.56134,55.76486]}},{"type":"Feature","properties":{"id":"mstn-120","kind":"node","name":"Barrikadnaya","color":"#943E90","lineRef":"metro","lab":1},"geometry":{"type":"Point","coordinates":[37.57931,55.76113]}},{"type":"Feature","properties":{"id":"mstn-121","kind":"node","name":"Vladykino","color":"#ADACAC","lineRef":"metro","lab":1},"geometry":{"type":"Point","coordinates":[37.58991,55.84718]}},{"type":"Feature","properties":{"id":"mstn-122","kind":"node","name":"Vorobyovy Gory","color":"#E42313","lineRef":"metro","lab":1},"geometry":{"type":"Point","coordinates":[37.55929,55.71033]}},{"type":"Feature","properties":{"id":"mstn-123","kind":"node","name":"Novoslobodskaya","color":"#A35539","lineRef":"metro","lab":1},"geometry":{"type":"Point","coordinates":[37.60347,55.77985]}},{"type":"Feature","properties":{"id":"mstn-124","kind":"node","name":"Krestyanskaya Zastava","color":"#BED12C","lineRef":"metro","lab":1},"geometry":{"type":"Point","coordinates":[37.66748,55.73317]}},{"type":"Feature","properties":{"id":"mstn-125","kind":"node","name":"Krasnogvardeyskaya","color":"#4FB04F","lineRef":"metro","lab":1},"geometry":{"type":"Point","coordinates":[37.74444,55.61369]}},{"type":"Feature","properties":{"id":"mstn-126","kind":"node","name":"Domodedovskaya","color":"#4FB04F","lineRef":"metro","lab":1},"geometry":{"type":"Point","coordinates":[37.71874,55.61085]}},{"type":"Feature","properties":{"id":"mstn-127","kind":"node","name":"Orekhovo","color":"#4FB04F","lineRef":"metro","lab":1},"geometry":{"type":"Point","coordinates":[37.69497,55.61314]}},{"type":"Feature","properties":{"id":"mstn-128","kind":"node","name":"Tsaritsyno","color":"#4FB04F","lineRef":"metro","lab":1},"geometry":{"type":"Point","coordinates":[37.66924,55.62148]}},{"type":"Feature","properties":{"id":"mstn-129","kind":"node","name":"Kantemirovskaya","color":"#4FB04F","lineRef":"metro","lab":1},"geometry":{"type":"Point","coordinates":[37.65654,55.63574]}},{"type":"Feature","properties":{"id":"mstn-130","kind":"node","name":"Bulvar Dmitriya Donskogo","color":"#ADACAC","lineRef":"metro","lab":1},"geometry":{"type":"Point","coordinates":[37.57687,55.56925]}},{"type":"Feature","properties":{"id":"mstn-131","kind":"node","name":"Ulitsa Starokachalovskaya","color":"#ADACAC","lineRef":"metro","lab":1},"geometry":{"type":"Point","coordinates":[37.57665,55.56896]}},{"type":"Feature","properties":{"id":"mstn-132","kind":"node","name":"Krasnopresnenskaya","color":"#943E90","lineRef":"metro","lab":1},"geometry":{"type":"Point","coordinates":[37.57733,55.76118]}},{"type":"Feature","properties":{"id":"mstn-133","kind":"node","name":"Oktyabrskoye Pole","color":"#943E90","lineRef":"metro","lab":1},"geometry":{"type":"Point","coordinates":[37.49381,55.79337]}},{"type":"Feature","properties":{"id":"mstn-134","kind":"node","name":"Skhodnenskaya","color":"#943E90","lineRef":"metro","lab":1},"geometry":{"type":"Point","coordinates":[37.43977,55.85048]}},{"type":"Feature","properties":{"id":"mstn-135","kind":"node","name":"Yugo-Zapadnaya","color":"#E42313","lineRef":"metro","lab":1},"geometry":{"type":"Point","coordinates":[37.48322,55.66365]}},{"type":"Feature","properties":{"id":"mstn-136","kind":"node","name":"Universitet","color":"#E42313","lineRef":"metro","lab":1},"geometry":{"type":"Point","coordinates":[37.53328,55.69266]}},{"type":"Feature","properties":{"id":"mstn-137","kind":"node","name":"Polyanka","color":"#ADACAC","lineRef":"metro","lab":1},"geometry":{"type":"Point","coordinates":[37.6172,55.73817]}},{"type":"Feature","properties":{"id":"mstn-138","kind":"node","name":"Kakhovskaya","color":"#78C7C9","lineRef":"metro","lab":1},"geometry":{"type":"Point","coordinates":[37.59843,55.6529]}},{"type":"Feature","properties":{"id":"mstn-139","kind":"node","name":"Bratislavskaya","color":"#BED12C","lineRef":"metro","lab":1},"geometry":{"type":"Point","coordinates":[37.75067,55.65974]}},{"type":"Feature","properties":{"id":"mstn-140","kind":"node","name":"Prospekt Vernadskogo","color":"#E42313","lineRef":"metro","lab":1},"geometry":{"type":"Point","coordinates":[37.50606,55.67723]}},{"type":"Feature","properties":{"id":"mstn-141","kind":"node","name":"Pushkinskaya","color":"#943E90","lineRef":"metro","lab":1},"geometry":{"type":"Point","coordinates":[37.60742,55.76543]}},{"type":"Feature","properties":{"id":"mstn-142","kind":"node","name":"Mitino","color":"#0072BA","lineRef":"metro","lab":1},"geometry":{"type":"Point","coordinates":[37.36223,55.84575]}},{"type":"Feature","properties":{"id":"mstn-143","kind":"node","name":"Sretensky Bulvar","color":"#BED12C","lineRef":"metro","lab":1},"geometry":{"type":"Point","coordinates":[37.64009,55.76699]}},{"type":"Feature","properties":{"id":"mstn-144","kind":"node","name":"Maryina Roshcha","color":"#BED12C","lineRef":"metro","lab":1},"geometry":{"type":"Point","coordinates":[37.61631,55.79552]}},{"type":"Feature","properties":{"id":"mstn-145","kind":"node","name":"Dostoyevskaya","color":"#BED12C","lineRef":"metro","lab":1},"geometry":{"type":"Point","coordinates":[37.61507,55.78146]}},{"type":"Feature","properties":{"id":"mstn-146","kind":"node","name":"Kurskaya","color":"#A35539","lineRef":"metro","lab":1},"geometry":{"type":"Point","coordinates":[37.65933,55.7572]}},{"type":"Feature","properties":{"id":"mstn-147","kind":"node","name":"Belorusskaya","color":"#4FB04F","lineRef":"metro","lab":1},"geometry":{"type":"Point","coordinates":[37.58358,55.7767]}},{"type":"Feature","properties":{"id":"mstn-148","kind":"node","name":"Konkovo","color":"#F07E23","lineRef":"metro","lab":1},"geometry":{"type":"Point","coordinates":[37.51898,55.63315]}},{"type":"Feature","properties":{"id":"mstn-149","kind":"node","name":"Borisovo","color":"#BED12C","lineRef":"metro","lab":1},"geometry":{"type":"Point","coordinates":[37.74375,55.6333]}},{"type":"Feature","properties":{"id":"mstn-150","kind":"node","name":"Zyablikovo","color":"#BED12C","lineRef":"metro","lab":1},"geometry":{"type":"Point","coordinates":[37.74518,55.61224]}},{"type":"Feature","properties":{"id":"mstn-151","kind":"node","name":"Shipilovskaya","color":"#BED12C","lineRef":"metro","lab":1},"geometry":{"type":"Point","coordinates":[37.74364,55.62103]}},{"type":"Feature","properties":{"id":"mstn-152","kind":"node","name":"Novokosino","color":"#FFCD1C","lineRef":"metro","lab":1},"geometry":{"type":"Point","coordinates":[37.86377,55.74509]}},{"type":"Feature","properties":{"id":"mstn-153","kind":"node","name":"Alma-Atinskaya","color":"#4FB04F","lineRef":"metro","lab":1},"geometry":{"type":"Point","coordinates":[37.76593,55.6328]}},{"type":"Feature","properties":{"id":"mstn-154","kind":"node","name":"Pyatnitskoye Shosse","color":"#0072BA","lineRef":"metro","lab":1},"geometry":{"type":"Point","coordinates":[37.3542,55.85614]}},{"type":"Feature","properties":{"id":"mstn-155","kind":"node","name":"Zhulebino","color":"#943E90","lineRef":"metro","lab":1},"geometry":{"type":"Point","coordinates":[37.85629,55.68544]}},{"type":"Feature","properties":{"id":"mstn-156","kind":"node","name":"Lermontovsky prospekt","color":"#943E90","lineRef":"metro","lab":1},"geometry":{"type":"Point","coordinates":[37.85197,55.70163]}},{"type":"Feature","properties":{"id":"mstn-157","kind":"node","name":"Lesoparkovaya","color":"#bac8e8","lineRef":"metro","lab":1},"geometry":{"type":"Point","coordinates":[37.57689,55.5821]}},{"type":"Feature","properties":{"id":"mstn-158","kind":"node","name":"Bitsevskiy park","color":"#bac8e8","lineRef":"metro","lab":1},"geometry":{"type":"Point","coordinates":[37.55638,55.60024]}},{"type":"Feature","properties":{"id":"mstn-159","kind":"node","name":"Izmaylovskaya","color":"#0072BA","lineRef":"metro","lab":1},"geometry":{"type":"Point","coordinates":[37.7816,55.78773]}},{"type":"Feature","properties":{"id":"mstn-160","kind":"node","name":"Pervomayskaya","color":"#0072BA","lineRef":"metro","lab":1},"geometry":{"type":"Point","coordinates":[37.7994,55.79473]}},{"type":"Feature","properties":{"id":"mstn-161","kind":"node","name":"Schelkovskaya","color":"#0072BA","lineRef":"metro","lab":1},"geometry":{"type":"Point","coordinates":[37.79857,55.80934]}},{"type":"Feature","properties":{"id":"mstn-162","kind":"node","name":"Park Pobedy","color":"#0072BA","lineRef":"metro","lab":1},"geometry":{"type":"Point","coordinates":[37.51822,55.73652]}},{"type":"Feature","properties":{"id":"mstn-163","kind":"node","name":"Troparyovo","color":"#E42313","lineRef":"metro","lab":1},"geometry":{"type":"Point","coordinates":[37.47253,55.64586]}},{"type":"Feature","properties":{"id":"mstn-164","kind":"node","name":"Котельники","color":"#943E90","lineRef":"metro","lab":1},"geometry":{"type":"Point","coordinates":[37.85851,55.67422]}},{"type":"Feature","properties":{"id":"mstn-165","kind":"node","name":"Rumyantsevo","color":"#E42313","lineRef":"metro","lab":1},"geometry":{"type":"Point","coordinates":[37.44159,55.63295]}},{"type":"Feature","properties":{"id":"mstn-166","kind":"node","name":"Salaryevo","color":"#E42313","lineRef":"metro","lab":1},"geometry":{"type":"Point","coordinates":[37.42419,55.62192]}},{"type":"Feature","properties":{"id":"mstn-167","kind":"node","name":"Фонвизинская","color":"#BED12C","lineRef":"metro","lab":1},"geometry":{"type":"Point","coordinates":[37.58764,55.82292]}},{"type":"Feature","properties":{"id":"mstn-168","kind":"node","name":"Minskaya","color":"#FFCD1C","lineRef":"metro","lab":1},"geometry":{"type":"Point","coordinates":[37.49684,55.72479]}},{"type":"Feature","properties":{"id":"mstn-169","kind":"node","name":"Lomonosovskiy prospect","color":"#FFCD1C","lineRef":"metro","lab":1},"geometry":{"type":"Point","coordinates":[37.51624,55.70714]}},{"type":"Feature","properties":{"id":"mstn-170","kind":"node","name":"Ramenki","color":"#FFCD1C","lineRef":"metro","lab":1},"geometry":{"type":"Point","coordinates":[37.49854,55.69756]}},{"type":"Feature","properties":{"id":"mstn-171","kind":"node","name":"Бутырская","color":"#BED12C","lineRef":"metro","lab":1},"geometry":{"type":"Point","coordinates":[37.60253,55.81337]}},{"type":"Feature","properties":{"id":"mstn-172","kind":"node","name":"Kashirskaya","color":"#4FB04F","lineRef":"metro","lab":1},"geometry":{"type":"Point","coordinates":[37.64881,55.65499]}},{"type":"Feature","properties":{"id":"mstn-173","kind":"node","name":"Kuntsevskaya","color":"#0072BA","lineRef":"metro","lab":1},"geometry":{"type":"Point","coordinates":[37.44602,55.73068]}},{"type":"Feature","properties":{"id":"mstn-174","kind":"node","name":"Kitay-gorod","color":"#F07E23","lineRef":"metro","lab":1},"geometry":{"type":"Point","coordinates":[37.63356,55.75565]}},{"type":"Feature","properties":{"id":"mstn-175","kind":"node","name":"Petrovsko-Razumovskaya","color":"#ADACAC","lineRef":"metro","lab":1},"geometry":{"type":"Point","coordinates":[37.57482,55.83469]}},{"type":"Feature","properties":{"id":"mstn-176","kind":"node","name":"Spartak","color":"#943E90","lineRef":"metro","lab":1},"geometry":{"type":"Point","coordinates":[37.43575,55.8183]}},{"type":"Feature","properties":{"id":"mstn-177","kind":"node","name":"Alekseyevskaya","color":"#F07E23","lineRef":"metro","lab":1},"geometry":{"type":"Point","coordinates":[37.63901,55.80909]}},{"type":"Feature","properties":{"id":"mstn-178","kind":"node","name":"Strogino","color":"#0072BA","lineRef":"metro","lab":1},"geometry":{"type":"Point","coordinates":[37.40308,55.8037]}},{"type":"Feature","properties":{"id":"mstn-179","kind":"node","name":"Myakinino","color":"#0072BA","lineRef":"metro","lab":1},"geometry":{"type":"Point","coordinates":[37.38529,55.8252]}},{"type":"Feature","properties":{"id":"mstn-180","kind":"node","name":"Volokolamskaya","color":"#0072BA","lineRef":"metro","lab":1},"geometry":{"type":"Point","coordinates":[37.38224,55.83551]}},{"type":"Feature","properties":{"id":"mstn-181","kind":"node","name":"Chkalovskaya","color":"#BED12C","lineRef":"metro","lab":1},"geometry":{"type":"Point","coordinates":[37.657,55.7567]}},{"type":"Feature","properties":{"id":"mstn-182","kind":"node","name":"VDNKh","color":"#F07E23","lineRef":"metro","lab":1},"geometry":{"type":"Point","coordinates":[37.6412,55.82096]}},{"type":"Feature","properties":{"id":"mstn-183","kind":"node","name":"Sokol","color":"#4FB04F","lineRef":"metro","lab":1},"geometry":{"type":"Point","coordinates":[37.51505,55.80527]}},{"type":"Feature","properties":{"id":"mstn-184","kind":"node","name":"Khovrino","color":"#4FB04F","lineRef":"metro","lab":1},"geometry":{"type":"Point","coordinates":[37.48085,55.87815]}},{"type":"Feature","properties":{"id":"mstn-185","kind":"node","name":"Horoshyovskaya","color":"#78C7C9","lineRef":"metro","lab":1},"geometry":{"type":"Point","coordinates":[37.51914,55.77669]}},{"type":"Feature","properties":{"id":"mstn-186","kind":"node","name":"Petrovskiy Park","color":"#78C7C9","lineRef":"metro","lab":1},"geometry":{"type":"Point","coordinates":[37.55709,55.79192]}},{"type":"Feature","properties":{"id":"mstn-187","kind":"node","name":"CSKA","color":"#78C7C9","lineRef":"metro","lab":1},"geometry":{"type":"Point","coordinates":[37.5332,55.78656]}},{"type":"Feature","properties":{"id":"mstn-188","kind":"node","name":"Селигерская","color":"#BED12C","lineRef":"metro","lab":1},"geometry":{"type":"Point","coordinates":[37.54718,55.86661]}},{"type":"Feature","properties":{"id":"mstn-189","kind":"node","name":"Верхние Лихоборы","color":"#BED12C","lineRef":"metro","lab":1},"geometry":{"type":"Point","coordinates":[37.56134,55.85611]}},{"type":"Feature","properties":{"id":"mstn-190","kind":"node","name":"Окружная","color":"#BED12C","lineRef":"metro","lab":1},"geometry":{"type":"Point","coordinates":[37.57383,55.84603]}},{"type":"Feature","properties":{"id":"mstn-191","kind":"node","name":"Michurinskiy prospekt","color":"#FFCD1C","lineRef":"metro","lab":1},"geometry":{"type":"Point","coordinates":[37.48284,55.68933]}},{"type":"Feature","properties":{"id":"mstn-192","kind":"node","name":"Ozyornaya","color":"#FFCD1C","lineRef":"metro","lab":1},"geometry":{"type":"Point","coordinates":[37.44873,55.67051]}},{"type":"Feature","properties":{"id":"mstn-193","kind":"node","name":"Novoperedelkino","color":"#FFCD1C","lineRef":"metro","lab":1},"geometry":{"type":"Point","coordinates":[37.3551,55.63963]}},{"type":"Feature","properties":{"id":"mstn-194","kind":"node","name":"Rasskazovka","color":"#FFCD1C","lineRef":"metro","lab":1},"geometry":{"type":"Point","coordinates":[37.33509,55.63403]}},{"type":"Feature","properties":{"id":"mstn-195","kind":"node","name":"Borovskoe shosse","color":"#FFCD1C","lineRef":"metro","lab":1},"geometry":{"type":"Point","coordinates":[37.37042,55.64775]}},{"type":"Feature","properties":{"id":"mstn-196","kind":"node","name":"Solntsevo","color":"#FFCD1C","lineRef":"metro","lab":1},"geometry":{"type":"Point","coordinates":[37.3911,55.64957]}},{"type":"Feature","properties":{"id":"mstn-197","kind":"node","name":"Govorovo","color":"#FFCD1C","lineRef":"metro","lab":1},"geometry":{"type":"Point","coordinates":[37.41724,55.65955]}},{"type":"Feature","properties":{"id":"mstn-198","kind":"node","name":"Belomorskaja","color":"#4FB04F","lineRef":"metro","lab":1},"geometry":{"type":"Point","coordinates":[37.47488,55.86496]}},{"type":"Feature","properties":{"id":"mstn-199","kind":"node","name":"Kosino","color":"#F088B6","lineRef":"metro","lab":1},"geometry":{"type":"Point","coordinates":[37.85103,55.70342]}},{"type":"Feature","properties":{"id":"mstn-200","kind":"node","name":"Ulitsa Dmitriyevskogo","color":"#F088B6","lineRef":"metro","lab":1},"geometry":{"type":"Point","coordinates":[37.8802,55.7101]}},{"type":"Feature","properties":{"id":"mstn-201","kind":"node","name":"Lukhmanovskaya","color":"#F088B6","lineRef":"metro","lab":1},"geometry":{"type":"Point","coordinates":[37.90102,55.70851]}},{"type":"Feature","properties":{"id":"mstn-202","kind":"node","name":"Nekrasovka","color":"#F088B6","lineRef":"metro","lab":1},"geometry":{"type":"Point","coordinates":[37.92818,55.70289]}},{"type":"Feature","properties":{"id":"mstn-203","kind":"node","name":"Новомосковская","color":"#E42313","lineRef":"metro","lab":1},"geometry":{"type":"Point","coordinates":[37.46801,55.56057]}},{"type":"Feature","properties":{"id":"mstn-204","kind":"node","name":"Ольховая","color":"#E42313","lineRef":"metro","lab":1},"geometry":{"type":"Point","coordinates":[37.45936,55.56862]}},{"type":"Feature","properties":{"id":"mstn-205","kind":"node","name":"Прокшино","color":"#E42313","lineRef":"metro","lab":1},"geometry":{"type":"Point","coordinates":[37.43386,55.58622]}},{"type":"Feature","properties":{"id":"mstn-206","kind":"node","name":"Филатов Луг","color":"#E42313","lineRef":"metro","lab":1},"geometry":{"type":"Point","coordinates":[37.40743,55.60153]}},{"type":"Feature","properties":{"id":"mstn-207","kind":"node","name":"Krasnye Vorota","color":"#E42313","lineRef":"metro","lab":1},"geometry":{"type":"Point","coordinates":[37.64899,55.76902]}},{"type":"Feature","properties":{"id":"mstn-208","kind":"node","name":"Krylatskoye","color":"#0072BA","lineRef":"metro","lab":1},"geometry":{"type":"Point","coordinates":[37.40814,55.75659]}},{"type":"Feature","properties":{"id":"mstn-209","kind":"node","name":"Okskaya","color":"#F088B6","lineRef":"metro","lab":1},"geometry":{"type":"Point","coordinates":[37.78176,55.71834]}},{"type":"Feature","properties":{"id":"mstn-210","kind":"node","name":"Stakhanovskaya","color":"#F088B6","lineRef":"metro","lab":1},"geometry":{"type":"Point","coordinates":[37.75325,55.72702]}},{"type":"Feature","properties":{"id":"mstn-211","kind":"node","name":"Yugo-Vostochnaya","color":"#F088B6","lineRef":"metro","lab":1},"geometry":{"type":"Point","coordinates":[37.81898,55.70504]}},{"type":"Feature","properties":{"id":"mstn-212","kind":"node","name":"Lefortovo","color":"#78C7C9","lineRef":"metro","lab":1},"geometry":{"type":"Point","coordinates":[37.70674,55.76473]}},{"type":"Feature","properties":{"id":"mstn-213","kind":"node","name":"Nizhegorodskaya","color":"#F088B6","lineRef":"metro","lab":1},"geometry":{"type":"Point","coordinates":[37.72999,55.73192]}},{"type":"Feature","properties":{"id":"mstn-214","kind":"node","name":"Electrozavodskaya","color":"#78C7C9","lineRef":"metro","lab":1},"geometry":{"type":"Point","coordinates":[37.70299,55.78028]}},{"type":"Feature","properties":{"id":"mstn-215","kind":"node","name":"Народное Ополчение","color":"#78C7C9","lineRef":"metro","lab":1},"geometry":{"type":"Point","coordinates":[37.48573,55.77574]}},{"type":"Feature","properties":{"id":"mstn-216","kind":"node","name":"Мнёвники","color":"#78C7C9","lineRef":"metro","lab":1},"geometry":{"type":"Point","coordinates":[37.4714,55.76118]}},{"type":"Feature","properties":{"id":"mstn-217","kind":"node","name":"Зюзино","color":"#78C7C9","lineRef":"metro","lab":1},"geometry":{"type":"Point","coordinates":[37.57355,55.65578]}},{"type":"Feature","properties":{"id":"mstn-218","kind":"node","name":"Vorontsovskaya","color":"#78C7C9","lineRef":"metro","lab":1},"geometry":{"type":"Point","coordinates":[37.53948,55.65884]}},{"type":"Feature","properties":{"id":"mstn-219","kind":"node","name":"Novatorskaya","color":"#78C7C9","lineRef":"metro","lab":1},"geometry":{"type":"Point","coordinates":[37.52177,55.67007]}},{"type":"Feature","properties":{"id":"mstn-220","kind":"node","name":"Проспект Вернадского","color":"#78C7C9","lineRef":"metro","lab":1},"geometry":{"type":"Point","coordinates":[37.50393,55.67843]}},{"type":"Feature","properties":{"id":"mstn-221","kind":"node","name":"Aminyevskaya","color":"#78C7C9","lineRef":"metro","lab":1},"geometry":{"type":"Point","coordinates":[37.46497,55.69717]}},{"type":"Feature","properties":{"id":"mstn-222","kind":"node","name":"Давыдково","color":"#78C7C9","lineRef":"metro","lab":1},"geometry":{"type":"Point","coordinates":[37.45174,55.71514]}},{"type":"Feature","properties":{"id":"mstn-223","kind":"node","name":"Кунцевская","color":"#78C7C9","lineRef":"metro","lab":1},"geometry":{"type":"Point","coordinates":[37.44598,55.72887]}},{"type":"Feature","properties":{"id":"mstn-224","kind":"node","name":"Терехово","color":"#78C7C9","lineRef":"metro","lab":1},"geometry":{"type":"Point","coordinates":[37.45964,55.74803]}},{"type":"Feature","properties":{"id":"mstn-225","kind":"node","name":"Varshavskaya","color":"#78C7C9","lineRef":"metro","lab":1},"geometry":{"type":"Point","coordinates":[37.6195,55.65333]}},{"type":"Feature","properties":{"id":"mstn-226","kind":"node","name":"Кленовый бульвар","color":"#78C7C9","lineRef":"metro","lab":1},"geometry":{"type":"Point","coordinates":[37.68073,55.67449]}},{"type":"Feature","properties":{"id":"mstn-227","kind":"node","name":"Нагатинский Затон","color":"#78C7C9","lineRef":"metro","lab":1},"geometry":{"type":"Point","coordinates":[37.7043,55.68433]}},{"type":"Feature","properties":{"id":"mstn-228","kind":"node","name":"Maryina Roscha","color":"#BED12C","lineRef":"metro","lab":1},"geometry":{"type":"Point","coordinates":[37.61642,55.79653]}},{"type":"Feature","properties":{"id":"mstn-229","kind":"node","name":"Рижская","color":"#78C7C9","lineRef":"metro","lab":1},"geometry":{"type":"Point","coordinates":[37.63433,55.79388]}},{"type":"Feature","properties":{"id":"mstn-230","kind":"node","name":"Пыхтино","color":"#FFCD1C","lineRef":"metro","lab":1},"geometry":{"type":"Point","coordinates":[37.29567,55.6245]}},{"type":"Feature","properties":{"id":"mstn-231","kind":"node","name":"Vnukovo Airport","color":"#FFCD1C","lineRef":"metro","lab":1},"geometry":{"type":"Point","coordinates":[37.28728,55.60731]}},{"type":"Feature","properties":{"id":"mstn-232","kind":"node","name":"Физтех","color":"#BED12C","lineRef":"metro","lab":1},"geometry":{"type":"Point","coordinates":[37.54658,55.92166]}},{"type":"Feature","properties":{"id":"mstn-233","kind":"node","name":"Яхромская","color":"#BED12C","lineRef":"metro","lab":1},"geometry":{"type":"Point","coordinates":[37.54544,55.87988]}},{"type":"Feature","properties":{"id":"mstn-234","kind":"node","name":"Лианозово","color":"#BED12C","lineRef":"metro","lab":1},"geometry":{"type":"Point","coordinates":[37.54466,55.89811]}},{"type":"Feature","properties":{"id":"mstn-235","kind":"node","name":"Потапово","color":"#E42313","lineRef":"metro","lab":1},"geometry":{"type":"Point","coordinates":[37.49262,55.55264]}},{"type":"Feature","properties":{"id":"mstn-236","kind":"node","name":"Тютчевская","color":"#007763","lineRef":"metro","lab":1},"geometry":{"type":"Point","coordinates":[37.48109,55.61905]}},{"type":"Feature","properties":{"id":"mstn-237","kind":"node","name":"Генерала Тюленева","color":"#007763","lineRef":"metro","lab":1},"geometry":{"type":"Point","coordinates":[37.48577,55.6262]}},{"type":"Feature","properties":{"id":"mstn-238","kind":"node","name":"Университет дружбы народов","color":"#007763","lineRef":"metro","lab":1},"geometry":{"type":"Point","coordinates":[37.50714,55.64794]}},{"type":"Feature","properties":{"id":"mstn-239","kind":"node","name":"Корниловская","color":"#007763","lineRef":"metro","lab":1},"geometry":{"type":"Point","coordinates":[37.47899,55.5984]}},{"type":"Feature","properties":{"id":"mstn-240","kind":"node","name":"Коммунарка","color":"#007763","lineRef":"metro","lab":1},"geometry":{"type":"Point","coordinates":[37.46799,55.57463]}},{"type":"Feature","properties":{"id":"mstn-241","kind":"node","name":"ЗИЛ","color":"#007763","lineRef":"metro","lab":1},"geometry":{"type":"Point","coordinates":[37.64523,55.69693]}},{"type":"Feature","properties":{"id":"mstn-242","kind":"node","name":"Крымская","color":"#007763","lineRef":"metro","lab":1},"geometry":{"type":"Point","coordinates":[37.60939,55.68973]}},{"type":"Feature","properties":{"id":"mstn-243","kind":"node","name":"Академическая","color":"#007763","lineRef":"metro","lab":1},"geometry":{"type":"Point","coordinates":[37.57598,55.68694]}},{"type":"Feature","properties":{"id":"mstn-244","kind":"node","name":"Вавиловская","color":"#007763","lineRef":"metro","lab":1},"geometry":{"type":"Point","coordinates":[37.54089,55.68489]}},{"type":"Feature","properties":{"id":"mstn-245","kind":"node","name":"Narodnoye Opolcheniye","color":"#78C7C9","lineRef":"metro","lab":1},"geometry":{"type":"Point","coordinates":[37.48812,55.77751]}},{"type":"Feature","properties":{"id":"rstn-0","kind":"node","name":"Rostokino","color":"#4A7FB5","lineRef":"train","lab":1},"geometry":{"type":"Point","coordinates":[37.66684,55.83964]}},{"type":"Feature","properties":{"id":"rstn-1","kind":"node","name":"Andronovka","color":"#4A7FB5","lineRef":"train","lab":1},"geometry":{"type":"Point","coordinates":[37.73773,55.74705]}},{"type":"Feature","properties":{"id":"rstn-2","kind":"node","name":"Botanichesky Sad","color":"#4A7FB5","lineRef":"train","lab":1},"geometry":{"type":"Point","coordinates":[37.63967,55.84555]}},{"type":"Feature","properties":{"id":"rstn-3","kind":"node","name":"Verkhnie Kotly","color":"#4A7FB5","lineRef":"train","lab":1},"geometry":{"type":"Point","coordinates":[37.61887,55.69013]}},{"type":"Feature","properties":{"id":"rstn-4","kind":"node","name":"Zorge","color":"#4A7FB5","lineRef":"train","lab":1},"geometry":{"type":"Point","coordinates":[37.50436,55.78849]}},{"type":"Feature","properties":{"id":"rstn-5","kind":"node","name":"Izmaylovo","color":"#4A7FB5","lineRef":"train","lab":1},"geometry":{"type":"Point","coordinates":[37.74321,55.78979]}},{"type":"Feature","properties":{"id":"rstn-6","kind":"node","name":"Koptevo","color":"#4A7FB5","lineRef":"train","lab":1},"geometry":{"type":"Point","coordinates":[37.52011,55.83962]}},{"type":"Feature","properties":{"id":"rstn-7","kind":"node","name":"Krymskaya","color":"#4A7FB5","lineRef":"train","lab":1},"geometry":{"type":"Point","coordinates":[37.60576,55.68984]}},{"type":"Feature","properties":{"id":"rstn-8","kind":"node","name":"Likhobory","color":"#4A7FB5","lineRef":"train","lab":1},"geometry":{"type":"Point","coordinates":[37.55146,55.84716]}},{"type":"Feature","properties":{"id":"rstn-9","kind":"node","name":"Luzhniki","color":"#4A7FB5","lineRef":"train","lab":1},"geometry":{"type":"Point","coordinates":[37.56131,55.72062]}},{"type":"Feature","properties":{"id":"rstn-10","kind":"node","name":"Okruzhnaya","color":"#4A7FB5","lineRef":"train","lab":1},"geometry":{"type":"Point","coordinates":[37.57113,55.84893]}},{"type":"Feature","properties":{"id":"rstn-11","kind":"node","name":"Panfilovskaya","color":"#4A7FB5","lineRef":"train","lab":1},"geometry":{"type":"Point","coordinates":[37.49903,55.79901]}},{"type":"Feature","properties":{"id":"rstn-12","kind":"node","name":"Ploshchad Gagarina","color":"#4A7FB5","lineRef":"train","lab":1},"geometry":{"type":"Point","coordinates":[37.58639,55.70697]}},{"type":"Feature","properties":{"id":"rstn-13","kind":"node","name":"Sokolinaya Gora","color":"#4A7FB5","lineRef":"train","lab":1},"geometry":{"type":"Point","coordinates":[37.74507,55.77133]}},{"type":"Feature","properties":{"id":"rstn-14","kind":"node","name":"Streshnevo","color":"#4A7FB5","lineRef":"train","lab":1},"geometry":{"type":"Point","coordinates":[37.48698,55.8137]}},{"type":"Feature","properties":{"id":"rstn-15","kind":"node","name":"Ugreshskaya","color":"#4A7FB5","lineRef":"train","lab":1},"geometry":{"type":"Point","coordinates":[37.69771,55.71845]}},{"type":"Feature","properties":{"id":"rstn-16","kind":"node","name":"Shelepikha","color":"#4A7FB5","lineRef":"train","lab":1},"geometry":{"type":"Point","coordinates":[37.52567,55.75731]}},{"type":"Feature","properties":{"id":"rstn-17","kind":"node","name":"Belokamennaya","color":"#4A7FB5","lineRef":"train","lab":1},"geometry":{"type":"Point","coordinates":[37.70248,55.82931]}},{"type":"Feature","properties":{"id":"rstn-18","kind":"node","name":"Baltiyskaya","color":"#4A7FB5","lineRef":"train","lab":1},"geometry":{"type":"Point","coordinates":[37.4964,55.82589]}},{"type":"Feature","properties":{"id":"rstn-19","kind":"node","name":"Bulvar Rokossovskogo MCK","color":"#4A7FB5","lineRef":"train","lab":1},"geometry":{"type":"Point","coordinates":[37.73736,55.81705]}},{"type":"Feature","properties":{"id":"rstn-20","kind":"node","name":"Khoroshyovo","color":"#4A7FB5","lineRef":"train","lab":1},"geometry":{"type":"Point","coordinates":[37.50738,55.77714]}},{"type":"Feature","properties":{"id":"rstn-21","kind":"node","name":"Lokomotiv","color":"#4A7FB5","lineRef":"train","lab":1},"geometry":{"type":"Point","coordinates":[37.74601,55.80413]}},{"type":"Feature","properties":{"id":"rstn-22","kind":"node","name":"Novokhokhlovskaya","color":"#4A7FB5","lineRef":"train","lab":1},"geometry":{"type":"Point","coordinates":[37.71689,55.72415]}},{"type":"Feature","properties":{"id":"rstn-23","kind":"node","name":"ZIL","color":"#4A7FB5","lineRef":"train","lab":1},"geometry":{"type":"Point","coordinates":[37.64755,55.69788]}},{"type":"Feature","properties":{"id":"tstop-0","kind":"stop","name":"Динамовская улица","color":"#B0413E","lineRef":"tram"},"geometry":{"type":"Point","coordinates":[37.66147,55.73002]}},{"type":"Feature","properties":{"id":"tstop-1","kind":"stop","name":"Шарикоподшипниковская улица","color":"#B0413E","lineRef":"tram"},"geometry":{"type":"Point","coordinates":[37.66411,55.72363]}},{"type":"Feature","properties":{"id":"tstop-2","kind":"stop","name":"Новоостаповская улица","color":"#B0413E","lineRef":"tram"},"geometry":{"type":"Point","coordinates":[37.6739,55.72092]}},{"type":"Feature","properties":{"id":"tstop-3","kind":"stop","name":"Болотниковская улица","color":"#B0413E","lineRef":"tram"},"geometry":{"type":"Point","coordinates":[37.60542,55.6563]}},{"type":"Feature","properties":{"id":"tstop-4","kind":"stop","name":"Ростокинский проезд","color":"#B0413E","lineRef":"tram"},"geometry":{"type":"Point","coordinates":[37.68495,55.81572]}},{"type":"Feature","properties":{"id":"tstop-5","kind":"stop","name":"ВДНХ (северный вход)","color":"#B0413E","lineRef":"tram"},"geometry":{"type":"Point","coordinates":[37.64607,55.82721]}},{"type":"Feature","properties":{"id":"tstop-6","kind":"stop","name":"МЦК Ростокино","color":"#B0413E","lineRef":"tram"},"geometry":{"type":"Point","coordinates":[37.66525,55.84294]}},{"type":"Feature","properties":{"id":"tstop-7","kind":"stop","name":"Vilisa Lacisa street","color":"#B0413E","lineRef":"tram"},"geometry":{"type":"Point","coordinates":[37.41079,55.85583]}},{"type":"Feature","properties":{"id":"tstop-8","kind":"stop","name":"Мякининский проезд","color":"#B0413E","lineRef":"tram"},"geometry":{"type":"Point","coordinates":[37.39581,55.8081]}},{"type":"Feature","properties":{"id":"tstop-9","kind":"stop","name":"Таллинская улица","color":"#B0413E","lineRef":"tram"},"geometry":{"type":"Point","coordinates":[37.39132,55.80157]}},{"type":"Feature","properties":{"id":"tstop-10","kind":"stop","name":"Арбатецкая улица","color":"#B0413E","lineRef":"tram"},"geometry":{"type":"Point","coordinates":[37.6634,55.7269]}},{"type":"Feature","properties":{"id":"tstop-11","kind":"stop","name":"ЦНИИТМАШ","color":"#B0413E","lineRef":"tram"},"geometry":{"type":"Point","coordinates":[37.66859,55.72197]}},{"type":"Feature","properties":{"id":"tstop-12","kind":"stop","name":"Улица Докукина","color":"#B0413E","lineRef":"tram"},"geometry":{"type":"Point","coordinates":[37.65822,55.83705]}},{"type":"Feature","properties":{"id":"tstop-13","kind":"stop","name":"Богородский храм","color":"#B0413E","lineRef":"tram"},"geometry":{"type":"Point","coordinates":[37.69417,55.81485]}},{"type":"Feature","properties":{"id":"tstop-14","kind":"stop","name":"Метро «Партизанская»","color":"#B0413E","lineRef":"tram"},"geometry":{"type":"Point","coordinates":[37.75064,55.78656]}},{"type":"Feature","properties":{"id":"tstop-15","kind":"stop","name":"Главная аллея","color":"#B0413E","lineRef":"tram"},"geometry":{"type":"Point","coordinates":[37.76034,55.78677]}},{"type":"Feature","properties":{"id":"tstop-16","kind":"stop","name":"Станция юных натуралистов","color":"#B0413E","lineRef":"tram"},"geometry":{"type":"Point","coordinates":[37.67132,55.81912]}},{"type":"Feature","properties":{"id":"tstop-17","kind":"stop","name":"Лингвистический университет","color":"#B0413E","lineRef":"tram"},"geometry":{"type":"Point","coordinates":[37.6788,55.81734]}},{"type":"Feature","properties":{"id":"tstop-18","kind":"stop","name":"Богатырский мост","color":"#B0413E","lineRef":"tram"},"geometry":{"type":"Point","coordinates":[37.68946,55.81674]}},{"type":"Feature","properties":{"id":"tstop-19","kind":"stop","name":"Канал имени Москвы","color":"#B0413E","lineRef":"tram"},"geometry":{"type":"Point","coordinates":[37.45119,55.81931]}},{"type":"Feature","properties":{"id":"tstop-20","kind":"stop","name":"Покровское-Стрешнево","color":"#B0413E","lineRef":"tram"},"geometry":{"type":"Point","coordinates":[37.47508,55.81067]}},{"type":"Feature","properties":{"id":"tstop-21","kind":"stop","name":"Метро «Дубровка»","color":"#B0413E","lineRef":"tram"},"geometry":{"type":"Point","coordinates":[37.67651,55.71782]}},{"type":"Feature","properties":{"id":"tstop-22","kind":"stop","name":"МЦК Дубровка","color":"#B0413E","lineRef":"tram"},"geometry":{"type":"Point","coordinates":[37.67847,55.71524]}},{"type":"Feature","properties":{"id":"tstop-23","kind":"stop","name":"Метро «Комсомольская»","color":"#B0413E","lineRef":"tram"},"geometry":{"type":"Point","coordinates":[37.65631,55.77546]}},{"type":"Feature","properties":{"id":"tstop-24","kind":"stop","name":"МЦК Угрешская","color":"#B0413E","lineRef":"tram"},"geometry":{"type":"Point","coordinates":[37.69536,55.71586]}},{"type":"Feature","properties":{"id":"tstop-25","kind":"stop","name":"Москворецкий рынок","color":"#B0413E","lineRef":"tram"},"geometry":{"type":"Point","coordinates":[37.60855,55.65843]}},{"type":"Feature","properties":{"id":"tstop-26","kind":"stop","name":"Усадьба Останкино","color":"#B0413E","lineRef":"tram"},"geometry":{"type":"Point","coordinates":[37.61578,55.82359]}},{"type":"Feature","properties":{"id":"tstop-27","kind":"stop","name":"Красностуденческий проезд","color":"#B0413E","lineRef":"tram"},"geometry":{"type":"Point","coordinates":[37.56213,55.82409]}},{"type":"Feature","properties":{"id":"tstop-28","kind":"stop","name":"Душинская улица","color":"#B0413E","lineRef":"tram"},"geometry":{"type":"Point","coordinates":[37.7021,55.7488]}},{"type":"Feature","properties":{"id":"tstop-29","kind":"stop","name":"Метро «Бульвар Рокоссовского»","color":"#B0413E","lineRef":"tram"},"geometry":{"type":"Point","coordinates":[37.73421,55.81424]}},{"type":"Feature","properties":{"id":"tstop-30","kind":"stop","name":"Метро «Красносельская»","color":"#B0413E","lineRef":"tram"},"geometry":{"type":"Point","coordinates":[37.66561,55.77923]}},{"type":"Feature","properties":{"id":"tstop-31","kind":"stop","name":"Дом культуры «Серп и молот»","color":"#B0413E","lineRef":"tram"},"geometry":{"type":"Point","coordinates":[37.67565,55.74866]}},{"type":"Feature","properties":{"id":"tstop-32","kind":"stop","name":"Трамвайно-ремонтный завод","color":"#B0413E","lineRef":"tram"},"geometry":{"type":"Point","coordinates":[37.67822,55.75205]}},{"type":"Feature","properties":{"id":"tstop-33","kind":"stop","name":"Курский вокзал","color":"#B0413E","lineRef":"tram"},"geometry":{"type":"Point","coordinates":[37.66014,55.75559]}},{"type":"Feature","properties":{"id":"tstop-34","kind":"stop","name":"Библиотечная улица","color":"#B0413E","lineRef":"tram"},"geometry":{"type":"Point","coordinates":[37.67895,55.7452]}},{"type":"Feature","properties":{"id":"tstop-35","kind":"stop","name":"Малая Андроньевская улица","color":"#B0413E","lineRef":"tram"},"geometry":{"type":"Point","coordinates":[37.67435,55.74053]}},{"type":"Feature","properties":{"id":"tstop-36","kind":"stop","name":"Октябрьское трамвайное депо","color":"#B0413E","lineRef":"tram"},"geometry":{"type":"Point","coordinates":[37.69558,55.73593]}},{"type":"Feature","properties":{"id":"tstop-37","kind":"stop","name":"Кинотеатр «Победа»","color":"#B0413E","lineRef":"tram"},"geometry":{"type":"Point","coordinates":[37.67059,55.73543]}},{"type":"Feature","properties":{"id":"tstop-38","kind":"stop","name":"4-й Самотёчный переулок","color":"#B0413E","lineRef":"tram"},"geometry":{"type":"Point","coordinates":[37.61286,55.7795]}},{"type":"Feature","properties":{"id":"tstop-39","kind":"stop","name":"Самотёчная улица","color":"#B0413E","lineRef":"tram"},"geometry":{"type":"Point","coordinates":[37.61699,55.77852]}},{"type":"Feature","properties":{"id":"tstop-40","kind":"stop","name":"Улица Щепкина","color":"#B0413E","lineRef":"tram"},"geometry":{"type":"Point","coordinates":[37.62981,55.77831]}},{"type":"Feature","properties":{"id":"tstop-41","kind":"stop","name":"Метро «Проспект Мира»","color":"#B0413E","lineRef":"tram"},"geometry":{"type":"Point","coordinates":[37.63438,55.78041]}},{"type":"Feature","properties":{"id":"tstop-42","kind":"stop","name":"Ботанический переулок","color":"#B0413E","lineRef":"tram"},"geometry":{"type":"Point","coordinates":[37.63998,55.77982]}},{"type":"Feature","properties":{"id":"tstop-43","kind":"stop","name":"Астраханский переулок","color":"#B0413E","lineRef":"tram"},"geometry":{"type":"Point","coordinates":[37.64148,55.77971]}},{"type":"Feature","properties":{"id":"tstop-44","kind":"stop","name":"Пантелеевская улица","color":"#B0413E","lineRef":"tram"},"geometry":{"type":"Point","coordinates":[37.64542,55.77935]}},{"type":"Feature","properties":{"id":"tstop-45","kind":"stop","name":"Метро «Сокольники»","color":"#B0413E","lineRef":"tram"},"geometry":{"type":"Point","coordinates":[37.67947,55.79185]}},{"type":"Feature","properties":{"id":"tstop-46","kind":"stop","name":"Абельмановская Застава","color":"#B0413E","lineRef":"tram"},"geometry":{"type":"Point","coordinates":[37.67262,55.73811]}},{"type":"Feature","properties":{"id":"tstop-47","kind":"stop","name":"Metro station \"Kolomenskaya\"","color":"#B0413E","lineRef":"tram"},"geometry":{"type":"Point","coordinates":[37.66556,55.6781]}},{"type":"Feature","properties":{"id":"tstop-48","kind":"stop","name":"МФЦ «Южное Медведково»","color":"#B0413E","lineRef":"tram"},"geometry":{"type":"Point","coordinates":[37.63788,55.8717]}},{"type":"Feature","properties":{"id":"tstop-49","kind":"stop","name":"Культурно-досуговый центр","color":"#B0413E","lineRef":"tram"},"geometry":{"type":"Point","coordinates":[37.637,55.87447]}},{"type":"Feature","properties":{"id":"tstop-50","kind":"stop","name":"Проезд Шокальского","color":"#B0413E","lineRef":"tram"},"geometry":{"type":"Point","coordinates":[37.64624,55.87156]}},{"type":"Feature","properties":{"id":"tstop-51","kind":"stop","name":"Олонецкий проезд","color":"#B0413E","lineRef":"tram"},"geometry":{"type":"Point","coordinates":[37.65863,55.87042]}},{"type":"Feature","properties":{"id":"tstop-52","kind":"stop","name":"Сухонская улица","color":"#B0413E","lineRef":"tram"},"geometry":{"type":"Point","coordinates":[37.6516,55.87146]}},{"type":"Feature","properties":{"id":"tstop-53","kind":"stop","name":"Улица Молодцова","color":"#B0413E","lineRef":"tram"},"geometry":{"type":"Point","coordinates":[37.63621,55.87885]}},{"type":"Feature","properties":{"id":"tstop-54","kind":"stop","name":"Поликлиника","color":"#B0413E","lineRef":"tram"},"geometry":{"type":"Point","coordinates":[37.63902,55.88178]}},{"type":"Feature","properties":{"id":"tstop-55","kind":"stop","name":"Улица Тихомирова","color":"#B0413E","lineRef":"tram"},"geometry":{"type":"Point","coordinates":[37.64181,55.8847]}},{"type":"Feature","properties":{"id":"tstop-56","kind":"stop","name":"Медведково","color":"#B0413E","lineRef":"tram"},"geometry":{"type":"Point","coordinates":[37.64296,55.88656]}},{"type":"Feature","properties":{"id":"tstop-57","kind":"stop","name":"Печорская улица","color":"#B0413E","lineRef":"tram"},"geometry":{"type":"Point","coordinates":[37.66147,55.86424]}},{"type":"Feature","properties":{"id":"tstop-58","kind":"stop","name":"Метро «Бабушкинская»","color":"#B0413E","lineRef":"tram"},"geometry":{"type":"Point","coordinates":[37.6635,55.86821]}},{"type":"Feature","properties":{"id":"tstop-59","kind":"stop","name":"Аргуновская улица","color":"#B0413E","lineRef":"tram"},"geometry":{"type":"Point","coordinates":[37.62213,55.82189]}},{"type":"Feature","properties":{"id":"tstop-60","kind":"stop","name":"Метро «ВДНХ»","color":"#B0413E","lineRef":"tram"},"geometry":{"type":"Point","coordinates":[37.63827,55.8238]}},{"type":"Feature","properties":{"id":"tstop-61","kind":"stop","name":"Улица Сергея Эйзенштейна","color":"#B0413E","lineRef":"tram"},"geometry":{"type":"Point","coordinates":[37.64948,55.82964]}},{"type":"Feature","properties":{"id":"tstop-62","kind":"stop","name":"Сельскохозяйственная улица","color":"#B0413E","lineRef":"tram"},"geometry":{"type":"Point","coordinates":[37.65282,55.83273]}},{"type":"Feature","properties":{"id":"tstop-63","kind":"stop","name":"Северянинский путепровод","color":"#B0413E","lineRef":"tram"},"geometry":{"type":"Point","coordinates":[37.66905,55.84571]}},{"type":"Feature","properties":{"id":"tstop-64","kind":"stop","name":"Социальный фонд России","color":"#B0413E","lineRef":"tram"},"geometry":{"type":"Point","coordinates":[37.67059,55.85055]}},{"type":"Feature","properties":{"id":"tstop-65","kind":"stop","name":"Raduzhnaya street","color":"#B0413E","lineRef":"tram"},"geometry":{"type":"Point","coordinates":[37.66007,55.85986]}},{"type":"Feature","properties":{"id":"tstop-66","kind":"stop","name":"Verhoyanskaya street","color":"#B0413E","lineRef":"tram"},"geometry":{"type":"Point","coordinates":[37.66149,55.85706]}},{"type":"Feature","properties":{"id":"tstop-67","kind":"stop","name":"Берингов проезд","color":"#B0413E","lineRef":"tram"},"geometry":{"type":"Point","coordinates":[37.6651,55.8545]}},{"type":"Feature","properties":{"id":"tstop-68","kind":"stop","name":"ВДНХ (южный вход)","color":"#B0413E","lineRef":"tram"},"geometry":{"type":"Point","coordinates":[37.63369,55.82207]}},{"type":"Feature","properties":{"id":"tstop-69","kind":"stop","name":"Улица Исаковского, 33","color":"#B0413E","lineRef":"tram"},"geometry":{"type":"Point","coordinates":[37.42024,55.80435]}},{"type":"Feature","properties":{"id":"tstop-70","kind":"stop","name":"Школа имени Алексея Маресьева","color":"#B0413E","lineRef":"tram"},"geometry":{"type":"Point","coordinates":[37.39815,55.81154]}},{"type":"Feature","properties":{"id":"tstop-71","kind":"stop","name":"Культурный центр «Строгино»","color":"#B0413E","lineRef":"tram"},"geometry":{"type":"Point","coordinates":[37.40413,55.81006]}},{"type":"Feature","properties":{"id":"tstop-72","kind":"stop","name":"Музыкальная школа имени Майкапара","color":"#B0413E","lineRef":"tram"},"geometry":{"type":"Point","coordinates":[37.40796,55.80743]}},{"type":"Feature","properties":{"id":"tstop-73","kind":"stop","name":"Улица Цандера","color":"#B0413E","lineRef":"tram"},"geometry":{"type":"Point","coordinates":[37.62814,55.82182]}},{"type":"Feature","properties":{"id":"tstop-74","kind":"stop","name":"Чертаново Южное","color":"#B0413E","lineRef":"tram"},"geometry":{"type":"Point","coordinates":[37.58784,55.59631]}},{"type":"Feature","properties":{"id":"tstop-75","kind":"stop","name":"ОВД «Чертаново Южное»","color":"#B0413E","lineRef":"tram"},"geometry":{"type":"Point","coordinates":[37.5889,55.60078]}},{"type":"Feature","properties":{"id":"tstop-76","kind":"stop","name":"Чертановская улица, 53","color":"#B0413E","lineRef":"tram"},"geometry":{"type":"Point","coordinates":[37.58935,55.60265]}},{"type":"Feature","properties":{"id":"tstop-77","kind":"stop","name":"Кировоградские пруды","color":"#B0413E","lineRef":"tram"},"geometry":{"type":"Point","coordinates":[37.59019,55.60601]}},{"type":"Feature","properties":{"id":"tstop-78","kind":"stop","name":"Чертановская улица, 44","color":"#B0413E","lineRef":"tram"},"geometry":{"type":"Point","coordinates":[37.59094,55.60908]}},{"type":"Feature","properties":{"id":"tstop-79","kind":"stop","name":"Чертаново-Центральное","color":"#B0413E","lineRef":"tram"},"geometry":{"type":"Point","coordinates":[37.5915,55.61167]}},{"type":"Feature","properties":{"id":"tstop-80","kind":"stop","name":"Чертановская улица, 28","color":"#B0413E","lineRef":"tram"},"geometry":{"type":"Point","coordinates":[37.59384,55.61978]}},{"type":"Feature","properties":{"id":"tstop-81","kind":"stop","name":"Кинотеатр «Ашхабад»","color":"#B0413E","lineRef":"tram"},"geometry":{"type":"Point","coordinates":[37.59575,55.62422]}},{"type":"Feature","properties":{"id":"tstop-82","kind":"stop","name":"Футбольная школа «Чертаново»","color":"#B0413E","lineRef":"tram"},"geometry":{"type":"Point","coordinates":[37.6009,55.63119]}},{"type":"Feature","properties":{"id":"tstop-83","kind":"stop","name":"Сумской проезд","color":"#B0413E","lineRef":"tram"},"geometry":{"type":"Point","coordinates":[37.6031,55.63385]}},{"type":"Feature","properties":{"id":"tstop-84","kind":"stop","name":"Верхний Чертановский пруд","color":"#B0413E","lineRef":"tram"},"geometry":{"type":"Point","coordinates":[37.60516,55.63785]}},{"type":"Feature","properties":{"id":"tstop-85","kind":"stop","name":"Метро «Чертановская»","color":"#B0413E","lineRef":"tram"},"geometry":{"type":"Point","coordinates":[37.60557,55.64011]}},{"type":"Feature","properties":{"id":"tstop-86","kind":"stop","name":"Балаклавский проспект","color":"#B0413E","lineRef":"tram"},"geometry":{"type":"Point","coordinates":[37.6056,55.64274]}},{"type":"Feature","properties":{"id":"tstop-87","kind":"stop","name":"Музей имени Андрея Рублёва","color":"#B0413E","lineRef":"tram"},"geometry":{"type":"Point","coordinates":[37.67073,55.74749]}},{"type":"Feature","properties":{"id":"tstop-88","kind":"stop","name":"Коптевский рынок","color":"#B0413E","lineRef":"tram"},"geometry":{"type":"Point","coordinates":[37.52316,55.83329]}},{"type":"Feature","properties":{"id":"tstop-89","kind":"stop","name":"Коптевская улица","color":"#B0413E","lineRef":"tram"},"geometry":{"type":"Point","coordinates":[37.52003,55.83058]}},{"type":"Feature","properties":{"id":"tstop-90","kind":"stop","name":"Коптево","color":"#B0413E","lineRef":"tram"},"geometry":{"type":"Point","coordinates":[37.51723,55.82682]}},{"type":"Feature","properties":{"id":"tstop-91","kind":"stop","name":"Новопетровская улица","color":"#B0413E","lineRef":"tram"},"geometry":{"type":"Point","coordinates":[37.51589,55.82536]}},{"type":"Feature","properties":{"id":"tstop-92","kind":"stop","name":"Районный центр «Рассвет»","color":"#B0413E","lineRef":"tram"},"geometry":{"type":"Point","coordinates":[37.51766,55.8232]}},{"type":"Feature","properties":{"id":"tstop-93","kind":"stop","name":"Преображенский рынок","color":"#B0413E","lineRef":"tram"},"geometry":{"type":"Point","coordinates":[37.71466,55.79373]}},{"type":"Feature","properties":{"id":"tstop-94","kind":"stop","name":"Каланчёвская улица","color":"#B0413E","lineRef":"tram"},"geometry":{"type":"Point","coordinates":[37.65044,55.77655]}},{"type":"Feature","properties":{"id":"tstop-95","kind":"stop","name":"Медицинский центр имени Бурназяна","color":"#B0413E","lineRef":"tram"},"geometry":{"type":"Point","coordinates":[37.45815,55.80684]}},{"type":"Feature","properties":{"id":"tstop-96","kind":"stop","name":"Малый Рогожский переулок","color":"#B0413E","lineRef":"tram"},"geometry":{"type":"Point","coordinates":[37.67101,55.7426]}},{"type":"Feature","properties":{"id":"tstop-97","kind":"stop","name":"Большая Андроньевская улица","color":"#B0413E","lineRef":"tram"},"geometry":{"type":"Point","coordinates":[37.67033,55.7457]}},{"type":"Feature","properties":{"id":"tstop-98","kind":"stop","name":"Угрешский переезд","color":"#B0413E","lineRef":"tram"},"geometry":{"type":"Point","coordinates":[37.69223,55.71447]}},{"type":"Feature","properties":{"id":"tstop-99","kind":"stop","name":"Южнопортовая улица","color":"#B0413E","lineRef":"tram"},"geometry":{"type":"Point","coordinates":[37.68303,55.71181]}},{"type":"Feature","properties":{"id":"tstop-100","kind":"stop","name":"Городской сборный пункт","color":"#B0413E","lineRef":"tram"},"geometry":{"type":"Point","coordinates":[37.68813,55.71328]}},{"type":"Feature","properties":{"id":"tstop-101","kind":"stop","name":"Метро «Пролетарская»","color":"#B0413E","lineRef":"tram"},"geometry":{"type":"Point","coordinates":[37.66747,55.73272]}},{"type":"Feature","properties":{"id":"tstop-102","kind":"stop","name":"Метро «Сходненская»","color":"#B0413E","lineRef":"tram"},"geometry":{"type":"Point","coordinates":[37.43898,55.85191]}},{"type":"Feature","properties":{"id":"tstop-103","kind":"stop","name":"Детская больница","color":"#B0413E","lineRef":"tram"},"geometry":{"type":"Point","coordinates":[37.4078,55.85285]}},{"type":"Feature","properties":{"id":"tstop-104","kind":"stop","name":"Братцево","color":"#B0413E","lineRef":"tram"},"geometry":{"type":"Point","coordinates":[37.40724,55.85167]}},{"type":"Feature","properties":{"id":"tstop-105","kind":"stop","name":"Туристская улица","color":"#B0413E","lineRef":"tram"},"geometry":{"type":"Point","coordinates":[37.42058,55.85814]}},{"type":"Feature","properties":{"id":"tstop-106","kind":"stop","name":"Улица Фомичёвой","color":"#B0413E","lineRef":"tram"},"geometry":{"type":"Point","coordinates":[37.43667,55.85571]}},{"type":"Feature","properties":{"id":"tstop-107","kind":"stop","name":"Университет имени Менделеева","color":"#B0413E","lineRef":"tram"},"geometry":{"type":"Point","coordinates":[37.41608,55.85772]}},{"type":"Feature","properties":{"id":"tstop-108","kind":"stop","name":"Планерная улица","color":"#B0413E","lineRef":"tram"},"geometry":{"type":"Point","coordinates":[37.43219,55.85767]}},{"type":"Feature","properties":{"id":"tstop-109","kind":"stop","name":"Улица Героев Панфиловцев, 33","color":"#B0413E","lineRef":"tram"},"geometry":{"type":"Point","coordinates":[37.41296,55.85692]}},{"type":"Feature","properties":{"id":"tstop-110","kind":"stop","name":"Улица Героев Панфиловцев, 21","color":"#B0413E","lineRef":"tram"},"geometry":{"type":"Point","coordinates":[37.42671,55.85827]}},{"type":"Feature","properties":{"id":"tstop-111","kind":"stop","name":"Улица Вилиса Лациса","color":"#B0413E","lineRef":"tram"},"geometry":{"type":"Point","coordinates":[37.41086,55.85592]}},{"type":"Feature","properties":{"id":"tstop-112","kind":"stop","name":"НИИАТ","color":"#B0413E","lineRef":"tram"},"geometry":{"type":"Point","coordinates":[37.40937,55.85484]}},{"type":"Feature","properties":{"id":"tstop-113","kind":"stop","name":"Улица Академика Курчатова","color":"#B0413E","lineRef":"tram"},"geometry":{"type":"Point","coordinates":[37.47626,55.81041]}},{"type":"Feature","properties":{"id":"tstop-114","kind":"stop","name":"МЦД Москва-Товарная","color":"#B0413E","lineRef":"tram"},"geometry":{"type":"Point","coordinates":[37.689,55.74742]}},{"type":"Feature","properties":{"id":"tstop-115","kind":"stop","name":"Новорогожская улица","color":"#B0413E","lineRef":"tram"},"geometry":{"type":"Point","coordinates":[37.6773,55.7436]}},{"type":"Feature","properties":{"id":"tstop-116","kind":"stop","name":"Пехотная улица","color":"#B0413E","lineRef":"tram"},"geometry":{"type":"Point","coordinates":[37.48258,55.81064]}},{"type":"Feature","properties":{"id":"tstop-117","kind":"stop","name":"Метро «Войковская»","color":"#B0413E","lineRef":"tram"},"geometry":{"type":"Point","coordinates":[37.50023,55.81826]}},{"type":"Feature","properties":{"id":"tstop-118","kind":"stop","name":"ПКиО Сокольники","color":"#B0413E","lineRef":"tram"},"geometry":{"type":"Point","coordinates":[37.68072,55.79263]}},{"type":"Feature","properties":{"id":"tstop-119","kind":"stop","name":"Старообрядческая улица","color":"#B0413E","lineRef":"tram"},"geometry":{"type":"Point","coordinates":[37.69278,55.74767]}},{"type":"Feature","properties":{"id":"tstop-120","kind":"stop","name":"Метро «Площадь Ильича»","color":"#B0413E","lineRef":"tram"},"geometry":{"type":"Point","coordinates":[37.68195,55.74687]}},{"type":"Feature","properties":{"id":"tstop-121","kind":"stop","name":"Западный мост","color":"#B0413E","lineRef":"tram"},"geometry":{"type":"Point","coordinates":[37.43797,55.83807]}},{"type":"Feature","properties":{"id":"tstop-122","kind":"stop","name":"Улица Циолковского","color":"#B0413E","lineRef":"tram"},"geometry":{"type":"Point","coordinates":[37.45286,55.82895]}},{"type":"Feature","properties":{"id":"tstop-123","kind":"stop","name":"Покровское-Глебово","color":"#B0413E","lineRef":"tram"},"geometry":{"type":"Point","coordinates":[37.46816,55.81473]}},{"type":"Feature","properties":{"id":"tstop-124","kind":"stop","name":"Нелидовская улица","color":"#B0413E","lineRef":"tram"},"geometry":{"type":"Point","coordinates":[37.43962,55.84601]}},{"type":"Feature","properties":{"id":"tstop-125","kind":"stop","name":"Новопоселковая улица","color":"#B0413E","lineRef":"tram"},"geometry":{"type":"Point","coordinates":[37.442,55.83718]}},{"type":"Feature","properties":{"id":"tstop-126","kind":"stop","name":"Больница РЖД","color":"#B0413E","lineRef":"tram"},"geometry":{"type":"Point","coordinates":[37.46081,55.81677]}},{"type":"Feature","properties":{"id":"tstop-127","kind":"stop","name":"Улица Фабрициуса","color":"#B0413E","lineRef":"tram"},"geometry":{"type":"Point","coordinates":[37.43884,55.84224]}},{"type":"Feature","properties":{"id":"tstop-128","kind":"stop","name":"Улица Мещерякова","color":"#B0413E","lineRef":"tram"},"geometry":{"type":"Point","coordinates":[37.45351,55.8322]}},{"type":"Feature","properties":{"id":"tstop-129","kind":"stop","name":"Восточный мост","color":"#B0413E","lineRef":"tram"},"geometry":{"type":"Point","coordinates":[37.45305,55.83623]}},{"type":"Feature","properties":{"id":"tstop-130","kind":"stop","name":"Тушинская улица","color":"#B0413E","lineRef":"tram"},"geometry":{"type":"Point","coordinates":[37.4514,55.82424]}},{"type":"Feature","properties":{"id":"tstop-131","kind":"stop","name":"Поликлиника №116","color":"#B0413E","lineRef":"tram"},"geometry":{"type":"Point","coordinates":[37.66478,55.7528]}},{"type":"Feature","properties":{"id":"tstop-132","kind":"stop","name":"3-й Сыромятнический переулок","color":"#B0413E","lineRef":"tram"},"geometry":{"type":"Point","coordinates":[37.66387,55.75314]}},{"type":"Feature","properties":{"id":"tstop-133","kind":"stop","name":"Костомаровский мост","color":"#B0413E","lineRef":"tram"},"geometry":{"type":"Point","coordinates":[37.66849,55.7475]}},{"type":"Feature","properties":{"id":"tstop-134","kind":"stop","name":"Дом Культуры Метростроя","color":"#B0413E","lineRef":"tram"},"geometry":{"type":"Point","coordinates":[37.66542,55.75094]}},{"type":"Feature","properties":{"id":"tstop-135","kind":"stop","name":"3-й Михалковский переулок","color":"#B0413E","lineRef":"tram"},"geometry":{"type":"Point","coordinates":[37.52578,55.83629]}},{"type":"Feature","properties":{"id":"tstop-136","kind":"stop","name":"Канал имени Москвы","color":"#B0413E","lineRef":"tram"},"geometry":{"type":"Point","coordinates":[37.45104,55.81931]}},{"type":"Feature","properties":{"id":"tstop-137","kind":"stop","name":"Vostochnyy most","color":"#B0413E","lineRef":"tram"},"geometry":{"type":"Point","coordinates":[37.45347,55.83609]}},{"type":"Feature","properties":{"id":"tstop-138","kind":"stop","name":"1-й Новоподмосковный переулок","color":"#B0413E","lineRef":"tram"},"geometry":{"type":"Point","coordinates":[37.50167,55.81805]}},{"type":"Feature","properties":{"id":"tstop-139","kind":"stop","name":"Политехнический университет","color":"#B0413E","lineRef":"tram"},"geometry":{"type":"Point","coordinates":[37.54249,55.83546]}},{"type":"Feature","properties":{"id":"tstop-140","kind":"stop","name":"Метро «Дмитровская»","color":"#B0413E","lineRef":"tram"},"geometry":{"type":"Point","coordinates":[37.5764,55.80885]}},{"type":"Feature","properties":{"id":"tstop-141","kind":"stop","name":"Институт биотехнологий","color":"#B0413E","lineRef":"tram"},"geometry":{"type":"Point","coordinates":[37.55537,55.82724]}},{"type":"Feature","properties":{"id":"tstop-142","kind":"stop","name":"Парк «Дубки»","color":"#B0413E","lineRef":"tram"},"geometry":{"type":"Point","coordinates":[37.56392,55.81955]}},{"type":"Feature","properties":{"id":"tstop-143","kind":"stop","name":"Большая Академическая улица","color":"#B0413E","lineRef":"tram"},"geometry":{"type":"Point","coordinates":[37.53769,55.83672]}},{"type":"Feature","properties":{"id":"tstop-144","kind":"stop","name":"Дмитровский проезд","color":"#B0413E","lineRef":"tram"},"geometry":{"type":"Point","coordinates":[37.57452,55.80923]}},{"type":"Feature","properties":{"id":"tstop-145","kind":"stop","name":"Пасечная улица","color":"#B0413E","lineRef":"tram"},"geometry":{"type":"Point","coordinates":[37.55326,55.82979]}},{"type":"Feature","properties":{"id":"tstop-146","kind":"stop","name":"Улица Костякова","color":"#B0413E","lineRef":"tram"},"geometry":{"type":"Point","coordinates":[37.56987,55.81527]}},{"type":"Feature","properties":{"id":"tstop-147","kind":"stop","name":"Тимирязевская академия","color":"#B0413E","lineRef":"tram"},"geometry":{"type":"Point","coordinates":[37.55003,55.83348]}},{"type":"Feature","properties":{"id":"tstop-148","kind":"stop","name":"Улица Всеволода Вишневского","color":"#B0413E","lineRef":"tram"},"geometry":{"type":"Point","coordinates":[37.57198,55.81253]}},{"type":"Feature","properties":{"id":"tstop-149","kind":"stop","name":"Префектура САО","color":"#B0413E","lineRef":"tram"},"geometry":{"type":"Point","coordinates":[37.56587,55.81727]}},{"type":"Feature","properties":{"id":"tstop-150","kind":"stop","name":"Соболевский проезд","color":"#B0413E","lineRef":"tram"},"geometry":{"type":"Point","coordinates":[37.52853,55.83823]}},{"type":"Feature","properties":{"id":"tstop-151","kind":"stop","name":"3-й Новоподмосковный переулок","color":"#B0413E","lineRef":"tram"},"geometry":{"type":"Point","coordinates":[37.51162,55.82122]}},{"type":"Feature","properties":{"id":"tstop-152","kind":"stop","name":"Школа имени Зои и Александра Космодемьянских","color":"#B0413E","lineRef":"tram"},"geometry":{"type":"Point","coordinates":[37.50724,55.82008]}},{"type":"Feature","properties":{"id":"tstop-153","kind":"stop","name":"Детская поликлиника","color":"#B0413E","lineRef":"tram"},"geometry":{"type":"Point","coordinates":[37.4536,55.80565]}},{"type":"Feature","properties":{"id":"tstop-154","kind":"stop","name":"Метро «Щукинская»","color":"#B0413E","lineRef":"tram"},"geometry":{"type":"Point","coordinates":[37.46137,55.81]}},{"type":"Feature","properties":{"id":"tstop-155","kind":"stop","name":"Улица Маршала Катукова","color":"#B0413E","lineRef":"tram"},"geometry":{"type":"Point","coordinates":[37.41356,55.80525]}},{"type":"Feature","properties":{"id":"tstop-156","kind":"stop","name":"Школа имени Марины Цветаевой","color":"#B0413E","lineRef":"tram"},"geometry":{"type":"Point","coordinates":[37.40163,55.79916]}},{"type":"Feature","properties":{"id":"tstop-157","kind":"stop","name":"Таллинская улица, 6","color":"#B0413E","lineRef":"tram"},"geometry":{"type":"Point","coordinates":[37.3954,55.7994]}},{"type":"Feature","properties":{"id":"tstop-158","kind":"stop","name":"Улица Кулакова","color":"#B0413E","lineRef":"tram"},"geometry":{"type":"Point","coordinates":[37.39195,55.80013]}},{"type":"Feature","properties":{"id":"tstop-159","kind":"stop","name":"Метро «Строгино»","color":"#B0413E","lineRef":"tram"},"geometry":{"type":"Point","coordinates":[37.40819,55.80206]}},{"type":"Feature","properties":{"id":"tstop-160","kind":"stop","name":"Школьный парк","color":"#B0413E","lineRef":"tram"},"geometry":{"type":"Point","coordinates":[37.59869,55.62867]}},{"type":"Feature","properties":{"id":"tstop-161","kind":"stop","name":"Метро «Каховская»","color":"#B0413E","lineRef":"tram"},"geometry":{"type":"Point","coordinates":[37.60548,55.65292]}},{"type":"Feature","properties":{"id":"tstop-162","kind":"stop","name":"Симферопольский бульвар, 20","color":"#B0413E","lineRef":"tram"},"geometry":{"type":"Point","coordinates":[37.60556,55.64945]}},{"type":"Feature","properties":{"id":"tstop-163","kind":"stop","name":"Черноморский бульвар","color":"#B0413E","lineRef":"tram"},"geometry":{"type":"Point","coordinates":[37.60562,55.64519]}},{"type":"Feature","properties":{"id":"tstop-164","kind":"stop","name":"Улица Достоевского","color":"#B0413E","lineRef":"tram"},"geometry":{"type":"Point","coordinates":[37.61085,55.78266]}},{"type":"Feature","properties":{"id":"tstop-165","kind":"stop","name":"Улица Палиха","color":"#B0413E","lineRef":"tram"},"geometry":{"type":"Point","coordinates":[37.60272,55.78523]}},{"type":"Feature","properties":{"id":"tstop-166","kind":"stop","name":"Драмтеатр","color":"#B0413E","lineRef":"tram"},"geometry":{"type":"Point","coordinates":[37.53993,55.69092]}},{"type":"Feature","properties":{"id":"tstop-167","kind":"stop","name":"Центр здоровья детей","color":"#B0413E","lineRef":"tram"},"geometry":{"type":"Point","coordinates":[37.54782,55.68636]}},{"type":"Feature","properties":{"id":"tstop-168","kind":"stop","name":"Ленинский проспект","color":"#B0413E","lineRef":"tram"},"geometry":{"type":"Point","coordinates":[37.54384,55.68868]}},{"type":"Feature","properties":{"id":"tstop-169","kind":"stop","name":"Метро «Университет»","color":"#B0413E","lineRef":"tram"},"geometry":{"type":"Point","coordinates":[37.53771,55.69211]}},{"type":"Feature","properties":{"id":"tstop-170","kind":"stop","name":"Улица Вавилова","color":"#B0413E","lineRef":"tram"},"geometry":{"type":"Point","coordinates":[37.55475,55.68538]}},{"type":"Feature","properties":{"id":"tstop-171","kind":"stop","name":"Черёмушкинский рынок","color":"#B0413E","lineRef":"tram"},"geometry":{"type":"Point","coordinates":[37.55044,55.68485]}},{"type":"Feature","properties":{"id":"tstop-172","kind":"stop","name":"Серпуховский Вал","color":"#B0413E","lineRef":"tram"},"geometry":{"type":"Point","coordinates":[37.6067,55.71249]}},{"type":"Feature","properties":{"id":"tstop-173","kind":"stop","name":"Улица Бардина","color":"#B0413E","lineRef":"tram"},"geometry":{"type":"Point","coordinates":[37.57466,55.6991]}},{"type":"Feature","properties":{"id":"tstop-174","kind":"stop","name":"Улица Губкина","color":"#B0413E","lineRef":"tram"},"geometry":{"type":"Point","coordinates":[37.56621,55.6943]}},{"type":"Feature","properties":{"id":"tstop-175","kind":"stop","name":"Дарвиновский музей","color":"#B0413E","lineRef":"tram"},"geometry":{"type":"Point","coordinates":[37.56125,55.69145]}},{"type":"Feature","properties":{"id":"tstop-176","kind":"stop","name":"Улица Ляпунова","color":"#B0413E","lineRef":"tram"},"geometry":{"type":"Point","coordinates":[37.57143,55.69726]}},{"type":"Feature","properties":{"id":"tstop-177","kind":"stop","name":"Улица Орджоникидзе","color":"#B0413E","lineRef":"tram"},"geometry":{"type":"Point","coordinates":[37.59321,55.70964]}},{"type":"Feature","properties":{"id":"tstop-178","kind":"stop","name":"Проспект 60-летия Октября","color":"#B0413E","lineRef":"tram"},"geometry":{"type":"Point","coordinates":[37.58019,55.70231]}},{"type":"Feature","properties":{"id":"tstop-179","kind":"stop","name":"Метро «Ленинский проспект» (северный выход)","color":"#B0413E","lineRef":"tram"},"geometry":{"type":"Point","coordinates":[37.58998,55.7078]}},{"type":"Feature","properties":{"id":"tstop-180","kind":"stop","name":"Метро «Ленинский проспект» (южный выход)","color":"#B0413E","lineRef":"tram"},"geometry":{"type":"Point","coordinates":[37.58636,55.70574]}},{"type":"Feature","properties":{"id":"tstop-181","kind":"stop","name":"Университетская клиника РУДН","color":"#B0413E","lineRef":"tram"},"geometry":{"type":"Point","coordinates":[37.55542,55.68665]}},{"type":"Feature","properties":{"id":"tstop-182","kind":"stop","name":"Хавская улица","color":"#B0413E","lineRef":"tram"},"geometry":{"type":"Point","coordinates":[37.61316,55.71145]}},{"type":"Feature","properties":{"id":"tstop-183","kind":"stop","name":"Улица Даниловский Вал","color":"#B0413E","lineRef":"tram"},"geometry":{"type":"Point","coordinates":[37.63329,55.71423]}},{"type":"Feature","properties":{"id":"tstop-184","kind":"stop","name":"Дубининская улица, 57","color":"#B0413E","lineRef":"tram"},"geometry":{"type":"Point","coordinates":[37.63493,55.71993]}},{"type":"Feature","properties":{"id":"tstop-185","kind":"stop","name":"Жуков проезд","color":"#B0413E","lineRef":"tram"},"geometry":{"type":"Point","coordinates":[37.63653,55.72403]}},{"type":"Feature","properties":{"id":"tstop-186","kind":"stop","name":"Павелецкий вокзал","color":"#B0413E","lineRef":"tram"},"geometry":{"type":"Point","coordinates":[37.63666,55.72951]}},{"type":"Feature","properties":{"id":"tstop-187","kind":"stop","name":"Свято-Данилов монастырь","color":"#B0413E","lineRef":"tram"},"geometry":{"type":"Point","coordinates":[37.63119,55.71159]}},{"type":"Feature","properties":{"id":"tstop-188","kind":"stop","name":"Серпуховская Застава","color":"#B0413E","lineRef":"tram"},"geometry":{"type":"Point","coordinates":[37.62542,55.71146]}},{"type":"Feature","properties":{"id":"tstop-189","kind":"stop","name":"Стремянный переулок","color":"#B0413E","lineRef":"tram"},"geometry":{"type":"Point","coordinates":[37.63724,55.72695]}},{"type":"Feature","properties":{"id":"tstop-190","kind":"stop","name":"1-й Павловский переулок","color":"#B0413E","lineRef":"tram"},"geometry":{"type":"Point","coordinates":[37.63351,55.71665]}},{"type":"Feature","properties":{"id":"tstop-191","kind":"stop","name":"Вишняковский переулок","color":"#B0413E","lineRef":"tram"},"geometry":{"type":"Point","coordinates":[37.63246,55.7357]}},{"type":"Feature","properties":{"id":"tstop-192","kind":"stop","name":"Воронцово Поле","color":"#B0413E","lineRef":"tram"},"geometry":{"type":"Point","coordinates":[37.64731,55.75284]}},{"type":"Feature","properties":{"id":"tstop-193","kind":"stop","name":"Казарменный переулок","color":"#B0413E","lineRef":"tram"},"geometry":{"type":"Point","coordinates":[37.64815,55.75654]}},{"type":"Feature","properties":{"id":"tstop-194","kind":"stop","name":"Метро «Павелецкая»","color":"#B0413E","lineRef":"tram"},"geometry":{"type":"Point","coordinates":[37.63527,55.7316]}},{"type":"Feature","properties":{"id":"tstop-195","kind":"stop","name":"Метро «Третьяковская»","color":"#B0413E","lineRef":"tram"},"geometry":{"type":"Point","coordinates":[37.62973,55.74039]}},{"type":"Feature","properties":{"id":"tstop-196","kind":"stop","name":"Покровские Ворота","color":"#B0413E","lineRef":"tram"},"geometry":{"type":"Point","coordinates":[37.64646,55.759]}},{"type":"Feature","properties":{"id":"tstop-197","kind":"stop","name":"Комиссариатский мост","color":"#B0413E","lineRef":"tram"},"geometry":{"type":"Point","coordinates":[37.63466,55.74443]}},{"type":"Feature","properties":{"id":"tstop-198","kind":"stop","name":"Метро «Новокузнецкая»","color":"#B0413E","lineRef":"tram"},"geometry":{"type":"Point","coordinates":[37.62973,55.74206]}},{"type":"Feature","properties":{"id":"tstop-199","kind":"stop","name":"Яузские Ворота","color":"#B0413E","lineRef":"tram"},"geometry":{"type":"Point","coordinates":[37.64225,55.75026]}},{"type":"Feature","properties":{"id":"tstop-200","kind":"stop","name":"Большой Харитоньевский переулок","color":"#B0413E","lineRef":"tram"},"geometry":{"type":"Point","coordinates":[37.64232,55.76335]}},{"type":"Feature","properties":{"id":"tstop-201","kind":"stop","name":"Метро «Чистые пруды»","color":"#B0413E","lineRef":"tram"},"geometry":{"type":"Point","coordinates":[37.63909,55.76479]}},{"type":"Feature","properties":{"id":"tstop-202","kind":"stop","name":"Даниловский рынок","color":"#B0413E","lineRef":"tram"},"geometry":{"type":"Point","coordinates":[37.6182,55.71166]}},{"type":"Feature","properties":{"id":"tstop-203","kind":"stop","name":"2-й Нагатинский проезд","color":"#B0413E","lineRef":"tram"},"geometry":{"type":"Point","coordinates":[37.64518,55.67891]}},{"type":"Feature","properties":{"id":"tstop-204","kind":"stop","name":"Затонная улица","color":"#B0413E","lineRef":"tram"},"geometry":{"type":"Point","coordinates":[37.68245,55.68309]}},{"type":"Feature","properties":{"id":"tstop-205","kind":"stop","name":"МФЦ Нагатино-Садовники","color":"#B0413E","lineRef":"tram"},"geometry":{"type":"Point","coordinates":[37.6331,55.68036]}},{"type":"Feature","properties":{"id":"tstop-206","kind":"stop","name":"Судостроительная улица, 21","color":"#B0413E","lineRef":"tram"},"geometry":{"type":"Point","coordinates":[37.67675,55.68154]}},{"type":"Feature","properties":{"id":"tstop-207","kind":"stop","name":"Метро «Коломенская»","color":"#B0413E","lineRef":"tram"},"geometry":{"type":"Point","coordinates":[37.66541,55.67776]}},{"type":"Feature","properties":{"id":"tstop-208","kind":"stop","name":"Метро «Нагатинская»","color":"#B0413E","lineRef":"tram"},"geometry":{"type":"Point","coordinates":[37.62379,55.68405]}},{"type":"Feature","properties":{"id":"tstop-209","kind":"stop","name":"Нагатино","color":"#B0413E","lineRef":"tram"},"geometry":{"type":"Point","coordinates":[37.68953,55.68505]}},{"type":"Feature","properties":{"id":"tstop-210","kind":"stop","name":"Даниловская мануфактура","color":"#B0413E","lineRef":"tram"},"geometry":{"type":"Point","coordinates":[37.62165,55.70122]}},{"type":"Feature","properties":{"id":"tstop-211","kind":"stop","name":"Платформа Нагатинская","color":"#B0413E","lineRef":"tram"},"geometry":{"type":"Point","coordinates":[37.62542,55.68163]}},{"type":"Feature","properties":{"id":"tstop-212","kind":"stop","name":"Стадион «Труд»","color":"#B0413E","lineRef":"tram"},"geometry":{"type":"Point","coordinates":[37.62125,55.69553]}},{"type":"Feature","properties":{"id":"tstop-213","kind":"stop","name":"Улица Садовники","color":"#B0413E","lineRef":"tram"},"geometry":{"type":"Point","coordinates":[37.65099,55.67838]}},{"type":"Feature","properties":{"id":"tstop-214","kind":"stop","name":"МЦК Верхние Котлы","color":"#B0413E","lineRef":"tram"},"geometry":{"type":"Point","coordinates":[37.6224,55.6897]}},{"type":"Feature","properties":{"id":"tstop-215","kind":"stop","name":"МФЦ «Нагатинский Затон»","color":"#B0413E","lineRef":"tram"},"geometry":{"type":"Point","coordinates":[37.6575,55.67763]}},{"type":"Feature","properties":{"id":"tstop-216","kind":"stop","name":"Ювелирный завод","color":"#B0413E","lineRef":"tram"},"geometry":{"type":"Point","coordinates":[37.63657,55.67991]}},{"type":"Feature","properties":{"id":"tstop-217","kind":"stop","name":"Якорная улица","color":"#B0413E","lineRef":"tram"},"geometry":{"type":"Point","coordinates":[37.68618,55.6841]}},{"type":"Feature","properties":{"id":"tstop-218","kind":"stop","name":"9th quarter (devyatii kvartal)","color":"#B0413E","lineRef":"tram"},"geometry":{"type":"Point","coordinates":[37.6691,55.67947]}},{"type":"Feature","properties":{"id":"tstop-219","kind":"stop","name":"Нагатинское депо","color":"#B0413E","lineRef":"tram"},"geometry":{"type":"Point","coordinates":[37.63961,55.67956]}},{"type":"Feature","properties":{"id":"tstop-220","kind":"stop","name":"9-й квартал","color":"#B0413E","lineRef":"tram"},"geometry":{"type":"Point","coordinates":[37.66846,55.67933]}},{"type":"Feature","properties":{"id":"tstop-221","kind":"stop","name":"Нижние Котлы","color":"#B0413E","lineRef":"tram"},"geometry":{"type":"Point","coordinates":[37.62561,55.67902]}},{"type":"Feature","properties":{"id":"tstop-222","kind":"stop","name":"Хлебозаводский проезд","color":"#B0413E","lineRef":"tram"},"geometry":{"type":"Point","coordinates":[37.62522,55.66905]}},{"type":"Feature","properties":{"id":"tstop-223","kind":"stop","name":"1-й Нагатинский проезд","color":"#B0413E","lineRef":"tram"},"geometry":{"type":"Point","coordinates":[37.6266,55.6753]}},{"type":"Feature","properties":{"id":"tstop-224","kind":"stop","name":"Кожевническая улица","color":"#B0413E","lineRef":"tram"},"geometry":{"type":"Point","coordinates":[37.64501,55.72973]}},{"type":"Feature","properties":{"id":"tstop-225","kind":"stop","name":"Новоспасский мост","color":"#B0413E","lineRef":"tram"},"geometry":{"type":"Point","coordinates":[37.64991,55.72853]}},{"type":"Feature","properties":{"id":"tstop-226","kind":"stop","name":"Нахимовский проспект","color":"#B0413E","lineRef":"tram"},"geometry":{"type":"Point","coordinates":[37.61286,55.66289]}},{"type":"Feature","properties":{"id":"tstop-227","kind":"stop","name":"Симферопольский бульвар","color":"#B0413E","lineRef":"tram"},"geometry":{"type":"Point","coordinates":[37.61506,55.66413]}},{"type":"Feature","properties":{"id":"tstop-228","kind":"stop","name":"Фруктовая улица","color":"#B0413E","lineRef":"tram"},"geometry":{"type":"Point","coordinates":[37.61018,55.66066]}},{"type":"Feature","properties":{"id":"tstop-229","kind":"stop","name":"Измайловская площадь","color":"#B0413E","lineRef":"tram"},"geometry":{"type":"Point","coordinates":[37.77855,55.79221]}},{"type":"Feature","properties":{"id":"tstop-230","kind":"stop","name":"Районный центр «Первомайский»","color":"#B0413E","lineRef":"tram"},"geometry":{"type":"Point","coordinates":[37.80658,55.79335]}},{"type":"Feature","properties":{"id":"tstop-231","kind":"stop","name":"Метро «Первомайская»","color":"#B0413E","lineRef":"tram"},"geometry":{"type":"Point","coordinates":[37.80067,55.79325]}},{"type":"Feature","properties":{"id":"tstop-232","kind":"stop","name":"Восточное Измайлово","color":"#B0413E","lineRef":"tram"},"geometry":{"type":"Point","coordinates":[37.82089,55.79363]}},{"type":"Feature","properties":{"id":"tstop-233","kind":"stop","name":"13-я Парковая улица","color":"#B0413E","lineRef":"tram"},"geometry":{"type":"Point","coordinates":[37.81338,55.79348]}},{"type":"Feature","properties":{"id":"tstop-234","kind":"stop","name":"15-я Парковая улица","color":"#B0413E","lineRef":"tram"},"geometry":{"type":"Point","coordinates":[37.82023,55.79359]}},{"type":"Feature","properties":{"id":"tstop-235","kind":"stop","name":"3-я Парковая улица","color":"#B0413E","lineRef":"tram"},"geometry":{"type":"Point","coordinates":[37.78398,55.79291]}},{"type":"Feature","properties":{"id":"tstop-236","kind":"stop","name":"5-я Парковая улица","color":"#B0413E","lineRef":"tram"},"geometry":{"type":"Point","coordinates":[37.78935,55.79306]}},{"type":"Feature","properties":{"id":"tstop-237","kind":"stop","name":"7-я Парковая улица","color":"#B0413E","lineRef":"tram"},"geometry":{"type":"Point","coordinates":[37.79488,55.79321]}},{"type":"Feature","properties":{"id":"tstop-238","kind":"stop","name":"Улица Ибрагимова","color":"#B0413E","lineRef":"tram"},"geometry":{"type":"Point","coordinates":[37.72975,55.78262]}},{"type":"Feature","properties":{"id":"tstop-239","kind":"stop","name":"Метро «Семёновская»","color":"#B0413E","lineRef":"tram"},"geometry":{"type":"Point","coordinates":[37.72035,55.78226]}},{"type":"Feature","properties":{"id":"tstop-240","kind":"stop","name":"Фортунатовская улица","color":"#B0413E","lineRef":"tram"},"geometry":{"type":"Point","coordinates":[37.73843,55.78297]}},{"type":"Feature","properties":{"id":"tstop-241","kind":"stop","name":"Улица Измайловский Вал","color":"#B0413E","lineRef":"tram"},"geometry":{"type":"Point","coordinates":[37.71714,55.78719]}},{"type":"Feature","properties":{"id":"tstop-242","kind":"stop","name":"Мост Окружной железной дороги","color":"#B0413E","lineRef":"tram"},"geometry":{"type":"Point","coordinates":[37.74589,55.78397]}},{"type":"Feature","properties":{"id":"tstop-243","kind":"stop","name":"Введенское кладбище","color":"#B0413E","lineRef":"tram"},"geometry":{"type":"Point","coordinates":[37.70318,55.77016]}},{"type":"Feature","properties":{"id":"tstop-244","kind":"stop","name":"Госпитальная площадь","color":"#B0413E","lineRef":"tram"},"geometry":{"type":"Point","coordinates":[37.69894,55.76647]}},{"type":"Feature","properties":{"id":"tstop-245","kind":"stop","name":"Кирпичная улица","color":"#B0413E","lineRef":"tram"},"geometry":{"type":"Point","coordinates":[37.71972,55.7783]}},{"type":"Feature","properties":{"id":"tstop-246","kind":"stop","name":"Метро «Авиамоторная»","color":"#B0413E","lineRef":"tram"},"geometry":{"type":"Point","coordinates":[37.71592,55.75478]}},{"type":"Feature","properties":{"id":"tstop-247","kind":"stop","name":"Улица Семёновский Вал","color":"#B0413E","lineRef":"tram"},"geometry":{"type":"Point","coordinates":[37.7156,55.77626]}},{"type":"Feature","properties":{"id":"tstop-248","kind":"stop","name":"Юрьевский переулок","color":"#B0413E","lineRef":"tram"},"geometry":{"type":"Point","coordinates":[37.71627,55.75931]}},{"type":"Feature","properties":{"id":"tstop-249","kind":"stop","name":"Авиамоторная улица, 2","color":"#B0413E","lineRef":"tram"},"geometry":{"type":"Point","coordinates":[37.7125,55.76114]}},{"type":"Feature","properties":{"id":"tstop-250","kind":"stop","name":"Ухтомская улица","color":"#B0413E","lineRef":"tram"},"geometry":{"type":"Point","coordinates":[37.70971,55.77317]}},{"type":"Feature","properties":{"id":"tstop-251","kind":"stop","name":"Площадь Академика Люльки","color":"#B0413E","lineRef":"tram"},"geometry":{"type":"Point","coordinates":[37.66214,55.82179]}},{"type":"Feature","properties":{"id":"tstop-252","kind":"stop","name":"Проспект Мира","color":"#B0413E","lineRef":"tram"},"geometry":{"type":"Point","coordinates":[37.64872,55.82639]}},{"type":"Feature","properties":{"id":"tstop-253","kind":"stop","name":"улица Бориса Галушкина, 17","color":"#B0413E","lineRef":"tram"},"geometry":{"type":"Point","coordinates":[37.6586,55.82284]}},{"type":"Feature","properties":{"id":"tstop-254","kind":"stop","name":"Ярославская улица","color":"#B0413E","lineRef":"tram"},"geometry":{"type":"Point","coordinates":[37.65239,55.82496]}},{"type":"Feature","properties":{"id":"tstop-255","kind":"stop","name":"Улица Преображенский Вал","color":"#B0413E","lineRef":"tram"},"geometry":{"type":"Point","coordinates":[37.71668,55.78852]}},{"type":"Feature","properties":{"id":"tstop-256","kind":"stop","name":"Преображенское кладбище","color":"#B0413E","lineRef":"tram"},"geometry":{"type":"Point","coordinates":[37.71591,55.79143]}},{"type":"Feature","properties":{"id":"tstop-257","kind":"stop","name":"ДК Зуева","color":"#B0413E","lineRef":"tram"},"geometry":{"type":"Point","coordinates":[37.58972,55.77924]}},{"type":"Feature","properties":{"id":"tstop-258","kind":"stop","name":"Метро «Преображенская площадь»","color":"#B0413E","lineRef":"tram"},"geometry":{"type":"Point","coordinates":[37.71756,55.79644]}},{"type":"Feature","properties":{"id":"tstop-259","kind":"stop","name":"Халтуринская улица","color":"#B0413E","lineRef":"tram"},"geometry":{"type":"Point","coordinates":[37.72884,55.79902]}},{"type":"Feature","properties":{"id":"tstop-260","kind":"stop","name":"Черкизово","color":"#B0413E","lineRef":"tram"},"geometry":{"type":"Point","coordinates":[37.72725,55.80199]}},{"type":"Feature","properties":{"id":"tstop-261","kind":"stop","name":"Просторная улица","color":"#B0413E","lineRef":"tram"},"geometry":{"type":"Point","coordinates":[37.72698,55.80692]}},{"type":"Feature","properties":{"id":"tstop-262","kind":"stop","name":"Районный центр «Янтарь»","color":"#B0413E","lineRef":"tram"},"geometry":{"type":"Point","coordinates":[37.7305,55.81035]}},{"type":"Feature","properties":{"id":"tstop-263","kind":"stop","name":"Плодоовощной комбинат","color":"#B0413E","lineRef":"tram"},"geometry":{"type":"Point","coordinates":[37.74326,55.8176]}},{"type":"Feature","properties":{"id":"tstop-264","kind":"stop","name":"Тагильская улица","color":"#B0413E","lineRef":"tram"},"geometry":{"type":"Point","coordinates":[37.75051,55.82052]}},{"type":"Feature","properties":{"id":"tstop-265","kind":"stop","name":"Консультативно-диагностический центр","color":"#B0413E","lineRef":"tram"},"geometry":{"type":"Point","coordinates":[37.75508,55.82283]}},{"type":"Feature","properties":{"id":"tstop-266","kind":"stop","name":"Монтажная улица","color":"#B0413E","lineRef":"tram"},"geometry":{"type":"Point","coordinates":[37.75813,55.82439]}},{"type":"Feature","properties":{"id":"tstop-267","kind":"stop","name":"Детские ясли-сад","color":"#B0413E","lineRef":"tram"},"geometry":{"type":"Point","coordinates":[37.76333,55.82694]}},{"type":"Feature","properties":{"id":"tstop-268","kind":"stop","name":"Клуб Русакова - Сцена «Мельников»","color":"#B0413E","lineRef":"tram"},"geometry":{"type":"Point","coordinates":[37.68662,55.79145]}},{"type":"Feature","properties":{"id":"tstop-269","kind":"stop","name":"2-й Полевой переулок","color":"#B0413E","lineRef":"tram"},"geometry":{"type":"Point","coordinates":[37.68159,55.7904]}},{"type":"Feature","properties":{"id":"tstop-270","kind":"stop","name":"Малая Остроумовская улица","color":"#B0413E","lineRef":"tram"},"geometry":{"type":"Point","coordinates":[37.69119,55.79323]}},{"type":"Feature","properties":{"id":"tstop-271","kind":"stop","name":"Трамвайное депо имени Русакова","color":"#B0413E","lineRef":"tram"},"geometry":{"type":"Point","coordinates":[37.69828,55.79436]}},{"type":"Feature","properties":{"id":"tstop-272","kind":"stop","name":"Преображенская площадь","color":"#B0413E","lineRef":"tram"},"geometry":{"type":"Point","coordinates":[37.70996,55.79518]}},{"type":"Feature","properties":{"id":"tstop-273","kind":"stop","name":"Метрогородок","color":"#B0413E","lineRef":"tram"},"geometry":{"type":"Point","coordinates":[37.76657,55.82928]}},{"type":"Feature","properties":{"id":"tstop-274","kind":"stop","name":"Богородское","color":"#B0413E","lineRef":"tram"},"geometry":{"type":"Point","coordinates":[37.70061,55.81664]}},{"type":"Feature","properties":{"id":"tstop-275","kind":"stop","name":"Игральная улица","color":"#B0413E","lineRef":"tram"},"geometry":{"type":"Point","coordinates":[37.71567,55.81851]}},{"type":"Feature","properties":{"id":"tstop-276","kind":"stop","name":"Ланинский переулок","color":"#B0413E","lineRef":"tram"},"geometry":{"type":"Point","coordinates":[37.70494,55.81886]}},{"type":"Feature","properties":{"id":"tstop-277","kind":"stop","name":"Погонный проезд","color":"#B0413E","lineRef":"tram"},"geometry":{"type":"Point","coordinates":[37.70983,55.81971]}},{"type":"Feature","properties":{"id":"tstop-278","kind":"stop","name":"3-й проезд Подбельского","color":"#B0413E","lineRef":"tram"},"geometry":{"type":"Point","coordinates":[37.72175,55.81829]}},{"type":"Feature","properties":{"id":"tstop-279","kind":"stop","name":"5-й проезд Подбельского","color":"#B0413E","lineRef":"tram"},"geometry":{"type":"Point","coordinates":[37.72665,55.81694]}},{"type":"Feature","properties":{"id":"tstop-280","kind":"stop","name":"Мосгорсуд","color":"#B0413E","lineRef":"tram"},"geometry":{"type":"Point","coordinates":[37.7073,55.80457]}},{"type":"Feature","properties":{"id":"tstop-281","kind":"stop","name":"Телерадиокомпания «Мир»","color":"#B0413E","lineRef":"tram"},"geometry":{"type":"Point","coordinates":[37.70643,55.80685]}},{"type":"Feature","properties":{"id":"tstop-282","kind":"stop","name":"Улица Хромова","color":"#B0413E","lineRef":"tram"},"geometry":{"type":"Point","coordinates":[37.71283,55.79995]}},{"type":"Feature","properties":{"id":"tstop-283","kind":"stop","name":"Инновационный университет","color":"#B0413E","lineRef":"tram"},"geometry":{"type":"Point","coordinates":[37.69784,55.81239]}},{"type":"Feature","properties":{"id":"tstop-284","kind":"stop","name":"1-я Прогонная улица","color":"#B0413E","lineRef":"tram"},"geometry":{"type":"Point","coordinates":[37.70393,55.80991]}},{"type":"Feature","properties":{"id":"tstop-285","kind":"stop","name":"Большая Оленья улица","color":"#B0413E","lineRef":"tram"},"geometry":{"type":"Point","coordinates":[37.69155,55.80587]}},{"type":"Feature","properties":{"id":"tstop-286","kind":"stop","name":"Большая Ширяевская улица","color":"#B0413E","lineRef":"tram"},"geometry":{"type":"Point","coordinates":[37.68544,55.81052]}},{"type":"Feature","properties":{"id":"tstop-287","kind":"stop","name":"2-й Ширяевский переулок","color":"#B0413E","lineRef":"tram"},"geometry":{"type":"Point","coordinates":[37.68831,55.80836]}},{"type":"Feature","properties":{"id":"tstop-288","kind":"stop","name":"Майский просек","color":"#B0413E","lineRef":"tram"},"geometry":{"type":"Point","coordinates":[37.68849,55.80262]}},{"type":"Feature","properties":{"id":"tstop-289","kind":"stop","name":"Охотничья улица","color":"#B0413E","lineRef":"tram"},"geometry":{"type":"Point","coordinates":[37.68295,55.79586]}},{"type":"Feature","properties":{"id":"tstop-290","kind":"stop","name":"Улица Короленко","color":"#B0413E","lineRef":"tram"},"geometry":{"type":"Point","coordinates":[37.68597,55.79929]}},{"type":"Feature","properties":{"id":"tstop-291","kind":"stop","name":"Леснорядская улица","color":"#B0413E","lineRef":"tram"},"geometry":{"type":"Point","coordinates":[37.67027,55.78159]}},{"type":"Feature","properties":{"id":"tstop-292","kind":"stop","name":"Басманный двор","color":"#B0413E","lineRef":"tram"},"geometry":{"type":"Point","coordinates":[37.67786,55.77517]}},{"type":"Feature","properties":{"id":"tstop-293","kind":"stop","name":"Нижняя Красносельская улица","color":"#B0413E","lineRef":"tram"},"geometry":{"type":"Point","coordinates":[37.66691,55.77899]}},{"type":"Feature","properties":{"id":"tstop-294","kind":"stop","name":"Ольховская улица","color":"#B0413E","lineRef":"tram"},"geometry":{"type":"Point","coordinates":[37.67038,55.77639]}},{"type":"Feature","properties":{"id":"tstop-295","kind":"stop","name":"Аптекарский переулок","color":"#B0413E","lineRef":"tram"},"geometry":{"type":"Point","coordinates":[37.67962,55.7681]}},{"type":"Feature","properties":{"id":"tstop-296","kind":"stop","name":"МГТУ имени Баумана","color":"#B0413E","lineRef":"tram"},"geometry":{"type":"Point","coordinates":[37.68002,55.7657]}},{"type":"Feature","properties":{"id":"tstop-297","kind":"stop","name":"Метро «Бауманская»","color":"#B0413E","lineRef":"tram"},"geometry":{"type":"Point","coordinates":[37.67866,55.7722]}},{"type":"Feature","properties":{"id":"tstop-298","kind":"stop","name":"Лефортовская набережная","color":"#B0413E","lineRef":"tram"},"geometry":{"type":"Point","coordinates":[37.6823,55.76285]}},{"type":"Feature","properties":{"id":"tstop-299","kind":"stop","name":"Улица Радио","color":"#B0413E","lineRef":"tram"},"geometry":{"type":"Point","coordinates":[37.67968,55.76306]}},{"type":"Feature","properties":{"id":"tstop-300","kind":"stop","name":"Библиотека имени Грина","color":"#B0413E","lineRef":"tram"},"geometry":{"type":"Point","coordinates":[37.68177,55.75539]}},{"type":"Feature","properties":{"id":"tstop-301","kind":"stop","name":"Красноказарменная площадь","color":"#B0413E","lineRef":"tram"},"geometry":{"type":"Point","coordinates":[37.68491,55.7576]}},{"type":"Feature","properties":{"id":"tstop-302","kind":"stop","name":"Лефортовский мост","color":"#B0413E","lineRef":"tram"},"geometry":{"type":"Point","coordinates":[37.68638,55.7612]}},{"type":"Feature","properties":{"id":"tstop-303","kind":"stop","name":"Улица Панфилова","color":"#B0413E","lineRef":"tram"},"geometry":{"type":"Point","coordinates":[37.49428,55.80887]}},{"type":"Feature","properties":{"id":"tstop-304","kind":"stop","name":"Университет «РОСБИОТЕХ»","color":"#B0413E","lineRef":"tram"},"geometry":{"type":"Point","coordinates":[37.49961,55.80779]}},{"type":"Feature","properties":{"id":"tstop-305","kind":"stop","name":"Gidroproekt","color":"#B0413E","lineRef":"tram"},"geometry":{"type":"Point","coordinates":[37.50488,55.80679]}},{"type":"Feature","properties":{"id":"tstop-306","kind":"stop","name":"Метро «Сокол»","color":"#B0413E","lineRef":"tram"},"geometry":{"type":"Point","coordinates":[37.5087,55.8058]}},{"type":"Feature","properties":{"id":"tstop-307","kind":"stop","name":"МЦД Калитники","color":"#B0413E","lineRef":"tram"},"geometry":{"type":"Point","coordinates":[37.69647,55.73387]}},{"type":"Feature","properties":{"id":"tstop-308","kind":"stop","name":"Малый Калитниковский проезд","color":"#B0413E","lineRef":"tram"},"geometry":{"type":"Point","coordinates":[37.68752,55.73666]}},{"type":"Feature","properties":{"id":"tstop-309","kind":"stop","name":"Воловья улица","color":"#B0413E","lineRef":"tram"},"geometry":{"type":"Point","coordinates":[37.68422,55.73699]}},{"type":"Feature","properties":{"id":"tstop-310","kind":"stop","name":"Большая Калитниковская улица","color":"#B0413E","lineRef":"tram"},"geometry":{"type":"Point","coordinates":[37.67551,55.73801]}},{"type":"Feature","properties":{"id":"tstop-311","kind":"stop","name":"Театр зверей имени Дурова","color":"#B0413E","lineRef":"tram"},"geometry":{"type":"Point","coordinates":[37.62329,55.77904]}},{"type":"Feature","properties":{"id":"tstop-312","kind":"stop","name":"Селезнёвская улица","color":"#B0413E","lineRef":"tram"},"geometry":{"type":"Point","coordinates":[37.60909,55.78056]}},{"type":"Feature","properties":{"id":"tstop-313","kind":"stop","name":"МЦД Митьково","color":"#B0413E","lineRef":"tram"},"geometry":{"type":"Point","coordinates":[37.6758,55.78533]}},{"type":"Feature","properties":{"id":"tstop-314","kind":"stop","name":"Метро «Лефортово»","color":"#B0413E","lineRef":"tram"},"geometry":{"type":"Point","coordinates":[37.70584,55.76357]}},{"type":"Feature","properties":{"id":"tstop-315","kind":"stop","name":"Лесная улица","color":"#B0413E","lineRef":"tram"},"geometry":{"type":"Point","coordinates":[37.59622,55.78363]}},{"type":"Feature","properties":{"id":"tstop-316","kind":"stop","name":"Миусское депо","color":"#B0413E","lineRef":"tram"},"geometry":{"type":"Point","coordinates":[37.59237,55.78096]}},{"type":"Feature","properties":{"id":"tstop-317","kind":"stop","name":"Галерея «Измайлово»","color":"#B0413E","lineRef":"tram"},"geometry":{"type":"Point","coordinates":[37.77065,55.79012]}},{"type":"Feature","properties":{"id":"tstop-318","kind":"stop","name":"Донской монастырь","color":"#B0413E","lineRef":"tram"},"geometry":{"type":"Point","coordinates":[37.60077,55.7105]}},{"type":"Feature","properties":{"id":"tstop-319","kind":"stop","name":"Белорусский вокзал","color":"#B0413E","lineRef":"tram"},"geometry":{"type":"Point","coordinates":[37.58356,55.77638]}},{"type":"Feature","properties":{"id":"tstop-320","kind":"stop","name":"Панфиловский путепровод","color":"#B0413E","lineRef":"tram"},"geometry":{"type":"Point","coordinates":[37.49106,55.80904]}},{"type":"Feature","properties":{"id":"tstop-321","kind":"stop","name":"Зельев переулок","color":"#B0413E","lineRef":"tram"},"geometry":{"type":"Point","coordinates":[37.72446,55.79761]}},{"type":"Feature","properties":{"id":"tstop-322","kind":"stop","name":"Метро «Белорусская»","color":"#B0413E","lineRef":"tram"},"geometry":{"type":"Point","coordinates":[37.5866,55.7772]}},{"type":"Feature","properties":{"id":"tstop-323","kind":"stop","name":"Stroginskiy Boulevard","color":"#B0413E","lineRef":"tram"},"geometry":{"type":"Point","coordinates":[37.39375,55.80506]}},{"type":"Feature","properties":{"id":"tstop-324","kind":"stop","name":"Детская стоматологическая поликлиника","color":"#B0413E","lineRef":"tram"},"geometry":{"type":"Point","coordinates":[37.59287,55.6165]}},{"type":"Feature","properties":{"id":"tstop-325","kind":"stop","name":"Семёновская площадь","color":"#B0413E","lineRef":"tram"},"geometry":{"type":"Point","coordinates":[37.71864,55.78163]}},{"type":"Feature","properties":{"id":"tstop-326","kind":"stop","name":"Горбатый путепровод","color":"#B0413E","lineRef":"tram"},"geometry":{"type":"Point","coordinates":[37.70885,55.75005]}},{"type":"Feature","properties":{"id":"tstop-327","kind":"stop","name":"Площадь Борьбы","color":"#B0413E","lineRef":"tram"},"geometry":{"type":"Point","coordinates":[37.60493,55.78519]}},{"type":"Feature","properties":{"id":"tstop-328","kind":"stop","name":"МЦД Площадь трёх вокзалов","color":"#B0413E","lineRef":"tram"},"geometry":{"type":"Point","coordinates":[37.65277,55.77469]}},{"type":"Feature","properties":{"id":"tstop-329","kind":"stop","name":"Солдатская улица","color":"#B0413E","lineRef":"tram"},"geometry":{"type":"Point","coordinates":[37.70169,55.76523]}},{"type":"Feature","properties":{"id":"tstop-330","kind":"stop","name":"Денисовский переулок","color":"#B0413E","lineRef":"tram"},"geometry":{"type":"Point","coordinates":[37.67987,55.76661]}},{"type":"Feature","properties":{"id":"badge-m1","kind":"badge","ref":"M1","color":"#E42313","lineRef":"metro"},"geometry":{"type":"Point","coordinates":[37.53791,55.69486]}},{"type":"Feature","properties":{"id":"badge-m2","kind":"badge","ref":"M2","color":"#4FB04F","lineRef":"metro"},"geometry":{"type":"Point","coordinates":[37.64105,55.7281]}},{"type":"Feature","properties":{"id":"badge-m3","kind":"badge","ref":"M3","color":"#0072BA","lineRef":"metro"},"geometry":{"type":"Point","coordinates":[37.5304,55.73561]}},{"type":"Feature","properties":{"id":"badge-m4","kind":"badge","ref":"M4","color":"#1EBCEF","lineRef":"metro"},"geometry":{"type":"Point","coordinates":[37.53073,55.74331]}},{"type":"Feature","properties":{"id":"badge-m4а","kind":"badge","ref":"M4A","color":"#1EBCEF","lineRef":"metro"},"geometry":{"type":"Point","coordinates":[37.56801,55.74456]}},{"type":"Feature","properties":{"id":"badge-m5","kind":"badge","ref":"M5","color":"#A35539","lineRef":"metro"},"geometry":{"type":"Point","coordinates":[37.65764,55.76781]}},{"type":"Feature","properties":{"id":"badge-m6","kind":"badge","ref":"M6","color":"#F07E23","lineRef":"metro"},"geometry":{"type":"Point","coordinates":[37.60706,55.72821]}},{"type":"Feature","properties":{"id":"badge-m7","kind":"badge","ref":"M7","color":"#943E90","lineRef":"metro"},"geometry":{"type":"Point","coordinates":[37.64122,55.75029]}},{"type":"Feature","properties":{"id":"badge-m8","kind":"badge","ref":"M8","color":"#FFCD1C","lineRef":"metro"},"geometry":{"type":"Point","coordinates":[37.7482,55.7574]}},{"type":"Feature","properties":{"id":"badge-m8а","kind":"badge","ref":"M8A","color":"#FFCD1C","lineRef":"metro"},"geometry":{"type":"Point","coordinates":[37.44391,55.66871]}},{"type":"Feature","properties":{"id":"badge-m9","kind":"badge","ref":"M9","color":"#ADACAC","lineRef":"metro"},"geometry":{"type":"Point","coordinates":[37.61401,55.74105]}},{"type":"Feature","properties":{"id":"badge-m10","kind":"badge","ref":"M10","color":"#BED12C","lineRef":"metro"},"geometry":{"type":"Point","coordinates":[37.66504,55.75399]}},{"type":"Feature","properties":{"id":"badge-m11","kind":"badge","ref":"M11","color":"#78C7C9","lineRef":"metro"},"geometry":{"type":"Point","coordinates":[37.72905,55.71087]}},{"type":"Feature","properties":{"id":"badge-m12","kind":"badge","ref":"M12","color":"#bac8e8","lineRef":"metro"},"geometry":{"type":"Point","coordinates":[37.57091,55.56116]}},{"type":"Feature","properties":{"id":"badge-m15","kind":"badge","ref":"M15","color":"#F088B6","lineRef":"metro"},"geometry":{"type":"Point","coordinates":[37.82959,55.70318]}},{"type":"Feature","properties":{"id":"badge-m16","kind":"badge","ref":"M16","color":"#007763","lineRef":"metro"},"geometry":{"type":"Point","coordinates":[37.51172,55.66576]}},{"type":"Feature","properties":{"id":"badge-mcc","kind":"badge","ref":"MCC","color":"#4A7FB5","lineRef":"train"},"geometry":{"type":"Point","coordinates":[37.74295,55.74973]}},{"type":"Feature","properties":{"id":"badge-mcd1","kind":"badge","ref":"D1","color":"#ED9F2D","lineRef":"train"},"geometry":{"type":"Point","coordinates":[37.55627,55.77388]}},{"type":"Feature","properties":{"id":"badge-mcd2","kind":"badge","ref":"D2","color":"#DF477C","lineRef":"train"},"geometry":{"type":"Point","coordinates":[37.53183,55.81551]}},{"type":"Feature","properties":{"id":"badge-mcd3","kind":"badge","ref":"D3","color":"#E15D29","lineRef":"train"},"geometry":{"type":"Point","coordinates":[37.89765,55.6818]}},{"type":"Feature","properties":{"id":"badge-mcd4","kind":"badge","ref":"D4","color":"#3FB485","lineRef":"train"},"geometry":{"type":"Point","coordinates":[37.59383,55.79734]}},{"type":"Feature","properties":{"id":"badge-tram-а","kind":"badge","ref":"A","color":"#B0413E","lineRef":"tram"},"geometry":{"type":"Point","coordinates":[37.69742,55.73426]}},{"type":"Feature","properties":{"id":"badge-tram-1","kind":"badge","ref":"1","color":"#B0413E","lineRef":"tram"},"geometry":{"type":"Point","coordinates":[37.60855,55.65875]}},{"type":"Feature","properties":{"id":"badge-tram-4","kind":"badge","ref":"4","color":"#B0413E","lineRef":"tram"},"geometry":{"type":"Point","coordinates":[37.68442,55.7977]}},{"type":"Feature","properties":{"id":"badge-tram-6","kind":"badge","ref":"6","color":"#B0413E","lineRef":"tram"},"geometry":{"type":"Point","coordinates":[37.50823,55.80609]}},{"type":"Feature","properties":{"id":"badge-tram-7","kind":"badge","ref":"7","color":"#B0413E","lineRef":"tram"},"geometry":{"type":"Point","coordinates":[37.58406,55.77587]}},{"type":"Feature","properties":{"id":"badge-tram-10","kind":"badge","ref":"10","color":"#B0413E","lineRef":"tram"},"geometry":{"type":"Point","coordinates":[37.42601,55.80376]}},{"type":"Feature","properties":{"id":"badge-tram-11","kind":"badge","ref":"11","color":"#B0413E","lineRef":"tram"},"geometry":{"type":"Point","coordinates":[37.71488,55.79227]}},{"type":"Feature","properties":{"id":"badge-tram-13","kind":"badge","ref":"13","color":"#B0413E","lineRef":"tram"},"geometry":{"type":"Point","coordinates":[37.71545,55.79602]}},{"type":"Feature","properties":{"id":"badge-tram-16","kind":"badge","ref":"16","color":"#B0413E","lineRef":"tram"},"geometry":{"type":"Point","coordinates":[37.60549,55.6548]}},{"type":"Feature","properties":{"id":"badge-tram-17","kind":"badge","ref":"17","color":"#B0413E","lineRef":"tram"},"geometry":{"type":"Point","coordinates":[37.6694,55.85173]}},{"type":"Feature","properties":{"id":"badge-tram-21","kind":"badge","ref":"21","color":"#B0413E","lineRef":"tram"},"geometry":{"type":"Point","coordinates":[37.42341,55.80394]}},{"type":"Feature","properties":{"id":"badge-tram-25","kind":"badge","ref":"25","color":"#B0413E","lineRef":"tram"},"geometry":{"type":"Point","coordinates":[37.66541,55.8208]}},{"type":"Feature","properties":{"id":"badge-tram-27","kind":"badge","ref":"27","color":"#B0413E","lineRef":"tram"},"geometry":{"type":"Point","coordinates":[37.5381,55.83663]}},{"type":"Feature","properties":{"id":"badge-tram-39","kind":"badge","ref":"39","color":"#B0413E","lineRef":"tram"},"geometry":{"type":"Point","coordinates":[37.61523,55.71174]}},{"type":"Feature","properties":{"id":"badge-tram-43","kind":"badge","ref":"43","color":"#B0413E","lineRef":"tram"},"geometry":{"type":"Point","coordinates":[37.664,55.72451]}},{"type":"Feature","properties":{"id":"badge-tram-46","kind":"badge","ref":"46","color":"#B0413E","lineRef":"tram"},"geometry":{"type":"Point","coordinates":[37.69717,55.73403]}},{"type":"Feature","properties":{"id":"badge-tram-49","kind":"badge","ref":"49","color":"#B0413E","lineRef":"tram"},"geometry":{"type":"Point","coordinates":[37.64819,55.6787]}},{"type":"Feature","properties":{"id":"hub-0","kind":"hub","name":"Komsomolskaya","subKey":"mo.hub.komsomolskaya","lab":1},"geometry":{"type":"Point","coordinates":[37.656,55.7757]}},{"type":"Feature","properties":{"id":"hub-1","kind":"hub","name":"Okhotnyy Ryad","subKey":"mo.hub.okhotnyryad","lab":1},"geometry":{"type":"Point","coordinates":[37.6175,55.757]}},{"type":"Feature","properties":{"id":"hub-2","kind":"hub","name":"Kievskaya","subKey":"mo.hub.kievskaya","lab":1},"geometry":{"type":"Point","coordinates":[37.5665,55.7434]}},{"type":"Feature","properties":{"id":"hub-3","kind":"hub","name":"Belorusskaya","subKey":"mo.hub.belorusskaya","lab":1},"geometry":{"type":"Point","coordinates":[37.5817,55.7767]}},{"type":"Feature","properties":{"id":"hub-4","kind":"hub","name":"Paveletskaya","subKey":"mo.hub.paveletskaya","lab":1},"geometry":{"type":"Point","coordinates":[37.6389,55.73]}},{"type":"Feature","properties":{"id":"hub-5","kind":"hub","name":"Kurskaya","subKey":"mo.hub.kurskaya","lab":1},"geometry":{"type":"Point","coordinates":[37.6603,55.7576]}},{"type":"Feature","properties":{"id":"hub-6","kind":"hub","name":"Taganskaya","subKey":"mo.hub.taganskaya","lab":1},"geometry":{"type":"Point","coordinates":[37.6533,55.7405]}},{"type":"Feature","properties":{"id":"hub-7","kind":"hub","name":"Park Kultury","subKey":"mo.hub.parkkultury","lab":1},"geometry":{"type":"Point","coordinates":[37.594,55.7355]}},{"type":"Feature","properties":{"id":"hub-8","kind":"hub","name":"Prospekt Mira","subKey":"mo.hub.prospektmira","lab":1},"geometry":{"type":"Point","coordinates":[37.633,55.78]}},{"type":"Feature","properties":{"id":"hub-9","kind":"hub","name":"Delovoy Tsentr","subKey":"mo.hub.delovoytsentr","lab":1},"geometry":{"type":"Point","coordinates":[37.537,55.749]}},{"type":"Feature","properties":{"id":"hub-10","kind":"hub","name":"Nizhegorodskaya","subKey":"mo.hub.nizhegorodskaya","lab":1},"geometry":{"type":"Point","coordinates":[37.743,55.726]}},{"type":"Feature","properties":{"id":"hub-11","kind":"hub","name":"Savyolovskaya","subKey":"mo.hub.savyolovskaya","lab":1},"geometry":{"type":"Point","coordinates":[37.5885,55.7942]}}]}