{"type":"FeatureCollection","features":[{"type":"Feature","properties":{"id":"dogal-0","kind":"district","btype":"dogal","name":"Rouge National Urban Park","lab":1},"geometry":{"type":"MultiPolygon","coordinates":[[[[-79.12258,43.79543],[-79.12821,43.7947],[-79.12988,43.79518],[-79.13102,43.79639],[-79.13059,43.79821],[-79.13102,43.79993],[-79.13198,43.80049],[-79.1364,43.80003],[-79.13914,43.80035],[-79.13452,43.8038],[-79.13573,43.80485],[-79.13481,43.80556],[-79.13517,43.80571],[-79.14183,43.80185],[-79.14323,43.80374],[-79.14499,43.80234],[-79.14646,43.80173],[-79.14836,43.80166],[-79.14908,43.80192],[-79.15045,43.80345],[-79.1531,43.80266],[-79.15584,43.80525],[-79.15739,43.80566],[-79.15857,43.80749],[-79.16178,43.80678],[-79.1659,43.80913],[-79.16558,43.80944],[-79.16618,43.80983],[-79.16899,43.80993],[-79.17192,43.81206],[-79.17274,43.81148],[-79.17405,43.81308],[-79.17436,43.81709],[-79.17718,43.82293],[-79.17543,43.82513],[-79.17647,43.82711],[-79.17873,43.82662],[-79.17907,43.82749],[-79.19319,43.82444],[-79.19378,43.82493],[-79.19591,43.82522],[-79.19677,43.82577],[-79.19933,43.82552],[-79.19928,43.82443],[-79.1934,43.80963],[-79.20242,43.81142],[-79.20433,43.81253],[-79.20499,43.8139],[-79.20327,43.8143],[-79.20283,43.81336],[-79.20147,43.81274],[-79.19813,43.81276],[-79.19836,43.81622],[-79.19887,43.8178],[-79.20271,43.82422],[-79.20462,43.82405],[-79.20654,43.82275],[-79.21361,43.82605],[-79.21467,43.82619],[-79.21575,43.82545],[-79.21947,43.82594],[-79.22015,43.82659],[-79.21982,43.82884],[-79.2231,43.82972],[-79.22343,43.83027],[-79.22192,43.8306],[-79.22079,43.83142],[-79.21868,43.83173],[-79.22122,43.83782],[-79.22396,43.84302],[-79.23229,43.8412],[-79.23273,43.84222],[-79.22792,43.84629],[-79.20299,43.87749],[-79.2045,43.87707],[-79.20672,43.88034],[-79.2081,43.88473],[-79.21023,43.88376],[-79.21303,43.8958],[-79.21513,43.89893],[-79.21715,43.90085],[-79.21455,43.90178],[-79.21618,43.90364],[-79.21658,43.90476],[-79.21629,43.90924],[-79.23022,43.90612],[-79.22985,43.90438],[-79.24049,43.90539],[-79.24191,43.90804],[-79.24832,43.93397],[-79.26046,43.9312],[-79.26129,43.93447],[-79.25427,43.93613],[-79.25585,43.93962],[-79.26218,43.9383],[-79.2636,43.94341],[-79.2651,43.94312],[-79.26664,43.94859],[-79.25316,43.95172],[-79.25288,43.95056],[-79.24995,43.95121],[-79.25054,43.9554],[-79.24557,43.9565],[-79.24457,43.95249],[-79.21584,43.95886],[-79.21703,43.96196],[-79.21294,43.96281],[-79.21386,43.96498],[-79.20882,43.9661],[-79.20798,43.96409],[-79.20268,43.96521],[-79.2062,43.97386],[-79.20049,43.97514],[-79.2038,43.9823],[-79.21113,43.98051],[-79.21558,43.99083],[-79.19774,43.9951],[-79.19638,43.99184],[-79.19219,43.99275],[-79.19068,43.98932],[-79.18497,43.9906],[-79.18182,43.98362],[-79.17473,43.98522],[-79.173,43.98144],[-79.15635,43.98542],[-79.15606,43.98479],[-79.15558,43.98496],[-79.15502,43.98368],[-79.15203,43.98462],[-79.15263,43.98614],[-79.15231,43.98624],[-79.14934,43.97799],[-79.15417,43.97693],[-79.15251,43.97328],[-79.15753,43.97219],[-79.15682,43.97058],[-79.16197,43.96948],[-79.16004,43.96513],[-79.1747,43.96206],[-79.17101,43.95353],[-79.17647,43.95242],[-79.17526,43.94961],[-79.18001,43.94879],[-79.17739,43.94316],[-79.19208,43.93986],[-79.18796,43.93057],[-79.19745,43.92837],[-79.19328,43.91908],[-79.19865,43.91776],[-79.16075,43.83417],[-79.15036,43.83586],[-79.14996,43.83508],[-79.15257,43.83407],[-79.15247,43.83373],[-79.15422,43.83335],[-79.15374,43.83214],[-79.15156,43.83248],[-79.15101,43.83117],[-79.15308,43.83072],[-79.15258,43.82876],[-79.1501,43.82913],[-79.14988,43.8286],[-79.1524,43.8281],[-79.15209,43.82678],[-79.1563,43.82419],[-79.15556,43.82262],[-79.15441,43.82317],[-79.15368,43.82178],[-79.15484,43.82139],[-79.15362,43.81899],[-79.15314,43.81908],[-79.15269,43.818],[-79.15065,43.81685],[-79.14885,43.81477],[-79.14657,43.81337],[-79.14325,43.81266],[-79.14097,43.81318],[-79.13956,43.81159],[-79.13676,43.81033],[-79.13582,43.80891],[-79.13388,43.80802],[-79.13337,43.80715],[-79.13232,43.80655],[-79.13361,43.80549],[-79.1329,43.80473],[-79.13166,43.80455],[-79.12874,43.80234],[-79.12703,43.80199],[-79.12618,43.80088],[-79.12468,43.80078],[-79.12368,43.79953],[-79.12386,43.79803],[-79.12347,43.79775],[-79.12276,43.79793],[-79.12247,43.7986],[-79.12003,43.79875],[-79.11909,43.7978],[-79.11882,43.79526],[-79.11774,43.79494],[-79.11661,43.79672],[-79.11653,43.79584],[-79.11476,43.79496],[-79.11665,43.79419],[-79.11854,43.79278],[-79.1212,43.78976],[-79.12186,43.79004],[-79.12137,43.79072],[-79.12301,43.79123],[-79.12382,43.79229],[-79.12375,43.79372],[-79.1235,43.79433],[-79.12247,43.79501],[-79.12258,43.79543]]]]}},{"type":"Feature","properties":{"id":"dogal-lab-0","kind":"district-label","btype":"dogal","name":"Rouge National Urban Park"},"geometry":{"type":"Point","coordinates":[-79.19869,43.90146]}},{"type":"Feature","properties":{"id":"dogal-1","kind":"district","btype":"dogal","name":"Kortright Centre for Conservation","lab":1},"geometry":{"type":"MultiPolygon","coordinates":[[[[-79.58731,43.8392],[-79.59251,43.83769],[-79.61257,43.83346],[-79.61198,43.83186],[-79.611,43.83191],[-79.60966,43.8313],[-79.60795,43.82499],[-79.60828,43.82481],[-79.60597,43.82107],[-79.60294,43.81901],[-79.60146,43.81958],[-79.60091,43.82031],[-79.5995,43.81898],[-79.59742,43.81788],[-79.59607,43.81815],[-79.59622,43.81858],[-79.59487,43.81886],[-79.59478,43.81839],[-79.58259,43.82114],[-79.58284,43.82203],[-79.5825,43.82208],[-79.58613,43.83849],[-79.58704,43.83839],[-79.58731,43.8392]]]]}},{"type":"Feature","properties":{"id":"dogal-lab-1","kind":"district-label","btype":"dogal","name":"Kortright Centre for Conservation"},"geometry":{"type":"Point","coordinates":[-79.59591,43.82819]}},{"type":"Feature","properties":{"id":"dogal-2","kind":"district","btype":"dogal","name":"North Maple Regional Park","lab":1},"geometry":{"type":"MultiPolygon","coordinates":[[[[-79.51359,43.87836],[-79.51441,43.88002],[-79.51767,43.87948],[-79.51822,43.8816],[-79.51665,43.8819],[-79.51758,43.88504],[-79.50948,43.88694],[-79.50624,43.88713],[-79.50456,43.88065],[-79.50071,43.87984],[-79.49895,43.87326],[-79.4958,43.87121],[-79.49436,43.87153],[-79.49307,43.87125],[-79.49241,43.86705],[-79.50351,43.86526],[-79.50679,43.86855],[-79.50798,43.86849],[-79.50913,43.87163],[-79.50765,43.8719],[-79.50866,43.87527],[-79.5103,43.875],[-79.51121,43.87805],[-79.51175,43.87851],[-79.51359,43.87836]]]]}},{"type":"Feature","properties":{"id":"dogal-lab-2","kind":"district-label","btype":"dogal","name":"North Maple Regional Park"},"geometry":{"type":"Point","coordinates":[-79.50544,43.87601]}},{"type":"Feature","properties":{"id":"dogal-3","kind":"district","btype":"dogal","name":"Sunnybrook Park","lab":1},"geometry":{"type":"MultiPolygon","coordinates":[[[[-79.35275,43.72859],[-79.34987,43.72597],[-79.34898,43.72431],[-79.349,43.72307],[-79.35049,43.71885],[-79.35045,43.71711],[-79.354,43.71603],[-79.35435,43.71612],[-79.35446,43.71737],[-79.35741,43.71742],[-79.35859,43.71769],[-79.35886,43.7181],[-79.35971,43.71801],[-79.35926,43.71915],[-79.36141,43.71881],[-79.36242,43.71821],[-79.36302,43.7193],[-79.36774,43.72034],[-79.37006,43.71958],[-79.37294,43.71958],[-79.37441,43.71891],[-79.37607,43.71919],[-79.37828,43.71835],[-79.37863,43.72021],[-79.37293,43.72085],[-79.37265,43.72118],[-79.37238,43.7208],[-79.37092,43.7208],[-79.36821,43.72188],[-79.36843,43.72242],[-79.37182,43.72244],[-79.37219,43.72317],[-79.37004,43.72402],[-79.37012,43.72439],[-79.37286,43.72461],[-79.37481,43.72609],[-79.37506,43.72658],[-79.37376,43.72685],[-79.37452,43.7278],[-79.37415,43.72872],[-79.37564,43.7302],[-79.37611,43.73122],[-79.38124,43.73002],[-79.38087,43.73179],[-79.37939,43.7316],[-79.37685,43.73197],[-79.37697,43.73243],[-79.378,43.73238],[-79.37815,43.73319],[-79.37979,43.73415],[-79.38045,43.73581],[-79.37972,43.73586],[-79.37575,43.73228],[-79.3741,43.73238],[-79.37393,43.7321],[-79.37436,43.73202],[-79.3745,43.73141],[-79.37247,43.72979],[-79.3697,43.72832],[-79.36634,43.72781],[-79.36558,43.72835],[-79.36536,43.72699],[-79.36434,43.72499],[-79.35458,43.72708],[-79.35483,43.7283],[-79.35275,43.72859]]]]}},{"type":"Feature","properties":{"id":"dogal-lab-3","kind":"district-label","btype":"dogal","name":"Sunnybrook Park"},"geometry":{"type":"Point","coordinates":[-79.36252,43.72362]}},{"type":"Feature","properties":{"id":"dogal-4","kind":"district","btype":"dogal","name":"Morningside Park","lab":1},"geometry":{"type":"MultiPolygon","coordinates":[[[[-79.2103,43.77779],[-79.21147,43.77891],[-79.2137,43.77887],[-79.21413,43.77912],[-79.21404,43.77981],[-79.21293,43.78064],[-79.20708,43.78189],[-79.20561,43.77863],[-79.20203,43.77906],[-79.2033,43.78018],[-79.2022,43.78045],[-79.20312,43.7829],[-79.19349,43.78493],[-79.19099,43.77887],[-79.19184,43.77807],[-79.19167,43.77755],[-79.19056,43.77786],[-79.19034,43.77733],[-79.19382,43.77601],[-79.19474,43.77504],[-79.19671,43.77485],[-79.19666,43.77384],[-79.19722,43.77348],[-79.19746,43.77259],[-79.19734,43.76941],[-79.19775,43.76934],[-79.19812,43.76764],[-79.2,43.76715],[-79.20052,43.76543],[-79.20361,43.7647],[-79.20454,43.76612],[-79.20409,43.767],[-79.20537,43.76815],[-79.20614,43.7699],[-79.20654,43.76987],[-79.20677,43.77039],[-79.20566,43.77076],[-79.20745,43.77231],[-79.20562,43.77148],[-79.20462,43.77034],[-79.20316,43.77022],[-79.20148,43.77043],[-79.20115,43.77173],[-79.20056,43.77204],[-79.2016,43.77251],[-79.20345,43.7723],[-79.20517,43.77369],[-79.20464,43.77424],[-79.20518,43.77595],[-79.20793,43.77611],[-79.20881,43.77708],[-79.20953,43.77716],[-79.20921,43.7776],[-79.2103,43.77779]]]]}},{"type":"Feature","properties":{"id":"dogal-lab-4","kind":"district-label","btype":"dogal","name":"Morningside Park"},"geometry":{"type":"Point","coordinates":[-79.20061,43.77647]}},{"type":"Feature","properties":{"id":"dogal-5","kind":"district","btype":"dogal","name":"High Park","lab":1},"geometry":{"type":"MultiPolygon","coordinates":[[[[-79.47004,43.65239],[-79.46945,43.651],[-79.46997,43.65015],[-79.47074,43.6499],[-79.47115,43.6485],[-79.47065,43.64637],[-79.47104,43.64589],[-79.46989,43.64426],[-79.47056,43.6441],[-79.46984,43.64301],[-79.46775,43.64027],[-79.46664,43.63947],[-79.46744,43.63903],[-79.46655,43.638],[-79.45989,43.63971],[-79.45431,43.63989],[-79.46007,43.65451],[-79.47004,43.65239]]]]}},{"type":"Feature","properties":{"id":"dogal-lab-5","kind":"district-label","btype":"dogal","name":"High Park"},"geometry":{"type":"Point","coordinates":[-79.46336,43.64605]}},{"type":"Feature","properties":{"id":"dogal-6","kind":"district","btype":"dogal","name":"Cold Creek Conservation Area","lab":1},"geometry":{"type":"MultiPolygon","coordinates":[[[[-79.70753,43.91992],[-79.69566,43.92265],[-79.69194,43.90752],[-79.69889,43.90581],[-79.70322,43.90542],[-79.70753,43.91992]]]]}},{"type":"Feature","properties":{"id":"dogal-lab-6","kind":"district-label","btype":"dogal","name":"Cold Creek Conservation Area"},"geometry":{"type":"Point","coordinates":[-79.69956,43.91386]}},{"type":"Feature","properties":{"id":"dogal-7","kind":"district","btype":"dogal","name":"West Humber Parkland","lab":1},"geometry":{"type":"MultiPolygon","coordinates":[[[[-79.56559,43.74683],[-79.56529,43.74612],[-79.56217,43.74504],[-79.56061,43.74308],[-79.55394,43.74472],[-79.5549,43.74608],[-79.55586,43.74642],[-79.55504,43.74722],[-79.55413,43.74717],[-79.55324,43.74606],[-79.55007,43.7446],[-79.54842,43.74577],[-79.54884,43.74419],[-79.54638,43.74318],[-79.5455,43.74342],[-79.54553,43.7443],[-79.54481,43.74579],[-79.54315,43.74615],[-79.54237,43.74736],[-79.54255,43.74779],[-79.5417,43.74817],[-79.54137,43.74637],[-79.54908,43.73505],[-79.5454,43.73394],[-79.54425,43.73426],[-79.54372,43.73499],[-79.54301,43.73444],[-79.54355,43.73353],[-79.5443,43.73356],[-79.54477,43.73301],[-79.54373,43.73221],[-79.54205,43.73192],[-79.53804,43.73245],[-79.53752,43.73143],[-79.53802,43.73133],[-79.53703,43.72934],[-79.53719,43.72869],[-79.53656,43.72683],[-79.53673,43.72583],[-79.53735,43.72475],[-79.53896,43.72431],[-79.53937,43.72361],[-79.54092,43.72335],[-79.54076,43.72254],[-79.54252,43.72092],[-79.54157,43.72096],[-79.54188,43.71915],[-79.54398,43.72038],[-79.54283,43.72282],[-79.54297,43.72325],[-79.54396,43.72369],[-79.54079,43.72425],[-79.54125,43.72538],[-79.54095,43.72584],[-79.53823,43.72676],[-79.53808,43.72748],[-79.53872,43.72888],[-79.53844,43.73185],[-79.53963,43.73203],[-79.53943,43.73092],[-79.54038,43.72968],[-79.54107,43.72963],[-79.54353,43.7301],[-79.54473,43.73087],[-79.54375,43.73178],[-79.54415,43.73249],[-79.5473,43.73195],[-79.54925,43.73333],[-79.5502,43.73339],[-79.55346,43.72894],[-79.55487,43.73207],[-79.55428,43.73216],[-79.55426,43.73171],[-79.55274,43.73207],[-79.55201,43.73312],[-79.55419,43.73265],[-79.55412,43.7331],[-79.55222,43.73349],[-79.55242,43.73538],[-79.55283,43.73544],[-79.55243,43.73543],[-79.55212,43.73635],[-79.55158,43.73627],[-79.55177,43.73664],[-79.55119,43.73645],[-79.55103,43.73713],[-79.55166,43.73724],[-79.55217,43.73846],[-79.55096,43.73956],[-79.55156,43.73977],[-79.55093,43.73962],[-79.54969,43.74045],[-79.55036,43.74077],[-79.54984,43.74063],[-79.54903,43.74151],[-79.55032,43.74182],[-79.55181,43.74345],[-79.55235,43.74291],[-79.55222,43.74346],[-79.5565,43.74249],[-79.55634,43.74117],[-79.5585,43.74066],[-79.5592,43.73992],[-79.56137,43.73988],[-79.56286,43.74059],[-79.56418,43.74029],[-79.5643,43.74103],[-79.56498,43.74152],[-79.56545,43.74126],[-79.56616,43.74191],[-79.56716,43.74167],[-79.56735,43.74207],[-79.56572,43.74247],[-79.56622,43.74409],[-79.56743,43.74491],[-79.56827,43.74472],[-79.56837,43.74599],[-79.56559,43.74683]]]]}},{"type":"Feature","properties":{"id":"dogal-lab-7","kind":"district-label","btype":"dogal","name":"West Humber Parkland"},"geometry":{"type":"Point","coordinates":[-79.5506,43.73769]}},{"type":"Feature","properties":{"id":"dogal-8","kind":"district","btype":"dogal","name":"G. Ross Lord Park","lab":1},"geometry":{"type":"MultiPolygon","coordinates":[[[[-79.45515,43.77159],[-79.46665,43.76901],[-79.46927,43.77981],[-79.46334,43.78103],[-79.46396,43.7827],[-79.46466,43.78326],[-79.46733,43.78294],[-79.46834,43.78325],[-79.46885,43.78392],[-79.46872,43.78594],[-79.46743,43.78597],[-79.46688,43.78654],[-79.46728,43.78766],[-79.46617,43.78785],[-79.46555,43.78653],[-79.46571,43.78577],[-79.46708,43.7844],[-79.46457,43.78458],[-79.46341,43.78425],[-79.46255,43.78383],[-79.46262,43.78321],[-79.46207,43.78357],[-79.46133,43.78312],[-79.46091,43.78165],[-79.45787,43.78198],[-79.45678,43.78054],[-79.45406,43.78117],[-79.45264,43.78192],[-79.45276,43.78242],[-79.45389,43.78216],[-79.45744,43.78409],[-79.45879,43.78342],[-79.4593,43.78376],[-79.4587,43.78477],[-79.4582,43.78479],[-79.45819,43.78629],[-79.45872,43.78759],[-79.45722,43.78788],[-79.45655,43.78634],[-79.45682,43.78589],[-79.4555,43.78433],[-79.45199,43.78337],[-79.45128,43.78258],[-79.45057,43.78274],[-79.45048,43.78198],[-79.45396,43.77794],[-79.45485,43.77845],[-79.45573,43.77772],[-79.45709,43.77765],[-79.45756,43.77635],[-79.46288,43.77404],[-79.46208,43.77413],[-79.46186,43.77379],[-79.45954,43.77425],[-79.45918,43.77337],[-79.45947,43.77294],[-79.45873,43.77214],[-79.45588,43.77239],[-79.45515,43.77159]]]]}},{"type":"Feature","properties":{"id":"dogal-lab-8","kind":"district-label","btype":"dogal","name":"G. Ross Lord Park"},"geometry":{"type":"Point","coordinates":[-79.46168,43.77802]}},{"type":"Feature","properties":{"id":"dogal-9","kind":"district","btype":"dogal","name":"Highland Creek Ravine","lab":1},"geometry":{"type":"MultiPolygon","coordinates":[[[[-79.17193,43.76726],[-79.17329,43.76697],[-79.17319,43.76667],[-79.17446,43.76661],[-79.17306,43.76628],[-79.17276,43.76558],[-79.17094,43.766],[-79.16644,43.76602],[-79.16279,43.76707],[-79.16223,43.76755],[-79.15185,43.76798],[-79.1509,43.76899],[-79.14792,43.76962],[-79.14687,43.76915],[-79.14623,43.76824],[-79.14593,43.76773],[-79.14632,43.76703],[-79.1454,43.76729],[-79.14508,43.76655],[-79.13875,43.77081],[-79.14127,43.77233],[-79.14101,43.77256],[-79.14171,43.77255],[-79.1422,43.77324],[-79.14506,43.77366],[-79.14543,43.77428],[-79.14798,43.77581],[-79.14861,43.77668],[-79.1498,43.7765],[-79.14941,43.7757],[-79.14755,43.77487],[-79.1459,43.77331],[-79.1428,43.77245],[-79.14305,43.77126],[-79.14528,43.77164],[-79.14577,43.77233],[-79.14831,43.77327],[-79.15127,43.77229],[-79.15436,43.77406],[-79.15517,43.77519],[-79.15655,43.7749],[-79.15773,43.77643],[-79.16217,43.77845],[-79.16242,43.77924],[-79.16356,43.77986],[-79.16469,43.77971],[-79.16545,43.78033],[-79.16781,43.78089],[-79.16798,43.78055],[-79.17289,43.78099],[-79.17448,43.78068],[-79.17586,43.77974],[-79.17878,43.77735],[-79.17848,43.77667],[-79.17644,43.77797],[-79.1744,43.7777],[-79.17246,43.77869],[-79.17197,43.77868],[-79.17143,43.77746],[-79.16798,43.77827],[-79.16745,43.77749],[-79.16551,43.7762],[-79.16417,43.776],[-79.16288,43.77638],[-79.16114,43.77341],[-79.15943,43.77312],[-79.15856,43.77205],[-79.15456,43.77123],[-79.15442,43.7703],[-79.15832,43.77111],[-79.15989,43.7709],[-79.15978,43.77063],[-79.15784,43.77074],[-79.15408,43.76916],[-79.1546,43.7688],[-79.16272,43.768],[-79.16411,43.7672],[-79.16835,43.76625],[-79.17079,43.76626],[-79.17193,43.76726]]]]}},{"type":"Feature","properties":{"id":"dogal-lab-9","kind":"district-label","btype":"dogal","name":"Highland Creek Ravine"},"geometry":{"type":"Point","coordinates":[-79.15726,43.77354]}},{"type":"Feature","properties":{"id":"dogal-10","kind":"district","btype":"dogal","name":"Centennial Park","lab":1},"geometry":{"type":"MultiPolygon","coordinates":[[[[-79.59413,43.64541],[-79.59033,43.64554],[-79.58757,43.64721],[-79.58834,43.64781],[-79.5879,43.64816],[-79.58704,43.64753],[-79.58424,43.64922],[-79.58559,43.65036],[-79.58183,43.65191],[-79.58333,43.65498],[-79.58488,43.6568],[-79.58844,43.65941],[-79.58903,43.65939],[-79.59199,43.66138],[-79.59807,43.65576],[-79.59389,43.65249],[-79.59398,43.65151],[-79.59536,43.65018],[-79.59653,43.64824],[-79.59645,43.64716],[-79.59558,43.64625],[-79.59569,43.64594],[-79.59413,43.64541]]]]}},{"type":"Feature","properties":{"id":"dogal-lab-10","kind":"district-label","btype":"dogal","name":"Centennial Park"},"geometry":{"type":"Point","coordinates":[-79.59033,43.65298]}},{"type":"Feature","properties":{"id":"dogal-11","kind":"district","btype":"dogal","name":"Boyd Conservation Area","lab":1},"geometry":{"type":"MultiPolygon","coordinates":[[[[-79.59386,43.81319],[-79.59341,43.81444],[-79.59013,43.81539],[-79.59153,43.81869],[-79.58557,43.82038],[-79.58242,43.82075],[-79.57888,43.80627],[-79.58251,43.80553],[-79.58218,43.80393],[-79.58482,43.80355],[-79.58846,43.80957],[-79.59386,43.81319]]]]}},{"type":"Feature","properties":{"id":"dogal-lab-11","kind":"district-label","btype":"dogal","name":"Boyd Conservation Area"},"geometry":{"type":"Point","coordinates":[-79.58545,43.81272]}},{"type":"Feature","properties":{"id":"dogal-12","kind":"district","btype":"dogal","name":"Earl Bales Park","lab":1},"geometry":{"type":"MultiPolygon","coordinates":[[[[-79.40965,43.75391],[-79.41249,43.75354],[-79.41176,43.75314],[-79.41368,43.75266],[-79.4142,43.75379],[-79.41328,43.75404],[-79.41339,43.75426],[-79.41423,43.75405],[-79.41628,43.7547],[-79.41748,43.75558],[-79.41649,43.75468],[-79.41743,43.75449],[-79.41871,43.75508],[-79.41926,43.7549],[-79.41614,43.75398],[-79.41552,43.75356],[-79.41532,43.7528],[-79.41827,43.75256],[-79.41808,43.75222],[-79.41905,43.75203],[-79.4188,43.75167],[-79.41931,43.75085],[-79.42036,43.75076],[-79.42073,43.75097],[-79.42073,43.75157],[-79.42133,43.75155],[-79.42178,43.75218],[-79.42583,43.75446],[-79.42755,43.75487],[-79.42842,43.75747],[-79.43402,43.75627],[-79.43376,43.75582],[-79.43678,43.7551],[-79.43651,43.7544],[-79.43792,43.75406],[-79.43654,43.74832],[-79.43569,43.74848],[-79.42982,43.74733],[-79.42926,43.74694],[-79.4302,43.74599],[-79.43009,43.7452],[-79.4296,43.74504],[-79.42862,43.74617],[-79.42249,43.74743],[-79.42065,43.74692],[-79.41893,43.74742],[-79.41747,43.74718],[-79.41755,43.74839],[-79.42042,43.74804],[-79.42281,43.74862],[-79.42412,43.74985],[-79.42462,43.74989],[-79.42472,43.75025],[-79.42413,43.7504],[-79.42456,43.75072],[-79.42213,43.75097],[-79.41993,43.74991],[-79.41857,43.74998],[-79.41602,43.7516],[-79.41255,43.75142],[-79.41033,43.75289],[-79.40965,43.75391]]]]}},{"type":"Feature","properties":{"id":"dogal-lab-12","kind":"district-label","btype":"dogal","name":"Earl Bales Park"},"geometry":{"type":"Point","coordinates":[-79.42771,43.75148]}},{"type":"Feature","properties":{"id":"dogal-13","kind":"district","btype":"dogal","name":"Milne Dam Conservation Park","lab":1},"geometry":{"type":"MultiPolygon","coordinates":[[[[-79.28295,43.86144],[-79.28359,43.86393],[-79.2807,43.86441],[-79.28072,43.86507],[-79.27966,43.86529],[-79.27921,43.86471],[-79.27042,43.86672],[-79.27057,43.86779],[-79.26922,43.8681],[-79.26865,43.86715],[-79.26308,43.86848],[-79.26306,43.86994],[-79.26024,43.87118],[-79.26115,43.87279],[-79.25982,43.87293],[-79.2587,43.86853],[-79.25961,43.86863],[-79.26031,43.86804],[-79.25817,43.86639],[-79.2581,43.86584],[-79.26374,43.86457],[-79.26346,43.86356],[-79.2659,43.86317],[-79.26573,43.86208],[-79.26941,43.86119],[-79.26902,43.85937],[-79.27543,43.85793],[-79.27592,43.85955],[-79.2793,43.86023],[-79.27977,43.86168],[-79.28295,43.86144]]]]}},{"type":"Feature","properties":{"id":"dogal-lab-13","kind":"district-label","btype":"dogal","name":"Milne Dam Conservation Park"},"geometry":{"type":"Point","coordinates":[-79.27043,43.86417]}},{"type":"Feature","properties":{"id":"dogal-14","kind":"district","btype":"dogal","name":"E. T. Seton Park","lab":1},"geometry":{"type":"MultiPolygon","coordinates":[[[[-79.33915,43.7047],[-79.34061,43.7057],[-79.34049,43.70673],[-79.33947,43.70753],[-79.33894,43.70852],[-79.33937,43.70934],[-79.34287,43.70997],[-79.34834,43.70877],[-79.35076,43.70919],[-79.34971,43.71099],[-79.34924,43.70982],[-79.34765,43.7106],[-79.3413,43.71142],[-79.3412,43.71171],[-79.3425,43.71188],[-79.34279,43.71261],[-79.34415,43.71313],[-79.34494,43.71398],[-79.34691,43.71469],[-79.34915,43.71467],[-79.35117,43.71409],[-79.35254,43.71432],[-79.35373,43.71542],[-79.35297,43.71558],[-79.35315,43.71592],[-79.34577,43.71816],[-79.34419,43.71779],[-79.34384,43.71804],[-79.34406,43.71868],[-79.34096,43.71962],[-79.3403,43.71834],[-79.33973,43.71845],[-79.33943,43.71731],[-79.34154,43.71512],[-79.34116,43.71443],[-79.33982,43.71364],[-79.33646,43.71428],[-79.33528,43.71163],[-79.33641,43.71168],[-79.33768,43.71104],[-79.33646,43.71025],[-79.33657,43.70915],[-79.33515,43.70823],[-79.33536,43.70703],[-79.33507,43.7067],[-79.33379,43.70696],[-79.33402,43.70541],[-79.34182,43.69977],[-79.34302,43.69935],[-79.345,43.69926],[-79.34863,43.70029],[-79.3507,43.70016],[-79.35124,43.70092],[-79.34629,43.70226],[-79.34507,43.70012],[-79.34222,43.70024],[-79.34184,43.70046],[-79.3413,43.70232],[-79.33958,43.70329],[-79.33969,43.70405],[-79.33915,43.7047]]]]}},{"type":"Feature","properties":{"id":"dogal-lab-14","kind":"district-label","btype":"dogal","name":"E. T. Seton Park"},"geometry":{"type":"Point","coordinates":[-79.34239,43.71048]}},{"type":"Feature","properties":{"id":"dogal-15","kind":"district","btype":"dogal","name":"Humber Arboretum","lab":1},"geometry":{"type":"MultiPolygon","coordinates":[[[[-79.60328,43.72469],[-79.60453,43.72429],[-79.6047,43.72336],[-79.60408,43.72234],[-79.60318,43.72255],[-79.60353,43.72073],[-79.60552,43.71985],[-79.60698,43.72013],[-79.60778,43.72131],[-79.611,43.72187],[-79.61092,43.7216],[-79.61129,43.72161],[-79.61483,43.72393],[-79.6154,43.72536],[-79.61838,43.72442],[-79.61915,43.72432],[-79.6203,43.72484],[-79.62093,43.72464],[-79.62201,43.72625],[-79.62179,43.72721],[-79.61882,43.72803],[-79.61776,43.72935],[-79.61954,43.73059],[-79.62481,43.73175],[-79.62502,43.73277],[-79.62574,43.73256],[-79.6251,43.73357],[-79.62539,43.73431],[-79.62248,43.73494],[-79.62211,43.73314],[-79.62061,43.73253],[-79.62004,43.73271],[-79.62012,43.73219],[-79.61628,43.73086],[-79.61394,43.73114],[-79.6107,43.73013],[-79.60965,43.7276],[-79.60898,43.7267],[-79.60757,43.72602],[-79.6074,43.72522],[-79.60427,43.72674],[-79.60271,43.72868],[-79.6014,43.72924],[-79.59979,43.72563],[-79.60122,43.72604],[-79.60342,43.7253],[-79.60395,43.725],[-79.60387,43.72466],[-79.60328,43.72469]]]]}},{"type":"Feature","properties":{"id":"dogal-lab-15","kind":"district-label","btype":"dogal","name":"Humber Arboretum"},"geometry":{"type":"Point","coordinates":[-79.61265,43.72669]}},{"type":"Feature","properties":{"id":"dogal-16","kind":"district","btype":"dogal","name":"Toronto Island Park","lab":1},"geometry":{"type":"MultiPolygon","coordinates":[[[[-79.39426,43.61969],[-79.40385,43.62653],[-79.40229,43.62688],[-79.39884,43.62437],[-79.39704,43.62545],[-79.39355,43.62222],[-79.39207,43.62212],[-79.39133,43.62825],[-79.38942,43.62894],[-79.3892,43.62813],[-79.38877,43.62827],[-79.38906,43.62795],[-79.38863,43.62809],[-79.38895,43.62772],[-79.38855,43.62786],[-79.38965,43.62674],[-79.38898,43.6244],[-79.38998,43.62343],[-79.39035,43.61822],[-79.38952,43.61657],[-79.38724,43.61586],[-79.387,43.61487],[-79.38932,43.61504],[-79.38947,43.61442],[-79.38842,43.61407],[-79.38809,43.61349],[-79.38748,43.61342],[-79.38651,43.61409],[-79.38682,43.61462],[-79.38633,43.61417],[-79.38241,43.61324],[-79.38175,43.61385],[-79.37962,43.61415],[-79.38015,43.61606],[-79.37769,43.61674],[-79.37702,43.61833],[-79.3748,43.6185],[-79.37359,43.61909],[-79.37146,43.6186],[-79.37016,43.6191],[-79.36985,43.61937],[-79.37059,43.62046],[-79.37047,43.62083],[-79.36576,43.6215],[-79.35984,43.62524],[-79.35774,43.62714],[-79.35663,43.62661],[-79.36695,43.61898],[-79.37051,43.6176],[-79.37144,43.6164],[-79.37246,43.61642],[-79.37569,43.61458],[-79.37926,43.61375],[-79.38228,43.61221],[-79.38743,43.61208],[-79.38827,43.61156],[-79.38996,43.61235],[-79.38977,43.61307],[-79.39099,43.61465],[-79.39159,43.61709],[-79.39426,43.61969]]]]}},{"type":"Feature","properties":{"id":"dogal-lab-16","kind":"district-label","btype":"dogal","name":"Toronto Island Park"},"geometry":{"type":"Point","coordinates":[-79.38335,43.61957]}},{"type":"Feature","properties":{"id":"dogal-17","kind":"district","btype":"dogal","name":"Rowntree Mills Park","lab":1},"geometry":{"type":"MultiPolygon","coordinates":[[[[-79.57059,43.74596],[-79.57355,43.74654],[-79.57548,43.74557],[-79.57485,43.74702],[-79.57609,43.74864],[-79.57959,43.74837],[-79.57983,43.74935],[-79.58141,43.75099],[-79.58369,43.75193],[-79.58687,43.75648],[-79.58681,43.75767],[-79.58499,43.75866],[-79.58426,43.75998],[-79.58148,43.76092],[-79.57797,43.7633],[-79.57597,43.76385],[-79.57567,43.7626],[-79.57807,43.76086],[-79.57788,43.7597],[-79.58322,43.75729],[-79.58314,43.75619],[-79.57938,43.75388],[-79.58012,43.75346],[-79.57885,43.75246],[-79.57752,43.75317],[-79.57655,43.75264],[-79.57446,43.7533],[-79.57441,43.75377],[-79.57158,43.75395],[-79.57068,43.75174],[-79.57081,43.74921],[-79.5686,43.74794],[-79.56878,43.74645],[-79.57059,43.74596]]]]}},{"type":"Feature","properties":{"id":"dogal-lab-17","kind":"district-label","btype":"dogal","name":"Rowntree Mills Park"},"geometry":{"type":"Point","coordinates":[-79.57796,43.75337]}},{"type":"Feature","properties":{"id":"dogal-18","kind":"district","btype":"dogal","name":"Taylor Creek Park","lab":1},"geometry":{"type":"MultiPolygon","coordinates":[[[[-79.31188,43.70135],[-79.31079,43.70095],[-79.31042,43.69994],[-79.30971,43.6996],[-79.30718,43.70009],[-79.3067,43.69978],[-79.30561,43.70023],[-79.30479,43.69972],[-79.30387,43.6998],[-79.30362,43.69919],[-79.30233,43.69905],[-79.30187,43.69788],[-79.29721,43.69762],[-79.29755,43.6959],[-79.29854,43.69623],[-79.29871,43.69586],[-79.29983,43.69576],[-79.30005,43.69542],[-79.30346,43.69613],[-79.30327,43.69528],[-79.30362,43.69518],[-79.30427,43.69661],[-79.31232,43.69918],[-79.3127,43.69965],[-79.31313,43.6993],[-79.3186,43.70062],[-79.31945,43.70003],[-79.32135,43.70047],[-79.32165,43.69984],[-79.32188,43.70085],[-79.3224,43.70098],[-79.32392,43.7008],[-79.32418,43.70037],[-79.32771,43.70083],[-79.32797,43.70048],[-79.33012,43.70058],[-79.33111,43.69915],[-79.33064,43.6981],[-79.33116,43.69772],[-79.33234,43.69825],[-79.33417,43.69778],[-79.33741,43.69827],[-79.33767,43.69904],[-79.33731,43.69945],[-79.33566,43.69975],[-79.33528,43.70088],[-79.33094,43.70336],[-79.3283,43.70223],[-79.32674,43.70227],[-79.32062,43.70408],[-79.31994,43.70341],[-79.31578,43.70432],[-79.31524,43.70508],[-79.31447,43.70488],[-79.31501,43.70407],[-79.31445,43.70392],[-79.31497,43.70344],[-79.31687,43.70353],[-79.31829,43.70277],[-79.32033,43.7024],[-79.31309,43.70188],[-79.31222,43.70203],[-79.31113,43.70312],[-79.31054,43.70279],[-79.30992,43.70337],[-79.3097,43.70306],[-79.30894,43.70353],[-79.30835,43.7032],[-79.30751,43.70393],[-79.3064,43.70361],[-79.30592,43.70384],[-79.30604,43.7029],[-79.31007,43.70223],[-79.31188,43.70135]]]]}},{"type":"Feature","properties":{"id":"dogal-lab-18","kind":"district-label","btype":"dogal","name":"Taylor Creek Park"},"geometry":{"type":"Point","coordinates":[-79.31771,43.70028]}},{"type":"Feature","properties":{"id":"dogal-19","kind":"district","btype":"dogal","name":"Bluffer's Park","lab":1},"geometry":{"type":"MultiPolygon","coordinates":[[[[-79.2433,43.70178],[-79.24366,43.70198],[-79.24327,43.70221],[-79.24377,43.70381],[-79.24279,43.70392],[-79.24229,43.70491],[-79.24257,43.70545],[-79.24082,43.70633],[-79.2417,43.70853],[-79.24044,43.7088],[-79.24125,43.71057],[-79.23965,43.71092],[-79.23887,43.71238],[-79.23968,43.71476],[-79.23905,43.71495],[-79.23803,43.71262],[-79.23863,43.70987],[-79.2384,43.70885],[-79.23627,43.70742],[-79.23695,43.70959],[-79.23533,43.70999],[-79.23515,43.70963],[-79.23447,43.7098],[-79.23509,43.71036],[-79.23305,43.71148],[-79.23353,43.71325],[-79.23136,43.71341],[-79.22996,43.71487],[-79.22519,43.71241],[-79.22577,43.71172],[-79.22495,43.71086],[-79.22547,43.71069],[-79.22635,43.70898],[-79.22581,43.70813],[-79.22613,43.70723],[-79.2265,43.70801],[-79.22805,43.70823],[-79.22711,43.7088],[-79.22639,43.71082],[-79.2264,43.71207],[-79.22685,43.71243],[-79.22939,43.71254],[-79.23057,43.71127],[-79.23002,43.71042],[-79.23022,43.71022],[-79.23123,43.71059],[-79.23301,43.70922],[-79.23341,43.70755],[-79.2298,43.70589],[-79.22862,43.70739],[-79.22748,43.70734],[-79.22832,43.70691],[-79.22919,43.70555],[-79.22897,43.70466],[-79.23087,43.70532],[-79.23201,43.7048],[-79.23317,43.70525],[-79.23262,43.70666],[-79.23368,43.70689],[-79.23426,43.70634],[-79.2336,43.70577],[-79.23594,43.70441],[-79.23647,43.70352],[-79.23639,43.7024],[-79.23546,43.70177],[-79.23568,43.70127],[-79.23638,43.7013],[-79.23731,43.70227],[-79.23896,43.70194],[-79.23915,43.7024],[-79.23839,43.70253],[-79.23805,43.70289],[-79.23865,43.70263],[-79.23994,43.70317],[-79.24131,43.70299],[-79.2433,43.70178]]]]}},{"type":"Feature","properties":{"id":"dogal-lab-19","kind":"district-label","btype":"dogal","name":"Bluffer's Park"},"geometry":{"type":"Point","coordinates":[-79.23547,43.70791]}},{"type":"Feature","properties":{"id":"dogal-20","kind":"district","btype":"dogal","name":"East Point Park","lab":1},"geometry":{"type":"MultiPolygon","coordinates":[[[[-79.17675,43.75319],[-79.17311,43.75482],[-79.16709,43.7568],[-79.15999,43.75856],[-79.15295,43.75909],[-79.15047,43.76135],[-79.1516,43.76369],[-79.15313,43.76334],[-79.15449,43.76354],[-79.15935,43.76228],[-79.16119,43.76136],[-79.16259,43.76146],[-79.16924,43.76025],[-79.16813,43.75856],[-79.17096,43.75812],[-79.17076,43.75765],[-79.17266,43.75713],[-79.1755,43.7584],[-79.1762,43.75909],[-79.17811,43.75873],[-79.17384,43.75734],[-79.17283,43.75588],[-79.17628,43.75507],[-79.1773,43.75407],[-79.17675,43.75319]]]]}},{"type":"Feature","properties":{"id":"dogal-lab-20","kind":"district-label","btype":"dogal","name":"East Point Park"},"geometry":{"type":"Point","coordinates":[-79.16245,43.75939]}},{"type":"Feature","properties":{"id":"dogal-21","kind":"district","btype":"dogal","name":"Downsview Dells Park","lab":1},"geometry":{"type":"MultiPolygon","coordinates":[[[[-79.49298,43.73885],[-79.49089,43.73795],[-79.49133,43.73802],[-79.49169,43.73724],[-79.49306,43.73797],[-79.49359,43.73662],[-79.49101,43.73686],[-79.4902,43.73618],[-79.49077,43.73557],[-79.49101,43.73586],[-79.49196,43.7353],[-79.4921,43.73562],[-79.49318,43.73537],[-79.4936,43.73486],[-79.49286,43.73462],[-79.49261,43.73497],[-79.49234,43.73434],[-79.49255,43.73464],[-79.4952,43.73383],[-79.495,43.73321],[-79.49864,43.73359],[-79.49922,43.73323],[-79.49929,43.73267],[-79.49985,43.73262],[-79.50025,43.73305],[-79.50222,43.73355],[-79.50351,43.73325],[-79.5037,43.7341],[-79.50559,43.73423],[-79.50929,43.733],[-79.5091,43.7327],[-79.5105,43.73204],[-79.51105,43.73197],[-79.5113,43.73272],[-79.5115,43.73358],[-79.50892,43.73482],[-79.50642,43.73526],[-79.50427,43.73677],[-79.50443,43.73714],[-79.50394,43.73636],[-79.50334,43.7365],[-79.50315,43.73712],[-79.50172,43.73691],[-79.50144,43.7376],[-79.50026,43.73786],[-79.49797,43.73744],[-79.49645,43.73647],[-79.49604,43.73707],[-79.49661,43.73784],[-79.4964,43.73896],[-79.49668,43.73962],[-79.49721,43.73995],[-79.49888,43.73989],[-79.49835,43.74062],[-79.49914,43.74087],[-79.49858,43.74112],[-79.49919,43.74179],[-79.49627,43.74253],[-79.49607,43.74177],[-79.49539,43.74174],[-79.49508,43.74106],[-79.49389,43.74091],[-79.49363,43.74131],[-79.49318,43.74119],[-79.4935,43.74067],[-79.49295,43.74035],[-79.4892,43.74018],[-79.48896,43.73969],[-79.48637,43.73915],[-79.48745,43.73832],[-79.48851,43.7385],[-79.4885,43.73816],[-79.48929,43.73911],[-79.49081,43.73869],[-79.49261,43.73938],[-79.49298,43.73885]]]]}},{"type":"Feature","properties":{"id":"dogal-lab-21","kind":"district-label","btype":"dogal","name":"Downsview Dells Park"},"geometry":{"type":"Point","coordinates":[-79.49826,43.73662]}},{"type":"Feature","properties":{"id":"dogal-22","kind":"district","btype":"dogal","name":"Downsview Park","lab":1},"geometry":{"type":"MultiPolygon","coordinates":[[[[-79.4772,43.73756],[-79.47667,43.73849],[-79.47533,43.73779],[-79.47695,43.74574],[-79.47913,43.74532],[-79.4799,43.74682],[-79.48292,43.74619],[-79.48418,43.74521],[-79.48617,43.74469],[-79.48438,43.73708],[-79.47999,43.73627],[-79.47842,43.73664],[-79.4772,43.73756]]]]}},{"type":"Feature","properties":{"id":"dogal-lab-22","kind":"district-label","btype":"dogal","name":"Downsview Park"},"geometry":{"type":"Point","coordinates":[-79.48077,43.74141]}},{"type":"Feature","properties":{"id":"dogal-23","kind":"district","btype":"dogal","name":"Riverwood Park","lab":1},"geometry":{"type":"MultiPolygon","coordinates":[[[[-79.66688,43.56652],[-79.67471,43.55942],[-79.67523,43.55774],[-79.67624,43.55805],[-79.67598,43.55826],[-79.67646,43.55862],[-79.6747,43.55953],[-79.67461,43.56029],[-79.67838,43.56154],[-79.68404,43.56098],[-79.68392,43.56188],[-79.68071,43.56395],[-79.67607,43.56862],[-79.66688,43.56652]]]]}},{"type":"Feature","properties":{"id":"dogal-lab-23","kind":"district-label","btype":"dogal","name":"Riverwood Park"},"geometry":{"type":"Point","coordinates":[-79.67518,43.56416]}},{"type":"Feature","properties":{"id":"dogal-24","kind":"district","btype":"dogal","name":"Brampton Sports Park","lab":1},"geometry":{"type":"MultiPolygon","coordinates":[[[[-79.71483,43.6706],[-79.71532,43.67174],[-79.71585,43.67213],[-79.71486,43.67271],[-79.71412,43.67272],[-79.71363,43.67223],[-79.71113,43.67211],[-79.71037,43.67278],[-79.7106,43.67332],[-79.71026,43.67391],[-79.70844,43.67452],[-79.70791,43.6744],[-79.70784,43.67359],[-79.70668,43.67321],[-79.70473,43.67381],[-79.70487,43.67169],[-79.70402,43.67128],[-79.70261,43.66961],[-79.70218,43.66778],[-79.70272,43.66668],[-79.70567,43.6637],[-79.70828,43.66564],[-79.70662,43.66684],[-79.70694,43.6672],[-79.70997,43.66915],[-79.71081,43.66849],[-79.71103,43.66772],[-79.71423,43.67011],[-79.71371,43.67054],[-79.71459,43.67122],[-79.71483,43.6706]]]]}},{"type":"Feature","properties":{"id":"dogal-lab-24","kind":"district-label","btype":"dogal","name":"Brampton Sports Park"},"geometry":{"type":"Point","coordinates":[-79.70778,43.66975]}},{"type":"Feature","properties":{"id":"dogal-25","kind":"district","btype":"dogal","name":"Derrydowns Park","lab":1},"geometry":{"type":"MultiPolygon","coordinates":[[[[-79.51017,43.75591],[-79.50838,43.75638],[-79.50803,43.75608],[-79.5076,43.7566],[-79.50761,43.75737],[-79.50884,43.75891],[-79.50781,43.75913],[-79.50738,43.75796],[-79.50551,43.75832],[-79.50556,43.75965],[-79.50372,43.76005],[-79.50337,43.75926],[-79.50277,43.75895],[-79.50563,43.75643],[-79.50585,43.75546],[-79.50683,43.75505],[-79.5079,43.7536],[-79.50545,43.75409],[-79.50695,43.7534],[-79.50799,43.7534],[-79.50867,43.75142],[-79.50665,43.7515],[-79.50643,43.75096],[-79.50493,43.75],[-79.50225,43.7493],[-79.50075,43.74807],[-79.49885,43.74743],[-79.49818,43.74768],[-79.49904,43.74971],[-79.49653,43.7503],[-79.49576,43.7507],[-79.49614,43.75107],[-79.49583,43.75131],[-79.49507,43.75122],[-79.49498,43.75059],[-79.49601,43.74984],[-79.49703,43.74969],[-79.49754,43.74871],[-79.49726,43.74821],[-79.49485,43.74843],[-79.49477,43.74791],[-79.49604,43.7474],[-79.49589,43.74678],[-79.49738,43.74556],[-79.4971,43.74463],[-79.49616,43.74459],[-79.49574,43.74295],[-79.49843,43.7423],[-79.49963,43.74515],[-79.50114,43.74517],[-79.50195,43.74661],[-79.5043,43.74826],[-79.50686,43.74908],[-79.50996,43.75073],[-79.51112,43.75186],[-79.51034,43.7531],[-79.51112,43.75357],[-79.51087,43.75396],[-79.50927,43.75468],[-79.51017,43.75591]]]]}},{"type":"Feature","properties":{"id":"dogal-lab-25","kind":"district-label","btype":"dogal","name":"Derrydowns Park"},"geometry":{"type":"Point","coordinates":[-79.50328,43.75056]}},{"type":"Feature","properties":{"id":"dogal-26","kind":"district","btype":"dogal","name":"Claireville Conservation Area","lab":1},"geometry":{"type":"MultiPolygon","coordinates":[[[[-79.63373,43.73356],[-79.63918,43.73743],[-79.63031,43.74504],[-79.6287,43.73798],[-79.62874,43.7361],[-79.62969,43.7343],[-79.63024,43.73532],[-79.63221,43.7349],[-79.63373,43.73356]]]]}},{"type":"Feature","properties":{"id":"dogal-lab-26","kind":"district-label","btype":"dogal","name":"Claireville Conservation Area"},"geometry":{"type":"Point","coordinates":[-79.63291,43.73854]}},{"type":"Feature","properties":{"id":"dogal-27","kind":"district","btype":"dogal","name":"West Deane Park","lab":1},"geometry":{"type":"MultiPolygon","coordinates":[[[[-79.5557,43.65773],[-79.55744,43.65818],[-79.55822,43.65783],[-79.55788,43.65818],[-79.55902,43.65889],[-79.56062,43.65925],[-79.56404,43.65868],[-79.56266,43.6594],[-79.56286,43.65992],[-79.56335,43.65998],[-79.56282,43.6601],[-79.56325,43.66099],[-79.56459,43.66143],[-79.56596,43.66329],[-79.5666,43.66361],[-79.56824,43.66289],[-79.5685,43.66329],[-79.56678,43.6638],[-79.56665,43.66421],[-79.56802,43.66569],[-79.56858,43.66722],[-79.5694,43.66762],[-79.56856,43.66773],[-79.56872,43.66848],[-79.569,43.66842],[-79.56878,43.66879],[-79.57125,43.66988],[-79.5702,43.67061],[-79.57069,43.6716],[-79.56865,43.67259],[-79.56874,43.67063],[-79.56823,43.67082],[-79.56849,43.67049],[-79.56757,43.66981],[-79.56649,43.66996],[-79.56557,43.66889],[-79.56487,43.66681],[-79.56439,43.66696],[-79.56368,43.66625],[-79.56519,43.66548],[-79.56407,43.66459],[-79.56354,43.66282],[-79.5585,43.66395],[-79.5557,43.65773]]]]}},{"type":"Feature","properties":{"id":"dogal-lab-27","kind":"district-label","btype":"dogal","name":"West Deane Park"},"geometry":{"type":"Point","coordinates":[-79.56352,43.66403]}},{"type":"Feature","properties":{"id":"dogal-28","kind":"district","btype":"dogal","name":"Moatfield Farm Park","lab":1},"geometry":{"type":"MultiPolygon","coordinates":[[[[-79.34707,43.76635],[-79.36089,43.76578],[-79.36152,43.76562],[-79.36163,43.76514],[-79.36096,43.76493],[-79.36146,43.76394],[-79.36029,43.7637],[-79.35968,43.76268],[-79.35635,43.76337],[-79.3558,43.76272],[-79.35088,43.76281],[-79.35043,43.76162],[-79.35063,43.76075],[-79.34872,43.75948],[-79.34808,43.75841],[-79.34825,43.75765],[-79.35004,43.75761],[-79.35062,43.75724],[-79.35052,43.75683],[-79.34891,43.75654],[-79.34822,43.75579],[-79.34734,43.75594],[-79.34745,43.76161],[-79.3483,43.76144],[-79.34839,43.76412],[-79.34737,43.76418],[-79.34707,43.76635]]]]}},{"type":"Feature","properties":{"id":"dogal-lab-28","kind":"district-label","btype":"dogal","name":"Moatfield Farm Park"},"geometry":{"type":"Point","coordinates":[-79.35273,43.76332]}},{"type":"Feature","properties":{"id":"dogal-29","kind":"district","btype":"dogal","name":"Colonel Samuel Smith Park","lab":1},"geometry":{"type":"MultiPolygon","coordinates":[[[[-79.51902,43.59121],[-79.51819,43.59076],[-79.51622,43.59119],[-79.51658,43.59199],[-79.51712,43.59187],[-79.51806,43.59381],[-79.51713,43.594],[-79.51694,43.59354],[-79.51639,43.59424],[-79.5133,43.59496],[-79.51269,43.59563],[-79.51274,43.59648],[-79.51358,43.59729],[-79.51615,43.59691],[-79.51663,43.59814],[-79.51231,43.5991],[-79.5101,43.59381],[-79.51078,43.59333],[-79.50971,43.59273],[-79.51059,43.59265],[-79.50964,43.59246],[-79.51046,43.59232],[-79.51093,43.59118],[-79.50864,43.59034],[-79.50962,43.59008],[-79.51034,43.58917],[-79.51019,43.58792],[-79.50924,43.58736],[-79.51435,43.58714],[-79.51727,43.58853],[-79.51464,43.58762],[-79.51349,43.58799],[-79.51269,43.58773],[-79.51109,43.58881],[-79.51133,43.59013],[-79.51298,43.59068],[-79.51519,43.59006],[-79.51575,43.59081],[-79.51571,43.58951],[-79.51492,43.58903],[-79.51545,43.58893],[-79.51629,43.58922],[-79.51676,43.59038],[-79.51888,43.59067],[-79.51902,43.59121]]]]}},{"type":"Feature","properties":{"id":"dogal-lab-29","kind":"district-label","btype":"dogal","name":"Colonel Samuel Smith Park"},"geometry":{"type":"Point","coordinates":[-79.51337,43.59292]}},{"type":"Feature","properties":{"id":"dogal-30","kind":"district","btype":"dogal","name":"Guild Park and Gardens","lab":1},"geometry":{"type":"MultiPolygon","coordinates":[[[[-79.19574,43.74274],[-79.19658,43.7448],[-79.19724,43.74522],[-79.19488,43.74553],[-79.19602,43.74812],[-79.18757,43.74994],[-79.18671,43.74829],[-79.18099,43.75175],[-79.18068,43.75117],[-79.18893,43.74662],[-79.19519,43.74134],[-79.19571,43.74128],[-79.19736,43.73924],[-79.19867,43.73994],[-79.19674,43.74215],[-79.19574,43.74274]]]]}},{"type":"Feature","properties":{"id":"dogal-lab-30","kind":"district-label","btype":"dogal","name":"Guild Park and Gardens"},"geometry":{"type":"Point","coordinates":[-79.19208,43.74608]}},{"type":"Feature","properties":{"id":"dogal-31","kind":"district","btype":"dogal","name":"East Don Parkland","lab":1},"geometry":{"type":"MultiPolygon","coordinates":[[[[-79.37407,43.78892],[-79.37402,43.78791],[-79.37324,43.78757],[-79.37412,43.78768],[-79.3758,43.78643],[-79.37626,43.7846],[-79.37533,43.78329],[-79.37383,43.78309],[-79.37343,43.78353],[-79.3736,43.78306],[-79.37158,43.78255],[-79.37138,43.78285],[-79.37143,43.78238],[-79.37029,43.78204],[-79.3743,43.7806],[-79.37507,43.78094],[-79.37595,43.78046],[-79.37933,43.78212],[-79.38035,43.78358],[-79.38229,43.78502],[-79.38299,43.78466],[-79.38373,43.78678],[-79.37407,43.78892]]]]}},{"type":"Feature","properties":{"id":"dogal-lab-31","kind":"district-label","btype":"dogal","name":"East Don Parkland"},"geometry":{"type":"Point","coordinates":[-79.37757,43.78461]}},{"type":"Feature","properties":{"id":"dogal-32","kind":"district","btype":"dogal","name":"Credit Meadows Park","lab":1},"geometry":{"type":"MultiPolygon","coordinates":[[[[-79.71526,43.60962],[-79.71448,43.6102],[-79.71472,43.61095],[-79.71365,43.61217],[-79.71191,43.61229],[-79.71131,43.61305],[-79.71078,43.61296],[-79.7125,43.61142],[-79.71212,43.61085],[-79.71123,43.61069],[-79.71177,43.61045],[-79.7124,43.60871],[-79.71173,43.60729],[-79.71229,43.60666],[-79.71095,43.60581],[-79.71309,43.60436],[-79.71379,43.60479],[-79.71732,43.60164],[-79.72029,43.60384],[-79.71803,43.6062],[-79.71776,43.60776],[-79.71872,43.60865],[-79.71752,43.60935],[-79.71526,43.60962]]]]}},{"type":"Feature","properties":{"id":"dogal-lab-32","kind":"district-label","btype":"dogal","name":"Credit Meadows Park"},"geometry":{"type":"Point","coordinates":[-79.71529,43.60681]}},{"type":"Feature","properties":{"id":"dogal-33","kind":"district","btype":"dogal","name":"Wet 'n' Wild Toronto","lab":1},"geometry":{"type":"MultiPolygon","coordinates":[[[[-79.64238,43.74723],[-79.64703,43.74273],[-79.63942,43.73758],[-79.63506,43.7415],[-79.63633,43.74121],[-79.63962,43.74279],[-79.64036,43.74357],[-79.64046,43.74526],[-79.64209,43.74642],[-79.64238,43.74723]]]]}},{"type":"Feature","properties":{"id":"dogal-lab-33","kind":"district-label","btype":"dogal","name":"Wet 'n' Wild Toronto"},"geometry":{"type":"Point","coordinates":[-79.64151,43.74209]}},{"type":"Feature","properties":{"id":"dogal-34","kind":"district","btype":"dogal","name":"Thackeray Park","lab":1},"geometry":{"type":"MultiPolygon","coordinates":[[[[-79.59036,43.76088],[-79.58985,43.75981],[-79.58324,43.76065],[-79.58013,43.76248],[-79.58088,43.76306],[-79.58129,43.76263],[-79.58191,43.76405],[-79.5838,43.76391],[-79.58407,43.76444],[-79.58364,43.76676],[-79.59321,43.76227],[-79.59259,43.76034],[-79.59036,43.76088]]]]}},{"type":"Feature","properties":{"id":"dogal-lab-34","kind":"district-label","btype":"dogal","name":"Thackeray Park"},"geometry":{"type":"Point","coordinates":[-79.58675,43.76257]}},{"type":"Feature","properties":{"id":"dogal-35","kind":"district","btype":"dogal","name":"Donald M. Gordon Chinguacousy Park","lab":1},"geometry":{"type":"MultiPolygon","coordinates":[[[[-79.72197,43.72079],[-79.72395,43.72201],[-79.72771,43.72569],[-79.72741,43.72706],[-79.72456,43.72951],[-79.71787,43.72456],[-79.72197,43.72079]]]]}},{"type":"Feature","properties":{"id":"dogal-lab-35","kind":"district-label","btype":"dogal","name":"Donald M. Gordon Chinguacousy Park"},"geometry":{"type":"Point","coordinates":[-79.72312,43.72513]}},{"type":"Feature","properties":{"id":"dogal-36","kind":"district","btype":"dogal","name":"Richmond Green","lab":1},"geometry":{"type":"MultiPolygon","coordinates":[[[[-79.39667,43.90136],[-79.39939,43.90146],[-79.39906,43.90324],[-79.40898,43.90136],[-79.4085,43.89949],[-79.40461,43.90008],[-79.40357,43.89681],[-79.39618,43.89858],[-79.39667,43.90136]]]]}},{"type":"Feature","properties":{"id":"dogal-lab-36","kind":"district-label","btype":"dogal","name":"Richmond Green"},"geometry":{"type":"Point","coordinates":[-79.40191,43.90016]}},{"type":"Feature","properties":{"id":"dogal-37","kind":"district","btype":"dogal","name":"Rouge Valley Park","lab":1},"geometry":{"type":"MultiPolygon","coordinates":[[[[-79.25876,43.86994],[-79.25846,43.86856],[-79.25715,43.86886],[-79.25625,43.86837],[-79.25456,43.86872],[-79.25432,43.8693],[-79.25242,43.86968],[-79.25086,43.86936],[-79.25179,43.8676],[-79.25241,43.86749],[-79.25257,43.86689],[-79.25311,43.8667],[-79.25338,43.86596],[-79.25301,43.86548],[-79.2474,43.86734],[-79.24865,43.87026],[-79.24749,43.87162],[-79.24816,43.87344],[-79.24778,43.87531],[-79.24818,43.87649],[-79.24909,43.87627],[-79.2496,43.87448],[-79.25029,43.87413],[-79.25298,43.87533],[-79.2541,43.87499],[-79.25243,43.87449],[-79.25158,43.87346],[-79.24985,43.87287],[-79.24948,43.87236],[-79.2498,43.8712],[-79.25181,43.8719],[-79.25688,43.87074],[-79.25677,43.87041],[-79.25876,43.86994]]]]}},{"type":"Feature","properties":{"id":"dogal-lab-37","kind":"district-label","btype":"dogal","name":"Rouge Valley Park"},"geometry":{"type":"Point","coordinates":[-79.25151,43.87042]}},{"type":"Feature","properties":{"id":"dogal-38","kind":"district","btype":"dogal","name":"Warden Woods Park","lab":1},"geometry":{"type":"MultiPolygon","coordinates":[[[[-79.28217,43.69811],[-79.28439,43.69746],[-79.28547,43.69758],[-79.28626,43.69949],[-79.28458,43.69936],[-79.28289,43.70006],[-79.28405,43.70105],[-79.28392,43.70155],[-79.28513,43.70442],[-79.2834,43.7051],[-79.2842,43.70679],[-79.28333,43.70664],[-79.28273,43.70697],[-79.28321,43.70786],[-79.28258,43.70861],[-79.28272,43.70938],[-79.28196,43.71009],[-79.28302,43.71144],[-79.28113,43.71184],[-79.27961,43.70836],[-79.28036,43.70378],[-79.28105,43.70385],[-79.28128,43.70299],[-79.28092,43.70246],[-79.28054,43.70263],[-79.28092,43.70042],[-79.28217,43.69811]]]]}},{"type":"Feature","properties":{"id":"dogal-lab-38","kind":"district-label","btype":"dogal","name":"Warden Woods Park"},"geometry":{"type":"Point","coordinates":[-79.28233,43.7042]}},{"type":"Feature","properties":{"id":"dogal-39","kind":"district","btype":"dogal","name":"Iroquois Shoreline Woods Park","lab":1},"geometry":{"type":"MultiPolygon","coordinates":[[[[-79.68239,43.49211],[-79.68568,43.48925],[-79.67959,43.48485],[-79.67891,43.48427],[-79.67915,43.48415],[-79.67551,43.48334],[-79.67484,43.48433],[-79.67504,43.4867],[-79.68239,43.49211]]]]}},{"type":"Feature","properties":{"id":"dogal-lab-39","kind":"district-label","btype":"dogal","name":"Iroquois Shoreline Woods Park"},"geometry":{"type":"Point","coordinates":[-79.67981,43.48757]}},{"type":"Feature","properties":{"id":"dogal-40","kind":"district","btype":"dogal","name":"Sesquicentennial Park","lab":1},"geometry":{"type":"MultiPolygon","coordinates":[[[[-79.77531,43.76761],[-79.77098,43.76448],[-79.76795,43.76708],[-79.76647,43.76977],[-79.77108,43.77298],[-79.77561,43.76901],[-79.77456,43.7683],[-79.77531,43.76761]]]]}},{"type":"Feature","properties":{"id":"dogal-lab-40","kind":"district-label","btype":"dogal","name":"Sesquicentennial Park"},"geometry":{"type":"Point","coordinates":[-79.77102,43.76875]}},{"type":"Feature","properties":{"id":"dogal-41","kind":"district","btype":"dogal","name":"Hinder Area","lab":1},"geometry":{"type":"MultiPolygon","coordinates":[[[[-79.43582,43.75608],[-79.43606,43.75681],[-79.43547,43.75692],[-79.43658,43.75854],[-79.43803,43.75861],[-79.4392,43.75939],[-79.44029,43.76356],[-79.4386,43.7639],[-79.43721,43.76345],[-79.43432,43.76404],[-79.43407,43.76308],[-79.43229,43.76159],[-79.43175,43.76167],[-79.43113,43.75988],[-79.43428,43.7585],[-79.43315,43.75745],[-79.43192,43.75773],[-79.43109,43.75713],[-79.43582,43.75608]]]]}},{"type":"Feature","properties":{"id":"dogal-lab-41","kind":"district-label","btype":"dogal","name":"Hinder Area"},"geometry":{"type":"Point","coordinates":[-79.43573,43.76054]}},{"type":"Feature","properties":{"id":"dogal-42","kind":"district","btype":"dogal","name":"Valley View Park","lab":1},"geometry":{"type":"MultiPolygon","coordinates":[[[[-79.38315,43.82527],[-79.38313,43.82639],[-79.38617,43.82792],[-79.39197,43.82942],[-79.39538,43.8329],[-79.39667,43.83348],[-79.3986,43.83316],[-79.40015,43.83441],[-79.4014,43.83462],[-79.40131,43.83512],[-79.40417,43.8354],[-79.40172,43.83525],[-79.40193,43.83612],[-79.39999,43.83657],[-79.39823,43.83607],[-79.39704,43.8348],[-79.39194,43.83432],[-79.39056,43.83178],[-79.38795,43.83188],[-79.39071,43.83133],[-79.3913,43.83082],[-79.39101,43.83048],[-79.39027,43.83076],[-79.38907,43.83026],[-79.38807,43.83039],[-79.38603,43.82875],[-79.38293,43.82751],[-79.38187,43.82648],[-79.38191,43.82555],[-79.38315,43.82527]]]]}},{"type":"Feature","properties":{"id":"dogal-lab-42","kind":"district-label","btype":"dogal","name":"Valley View Park"},"geometry":{"type":"Point","coordinates":[-79.39272,43.83189]}},{"type":"Feature","properties":{"id":"dogal-43","kind":"district","btype":"dogal","name":"Dixie-Highway 407 Park","lab":1},"geometry":{"type":"MultiPolygon","coordinates":[[[[-79.68589,43.69533],[-79.68282,43.69428],[-79.68323,43.6911],[-79.68615,43.68528],[-79.68694,43.685],[-79.68916,43.68687],[-79.68981,43.68826],[-79.6887,43.69073],[-79.6873,43.69064],[-79.68726,43.6911],[-79.6882,43.69142],[-79.68589,43.69533]]]]}},{"type":"Feature","properties":{"id":"dogal-lab-43","kind":"district-label","btype":"dogal","name":"Dixie-Highway 407 Park"},"geometry":{"type":"Point","coordinates":[-79.68616,43.69024]}},{"type":"Feature","properties":{"id":"dogal-44","kind":"district","btype":"dogal","name":"Jack Darling Memorial Park","lab":1},"geometry":{"type":"MultiPolygon","coordinates":[[[[-79.61085,43.52838],[-79.60269,43.52298],[-79.6039,43.52197],[-79.60237,43.52082],[-79.60251,43.5235],[-79.6016,43.52442],[-79.60209,43.52474],[-79.60201,43.5256],[-79.60132,43.52628],[-79.60185,43.52656],[-79.60169,43.52735],[-79.60119,43.52754],[-79.60715,43.53082],[-79.60749,43.53051],[-79.60811,43.53084],[-79.61085,43.52838]]]]}},{"type":"Feature","properties":{"id":"dogal-lab-44","kind":"district-label","btype":"dogal","name":"Jack Darling Memorial Park"},"geometry":{"type":"Point","coordinates":[-79.60544,43.52708]}},{"type":"Feature","properties":{"id":"dogal-45","kind":"district","btype":"dogal","name":"Don Valley Brick Works Park","lab":1},"geometry":{"type":"MultiPolygon","coordinates":[[[[-79.36726,43.68999],[-79.36842,43.6883],[-79.36839,43.68721],[-79.36901,43.68611],[-79.37019,43.68541],[-79.3686,43.68516],[-79.36795,43.68448],[-79.36863,43.68276],[-79.36968,43.68215],[-79.37141,43.68209],[-79.37295,43.68141],[-79.37062,43.68047],[-79.36975,43.67991],[-79.37,43.67959],[-79.36888,43.67944],[-79.36864,43.68056],[-79.3674,43.68195],[-79.36323,43.68439],[-79.36281,43.68505],[-79.36373,43.68513],[-79.3648,43.69047],[-79.36726,43.68999]]]]}},{"type":"Feature","properties":{"id":"dogal-lab-45","kind":"district-label","btype":"dogal","name":"Don Valley Brick Works Park"},"geometry":{"type":"Point","coordinates":[-79.36704,43.68518]}},{"type":"Feature","properties":{"id":"dogal-46","kind":"district","btype":"dogal","name":"Springbank Meadows Park","lab":1},"geometry":{"type":"MultiPolygon","coordinates":[[[[-79.64892,43.52979],[-79.64558,43.52813],[-79.64424,43.52818],[-79.64313,43.5291],[-79.64405,43.5298],[-79.64263,43.53103],[-79.64166,43.53048],[-79.63916,43.53284],[-79.64423,43.53391],[-79.64404,43.53452],[-79.64754,43.5354],[-79.64829,43.53449],[-79.64829,43.53279],[-79.64904,43.53223],[-79.64833,43.5316],[-79.64847,43.53109],[-79.64806,43.5306],[-79.64892,43.52979]]]]}},{"type":"Feature","properties":{"id":"dogal-lab-46","kind":"district-label","btype":"dogal","name":"Springbank Meadows Park"},"geometry":{"type":"Point","coordinates":[-79.64505,43.5318]}},{"type":"Feature","properties":{"id":"dogal-47","kind":"district","btype":"dogal","name":"Thompson Creek Park","lab":1},"geometry":{"type":"MultiPolygon","coordinates":[[[[-79.60472,43.81006],[-79.60592,43.80896],[-79.6055,43.80812],[-79.60424,43.80799],[-79.6035,43.80448],[-79.60402,43.80435],[-79.60434,43.80343],[-79.60388,43.80278],[-79.60554,43.80163],[-79.60588,43.80076],[-79.60447,43.79971],[-79.603,43.80001],[-79.60284,43.80107],[-79.6023,43.79985],[-79.60453,43.79912],[-79.60484,43.79838],[-79.60643,43.7976],[-79.60644,43.7971],[-79.60785,43.79716],[-79.60857,43.79765],[-79.60967,43.79983],[-79.61066,43.79987],[-79.61168,43.80136],[-79.6117,43.80202],[-79.61066,43.80315],[-79.61022,43.80292],[-79.61073,43.80247],[-79.60861,43.80147],[-79.60649,43.80266],[-79.60636,43.80374],[-79.60428,43.80558],[-79.6043,43.80637],[-79.60509,43.80738],[-79.60768,43.80837],[-79.60823,43.8092],[-79.61012,43.80966],[-79.60952,43.81008],[-79.60922,43.80979],[-79.60737,43.8099],[-79.60735,43.81027],[-79.60472,43.81006]]]]}},{"type":"Feature","properties":{"id":"dogal-lab-47","kind":"district-label","btype":"dogal","name":"Thompson Creek Park"},"geometry":{"type":"Point","coordinates":[-79.60695,43.80242]}},{"type":"Feature","properties":{"id":"dogal-48","kind":"district","btype":"dogal","name":"Cherry Beach Clarke Beach Park","lab":1},"geometry":{"type":"MultiPolygon","coordinates":[[[[-79.34706,43.63326],[-79.34788,43.63375],[-79.34771,43.63541],[-79.34536,43.63675],[-79.3451,43.63716],[-79.34557,43.63761],[-79.33951,43.64085],[-79.34104,43.64204],[-79.3365,43.64472],[-79.33457,43.64484],[-79.32904,43.6479],[-79.32867,43.64744],[-79.33044,43.64659],[-79.33743,43.64021],[-79.33631,43.6394],[-79.33434,43.6406],[-79.33456,43.6403],[-79.33652,43.63923],[-79.34063,43.63906],[-79.34148,43.6385],[-79.34156,43.63799],[-79.34316,43.63731],[-79.34551,43.63499],[-79.34681,43.63476],[-79.34706,43.63326]]]]}},{"type":"Feature","properties":{"id":"dogal-lab-48","kind":"district-label","btype":"dogal","name":"Cherry Beach Clarke Beach Park"},"geometry":{"type":"Point","coordinates":[-79.33891,43.64093]}},{"type":"Feature","properties":{"id":"dogal-49","kind":"district","btype":"dogal","name":"Pine Point Park","lab":1},"geometry":{"type":"MultiPolygon","coordinates":[[[[-79.55025,43.7193],[-79.54688,43.72011],[-79.54575,43.7183],[-79.5469,43.718],[-79.54654,43.71761],[-79.54692,43.7172],[-79.55036,43.71739],[-79.55126,43.71715],[-79.55123,43.71645],[-79.55034,43.71683],[-79.54867,43.71645],[-79.54479,43.71701],[-79.54282,43.71609],[-79.54075,43.71373],[-79.5517,43.71136],[-79.55046,43.71087],[-79.54625,43.71203],[-79.54122,43.71264],[-79.53822,43.71366],[-79.53784,43.71456],[-79.53711,43.71475],[-79.53771,43.71647],[-79.54072,43.71584],[-79.54085,43.71668],[-79.54267,43.71657],[-79.54404,43.71725],[-79.5443,43.71797],[-79.54281,43.71945],[-79.54531,43.72084],[-79.54552,43.7204],[-79.54587,43.72068],[-79.54623,43.72033],[-79.54731,43.72095],[-79.54835,43.72064],[-79.54925,43.72105],[-79.55106,43.72017],[-79.55025,43.7193]]]]}},{"type":"Feature","properties":{"id":"dogal-lab-49","kind":"district-label","btype":"dogal","name":"Pine Point Park"},"geometry":{"type":"Point","coordinates":[-79.5442,43.71626]}},{"type":"Feature","properties":{"id":"dogal-50","kind":"district","btype":"dogal","name":"Cedarvale Park","lab":1},"geometry":{"type":"MultiPolygon","coordinates":[[[[-79.41674,43.68594],[-79.41574,43.68617],[-79.41643,43.68812],[-79.41542,43.68892],[-79.41438,43.68915],[-79.41466,43.68937],[-79.41427,43.68922],[-79.41402,43.69008],[-79.4134,43.69021],[-79.41369,43.69088],[-79.41418,43.69088],[-79.4143,43.69004],[-79.41547,43.68911],[-79.41591,43.68941],[-79.41798,43.68902],[-79.41844,43.6901],[-79.41982,43.69065],[-79.41907,43.69104],[-79.41936,43.69121],[-79.42158,43.69093],[-79.42173,43.69128],[-79.4222,43.69107],[-79.42396,43.69163],[-79.42633,43.69149],[-79.42631,43.69108],[-79.42744,43.69132],[-79.42827,43.6917],[-79.42808,43.69244],[-79.42847,43.69291],[-79.42931,43.69261],[-79.42939,43.69312],[-79.43043,43.69387],[-79.43373,43.69557],[-79.43487,43.69567],[-79.43496,43.69529],[-79.43349,43.6943],[-79.43281,43.69287],[-79.43242,43.69193],[-79.43305,43.69177],[-79.43269,43.69104],[-79.43108,43.69085],[-79.42988,43.69019],[-79.42816,43.69019],[-79.42788,43.69084],[-79.42675,43.69038],[-79.42428,43.69039],[-79.42187,43.68939],[-79.42049,43.68964],[-79.4176,43.68828],[-79.41778,43.688],[-79.41674,43.68594]]]]}},{"type":"Feature","properties":{"id":"dogal-lab-50","kind":"district-label","btype":"dogal","name":"Cedarvale Park"},"geometry":{"type":"Point","coordinates":[-79.42551,43.6911]}},{"type":"Feature","properties":{"id":"dogal-51","kind":"district","btype":"dogal","name":"L'Amoureaux Park","lab":1},"geometry":{"type":"MultiPolygon","coordinates":[[[[-79.30335,43.80549],[-79.30278,43.80596],[-79.30502,43.80732],[-79.3056,43.8082],[-79.31046,43.80733],[-79.30781,43.80173],[-79.30701,43.80081],[-79.30541,43.80163],[-79.30269,43.80194],[-79.30314,43.80361],[-79.30387,43.80438],[-79.30302,43.80475],[-79.30335,43.80549]]]]}},{"type":"Feature","properties":{"id":"dogal-lab-51","kind":"district-label","btype":"dogal","name":"L'Amoureaux Park"},"geometry":{"type":"Point","coordinates":[-79.30633,43.80474]}},{"type":"Feature","properties":{"id":"dogal-52","kind":"district","btype":"dogal","name":"Milliken Park","lab":1},"geometry":{"type":"MultiPolygon","coordinates":[[[[-79.27491,43.83094],[-79.26796,43.83251],[-79.26587,43.82796],[-79.26726,43.82765],[-79.26696,43.82701],[-79.2665,43.82707],[-79.26681,43.82676],[-79.26764,43.82711],[-79.2685,43.82668],[-79.26874,43.82699],[-79.26848,43.82727],[-79.26967,43.82755],[-79.27338,43.82674],[-79.27347,43.82824],[-79.27528,43.82842],[-79.27488,43.82935],[-79.27491,43.83094]]]]}},{"type":"Feature","properties":{"id":"dogal-lab-52","kind":"district-label","btype":"dogal","name":"Milliken Park"},"geometry":{"type":"Point","coordinates":[-79.27049,43.82948]}},{"type":"Feature","properties":{"id":"dogal-53","kind":"district","btype":"dogal","name":"Erindale Park","lab":1},"geometry":{"type":"MultiPolygon","coordinates":[[[[-79.65748,43.54603],[-79.6581,43.54568],[-79.65851,43.5443],[-79.65827,43.54329],[-79.65578,43.54452],[-79.656,43.545],[-79.65411,43.54568],[-79.65175,43.54758],[-79.65136,43.54868],[-79.65232,43.55134],[-79.65524,43.55213],[-79.65729,43.55191],[-79.65744,43.55126],[-79.65606,43.54902],[-79.65748,43.54747],[-79.65748,43.54603]]]]}},{"type":"Feature","properties":{"id":"dogal-lab-53","kind":"district-label","btype":"dogal","name":"Erindale Park"},"geometry":{"type":"Point","coordinates":[-79.65497,43.54826]}},{"type":"Feature","properties":{"id":"dogal-54","kind":"district","btype":"dogal","name":"Highland Creek Community Park","lab":1},"geometry":{"type":"MultiPolygon","coordinates":[[[[-79.20141,43.75628],[-79.20422,43.75591],[-79.20511,43.75804],[-79.20437,43.75819],[-79.205,43.75895],[-79.20464,43.75941],[-79.20512,43.7595],[-79.20463,43.75946],[-79.20457,43.75981],[-79.20562,43.76229],[-79.20614,43.76214],[-79.20652,43.76263],[-79.20626,43.76293],[-79.20736,43.76341],[-79.20595,43.76371],[-79.20473,43.76292],[-79.20326,43.76282],[-79.20341,43.76316],[-79.20265,43.76393],[-79.20332,43.76446],[-79.20043,43.76508],[-79.19993,43.76484],[-79.19932,43.76343],[-79.2003,43.76286],[-79.20075,43.76208],[-79.20035,43.76197],[-79.20077,43.76203],[-79.20114,43.76137],[-79.20153,43.75963],[-79.20057,43.7578],[-79.20088,43.75741],[-79.20067,43.75669],[-79.20141,43.75628]]]]}},{"type":"Feature","properties":{"id":"dogal-lab-54","kind":"district-label","btype":"dogal","name":"Highland Creek Community Park"},"geometry":{"type":"Point","coordinates":[-79.20281,43.76061]}},{"type":"Feature","properties":{"id":"dogal-55","kind":"district","btype":"dogal","name":"Biidaasige Park","lab":1},"geometry":{"type":"MultiPolygon","coordinates":[[[[-79.35154,43.64377],[-79.35086,43.64304],[-79.3517,43.64269],[-79.35223,43.64347],[-79.3519,43.6439],[-79.3525,43.64412],[-79.35415,43.64327],[-79.35444,43.64367],[-79.35542,43.6434],[-79.35594,43.64301],[-79.35585,43.64248],[-79.35659,43.64218],[-79.35823,43.6445],[-79.35744,43.64429],[-79.35659,43.64465],[-79.35552,43.64401],[-79.35382,43.64469],[-79.35287,43.64406],[-79.35331,43.64479],[-79.34701,43.64759],[-79.34805,43.64907],[-79.34629,43.64987],[-79.34539,43.64868],[-79.34559,43.64853],[-79.34475,43.64845],[-79.34245,43.64571],[-79.34416,43.64474],[-79.34538,43.64582],[-79.35052,43.6432],[-79.35154,43.64377]]]]}},{"type":"Feature","properties":{"id":"dogal-lab-55","kind":"district-label","btype":"dogal","name":"Biidaasige Park"},"geometry":{"type":"Point","coordinates":[-79.34902,43.64567]}},{"type":"Feature","properties":{"id":"dogal-56","kind":"district","btype":"dogal","name":"Cawthra Park","lab":1},"geometry":{"type":"MultiPolygon","coordinates":[[[[-79.57555,43.57656],[-79.57463,43.57735],[-79.57522,43.57779],[-79.57428,43.57856],[-79.57296,43.57774],[-79.57172,43.57875],[-79.58076,43.58502],[-79.58177,43.58363],[-79.58045,43.58129],[-79.58082,43.58075],[-79.57972,43.57953],[-79.57555,43.57656]]]]}},{"type":"Feature","properties":{"id":"dogal-lab-56","kind":"district-label","btype":"dogal","name":"Cawthra Park"},"geometry":{"type":"Point","coordinates":[-79.57734,43.58054]}},{"type":"Feature","properties":{"id":"dogal-57","kind":"district","btype":"dogal","name":"Milliken Mills","lab":1},"geometry":{"type":"MultiPolygon","coordinates":[[[[-79.313,43.83682],[-79.30396,43.83888],[-79.3048,43.84221],[-79.30635,43.84194],[-79.30614,43.84143],[-79.30725,43.841],[-79.30843,43.84256],[-79.30982,43.84221],[-79.30945,43.84109],[-79.31453,43.83988],[-79.313,43.83682]]]]}},{"type":"Feature","properties":{"id":"dogal-lab-57","kind":"district-label","btype":"dogal","name":"Milliken Mills"},"geometry":{"type":"Point","coordinates":[-79.30908,43.83957]}},{"type":"Feature","properties":{"id":"dogal-58","kind":"district","btype":"dogal","name":"Paul Coffey Park","lab":1},"geometry":{"type":"MultiPolygon","coordinates":[[[[-79.63461,43.71079],[-79.63264,43.7095],[-79.63147,43.7093],[-79.63191,43.70853],[-79.63096,43.708],[-79.63033,43.70839],[-79.62922,43.70781],[-79.62844,43.70786],[-79.62638,43.70644],[-79.62575,43.70643],[-79.6249,43.70709],[-79.6249,43.70872],[-79.62247,43.71049],[-79.62498,43.71087],[-79.62632,43.70948],[-79.63165,43.71335],[-79.63461,43.71079]]]]}},{"type":"Feature","properties":{"id":"dogal-lab-58","kind":"district-label","btype":"dogal","name":"Paul Coffey Park"},"geometry":{"type":"Point","coordinates":[-79.62895,43.70978]}},{"type":"Feature","properties":{"id":"dogal-59","kind":"district","btype":"dogal","name":"Treeline Pond","lab":1},"geometry":{"type":"MultiPolygon","coordinates":[[[[-79.73938,43.78273],[-79.73884,43.78244],[-79.73717,43.78274],[-79.73733,43.78189],[-79.73902,43.78181],[-79.73737,43.78099],[-79.7377,43.78059],[-79.73884,43.78055],[-79.73806,43.78011],[-79.73342,43.77925],[-79.73248,43.77955],[-79.73255,43.78059],[-79.7312,43.77972],[-79.73013,43.77993],[-79.72681,43.77954],[-79.72528,43.77888],[-79.72705,43.77866],[-79.72749,43.77846],[-79.72738,43.77798],[-79.72497,43.77794],[-79.72311,43.7797],[-79.72402,43.77956],[-79.72417,43.78033],[-79.72516,43.78121],[-79.72882,43.78061],[-79.73104,43.78071],[-79.73227,43.7817],[-79.73532,43.78269],[-79.73526,43.78333],[-79.73602,43.78404],[-79.73586,43.78441],[-79.73619,43.78412],[-79.73696,43.78449],[-79.73938,43.78273]]]]}},{"type":"Feature","properties":{"id":"dogal-lab-59","kind":"district-label","btype":"dogal","name":"Treeline Pond"},"geometry":{"type":"Point","coordinates":[-79.73223,43.78086]}},{"type":"Feature","properties":{"id":"dogal-60","kind":"district","btype":"dogal","name":"King's Mill Park","lab":1},"geometry":{"type":"MultiPolygon","coordinates":[[[[-79.49252,43.65108],[-79.49132,43.65126],[-79.4909,43.64997],[-79.49297,43.64784],[-79.49313,43.646],[-79.49366,43.6464],[-79.49389,43.64632],[-79.49213,43.64512],[-79.49115,43.64376],[-79.49001,43.64129],[-79.49038,43.64124],[-79.49019,43.64073],[-79.49091,43.64054],[-79.49197,43.64062],[-79.49308,43.64143],[-79.49349,43.64218],[-79.49323,43.64373],[-79.49392,43.64542],[-79.49439,43.64531],[-79.49434,43.64595],[-79.49695,43.64613],[-79.4985,43.64584],[-79.49948,43.64688],[-79.49869,43.6484],[-79.49632,43.64888],[-79.49415,43.64857],[-79.49252,43.65108]]]]}},{"type":"Feature","properties":{"id":"dogal-lab-60","kind":"district-label","btype":"dogal","name":"King's Mill Park"},"geometry":{"type":"Point","coordinates":[-79.49405,43.64615]}},{"type":"Feature","properties":{"id":"dogal-61","kind":"district","btype":"dogal","name":"Vaughan Grove Sports Park","lab":1},"geometry":{"type":"MultiPolygon","coordinates":[[[[-79.60822,43.77226],[-79.60782,43.77042],[-79.60689,43.77062],[-79.60677,43.7703],[-79.60323,43.77107],[-79.6027,43.76965],[-79.60724,43.76836],[-79.60697,43.76709],[-79.60471,43.76757],[-79.60435,43.76655],[-79.60283,43.7669],[-79.60233,43.76586],[-79.59983,43.76625],[-79.59916,43.76774],[-79.59928,43.76824],[-79.60135,43.76915],[-79.60163,43.7717],[-79.60231,43.77316],[-79.60314,43.77297],[-79.60334,43.77335],[-79.60822,43.77226]]]]}},{"type":"Feature","properties":{"id":"dogal-lab-61","kind":"district-label","btype":"dogal","name":"Vaughan Grove Sports Park"},"geometry":{"type":"Point","coordinates":[-79.60358,43.76956]}},{"type":"Feature","properties":{"id":"dogal-62","kind":"district","btype":"dogal","name":"Valleybrook Park","lab":1},"geometry":{"type":"MultiPolygon","coordinates":[[[[-79.77797,43.70896],[-79.77536,43.70864],[-79.77285,43.70925],[-79.77487,43.70845],[-79.7742,43.70749],[-79.77345,43.70744],[-79.77353,43.70651],[-79.77234,43.70566],[-79.7733,43.70459],[-79.77327,43.70407],[-79.77457,43.7036],[-79.77623,43.70384],[-79.77567,43.70125],[-79.77488,43.70075],[-79.77691,43.69939],[-79.77732,43.70006],[-79.77775,43.69982],[-79.77831,43.7003],[-79.77729,43.70109],[-79.77768,43.7052],[-79.77607,43.70667],[-79.78052,43.70899],[-79.78196,43.71016],[-79.78089,43.71139],[-79.77955,43.70978],[-79.77797,43.70896]]]]}},{"type":"Feature","properties":{"id":"dogal-lab-62","kind":"district-label","btype":"dogal","name":"Valleybrook Park"},"geometry":{"type":"Point","coordinates":[-79.77645,43.70567]}},{"type":"Feature","properties":{"id":"dogal-63","kind":"district","btype":"dogal","name":"Jim Tovey Lakeview Conservation Area","lab":1},"geometry":{"type":"MultiPolygon","coordinates":[[[[-79.5471,43.57497],[-79.54602,43.57378],[-79.54638,43.57191],[-79.5444,43.57053],[-79.54402,43.57054],[-79.54302,43.5721],[-79.54051,43.57254],[-79.53933,43.57348],[-79.53974,43.57406],[-79.54127,43.57447],[-79.54069,43.57599],[-79.54135,43.57686],[-79.54099,43.57828],[-79.54209,43.5792],[-79.54232,43.57995],[-79.54193,43.58059],[-79.54355,43.58121],[-79.54355,43.58073],[-79.54386,43.5807],[-79.54339,43.57955],[-79.54398,43.57937],[-79.54476,43.57813],[-79.5434,43.57696],[-79.54365,43.57614],[-79.5432,43.57504],[-79.54499,43.57429],[-79.5471,43.57497]]]]}},{"type":"Feature","properties":{"id":"dogal-lab-63","kind":"district-label","btype":"dogal","name":"Jim Tovey Lakeview Conservation Area"},"geometry":{"type":"Point","coordinates":[-79.54307,43.57511]}},{"type":"Feature","properties":{"id":"dogal-64","kind":"district","btype":"dogal","name":"German Mills Meadow and Natural Habitat","lab":1},"geometry":{"type":"MultiPolygon","coordinates":[[[[-79.37384,43.8129],[-79.37291,43.81318],[-79.37276,43.81276],[-79.37087,43.81288],[-79.37092,43.81338],[-79.36734,43.81423],[-79.36936,43.81392],[-79.37114,43.81412],[-79.36908,43.81586],[-79.36819,43.81612],[-79.37034,43.81573],[-79.37107,43.81491],[-79.37203,43.81551],[-79.3715,43.81634],[-79.37083,43.81655],[-79.37154,43.81783],[-79.37082,43.81807],[-79.3726,43.82005],[-79.37279,43.82156],[-79.37625,43.82081],[-79.37384,43.8129]]]]}},{"type":"Feature","properties":{"id":"dogal-lab-64","kind":"district-label","btype":"dogal","name":"German Mills Meadow and Natural Habitat"},"geometry":{"type":"Point","coordinates":[-79.37309,43.81704]}},{"type":"Feature","properties":{"id":"dogal-65","kind":"district","btype":"dogal","name":"Parkway Belt Park","lab":1},"geometry":{"type":"MultiPolygon","coordinates":[[[[-79.63927,43.61914],[-79.64528,43.6235],[-79.64967,43.62672],[-79.64837,43.62692],[-79.64826,43.62758],[-79.64702,43.62824],[-79.64001,43.62295],[-79.63902,43.62074],[-79.63822,43.62018],[-79.63927,43.61914]]]]}},{"type":"Feature","properties":{"id":"dogal-lab-65","kind":"district-label","btype":"dogal","name":"Parkway Belt Park"},"geometry":{"type":"Point","coordinates":[-79.64374,43.62397]}},{"type":"Feature","properties":{"id":"dogal-66","kind":"district","btype":"dogal","name":"Todmorden Mills Park","lab":1},"geometry":{"type":"MultiPolygon","coordinates":[[[[-79.36223,43.6819],[-79.35958,43.68177],[-79.35811,43.68261],[-79.35747,43.68404],[-79.35803,43.68555],[-79.35761,43.68585],[-79.35852,43.68723],[-79.357,43.68842],[-79.35682,43.68901],[-79.3593,43.68832],[-79.35965,43.68857],[-79.3576,43.6898],[-79.35784,43.69002],[-79.35746,43.69049],[-79.35748,43.6917],[-79.35701,43.69247],[-79.3555,43.69281],[-79.35403,43.69385],[-79.35423,43.69503],[-79.35472,43.69522],[-79.35952,43.69064],[-79.36052,43.6884],[-79.36091,43.68441],[-79.36,43.68307],[-79.36081,43.68244],[-79.36199,43.68267],[-79.36223,43.6819]]]]}},{"type":"Feature","properties":{"id":"dogal-lab-66","kind":"district-label","btype":"dogal","name":"Todmorden Mills Park"},"geometry":{"type":"Point","coordinates":[-79.35865,43.68743]}},{"type":"Feature","properties":{"id":"dogal-67","kind":"district","btype":"dogal","name":"David A. Balfour Park","lab":1},"geometry":{"type":"MultiPolygon","coordinates":[[[[-79.38549,43.68374],[-79.38675,43.68557],[-79.38834,43.68517],[-79.38784,43.68404],[-79.38833,43.68391],[-79.38889,43.68526],[-79.39004,43.68502],[-79.39072,43.68673],[-79.38819,43.68742],[-79.38858,43.6882],[-79.3903,43.68927],[-79.39182,43.69112],[-79.3905,43.6914],[-79.38902,43.68987],[-79.38789,43.68958],[-79.38508,43.68733],[-79.38405,43.68758],[-79.38446,43.68655],[-79.38427,43.68554],[-79.3847,43.68496],[-79.38416,43.68419],[-79.3838,43.68435],[-79.38325,43.68211],[-79.38178,43.67992],[-79.38368,43.68058],[-79.38421,43.68174],[-79.38511,43.68221],[-79.38549,43.68374]]]]}},{"type":"Feature","properties":{"id":"dogal-lab-67","kind":"district-label","btype":"dogal","name":"David A. Balfour Park"},"geometry":{"type":"Point","coordinates":[-79.38689,43.68615]}},{"type":"Feature","properties":{"id":"dogal-68","kind":"district","btype":"dogal","name":"Marie Curtis Park","lab":1},"geometry":{"type":"MultiPolygon","coordinates":[[[[-79.54112,43.58485],[-79.54079,43.58458],[-79.54099,43.58507],[-79.54001,43.58614],[-79.54561,43.58966],[-79.54808,43.58696],[-79.54454,43.58509],[-79.54481,43.58183],[-79.54356,43.58051],[-79.54332,43.5811],[-79.54244,43.58082],[-79.54304,43.58153],[-79.54295,43.58211],[-79.54112,43.58485]]]]}},{"type":"Feature","properties":{"id":"dogal-lab-68","kind":"district-label","btype":"dogal","name":"Marie Curtis Park"},"geometry":{"type":"Point","coordinates":[-79.54391,43.58571]}},{"type":"Feature","properties":{"id":"dogal-69","kind":"district","btype":"dogal","name":"Woodbine Beach Park","lab":1},"geometry":{"type":"MultiPolygon","coordinates":[[[[-79.31287,43.66263],[-79.30406,43.66476],[-79.30346,43.66391],[-79.30484,43.66251],[-79.30653,43.65945],[-79.30764,43.65892],[-79.30882,43.65909],[-79.31204,43.661],[-79.31287,43.66263]]]]}},{"type":"Feature","properties":{"id":"dogal-lab-69","kind":"district-label","btype":"dogal","name":"Woodbine Beach Park"},"geometry":{"type":"Point","coordinates":[-79.3081,43.66189]}},{"type":"Feature","properties":{"id":"dogal-70","kind":"district","btype":"dogal","name":"Mallaby Park","lab":1},"geometry":{"type":"MultiPolygon","coordinates":[[[[-79.54106,43.71159],[-79.5391,43.71196],[-79.53763,43.71175],[-79.53834,43.71158],[-79.53789,43.71053],[-79.53861,43.71036],[-79.53729,43.71047],[-79.53677,43.70906],[-79.53551,43.70847],[-79.53479,43.70608],[-79.53303,43.70567],[-79.53266,43.70632],[-79.53234,43.70559],[-79.53071,43.7051],[-79.52729,43.70292],[-79.52816,43.70216],[-79.53327,43.70433],[-79.53671,43.70421],[-79.53577,43.70736],[-79.53864,43.70801],[-79.53985,43.70905],[-79.54106,43.71159]]]]}},{"type":"Feature","properties":{"id":"dogal-lab-70","kind":"district-label","btype":"dogal","name":"Mallaby Park"},"geometry":{"type":"Point","coordinates":[-79.53512,43.70687]}},{"type":"Feature","properties":{"id":"dogal-71","kind":"district","btype":"dogal","name":"Austin Drive Park","lab":1},"geometry":{"type":"MultiPolygon","coordinates":[[[[-79.29563,43.86704],[-79.29967,43.86739],[-79.30391,43.86645],[-79.30412,43.8644],[-79.30132,43.86336],[-79.29399,43.86507],[-79.29436,43.86595],[-79.29563,43.86704]]]]}},{"type":"Feature","properties":{"id":"dogal-lab-71","kind":"district-label","btype":"dogal","name":"Austin Drive Park"},"geometry":{"type":"Point","coordinates":[-79.29945,43.86551]}},{"type":"Feature","properties":{"id":"dogal-72","kind":"district","btype":"dogal","name":"Edwards Gardens","lab":1},"geometry":{"type":"MultiPolygon","coordinates":[[[[-79.35545,43.72827],[-79.35275,43.72859],[-79.35521,43.73128],[-79.35542,43.73078],[-79.35686,43.73085],[-79.35746,43.73267],[-79.35587,43.73344],[-79.35613,43.73438],[-79.35936,43.73459],[-79.36477,43.73345],[-79.36181,43.73152],[-79.35999,43.73197],[-79.35763,43.72957],[-79.35593,43.72922],[-79.35611,43.72881],[-79.35735,43.72872],[-79.35779,43.72844],[-79.35548,43.72874],[-79.35545,43.72827]]]]}},{"type":"Feature","properties":{"id":"dogal-lab-72","kind":"district-label","btype":"dogal","name":"Edwards Gardens"},"geometry":{"type":"Point","coordinates":[-79.35848,43.73193]}},{"type":"Feature","properties":{"id":"dogal-73","kind":"district","btype":"dogal","name":"Thomson Memorial Park","lab":1},"geometry":{"type":"MultiPolygon","coordinates":[[[[-79.25789,43.7613],[-79.25543,43.76128],[-79.25549,43.7616],[-79.25413,43.76137],[-79.2542,43.76087],[-79.25234,43.76038],[-79.25235,43.7598],[-79.25155,43.75956],[-79.25068,43.75974],[-79.25108,43.76031],[-79.25081,43.76037],[-79.24957,43.75966],[-79.2478,43.75975],[-79.25563,43.75524],[-79.25789,43.7613]]]]}},{"type":"Feature","properties":{"id":"dogal-lab-73","kind":"district-label","btype":"dogal","name":"Thomson Memorial Park"},"geometry":{"type":"Point","coordinates":[-79.25399,43.75882]}},{"type":"Feature","properties":{"id":"dogal-74","kind":"district","btype":"dogal","name":"Flower City Community Campus","lab":1},"geometry":{"type":"MultiPolygon","coordinates":[[[[-79.77421,43.67276],[-79.77127,43.6707],[-79.76888,43.66965],[-79.7652,43.67188],[-79.7706,43.67585],[-79.77421,43.67276]]]]}},{"type":"Feature","properties":{"id":"dogal-lab-74","kind":"district-label","btype":"dogal","name":"Flower City Community Campus"},"geometry":{"type":"Point","coordinates":[-79.76982,43.67256]}},{"type":"Feature","properties":{"id":"dogal-75","kind":"district","btype":"dogal","name":"South Marine Park","lab":1},"geometry":{"type":"MultiPolygon","coordinates":[[[[-79.21288,43.73013],[-79.20842,43.73425],[-79.20401,43.73714],[-79.20204,43.73788],[-79.19923,43.7402],[-79.19736,43.73924],[-79.20223,43.73576],[-79.20642,43.73412],[-79.20673,43.73341],[-79.20751,43.73335],[-79.20776,43.7326],[-79.20867,43.73224],[-79.20883,43.73163],[-79.20984,43.73132],[-79.21013,43.73102],[-79.20977,43.73045],[-79.21116,43.72987],[-79.21135,43.72932],[-79.21288,43.73013]]]]}},{"type":"Feature","properties":{"id":"dogal-lab-75","kind":"district-label","btype":"dogal","name":"South Marine Park"},"geometry":{"type":"Point","coordinates":[-79.20507,43.73517]}},{"type":"Feature","properties":{"id":"dogal-76","kind":"district","btype":"dogal","name":"Headwaters Community Park","lab":1},"geometry":{"type":"MultiPolygon","coordinates":[[[[-79.40989,43.89514],[-79.41174,43.89475],[-79.4116,43.89359],[-79.41037,43.89375],[-79.40865,43.89218],[-79.40689,43.89187],[-79.40483,43.88931],[-79.40607,43.88892],[-79.40656,43.88981],[-79.40803,43.88977],[-79.40841,43.88962],[-79.40783,43.88842],[-79.40483,43.8877],[-79.40161,43.88832],[-79.40104,43.88876],[-79.40009,43.89066],[-79.40049,43.89246],[-79.40407,43.89206],[-79.40249,43.89044],[-79.40338,43.89031],[-79.40323,43.89004],[-79.40375,43.88974],[-79.40564,43.89113],[-79.40585,43.89215],[-79.40881,43.89328],[-79.40956,43.89407],[-79.40989,43.89514]]]]}},{"type":"Feature","properties":{"id":"dogal-lab-76","kind":"district-label","btype":"dogal","name":"Headwaters Community Park"},"geometry":{"type":"Point","coordinates":[-79.4048,43.89064]}},{"type":"Feature","properties":{"id":"dogal-77","kind":"district","btype":"dogal","name":"Mississauga Valley","lab":1},"geometry":{"type":"MultiPolygon","coordinates":[[[[-79.62564,43.59676],[-79.62599,43.59759],[-79.62712,43.59668],[-79.62776,43.59734],[-79.62777,43.5986],[-79.62827,43.59912],[-79.62871,43.59875],[-79.62841,43.59818],[-79.62875,43.59754],[-79.63083,43.59694],[-79.63161,43.59628],[-79.62757,43.59517],[-79.62482,43.59224],[-79.62174,43.59449],[-79.62128,43.59639],[-79.62138,43.59672],[-79.62313,43.59709],[-79.62386,43.5961],[-79.6245,43.59664],[-79.62418,43.59682],[-79.62484,43.59682],[-79.62414,43.59584],[-79.62455,43.59562],[-79.62564,43.59676]]]]}},{"type":"Feature","properties":{"id":"dogal-lab-77","kind":"district-label","btype":"dogal","name":"Mississauga Valley"},"geometry":{"type":"Point","coordinates":[-79.6257,43.59554]}},{"type":"Feature","properties":{"id":"dogal-78","kind":"district","btype":"dogal","name":"White Spruce Park","lab":1},"geometry":{"type":"MultiPolygon","coordinates":[[[[-79.77542,43.73219],[-79.77583,43.73149],[-79.77768,43.73186],[-79.78172,43.72751],[-79.7808,43.72763],[-79.77874,43.72608],[-79.77775,43.72723],[-79.77427,43.72724],[-79.77548,43.72817],[-79.77288,43.73037],[-79.77542,43.73219]]]]}},{"type":"Feature","properties":{"id":"dogal-lab-78","kind":"district-label","btype":"dogal","name":"White Spruce Park"},"geometry":{"type":"Point","coordinates":[-79.77716,43.72922]}},{"type":"Feature","properties":{"id":"dogal-79","kind":"district","btype":"dogal","name":"Humber Bay Park East","lab":1},"geometry":{"type":"MultiPolygon","coordinates":[[[[-79.47577,43.61979],[-79.48175,43.62199],[-79.4811,43.62283],[-79.47969,43.62234],[-79.47895,43.62254],[-79.47861,43.622],[-79.47756,43.62236],[-79.47649,43.62344],[-79.47488,43.62352],[-79.47383,43.62421],[-79.47257,43.62344],[-79.47163,43.62438],[-79.47196,43.62538],[-79.47036,43.62517],[-79.47001,43.62387],[-79.46911,43.62271],[-79.46942,43.62238],[-79.47317,43.62218],[-79.47487,43.62025],[-79.47431,43.61906],[-79.47468,43.61874],[-79.47528,43.61882],[-79.47577,43.61979]]]]}},{"type":"Feature","properties":{"id":"dogal-lab-79","kind":"district-label","btype":"dogal","name":"Humber Bay Park East"},"geometry":{"type":"Point","coordinates":[-79.47489,43.62224]}},{"type":"Feature","properties":{"id":"dogal-80","kind":"district","btype":"dogal","name":"Étienne Brûlé Park","lab":1},"geometry":{"type":"MultiPolygon","coordinates":[[[[-79.48989,43.6517],[-79.49056,43.65319],[-79.49154,43.65347],[-79.49715,43.65347],[-79.49947,43.65293],[-79.50084,43.65342],[-79.50159,43.6542],[-79.50163,43.65481],[-79.5021,43.65499],[-79.50167,43.65562],[-79.4992,43.6568],[-79.49796,43.65797],[-79.49822,43.65894],[-79.49862,43.65894],[-79.49867,43.66019],[-79.50299,43.66261],[-79.50352,43.66201],[-79.50479,43.66304],[-79.50525,43.6628],[-79.49913,43.65885],[-79.49964,43.65725],[-79.50176,43.65581],[-79.50263,43.65481],[-79.50269,43.65331],[-79.50232,43.65288],[-79.50123,43.65244],[-79.4973,43.65211],[-79.49271,43.65244],[-79.49098,43.65159],[-79.48989,43.6517]]]]}},{"type":"Feature","properties":{"id":"dogal-lab-80","kind":"district-label","btype":"dogal","name":"Étienne Brûlé Park"},"geometry":{"type":"Point","coordinates":[-79.49815,43.65571]}},{"type":"Feature","properties":{"id":"dogal-81","kind":"district","btype":"dogal","name":"Duncan Foster Valley South","lab":1},"geometry":{"type":"MultiPolygon","coordinates":[[[[-79.67844,43.79117],[-79.67659,43.7898],[-79.67595,43.78995],[-79.6751,43.7885],[-79.67449,43.78822],[-79.67474,43.78785],[-79.67353,43.78703],[-79.67411,43.78688],[-79.67419,43.78611],[-79.67254,43.78563],[-79.67148,43.78636],[-79.67034,43.78613],[-79.66974,43.78579],[-79.67029,43.7853],[-79.66937,43.78468],[-79.66778,43.78491],[-79.66728,43.78447],[-79.66768,43.78374],[-79.66609,43.78381],[-79.66571,43.78553],[-79.66818,43.78645],[-79.66947,43.78746],[-79.67039,43.78708],[-79.6721,43.78756],[-79.67246,43.78781],[-79.67216,43.78803],[-79.67261,43.78793],[-79.67321,43.78867],[-79.67287,43.78906],[-79.6733,43.79004],[-79.67632,43.79209],[-79.67844,43.79117]]]]}},{"type":"Feature","properties":{"id":"dogal-lab-81","kind":"district-label","btype":"dogal","name":"Duncan Foster Valley South"},"geometry":{"type":"Point","coordinates":[-79.67213,43.78771]}},{"type":"Feature","properties":{"id":"dogal-82","kind":"district","btype":"dogal","name":"Hewick Meadows Park","lab":1},"geometry":{"type":"MultiPolygon","coordinates":[[[[-79.6902,43.56652],[-79.69078,43.56708],[-79.69064,43.5686],[-79.69318,43.5704],[-79.69164,43.57164],[-79.6893,43.57008],[-79.68925,43.5697],[-79.69031,43.56859],[-79.69049,43.56738],[-79.68751,43.56734],[-79.68463,43.56862],[-79.68465,43.56908],[-79.68457,43.56863],[-79.68302,43.56782],[-79.6822,43.5665],[-79.68518,43.56437],[-79.68584,43.56576],[-79.6902,43.56541],[-79.69048,43.56593],[-79.6902,43.56652]]]]}},{"type":"Feature","properties":{"id":"dogal-lab-82","kind":"district-label","btype":"dogal","name":"Hewick Meadows Park"},"geometry":{"type":"Point","coordinates":[-79.68744,43.56751]}},{"type":"Feature","properties":{"id":"dogal-83","kind":"district","btype":"dogal","name":"Summerlea Park","lab":1},"geometry":{"type":"MultiPolygon","coordinates":[[[[-79.55198,43.72693],[-79.55133,43.72724],[-79.55175,43.72795],[-79.55089,43.72913],[-79.54962,43.7299],[-79.54897,43.72931],[-79.54955,43.72993],[-79.54714,43.73058],[-79.54544,43.73042],[-79.54419,43.72851],[-79.54239,43.729],[-79.54278,43.72976],[-79.54512,43.73093],[-79.54402,43.73168],[-79.54427,43.73229],[-79.54752,43.73189],[-79.54855,43.73275],[-79.55037,43.7333],[-79.55346,43.72894],[-79.55198,43.72693]]]]}},{"type":"Feature","properties":{"id":"dogal-lab-83","kind":"district-label","btype":"dogal","name":"Summerlea Park"},"geometry":{"type":"Point","coordinates":[-79.5487,43.73057]}},{"type":"Feature","properties":{"id":"dogal-84","kind":"district","btype":"dogal","name":"Eldorado Park","lab":1},"geometry":{"type":"MultiPolygon","coordinates":[[[[-79.77983,43.64752],[-79.78182,43.64726],[-79.78326,43.64592],[-79.78363,43.64455],[-79.78267,43.64392],[-79.77873,43.64283],[-79.77705,43.6432],[-79.77647,43.6437],[-79.77461,43.64378],[-79.77983,43.64752]]]]}},{"type":"Feature","properties":{"id":"dogal-lab-84","kind":"district-label","btype":"dogal","name":"Eldorado Park"},"geometry":{"type":"Point","coordinates":[-79.77975,43.64502]}},{"type":"Feature","properties":{"id":"dogal-85","kind":"district","btype":"dogal","name":"Lakefront Promenade Park","lab":1},"geometry":{"type":"MultiPolygon","coordinates":[[[[-79.5594,43.56865],[-79.55634,43.57014],[-79.55628,43.57104],[-79.55705,43.57202],[-79.55512,43.57084],[-79.55511,43.57019],[-79.55631,43.56786],[-79.55821,43.56878],[-79.55906,43.56846],[-79.55716,43.56735],[-79.55804,43.56654],[-79.55742,43.56609],[-79.55781,43.56584],[-79.55724,43.56481],[-79.55801,43.56374],[-79.55718,43.56321],[-79.55598,43.56379],[-79.55772,43.56241],[-79.55929,43.56263],[-79.56005,43.56385],[-79.55959,43.56438],[-79.56118,43.56446],[-79.56195,43.56516],[-79.56057,43.56661],[-79.56064,43.56735],[-79.56122,43.56745],[-79.56216,43.56631],[-79.56286,43.56625],[-79.56116,43.56784],[-79.55995,43.56777],[-79.5594,43.56865]]]]}},{"type":"Feature","properties":{"id":"dogal-lab-85","kind":"district-label","btype":"dogal","name":"Lakefront Promenade Park"},"geometry":{"type":"Point","coordinates":[-79.5586,43.56651]}},{"type":"Feature","properties":{"id":"dogal-86","kind":"district","btype":"dogal","name":"L'Amoreaux Park","lab":1},"geometry":{"type":"MultiPolygon","coordinates":[[[[-79.30623,43.81388],[-79.30551,43.8122],[-79.30239,43.8127],[-79.30216,43.8122],[-79.30835,43.80944],[-79.30931,43.81166],[-79.31217,43.81373],[-79.3132,43.81357],[-79.31347,43.81416],[-79.3102,43.81454],[-79.30998,43.81525],[-79.30879,43.81551],[-79.30786,43.81346],[-79.30623,43.81388]]]]}},{"type":"Feature","properties":{"id":"dogal-lab-86","kind":"district-label","btype":"dogal","name":"L'Amoreaux Park"},"geometry":{"type":"Point","coordinates":[-79.30793,43.81251]}},{"type":"Feature","properties":{"id":"dogal-87","kind":"district","btype":"dogal","name":"South Humber Park","lab":1},"geometry":{"type":"MultiPolygon","coordinates":[[[[-79.47793,43.63592],[-79.4804,43.63546],[-79.4828,43.63417],[-79.4831,43.63345],[-79.48221,43.63096],[-79.48273,43.63083],[-79.48306,43.6309],[-79.483,43.6316],[-79.48333,43.63152],[-79.4839,43.63283],[-79.4834,43.63295],[-79.48348,43.63331],[-79.48408,43.63317],[-79.48469,43.6342],[-79.48561,43.63399],[-79.48633,43.63574],[-79.48136,43.63683],[-79.48177,43.63785],[-79.47831,43.63788],[-79.47731,43.63739],[-79.4769,43.63602],[-79.47807,43.63751],[-79.47889,43.63721],[-79.4767,43.63567],[-79.47571,43.63363],[-79.47619,43.63316],[-79.47793,43.63592]]]]}},{"type":"Feature","properties":{"id":"dogal-lab-87","kind":"district-label","btype":"dogal","name":"South Humber Park"},"geometry":{"type":"Point","coordinates":[-79.48148,43.6354]}},{"type":"Feature","properties":{"id":"dogal-88","kind":"district","btype":"dogal","name":"Applewood Hills","lab":1},"geometry":{"type":"MultiPolygon","coordinates":[[[[-79.5914,43.60965],[-79.59433,43.61051],[-79.59694,43.6122],[-79.59901,43.61228],[-79.60081,43.61317],[-79.60231,43.61463],[-79.6046,43.61466],[-79.60664,43.61551],[-79.60672,43.61595],[-79.6077,43.61649],[-79.61055,43.6196],[-79.61259,43.62075],[-79.61222,43.62117],[-79.61139,43.62087],[-79.60581,43.6161],[-79.60437,43.6154],[-79.60113,43.61605],[-79.60071,43.61672],[-79.60008,43.61676],[-79.60065,43.61594],[-79.60082,43.61476],[-79.59844,43.61302],[-79.59748,43.61294],[-79.59714,43.61329],[-79.59421,43.61177],[-79.59099,43.61076],[-79.58963,43.61068],[-79.58736,43.61159],[-79.58915,43.61041],[-79.59163,43.61014],[-79.5914,43.60965]]]]}},{"type":"Feature","properties":{"id":"dogal-lab-88","kind":"district-label","btype":"dogal","name":"Applewood Hills"},"geometry":{"type":"Point","coordinates":[-79.60045,43.6142]}},{"type":"Feature","properties":{"id":"dogal-89","kind":"district","btype":"dogal","name":"Huron Park","lab":1},"geometry":{"type":"MultiPolygon","coordinates":[[[[-79.63718,43.55888],[-79.6363,43.55992],[-79.63564,43.56209],[-79.63646,43.56262],[-79.63609,43.56294],[-79.63495,43.56216],[-79.63434,43.56245],[-79.6341,43.5616],[-79.62737,43.55673],[-79.62893,43.55534],[-79.63343,43.55845],[-79.63371,43.55819],[-79.63533,43.55933],[-79.63651,43.55837],[-79.63718,43.55888]]]]}},{"type":"Feature","properties":{"id":"dogal-lab-89","kind":"district-label","btype":"dogal","name":"Huron Park"},"geometry":{"type":"Point","coordinates":[-79.63253,43.55895]}},{"type":"Feature","properties":{"id":"dogal-90","kind":"district","btype":"dogal","name":"Edelweiss Park","lab":1},"geometry":{"type":"MultiPolygon","coordinates":[[[[-79.74961,43.877],[-79.7535,43.87597],[-79.75444,43.8767],[-79.75495,43.87627],[-79.75588,43.8772],[-79.75556,43.87745],[-79.75564,43.87853],[-79.75474,43.87985],[-79.755,43.88007],[-79.75171,43.88068],[-79.74995,43.87951],[-79.74964,43.87839],[-79.74888,43.87756],[-79.74961,43.877]]]]}},{"type":"Feature","properties":{"id":"dogal-lab-90","kind":"district-label","btype":"dogal","name":"Edelweiss Park"},"geometry":{"type":"Point","coordinates":[-79.75258,43.87828]}},{"type":"Feature","properties":{"id":"dogal-91","kind":"district","btype":"dogal","name":"Rouge National Urban Park (Bob Hunter Memorial)","lab":1},"geometry":{"type":"MultiPolygon","coordinates":[[[[-79.20597,43.86478],[-79.20635,43.86631],[-79.20837,43.86591],[-79.20981,43.86717],[-79.21133,43.86701],[-79.21547,43.86207],[-79.21334,43.86194],[-79.21042,43.8638],[-79.20597,43.86478]]]]}},{"type":"Feature","properties":{"id":"dogal-lab-91","kind":"district-label","btype":"dogal","name":"Rouge National Urban Park (Bob Hunter Memorial)"},"geometry":{"type":"Point","coordinates":[-79.21077,43.86469]}},{"type":"Feature","properties":{"id":"dogal-92","kind":"district","btype":"dogal","name":"Eglinton Flats","lab":1},"geometry":{"type":"MultiPolygon","coordinates":[[[[-79.49907,43.68456],[-79.50238,43.68422],[-79.50381,43.6845],[-79.50386,43.6852],[-79.50458,43.68554],[-79.50802,43.68545],[-79.50857,43.68635],[-79.50778,43.687],[-79.50485,43.68675],[-79.5022,43.68789],[-79.50026,43.68826],[-79.49907,43.68456]]]]}},{"type":"Feature","properties":{"id":"dogal-lab-92","kind":"district-label","btype":"dogal","name":"Eglinton Flats"},"geometry":{"type":"Point","coordinates":[-79.50296,43.68609]}},{"type":"Feature","properties":{"id":"dogal-93","kind":"district","btype":"dogal","name":"Maxey Park","lab":1},"geometry":{"type":"MultiPolygon","coordinates":[[[[-79.58998,43.7822],[-79.59009,43.78324],[-79.58878,43.78508],[-79.58781,43.78735],[-79.58706,43.78781],[-79.58603,43.78773],[-79.58571,43.78815],[-79.58601,43.78951],[-79.58517,43.79023],[-79.58442,43.79209],[-79.58238,43.79307],[-79.58078,43.79304],[-79.58071,43.79192],[-79.58225,43.79078],[-79.58282,43.78872],[-79.58359,43.78776],[-79.58475,43.7881],[-79.58532,43.7873],[-79.58515,43.78631],[-79.58603,43.7861],[-79.58624,43.78709],[-79.58738,43.78668],[-79.58888,43.78344],[-79.58998,43.7822]]]]}},{"type":"Feature","properties":{"id":"dogal-lab-93","kind":"district-label","btype":"dogal","name":"Maxey Park"},"geometry":{"type":"Point","coordinates":[-79.58471,43.7891]}},{"type":"Feature","properties":{"id":"dogal-94","kind":"district","btype":"dogal","name":"Rainbow Creek Park","lab":1},"geometry":{"type":"MultiPolygon","coordinates":[[[[-79.59998,43.78226],[-79.59987,43.78068],[-79.6026,43.77993],[-79.60127,43.77784],[-79.60442,43.77716],[-79.60515,43.77861],[-79.60487,43.77908],[-79.60515,43.7798],[-79.60619,43.77991],[-79.60603,43.78031],[-79.60652,43.78048],[-79.60889,43.78005],[-79.60937,43.77937],[-79.61013,43.77927],[-79.61035,43.78026],[-79.60881,43.7812],[-79.60864,43.78268],[-79.60815,43.78245],[-79.60809,43.78138],[-79.60582,43.78106],[-79.60175,43.78131],[-79.60163,43.78192],[-79.59998,43.78226]]]]}},{"type":"Feature","properties":{"id":"dogal-lab-94","kind":"district-label","btype":"dogal","name":"Rainbow Creek Park"},"geometry":{"type":"Point","coordinates":[-79.60441,43.78]}},{"type":"Feature","properties":{"id":"dogal-95","kind":"district","btype":"dogal","name":"Chris Gibson Community Park","lab":1},"geometry":{"type":"MultiPolygon","coordinates":[[[[-79.77196,43.68066],[-79.77422,43.68165],[-79.77598,43.68021],[-79.78046,43.68348],[-79.7743,43.68445],[-79.77252,43.68327],[-79.77332,43.68221],[-79.77073,43.68174],[-79.77196,43.68066]]]]}},{"type":"Feature","properties":{"id":"dogal-lab-95","kind":"district-label","btype":"dogal","name":"Chris Gibson Community Park"},"geometry":{"type":"Point","coordinates":[-79.77561,43.68252]}},{"type":"Feature","properties":{"id":"dogal-96","kind":"district","btype":"dogal","name":"Erin Woods Park","lab":1},"geometry":{"type":"MultiPolygon","coordinates":[[[[-79.70943,43.56525],[-79.71077,43.56419],[-79.7116,43.56462],[-79.71195,43.56436],[-79.71367,43.56549],[-79.71315,43.56623],[-79.71394,43.56699],[-79.71386,43.56737],[-79.71209,43.56725],[-79.71139,43.56801],[-79.71311,43.56863],[-79.71444,43.56899],[-79.71639,43.56832],[-79.71724,43.56752],[-79.71796,43.56819],[-79.71842,43.56779],[-79.7113,43.56245],[-79.71015,43.56331],[-79.70964,43.56304],[-79.70862,43.56409],[-79.70841,43.56443],[-79.70943,43.56525]]]]}},{"type":"Feature","properties":{"id":"dogal-lab-96","kind":"district-label","btype":"dogal","name":"Erin Woods Park"},"geometry":{"type":"Point","coordinates":[-79.71347,43.56602]}},{"type":"Feature","properties":{"id":"dogal-97","kind":"district","btype":"dogal","name":"Wismer Park","lab":1},"geometry":{"type":"MultiPolygon","coordinates":[[[[-79.28408,43.89958],[-79.27657,43.90154],[-79.27549,43.89873],[-79.28197,43.89721],[-79.28224,43.89851],[-79.28364,43.89815],[-79.28408,43.89958]]]]}},{"type":"Feature","properties":{"id":"dogal-lab-97","kind":"district-label","btype":"dogal","name":"Wismer Park"},"geometry":{"type":"Point","coordinates":[-79.27955,43.89932]}},{"type":"Feature","properties":{"id":"dogal-98","kind":"district","btype":"dogal","name":"Earnscliffe Park","lab":1},"geometry":{"type":"MultiPolygon","coordinates":[[[[-79.70899,43.72326],[-79.70793,43.7232],[-79.70464,43.72405],[-79.70348,43.72297],[-79.7044,43.72241],[-79.70384,43.72172],[-79.70484,43.72068],[-79.70536,43.71983],[-79.70334,43.71911],[-79.70299,43.71952],[-79.70474,43.72038],[-79.70439,43.72094],[-79.70253,43.72188],[-79.70225,43.72157],[-79.70243,43.72191],[-79.70128,43.72246],[-79.70145,43.72265],[-79.7003,43.72309],[-79.69985,43.72262],[-79.69847,43.72331],[-79.69945,43.7246],[-79.70076,43.72426],[-79.70267,43.7261],[-79.70401,43.72599],[-79.70434,43.72518],[-79.70544,43.72545],[-79.70574,43.72487],[-79.70696,43.72479],[-79.70747,43.72414],[-79.70853,43.7242],[-79.70899,43.72326]]]]}},{"type":"Feature","properties":{"id":"dogal-lab-98","kind":"district-label","btype":"dogal","name":"Earnscliffe Park"},"geometry":{"type":"Point","coordinates":[-79.70332,43.72359]}},{"type":"Feature","properties":{"id":"dogal-99","kind":"district","btype":"dogal","name":"Mackenzie Glen Park","lab":1},"geometry":{"type":"MultiPolygon","coordinates":[[[[-79.53331,43.86389],[-79.5344,43.86348],[-79.53288,43.86225],[-79.53186,43.86004],[-79.53045,43.85988],[-79.52941,43.85928],[-79.52655,43.86095],[-79.5273,43.86174],[-79.52674,43.86265],[-79.52895,43.86402],[-79.53154,43.86343],[-79.53101,43.86282],[-79.53198,43.86243],[-79.53331,43.86389]]]]}},{"type":"Feature","properties":{"id":"dogal-lab-99","kind":"district-label","btype":"dogal","name":"Mackenzie Glen Park"},"geometry":{"type":"Point","coordinates":[-79.52993,43.8618]}},{"type":"Feature","properties":{"id":"dogal-100","kind":"district","btype":"dogal","name":"Marco Muzzo Senior Memorial Woods and Park","lab":1},"geometry":{"type":"MultiPolygon","coordinates":[[[[-79.73001,43.54157],[-79.72893,43.5425],[-79.72862,43.54229],[-79.72733,43.54381],[-79.72872,43.54521],[-79.72972,43.54466],[-79.73114,43.54577],[-79.73142,43.54563],[-79.73098,43.5452],[-79.73339,43.54399],[-79.7314,43.54248],[-79.73159,43.54202],[-79.73096,43.54146],[-79.73194,43.54045],[-79.7294,43.5386],[-79.72783,43.54002],[-79.73001,43.54157]]]]}},{"type":"Feature","properties":{"id":"dogal-lab-100","kind":"district-label","btype":"dogal","name":"Marco Muzzo Senior Memorial Woods and Park"},"geometry":{"type":"Point","coordinates":[-79.73012,43.54248]}},{"type":"Feature","properties":{"id":"dogal-101","kind":"district","btype":"dogal","name":"Etobicoke Valley Park","lab":1},"geometry":{"type":"MultiPolygon","coordinates":[[[[-79.55893,43.6046],[-79.55615,43.60234],[-79.55566,43.5997],[-79.55374,43.5988],[-79.55344,43.59805],[-79.55372,43.59596],[-79.5488,43.59517],[-79.54865,43.59339],[-79.54939,43.59228],[-79.54911,43.59043],[-79.54864,43.59031],[-79.54459,43.59256],[-79.54749,43.59128],[-79.54802,43.59148],[-79.54831,43.59485],[-79.54976,43.59611],[-79.55177,43.59669],[-79.55308,43.59754],[-79.55242,43.59821],[-79.55313,43.60007],[-79.55437,43.60036],[-79.55591,43.60197],[-79.55567,43.60343],[-79.55685,43.60459],[-79.55645,43.60487],[-79.55709,43.60481],[-79.55762,43.60602],[-79.55893,43.6046]]]]}},{"type":"Feature","properties":{"id":"dogal-lab-101","kind":"district-label","btype":"dogal","name":"Etobicoke Valley Park"},"geometry":{"type":"Point","coordinates":[-79.55296,43.59813]}},{"type":"Feature","properties":{"id":"dogal-102","kind":"district","btype":"dogal","name":"Lower Don Parklands","lab":1},"geometry":{"type":"MultiPolygon","coordinates":[[[[-79.33792,43.70116],[-79.33882,43.70172],[-79.34136,43.69979],[-79.34354,43.69917],[-79.34551,43.69927],[-79.34869,43.70015],[-79.35064,43.69997],[-79.3496,43.69816],[-79.3431,43.6976],[-79.34012,43.69871],[-79.3394,43.69935],[-79.33935,43.70033],[-79.33792,43.70116]]]]}},{"type":"Feature","properties":{"id":"dogal-lab-102","kind":"district-label","btype":"dogal","name":"Lower Don Parklands"},"geometry":{"type":"Point","coordinates":[-79.34452,43.69908]}},{"type":"Feature","properties":{"id":"dogal-103","kind":"district","btype":"dogal","name":"Riverdale Park East","lab":1},"geometry":{"type":"MultiPolygon","coordinates":[[[[-79.35647,43.67309],[-79.35913,43.67258],[-79.35913,43.67219],[-79.35711,43.67],[-79.3561,43.66686],[-79.35347,43.66721],[-79.35317,43.66951],[-79.35544,43.67244],[-79.35647,43.67309]]]]}},{"type":"Feature","properties":{"id":"dogal-lab-103","kind":"district-label","btype":"dogal","name":"Riverdale Park East"},"geometry":{"type":"Point","coordinates":[-79.35577,43.67006]}},{"type":"Feature","properties":{"id":"dogal-104","kind":"district","btype":"dogal","name":"Home Smith Park","lab":1},"geometry":{"type":"MultiPolygon","coordinates":[[[[-79.50567,43.66259],[-79.50687,43.66194],[-79.50535,43.66181],[-79.50279,43.66032],[-79.50149,43.65789],[-79.5015,43.65749],[-79.5036,43.65689],[-79.50408,43.65627],[-79.50395,43.65321],[-79.50292,43.65213],[-79.50026,43.65099],[-79.49481,43.65198],[-79.49163,43.65142],[-79.49341,43.65209],[-79.49786,43.65178],[-79.5,43.65202],[-79.50282,43.65287],[-79.50323,43.65363],[-79.50294,43.65479],[-79.50149,43.65645],[-79.49989,43.65747],[-79.49976,43.65845],[-79.50038,43.65922],[-79.50567,43.66259]]]]}},{"type":"Feature","properties":{"id":"dogal-lab-104","kind":"district-label","btype":"dogal","name":"Home Smith Park"},"geometry":{"type":"Point","coordinates":[-79.50167,43.65594]}},{"type":"Feature","properties":{"id":"dogal-105","kind":"district","btype":"dogal","name":"Leslie Greenbelt","lab":1},"geometry":{"type":"MultiPolygon","coordinates":[[[[-79.37145,43.80532],[-79.3722,43.80833],[-79.37073,43.80875],[-79.36663,43.80766],[-79.36429,43.80634],[-79.36222,43.80674],[-79.36297,43.80592],[-79.36133,43.80459],[-79.35979,43.80365],[-79.35804,43.80402],[-79.35764,43.80228],[-79.35674,43.8024],[-79.3555,43.80152],[-79.35579,43.80127],[-79.3573,43.80172],[-79.35847,43.80141],[-79.35878,43.8031],[-79.36101,43.80299],[-79.36109,43.80365],[-79.36227,43.8038],[-79.36293,43.80484],[-79.36727,43.80693],[-79.3704,43.80758],[-79.37108,43.80637],[-79.37097,43.80538],[-79.37145,43.80532]]]]}},{"type":"Feature","properties":{"id":"dogal-lab-105","kind":"district-label","btype":"dogal","name":"Leslie Greenbelt"},"geometry":{"type":"Point","coordinates":[-79.36458,43.80555]}},{"type":"Feature","properties":{"id":"dogal-106","kind":"district","btype":"dogal","name":"Bob Hunter Greenspace","lab":1},"geometry":{"type":"MultiPolygon","coordinates":[[[[-79.15978,43.80212],[-79.15768,43.79749],[-79.16301,43.79938],[-79.1645,43.80107],[-79.16558,43.80172],[-79.16652,43.8017],[-79.16728,43.80259],[-79.16554,43.803],[-79.16502,43.80184],[-79.16257,43.80243],[-79.16217,43.80157],[-79.15978,43.80212]]]]}},{"type":"Feature","properties":{"id":"dogal-lab-106","kind":"district-label","btype":"dogal","name":"Bob Hunter Greenspace"},"geometry":{"type":"Point","coordinates":[-79.16173,43.80047]}},{"type":"Feature","properties":{"id":"dogal-107","kind":"district","btype":"dogal","name":"Black Creek Parkland","lab":1},"geometry":{"type":"MultiPolygon","coordinates":[[[[-79.51214,43.77042],[-79.50967,43.76752],[-79.50719,43.7657],[-79.50709,43.76498],[-79.50633,43.76474],[-79.5069,43.76343],[-79.51022,43.76275],[-79.50833,43.7644],[-79.50853,43.76517],[-79.51031,43.76594],[-79.51297,43.76942],[-79.51508,43.76924],[-79.51639,43.76987],[-79.51374,43.77169],[-79.51214,43.77042]]]]}},{"type":"Feature","properties":{"id":"dogal-lab-107","kind":"district-label","btype":"dogal","name":"Black Creek Parkland"},"geometry":{"type":"Point","coordinates":[-79.51088,43.76749]}},{"type":"Feature","properties":{"id":"dogal-108","kind":"district","btype":"dogal","name":"Birkdale Ravine","lab":1},"geometry":{"type":"MultiPolygon","coordinates":[[[[-79.26496,43.76914],[-79.264,43.76773],[-79.26266,43.76772],[-79.26307,43.76756],[-79.26242,43.76599],[-79.26314,43.76498],[-79.2641,43.76465],[-79.26396,43.76435],[-79.26418,43.76463],[-79.2651,43.7644],[-79.26475,43.76367],[-79.26377,43.76373],[-79.26387,43.76417],[-79.26368,43.76377],[-79.26321,43.76397],[-79.26237,43.76285],[-79.26216,43.76316],[-79.26227,43.76282],[-79.26063,43.76252],[-79.25938,43.76164],[-79.25842,43.76184],[-79.25756,43.75962],[-79.25926,43.76053],[-79.26041,43.7603],[-79.26256,43.76094],[-79.26212,43.7611],[-79.26254,43.76186],[-79.26659,43.76417],[-79.26652,43.76484],[-79.26477,43.7656],[-79.26485,43.76592],[-79.26471,43.76561],[-79.26424,43.76577],[-79.2638,43.76644],[-79.26591,43.76893],[-79.26496,43.76914]]]]}},{"type":"Feature","properties":{"id":"dogal-lab-108","kind":"district-label","btype":"dogal","name":"Birkdale Ravine"},"geometry":{"type":"Point","coordinates":[-79.26263,43.76369]}},{"type":"Feature","properties":{"id":"dogal-109","kind":"district","btype":"dogal","name":"Moore Park Ravine","lab":1},"geometry":{"type":"MultiPolygon","coordinates":[[[[-79.37518,43.69338],[-79.37658,43.69334],[-79.3769,43.69385],[-79.37853,43.69431],[-79.37905,43.69521],[-79.38096,43.6945],[-79.3796,43.69409],[-79.3791,43.69339],[-79.37966,43.69323],[-79.37943,43.69312],[-79.37634,43.69236],[-79.3753,43.69256],[-79.37503,43.69211],[-79.37416,43.69196],[-79.37387,43.69123],[-79.37288,43.69051],[-79.36952,43.68952],[-79.36842,43.6883],[-79.36726,43.68999],[-79.36899,43.69061],[-79.37019,43.69158],[-79.37129,43.69146],[-79.37462,43.69382],[-79.37518,43.69338]]]]}},{"type":"Feature","properties":{"id":"dogal-lab-109","kind":"district-label","btype":"dogal","name":"Moore Park Ravine"},"geometry":{"type":"Point","coordinates":[-79.37358,43.69188]}},{"type":"Feature","properties":{"id":"dogal-110","kind":"district","btype":"dogal","name":"Bramalea Limited Community Park","lab":1},"geometry":{"type":"MultiPolygon","coordinates":[[[[-79.75576,43.72307],[-79.75638,43.72291],[-79.75633,43.72248],[-79.75769,43.72048],[-79.75566,43.71891],[-79.75431,43.71878],[-79.75276,43.71723],[-79.75065,43.71688],[-79.74887,43.71848],[-79.75237,43.72033],[-79.75271,43.71997],[-79.75447,43.72017],[-79.7555,43.72125],[-79.75576,43.72307]]]]}},{"type":"Feature","properties":{"id":"dogal-lab-110","kind":"district-label","btype":"dogal","name":"Bramalea Limited Community Park"},"geometry":{"type":"Point","coordinates":[-79.75342,43.71935]}},{"type":"Feature","properties":{"id":"dogal-111","kind":"district","btype":"dogal","name":"Humber Bay Park West","lab":1},"geometry":{"type":"MultiPolygon","coordinates":[[[[-79.48105,43.61905],[-79.47973,43.6189],[-79.47816,43.61733],[-79.47778,43.61657],[-79.47816,43.61567],[-79.47941,43.61465],[-79.47991,43.61368],[-79.48389,43.61361],[-79.48414,43.61314],[-79.48293,43.61238],[-79.48252,43.61319],[-79.48087,43.6135],[-79.47973,43.61208],[-79.47906,43.612],[-79.47887,43.61234],[-79.47937,43.61317],[-79.47886,43.61409],[-79.47843,43.61448],[-79.47703,43.61432],[-79.47757,43.61499],[-79.47727,43.61573],[-79.47589,43.61741],[-79.47493,43.61776],[-79.47589,43.6182],[-79.47733,43.61734],[-79.47847,43.618],[-79.47885,43.61867],[-79.4784,43.61918],[-79.47741,43.61834],[-79.47662,43.61865],[-79.47658,43.61917],[-79.48027,43.62104],[-79.48092,43.62121],[-79.48064,43.62108],[-79.4809,43.62087],[-79.48109,43.6208],[-79.48114,43.62126],[-79.48089,43.62127],[-79.48184,43.62182],[-79.48271,43.62069],[-79.48165,43.62002],[-79.48105,43.61905]]]]}},{"type":"Feature","properties":{"id":"dogal-lab-111","kind":"district-label","btype":"dogal","name":"Humber Bay Park West"},"geometry":{"type":"Point","coordinates":[-79.47938,43.61728]}},{"type":"Feature","properties":{"id":"dogal-112","kind":"district","btype":"dogal","name":"Birchwood Park","lab":1},"geometry":{"type":"MultiPolygon","coordinates":[[[[-79.62465,43.52033],[-79.62582,43.51918],[-79.62512,43.51871],[-79.62296,43.5203],[-79.62214,43.52],[-79.62278,43.5193],[-79.62347,43.51923],[-79.62317,43.51888],[-79.6243,43.51814],[-79.62392,43.51789],[-79.62094,43.52016],[-79.62146,43.52071],[-79.6202,43.52184],[-79.61912,43.52118],[-79.61855,43.52172],[-79.62057,43.52332],[-79.61972,43.52429],[-79.62073,43.52502],[-79.62532,43.52075],[-79.62465,43.52033]]]]}},{"type":"Feature","properties":{"id":"dogal-lab-112","kind":"district-label","btype":"dogal","name":"Birchwood Park"},"geometry":{"type":"Point","coordinates":[-79.62225,43.52155]}},{"type":"Feature","properties":{"id":"dogal-113","kind":"district","btype":"dogal","name":"Cedarbrook Park","lab":1},"geometry":{"type":"MultiPolygon","coordinates":[[[[-79.2291,43.75597],[-79.22561,43.75523],[-79.22483,43.7544],[-79.22381,43.75458],[-79.22325,43.75308],[-79.22385,43.7533],[-79.22528,43.75256],[-79.22671,43.75243],[-79.22694,43.75363],[-79.22743,43.75389],[-79.22791,43.75361],[-79.22823,43.75416],[-79.23055,43.7519],[-79.23098,43.75222],[-79.23065,43.75275],[-79.23101,43.75291],[-79.23365,43.75303],[-79.23411,43.75411],[-79.23099,43.75364],[-79.23004,43.75512],[-79.23036,43.75548],[-79.22922,43.75557],[-79.2291,43.75597]]]]}},{"type":"Feature","properties":{"id":"dogal-lab-113","kind":"district-label","btype":"dogal","name":"Cedarbrook Park"},"geometry":{"type":"Point","coordinates":[-79.22816,43.754]}},{"type":"Feature","properties":{"id":"dogal-114","kind":"district","btype":"dogal","name":"Sherwood Park","lab":1},"geometry":{"type":"MultiPolygon","coordinates":[[[[-79.38085,43.71673],[-79.3902,43.71487],[-79.39079,43.71639],[-79.38947,43.71639],[-79.38994,43.71748],[-79.38961,43.71753],[-79.39069,43.71853],[-79.38966,43.71875],[-79.3895,43.71831],[-79.38887,43.71817],[-79.38693,43.71856],[-79.38653,43.71688],[-79.38125,43.71793],[-79.38085,43.71673]]]]}},{"type":"Feature","properties":{"id":"dogal-lab-114","kind":"district-label","btype":"dogal","name":"Sherwood Park"},"geometry":{"type":"Point","coordinates":[-79.38668,43.71676]}},{"type":"Feature","properties":{"id":"dogal-115","kind":"district","btype":"dogal","name":"Norton Place Park","lab":1},"geometry":{"type":"MultiPolygon","coordinates":[[[[-79.72495,43.70715],[-79.72636,43.70764],[-79.72832,43.70614],[-79.72939,43.70695],[-79.72848,43.7076],[-79.73046,43.70852],[-79.73095,43.70818],[-79.73155,43.70862],[-79.7308,43.70921],[-79.73284,43.71026],[-79.73147,43.7115],[-79.72914,43.71065],[-79.72813,43.71091],[-79.72785,43.7099],[-79.72587,43.70967],[-79.72681,43.70866],[-79.72476,43.70794],[-79.72495,43.70715]]]]}},{"type":"Feature","properties":{"id":"dogal-lab-115","kind":"district-label","btype":"dogal","name":"Norton Place Park"},"geometry":{"type":"Point","coordinates":[-79.72885,43.70902]}},{"type":"Feature","properties":{"id":"dogal-116","kind":"district","btype":"dogal","name":"Ashbridges Bay Park","lab":1},"geometry":{"type":"MultiPolygon","coordinates":[[[[-79.31356,43.6613],[-79.31334,43.66161],[-79.31479,43.66195],[-79.31287,43.66263],[-79.31204,43.661],[-79.30882,43.65909],[-79.30764,43.65892],[-79.30653,43.65945],[-79.30611,43.66041],[-79.30547,43.66033],[-79.30501,43.65972],[-79.3061,43.65859],[-79.30497,43.65667],[-79.30775,43.65621],[-79.3085,43.65417],[-79.30974,43.65546],[-79.31104,43.6553],[-79.31109,43.65598],[-79.30863,43.65595],[-79.30684,43.65722],[-79.30966,43.65829],[-79.31116,43.65945],[-79.31171,43.65905],[-79.31239,43.65964],[-79.31207,43.65991],[-79.31356,43.6613]]]]}},{"type":"Feature","properties":{"id":"dogal-lab-116","kind":"district-label","btype":"dogal","name":"Ashbridges Bay Park"},"geometry":{"type":"Point","coordinates":[-79.30896,43.65851]}},{"type":"Feature","properties":{"id":"dogal-117","kind":"district","btype":"dogal","name":"Lake Aquitaine Park","lab":1},"geometry":{"type":"MultiPolygon","coordinates":[[[[-79.75747,43.58716],[-79.75492,43.58669],[-79.75451,43.58698],[-79.75456,43.58833],[-79.75619,43.58877],[-79.75472,43.58866],[-79.75432,43.59021],[-79.75218,43.59044],[-79.75141,43.58994],[-79.75233,43.58927],[-79.75216,43.58877],[-79.75138,43.58843],[-79.75072,43.58874],[-79.75019,43.58755],[-79.75129,43.58695],[-79.75227,43.58704],[-79.75265,43.58671],[-79.75254,43.58617],[-79.75139,43.58567],[-79.75067,43.58609],[-79.75019,43.58461],[-79.75082,43.58549],[-79.75231,43.58585],[-79.75329,43.585],[-79.753,43.58443],[-79.75212,43.58401],[-79.75251,43.58382],[-79.75339,43.5844],[-79.75358,43.58529],[-79.75427,43.58534],[-79.75592,43.58436],[-79.75544,43.58527],[-79.75474,43.58562],[-79.75593,43.58604],[-79.75747,43.58716]]]]}},{"type":"Feature","properties":{"id":"dogal-lab-117","kind":"district-label","btype":"dogal","name":"Lake Aquitaine Park"},"geometry":{"type":"Point","coordinates":[-79.75331,43.58749]}},{"type":"Feature","properties":{"id":"dogal-118","kind":"district","btype":"dogal","name":"Ellesmere Greenspace","lab":1},"geometry":{"type":"MultiPolygon","coordinates":[[[[-79.19923,43.78422],[-79.19716,43.7848],[-79.19906,43.78742],[-79.19884,43.78796],[-79.19754,43.78819],[-79.19784,43.78912],[-79.20021,43.78852],[-79.20116,43.78897],[-79.20159,43.7887],[-79.20119,43.78781],[-79.203,43.7889],[-79.20394,43.78841],[-79.20358,43.78634],[-79.20252,43.78666],[-79.20047,43.7856],[-79.19998,43.78485],[-79.20044,43.78457],[-79.20023,43.78432],[-79.19923,43.78422]]]]}},{"type":"Feature","properties":{"id":"dogal-lab-118","kind":"district-label","btype":"dogal","name":"Ellesmere Greenspace"},"geometry":{"type":"Point","coordinates":[-79.2004,43.7869]}},{"type":"Feature","properties":{"id":"dogal-119","kind":"district","btype":"dogal","name":"Mill Pond Park","lab":1},"geometry":{"type":"MultiPolygon","coordinates":[[[[-79.45891,43.87979],[-79.45656,43.87659],[-79.45487,43.87684],[-79.45338,43.87558],[-79.45141,43.87597],[-79.45303,43.87734],[-79.45348,43.87914],[-79.45439,43.87955],[-79.45434,43.88006],[-79.45705,43.88049],[-79.45723,43.88081],[-79.45854,43.88049],[-79.45891,43.87979]]]]}},{"type":"Feature","properties":{"id":"dogal-lab-119","kind":"district-label","btype":"dogal","name":"Mill Pond Park"},"geometry":{"type":"Point","coordinates":[-79.45545,43.87831]}},{"type":"Feature","properties":{"id":"dogal-120","kind":"district","btype":"dogal","name":"Smythe Park","lab":1},"geometry":{"type":"MultiPolygon","coordinates":[[[[-79.50537,43.67501],[-79.50479,43.67503],[-79.50372,43.67399],[-79.50293,43.67383],[-79.50045,43.67503],[-79.49982,43.6759],[-79.49681,43.67662],[-79.49622,43.67588],[-79.4957,43.67591],[-79.49489,43.67407],[-79.50399,43.67275],[-79.50537,43.67501]]]]}},{"type":"Feature","properties":{"id":"dogal-lab-120","kind":"district-label","btype":"dogal","name":"Smythe Park"},"geometry":{"type":"Point","coordinates":[-79.49939,43.67452]}},{"type":"Feature","properties":{"id":"dogal-121","kind":"district","btype":"dogal","name":"Ross Brown Park","lab":1},"geometry":{"type":"MultiPolygon","coordinates":[[[[-79.27433,43.89051],[-79.27384,43.88925],[-79.28008,43.88784],[-79.28042,43.88854],[-79.27838,43.889],[-79.27854,43.89],[-79.28029,43.8909],[-79.28113,43.89045],[-79.28201,43.89217],[-79.27862,43.89269],[-79.27872,43.89292],[-79.27792,43.89311],[-79.2773,43.8909],[-79.27538,43.89036],[-79.27433,43.89051]]]]}},{"type":"Feature","properties":{"id":"dogal-lab-121","kind":"district-label","btype":"dogal","name":"Ross Brown Park"},"geometry":{"type":"Point","coordinates":[-79.27808,43.89043]}},{"type":"Feature","properties":{"id":"dogal-122","kind":"district","btype":"dogal","name":"Adams Park","lab":1},"geometry":{"type":"MultiPolygon","coordinates":[[[[-79.14409,43.79163],[-79.14436,43.79157],[-79.14338,43.78925],[-79.14589,43.7887],[-79.14811,43.79403],[-79.14701,43.79544],[-79.14354,43.7955],[-79.14587,43.79499],[-79.14409,43.79163]]]]}},{"type":"Feature","properties":{"id":"dogal-lab-122","kind":"district-label","btype":"dogal","name":"Adams Park"},"geometry":{"type":"Point","coordinates":[-79.14581,43.79211]}},{"type":"Feature","properties":{"id":"dogal-123","kind":"district","btype":"dogal","name":"North Park","lab":1},"geometry":{"type":"MultiPolygon","coordinates":[[[[-79.47177,43.72034],[-79.47282,43.72044],[-79.47402,43.71975],[-79.47384,43.71887],[-79.47304,43.71832],[-79.4732,43.7174],[-79.47399,43.71647],[-79.4738,43.71588],[-79.47452,43.71543],[-79.47559,43.7158],[-79.4747,43.71532],[-79.47539,43.71413],[-79.47892,43.71338],[-79.47861,43.71202],[-79.47496,43.71327],[-79.47394,43.71313],[-79.47375,43.71244],[-79.47385,43.71314],[-79.47224,43.71361],[-79.47222,43.71398],[-79.47388,43.71367],[-79.47274,43.71524],[-79.47132,43.71505],[-79.47244,43.71555],[-79.47308,43.7164],[-79.47249,43.71704],[-79.47122,43.71723],[-79.47177,43.72034]]]]}},{"type":"Feature","properties":{"id":"dogal-lab-123","kind":"district-label","btype":"dogal","name":"North Park"},"geometry":{"type":"Point","coordinates":[-79.47412,43.71588]}},{"type":"Feature","properties":{"id":"dogal-124","kind":"district","btype":"dogal","name":"Danville Park","lab":1},"geometry":{"type":"MultiPolygon","coordinates":[[[[-79.67136,43.64565],[-79.673,43.64426],[-79.67771,43.64801],[-79.67925,43.64835],[-79.67782,43.64838],[-79.67801,43.64929],[-79.67949,43.65046],[-79.67766,43.65083],[-79.67136,43.64565]]]]}},{"type":"Feature","properties":{"id":"dogal-lab-124","kind":"district-label","btype":"dogal","name":"Danville Park"},"geometry":{"type":"Point","coordinates":[-79.67533,43.64756]}},{"type":"Feature","properties":{"id":"dogal-125","kind":"district","btype":"dogal","name":"Edward Scarlett Park","lab":1},"geometry":{"type":"MultiPolygon","coordinates":[[[[-79.65791,43.66903],[-79.66113,43.66684],[-79.66232,43.66656],[-79.66088,43.66544],[-79.65944,43.66677],[-79.65542,43.66844],[-79.65169,43.67176],[-79.6482,43.6725],[-79.64741,43.67305],[-79.64887,43.67345],[-79.65791,43.66903]]]]}},{"type":"Feature","properties":{"id":"dogal-lab-125","kind":"district-label","btype":"dogal","name":"Edward Scarlett Park"},"geometry":{"type":"Point","coordinates":[-79.65574,43.6693]}},{"type":"Feature","properties":{"id":"dogal-126","kind":"district","btype":"dogal","name":"Mount Joy Park","lab":1},"geometry":{"type":"MultiPolygon","coordinates":[[[[-79.26002,43.89308],[-79.2612,43.89653],[-79.25878,43.89746],[-79.25936,43.89889],[-79.26085,43.89826],[-79.26151,43.89881],[-79.2625,43.89877],[-79.26219,43.9009],[-79.26285,43.90088],[-79.26324,43.89689],[-79.26198,43.8926],[-79.26002,43.89308]]]]}},{"type":"Feature","properties":{"id":"dogal-lab-126","kind":"district-label","btype":"dogal","name":"Mount Joy Park"},"geometry":{"type":"Point","coordinates":[-79.26152,43.89649]}},{"type":"Feature","properties":{"id":"dogal-127","kind":"district","btype":"dogal","name":"Ridgehill Park","lab":1},"geometry":{"type":"MultiPolygon","coordinates":[[[[-79.7542,43.66414],[-79.75366,43.66455],[-79.75378,43.66496],[-79.75284,43.66501],[-79.75181,43.66587],[-79.75298,43.66679],[-79.75243,43.66714],[-79.75562,43.67005],[-79.75786,43.67074],[-79.75931,43.67222],[-79.75983,43.67121],[-79.7588,43.67103],[-79.75827,43.66998],[-79.75867,43.66894],[-79.75798,43.6684],[-79.75633,43.6686],[-79.7556,43.66811],[-79.75518,43.66747],[-79.75565,43.66728],[-79.75552,43.66703],[-79.75472,43.66688],[-79.75438,43.66625],[-79.75538,43.66504],[-79.7542,43.66414]]]]}},{"type":"Feature","properties":{"id":"dogal-lab-127","kind":"district-label","btype":"dogal","name":"Ridgehill Park"},"geometry":{"type":"Point","coordinates":[-79.75539,43.66799]}},{"type":"Feature","properties":{"id":"dogal-128","kind":"district","btype":"dogal","name":"Humber Marshes","lab":1},"geometry":{"type":"MultiPolygon","coordinates":[[[[-79.4918,43.64831],[-79.4914,43.64818],[-79.49166,43.6475],[-79.48948,43.64676],[-79.48872,43.64547],[-79.48978,43.64341],[-79.48598,43.64301],[-79.48467,43.64202],[-79.48475,43.64065],[-79.48392,43.64022],[-79.48424,43.63974],[-79.48376,43.63856],[-79.48122,43.6384],[-79.48418,43.63847],[-79.48466,43.63947],[-79.48493,43.64206],[-79.4853,43.64242],[-79.4863,43.64248],[-79.48889,43.64147],[-79.48954,43.6417],[-79.49048,43.64397],[-79.49238,43.64591],[-79.49236,43.64715],[-79.4918,43.64831]]]]}},{"type":"Feature","properties":{"id":"dogal-lab-128","kind":"district-label","btype":"dogal","name":"Humber Marshes"},"geometry":{"type":"Point","coordinates":[-79.48924,43.64417]}}]}