{"type":"FeatureCollection","features":[{"type":"Feature","properties":{"id":"line-1","kind":"line","lineRef":"metro","ref":"1","color":"#F8C300"},"geometry":{"type":"MultiLineString","coordinates":[[[-79.52751,43.7942],[-79.52693,43.79177],[-79.52598,43.7891],[-79.52365,43.78412],[-79.52219,43.78184],[-79.52104,43.78069],[-79.52037,43.78022],[-79.51696,43.77889],[-79.50604,43.77585],[-79.49512,43.77281],[-79.49406,43.77234],[-79.49358,43.77196],[-79.4932,43.77151],[-79.49278,43.77041],[-79.48927,43.75633],[-79.48891,43.75555],[-79.48834,43.75474],[-79.48725,43.7538],[-79.48556,43.75312],[-79.48405,43.75281],[-79.48293,43.75274],[-79.48145,43.75291],[-79.47561,43.75406],[-79.47414,43.75417],[-79.4715,43.75414],[-79.47025,43.75395],[-79.46474,43.75259],[-79.46364,43.75201],[-79.46307,43.75123],[-79.46171,43.74768],[-79.46057,43.74593],[-79.45854,43.74373],[-79.45142,43.73713],[-79.45095,43.73656],[-79.44923,43.73185],[-79.44819,43.72625],[-79.44325,43.71335],[-79.44202,43.71064],[-79.43845,43.70501],[-79.43454,43.69546],[-79.43388,43.69483],[-79.43001,43.69202],[-79.42888,43.69136],[-79.42758,43.69109],[-79.42107,43.69031],[-79.41947,43.6899],[-79.41813,43.68924],[-79.41725,43.68835],[-79.41453,43.68365],[-79.41375,43.68322],[-79.41146,43.68257],[-79.41036,43.68202],[-79.40991,43.68161],[-79.40773,43.67659],[-79.40468,43.66866],[-79.4044,43.66812],[-79.40408,43.66782],[-79.40305,43.6675],[-79.39676,43.66883],[-79.3952,43.66879],[-79.39457,43.66857],[-79.39397,43.66805],[-79.39297,43.66589]],[[-79.39323,43.66671],[-79.39401,43.66827],[-79.3945,43.66865],[-79.39565,43.66895],[-79.39679,43.66891],[-79.40306,43.66759],[-79.40359,43.66769],[-79.4042,43.66802],[-79.40463,43.66867],[-79.40768,43.67661],[-79.40986,43.68163],[-79.41033,43.68205],[-79.41143,43.68261],[-79.41373,43.68326],[-79.41448,43.68368],[-79.41481,43.68407],[-79.41569,43.68595],[-79.41701,43.68814],[-79.41809,43.68927],[-79.41944,43.68994],[-79.42106,43.69035],[-79.42757,43.69113],[-79.42885,43.69139],[-79.42998,43.69205],[-79.43383,43.69486],[-79.43449,43.69548],[-79.43859,43.70547],[-79.44207,43.71096],[-79.44313,43.71338],[-79.44806,43.72627],[-79.4491,43.73187],[-79.45066,43.73626],[-79.45122,43.73702],[-79.45848,43.74375],[-79.46053,43.74595],[-79.46165,43.74774],[-79.46296,43.75126],[-79.46355,43.75207],[-79.4647,43.75267],[-79.47021,43.75404],[-79.47149,43.75423],[-79.47414,43.75426],[-79.47562,43.75415],[-79.48147,43.75299],[-79.48294,43.75282],[-79.48403,43.75289],[-79.48552,43.7532],[-79.48716,43.75387],[-79.48824,43.75479],[-79.48881,43.75559],[-79.48916,43.75635],[-79.49266,43.77043],[-79.49309,43.77155],[-79.49349,43.77201],[-79.49397,43.7724],[-79.49506,43.77288],[-79.50598,43.77592],[-79.51691,43.77896],[-79.51691,43.77897],[-79.5203,43.78029],[-79.52095,43.78075],[-79.52208,43.78188],[-79.52354,43.78415],[-79.52587,43.78912],[-79.52681,43.79179],[-79.52739,43.79421]],[[-79.44717,43.72376],[-79.44785,43.72554]],[[-79.4443,43.71627],[-79.4435,43.71422]],[[-79.44133,43.70968],[-79.44019,43.70795]],[[-79.41596,43.78129],[-79.41251,43.76805],[-79.41114,43.76202],[-79.40816,43.75018],[-79.4062,43.74444],[-79.40598,43.7407],[-79.40455,43.73406],[-79.40216,43.72467],[-79.40045,43.71648],[-79.39874,43.70828],[-79.39807,43.69946],[-79.39651,43.69638],[-79.39568,43.69255],[-79.39489,43.69053],[-79.39408,43.68918],[-79.39279,43.68742],[-79.38811,43.67554],[-79.38618,43.67274],[-79.38542,43.6694],[-79.3834,43.66442],[-79.38348,43.6627],[-79.38332,43.66186],[-79.3772,43.64747],[-79.37716,43.64696],[-79.37751,43.6465],[-79.37847,43.64608],[-79.382,43.64535],[-79.38319,43.64551],[-79.38366,43.64582],[-79.38612,43.65],[-79.3897,43.65833],[-79.39,43.65918],[-79.39055,43.66237],[-79.39158,43.66479],[-79.39289,43.66597]],[[-79.39279,43.66574],[-79.39169,43.66475],[-79.39067,43.66236],[-79.39013,43.65917],[-79.38985,43.65836],[-79.38624,43.64996],[-79.38377,43.64577],[-79.38324,43.64543],[-79.38198,43.64526],[-79.37936,43.6458],[-79.3781,43.64615],[-79.37747,43.64647],[-79.3771,43.64695],[-79.37714,43.64748],[-79.38326,43.66187],[-79.38342,43.6627],[-79.38335,43.66443],[-79.38537,43.66941],[-79.38613,43.67275],[-79.38656,43.67349],[-79.38773,43.67494],[-79.38806,43.67557],[-79.39274,43.68743],[-79.39403,43.68921],[-79.39482,43.69055],[-79.39562,43.69256],[-79.39646,43.69639],[-79.39802,43.69945],[-79.39861,43.70829],[-79.40032,43.71649],[-79.40203,43.72469],[-79.40406,43.73253],[-79.40588,43.74072],[-79.40599,43.74445],[-79.40804,43.75019],[-79.41064,43.76056],[-79.41323,43.77094],[-79.41583,43.78131]],[[-79.52728,43.79372],[-79.52738,43.79371],[-79.52771,43.79494],[-79.52761,43.79496],[-79.52728,43.79372]],[[-79.52271,43.78275],[-79.5228,43.78272],[-79.5235,43.78388],[-79.5234,43.78391],[-79.52271,43.78275]],[[-79.49107,43.76404],[-79.49119,43.76402],[-79.4915,43.76527],[-79.49138,43.76528],[-79.49107,43.76404]],[[-79.46197,43.7487],[-79.46207,43.74868],[-79.46252,43.7499],[-79.46242,43.74992],[-79.46197,43.7487]],[[-79.4157,43.78067],[-79.4158,43.78066],[-79.41609,43.78191],[-79.41599,43.78192],[-79.4157,43.78067]],[[-79.41068,43.7608],[-79.41078,43.76079],[-79.41113,43.76203],[-79.41103,43.76204],[-79.41068,43.7608]],[[-79.40597,43.74327],[-79.40608,43.74325],[-79.40617,43.74445],[-79.40603,43.74447],[-79.40597,43.74327]],[[-79.40229,43.72574],[-79.40239,43.72572],[-79.40268,43.72697],[-79.40258,43.72698],[-79.40229,43.72574]],[[-79.39843,43.7055],[-79.39853,43.70549],[-79.39862,43.70676],[-79.39852,43.70676],[-79.39843,43.7055]],[[-79.39004,43.65926],[-79.39014,43.65925],[-79.3903,43.66051],[-79.3902,43.66052],[-79.39004,43.65926]],[[-79.38797,43.65422],[-79.38806,43.65419],[-79.38857,43.6554],[-79.38848,43.65543],[-79.38797,43.65422]],[[-79.38621,43.65015],[-79.38631,43.65013],[-79.38683,43.65134],[-79.38673,43.65136],[-79.38621,43.65015]],[[-79.3853,43.64844],[-79.38521,43.64847],[-79.38454,43.6473],[-79.38463,43.64727],[-79.3853,43.64844]],[[-79.38139,43.65713],[-79.38078,43.65594],[-79.38086,43.65592],[-79.38139,43.65713]]]}},{"type":"Feature","properties":{"id":"badge-1","kind":"badge","ref":"1","lineRef":"metro","color":"#F8C300"},"geometry":{"type":"Point","coordinates":[-79.45306,43.73865]}},{"type":"Feature","properties":{"id":"line-2","kind":"line","lineRef":"metro","ref":"2","color":"#00923F"},"geometry":{"type":"MultiLineString","coordinates":[[[-79.53618,43.6371],[-79.52886,43.64308],[-79.52768,43.64443],[-79.52689,43.64485],[-79.52583,43.64515],[-79.51203,43.64821],[-79.50827,43.6487],[-79.50171,43.65004],[-79.49822,43.65054],[-79.4959,43.65039],[-79.49042,43.64846],[-79.48918,43.64826],[-79.48825,43.64828],[-79.48735,43.64852],[-79.48555,43.64953],[-79.48455,43.64984],[-79.47299,43.65244],[-79.46384,43.65465],[-79.44605,43.65861],[-79.43628,43.66009],[-79.41744,43.66434],[-79.41386,43.66528],[-79.40572,43.66693],[-79.39801,43.66867],[-79.3885,43.67062],[-79.3836,43.67097],[-79.37757,43.67218],[-79.37167,43.67236],[-79.37049,43.67276],[-79.36707,43.67461],[-79.36015,43.67603],[-79.35781,43.67712],[-79.35685,43.67743],[-79.34596,43.67965],[-79.33507,43.68187],[-79.32418,43.68409],[-79.31289,43.68658],[-79.3016,43.68907],[-79.29866,43.68983],[-79.29054,43.69421],[-79.2837,43.69689],[-79.28264,43.69755],[-79.28181,43.69837],[-79.28121,43.69931],[-79.28094,43.70011],[-79.27839,43.71534],[-79.27767,43.71734],[-79.27508,43.72273],[-79.27447,43.72368],[-79.26816,43.7304],[-79.26631,43.73154],[-79.26377,43.73253]],[[-79.53606,43.63703],[-79.52882,43.64305],[-79.52789,43.64417],[-79.52719,43.64465],[-79.5262,43.64498],[-79.51201,43.64817],[-79.50735,43.64882],[-79.50067,43.65018],[-79.49777,43.65052],[-79.49577,43.65031],[-79.49044,43.64843],[-79.48919,43.64822],[-79.48824,43.64824],[-79.48732,43.64849],[-79.48552,43.6495],[-79.48453,43.64981],[-79.47297,43.6524],[-79.46349,43.65468],[-79.44604,43.65858],[-79.43627,43.66005],[-79.42351,43.66298],[-79.41076,43.66592],[-79.39798,43.66858],[-79.38801,43.67058],[-79.38357,43.67094],[-79.37756,43.67214],[-79.37165,43.67232],[-79.37046,43.67273],[-79.36703,43.67456],[-79.36021,43.67596],[-79.35795,43.67701],[-79.35686,43.67734],[-79.3456,43.67965],[-79.33435,43.68196],[-79.32309,43.68427],[-79.31234,43.68666],[-79.30159,43.68904],[-79.29863,43.6898],[-79.29051,43.69417],[-79.28367,43.69686],[-79.2826,43.69753],[-79.28176,43.69835],[-79.28116,43.69929],[-79.28089,43.7001],[-79.27834,43.71533],[-79.27762,43.71733],[-79.27503,43.72271],[-79.27443,43.72366],[-79.26807,43.73042],[-79.26608,43.7316],[-79.26372,43.73244]]]}},{"type":"Feature","properties":{"id":"badge-2","kind":"badge","ref":"2","lineRef":"metro","color":"#00923F"},"geometry":{"type":"Point","coordinates":[-79.38951,43.67041]}},{"type":"Feature","properties":{"id":"line-4","kind":"line","lineRef":"metro","ref":"4","color":"#A21A68"},"geometry":{"type":"MultiLineString","coordinates":[[[-79.41085,43.76142],[-79.40364,43.76299],[-79.38546,43.76724],[-79.3757,43.76926],[-79.36271,43.7715],[-79.34632,43.77522]],[[-79.41084,43.76152],[-79.40367,43.76307],[-79.38548,43.76732],[-79.37572,43.76934],[-79.36274,43.77158],[-79.34636,43.7753]]]}},{"type":"Feature","properties":{"id":"badge-4","kind":"badge","ref":"4","lineRef":"metro","color":"#A21A68"},"geometry":{"type":"Point","coordinates":[-79.37865,43.76865]}},{"type":"Feature","properties":{"id":"line-5","kind":"line","lineRef":"metro","ref":"5","color":"#FF7D24"},"geometry":{"type":"MultiLineString","coordinates":[[[-79.48701,43.68772],[-79.48204,43.68879],[-79.47995,43.68904],[-79.47743,43.68954],[-79.46354,43.69267],[-79.44966,43.69579],[-79.43596,43.69874],[-79.42226,43.70168],[-79.40856,43.70463],[-79.3952,43.70735],[-79.38184,43.71007],[-79.36848,43.71279],[-79.35512,43.71551],[-79.35131,43.71657],[-79.34092,43.7198],[-79.33054,43.72303],[-79.31931,43.72593],[-79.3173,43.72621],[-79.31532,43.72623],[-79.30451,43.72468],[-79.303,43.72467],[-79.30075,43.72491],[-79.28992,43.72734],[-79.2791,43.72976],[-79.26827,43.73219],[-79.2639,43.73289]],[[-79.26393,43.73299],[-79.26773,43.73238],[-79.27401,43.73087],[-79.28731,43.72792],[-79.30061,43.72497],[-79.30297,43.72471],[-79.3045,43.72472],[-79.31507,43.72626],[-79.31708,43.72627],[-79.31932,43.72596],[-79.33056,43.72306],[-79.33894,43.72055],[-79.35133,43.71661],[-79.35515,43.71556],[-79.36849,43.71285],[-79.38183,43.71014],[-79.39517,43.70744],[-79.40851,43.70473],[-79.42225,43.70177],[-79.43598,43.69882],[-79.44972,43.69586],[-79.4594,43.69368],[-79.46907,43.69149],[-79.47875,43.68931],[-79.48206,43.68882],[-79.48647,43.68794]]]}},{"type":"Feature","properties":{"id":"badge-5","kind":"badge","ref":"5","lineRef":"metro","color":"#FF7D24"},"geometry":{"type":"Point","coordinates":[-79.37525,43.71141]}},{"type":"Feature","properties":{"id":"line-6","kind":"line","lineRef":"metro","ref":"6","color":"#8A999A"},"geometry":{"type":"MultiLineString","coordinates":[[[-79.49115,43.76349],[-79.49227,43.76323],[-79.49474,43.76224],[-79.5052,43.75991],[-79.51567,43.75757],[-79.5197,43.75701],[-79.5312,43.75434],[-79.54436,43.75169],[-79.56265,43.74777],[-79.57081,43.74568],[-79.57943,43.7437],[-79.5829,43.74321],[-79.58568,43.74345],[-79.58768,43.74306],[-79.58844,43.74264],[-79.58883,43.74208],[-79.58974,43.73995],[-79.59004,43.7377],[-79.5905,43.73717],[-79.60322,43.7341],[-79.60326,43.73372],[-79.60153,43.72974]],[[-79.60152,43.73005],[-79.60323,43.73381],[-79.60314,43.73409],[-79.59055,43.73709],[-79.59001,43.73764],[-79.58969,43.73994],[-79.58872,43.74219],[-79.58832,43.74265],[-79.58764,43.743],[-79.58548,43.74341],[-79.58295,43.74315],[-79.57976,43.74359],[-79.57029,43.74577],[-79.56378,43.74749],[-79.54435,43.75166],[-79.53099,43.75435],[-79.51973,43.75697],[-79.51569,43.75753],[-79.50513,43.75988],[-79.49458,43.76224],[-79.49247,43.76309],[-79.49042,43.76357]]]}},{"type":"Feature","properties":{"id":"badge-6","kind":"badge","ref":"6","lineRef":"metro","color":"#8A999A"},"geometry":{"type":"Point","coordinates":[-79.55085,43.75027]}},{"type":"Feature","properties":{"id":"line-501","kind":"line","lineRef":"tram","ref":"501"},"geometry":{"type":"MultiLineString","coordinates":[[[-79.47871,43.63101],[-79.47873,43.63075],[-79.4782,43.63024],[-79.47807,43.62931],[-79.47861,43.6286],[-79.47899,43.62745],[-79.48088,43.62354],[-79.48239,43.6214],[-79.48304,43.62069],[-79.48369,43.62034],[-79.48548,43.61988],[-79.48622,43.61937],[-79.48969,43.61317],[-79.49025,43.6099],[-79.49055,43.60678],[-79.49137,43.60508],[-79.49195,43.60445],[-79.49265,43.60396],[-79.49589,43.60259],[-79.49823,43.60235],[-79.51206,43.5993],[-79.52588,43.59625],[-79.54288,43.59234],[-79.54352,43.59228],[-79.54455,43.59183],[-79.54471,43.5916],[-79.54443,43.59154],[-79.54407,43.592],[-79.54348,43.59225],[-79.54293,43.59229],[-79.52582,43.59624],[-79.51197,43.59929],[-79.49812,43.60234],[-79.49585,43.60257],[-79.49331,43.60357],[-79.49246,43.60403],[-79.49136,43.60504],[-79.49053,43.60671],[-79.49019,43.61004],[-79.48963,43.6132],[-79.48623,43.6193],[-79.48557,43.61982],[-79.48373,43.6203],[-79.48312,43.62059],[-79.48243,43.62129],[-79.4808,43.62361],[-79.47892,43.62751],[-79.47853,43.62867],[-79.47803,43.62929],[-79.47816,43.63025],[-79.47872,43.63087]],[[-79.28164,43.6739],[-79.29194,43.67173],[-79.30224,43.66957],[-79.31462,43.66679],[-79.327,43.66402],[-79.33939,43.66124],[-79.35177,43.65847],[-79.36415,43.65569],[-79.37557,43.65323],[-79.37572,43.65309],[-79.37555,43.65256],[-79.37566,43.65244],[-79.38437,43.65053],[-79.38459,43.65055],[-79.38487,43.65113],[-79.38511,43.65118],[-79.39639,43.64884],[-79.40767,43.6465],[-79.41895,43.64416],[-79.43295,43.64138],[-79.44696,43.6386],[-79.45076,43.63923],[-79.45295,43.63975],[-79.45834,43.63967],[-79.4613,43.63925],[-79.46633,43.63785],[-79.47055,43.63714],[-79.47201,43.63662],[-79.47317,43.63584],[-79.47657,43.63258],[-79.4782,43.63192],[-79.47871,43.63101]],[[-79.4784,43.6315],[-79.4781,43.63194],[-79.47703,43.63231],[-79.47636,43.63271],[-79.47304,43.6359],[-79.47172,43.63671],[-79.47046,43.63713],[-79.46646,43.63779],[-79.46124,43.63923],[-79.45813,43.63966],[-79.45273,43.63972],[-79.45092,43.63923],[-79.44703,43.63856],[-79.43299,43.64135],[-79.41894,43.64413],[-79.40766,43.64647],[-79.39637,43.64882],[-79.38509,43.65116],[-79.38487,43.65108],[-79.38414,43.6493],[-79.38388,43.64922],[-79.37505,43.65114],[-79.37497,43.65133],[-79.37567,43.65303],[-79.37545,43.65323],[-79.36415,43.65566],[-79.35135,43.65853],[-79.33854,43.6614],[-79.32574,43.66427],[-79.31293,43.66714],[-79.30013,43.67001],[-79.28252,43.67369]]]}},{"type":"Feature","properties":{"id":"badge-501","kind":"badge","ref":"501","lineRef":"tram"},"geometry":{"type":"Point","coordinates":[-79.38039,43.64998]}},{"type":"Feature","properties":{"id":"line-503","kind":"line","lineRef":"tram","ref":"503","color":"#ED1C24"},"geometry":{"type":"MultiLineString","coordinates":[[[-79.37432,43.64992],[-79.36423,43.65217],[-79.3562,43.65684],[-79.35489,43.65773],[-79.34082,43.66089],[-79.32676,43.66404],[-79.31269,43.6672],[-79.31004,43.67202],[-79.30554,43.67603],[-79.30435,43.67681],[-79.30052,43.67838],[-79.29312,43.68003],[-79.28433,43.68079],[-79.28415,43.68087],[-79.28414,43.68102],[-79.28434,43.6815],[-79.28452,43.68157],[-79.28529,43.68138],[-79.28517,43.68086],[-79.28534,43.68073],[-79.29313,43.68006],[-79.30051,43.67841],[-79.30426,43.67689],[-79.30549,43.67611],[-79.31008,43.67203],[-79.31271,43.66723],[-79.32679,43.66407],[-79.34087,43.6609],[-79.35495,43.65774],[-79.35622,43.65686],[-79.3642,43.65222],[-79.37432,43.64992]],[[-79.37432,43.64992],[-79.37393,43.64875],[-79.37412,43.64858],[-79.38285,43.64667],[-79.38305,43.64677],[-79.38346,43.64778],[-79.38327,43.64799],[-79.37432,43.64992]]]}},{"type":"Feature","properties":{"id":"badge-503","kind":"badge","ref":"503","lineRef":"tram","color":"#ED1C24"},"geometry":{"type":"Point","coordinates":[-79.28431,43.68143]}},{"type":"Feature","properties":{"id":"line-504","kind":"line","lineRef":"tram","ref":"504"},"geometry":{"type":"MultiLineString","coordinates":[[[-79.45259,43.65682],[-79.45369,43.65675],[-79.45387,43.65694],[-79.45281,43.65724],[-79.45259,43.65682]],[[-79.45259,43.65682],[-79.4513,43.65209],[-79.44675,43.64028],[-79.44593,43.63844],[-79.44312,43.63743],[-79.44147,43.63657],[-79.43994,43.63639],[-79.42728,43.63894]],[[-79.42717,43.639],[-79.43995,43.63642],[-79.4415,43.63661],[-79.44309,43.63745],[-79.44589,43.63847],[-79.44667,43.6402],[-79.45121,43.65195],[-79.45259,43.65682]],[[-79.42728,43.63894],[-79.42731,43.63877],[-79.42587,43.63495],[-79.42677,43.63468],[-79.42687,43.63454],[-79.42669,43.6343],[-79.4258,43.63446],[-79.42568,43.63462],[-79.42725,43.63873],[-79.42726,43.63889],[-79.42703,43.639]],[[-79.35863,43.65544],[-79.36443,43.65215],[-79.37453,43.64995],[-79.38463,43.64774],[-79.39473,43.64554],[-79.40554,43.64336],[-79.41636,43.64118],[-79.42717,43.639]],[[-79.42703,43.639],[-79.42704,43.639],[-79.41624,43.64118],[-79.40544,43.64335],[-79.39464,43.64553],[-79.38456,43.64773],[-79.37447,43.64992],[-79.36439,43.65212],[-79.36439,43.65213],[-79.35871,43.65536]],[[-79.35871,43.65536],[-79.35844,43.65542],[-79.3583,43.65525],[-79.3586,43.65413],[-79.35772,43.65212],[-79.35736,43.65164],[-79.35683,43.65048],[-79.35652,43.65044],[-79.35645,43.65063],[-79.35697,43.65089],[-79.35735,43.6517],[-79.35766,43.65207],[-79.35852,43.65403],[-79.35854,43.6544],[-79.35824,43.65515],[-79.35831,43.65542],[-79.3585,43.65548]],[[-79.3585,43.65548],[-79.35499,43.65769],[-79.35004,43.65881],[-79.34986,43.65895],[-79.35341,43.66743],[-79.35304,43.66859],[-79.35301,43.6695],[-79.35425,43.67088],[-79.35503,43.67218],[-79.35886,43.67626],[-79.35881,43.67677],[-79.35804,43.67723],[-79.35812,43.67744],[-79.35854,43.67751],[-79.35871,43.67741],[-79.35895,43.67631],[-79.35497,43.67205],[-79.35429,43.67088],[-79.35306,43.6695],[-79.35309,43.66856],[-79.35346,43.66745],[-79.34992,43.65899],[-79.35013,43.65883],[-79.355,43.65773],[-79.35622,43.65686],[-79.35863,43.65544]],[[-79.35841,43.67678],[-79.35853,43.67691],[-79.35797,43.67716],[-79.35788,43.67732],[-79.35787,43.67711],[-79.35841,43.67678]]]}},{"type":"Feature","properties":{"id":"badge-504","kind":"badge","ref":"504","lineRef":"tram"},"geometry":{"type":"Point","coordinates":[-79.35824,43.67746]}},{"type":"Feature","properties":{"id":"line-505","kind":"line","lineRef":"tram","ref":"505"},"geometry":{"type":"MultiLineString","coordinates":[[[-79.45258,43.65678],[-79.45366,43.65667],[-79.45387,43.65694],[-79.45281,43.65724],[-79.45258,43.65678]],[[-79.45258,43.65678],[-79.45187,43.65401],[-79.4517,43.65377],[-79.44712,43.65167],[-79.44461,43.65102],[-79.44089,43.65023],[-79.43177,43.64963],[-79.42078,43.64932],[-79.40559,43.65237],[-79.40371,43.65173],[-79.39064,43.65447],[-79.38794,43.65482],[-79.38042,43.65643],[-79.37873,43.65615],[-79.3734,43.6573],[-79.37275,43.65796],[-79.37204,43.65825],[-79.37111,43.65828],[-79.35649,43.66158],[-79.35334,43.66199],[-79.3515,43.66239],[-79.35138,43.66254],[-79.35341,43.66743],[-79.35304,43.66859],[-79.35301,43.6695],[-79.35425,43.67088],[-79.35503,43.67218],[-79.35886,43.67626],[-79.35891,43.67648],[-79.35876,43.67691],[-79.35806,43.6773],[-79.35814,43.67745],[-79.35854,43.67751],[-79.35871,43.67741],[-79.35895,43.67631],[-79.35497,43.67205],[-79.35429,43.67088],[-79.35306,43.6695],[-79.35309,43.66856],[-79.35346,43.66745],[-79.35142,43.66257],[-79.35149,43.66244],[-79.35358,43.66197],[-79.35636,43.66163],[-79.37097,43.65834],[-79.37205,43.65828],[-79.37282,43.65795],[-79.37345,43.65732],[-79.37871,43.65618],[-79.38044,43.65645],[-79.38782,43.65487],[-79.3906,43.65451],[-79.40367,43.65177],[-79.40557,43.65241],[-79.42078,43.64935],[-79.4317,43.64966],[-79.44094,43.65026],[-79.44465,43.65106],[-79.44711,43.6517],[-79.45161,43.65375],[-79.45184,43.65406],[-79.45258,43.65678]]]}},{"type":"Feature","properties":{"id":"badge-505","kind":"badge","ref":"505","lineRef":"tram"},"geometry":{"type":"Point","coordinates":[-79.35815,43.67745]}},{"type":"Feature","properties":{"id":"line-506","kind":"line","lineRef":"tram","ref":"506"},"geometry":{"type":"LineString","coordinates":[[-79.30207,43.68873],[-79.30016,43.68421],[-79.30017,43.68402],[-79.30559,43.68281],[-79.30812,43.68211],[-79.31065,43.68086],[-79.3119,43.68039],[-79.31506,43.67804],[-79.31571,43.6772],[-79.31683,43.67628],[-79.31749,43.67604],[-79.31955,43.67576],[-79.32022,43.67541],[-79.32026,43.67523],[-79.31936,43.67302],[-79.31958,43.67284],[-79.3333,43.66976],[-79.34703,43.66669],[-79.35293,43.66548],[-79.35999,43.66351],[-79.36674,43.66202],[-79.36705,43.66209],[-79.3679,43.66415],[-79.36818,43.66425],[-79.38156,43.66141],[-79.38323,43.66137],[-79.39546,43.65879],[-79.39967,43.65798],[-79.40029,43.65796],[-79.4151,43.65498],[-79.41761,43.65524],[-79.41877,43.6552],[-79.42981,43.6529],[-79.43087,43.65291],[-79.43968,43.65116],[-79.44112,43.6503],[-79.44506,43.65116],[-79.447,43.65167],[-79.4481,43.6521],[-79.45507,43.65065],[-79.45698,43.64971],[-79.45787,43.64857],[-79.45818,43.64792],[-79.458,43.64778],[-79.45778,43.64785],[-79.45785,43.64853],[-79.45695,43.64969],[-79.45498,43.65066],[-79.4482,43.65205],[-79.44508,43.65113],[-79.44111,43.65026],[-79.43972,43.65112],[-79.43116,43.65282],[-79.42989,43.65285],[-79.41879,43.65517],[-79.4176,43.65521],[-79.41508,43.65495],[-79.4003,43.65793],[-79.39981,43.65792],[-79.39536,43.65878],[-79.38322,43.66134],[-79.38113,43.66145],[-79.36822,43.66421],[-79.36795,43.66415],[-79.3671,43.66208],[-79.3668,43.66198],[-79.35996,43.66349],[-79.35297,43.66544],[-79.34702,43.66666],[-79.33325,43.66974],[-79.31947,43.67283],[-79.31931,43.67304],[-79.3202,43.67537],[-79.31951,43.67573],[-79.31741,43.67603],[-79.31678,43.67627],[-79.31564,43.67722],[-79.31505,43.678],[-79.31185,43.68038],[-79.31064,43.68083],[-79.3081,43.68209],[-79.3056,43.68278],[-79.30012,43.684],[-79.3004,43.68488],[-79.30207,43.68873]]}},{"type":"Feature","properties":{"id":"badge-506","kind":"badge","ref":"506","lineRef":"tram"},"geometry":{"type":"Point","coordinates":[-79.45799,43.64778]}},{"type":"Feature","properties":{"id":"line-507","kind":"line","lineRef":"tram","ref":"507"},"geometry":{"type":"LineString","coordinates":[[-79.54412,43.59193],[-79.54348,43.59225],[-79.54293,43.59229],[-79.52894,43.59547],[-79.51496,43.59864],[-79.49812,43.60234],[-79.49585,43.60257],[-79.49331,43.60357],[-79.49246,43.60403],[-79.49136,43.60504],[-79.49053,43.60671],[-79.49019,43.61004],[-79.48963,43.6132],[-79.48623,43.6193],[-79.48557,43.61982],[-79.48373,43.6203],[-79.48312,43.62059],[-79.48243,43.62129],[-79.48089,43.62347],[-79.47892,43.62751],[-79.47853,43.62867],[-79.47804,43.62925],[-79.47816,43.63025],[-79.47913,43.6311],[-79.47945,43.63107],[-79.47942,43.63089],[-79.47889,43.63085],[-79.47827,43.63034],[-79.47806,43.62934],[-79.47861,43.6286],[-79.47899,43.62745],[-79.48084,43.62362],[-79.48239,43.6214],[-79.48304,43.62069],[-79.48369,43.62034],[-79.48548,43.61988],[-79.48622,43.61937],[-79.48969,43.61317],[-79.49025,43.6099],[-79.49055,43.60678],[-79.49137,43.60508],[-79.49195,43.60445],[-79.49265,43.60396],[-79.49589,43.60259],[-79.49823,43.60235],[-79.51206,43.5993],[-79.52588,43.59625],[-79.54288,43.59234],[-79.54352,43.59228],[-79.54455,43.59183],[-79.54471,43.5916],[-79.54443,43.59154],[-79.54412,43.59193]]}},{"type":"Feature","properties":{"id":"badge-507","kind":"badge","ref":"507","lineRef":"tram"},"geometry":{"type":"Point","coordinates":[-79.47888,43.63084]}},{"type":"Feature","properties":{"id":"line-509","kind":"line","lineRef":"tram","ref":"509"},"geometry":{"type":"LineString","coordinates":[[-79.41475,43.63655],[-79.41285,43.63703],[-79.41227,43.63695],[-79.41167,43.63655],[-79.41059,43.63626],[-79.40691,43.63637],[-79.40385,43.63591],[-79.40169,43.63608],[-79.39986,43.63657],[-79.39938,43.63618],[-79.39828,43.63576],[-79.39702,43.63656],[-79.39521,43.63714],[-79.39292,43.63741],[-79.38712,43.63872],[-79.38047,43.63988],[-79.37698,43.64107],[-79.37685,43.64123],[-79.37746,43.64217],[-79.37887,43.64559],[-79.379,43.64566],[-79.37917,43.64546],[-79.37882,43.64529],[-79.37754,43.64219],[-79.37694,43.64117],[-79.38048,43.63991],[-79.38717,43.63874],[-79.3929,43.63745],[-79.39523,43.63717],[-79.39718,43.63653],[-79.3983,43.6358],[-79.39934,43.6362],[-79.39983,43.63662],[-79.40162,43.63613],[-79.40372,43.63594],[-79.407,43.6364],[-79.41051,43.63629],[-79.41158,43.63656],[-79.41214,43.63694],[-79.41332,43.6373],[-79.41825,43.63602],[-79.41843,43.63583],[-79.41815,43.63564],[-79.41694,43.63595]]}},{"type":"Feature","properties":{"id":"badge-509","kind":"badge","ref":"509","lineRef":"tram"},"geometry":{"type":"Point","coordinates":[-79.378,43.64331]}},{"type":"Feature","properties":{"id":"line-510","kind":"line","lineRef":"tram","ref":"510"},"geometry":{"type":"MultiLineString","coordinates":[[[-79.39553,43.6468],[-79.40039,43.65887],[-79.40037,43.65913],[-79.39999,43.65954],[-79.40001,43.65985],[-79.40024,43.66011],[-79.40103,43.66045],[-79.40304,43.66551],[-79.40339,43.66614],[-79.40339,43.66663],[-79.40276,43.66692],[-79.40284,43.66723],[-79.40313,43.66734],[-79.40395,43.66716],[-79.4031,43.66552],[-79.4011,43.66051],[-79.40113,43.66025],[-79.40151,43.65982],[-79.40148,43.65949],[-79.4012,43.65923],[-79.40055,43.65904],[-79.40043,43.65886],[-79.39561,43.64688]],[[-79.39561,43.64688],[-79.39224,43.6385],[-79.3918,43.6377],[-79.38712,43.63872],[-79.38047,43.63988],[-79.37698,43.64107],[-79.37685,43.64123],[-79.37749,43.64225],[-79.37887,43.64559],[-79.37906,43.64565],[-79.37917,43.64546],[-79.37882,43.64529],[-79.37754,43.64219],[-79.37694,43.64124],[-79.37699,43.64109],[-79.38048,43.63991],[-79.38717,43.63874],[-79.39158,43.63775],[-79.39188,43.63778],[-79.39221,43.63854]],[[-79.39553,43.6468],[-79.39413,43.64697],[-79.39367,43.6459],[-79.39378,43.64575],[-79.39473,43.64554],[-79.39499,43.64556],[-79.3951,43.64569]],[[-79.39221,43.63854],[-79.3951,43.64569]]]}},{"type":"Feature","properties":{"id":"badge-510","kind":"badge","ref":"510","lineRef":"tram"},"geometry":{"type":"Point","coordinates":[-79.40318,43.66733]}},{"type":"Feature","properties":{"id":"line-511","kind":"line","lineRef":"tram","ref":"511"},"geometry":{"type":"LineString","coordinates":[[-79.41529,43.6364],[-79.41285,43.63703],[-79.41227,43.63695],[-79.41167,43.63655],[-79.41059,43.63626],[-79.40691,43.63637],[-79.40372,43.63591],[-79.40126,43.63617],[-79.39994,43.63657],[-79.39979,43.63676],[-79.40367,43.64642],[-79.40754,43.65607],[-79.41142,43.66573],[-79.41131,43.66669],[-79.41145,43.66685],[-79.41174,43.66679],[-79.41181,43.66662],[-79.40783,43.65665],[-79.40384,43.64669],[-79.39986,43.63672],[-79.40014,43.63654],[-79.40162,43.63613],[-79.40406,43.63594],[-79.407,43.6364],[-79.41051,43.63629],[-79.41158,43.63656],[-79.41214,43.63694],[-79.41338,43.6373],[-79.41825,43.63602],[-79.41843,43.63583],[-79.41815,43.63564],[-79.41694,43.63595]]}},{"type":"Feature","properties":{"id":"badge-511","kind":"badge","ref":"511","lineRef":"tram"},"geometry":{"type":"Point","coordinates":[-79.41104,43.6647]}},{"type":"Feature","properties":{"id":"line-512","kind":"line","lineRef":"tram","ref":"512"},"geometry":{"type":"MultiLineString","coordinates":[[[-79.41555,43.68372],[-79.43302,43.68019],[-79.44562,43.67741],[-79.45823,43.67464],[-79.47083,43.67186],[-79.47109,43.67188],[-79.4713,43.67227],[-79.47155,43.67233],[-79.47185,43.67173],[-79.47163,43.67165],[-79.46301,43.67351],[-79.45324,43.67568],[-79.44346,43.67785],[-79.43369,43.68002],[-79.41555,43.68372]],[[-79.39191,43.68794],[-79.39144,43.68812],[-79.39163,43.68858],[-79.40452,43.68605],[-79.41509,43.68381]],[[-79.41509,43.68381],[-79.40423,43.68602],[-79.39337,43.68823],[-79.39315,43.68821],[-79.39289,43.68789]]]}},{"type":"Feature","properties":{"id":"badge-512","kind":"badge","ref":"512","lineRef":"tram"},"geometry":{"type":"Point","coordinates":[-79.47172,43.67199]}},{"type":"Feature","properties":{"id":"line-up","kind":"line","lineRef":"train","ref":"UP","color":"#0075D2"},"geometry":{"type":"MultiLineString","coordinates":[[[-79.6021,43.70558],[-79.60873,43.70545],[-79.61319,43.70522],[-79.61394,43.70498],[-79.61447,43.70449],[-79.61456,43.70389],[-79.61434,43.70343],[-79.61103,43.7005],[-79.61053,43.69949],[-79.60992,43.69768],[-79.60995,43.69708],[-79.61014,43.69663],[-79.61177,43.69475],[-79.61221,43.69404],[-79.61405,43.68793],[-79.61584,43.68549],[-79.61583,43.68505],[-79.61559,43.6846],[-79.61332,43.68284]],[[-79.61319,43.68291],[-79.61551,43.6846],[-79.61575,43.68502],[-79.61578,43.68548],[-79.61397,43.68794],[-79.61215,43.69403],[-79.61171,43.69472],[-79.61018,43.69646],[-79.60992,43.69701],[-79.60986,43.69768],[-79.61085,43.70034],[-79.61149,43.70107],[-79.61426,43.70346],[-79.61449,43.70389],[-79.6144,43.70445],[-79.61385,43.70498],[-79.6131,43.70518],[-79.6089,43.70541],[-79.6021,43.70554]],[[-79.40178,43.64048],[-79.40488,43.6402],[-79.40848,43.64022],[-79.42137,43.64067],[-79.42385,43.64094],[-79.42545,43.64133],[-79.42692,43.64185],[-79.43954,43.64769],[-79.44173,43.64906],[-79.44377,43.65074],[-79.44377,43.65073],[-79.45223,43.65933],[-79.46068,43.66794],[-79.46914,43.67654],[-79.4721,43.67915],[-79.47456,43.68087],[-79.47762,43.68267],[-79.48635,43.68707],[-79.49765,43.69251],[-79.50892,43.69809],[-79.52018,43.70368],[-79.52398,43.70531],[-79.52633,43.70601],[-79.52824,43.70642],[-79.53065,43.70677],[-79.53325,43.70691],[-79.54757,43.70664],[-79.5619,43.70637],[-79.57622,43.70609],[-79.59055,43.70582],[-79.59055,43.70581]],[[-79.59053,43.70578],[-79.57621,43.70605],[-79.56188,43.70633],[-79.54756,43.7066],[-79.53323,43.70688],[-79.53067,43.70673],[-79.52827,43.70639],[-79.52634,43.70597],[-79.52399,43.70527],[-79.52021,43.70365],[-79.51002,43.69861],[-79.49983,43.69357],[-79.48963,43.68852],[-79.47944,43.68348],[-79.47473,43.68084],[-79.47217,43.67907],[-79.46924,43.67651],[-79.46213,43.66922],[-79.45501,43.66192],[-79.4479,43.65463],[-79.44392,43.65068],[-79.44184,43.64896],[-79.43961,43.64759],[-79.42737,43.64191],[-79.42551,43.64123],[-79.42389,43.64085],[-79.42138,43.64059],[-79.40758,43.64012],[-79.40459,43.64017],[-79.40178,43.64048]],[[-79.40178,43.64048],[-79.39919,43.64081],[-79.39366,43.64217],[-79.38837,43.64303],[-79.38519,43.64373],[-79.3826,43.64445]]]}},{"type":"Feature","properties":{"id":"badge-up","kind":"badge","ref":"UP","lineRef":"train","color":"#0075D2"},"geometry":{"type":"Point","coordinates":[-79.48981,43.68861]}},{"type":"Feature","properties":{"id":"line-lw","kind":"line","lineRef":"train","ref":"LW"},"geometry":{"type":"MultiLineString","coordinates":[[[-79.68752,43.45],[-79.6792,43.45802],[-79.67552,43.46249]],[[-79.67477,43.46352],[-79.67925,43.45804],[-79.68759,43.45]],[[-79.68765,43.45],[-79.67969,43.45774],[-79.67755,43.46008],[-79.67159,43.46755],[-79.66564,43.47501],[-79.65979,43.48249],[-79.65394,43.48996],[-79.64809,43.49744],[-79.64224,43.50492],[-79.64065,43.50673],[-79.63578,43.51142],[-79.62774,43.5188],[-79.6197,43.52618],[-79.61166,43.53356],[-79.60362,43.54094],[-79.59558,43.54832],[-79.59559,43.54833]],[[-79.68469,43.45265],[-79.6807,43.45638],[-79.67883,43.45834],[-79.67552,43.46249]],[[-79.67522,43.46288],[-79.66555,43.47498],[-79.6597,43.48246],[-79.65384,43.48994],[-79.64799,43.49741],[-79.64214,43.50489],[-79.64056,43.50669],[-79.63858,43.50863],[-79.62969,43.5168],[-79.62081,43.52498],[-79.61192,43.53315],[-79.60304,43.54132],[-79.59415,43.54949],[-79.58527,43.55767],[-79.57638,43.56584],[-79.56871,43.57284],[-79.56104,43.57984],[-79.55337,43.58684],[-79.55027,43.58914],[-79.54735,43.59091],[-79.53659,43.59629],[-79.52582,43.60168]],[[-79.59648,43.54744],[-79.60531,43.53929],[-79.61413,43.53115],[-79.62296,43.523],[-79.63178,43.51486],[-79.64061,43.50671],[-79.643,43.50387],[-79.64865,43.49665],[-79.6543,43.48944],[-79.65995,43.48222],[-79.6656,43.475],[-79.67477,43.46352]],[[-79.59648,43.54744],[-79.58819,43.55505],[-79.57989,43.56265],[-79.5716,43.57026],[-79.5633,43.57786],[-79.55501,43.58547],[-79.55268,43.58744],[-79.54996,43.5894],[-79.54671,43.59132],[-79.53689,43.59621],[-79.52707,43.6011]],[[-79.59559,43.54833],[-79.58775,43.55562],[-79.57958,43.56309],[-79.5714,43.57055],[-79.56322,43.57802],[-79.55505,43.58549],[-79.55307,43.58719],[-79.55107,43.58869],[-79.54829,43.59048],[-79.54584,43.59182],[-79.53456,43.59744],[-79.52329,43.60305],[-79.51201,43.60867],[-79.50073,43.61429],[-79.49502,43.61791],[-79.48533,43.62525],[-79.47565,43.6326],[-79.47294,43.63429],[-79.46683,43.63701],[-79.46385,43.6381],[-79.46149,43.63871],[-79.45945,43.63907],[-79.45598,43.63934],[-79.4515,43.63908],[-79.44667,43.63822],[-79.44434,43.6375],[-79.43693,43.63438],[-79.43525,43.63388],[-79.43368,43.63357],[-79.43141,43.63339],[-79.42897,43.63351],[-79.42729,43.63379],[-79.42405,43.63465]],[[-79.49301,43.61937],[-79.49547,43.61755],[-79.5012,43.61397],[-79.50982,43.60968],[-79.51845,43.60539],[-79.52707,43.6011]],[[-79.52582,43.60168],[-79.51725,43.60594],[-79.50869,43.61021],[-79.50012,43.61447],[-79.49539,43.61747],[-79.48847,43.6227],[-79.48155,43.62793],[-79.47463,43.63316],[-79.47212,43.63456],[-79.46612,43.63718],[-79.46436,43.63782],[-79.46144,43.63861],[-79.45882,43.63905],[-79.45597,43.63923],[-79.45278,43.6391],[-79.44927,43.63864],[-79.44597,43.63788],[-79.44368,43.63711],[-79.437,43.63428],[-79.4353,43.63377],[-79.4337,43.63346],[-79.4314,43.63328],[-79.4293,43.63336],[-79.42725,43.63368],[-79.42399,43.63455]],[[-79.49301,43.61937],[-79.4843,43.62596],[-79.47558,43.63254],[-79.47393,43.63364],[-79.47215,43.63459],[-79.46615,43.63721],[-79.4638,43.63803],[-79.46146,43.63864],[-79.45883,43.63909],[-79.45599,43.63927],[-79.45279,43.63914],[-79.44926,43.63868],[-79.44672,43.63813],[-79.44439,43.63742],[-79.43638,43.63411],[-79.43452,43.63364],[-79.43289,43.6334],[-79.43098,43.63331],[-79.42894,43.63344],[-79.42726,43.63372],[-79.42399,43.63455]],[[-79.49301,43.61937],[-79.4845,43.62583],[-79.47599,43.63229],[-79.47398,43.63366],[-79.47218,43.63462],[-79.46617,43.63724],[-79.46383,43.63807],[-79.46147,43.63868],[-79.45828,43.63918],[-79.45543,43.6393],[-79.45216,43.63912],[-79.44869,43.63862],[-79.44592,43.63799],[-79.44436,43.63747],[-79.43666,43.63425],[-79.43491,43.63376],[-79.43325,43.63348],[-79.43098,43.63335],[-79.42895,43.63347],[-79.42679,43.63387],[-79.42405,43.63465]],[[-79.42405,43.63465],[-79.41745,43.63655],[-79.4051,43.63981],[-79.39845,43.64078],[-79.39365,43.64204],[-79.38953,43.64277]],[[-79.42399,43.63455],[-79.4074,43.63909]],[[-79.41551,43.63703],[-79.41933,43.63607]],[[-79.41896,43.63587],[-79.41527,43.63688]],[[-79.4074,43.63909],[-79.40383,43.6399],[-79.3984,43.64059],[-79.38682,43.64309],[-79.38296,43.64366],[-79.37943,43.64441]],[[-79.4074,43.63909],[-79.40391,43.63993],[-79.39841,43.64063],[-79.38674,43.64315]],[[-79.38953,43.64277],[-79.37673,43.64544]],[[-79.38897,43.64284],[-79.37751,43.64527],[-79.37604,43.64548]],[[-79.38674,43.64315],[-79.38032,43.64452]],[[-79.37606,43.6454],[-79.38483,43.6436]],[[-79.38278,43.64418],[-79.37797,43.64522]],[[-79.38275,43.64412],[-79.37774,43.64519]],[[-79.3826,43.64378],[-79.3776,43.64484]],[[-79.63373,43.51326],[-79.63613,43.51097],[-79.6362,43.51101],[-79.63373,43.51326]],[[-79.54432,43.59264],[-79.54365,43.59293],[-79.54693,43.59131],[-79.54432,43.59264]]]}},{"type":"Feature","properties":{"id":"badge-lw","kind":"badge","ref":"LW","lineRef":"train"},"geometry":{"type":"Point","coordinates":[-79.60606,43.53854]}},{"type":"Feature","properties":{"id":"line-le","kind":"line","lineRef":"train","ref":"LE","color":"#EE3124"},"geometry":{"type":"MultiLineString","coordinates":[[[-79.38252,43.64428],[-79.37755,43.64532],[-79.37475,43.64561],[-79.37221,43.64602],[-79.36279,43.64803],[-79.36121,43.64844],[-79.35664,43.64997]],[[-79.38231,43.6438],[-79.38231,43.64379],[-79.37205,43.64597],[-79.36179,43.64815],[-79.35614,43.65001],[-79.35486,43.65066]],[[-79.35664,43.64997],[-79.35375,43.65131]],[[-79.35453,43.65104],[-79.35664,43.64997]],[[-79.35434,43.65095],[-79.34898,43.65384],[-79.34765,43.6548],[-79.34672,43.65578],[-79.34622,43.65665],[-79.34586,43.65771],[-79.34544,43.66132],[-79.34507,43.66283],[-79.3445,43.66417],[-79.34332,43.66625]],[[-79.35323,43.65158],[-79.34903,43.65388],[-79.3477,43.65482],[-79.34705,43.65543],[-79.34649,43.65624],[-79.34591,43.65774],[-79.3455,43.66132],[-79.34512,43.66283],[-79.34448,43.66432],[-79.34343,43.66616],[-79.34246,43.66753],[-79.34072,43.66927],[-79.33901,43.67062],[-79.33687,43.67193],[-79.33245,43.67385],[-79.32221,43.67787],[-79.31196,43.6819],[-79.30172,43.68592],[-79.29882,43.68675],[-79.28868,43.68908],[-79.27853,43.69141],[-79.27631,43.69215],[-79.27433,43.69301],[-79.27238,43.69408],[-79.27089,43.69508],[-79.26899,43.69669],[-79.2672,43.69874],[-79.2607,43.7085],[-79.25421,43.71827],[-79.24771,43.72803],[-79.24606,43.73009],[-79.24466,43.73141],[-79.24295,43.73271],[-79.22726,43.74264],[-79.22478,43.74454],[-79.22174,43.74728],[-79.22017,43.74832],[-79.21807,43.74921],[-79.21254,43.75072],[-79.20751,43.75281],[-79.20445,43.75374],[-79.19111,43.75633],[-79.17777,43.75892],[-79.16443,43.76151],[-79.14979,43.7652],[-79.14811,43.76577],[-79.14651,43.76653],[-79.14013,43.77053],[-79.1384,43.77181],[-79.13663,43.77344],[-79.12986,43.78068],[-79.12309,43.78792],[-79.11726,43.79589],[-79.11624,43.7979],[-79.11557,43.8002],[-79.11489,43.80879],[-79.11448,43.8115],[-79.11367,43.81381],[-79.1122,43.81622],[-79.11004,43.8186],[-79.10764,43.82048],[-79.10575,43.82158],[-79.1,43.82436]],[[-79.1,43.82429],[-79.10534,43.82173],[-79.1076,43.82045],[-79.11001,43.81857],[-79.11216,43.8162],[-79.11363,43.81378],[-79.11443,43.81149],[-79.11484,43.80877],[-79.11548,43.80041],[-79.11611,43.79809],[-79.11721,43.79588],[-79.12206,43.78913],[-79.12352,43.78738],[-79.13005,43.7804],[-79.13659,43.77342],[-79.13837,43.77178],[-79.14036,43.77032],[-79.14651,43.76648],[-79.14808,43.76573],[-79.14976,43.76517],[-79.16442,43.76147],[-79.17785,43.75884],[-79.19128,43.7562],[-79.20471,43.75357],[-79.20781,43.75261],[-79.2125,43.75065],[-79.21803,43.74914],[-79.21985,43.7484],[-79.22167,43.74723],[-79.2247,43.7445],[-79.2272,43.74257],[-79.24288,43.73265],[-79.24439,43.73152],[-79.24598,43.73004],[-79.24762,43.728],[-79.25411,43.71823],[-79.26061,43.70847],[-79.2671,43.6987],[-79.26888,43.69664],[-79.27134,43.69462],[-79.27308,43.69354],[-79.27464,43.69276],[-79.27849,43.69133],[-79.29808,43.68679],[-79.30212,43.68565],[-79.31222,43.68171],[-79.32233,43.67776],[-79.33243,43.67382],[-79.33634,43.67216],[-79.33899,43.67059],[-79.34143,43.66855],[-79.3427,43.66714],[-79.34332,43.66625]]]}},{"type":"Feature","properties":{"id":"badge-le","kind":"badge","ref":"LE","lineRef":"train","color":"#EE3124"},"geometry":{"type":"Point","coordinates":[-79.22744,43.74253]}},{"type":"Feature","properties":{"id":"line-ki","kind":"line","lineRef":"train","ref":"KI","color":"#00853F"},"geometry":{"type":"MultiLineString","coordinates":[[[-79.75237,43.68928],[-79.76393,43.68694],[-79.77548,43.68461],[-79.78704,43.68228],[-79.79859,43.67994],[-79.8,43.67965]],[[-79.75237,43.68928],[-79.76393,43.68695],[-79.77549,43.68462],[-79.78705,43.6823],[-79.79861,43.67997],[-79.8,43.67969]],[[-79.76607,43.68655],[-79.76217,43.68737]],[[-79.76221,43.68725],[-79.76605,43.68646]],[[-79.752,43.68935],[-79.73999,43.69174],[-79.72798,43.69414],[-79.71596,43.69653],[-79.70395,43.69892],[-79.69194,43.70132],[-79.67993,43.70371],[-79.67358,43.70413],[-79.67359,43.70413],[-79.6597,43.70442],[-79.6458,43.70471],[-79.63191,43.705],[-79.61801,43.70529],[-79.60412,43.70558]],[[-79.60412,43.70558],[-79.61801,43.7053],[-79.63191,43.70502],[-79.6458,43.70473],[-79.6597,43.70445],[-79.67359,43.70417],[-79.67974,43.70377],[-79.68244,43.70337],[-79.68968,43.70195],[-79.70214,43.69943],[-79.71461,43.69691],[-79.72707,43.69439],[-79.73954,43.69187],[-79.752,43.68935]],[[-79.6893,43.7018],[-79.69308,43.70105]],[[-79.64072,43.70476],[-79.63685,43.70482]],[[-79.64016,43.70486],[-79.63633,43.70493]],[[-79.54282,43.70676],[-79.55476,43.70653],[-79.56669,43.70631],[-79.57863,43.70608],[-79.59056,43.70585]],[[-79.56064,43.70644],[-79.56454,43.70636]],[[-79.38952,43.64267],[-79.39967,43.64073],[-79.40546,43.64018],[-79.42202,43.6407],[-79.42448,43.64107],[-79.42692,43.64185],[-79.439,43.6474],[-79.44077,43.64841],[-79.44267,43.64977],[-79.44478,43.65174],[-79.4529,43.66001],[-79.46102,43.66827],[-79.46914,43.67654],[-79.4721,43.67915],[-79.47627,43.68191],[-79.48635,43.68707],[-79.49322,43.69035],[-79.50364,43.69556],[-79.51406,43.70077],[-79.52287,43.70493],[-79.5248,43.70561],[-79.52706,43.70622],[-79.53101,43.70684],[-79.53411,43.70695],[-79.54282,43.70676]],[[-79.54282,43.70676],[-79.53411,43.70692],[-79.53103,43.7068],[-79.52703,43.70618],[-79.52484,43.70559],[-79.5229,43.7049],[-79.51376,43.7005],[-79.50231,43.69484],[-79.49086,43.68917],[-79.47941,43.68351],[-79.47631,43.68187],[-79.47214,43.67911],[-79.46919,43.67654],[-79.4609,43.66809],[-79.45262,43.65963],[-79.44433,43.65118],[-79.44274,43.64972],[-79.44112,43.64855],[-79.43926,43.64748],[-79.42695,43.64179],[-79.4245,43.64103],[-79.42203,43.64067],[-79.40544,43.64014],[-79.39945,43.64072],[-79.38886,43.64278]],[[-79.51307,43.70008],[-79.50985,43.69849]],[[-79.38952,43.64267],[-79.38038,43.64467]],[[-79.38886,43.64278],[-79.38032,43.64452]],[[-79.69442,43.70094],[-79.68938,43.70198],[-79.68934,43.70189],[-79.69442,43.70094]],[[-79.45078,43.65774],[-79.45304,43.66006],[-79.45313,43.66001],[-79.45087,43.6577],[-79.45078,43.65774]]]}},{"type":"Feature","properties":{"id":"badge-ki","kind":"badge","ref":"KI","lineRef":"train","color":"#00853F"},"geometry":{"type":"Point","coordinates":[-79.46471,43.67197]}},{"type":"Feature","properties":{"id":"line-br","kind":"line","lineRef":"train","ref":"BR","color":"#003768"},"geometry":{"type":"MultiLineString","coordinates":[[[-79.49733,43.83296],[-79.49939,43.84476],[-79.49977,43.84591],[-79.50045,43.84713],[-79.50613,43.85548],[-79.50652,43.85652],[-79.50719,43.85966],[-79.50833,43.86218],[-79.51691,43.87591],[-79.52246,43.88301],[-79.52346,43.88453],[-79.52398,43.88564],[-79.52422,43.88682],[-79.52474,43.89278],[-79.52439,43.89578],[-79.52478,43.90035],[-79.52555,43.90875],[-79.52632,43.91716],[-79.52701,43.92]],[[-79.52699,43.92],[-79.5264,43.91769]],[[-79.50779,43.86127],[-79.5071,43.85955],[-79.50684,43.85852]],[[-79.48221,43.77261],[-79.4842,43.78234],[-79.48619,43.79208],[-79.48662,43.79476],[-79.48941,43.80872],[-79.49051,43.81151],[-79.49363,43.81643],[-79.49474,43.81892],[-79.49523,43.82075],[-79.49733,43.83296]],[[-79.48221,43.77261],[-79.484,43.78164],[-79.48578,43.79067],[-79.48757,43.79969],[-79.48936,43.80872],[-79.49021,43.81102],[-79.49097,43.8124],[-79.49342,43.81618],[-79.49469,43.81893],[-79.49512,43.82046],[-79.49733,43.83296]],[[-79.38032,43.64452],[-79.39507,43.64154],[-79.39967,43.64073],[-79.4038,43.64028],[-79.40848,43.64022],[-79.42202,43.6407],[-79.42385,43.64094],[-79.4258,43.64143],[-79.43121,43.64375],[-79.4395,43.64774],[-79.44053,43.64847],[-79.4414,43.64938],[-79.44257,43.65128],[-79.44611,43.65983],[-79.44964,43.66838],[-79.45066,43.67009],[-79.45218,43.67194],[-79.45297,43.67265],[-79.45488,43.67397],[-79.45588,43.67496],[-79.46095,43.68265],[-79.46174,43.68425],[-79.46318,43.68965],[-79.46357,43.69049],[-79.4652,43.69318],[-79.46555,43.69418],[-79.46853,43.70482],[-79.46903,43.70698],[-79.47091,43.71636],[-79.4728,43.72573],[-79.47468,43.73511],[-79.47656,43.74448],[-79.47844,43.75386],[-79.48033,43.76323],[-79.48221,43.77261]]]}},{"type":"Feature","properties":{"id":"badge-br","kind":"badge","ref":"BR","lineRef":"train","color":"#003768"},"geometry":{"type":"Point","coordinates":[-79.4582,43.67848]}},{"type":"Feature","properties":{"id":"line-mi","kind":"line","lineRef":"train","ref":"MI","color":"#F57F25"},"geometry":{"type":"MultiLineString","coordinates":[[[-79.8,43.58009],[-79.7918,43.58751],[-79.78359,43.59493],[-79.7825,43.59578],[-79.78126,43.59651],[-79.77939,43.59726],[-79.77724,43.59775],[-79.76537,43.59974],[-79.76377,43.59987],[-79.76195,43.59981],[-79.7594,43.59933],[-79.7492,43.59645],[-79.73899,43.59357],[-79.72879,43.59069],[-79.72879,43.59068],[-79.72689,43.59002],[-79.72533,43.5892],[-79.7241,43.58828],[-79.71962,43.58358],[-79.71823,43.58239],[-79.71134,43.57745],[-79.70633,43.57505],[-79.70472,43.57474],[-79.70309,43.5748],[-79.69513,43.57706],[-79.69378,43.57723],[-79.69227,43.57711],[-79.69035,43.57644],[-79.67674,43.56914],[-79.675,43.56842],[-79.66011,43.56533],[-79.65837,43.5652],[-79.65684,43.56524],[-79.65412,43.56571],[-79.6404,43.57097],[-79.63854,43.57179],[-79.63682,43.57274],[-79.63467,43.57426],[-79.62707,43.58059],[-79.61947,43.58692],[-79.61756,43.58813],[-79.61481,43.5892],[-79.60258,43.59201],[-79.6005,43.59283],[-79.6005,43.59282],[-79.58994,43.59969],[-79.57938,43.60656],[-79.56882,43.61342],[-79.55826,43.62029],[-79.5439,43.63016],[-79.53647,43.63642],[-79.52905,43.64268],[-79.52162,43.64894],[-79.52162,43.64893],[-79.52083,43.64974],[-79.5203,43.65057],[-79.5178,43.65709],[-79.51679,43.65863],[-79.51041,43.66404],[-79.50873,43.66487],[-79.50694,43.66532],[-79.49582,43.66597],[-79.48469,43.66663],[-79.47357,43.66728],[-79.46339,43.6672],[-79.46118,43.66683],[-79.4596,43.66615],[-79.45814,43.66504],[-79.4513,43.65807],[-79.44447,43.65111],[-79.44187,43.64892],[-79.43856,43.64701],[-79.42742,43.64186],[-79.42555,43.64119],[-79.42359,43.64076],[-79.42138,43.64056],[-79.4064,43.64009],[-79.4019,43.64037],[-79.39806,43.6409],[-79.39367,43.64207],[-79.38837,43.64303],[-79.37853,43.64528]],[[-79.78807,43.59091],[-79.79047,43.58872]],[[-79.75556,43.59826],[-79.75205,43.59727]],[[-79.5788,43.60698],[-79.57592,43.60886]],[[-79.38282,43.64432],[-79.37825,43.6453]],[[-79.71041,43.57692],[-79.71091,43.57712],[-79.70754,43.57554],[-79.71041,43.57692]],[[-79.62576,43.58179],[-79.62568,43.58174],[-79.62313,43.58388],[-79.62321,43.58394],[-79.62576,43.58179]],[[-79.53842,43.63478],[-79.53884,43.63448],[-79.53638,43.63662],[-79.5363,43.63657],[-79.53842,43.63478]]]}},{"type":"Feature","properties":{"id":"badge-mi","kind":"badge","ref":"MI","lineRef":"train","color":"#F57F25"},"geometry":{"type":"Point","coordinates":[-79.58576,43.60241]}},{"type":"Feature","properties":{"id":"line-rh","kind":"line","lineRef":"train","ref":"RH","color":"#009AC7"},"geometry":{"type":"MultiLineString","coordinates":[[[-79.42598,43.87282],[-79.4268,43.87579]],[[-79.42373,43.8389],[-79.4215,43.83637]],[[-79.41675,43.92],[-79.41803,43.91857],[-79.42626,43.91184],[-79.4275,43.91008],[-79.42793,43.90907],[-79.43109,43.89923],[-79.43426,43.88938],[-79.43427,43.88938],[-79.43445,43.88832],[-79.4345,43.88738],[-79.43437,43.88648],[-79.43331,43.88412],[-79.4299,43.87923],[-79.42767,43.87692],[-79.42686,43.87588],[-79.42506,43.8689],[-79.42503,43.86833],[-79.42545,43.86653],[-79.4285,43.85571],[-79.42898,43.85104],[-79.42894,43.84954],[-79.42776,43.84444],[-79.42728,43.84319],[-79.42672,43.84239],[-79.42145,43.83625],[-79.41347,43.82876],[-79.41213,43.82791],[-79.41069,43.82736],[-79.40241,43.82567],[-79.40051,43.82494],[-79.39927,43.82425],[-79.39768,43.82297],[-79.385,43.81067],[-79.3768,43.80355],[-79.37397,43.79957],[-79.37354,43.79875],[-79.37048,43.7903],[-79.36742,43.78185],[-79.36702,43.78022],[-79.36702,43.77864],[-79.36749,43.77716],[-79.36863,43.77453],[-79.36877,43.77373],[-79.36819,43.77053],[-79.36737,43.76895],[-79.36107,43.761],[-79.35476,43.75306],[-79.34846,43.74511],[-79.34685,43.74398],[-79.34462,43.74312],[-79.3425,43.74277],[-79.33885,43.7426],[-79.33808,43.74247],[-79.33741,43.7422],[-79.33648,43.74134],[-79.33433,43.73837],[-79.33412,43.73787],[-79.33392,43.73616],[-79.33365,43.73542],[-79.33325,43.73494],[-79.33241,43.73445],[-79.32866,43.7333],[-79.32773,43.73277],[-79.32597,43.73146],[-79.32528,43.73112],[-79.32238,43.73051],[-79.32164,43.73024],[-79.32083,43.72956],[-79.32054,43.72876],[-79.32064,43.72811],[-79.32272,43.72362],[-79.32287,43.72257],[-79.32257,43.72133],[-79.31969,43.71519],[-79.31987,43.71244],[-79.32035,43.71157],[-79.32121,43.71102],[-79.32591,43.70937],[-79.32972,43.70733],[-79.33353,43.70555],[-79.34115,43.7001],[-79.34235,43.69948],[-79.34352,43.6992],[-79.34492,43.69921],[-79.34821,43.70013],[-79.34952,43.70019],[-79.351,43.7],[-79.3522,43.69968],[-79.3536,43.69917],[-79.35503,43.69842],[-79.3569,43.69693],[-79.35955,43.69368],[-79.36012,43.6928],[-79.36096,43.69072],[-79.36263,43.68875],[-79.36281,43.68824],[-79.36281,43.68779],[-79.36213,43.68581],[-79.36218,43.68527],[-79.36243,43.68472],[-79.36321,43.68399],[-79.3667,43.68209],[-79.36715,43.68166],[-79.36747,43.68113],[-79.3676,43.68038],[-79.36743,43.67973],[-79.36495,43.6765],[-79.36397,43.67446],[-79.36285,43.67287],[-79.36182,43.67186],[-79.3586,43.66922],[-79.35803,43.66852],[-79.35482,43.65808],[-79.35433,43.65737],[-79.35109,43.65449],[-79.35091,43.65367],[-79.35128,43.65295],[-79.35221,43.65223],[-79.35599,43.65024],[-79.36185,43.64829],[-79.37243,43.64602],[-79.37859,43.6453],[-79.3826,43.64445]],[[-79.3826,43.64449],[-79.37857,43.64534]],[[-79.37164,43.79366],[-79.37068,43.79096]],[[-79.36466,43.76559],[-79.36716,43.76875]]]}},{"type":"Feature","properties":{"id":"badge-rh","kind":"badge","ref":"RH","lineRef":"train","color":"#009AC7"},"geometry":{"type":"Point","coordinates":[-79.36027,43.76]}},{"type":"Feature","properties":{"id":"line-st","kind":"line","lineRef":"train","ref":"ST","color":"#794400"},"geometry":{"type":"MultiLineString","coordinates":[[[-79.37606,43.6454],[-79.38483,43.6436]],[[-79.38032,43.64452],[-79.37702,43.64522],[-79.37221,43.64602],[-79.36184,43.64826],[-79.35664,43.64997],[-79.35453,43.65104]],[[-79.35323,43.65158],[-79.34867,43.6541],[-79.3477,43.65482],[-79.34677,43.6558],[-79.34617,43.65691],[-79.34591,43.65774],[-79.34542,43.66179],[-79.34503,43.66309],[-79.34439,43.66449],[-79.34326,43.66644],[-79.34246,43.66753],[-79.34072,43.66927],[-79.33924,43.67046],[-79.33716,43.67177],[-79.3348,43.6729],[-79.32244,43.67777],[-79.31008,43.68263]],[[-79.35088,43.65281],[-79.34898,43.65384],[-79.34765,43.6548],[-79.34705,43.65538],[-79.34643,43.65623],[-79.34599,43.65727],[-79.34577,43.65815],[-79.34544,43.66132],[-79.34507,43.66283],[-79.3445,43.66417],[-79.34332,43.66625]],[[-79.34332,43.66625],[-79.34208,43.66788],[-79.34022,43.66965],[-79.33844,43.67096],[-79.33634,43.67216],[-79.33392,43.67322],[-79.322,43.67793],[-79.31008,43.68263]],[[-79.31477,43.85207],[-79.31515,43.84924]],[[-79.31501,43.84924],[-79.31463,43.85206]],[[-79.3077,43.83105],[-79.31342,43.83697],[-79.31414,43.83818],[-79.31482,43.84024],[-79.31566,43.84391],[-79.31576,43.84492],[-79.31459,43.85263]],[[-79.31008,43.68263],[-79.30265,43.68558],[-79.30008,43.68643],[-79.28004,43.69101],[-79.27672,43.692],[-79.27398,43.69319],[-79.27173,43.6945],[-79.26984,43.69591],[-79.26806,43.69767],[-79.26684,43.69927],[-79.26219,43.70625],[-79.25755,43.71324],[-79.25535,43.71678],[-79.25342,43.71955],[-79.25306,43.72026],[-79.2529,43.72101],[-79.25298,43.7219],[-79.25369,43.7236],[-79.25419,43.72452],[-79.25494,43.72546],[-79.25568,43.72608],[-79.25678,43.72673],[-79.25969,43.72788],[-79.26088,43.7289],[-79.26315,43.73371],[-79.26395,43.73575]],[[-79.3077,43.83105],[-79.31369,43.83726],[-79.3142,43.83817],[-79.31487,43.8402],[-79.31577,43.84429],[-79.31576,43.84553],[-79.31529,43.84793],[-79.31347,43.86114],[-79.31323,43.86225],[-79.31284,43.86301],[-79.31221,43.86372],[-79.31122,43.86438],[-79.30115,43.86875],[-79.29802,43.87095],[-79.29659,43.87169],[-79.28137,43.87587],[-79.26588,43.87958],[-79.26483,43.87997],[-79.26358,43.88094],[-79.26301,43.88177],[-79.26215,43.88369],[-79.26048,43.88566],[-79.26018,43.88664],[-79.26024,43.88725],[-79.26309,43.8958],[-79.26329,43.89685],[-79.26325,43.89819],[-79.26235,43.90521],[-79.26245,43.90648],[-79.26312,43.90888],[-79.26306,43.91006],[-79.26254,43.91111],[-79.26067,43.91313],[-79.25856,43.91578],[-79.25805,43.91724],[-79.2577,43.92]],[[-79.3077,43.83105],[-79.30326,43.82643],[-79.30264,43.82562],[-79.2994,43.81857],[-79.29616,43.81153],[-79.29292,43.80448],[-79.29059,43.80095],[-79.28731,43.79319],[-79.28403,43.78543],[-79.28266,43.78325],[-79.28101,43.77954]],[[-79.29077,43.87326],[-79.28712,43.87426]],[[-79.28511,43.78788],[-79.28395,43.78516]],[[-79.28101,43.77954],[-79.27675,43.76871],[-79.27562,43.76543],[-79.27025,43.75154],[-79.26973,43.74943],[-79.26395,43.73575]],[[-79.27885,43.77409],[-79.28045,43.77836],[-79.28101,43.77954]],[[-79.27889,43.77403],[-79.27603,43.76653],[-79.27316,43.75902],[-79.2703,43.75152],[-79.26984,43.7496],[-79.26673,43.74225]],[[-79.26395,43.73575],[-79.26654,43.7418]],[[-79.26308,43.73373],[-79.26184,43.73101]],[[-79.30051,43.68633],[-79.29739,43.6871],[-79.29951,43.68665],[-79.3014,43.68607],[-79.30051,43.68633]],[[-79.26333,43.89762],[-79.26342,43.89762],[-79.26337,43.89814],[-79.26309,43.90053],[-79.263,43.90052],[-79.26333,43.89762]]]}},{"type":"Feature","properties":{"id":"badge-st","kind":"badge","ref":"ST","lineRef":"train","color":"#794400"},"geometry":{"type":"Point","coordinates":[-79.28537,43.87477]}},{"type":"Feature","properties":{"id":"stn-0","kind":"node","name":"Bay","lineRef":"metro","lab":1,"color":"#00923F"},"geometry":{"type":"Point","coordinates":[-79.39027,43.67019]}},{"type":"Feature","properties":{"id":"stn-2","kind":"node","name":"St. Patrick","lineRef":"tram","lab":1},"geometry":{"type":"Point","coordinates":[-79.38827,43.65482]}},{"type":"Feature","properties":{"id":"stn-3","kind":"node","name":"TMU","lineRef":"metro","lab":1,"color":"#F8C300"},"geometry":{"type":"Point","coordinates":[-79.38102,43.65654]}},{"type":"Feature","properties":{"id":"stn-4","kind":"node","name":"Bramalea","lineRef":"train","lab":1,"color":"#00853F"},"geometry":{"type":"Point","coordinates":[-79.69198,43.70139]}},{"type":"Feature","properties":{"id":"stn-5","kind":"node","name":"Rouge Hill","lineRef":"train","lab":1,"color":"#EE3124"},"geometry":{"type":"Point","coordinates":[-79.1305,43.78027]}},{"type":"Feature","properties":{"id":"stn-7","kind":"node","name":"Scarborough","lineRef":"train","lab":1,"color":"#EE3124"},"geometry":{"type":"Point","coordinates":[-79.25468,43.71699]}},{"type":"Feature","properties":{"id":"stn-9","kind":"node","name":"Osgoode","lineRef":"metro","lab":1,"color":"#F8C300"},"geometry":{"type":"Point","coordinates":[-79.38654,43.6508]}},{"type":"Feature","properties":{"id":"stn-10","kind":"node","name":"St. Andrew","lineRef":"metro","lab":1,"color":"#F8C300"},"geometry":{"type":"Point","coordinates":[-79.38487,43.64779]}},{"type":"Feature","properties":{"id":"stn-11","kind":"node","name":"King","lineRef":"metro","lab":1,"color":"#F8C300"},"geometry":{"type":"Point","coordinates":[-79.37775,43.64895]}},{"type":"Feature","properties":{"id":"stn-12","kind":"node","name":"Queen","lineRef":"metro","lab":1,"color":"#F8C300"},"geometry":{"type":"Point","coordinates":[-79.37946,43.65291]}},{"type":"Feature","properties":{"id":"stn-13","kind":"node","name":"College","lineRef":"metro","lab":1,"color":"#F8C300"},"geometry":{"type":"Point","coordinates":[-79.3828,43.66066]}},{"type":"Feature","properties":{"id":"stn-14","kind":"node","name":"Wellesley","lineRef":"metro","lab":1,"color":"#F8C300"},"geometry":{"type":"Point","coordinates":[-79.3838,43.66552]}},{"type":"Feature","properties":{"id":"stn-15","kind":"node","name":"Agincourt","lineRef":"train","lab":1,"color":"#794400"},"geometry":{"type":"Point","coordinates":[-79.28436,43.78605]}},{"type":"Feature","properties":{"id":"stn-16","kind":"node","name":"St. Clair","lineRef":"tram","lab":1},"geometry":{"type":"Point","coordinates":[-79.39369,43.68795]}},{"type":"Feature","properties":{"id":"stn-18","kind":"node","name":"Lawrence","lineRef":"metro","lab":1,"color":"#F8C300"},"geometry":{"type":"Point","coordinates":[-79.40247,43.72635]}},{"type":"Feature","properties":{"id":"stn-19","kind":"node","name":"York Mills","lineRef":"metro","lab":1,"color":"#F8C300"},"geometry":{"type":"Point","coordinates":[-79.40607,43.74404]}},{"type":"Feature","properties":{"id":"stn-21","kind":"node","name":"Old Mill","lineRef":"metro","lab":1,"color":"#00923F"},"geometry":{"type":"Point","coordinates":[-79.49433,43.64983]}},{"type":"Feature","properties":{"id":"stn-22","kind":"node","name":"North York Centre","lineRef":"metro","lab":1,"color":"#F8C300"},"geometry":{"type":"Point","coordinates":[-79.41263,43.76868]}},{"type":"Feature","properties":{"id":"stn-23","kind":"node","name":"Cooksville","lineRef":"train","lab":1,"color":"#F57F25"},"geometry":{"type":"Point","coordinates":[-79.62404,43.58305]}},{"type":"Feature","properties":{"id":"stn-24","kind":"node","name":"Summerhill","lineRef":"metro","lab":1,"color":"#F8C300"},"geometry":{"type":"Point","coordinates":[-79.3905,43.68168]}},{"type":"Feature","properties":{"id":"stn-25","kind":"node","name":"Richmond Hill","lineRef":"train","lab":1,"color":"#009AC7"},"geometry":{"type":"Point","coordinates":[-79.42661,43.8748]}},{"type":"Feature","properties":{"id":"stn-26","kind":"node","name":"Queen's Park","lineRef":"metro","lab":1,"color":"#F8C300"},"geometry":{"type":"Point","coordinates":[-79.39019,43.65968]}},{"type":"Feature","properties":{"id":"stn-27","kind":"node","name":"Markham","lineRef":"train","lab":1,"color":"#794400"},"geometry":{"type":"Point","coordinates":[-79.26247,43.88266]}},{"type":"Feature","properties":{"id":"stn-28","kind":"node","name":"Mount Joy","lineRef":"train","lab":1,"color":"#794400"},"geometry":{"type":"Point","coordinates":[-79.26307,43.90051]}},{"type":"Feature","properties":{"id":"stn-29","kind":"node","name":"Streetsville","lineRef":"train","lab":1,"color":"#F57F25"},"geometry":{"type":"Point","coordinates":[-79.70897,43.57619]}},{"type":"Feature","properties":{"id":"stn-30","kind":"node","name":"Lisgar","lineRef":"train","lab":1,"color":"#F57F25"},"geometry":{"type":"Point","coordinates":[-79.78836,43.59058]}},{"type":"Feature","properties":{"id":"stn-31","kind":"node","name":"Etobicoke North","lineRef":"train","lab":1,"color":"#00853F"},"geometry":{"type":"Point","coordinates":[-79.56315,43.70642]}},{"type":"Feature","properties":{"id":"stn-32","kind":"node","name":"Maple","lineRef":"train","lab":1,"color":"#003768"},"geometry":{"type":"Point","coordinates":[-79.5069,43.8595]}},{"type":"Feature","properties":{"id":"stn-33","kind":"node","name":"Finch West","lineRef":"metro","lab":1,"color":"#F8C300"},"geometry":{"type":"Point","coordinates":[-79.49154,43.76397]}},{"type":"Feature","properties":{"id":"stn-34","kind":"node","name":"Sheppard West","lineRef":"metro","lab":1,"color":"#F8C300"},"geometry":{"type":"Point","coordinates":[-79.46225,43.7493]}},{"type":"Feature","properties":{"id":"stn-35","kind":"node","name":"Keele","lineRef":"metro","lab":1,"color":"#00923F"},"geometry":{"type":"Point","coordinates":[-79.45958,43.65557]}},{"type":"Feature","properties":{"id":"stn-36","kind":"node","name":"High Park","lineRef":"metro","lab":1,"color":"#00923F"},"geometry":{"type":"Point","coordinates":[-79.46686,43.65387]}},{"type":"Feature","properties":{"id":"stn-38","kind":"node","name":"Exhibition","lineRef":"train","lab":1},"geometry":{"type":"Point","coordinates":[-79.41885,43.63601]}},{"type":"Feature","properties":{"id":"stn-39","kind":"node","name":"Glencairn","lineRef":"metro","lab":1,"color":"#F8C300"},"geometry":{"type":"Point","coordinates":[-79.44069,43.70865]}},{"type":"Feature","properties":{"id":"stn-40","kind":"node","name":"Terminal 1","lineRef":"train","lab":1,"color":"#0075D2"},"geometry":{"type":"Point","coordinates":[-79.61277,43.68258]}},{"type":"Feature","properties":{"id":"stn-41","kind":"node","name":"Viscount","lineRef":"train","lab":1,"color":"#0075D2"},"geometry":{"type":"Point","coordinates":[-79.61577,43.68987]}},{"type":"Feature","properties":{"id":"stn-43","kind":"node","name":"Brampton Innovation District","lineRef":"train","lab":1,"color":"#00853F"},"geometry":{"type":"Point","coordinates":[-79.76468,43.68689]}},{"type":"Feature","properties":{"id":"stn-44","kind":"node","name":"Weston","lineRef":"train","lab":1,"color":"#00853F"},"geometry":{"type":"Point","coordinates":[-79.51276,43.70005]}},{"type":"Feature","properties":{"id":"stn-45","kind":"node","name":"Centennial","lineRef":"train","lab":1,"color":"#794400"},"geometry":{"type":"Point","coordinates":[-79.28886,43.87383]}},{"type":"Feature","properties":{"id":"stn-46","kind":"node","name":"Runnymede","lineRef":"metro","lab":1,"color":"#00923F"},"geometry":{"type":"Point","coordinates":[-79.476,43.6517]}},{"type":"Feature","properties":{"id":"stn-47","kind":"node","name":"Jane","lineRef":"metro","lab":1,"color":"#00923F"},"geometry":{"type":"Point","coordinates":[-79.48385,43.64992]}},{"type":"Feature","properties":{"id":"stn-48","kind":"node","name":"Sherbourne","lineRef":"metro","lab":1,"color":"#00923F"},"geometry":{"type":"Point","coordinates":[-79.37639,43.67228]}},{"type":"Feature","properties":{"id":"stn-49","kind":"node","name":"Fairbank","lineRef":"metro","lab":1,"color":"#FF7D24"},"geometry":{"type":"Point","coordinates":[-79.45006,43.69574]}},{"type":"Feature","properties":{"id":"stn-50","kind":"node","name":"Oakwood","lineRef":"metro","lab":1,"color":"#FF7D24"},"geometry":{"type":"Point","coordinates":[-79.44274,43.69731]}},{"type":"Feature","properties":{"id":"stn-51","kind":"node","name":"Castle Frank","lineRef":"metro","lab":1,"color":"#00923F"},"geometry":{"type":"Point","coordinates":[-79.36905,43.6735]}},{"type":"Feature","properties":{"id":"stn-52","kind":"node","name":"Chaplin","lineRef":"metro","lab":1,"color":"#FF7D24"},"geometry":{"type":"Point","coordinates":[-79.41729,43.70279]}},{"type":"Feature","properties":{"id":"stn-53","kind":"node","name":"Avenue","lineRef":"metro","lab":1,"color":"#FF7D24"},"geometry":{"type":"Point","coordinates":[-79.40879,43.7046]}},{"type":"Feature","properties":{"id":"stn-54","kind":"node","name":"Toronto Pearson Terminal 1","lineRef":"train","lab":1,"color":"#0075D2"},"geometry":{"type":"Point","coordinates":[-79.61344,43.683]}},{"type":"Feature","properties":{"id":"stn-55","kind":"node","name":"Don Valley","lineRef":"metro","lab":1,"color":"#FF7D24"},"geometry":{"type":"Point","coordinates":[-79.33888,43.72049]}},{"type":"Feature","properties":{"id":"stn-58","kind":"node","name":"Downsview Park","lineRef":"metro","lab":1,"color":"#F8C300"},"geometry":{"type":"Point","coordinates":[-79.47841,43.7536]}},{"type":"Feature","properties":{"id":"stn-59","kind":"node","name":"Christie","lineRef":"metro","lab":1,"color":"#00923F"},"geometry":{"type":"Point","coordinates":[-79.4184,43.66411]}},{"type":"Feature","properties":{"id":"stn-61","kind":"node","name":"Bayview","lineRef":"metro","lab":1,"color":"#A21A68"},"geometry":{"type":"Point","coordinates":[-79.38738,43.7668]}},{"type":"Feature","properties":{"id":"stn-62","kind":"node","name":"Bessarion","lineRef":"metro","lab":1,"color":"#A21A68"},"geometry":{"type":"Point","coordinates":[-79.37658,43.76913]}},{"type":"Feature","properties":{"id":"stn-64","kind":"node","name":"Leslie","lineRef":"metro","lab":1,"color":"#A21A68"},"geometry":{"type":"Point","coordinates":[-79.36563,43.77107]}},{"type":"Feature","properties":{"id":"stn-65","kind":"node","name":"Davisville","lineRef":"metro","lab":1,"color":"#F8C300"},"geometry":{"type":"Point","coordinates":[-79.39729,43.69794]}},{"type":"Feature","properties":{"id":"stn-68","kind":"node","name":"Museum","lineRef":"metro","lab":1,"color":"#F8C300"},"geometry":{"type":"Point","coordinates":[-79.39335,43.66685]}},{"type":"Feature","properties":{"id":"stn-69","kind":"node","name":"St. Clair West","lineRef":"metro","lab":1,"color":"#F8C300"},"geometry":{"type":"Point","coordinates":[-79.41531,43.685]}},{"type":"Feature","properties":{"id":"stn-70","kind":"node","name":"Dupont","lineRef":"metro","lab":1,"color":"#F8C300"},"geometry":{"type":"Point","coordinates":[-79.40698,43.6747]}},{"type":"Feature","properties":{"id":"stn-71","kind":"node","name":"Cedarvale","lineRef":"metro","lab":1,"color":"#F8C300"},"geometry":{"type":"Point","coordinates":[-79.43611,43.69924]}},{"type":"Feature","properties":{"id":"stn-72","kind":"node","name":"Wilson","lineRef":"metro","lab":1,"color":"#F8C300"},"geometry":{"type":"Point","coordinates":[-79.45006,43.73448]}},{"type":"Feature","properties":{"id":"stn-73","kind":"node","name":"Yorkdale","lineRef":"metro","lab":1,"color":"#F8C300"},"geometry":{"type":"Point","coordinates":[-79.4475,43.72464]}},{"type":"Feature","properties":{"id":"stn-74","kind":"node","name":"Lawrence West","lineRef":"metro","lab":1,"color":"#F8C300"},"geometry":{"type":"Point","coordinates":[-79.44391,43.71522]}},{"type":"Feature","properties":{"id":"stn-75","kind":"node","name":"Highway 407","lineRef":"metro","lab":1,"color":"#F8C300"},"geometry":{"type":"Point","coordinates":[-79.52309,43.78331]}},{"type":"Feature","properties":{"id":"stn-76","kind":"node","name":"Pioneer Village","lineRef":"metro","lab":1,"color":"#F8C300"},"geometry":{"type":"Point","coordinates":[-79.50928,43.77686]}},{"type":"Feature","properties":{"id":"stn-77","kind":"node","name":"Pape","lineRef":"metro","lab":1,"color":"#00923F"},"geometry":{"type":"Point","coordinates":[-79.3449,43.67992]}},{"type":"Feature","properties":{"id":"stn-78","kind":"node","name":"Royal York","lineRef":"metro","lab":1,"color":"#00923F"},"geometry":{"type":"Point","coordinates":[-79.5113,43.64818]}},{"type":"Feature","properties":{"id":"stn-79","kind":"node","name":"Islington","lineRef":"metro","lab":1,"color":"#00923F"},"geometry":{"type":"Point","coordinates":[-79.52482,43.64534]}},{"type":"Feature","properties":{"id":"stn-80","kind":"node","name":"Lansdowne","lineRef":"metro","lab":1,"color":"#00923F"},"geometry":{"type":"Point","coordinates":[-79.44279,43.65911]}},{"type":"Feature","properties":{"id":"stn-81","kind":"node","name":"Dufferin","lineRef":"metro","lab":1,"color":"#00923F"},"geometry":{"type":"Point","coordinates":[-79.43539,43.66026]}},{"type":"Feature","properties":{"id":"stn-82","kind":"node","name":"Ossington","lineRef":"metro","lab":1,"color":"#00923F"},"geometry":{"type":"Point","coordinates":[-79.42633,43.66238]}},{"type":"Feature","properties":{"id":"stn-83","kind":"node","name":"Bathurst","lineRef":"metro","lab":1,"color":"#00923F"},"geometry":{"type":"Point","coordinates":[-79.41124,43.66593]}},{"type":"Feature","properties":{"id":"stn-84","kind":"node","name":"Warden","lineRef":"metro","lab":1,"color":"#00923F"},"geometry":{"type":"Point","coordinates":[-79.27904,43.71112]}},{"type":"Feature","properties":{"id":"stn-85","kind":"node","name":"Victoria Park","lineRef":"metro","lab":1,"color":"#00923F"},"geometry":{"type":"Point","coordinates":[-79.2888,43.69488]}},{"type":"Feature","properties":{"id":"stn-86","kind":"node","name":"Main Street","lineRef":"metro","lab":1,"color":"#00923F"},"geometry":{"type":"Point","coordinates":[-79.3016,43.68905]}},{"type":"Feature","properties":{"id":"stn-87","kind":"node","name":"Woodbine","lineRef":"metro","lab":1,"color":"#00923F"},"geometry":{"type":"Point","coordinates":[-79.31262,43.68641]}},{"type":"Feature","properties":{"id":"stn-88","kind":"node","name":"Coxwell","lineRef":"metro","lab":1,"color":"#00923F"},"geometry":{"type":"Point","coordinates":[-79.32304,43.68415]}},{"type":"Feature","properties":{"id":"stn-89","kind":"node","name":"Greenwood","lineRef":"metro","lab":1,"color":"#00923F"},"geometry":{"type":"Point","coordinates":[-79.33027,43.68256]}},{"type":"Feature","properties":{"id":"stn-90","kind":"node","name":"Donlands","lineRef":"metro","lab":1,"color":"#00923F"},"geometry":{"type":"Point","coordinates":[-79.33779,43.68103]}},{"type":"Feature","properties":{"id":"stn-91","kind":"node","name":"York University","lineRef":"metro","lab":1,"color":"#F8C300"},"geometry":{"type":"Point","coordinates":[-79.49963,43.77412]}},{"type":"Feature","properties":{"id":"stn-92","kind":"node","name":"Oakville","lineRef":"train","lab":1},"geometry":{"type":"Point","coordinates":[-79.68209,43.45521]}},{"type":"Feature","properties":{"id":"stn-93","kind":"node","name":"Port Credit","lineRef":"train","lab":1},"geometry":{"type":"Point","coordinates":[-79.58708,43.55605]}},{"type":"Feature","properties":{"id":"stn-94","kind":"node","name":"Malton","lineRef":"train","lab":1,"color":"#00853F"},"geometry":{"type":"Point","coordinates":[-79.63823,43.70517]}},{"type":"Feature","properties":{"id":"stn-95","kind":"node","name":"Dixie","lineRef":"train","lab":1,"color":"#F57F25"},"geometry":{"type":"Point","coordinates":[-79.57774,43.60802]}},{"type":"Feature","properties":{"id":"stn-96","kind":"node","name":"Mimico","lineRef":"train","lab":1},"geometry":{"type":"Point","coordinates":[-79.4968,43.61668]}},{"type":"Feature","properties":{"id":"stn-97","kind":"node","name":"Bloor","lineRef":"train","lab":1,"color":"#00853F"},"geometry":{"type":"Point","coordinates":[-79.45074,43.65777]}},{"type":"Feature","properties":{"id":"stn-98","kind":"node","name":"Danforth","lineRef":"train","lab":1,"color":"#794400"},"geometry":{"type":"Point","coordinates":[-79.30036,43.68643]}},{"type":"Feature","properties":{"id":"stn-99","kind":"node","name":"Guildwood","lineRef":"train","lab":1,"color":"#EE3124"},"geometry":{"type":"Point","coordinates":[-79.19823,43.75523]}},{"type":"Feature","properties":{"id":"stn-100","kind":"node","name":"Oriole","lineRef":"train","lab":1,"color":"#009AC7"},"geometry":{"type":"Point","coordinates":[-79.36427,43.7655]}},{"type":"Feature","properties":{"id":"stn-101","kind":"node","name":"Old Cummer","lineRef":"train","lab":1,"color":"#009AC7"},"geometry":{"type":"Point","coordinates":[-79.37139,43.79365]}},{"type":"Feature","properties":{"id":"stn-102","kind":"node","name":"Milliken","lineRef":"train","lab":1,"color":"#794400"},"geometry":{"type":"Point","coordinates":[-79.30176,43.82317]}},{"type":"Feature","properties":{"id":"stn-103","kind":"node","name":"Meadowvale","lineRef":"train","lab":1,"color":"#F57F25"},"geometry":{"type":"Point","coordinates":[-79.7543,43.59753]}},{"type":"Feature","properties":{"id":"stn-104","kind":"node","name":"Clarkson","lineRef":"train","lab":1},"geometry":{"type":"Point","coordinates":[-79.63424,43.51222]}},{"type":"Feature","properties":{"id":"stn-105","kind":"node","name":"Sunnybrook Park","lineRef":"metro","lab":1,"color":"#FF7D24"},"geometry":{"type":"Point","coordinates":[-79.34903,43.71733]}},{"type":"Feature","properties":{"id":"stn-106","kind":"node","name":"Chester","lineRef":"metro","lab":1,"color":"#00923F"},"geometry":{"type":"Point","coordinates":[-79.35251,43.67823]}},{"type":"Feature","properties":{"id":"stn-107","kind":"node","name":"Leaside","lineRef":"metro","lab":1,"color":"#FF7D24"},"geometry":{"type":"Point","coordinates":[-79.37712,43.7111]}},{"type":"Feature","properties":{"id":"stn-108","kind":"node","name":"Laird","lineRef":"metro","lab":1,"color":"#FF7D24"},"geometry":{"type":"Point","coordinates":[-79.36488,43.71359]}},{"type":"Feature","properties":{"id":"stn-109","kind":"node","name":"Forest Hill","lineRef":"metro","lab":1,"color":"#FF7D24"},"geometry":{"type":"Point","coordinates":[-79.42554,43.70105]}},{"type":"Feature","properties":{"id":"stn-110","kind":"node","name":"Milvan Rumike","lineRef":"metro","lab":1,"color":"#8A999A"},"geometry":{"type":"Point","coordinates":[-79.55234,43.74996]}},{"type":"Feature","properties":{"id":"stn-111","kind":"node","name":"Duncanwoods","lineRef":"metro","lab":1,"color":"#8A999A"},"geometry":{"type":"Point","coordinates":[-79.55689,43.74897]}},{"type":"Feature","properties":{"id":"stn-112","kind":"node","name":"Humber College","lineRef":"metro","lab":1,"color":"#8A999A"},"geometry":{"type":"Point","coordinates":[-79.60153,43.7299]}},{"type":"Feature","properties":{"id":"stn-113","kind":"node","name":"Westmore","lineRef":"metro","lab":1,"color":"#8A999A"},"geometry":{"type":"Point","coordinates":[-79.60037,43.73481]}},{"type":"Feature","properties":{"id":"stn-114","kind":"node","name":"Mount Olive","lineRef":"metro","lab":1,"color":"#8A999A"},"geometry":{"type":"Point","coordinates":[-79.58136,43.74337]}},{"type":"Feature","properties":{"id":"stn-115","kind":"node","name":"Martin Grove","lineRef":"metro","lab":1,"color":"#8A999A"},"geometry":{"type":"Point","coordinates":[-79.59234,43.73663]}},{"type":"Feature","properties":{"id":"stn-116","kind":"node","name":"Albion","lineRef":"metro","lab":1,"color":"#8A999A"},"geometry":{"type":"Point","coordinates":[-79.58921,43.74114]}},{"type":"Feature","properties":{"id":"stn-117","kind":"node","name":"Stevenson","lineRef":"metro","lab":1,"color":"#8A999A"},"geometry":{"type":"Point","coordinates":[-79.58657,43.74326]}},{"type":"Feature","properties":{"id":"stn-118","kind":"node","name":"Sentinel","lineRef":"metro","lab":1,"color":"#8A999A"},"geometry":{"type":"Point","coordinates":[-79.50001,43.76105]}},{"type":"Feature","properties":{"id":"stn-119","kind":"node","name":"Jane and Finch","lineRef":"metro","lab":1,"color":"#8A999A"},"geometry":{"type":"Point","coordinates":[-79.51775,43.75725]}},{"type":"Feature","properties":{"id":"stn-120","kind":"node","name":"Driftwood","lineRef":"metro","lab":1,"color":"#8A999A"},"geometry":{"type":"Point","coordinates":[-79.51338,43.75806]}},{"type":"Feature","properties":{"id":"stn-121","kind":"node","name":"Signet Arrow","lineRef":"metro","lab":1,"color":"#8A999A"},"geometry":{"type":"Point","coordinates":[-79.53619,43.7533]}},{"type":"Feature","properties":{"id":"stn-122","kind":"node","name":"Norfinch Oakdale","lineRef":"metro","lab":1,"color":"#8A999A"},"geometry":{"type":"Point","coordinates":[-79.52425,43.75593]}},{"type":"Feature","properties":{"id":"stn-123","kind":"node","name":"Emery","lineRef":"metro","lab":1,"color":"#8A999A"},"geometry":{"type":"Point","coordinates":[-79.54238,43.75204]}},{"type":"Feature","properties":{"id":"stn-124","kind":"node","name":"Rowntree Mills","lineRef":"metro","lab":1,"color":"#8A999A"},"geometry":{"type":"Point","coordinates":[-79.56856,43.74622]}},{"type":"Feature","properties":{"id":"stn-125","kind":"node","name":"Pearldale","lineRef":"metro","lab":1,"color":"#8A999A"},"geometry":{"type":"Point","coordinates":[-79.56296,43.74769]}},{"type":"Feature","properties":{"id":"stn-126","kind":"node","name":"Tobermory","lineRef":"metro","lab":1,"color":"#8A999A"},"geometry":{"type":"Point","coordinates":[-79.50791,43.75928]}},{"type":"Feature","properties":{"id":"stn-128","kind":"node","name":"Mount Pleasant","lineRef":"metro","lab":1,"color":"#FF7D24"},"geometry":{"type":"Point","coordinates":[-79.39014,43.70846]}},{"type":"Feature","properties":{"id":"stn-129","kind":"node","name":"Wynford","lineRef":"metro","lab":1,"color":"#FF7D24"},"geometry":{"type":"Point","coordinates":[-79.32673,43.72405]}},{"type":"Feature","properties":{"id":"stn-130","kind":"node","name":"Keelesdale","lineRef":"metro","lab":1,"color":"#FF7D24"},"geometry":{"type":"Point","coordinates":[-79.47475,43.69047]}},{"type":"Feature","properties":{"id":"stn-131","kind":"node","name":"Caledonia","lineRef":"metro","lab":1,"color":"#FF7D24"},"geometry":{"type":"Point","coordinates":[-79.46534,43.69232]}},{"type":"Feature","properties":{"id":"stn-132","kind":"node","name":"Aga Khan Park & Museum","lineRef":"metro","lab":1,"color":"#FF7D24"},"geometry":{"type":"Point","coordinates":[-79.33275,43.72239]}},{"type":"Feature","properties":{"id":"stn-133","kind":"node","name":"Sloane","lineRef":"metro","lab":1,"color":"#FF7D24"},"geometry":{"type":"Point","coordinates":[-79.3126,43.72589]}},{"type":"Feature","properties":{"id":"stn-134","kind":"node","name":"O'Connor","lineRef":"metro","lab":1,"color":"#FF7D24"},"geometry":{"type":"Point","coordinates":[-79.30168,43.72483]}},{"type":"Feature","properties":{"id":"stn-135","kind":"node","name":"Pharmacy","lineRef":"metro","lab":1,"color":"#FF7D24"},"geometry":{"type":"Point","coordinates":[-79.29663,43.72584]}},{"type":"Feature","properties":{"id":"stn-136","kind":"node","name":"Hakimi Lebovic","lineRef":"metro","lab":1,"color":"#FF7D24"},"geometry":{"type":"Point","coordinates":[-79.29156,43.72698]}},{"type":"Feature","properties":{"id":"stn-137","kind":"node","name":"Golden Mile","lineRef":"metro","lab":1,"color":"#FF7D24"},"geometry":{"type":"Point","coordinates":[-79.28765,43.72785]}},{"type":"Feature","properties":{"id":"stn-138","kind":"node","name":"Birchmount","lineRef":"metro","lab":1,"color":"#FF7D24"},"geometry":{"type":"Point","coordinates":[-79.27695,43.7302]}},{"type":"Feature","properties":{"id":"stn-139","kind":"node","name":"Ionview","lineRef":"metro","lab":1,"color":"#FF7D24"},"geometry":{"type":"Point","coordinates":[-79.27223,43.73128]}},{"type":"Feature","properties":{"id":"stn-140","kind":"node","name":"Broadview","lineRef":"tram","lab":1},"geometry":{"type":"Point","coordinates":[-79.35822,43.67699]}},{"type":"Feature","properties":{"id":"stn-141","kind":"node","name":"Rosedale","lineRef":"metro","lab":1,"color":"#F8C300"},"geometry":{"type":"Point","coordinates":[-79.38845,43.67645]}},{"type":"Feature","properties":{"id":"stn-142","kind":"node","name":"Unionville","lineRef":"train","lab":1,"color":"#794400"},"geometry":{"type":"Point","coordinates":[-79.31433,43.85168]}},{"type":"Feature","properties":{"id":"stn-143","kind":"node","name":"Langstaff","lineRef":"train","lab":1,"color":"#009AC7"},"geometry":{"type":"Point","coordinates":[-79.42312,43.83854]}},{"type":"Feature","properties":{"id":"stn-144","kind":"node","name":"Erindale","lineRef":"train","lab":1,"color":"#F57F25"},"geometry":{"type":"Point","coordinates":[-79.66876,43.56707]}},{"type":"Feature","properties":{"id":"stn-145","kind":"node","name":"Long Branch","lineRef":"train","lab":1},"geometry":{"type":"Point","coordinates":[-79.54529,43.59205]}},{"type":"Feature","properties":{"id":"stn-146","kind":"node","name":"Rutherford","lineRef":"train","lab":1,"color":"#003768"},"geometry":{"type":"Point","coordinates":[-79.49908,43.83832]}},{"type":"Feature","properties":{"id":"stn-147","kind":"stop","name":"Sullivan Street","lineRef":"tram","lab":1},"geometry":{"type":"Point","coordinates":[-79.39735,43.65125]}},{"type":"Feature","properties":{"id":"stn-148","kind":"stop","name":"King Street West","lineRef":"tram","lab":1},"geometry":{"type":"Point","coordinates":[-79.39518,43.6459]}},{"type":"Feature","properties":{"id":"stn-149","kind":"stop","name":"Richmond Street West","lineRef":"tram","lab":1},"geometry":{"type":"Point","coordinates":[-79.39587,43.64761]}},{"type":"Feature","properties":{"id":"stn-150","kind":"stop","name":"Front Street West","lineRef":"tram","lab":1},"geometry":{"type":"Point","coordinates":[-79.39404,43.64315]}},{"type":"Feature","properties":{"id":"stn-151","kind":"stop","name":"Bremner Boulevard","lineRef":"tram","lab":1},"geometry":{"type":"Point","coordinates":[-79.39323,43.6412]}},{"type":"Feature","properties":{"id":"stn-152","kind":"stop","name":"Old Stock Yards","lineRef":"tram","lab":1},"geometry":{"type":"Point","coordinates":[-79.4705,43.6719]}},{"type":"Feature","properties":{"id":"stn-153","kind":"stop","name":"Fleet Street","lineRef":"tram","lab":1},"geometry":{"type":"Point","coordinates":[-79.40057,43.6364]}},{"type":"Feature","properties":{"id":"stn-154","kind":"stop","name":"High Park Loop","lineRef":"tram","lab":1},"geometry":{"type":"Point","coordinates":[-79.45814,43.64784]}},{"type":"Feature","properties":{"id":"stn-155","kind":"stop","name":"Old Weston Road","lineRef":"tram","lab":1},"geometry":{"type":"Point","coordinates":[-79.46259,43.67361]}},{"type":"Feature","properties":{"id":"stn-156","kind":"stop","name":"Tweedsmuir","lineRef":"tram","lab":1},"geometry":{"type":"Point","coordinates":[-79.41336,43.68412]}},{"type":"Feature","properties":{"id":"stn-157","kind":"stop","name":"South Kingsway","lineRef":"tram","lab":1},"geometry":{"type":"Point","coordinates":[-79.47304,43.6359]}},{"type":"Feature","properties":{"id":"stn-158","kind":"stop","name":"Ellis Avenue","lineRef":"tram","lab":1},"geometry":{"type":"Point","coordinates":[-79.46572,43.63797]}},{"type":"Feature","properties":{"id":"stn-159","kind":"stop","name":"Colborne Lodge Drive","lineRef":"tram","lab":1},"geometry":{"type":"Point","coordinates":[-79.45865,43.63962]}},{"type":"Feature","properties":{"id":"stn-160","kind":"stop","name":"Parkside Drive","lineRef":"tram","lab":1},"geometry":{"type":"Point","coordinates":[-79.45395,43.63972]}},{"type":"Feature","properties":{"id":"stn-161","kind":"stop","name":"Dan Leckie Way","lineRef":"tram","lab":1},"geometry":{"type":"Point","coordinates":[-79.39729,43.63648]}},{"type":"Feature","properties":{"id":"stn-162","kind":"stop","name":"Spadina Avenue","lineRef":"tram","lab":1},"geometry":{"type":"Point","coordinates":[-79.39205,43.63814]}},{"type":"Feature","properties":{"id":"stn-163","kind":"stop","name":"Lee Avenue","lineRef":"tram","lab":1,"color":"#ED1C24"},"geometry":{"type":"Point","coordinates":[-79.3013,43.67802]}},{"type":"Feature","properties":{"id":"stn-164","kind":"stop","name":"Bathurst Street","lineRef":"tram","lab":1},"geometry":{"type":"Point","coordinates":[-79.4018,43.64412]}},{"type":"Feature","properties":{"id":"stn-165","kind":"stop","name":"Sherbourne Street","lineRef":"tram","lab":1},"geometry":{"type":"Point","coordinates":[-79.36811,43.65132]}},{"type":"Feature","properties":{"id":"stn-166","kind":"stop","name":"Queen Street West","lineRef":"tram","lab":1},"geometry":{"type":"Point","coordinates":[-79.39655,43.64924]}},{"type":"Feature","properties":{"id":"stn-167","kind":"stop","name":"Queens Quay Loop at Lower Spadina Ave","lineRef":"tram","lab":1},"geometry":{"type":"Point","coordinates":[-79.39183,43.6384]}},{"type":"Feature","properties":{"id":"stn-168","kind":"stop","name":"Yonge Street","lineRef":"tram","lab":1,"color":"#ED1C24"},"geometry":{"type":"Point","coordinates":[-79.37719,43.6479]}},{"type":"Feature","properties":{"id":"stn-169","kind":"stop","name":"Jarvis Street","lineRef":"tram","lab":1,"color":"#ED1C24"},"geometry":{"type":"Point","coordinates":[-79.37129,43.65058]}},{"type":"Feature","properties":{"id":"stn-170","kind":"stop","name":"Rees Street","lineRef":"tram","lab":1},"geometry":{"type":"Point","coordinates":[-79.38717,43.63874]}},{"type":"Feature","properties":{"id":"stn-171","kind":"stop","name":"Boustead Avenue","lineRef":"tram","lab":1},"geometry":{"type":"Point","coordinates":[-79.45162,43.6531]}},{"type":"Feature","properties":{"id":"stn-172","kind":"stop","name":"Howard Park Avenue","lineRef":"tram","lab":1},"geometry":{"type":"Point","coordinates":[-79.45087,43.65096]}},{"type":"Feature","properties":{"id":"stn-173","kind":"stop","name":"Grenadier Road","lineRef":"tram","lab":1},"geometry":{"type":"Point","coordinates":[-79.45008,43.64892]}},{"type":"Feature","properties":{"id":"stn-174","kind":"stop","name":"High Park Boulevard","lineRef":"tram","lab":1},"geometry":{"type":"Point","coordinates":[-79.44893,43.64593]}},{"type":"Feature","properties":{"id":"stn-175","kind":"stop","name":"Galley Avenue","lineRef":"tram","lab":1},"geometry":{"type":"Point","coordinates":[-79.4478,43.64301]}},{"type":"Feature","properties":{"id":"stn-176","kind":"stop","name":"Marion Street","lineRef":"tram","lab":1},"geometry":{"type":"Point","coordinates":[-79.44689,43.64066]}},{"type":"Feature","properties":{"id":"stn-177","kind":"stop","name":"Queen Street West","lineRef":"tram","lab":1},"geometry":{"type":"Point","coordinates":[-79.44622,43.63902]}},{"type":"Feature","properties":{"id":"stn-178","kind":"stop","name":"Windermere Avenue","lineRef":"tram","lab":1},"geometry":{"type":"Point","coordinates":[-79.47072,43.63709]}},{"type":"Feature","properties":{"id":"stn-179","kind":"stop","name":"Humber Loop","lineRef":"tram","lab":1},"geometry":{"type":"Point","coordinates":[-79.47855,43.63122]}},{"type":"Feature","properties":{"id":"stn-180","kind":"stop","name":"2111 Lake Shore Boulevard West","lineRef":"tram","lab":1},"geometry":{"type":"Point","coordinates":[-79.47816,43.6291]}},{"type":"Feature","properties":{"id":"stn-181","kind":"stop","name":"Louisa Street","lineRef":"tram","lab":1},"geometry":{"type":"Point","coordinates":[-79.48644,43.61903]}},{"type":"Feature","properties":{"id":"stn-182","kind":"stop","name":"Harbourfront Centre","lineRef":"tram","lab":1},"geometry":{"type":"Point","coordinates":[-79.38137,43.63975]}},{"type":"Feature","properties":{"id":"stn-183","kind":"stop","name":"Bingham Loop","lineRef":"tram","lab":1,"color":"#ED1C24"},"geometry":{"type":"Point","coordinates":[-79.28481,43.6815]}},{"type":"Feature","properties":{"id":"stn-184","kind":"stop","name":"Avenue Road","lineRef":"tram","lab":1},"geometry":{"type":"Point","coordinates":[-79.40206,43.68654]}},{"type":"Feature","properties":{"id":"stn-185","kind":"stop","name":"Lansdowne","lineRef":"tram","lab":1},"geometry":{"type":"Point","coordinates":[-79.45107,43.67619]}},{"type":"Feature","properties":{"id":"stn-186","kind":"stop","name":"Earlscourt","lineRef":"tram","lab":1},"geometry":{"type":"Point","coordinates":[-79.44725,43.67703]}},{"type":"Feature","properties":{"id":"stn-187","kind":"stop","name":"Dufferin Street","lineRef":"tram","lab":1},"geometry":{"type":"Point","coordinates":[-79.44361,43.67785]}},{"type":"Feature","properties":{"id":"stn-188","kind":"stop","name":"Arlington Avenue","lineRef":"tram","lab":1},"geometry":{"type":"Point","coordinates":[-79.4294,43.68096]}},{"type":"Feature","properties":{"id":"stn-189","kind":"stop","name":"Christie Street","lineRef":"tram","lab":1},"geometry":{"type":"Point","coordinates":[-79.42628,43.68161]}},{"type":"Feature","properties":{"id":"stn-190","kind":"stop","name":"Vaughan","lineRef":"tram","lab":1},"geometry":{"type":"Point","coordinates":[-79.41938,43.68291]}},{"type":"Feature","properties":{"id":"stn-191","kind":"stop","name":"Garden Avenue","lineRef":"tram","lab":1},"geometry":{"type":"Point","coordinates":[-79.44795,43.64351]}},{"type":"Feature","properties":{"id":"stn-192","kind":"stop","name":"Sudbury Street","lineRef":"tram","lab":1},"geometry":{"type":"Point","coordinates":[-79.41716,43.64102]}},{"type":"Feature","properties":{"id":"stn-193","kind":"stop","name":"Shaw Street","lineRef":"tram","lab":1},"geometry":{"type":"Point","coordinates":[-79.41484,43.64148]}},{"type":"Feature","properties":{"id":"stn-194","kind":"stop","name":"Strachan Avenue","lineRef":"tram","lab":1},"geometry":{"type":"Point","coordinates":[-79.41212,43.642]}},{"type":"Feature","properties":{"id":"stn-195","kind":"stop","name":"Niagara Street","lineRef":"tram","lab":1},"geometry":{"type":"Point","coordinates":[-79.40753,43.64296]}},{"type":"Feature","properties":{"id":"stn-196","kind":"stop","name":"Tecumseth Street","lineRef":"tram","lab":1},"geometry":{"type":"Point","coordinates":[-79.4054,43.64336]}},{"type":"Feature","properties":{"id":"stn-197","kind":"stop","name":"Portland Street","lineRef":"tram","lab":1},"geometry":{"type":"Point","coordinates":[-79.39991,43.6445]}},{"type":"Feature","properties":{"id":"stn-198","kind":"stop","name":"Spadina Avenue","lineRef":"tram","lab":1},"geometry":{"type":"Point","coordinates":[-79.39399,43.64567]}},{"type":"Feature","properties":{"id":"stn-199","kind":"stop","name":"Blue Jays Way","lineRef":"tram","lab":1},"geometry":{"type":"Point","coordinates":[-79.39178,43.64614]}},{"type":"Feature","properties":{"id":"stn-200","kind":"stop","name":"York Street","lineRef":"tram","lab":1,"color":"#ED1C24"},"geometry":{"type":"Point","coordinates":[-79.38277,43.64668]}},{"type":"Feature","properties":{"id":"stn-201","kind":"stop","name":"Yonge Street","lineRef":"tram","lab":1},"geometry":{"type":"Point","coordinates":[-79.39457,43.68802]}},{"type":"Feature","properties":{"id":"stn-202","kind":"stop","name":"John Street","lineRef":"tram","lab":1},"geometry":{"type":"Point","coordinates":[-79.38918,43.64671]}},{"type":"Feature","properties":{"id":"stn-203","kind":"stop","name":"Exhibition Loop","lineRef":"tram","lab":1},"geometry":{"type":"Point","coordinates":[-79.41694,43.63595]}},{"type":"Feature","properties":{"id":"stn-204","kind":"stop","name":"Gunn's Loop","lineRef":"tram","lab":1},"geometry":{"type":"Point","coordinates":[-79.47182,43.6719]}},{"type":"Feature","properties":{"id":"stn-205","kind":"stop","name":"Keele Street","lineRef":"tram","lab":1},"geometry":{"type":"Point","coordinates":[-79.46799,43.67245]}},{"type":"Feature","properties":{"id":"stn-206","kind":"stop","name":"Silverthorn Avenue","lineRef":"tram","lab":1},"geometry":{"type":"Point","coordinates":[-79.46048,43.67412]}},{"type":"Feature","properties":{"id":"stn-207","kind":"stop","name":"Caledonia","lineRef":"tram","lab":1},"geometry":{"type":"Point","coordinates":[-79.45529,43.67527]}},{"type":"Feature","properties":{"id":"stn-208","kind":"stop","name":"Laughton","lineRef":"tram","lab":1},"geometry":{"type":"Point","coordinates":[-79.45815,43.67464]}},{"type":"Feature","properties":{"id":"stn-209","kind":"stop","name":"Bathurst","lineRef":"tram","lab":1},"geometry":{"type":"Point","coordinates":[-79.41885,43.68305]}},{"type":"Feature","properties":{"id":"stn-210","kind":"stop","name":"Long Branch Loop","lineRef":"tram","lab":1},"geometry":{"type":"Point","coordinates":[-79.54412,43.59193]}},{"type":"Feature","properties":{"id":"stn-211","kind":"stop","name":"Mill Street, Distillery Loop","lineRef":"tram","lab":1},"geometry":{"type":"Point","coordinates":[-79.35688,43.65084]}},{"type":"Feature","properties":{"id":"stn-212","kind":"stop","name":"Strachan Avenue","lineRef":"tram","lab":1},"geometry":{"type":"Point","coordinates":[-79.41042,43.63628]}},{"type":"Feature","properties":{"id":"stn-213","kind":"stop","name":"Bastion Street","lineRef":"tram","lab":1},"geometry":{"type":"Point","coordinates":[-79.40377,43.63591]}},{"type":"Feature","properties":{"id":"stn-214","kind":"stop","name":"Fort York Boulevard","lineRef":"tram","lab":1},"geometry":{"type":"Point","coordinates":[-79.40629,43.63631]}},{"type":"Feature","properties":{"id":"stn-215","kind":"stop","name":"Queens Quay West, Billy Bishop Airport","lineRef":"tram","lab":1},"geometry":{"type":"Point","coordinates":[-79.39777,43.63609]}},{"type":"Feature","properties":{"id":"stn-216","kind":"stop","name":"Queens Quay - Island Ferry Docks","lineRef":"tram","lab":1},"geometry":{"type":"Point","coordinates":[-79.37699,43.64133]}},{"type":"Feature","properties":{"id":"stn-217","kind":"stop","name":"Spadina Avenue; Queens Quay West","lineRef":"tram","lab":1},"geometry":{"type":"Point","coordinates":[-79.39119,43.6378]}},{"type":"Feature","properties":{"id":"stn-218","kind":"stop","name":"Dundas Street West","lineRef":"tram","lab":1},"geometry":{"type":"Point","coordinates":[-79.39786,43.65243]}},{"type":"Feature","properties":{"id":"stn-219","kind":"stop","name":"College Street","lineRef":"tram","lab":1},"geometry":{"type":"Point","coordinates":[-79.40022,43.65846]}},{"type":"Feature","properties":{"id":"stn-220","kind":"stop","name":"2155 Lake Shore Boulevard West","lineRef":"tram","lab":1},"geometry":{"type":"Point","coordinates":[-79.47976,43.62574]}},{"type":"Feature","properties":{"id":"stn-221","kind":"stop","name":"Front Street East","lineRef":"tram","lab":1},"geometry":{"type":"Point","coordinates":[-79.35786,43.65253]}},{"type":"Feature","properties":{"id":"stn-222","kind":"stop","name":"Northcliffe","lineRef":"tram","lab":1},"geometry":{"type":"Point","coordinates":[-79.44033,43.67852]}},{"type":"Feature","properties":{"id":"stn-223","kind":"stop","name":"Oakwood","lineRef":"tram","lab":1},"geometry":{"type":"Point","coordinates":[-79.43547,43.67966]}},{"type":"Feature","properties":{"id":"stn-224","kind":"stop","name":"Glenholme","lineRef":"tram","lab":1},"geometry":{"type":"Point","coordinates":[-79.43813,43.67901]}},{"type":"Feature","properties":{"id":"stn-225","kind":"stop","name":"Winona","lineRef":"tram","lab":1},"geometry":{"type":"Point","coordinates":[-79.43199,43.68037]}},{"type":"Feature","properties":{"id":"stn-226","kind":"stop","name":"Wychwood","lineRef":"tram","lab":1},"geometry":{"type":"Point","coordinates":[-79.42293,43.68222]}},{"type":"Feature","properties":{"id":"stn-227","kind":"stop","name":"Spadina Road","lineRef":"tram","lab":1},"geometry":{"type":"Point","coordinates":[-79.41171,43.68452]}},{"type":"Feature","properties":{"id":"stn-228","kind":"stop","name":"Dunvegan","lineRef":"tram","lab":1},"geometry":{"type":"Point","coordinates":[-79.4048,43.68596]}},{"type":"Feature","properties":{"id":"stn-229","kind":"stop","name":"Russell Hill","lineRef":"tram","lab":1},"geometry":{"type":"Point","coordinates":[-79.40733,43.68544]}},{"type":"Feature","properties":{"id":"stn-230","kind":"stop","name":"Deer Park","lineRef":"tram","lab":1},"geometry":{"type":"Point","coordinates":[-79.39864,43.68718]}},{"type":"Feature","properties":{"id":"stn-231","kind":"stop","name":"King Street West","lineRef":"tram","lab":1},"geometry":{"type":"Point","coordinates":[-79.4026,43.64375]}},{"type":"Feature","properties":{"id":"stn-232","kind":"stop","name":"Church Street","lineRef":"tram","lab":1,"color":"#ED1C24"},"geometry":{"type":"Point","coordinates":[-79.37386,43.65002]}},{"type":"Feature","properties":{"id":"stn-233","kind":"stop","name":"Rusholme Road","lineRef":"tram","lab":1},"geometry":{"type":"Point","coordinates":[-79.42651,43.64956]}},{"type":"Feature","properties":{"id":"stn-234","kind":"stop","name":"Bloor Street West","lineRef":"tram","lab":1},"geometry":{"type":"Point","coordinates":[-79.45239,43.65618]}},{"type":"Feature","properties":{"id":"stn-235","kind":"stop","name":"Fermanagh Avenue","lineRef":"tram","lab":1},"geometry":{"type":"Point","coordinates":[-79.44896,43.64614]}},{"type":"Feature","properties":{"id":"stn-236","kind":"stop","name":"University Avenue, St. Andrew Station","lineRef":"tram","lab":1},"geometry":{"type":"Point","coordinates":[-79.38589,43.64745]}},{"type":"Feature","properties":{"id":"stn-237","kind":"stop","name":"Bay Street","lineRef":"tram","lab":1},"geometry":{"type":"Point","coordinates":[-79.38083,43.64855]}},{"type":"Feature","properties":{"id":"stn-238","kind":"stop","name":"Yonge Street, King Station","lineRef":"tram","lab":1},"geometry":{"type":"Point","coordinates":[-79.37843,43.64907]}},{"type":"Feature","properties":{"id":"stn-239","kind":"stop","name":"Ontario Street","lineRef":"tram","lab":1},"geometry":{"type":"Point","coordinates":[-79.36591,43.65181]}},{"type":"Feature","properties":{"id":"stn-240","kind":"stop","name":"Wellington Street East","lineRef":"tram","lab":1,"color":"#ED1C24"},"geometry":{"type":"Point","coordinates":[-79.37393,43.64872]}},{"type":"Feature","properties":{"id":"stn-241","kind":"stop","name":"Queen Street East","lineRef":"tram","lab":1},"geometry":{"type":"Point","coordinates":[-79.37567,43.65306]}},{"type":"Feature","properties":{"id":"stn-242","kind":"stop","name":"Glendale Avenue","lineRef":"tram","lab":1},"geometry":{"type":"Point","coordinates":[-79.45084,43.63922]}},{"type":"Feature","properties":{"id":"stn-243","kind":"stop","name":"Beaty Avenue","lineRef":"tram","lab":1},"geometry":{"type":"Point","coordinates":[-79.44129,43.63965]}},{"type":"Feature","properties":{"id":"stn-244","kind":"stop","name":"College Street","lineRef":"tram","lab":1},"geometry":{"type":"Point","coordinates":[-79.4076,43.65626]}},{"type":"Feature","properties":{"id":"stn-245","kind":"stop","name":"Queen Street West","lineRef":"tram","lab":1},"geometry":{"type":"Point","coordinates":[-79.40394,43.64708]}},{"type":"Feature","properties":{"id":"stn-246","kind":"stop","name":"Dundas Street West","lineRef":"tram","lab":1},"geometry":{"type":"Point","coordinates":[-79.40591,43.65208]}},{"type":"Feature","properties":{"id":"stn-247","kind":"stop","name":"Lansdowne Avenue","lineRef":"tram","lab":1},"geometry":{"type":"Point","coordinates":[-79.44031,43.65075]}},{"type":"Feature","properties":{"id":"stn-248","kind":"stop","name":"Sterling Road","lineRef":"tram","lab":1},"geometry":{"type":"Point","coordinates":[-79.44324,43.65071]}},{"type":"Feature","properties":{"id":"stn-249","kind":"stop","name":"Brock Avenue","lineRef":"tram","lab":1},"geometry":{"type":"Point","coordinates":[-79.43653,43.65176]}},{"type":"Feature","properties":{"id":"stn-250","kind":"stop","name":"Ossington Avenue","lineRef":"tram","lab":1},"geometry":{"type":"Point","coordinates":[-79.42096,43.64932]}},{"type":"Feature","properties":{"id":"stn-251","kind":"stop","name":"Indian Road","lineRef":"tram","lab":1},"geometry":{"type":"Point","coordinates":[-79.45512,43.65059]}},{"type":"Feature","properties":{"id":"stn-252","kind":"stop","name":"Dundas Street West","lineRef":"tram","lab":1},"geometry":{"type":"Point","coordinates":[-79.44835,43.65202]}},{"type":"Feature","properties":{"id":"stn-253","kind":"stop","name":"Grace Street","lineRef":"tram","lab":1},"geometry":{"type":"Point","coordinates":[-79.41542,43.65495]}},{"type":"Feature","properties":{"id":"stn-254","kind":"stop","name":"Spadina Avenue","lineRef":"tram","lab":1},"geometry":{"type":"Point","coordinates":[-79.39965,43.65798]}},{"type":"Feature","properties":{"id":"stn-255","kind":"stop","name":"College Street","lineRef":"tram","lab":1},"geometry":{"type":"Point","coordinates":[-79.39985,43.65741]}},{"type":"Feature","properties":{"id":"stn-256","kind":"stop","name":"Harbord Street","lineRef":"tram","lab":1},"geometry":{"type":"Point","coordinates":[-79.40225,43.6635]}},{"type":"Feature","properties":{"id":"stn-257","kind":"stop","name":"Willcocks Street","lineRef":"tram","lab":1},"geometry":{"type":"Point","coordinates":[-79.4013,43.66113]}},{"type":"Feature","properties":{"id":"stn-258","kind":"stop","name":"Spadina Avenue","lineRef":"tram","lab":1},"geometry":{"type":"Point","coordinates":[-79.39604,43.64883]}},{"type":"Feature","properties":{"id":"stn-259","kind":"stop","name":"Sussex Avenue","lineRef":"tram","lab":1},"geometry":{"type":"Point","coordinates":[-79.40265,43.66451]}},{"type":"Feature","properties":{"id":"stn-260","kind":"stop","name":"Nassau Street","lineRef":"tram","lab":1},"geometry":{"type":"Point","coordinates":[-79.39906,43.65542]}},{"type":"Feature","properties":{"id":"stn-261","kind":"stop","name":"Dufferin Street","lineRef":"tram","lab":1},"geometry":{"type":"Point","coordinates":[-79.43237,43.65261]}},{"type":"Feature","properties":{"id":"stn-262","kind":"stop","name":"Rusholme Park Crescent","lineRef":"tram","lab":1},"geometry":{"type":"Point","coordinates":[-79.42973,43.65289]}},{"type":"Feature","properties":{"id":"stn-263","kind":"stop","name":"Havelock Street","lineRef":"tram","lab":1},"geometry":{"type":"Point","coordinates":[-79.42931,43.65301]}},{"type":"Feature","properties":{"id":"stn-264","kind":"stop","name":"Kingston Road","lineRef":"tram","lab":1,"color":"#ED1C24"},"geometry":{"type":"Point","coordinates":[-79.3129,43.66715]}},{"type":"Feature","properties":{"id":"stn-265","kind":"stop","name":"Gerrard Street East","lineRef":"tram","lab":1},"geometry":{"type":"Point","coordinates":[-79.3194,43.67315]}},{"type":"Feature","properties":{"id":"stn-266","kind":"stop","name":"Coxwell Avenue","lineRef":"tram","lab":1},"geometry":{"type":"Point","coordinates":[-79.31954,43.67282]}},{"type":"Feature","properties":{"id":"stn-267","kind":"stop","name":"Gerrard Street East","lineRef":"tram","lab":1},"geometry":{"type":"Point","coordinates":[-79.30016,43.68421]}},{"type":"Feature","properties":{"id":"stn-268","kind":"stop","name":"Coxwell Avenue","lineRef":"tram","lab":1},"geometry":{"type":"Point","coordinates":[-79.31676,43.66628]}},{"type":"Feature","properties":{"id":"stn-269","kind":"stop","name":"Queen Street East","lineRef":"tram","lab":1,"color":"#ED1C24"},"geometry":{"type":"Point","coordinates":[-79.31225,43.66795]}},{"type":"Feature","properties":{"id":"stn-270","kind":"stop","name":"Bathurst Street","lineRef":"tram","lab":1},"geometry":{"type":"Point","coordinates":[-79.40739,43.65655]}},{"type":"Feature","properties":{"id":"stn-271","kind":"stop","name":"Peter Street","lineRef":"tram","lab":1},"geometry":{"type":"Point","coordinates":[-79.392,43.64613]}},{"type":"Feature","properties":{"id":"stn-272","kind":"stop","name":"Sumach Street","lineRef":"tram","lab":1},"geometry":{"type":"Point","coordinates":[-79.35828,43.65565]}},{"type":"Feature","properties":{"id":"stn-273","kind":"stop","name":"Augusta Avenue","lineRef":"tram","lab":1},"geometry":{"type":"Point","coordinates":[-79.40331,43.65731]}},{"type":"Feature","properties":{"id":"stn-274","kind":"stop","name":"Bathurst Street","lineRef":"tram","lab":1},"geometry":{"type":"Point","coordinates":[-79.40014,43.63651]}},{"type":"Feature","properties":{"id":"stn-275","kind":"stop","name":"Bathurst Street, Billy Bishop Airport","lineRef":"tram","lab":1},"geometry":{"type":"Point","coordinates":[-79.39887,43.636]}},{"type":"Feature","properties":{"id":"stn-276","kind":"stop","name":"Strachan Avenue","lineRef":"tram","lab":1},"geometry":{"type":"Point","coordinates":[-79.41333,43.6453]}},{"type":"Feature","properties":{"id":"stn-277","kind":"stop","name":"Dufferin Gate Loop","lineRef":"tram","lab":1},"geometry":{"type":"Point","coordinates":[-79.42589,43.63444]}},{"type":"Feature","properties":{"id":"stn-278","kind":"stop","name":"St. Patrick Street","lineRef":"tram","lab":1},"geometry":{"type":"Point","coordinates":[-79.38842,43.65045]}},{"type":"Feature","properties":{"id":"stn-279","kind":"stop","name":"Danforth Avenue","lineRef":"tram","lab":1},"geometry":{"type":"Point","coordinates":[-79.35897,43.67641]}},{"type":"Feature","properties":{"id":"stn-280","kind":"stop","name":"University Avenue","lineRef":"tram","lab":1},"geometry":{"type":"Point","coordinates":[-79.38782,43.65487]}},{"type":"Feature","properties":{"id":"stn-281","kind":"stop","name":"Yonge Street","lineRef":"tram","lab":1},"geometry":{"type":"Point","coordinates":[-79.38114,43.65627]}},{"type":"Feature","properties":{"id":"stn-282","kind":"stop","name":"Langley Avenue, Bridgepoint Health Centre","lineRef":"tram","lab":1},"geometry":{"type":"Point","coordinates":[-79.35338,43.66767]}},{"type":"Feature","properties":{"id":"stn-283","kind":"stop","name":"Langley Avenue","lineRef":"tram","lab":1},"geometry":{"type":"Point","coordinates":[-79.35331,43.66797]}},{"type":"Feature","properties":{"id":"stn-284","kind":"stop","name":"Withrow Avenue","lineRef":"tram","lab":1},"geometry":{"type":"Point","coordinates":[-79.35335,43.66986]}},{"type":"Feature","properties":{"id":"stn-285","kind":"stop","name":"Millbrook Crescent","lineRef":"tram","lab":1},"geometry":{"type":"Point","coordinates":[-79.35509,43.67219]}},{"type":"Feature","properties":{"id":"stn-286","kind":"stop","name":"Norris Crescent","lineRef":"tram","lab":1},"geometry":{"type":"Point","coordinates":[-79.49007,43.61084]}},{"type":"Feature","properties":{"id":"stn-287","kind":"stop","name":"Miles Road","lineRef":"tram","lab":1},"geometry":{"type":"Point","coordinates":[-79.49035,43.60819]}},{"type":"Feature","properties":{"id":"stn-288","kind":"stop","name":"Legion Road","lineRef":"tram","lab":1},"geometry":{"type":"Point","coordinates":[-79.48315,43.62061]}},{"type":"Feature","properties":{"id":"stn-289","kind":"stop","name":"Thirty Seventh Street","lineRef":"tram","lab":1},"geometry":{"type":"Point","coordinates":[-79.53791,43.5935]}},{"type":"Feature","properties":{"id":"stn-290","kind":"stop","name":"Long Branch Avenue","lineRef":"tram","lab":1},"geometry":{"type":"Point","coordinates":[-79.53377,43.59446]}},{"type":"Feature","properties":{"id":"stn-291","kind":"stop","name":"Neville Park Boulevard","lineRef":"tram","lab":1},"geometry":{"type":"Point","coordinates":[-79.28252,43.67369]}},{"type":"Feature","properties":{"id":"stn-292","kind":"stop","name":"Victoria Park Avenue","lineRef":"tram","lab":1,"color":"#ED1C24"},"geometry":{"type":"Point","coordinates":[-79.28428,43.6808]}},{"type":"Feature","properties":{"id":"stn-293","kind":"stop","name":"Kingston Road","lineRef":"tram","lab":1,"color":"#ED1C24"},"geometry":{"type":"Point","coordinates":[-79.28517,43.6809]}},{"type":"Feature","properties":{"id":"stn-294","kind":"stop","name":"Scarborough Road","lineRef":"tram","lab":1,"color":"#ED1C24"},"geometry":{"type":"Point","coordinates":[-79.28728,43.68052]}},{"type":"Feature","properties":{"id":"stn-295","kind":"stop","name":"Jack Layton Way, Bridgepoint Health","lineRef":"tram","lab":1},"geometry":{"type":"Point","coordinates":[-79.3531,43.66657]}},{"type":"Feature","properties":{"id":"stn-296","kind":"stop","name":"Munro Street","lineRef":"tram","lab":1},"geometry":{"type":"Point","coordinates":[-79.35292,43.6621]}},{"type":"Feature","properties":{"id":"stn-297","kind":"stop","name":"Broadview Avenue","lineRef":"tram","lab":1},"geometry":{"type":"Point","coordinates":[-79.3515,43.66239]}},{"type":"Feature","properties":{"id":"stn-298","kind":"stop","name":"Carlaw Avenue","lineRef":"tram","lab":1},"geometry":{"type":"Point","coordinates":[-79.34304,43.66755]}},{"type":"Feature","properties":{"id":"stn-299","kind":"stop","name":"Kingsmount Park Road","lineRef":"tram","lab":1},"geometry":{"type":"Point","coordinates":[-79.31249,43.67996]}},{"type":"Feature","properties":{"id":"stn-300","kind":"stop","name":"Bowmore Road","lineRef":"tram","lab":1},"geometry":{"type":"Point","coordinates":[-79.31511,43.67795]}},{"type":"Feature","properties":{"id":"stn-301","kind":"stop","name":"Beaton Avenue","lineRef":"tram","lab":1},"geometry":{"type":"Point","coordinates":[-79.31704,43.67614]}},{"type":"Feature","properties":{"id":"stn-302","kind":"stop","name":"Norwood Road","lineRef":"tram","lab":1},"geometry":{"type":"Point","coordinates":[-79.30308,43.68333]}},{"type":"Feature","properties":{"id":"stn-303","kind":"stop","name":"Park Lawn Road","lineRef":"tram","lab":1},"geometry":{"type":"Point","coordinates":[-79.48134,43.62282]}},{"type":"Feature","properties":{"id":"stn-304","kind":"stop","name":"Thirty First Street","lineRef":"tram","lab":1},"geometry":{"type":"Point","coordinates":[-79.53042,43.5952]}},{"type":"Feature","properties":{"id":"stn-305","kind":"stop","name":"Roncesvalles Avenue","lineRef":"tram","lab":1},"geometry":{"type":"Point","coordinates":[-79.45121,43.65353]}},{"type":"Feature","properties":{"id":"stn-306","kind":"stop","name":"Colonel Samuel Smith Park Drive","lineRef":"tram","lab":1},"geometry":{"type":"Point","coordinates":[-79.51727,43.59813]}},{"type":"Feature","properties":{"id":"stn-307","kind":"stop","name":"Kipling Avenue","lineRef":"tram","lab":1},"geometry":{"type":"Point","coordinates":[-79.51673,43.59828]}},{"type":"Feature","properties":{"id":"stn-308","kind":"stop","name":"Fifteenth Street","lineRef":"tram","lab":1},"geometry":{"type":"Point","coordinates":[-79.51436,43.59877]}},{"type":"Feature","properties":{"id":"stn-309","kind":"stop","name":"Thirteenth Street","lineRef":"tram","lab":1},"geometry":{"type":"Point","coordinates":[-79.51204,43.59928]}},{"type":"Feature","properties":{"id":"stn-310","kind":"stop","name":"Tenth Street","lineRef":"tram","lab":1},"geometry":{"type":"Point","coordinates":[-79.5088,43.59999]}},{"type":"Feature","properties":{"id":"stn-311","kind":"stop","name":"Seventh Street","lineRef":"tram","lab":1},"geometry":{"type":"Point","coordinates":[-79.50544,43.60073]}},{"type":"Feature","properties":{"id":"stn-312","kind":"stop","name":"Islington Avenue","lineRef":"tram","lab":1},"geometry":{"type":"Point","coordinates":[-79.50494,43.60087]}},{"type":"Feature","properties":{"id":"stn-313","kind":"stop","name":"Fifth Street","lineRef":"tram","lab":1},"geometry":{"type":"Point","coordinates":[-79.50315,43.60124]}},{"type":"Feature","properties":{"id":"stn-314","kind":"stop","name":"Third Street","lineRef":"tram","lab":1},"geometry":{"type":"Point","coordinates":[-79.5009,43.60173]}},{"type":"Feature","properties":{"id":"stn-315","kind":"stop","name":"First Street","lineRef":"tram","lab":1},"geometry":{"type":"Point","coordinates":[-79.49861,43.60224]}},{"type":"Feature","properties":{"id":"stn-316","kind":"stop","name":"Royal York Road","lineRef":"tram","lab":1},"geometry":{"type":"Point","coordinates":[-79.49331,43.60357]}},{"type":"Feature","properties":{"id":"stn-317","kind":"stop","name":"Symons Street","lineRef":"tram","lab":1},"geometry":{"type":"Point","coordinates":[-79.49035,43.60864]}},{"type":"Feature","properties":{"id":"stn-318","kind":"stop","name":"Hillside Avenue","lineRef":"tram","lab":1},"geometry":{"type":"Point","coordinates":[-79.49004,43.61128]}},{"type":"Feature","properties":{"id":"stn-319","kind":"stop","name":"Burlington Street","lineRef":"tram","lab":1},"geometry":{"type":"Point","coordinates":[-79.4873,43.61743]}},{"type":"Feature","properties":{"id":"stn-320","kind":"stop","name":"Superior Avenue","lineRef":"tram","lab":1},"geometry":{"type":"Point","coordinates":[-79.48861,43.6151]}},{"type":"Feature","properties":{"id":"stn-321","kind":"stop","name":"Mimico Avenue","lineRef":"tram","lab":1},"geometry":{"type":"Point","coordinates":[-79.4894,43.61362]}},{"type":"Feature","properties":{"id":"stn-322","kind":"stop","name":"Roncesvalles Avenue","lineRef":"tram","lab":1},"geometry":{"type":"Point","coordinates":[-79.44543,43.63886]}},{"type":"Feature","properties":{"id":"stn-323","kind":"stop","name":"Triller Avenue","lineRef":"tram","lab":1},"geometry":{"type":"Point","coordinates":[-79.44391,43.63914]}},{"type":"Feature","properties":{"id":"stn-324","kind":"stop","name":"Sorauren Avenue","lineRef":"tram","lab":1},"geometry":{"type":"Point","coordinates":[-79.44077,43.63978]}},{"type":"Feature","properties":{"id":"stn-325","kind":"stop","name":"Jameson Avenue","lineRef":"tram","lab":1},"geometry":{"type":"Point","coordinates":[-79.43751,43.6404]}},{"type":"Feature","properties":{"id":"stn-326","kind":"stop","name":"Lansdowne Avenue","lineRef":"tram","lab":1},"geometry":{"type":"Point","coordinates":[-79.43645,43.64065]}},{"type":"Feature","properties":{"id":"stn-327","kind":"stop","name":"O'Hara Avenue","lineRef":"tram","lab":1},"geometry":{"type":"Point","coordinates":[-79.4339,43.64118]}},{"type":"Feature","properties":{"id":"stn-328","kind":"stop","name":"Dunn Avenue","lineRef":"tram","lab":1},"geometry":{"type":"Point","coordinates":[-79.4347,43.64098]}},{"type":"Feature","properties":{"id":"stn-329","kind":"stop","name":"Brock Avenue","lineRef":"tram","lab":1},"geometry":{"type":"Point","coordinates":[-79.43249,43.64143]}},{"type":"Feature","properties":{"id":"stn-330","kind":"stop","name":"Dufferin Street","lineRef":"tram","lab":1},"geometry":{"type":"Point","coordinates":[-79.42886,43.64217]}},{"type":"Feature","properties":{"id":"stn-331","kind":"stop","name":"Sudbury Street","lineRef":"tram","lab":1},"geometry":{"type":"Point","coordinates":[-79.42725,43.64248]}},{"type":"Feature","properties":{"id":"stn-332","kind":"stop","name":"Gladstone Avenue","lineRef":"tram","lab":1},"geometry":{"type":"Point","coordinates":[-79.42691,43.64258]}},{"type":"Feature","properties":{"id":"stn-333","kind":"stop","name":"Dovercourt Road","lineRef":"tram","lab":1},"geometry":{"type":"Point","coordinates":[-79.42252,43.64343]}},{"type":"Feature","properties":{"id":"stn-334","kind":"stop","name":"Claremont Street","lineRef":"tram","lab":1},"geometry":{"type":"Point","coordinates":[-79.40939,43.64612]}},{"type":"Feature","properties":{"id":"stn-335","kind":"stop","name":"Palmerston Avenue","lineRef":"tram","lab":1},"geometry":{"type":"Point","coordinates":[-79.40642,43.64672]}},{"type":"Feature","properties":{"id":"stn-336","kind":"stop","name":"Bathurst Street","lineRef":"tram","lab":1},"geometry":{"type":"Point","coordinates":[-79.40426,43.64713]}},{"type":"Feature","properties":{"id":"stn-337","kind":"stop","name":"Augusta Avenue","lineRef":"tram","lab":1},"geometry":{"type":"Point","coordinates":[-79.39986,43.64802]}},{"type":"Feature","properties":{"id":"stn-338","kind":"stop","name":"Soho Street","lineRef":"tram","lab":1},"geometry":{"type":"Point","coordinates":[-79.39318,43.64944]}},{"type":"Feature","properties":{"id":"stn-339","kind":"stop","name":"Carroll Street","lineRef":"tram","lab":1,"color":"#ED1C24"},"geometry":{"type":"Point","coordinates":[-79.3525,43.65826]}},{"type":"Feature","properties":{"id":"stn-340","kind":"stop","name":"Thirtieth Street","lineRef":"tram","lab":1},"geometry":{"type":"Point","coordinates":[-79.52955,43.59543]}},{"type":"Feature","properties":{"id":"stn-341","kind":"stop","name":"Twenty Ninth Street","lineRef":"tram","lab":1},"geometry":{"type":"Point","coordinates":[-79.52806,43.59576]}},{"type":"Feature","properties":{"id":"stn-342","kind":"stop","name":"Twenty Eighth Street","lineRef":"tram","lab":1},"geometry":{"type":"Point","coordinates":[-79.5278,43.59579]}},{"type":"Feature","properties":{"id":"stn-343","kind":"stop","name":"Twenty Seventh Street","lineRef":"tram","lab":1},"geometry":{"type":"Point","coordinates":[-79.5251,43.5964]}},{"type":"Feature","properties":{"id":"stn-344","kind":"stop","name":"Twenty Sixth Street","lineRef":"tram","lab":1},"geometry":{"type":"Point","coordinates":[-79.52424,43.59662]}},{"type":"Feature","properties":{"id":"stn-345","kind":"stop","name":"Twenty Second Street","lineRef":"tram","lab":1},"geometry":{"type":"Point","coordinates":[-79.52152,43.59718]}},{"type":"Feature","properties":{"id":"stn-346","kind":"stop","name":"Bay Street","lineRef":"tram","lab":1},"geometry":{"type":"Point","coordinates":[-79.38349,43.6558]}},{"type":"Feature","properties":{"id":"stn-347","kind":"stop","name":"Chestnut Street","lineRef":"tram","lab":1},"geometry":{"type":"Point","coordinates":[-79.38586,43.65529]}},{"type":"Feature","properties":{"id":"stn-348","kind":"stop","name":"McCaul Street","lineRef":"tram","lab":1},"geometry":{"type":"Point","coordinates":[-79.39127,43.65436]}},{"type":"Feature","properties":{"id":"stn-349","kind":"stop","name":"Beverley Street","lineRef":"tram","lab":1},"geometry":{"type":"Point","coordinates":[-79.39366,43.65387]}},{"type":"Feature","properties":{"id":"stn-350","kind":"stop","name":"Denison Avenue","lineRef":"tram","lab":1},"geometry":{"type":"Point","coordinates":[-79.40209,43.65209]}},{"type":"Feature","properties":{"id":"stn-351","kind":"stop","name":"Dundas Street West","lineRef":"tram","lab":1},"geometry":{"type":"Point","coordinates":[-79.40608,43.65242]}},{"type":"Feature","properties":{"id":"stn-352","kind":"stop","name":"Manning Avenue","lineRef":"tram","lab":1},"geometry":{"type":"Point","coordinates":[-79.41077,43.65135]}},{"type":"Feature","properties":{"id":"stn-353","kind":"stop","name":"Shaw Street","lineRef":"tram","lab":1},"geometry":{"type":"Point","coordinates":[-79.4181,43.64987]}},{"type":"Feature","properties":{"id":"stn-354","kind":"stop","name":"Dovercourt Road","lineRef":"tram","lab":1},"geometry":{"type":"Point","coordinates":[-79.42456,43.64945]}},{"type":"Feature","properties":{"id":"stn-355","kind":"stop","name":"Lisgar Street","lineRef":"tram","lab":1},"geometry":{"type":"Point","coordinates":[-79.42688,43.64949]}},{"type":"Feature","properties":{"id":"stn-356","kind":"stop","name":"Gladstone Avenue","lineRef":"tram","lab":1},"geometry":{"type":"Point","coordinates":[-79.42963,43.64959]}},{"type":"Feature","properties":{"id":"stn-357","kind":"stop","name":"Dufferin Street","lineRef":"tram","lab":1},"geometry":{"type":"Point","coordinates":[-79.43187,43.64967]}},{"type":"Feature","properties":{"id":"stn-358","kind":"stop","name":"Brock Avenue","lineRef":"tram","lab":1},"geometry":{"type":"Point","coordinates":[-79.43547,43.6499]}},{"type":"Feature","properties":{"id":"stn-359","kind":"stop","name":"Sorauren Avenue","lineRef":"tram","lab":1},"geometry":{"type":"Point","coordinates":[-79.44503,43.65115]}},{"type":"Feature","properties":{"id":"stn-360","kind":"stop","name":"Roncesvalles Avenue","lineRef":"tram","lab":1},"geometry":{"type":"Point","coordinates":[-79.45144,43.65367]}},{"type":"Feature","properties":{"id":"stn-361","kind":"stop","name":"Parkside Drive","lineRef":"tram","lab":1},"geometry":{"type":"Point","coordinates":[-79.45745,43.64907]}},{"type":"Feature","properties":{"id":"stn-362","kind":"stop","name":"Wilson Park Road","lineRef":"tram","lab":1},"geometry":{"type":"Point","coordinates":[-79.4424,43.63709]}},{"type":"Feature","properties":{"id":"stn-363","kind":"stop","name":"Dowling Avenue","lineRef":"tram","lab":1},"geometry":{"type":"Point","coordinates":[-79.43873,43.63662]}},{"type":"Feature","properties":{"id":"stn-364","kind":"stop","name":"Spencer Avenue","lineRef":"tram","lab":1},"geometry":{"type":"Point","coordinates":[-79.43101,43.63818]}},{"type":"Feature","properties":{"id":"stn-365","kind":"stop","name":"Dufferin Street","lineRef":"tram","lab":1},"geometry":{"type":"Point","coordinates":[-79.42768,43.63886]}},{"type":"Feature","properties":{"id":"stn-366","kind":"stop","name":"Joe Shuster Way","lineRef":"tram","lab":1},"geometry":{"type":"Point","coordinates":[-79.4234,43.63976]}},{"type":"Feature","properties":{"id":"stn-367","kind":"stop","name":"Jefferson Avenue","lineRef":"tram","lab":1},"geometry":{"type":"Point","coordinates":[-79.42222,43.64]}},{"type":"Feature","properties":{"id":"stn-368","kind":"stop","name":"Atlantic Avenue","lineRef":"tram","lab":1},"geometry":{"type":"Point","coordinates":[-79.42151,43.64011]}},{"type":"Feature","properties":{"id":"stn-369","kind":"stop","name":"Parliament Street","lineRef":"tram","lab":1,"color":"#ED1C24"},"geometry":{"type":"Point","coordinates":[-79.36343,43.6526]}},{"type":"Feature","properties":{"id":"stn-370","kind":"stop","name":"Sackville Street","lineRef":"tram","lab":1,"color":"#ED1C24"},"geometry":{"type":"Point","coordinates":[-79.36045,43.65434]}},{"type":"Feature","properties":{"id":"stn-371","kind":"stop","name":"River Street","lineRef":"tram","lab":1,"color":"#ED1C24"},"geometry":{"type":"Point","coordinates":[-79.35638,43.65673]}},{"type":"Feature","properties":{"id":"stn-372","kind":"stop","name":"Crawford Street","lineRef":"tram","lab":1},"geometry":{"type":"Point","coordinates":[-79.41918,43.65511]}},{"type":"Feature","properties":{"id":"stn-373","kind":"stop","name":"Euclid Avenue","lineRef":"tram","lab":1},"geometry":{"type":"Point","coordinates":[-79.41151,43.65568]}},{"type":"Feature","properties":{"id":"stn-374","kind":"stop","name":"Bathurst Street","lineRef":"tram","lab":1},"geometry":{"type":"Point","coordinates":[-79.40789,43.65641]}},{"type":"Feature","properties":{"id":"stn-375","kind":"stop","name":"Borden Street","lineRef":"tram","lab":1},"geometry":{"type":"Point","coordinates":[-79.40533,43.65692]}},{"type":"Feature","properties":{"id":"stn-376","kind":"stop","name":"St George Street","lineRef":"tram","lab":1},"geometry":{"type":"Point","coordinates":[-79.3957,43.65875]}},{"type":"Feature","properties":{"id":"stn-377","kind":"stop","name":"Elizabeth Street","lineRef":"tram","lab":1},"geometry":{"type":"Point","coordinates":[-79.38764,43.66045]}},{"type":"Feature","properties":{"id":"stn-378","kind":"stop","name":"Church Street","lineRef":"tram","lab":1},"geometry":{"type":"Point","coordinates":[-79.37962,43.6618]}},{"type":"Feature","properties":{"id":"stn-379","kind":"stop","name":"Jarvis Street","lineRef":"tram","lab":1},"geometry":{"type":"Point","coordinates":[-79.37686,43.66238]}},{"type":"Feature","properties":{"id":"stn-380","kind":"stop","name":"Sherbourne Street","lineRef":"tram","lab":1},"geometry":{"type":"Point","coordinates":[-79.37325,43.66314]}},{"type":"Feature","properties":{"id":"stn-381","kind":"stop","name":"Ontario Street","lineRef":"tram","lab":1},"geometry":{"type":"Point","coordinates":[-79.37068,43.66369]}},{"type":"Feature","properties":{"id":"stn-382","kind":"stop","name":"Parliament Street","lineRef":"tram","lab":1},"geometry":{"type":"Point","coordinates":[-79.36815,43.66422]}},{"type":"Feature","properties":{"id":"stn-383","kind":"stop","name":"Carlton Street","lineRef":"tram","lab":1},"geometry":{"type":"Point","coordinates":[-79.36789,43.66414]}},{"type":"Feature","properties":{"id":"stn-384","kind":"stop","name":"Gerrard Street East","lineRef":"tram","lab":1},"geometry":{"type":"Point","coordinates":[-79.36713,43.66216]}},{"type":"Feature","properties":{"id":"stn-385","kind":"stop","name":"Sackville Street","lineRef":"tram","lab":1},"geometry":{"type":"Point","coordinates":[-79.36419,43.66256]}},{"type":"Feature","properties":{"id":"stn-386","kind":"stop","name":"Sumach Street","lineRef":"tram","lab":1},"geometry":{"type":"Point","coordinates":[-79.36162,43.66312]}},{"type":"Feature","properties":{"id":"stn-387","kind":"stop","name":"River Street","lineRef":"tram","lab":1},"geometry":{"type":"Point","coordinates":[-79.35938,43.66365]}},{"type":"Feature","properties":{"id":"stn-388","kind":"stop","name":"Blackburn Street","lineRef":"tram","lab":1},"geometry":{"type":"Point","coordinates":[-79.35541,43.66476]}},{"type":"Feature","properties":{"id":"stn-389","kind":"stop","name":"St. Matthews Road","lineRef":"tram","lab":1},"geometry":{"type":"Point","coordinates":[-79.35484,43.66495]}},{"type":"Feature","properties":{"id":"stn-390","kind":"stop","name":"Wolfrey Avenue","lineRef":"tram","lab":1},"geometry":{"type":"Point","coordinates":[-79.35697,43.6742]}},{"type":"Feature","properties":{"id":"stn-391","kind":"stop","name":"Gerrard Street East","lineRef":"tram","lab":1},"geometry":{"type":"Point","coordinates":[-79.35279,43.66583]}},{"type":"Feature","properties":{"id":"stn-392","kind":"stop","name":"Mount Stephen Street","lineRef":"tram","lab":1},"geometry":{"type":"Point","coordinates":[-79.35197,43.66396]}},{"type":"Feature","properties":{"id":"stn-393","kind":"stop","name":"Queen Street East","lineRef":"tram","lab":1},"geometry":{"type":"Point","coordinates":[-79.34997,43.65914]}},{"type":"Feature","properties":{"id":"stn-394","kind":"stop","name":"Dundas Street East","lineRef":"tram","lab":1},"geometry":{"type":"Point","coordinates":[-79.35125,43.66226]}},{"type":"Feature","properties":{"id":"stn-395","kind":"stop","name":"Jarvis Street","lineRef":"tram","lab":1},"geometry":{"type":"Point","coordinates":[-79.37434,43.65712]}},{"type":"Feature","properties":{"id":"stn-396","kind":"stop","name":"Church Street","lineRef":"tram","lab":1},"geometry":{"type":"Point","coordinates":[-79.37699,43.65655]}},{"type":"Feature","properties":{"id":"stn-397","kind":"stop","name":"Nassau Street","lineRef":"tram","lab":1},"geometry":{"type":"Point","coordinates":[-79.40688,43.65438]}},{"type":"Feature","properties":{"id":"stn-398","kind":"stop","name":"Robinson Street","lineRef":"tram","lab":1},"geometry":{"type":"Point","coordinates":[-79.40473,43.64906]}},{"type":"Feature","properties":{"id":"stn-399","kind":"stop","name":"Carr Street","lineRef":"tram","lab":1},"geometry":{"type":"Point","coordinates":[-79.40452,43.64863]}},{"type":"Feature","properties":{"id":"stn-400","kind":"stop","name":"College Street","lineRef":"tram","lab":1},"geometry":{"type":"Point","coordinates":[-79.4078,43.65664]}},{"type":"Feature","properties":{"id":"stn-401","kind":"stop","name":"Ulster Street","lineRef":"tram","lab":1},"geometry":{"type":"Point","coordinates":[-79.40899,43.6597]}},{"type":"Feature","properties":{"id":"stn-402","kind":"stop","name":"Harbord Street","lineRef":"tram","lab":1},"geometry":{"type":"Point","coordinates":[-79.40968,43.66139]}},{"type":"Feature","properties":{"id":"stn-403","kind":"stop","name":"Lennox Street","lineRef":"tram","lab":1},"geometry":{"type":"Point","coordinates":[-79.41059,43.66367]}},{"type":"Feature","properties":{"id":"stn-404","kind":"stop","name":"Oxley Street","lineRef":"tram","lab":1},"geometry":{"type":"Point","coordinates":[-79.39394,43.64659]}},{"type":"Feature","properties":{"id":"stn-405","kind":"stop","name":"Waverley Road","lineRef":"tram","lab":1,"color":"#ED1C24"},"geometry":{"type":"Point","coordinates":[-79.30426,43.67685]}},{"type":"Feature","properties":{"id":"stn-406","kind":"stop","name":"Brookside Drive","lineRef":"tram","lab":1,"color":"#ED1C24"},"geometry":{"type":"Point","coordinates":[-79.30371,43.67712]}},{"type":"Feature","properties":{"id":"stn-407","kind":"stop","name":"Main Street","lineRef":"tram","lab":1,"color":"#ED1C24"},"geometry":{"type":"Point","coordinates":[-79.29782,43.67897]}},{"type":"Feature","properties":{"id":"stn-408","kind":"stop","name":"Southwood Drive","lineRef":"tram","lab":1,"color":"#ED1C24"},"geometry":{"type":"Point","coordinates":[-79.29837,43.67881]}},{"type":"Feature","properties":{"id":"stn-409","kind":"stop","name":"Glen Manor Drive","lineRef":"tram","lab":1,"color":"#ED1C24"},"geometry":{"type":"Point","coordinates":[-79.29474,43.67966]}},{"type":"Feature","properties":{"id":"stn-410","kind":"stop","name":"Elmer Avenue","lineRef":"tram","lab":1,"color":"#ED1C24"},"geometry":{"type":"Point","coordinates":[-79.30605,43.67558]}},{"type":"Feature","properties":{"id":"stn-411","kind":"stop","name":"Woodbine Avenue","lineRef":"tram","lab":1,"color":"#ED1C24"},"geometry":{"type":"Point","coordinates":[-79.30777,43.6741]}},{"type":"Feature","properties":{"id":"stn-412","kind":"stop","name":"Dixon Avenue","lineRef":"tram","lab":1,"color":"#ED1C24"},"geometry":{"type":"Point","coordinates":[-79.3113,43.6697]}},{"type":"Feature","properties":{"id":"stn-413","kind":"stop","name":"Dundas Street East","lineRef":"tram","lab":1,"color":"#ED1C24"},"geometry":{"type":"Point","coordinates":[-79.31115,43.67007]}},{"type":"Feature","properties":{"id":"stn-414","kind":"stop","name":"De Grassi Street","lineRef":"tram","lab":1},"geometry":{"type":"Point","coordinates":[-79.34864,43.66631]}},{"type":"Feature","properties":{"id":"stn-415","kind":"stop","name":"Logan Avenue","lineRef":"tram","lab":1},"geometry":{"type":"Point","coordinates":[-79.3453,43.66705]}},{"type":"Feature","properties":{"id":"stn-416","kind":"stop","name":"Pape Avenue","lineRef":"tram","lab":1},"geometry":{"type":"Point","coordinates":[-79.34054,43.66811]}},{"type":"Feature","properties":{"id":"stn-417","kind":"stop","name":"Marjory Avenue","lineRef":"tram","lab":1},"geometry":{"type":"Point","coordinates":[-79.33768,43.66874]}},{"type":"Feature","properties":{"id":"stn-418","kind":"stop","name":"Jones Avenue","lineRef":"tram","lab":1},"geometry":{"type":"Point","coordinates":[-79.33576,43.66918]}},{"type":"Feature","properties":{"id":"stn-419","kind":"stop","name":"Leslie Street","lineRef":"tram","lab":1},"geometry":{"type":"Point","coordinates":[-79.33324,43.66975]}},{"type":"Feature","properties":{"id":"stn-420","kind":"stop","name":"Alton Avenue","lineRef":"tram","lab":1},"geometry":{"type":"Point","coordinates":[-79.3308,43.67028]}},{"type":"Feature","properties":{"id":"stn-421","kind":"stop","name":"Greenwood Avenue","lineRef":"tram","lab":1},"geometry":{"type":"Point","coordinates":[-79.32823,43.67086]}},{"type":"Feature","properties":{"id":"stn-422","kind":"stop","name":"Woodfield Road","lineRef":"tram","lab":1},"geometry":{"type":"Point","coordinates":[-79.32407,43.67179]}},{"type":"Feature","properties":{"id":"stn-423","kind":"stop","name":"Ashdale Avenue","lineRef":"tram","lab":1},"geometry":{"type":"Point","coordinates":[-79.32203,43.67226]}},{"type":"Feature","properties":{"id":"stn-424","kind":"stop","name":"Gerrard Street East","lineRef":"tram","lab":1},"geometry":{"type":"Point","coordinates":[-79.32019,43.67516]}},{"type":"Feature","properties":{"id":"stn-425","kind":"stop","name":"Coxwell Avenue","lineRef":"tram","lab":1},"geometry":{"type":"Point","coordinates":[-79.32008,43.67549]}},{"type":"Feature","properties":{"id":"stn-426","kind":"stop","name":"Woodbine Avenue","lineRef":"tram","lab":1},"geometry":{"type":"Point","coordinates":[-79.31097,43.68071]}},{"type":"Feature","properties":{"id":"stn-427","kind":"stop","name":"Golfview Avenue","lineRef":"tram","lab":1},"geometry":{"type":"Point","coordinates":[-79.30891,43.68171]}},{"type":"Feature","properties":{"id":"stn-428","kind":"stop","name":"Glenmount Park Road","lineRef":"tram","lab":1},"geometry":{"type":"Point","coordinates":[-79.30589,43.68273]}},{"type":"Feature","properties":{"id":"stn-429","kind":"stop","name":"Danforth Avenue","lineRef":"tram","lab":1},"geometry":{"type":"Point","coordinates":[-79.30173,43.68801]}},{"type":"Feature","properties":{"id":"stn-430","kind":"stop","name":"Silver Birch Avenue","lineRef":"tram","lab":1},"geometry":{"type":"Point","coordinates":[-79.28498,43.67321]}},{"type":"Feature","properties":{"id":"stn-431","kind":"stop","name":"Beech Avenue","lineRef":"tram","lab":1},"geometry":{"type":"Point","coordinates":[-79.28743,43.6727]}},{"type":"Feature","properties":{"id":"stn-432","kind":"stop","name":"Glen Manor Drive","lineRef":"tram","lab":1},"geometry":{"type":"Point","coordinates":[-79.29284,43.67156]}},{"type":"Feature","properties":{"id":"stn-433","kind":"stop","name":"Wineva Avenue","lineRef":"tram","lab":1},"geometry":{"type":"Point","coordinates":[-79.29531,43.67108]}},{"type":"Feature","properties":{"id":"stn-434","kind":"stop","name":"Bellefair Avenue","lineRef":"tram","lab":1},"geometry":{"type":"Point","coordinates":[-79.29972,43.67013]}},{"type":"Feature","properties":{"id":"stn-435","kind":"stop","name":"Elmer Avenue","lineRef":"tram","lab":1},"geometry":{"type":"Point","coordinates":[-79.30341,43.66931]}},{"type":"Feature","properties":{"id":"stn-436","kind":"stop","name":"Woodbine Avenue","lineRef":"tram","lab":1},"geometry":{"type":"Point","coordinates":[-79.30557,43.66883]}},{"type":"Feature","properties":{"id":"stn-437","kind":"stop","name":"Lockwood Road","lineRef":"tram","lab":1},"geometry":{"type":"Point","coordinates":[-79.30897,43.66806]}},{"type":"Feature","properties":{"id":"stn-438","kind":"stop","name":"Sarah Ashbridge Avenue","lineRef":"tram","lab":1},"geometry":{"type":"Point","coordinates":[-79.30935,43.66795]}},{"type":"Feature","properties":{"id":"stn-439","kind":"stop","name":"Queen Street East","lineRef":"tram","lab":1,"color":"#ED1C24"},"geometry":{"type":"Point","coordinates":[-79.31626,43.66657]}},{"type":"Feature","properties":{"id":"stn-440","kind":"stop","name":"Coxwell Avenue","lineRef":"tram","lab":1},"geometry":{"type":"Point","coordinates":[-79.31641,43.66639]}},{"type":"Feature","properties":{"id":"stn-441","kind":"stop","name":"Woodfield Road","lineRef":"tram","lab":1},"geometry":{"type":"Point","coordinates":[-79.32116,43.66532]}},{"type":"Feature","properties":{"id":"stn-442","kind":"stop","name":"Greenwood Avenue","lineRef":"tram","lab":1},"geometry":{"type":"Point","coordinates":[-79.325,43.66446]}},{"type":"Feature","properties":{"id":"stn-443","kind":"stop","name":"Alton Avenue","lineRef":"tram","lab":1,"color":"#ED1C24"},"geometry":{"type":"Point","coordinates":[-79.32773,43.66384]}},{"type":"Feature","properties":{"id":"stn-444","kind":"stop","name":"Leslie Street","lineRef":"tram","lab":1,"color":"#ED1C24"},"geometry":{"type":"Point","coordinates":[-79.33001,43.66332]}},{"type":"Feature","properties":{"id":"stn-445","kind":"stop","name":"Jones Avenue","lineRef":"tram","lab":1,"color":"#ED1C24"},"geometry":{"type":"Point","coordinates":[-79.3326,43.66274]}},{"type":"Feature","properties":{"id":"stn-446","kind":"stop","name":"Caroline Avenue","lineRef":"tram","lab":1,"color":"#ED1C24"},"geometry":{"type":"Point","coordinates":[-79.33545,43.66208]}},{"type":"Feature","properties":{"id":"stn-447","kind":"stop","name":"Brooklyn Avenue","lineRef":"tram","lab":1,"color":"#ED1C24"},"geometry":{"type":"Point","coordinates":[-79.33571,43.66205]}},{"type":"Feature","properties":{"id":"stn-448","kind":"stop","name":"Pape Avenue","lineRef":"tram","lab":1,"color":"#ED1C24"},"geometry":{"type":"Point","coordinates":[-79.33751,43.66165]}},{"type":"Feature","properties":{"id":"stn-449","kind":"stop","name":"Carlaw Avenue","lineRef":"tram","lab":1,"color":"#ED1C24"},"geometry":{"type":"Point","coordinates":[-79.33982,43.66114]}},{"type":"Feature","properties":{"id":"stn-450","kind":"stop","name":"Logan Avenue","lineRef":"tram","lab":1,"color":"#ED1C24"},"geometry":{"type":"Point","coordinates":[-79.34234,43.66057]}},{"type":"Feature","properties":{"id":"stn-451","kind":"stop","name":"Empire Avenue","lineRef":"tram","lab":1},"geometry":{"type":"Point","coordinates":[-79.34408,43.66019]}},{"type":"Feature","properties":{"id":"stn-452","kind":"stop","name":"Boulton Avenue","lineRef":"tram","lab":1},"geometry":{"type":"Point","coordinates":[-79.34655,43.65963]}},{"type":"Feature","properties":{"id":"stn-453","kind":"stop","name":"Saulter Street","lineRef":"tram","lab":1},"geometry":{"type":"Point","coordinates":[-79.34683,43.65954]}},{"type":"Feature","properties":{"id":"stn-454","kind":"stop","name":"Morrow Avenue","lineRef":"tram","lab":1},"geometry":{"type":"Point","coordinates":[-79.44753,43.6519]}},{"type":"Feature","properties":{"id":"stn-455","kind":"stop","name":"King Street West","lineRef":"tram","lab":1},"geometry":{"type":"Point","coordinates":[-79.42726,43.63879]}},{"type":"Feature","properties":{"id":"stn-456","kind":"stop","name":"Springhurst Avenue","lineRef":"tram","lab":1},"geometry":{"type":"Point","coordinates":[-79.42588,43.63504]}},{"type":"Feature","properties":{"id":"stn-457","kind":"stop","name":"Liberty Street","lineRef":"tram","lab":1},"geometry":{"type":"Point","coordinates":[-79.42653,43.63686]}},{"type":"Feature","properties":{"id":"stn-458","kind":"stop","name":"Queen Street West","lineRef":"tram","lab":1},"geometry":{"type":"Point","coordinates":[-79.44594,43.63851]}},{"type":"Feature","properties":{"id":"stn-459","kind":"stop","name":"Beech Avenue","lineRef":"tram","lab":1,"color":"#ED1C24"},"geometry":{"type":"Point","coordinates":[-79.29087,43.68023]}},{"type":"Feature","properties":{"id":"stn-460","kind":"stop","name":"King Street West","lineRef":"tram","lab":1,"color":"#ED1C24"},"geometry":{"type":"Point","coordinates":[-79.38344,43.64771]}},{"type":"Feature","properties":{"id":"stn-461","kind":"stop","name":"Bay Street","lineRef":"tram","lab":1,"color":"#ED1C24"},"geometry":{"type":"Point","coordinates":[-79.37942,43.64741]}},{"type":"Feature","properties":{"id":"stn-462","kind":"stop","name":"Columbine Avenue","lineRef":"tram","lab":1,"color":"#ED1C24"},"geometry":{"type":"Point","coordinates":[-79.31032,43.67167]}},{"type":"Feature","properties":{"id":"stn-463","kind":"stop","name":"Glen Manor Drive","lineRef":"tram","lab":1,"color":"#ED1C24"},"geometry":{"type":"Point","coordinates":[-79.2939,43.67989]}},{"type":"Feature","properties":{"id":"stn-464","kind":"stop","name":"Rainsford Road","lineRef":"tram","lab":1,"color":"#ED1C24"},"geometry":{"type":"Point","coordinates":[-79.30922,43.67277]}},{"type":"Feature","properties":{"id":"stn-465","kind":"stop","name":"160 York Street","lineRef":"tram","lab":1},"geometry":{"type":"Point","coordinates":[-79.38434,43.64978]}},{"type":"Feature","properties":{"id":"stn-466","kind":"stop","name":"Yonge Street","lineRef":"tram","lab":1},"geometry":{"type":"Point","coordinates":[-79.37858,43.65037]}},{"type":"Feature","properties":{"id":"stn-467","kind":"stop","name":"River Street","lineRef":"tram","lab":1},"geometry":{"type":"Point","coordinates":[-79.3567,43.65732]}},{"type":"Feature","properties":{"id":"stn-468","kind":"stop","name":"Sumach Street","lineRef":"tram","lab":1},"geometry":{"type":"Point","coordinates":[-79.35879,43.65688]}},{"type":"Feature","properties":{"id":"stn-469","kind":"stop","name":"Sackville Street","lineRef":"tram","lab":1},"geometry":{"type":"Point","coordinates":[-79.36134,43.65632]}},{"type":"Feature","properties":{"id":"stn-470","kind":"stop","name":"Parliament Street","lineRef":"tram","lab":1},"geometry":{"type":"Point","coordinates":[-79.36427,43.65566]}},{"type":"Feature","properties":{"id":"stn-471","kind":"stop","name":"Ontario Street","lineRef":"tram","lab":1},"geometry":{"type":"Point","coordinates":[-79.36699,43.65508]}},{"type":"Feature","properties":{"id":"stn-472","kind":"stop","name":"Sherbourne Street","lineRef":"tram","lab":1},"geometry":{"type":"Point","coordinates":[-79.3697,43.65446]}},{"type":"Feature","properties":{"id":"hub-union","kind":"hub","name":"Union","subKey":"to.hub.union","lab":1,"modes":["metro","train"]},"geometry":{"type":"Point","coordinates":[-79.38021,43.64564]}},{"type":"Feature","properties":{"id":"hub-blooryonge","kind":"hub","name":"Bloor-Yonge","subKey":"to.hub.blooryonge","lab":1,"modes":["metro"]},"geometry":{"type":"Point","coordinates":[-79.38569,43.67079]}},{"type":"Feature","properties":{"id":"hub-stgeorge","kind":"hub","name":"St. George","subKey":"to.hub.stgeorge","lab":1,"modes":["metro"]},"geometry":{"type":"Point","coordinates":[-79.39884,43.66844]}},{"type":"Feature","properties":{"id":"hub-spadina","kind":"hub","name":"Spadina","subKey":"to.hub.spadina","lab":1,"modes":["metro","tram"]},"geometry":{"type":"Point","coordinates":[-79.4047,43.66854]}},{"type":"Feature","properties":{"id":"hub-sheppardyonge","kind":"hub","name":"Sheppard-Yonge","subKey":"to.hub.sheppardyonge","lab":1,"modes":["metro"]},"geometry":{"type":"Point","coordinates":[-79.41091,43.76145]}},{"type":"Feature","properties":{"id":"hub-kennedy","kind":"hub","name":"Kennedy","subKey":"to.hub.kennedy","lab":1,"modes":["metro","train"]},"geometry":{"type":"Point","coordinates":[-79.26375,43.73243]}},{"type":"Feature","properties":{"id":"hub-kipling","kind":"hub","name":"Kipling","subKey":"to.hub.kipling","lab":1,"modes":["metro","train"]},"geometry":{"type":"Point","coordinates":[-79.53551,43.63762]}},{"type":"Feature","properties":{"id":"hub-dundaswest","kind":"hub","name":"Dundas West","subKey":"to.hub.dundaswest","lab":1,"modes":["metro","tram","train"]},"geometry":{"type":"Point","coordinates":[-79.45304,43.65694]}},{"type":"Feature","properties":{"id":"hub-eglinton","kind":"hub","name":"Eglinton","subKey":"to.hub.eglinton","lab":1,"modes":["metro"]},"geometry":{"type":"Point","coordinates":[-79.39857,43.70676]}},{"type":"Feature","properties":{"id":"hub-finch","kind":"hub","name":"Finch","subKey":"to.hub.finch","lab":1,"modes":["metro"]},"geometry":{"type":"Point","coordinates":[-79.4159,43.7813]}},{"type":"Feature","properties":{"id":"hub-vmc","kind":"hub","name":"Vaughan Metropolitan Centre","subKey":"to.hub.vmc","lab":1,"modes":["metro"]},"geometry":{"type":"Point","coordinates":[-79.52746,43.79424]}},{"type":"Feature","properties":{"id":"hub-mountdennis","kind":"hub","name":"Mount Dennis","subKey":"to.hub.mountdennis","lab":1,"modes":["metro","train"]},"geometry":{"type":"Point","coordinates":[-79.48789,43.68777]}},{"type":"Feature","properties":{"id":"hub-donmills","kind":"hub","name":"Don Mills","subKey":"to.hub.donmills","lab":1,"modes":["metro"]},"geometry":{"type":"Point","coordinates":[-79.34594,43.77535]}}]}