{"type":"FeatureCollection","features":[{"type":"Feature","properties":{"id":"ih-eczane-0","kind":"poi","name":"Farmacia Las Lomas","theme":"eczane","lab":1},"geometry":{"type":"Point","coordinates":[-3.90003,40.43977]}},{"type":"Feature","properties":{"id":"ih-eczane-1","kind":"poi","name":"Lda. C. Bonet","theme":"eczane","lab":1},"geometry":{"type":"Point","coordinates":[-3.86299,40.32838]}},{"type":"Feature","properties":{"id":"ih-eczane-2","kind":"poi","name":"Youfarma","theme":"eczane","lab":1},"geometry":{"type":"Point","coordinates":[-3.86416,40.33203]}},{"type":"Feature","properties":{"id":"ih-eczane-3","kind":"poi","name":"Farmacia Blas Martínez","theme":"eczane","lab":1},"geometry":{"type":"Point","coordinates":[-3.8551,40.31521]}},{"type":"Feature","properties":{"id":"ih-eczane-4","kind":"poi","name":"Ldo. Juan José Lafuente Lopez-Salazar","theme":"eczane","lab":1},"geometry":{"type":"Point","coordinates":[-3.87065,40.32782]}},{"type":"Feature","properties":{"id":"ih-eczane-5","kind":"poi","name":"Farmacia Magallanes 6","theme":"eczane","lab":1},"geometry":{"type":"Point","coordinates":[-3.87372,40.32917]}},{"type":"Feature","properties":{"id":"ih-eczane-6","kind":"poi","name":"Farmacia Lda. Consolación Pinto Oca","theme":"eczane","lab":1},"geometry":{"type":"Point","coordinates":[-3.73446,40.3895]}},{"type":"Feature","properties":{"id":"ih-eczane-7","kind":"poi","name":"Farmalife Móstoles","theme":"eczane","lab":1},"geometry":{"type":"Point","coordinates":[-3.85754,40.32061]}},{"type":"Feature","properties":{"id":"ih-eczane-8","kind":"poi","name":"Farmacia Saniplus","theme":"eczane","lab":1},"geometry":{"type":"Point","coordinates":[-3.71202,40.45716]}},{"type":"Feature","properties":{"id":"ih-eczane-9","kind":"poi","name":"Farmacia El Soto","theme":"eczane","lab":1},"geometry":{"type":"Point","coordinates":[-3.88287,40.32844]}},{"type":"Feature","properties":{"id":"ih-eczane-10","kind":"poi","name":"Farmacia Badajoz 5","theme":"eczane","lab":1},"geometry":{"type":"Point","coordinates":[-3.65523,40.44175]}},{"type":"Feature","properties":{"id":"ih-eczane-11","kind":"poi","name":"Farmacia Manso Salinas","theme":"eczane","lab":1},"geometry":{"type":"Point","coordinates":[-3.65423,40.44318]}},{"type":"Feature","properties":{"id":"ih-eczane-12","kind":"poi","name":"Farmacia Pina","theme":"eczane","lab":1},"geometry":{"type":"Point","coordinates":[-3.7154,40.43446]}},{"type":"Feature","properties":{"id":"ih-eczane-13","kind":"poi","name":"Farmacia Gasset","theme":"eczane","lab":1},"geometry":{"type":"Point","coordinates":[-3.67158,40.42987]}},{"type":"Feature","properties":{"id":"ih-eczane-14","kind":"poi","name":"Farmacia Moratalaz","theme":"eczane","lab":1},"geometry":{"type":"Point","coordinates":[-3.64807,40.40389]}},{"type":"Feature","properties":{"id":"ih-eczane-15","kind":"poi","name":"G&G","theme":"eczane","lab":1},"geometry":{"type":"Point","coordinates":[-3.66453,40.41132]}},{"type":"Feature","properties":{"id":"ih-eczane-16","kind":"poi","name":"Farmacia Serrano","theme":"eczane","lab":1},"geometry":{"type":"Point","coordinates":[-3.85849,40.31556]}},{"type":"Feature","properties":{"id":"ih-eczane-17","kind":"poi","name":"Farmacia Hermanos Pinzón","theme":"eczane","lab":1},"geometry":{"type":"Point","coordinates":[-3.85584,40.32272]}},{"type":"Feature","properties":{"id":"ih-eczane-18","kind":"poi","name":"Farmacia El Cantizal","theme":"eczane","lab":1},"geometry":{"type":"Point","coordinates":[-3.92744,40.51874]}},{"type":"Feature","properties":{"id":"ih-eczane-19","kind":"poi","name":"Farmacia Picasso","theme":"eczane","lab":1},"geometry":{"type":"Point","coordinates":[-3.86087,40.33257]}},{"type":"Feature","properties":{"id":"ih-eczane-20","kind":"poi","name":"Farmacia Central","theme":"eczane","lab":1},"geometry":{"type":"Point","coordinates":[-3.69599,40.47013]}},{"type":"Feature","properties":{"id":"ih-eczane-21","kind":"poi","name":"Farmacia Las Palmas 58","theme":"eczane","lab":1},"geometry":{"type":"Point","coordinates":[-3.86535,40.31709]}},{"type":"Feature","properties":{"id":"ih-eczane-22","kind":"poi","name":"La farmacia del Metro","theme":"eczane","lab":1},"geometry":{"type":"Point","coordinates":[-3.87509,40.3169]}},{"type":"Feature","properties":{"id":"ih-eczane-23","kind":"poi","name":"Farmacia Sanse","theme":"eczane","lab":1},"geometry":{"type":"Point","coordinates":[-3.62833,40.56041]}},{"type":"Feature","properties":{"id":"ih-eczane-24","kind":"poi","name":"Farmacia Forcén","theme":"eczane","lab":1},"geometry":{"type":"Point","coordinates":[-3.86768,40.3215]}},{"type":"Feature","properties":{"id":"ih-eczane-25","kind":"poi","name":"Farmacia y Óptica Militar","theme":"eczane","lab":1},"geometry":{"type":"Point","coordinates":[-3.68489,40.40664]}},{"type":"Feature","properties":{"id":"ih-eczane-26","kind":"poi","name":"Parque Vosa, 13","theme":"eczane","lab":1},"geometry":{"type":"Point","coordinates":[-3.86527,40.3277]}},{"type":"Feature","properties":{"id":"ih-eczane-27","kind":"poi","name":"Farmacia Fuentes","theme":"eczane","lab":1},"geometry":{"type":"Point","coordinates":[-3.86973,40.33153]}},{"type":"Feature","properties":{"id":"ih-eczane-28","kind":"poi","name":"Farmacia Mafar","theme":"eczane","lab":1},"geometry":{"type":"Point","coordinates":[-3.87342,40.31693]}},{"type":"Feature","properties":{"id":"ih-eczane-29","kind":"poi","name":"Farmacia Pérez","theme":"eczane","lab":1},"geometry":{"type":"Point","coordinates":[-3.86925,40.3193]}},{"type":"Feature","properties":{"id":"ih-eczane-30","kind":"poi","name":"Farmacia Dos de Mayo","theme":"eczane","lab":1},"geometry":{"type":"Point","coordinates":[-3.87122,40.31988]}},{"type":"Feature","properties":{"id":"ih-eczane-31","kind":"poi","name":"Farmacia Millán-Díez CB","theme":"eczane","lab":1},"geometry":{"type":"Point","coordinates":[-3.88589,40.32753]}},{"type":"Feature","properties":{"id":"ih-eczane-32","kind":"poi","name":"Farmacia Empecinado 46","theme":"eczane","lab":1},"geometry":{"type":"Point","coordinates":[-3.85529,40.32174]}},{"type":"Feature","properties":{"id":"ih-eczane-33","kind":"poi","name":"Farmacia Mora","theme":"eczane","lab":1},"geometry":{"type":"Point","coordinates":[-3.85738,40.31929]}},{"type":"Feature","properties":{"id":"ih-eczane-34","kind":"poi","name":"Farmacia Jesús Cañas","theme":"eczane","lab":1},"geometry":{"type":"Point","coordinates":[-3.8694,40.31724]}},{"type":"Feature","properties":{"id":"ih-eczane-35","kind":"poi","name":"Farmacia Trébol Zarzaquemada","theme":"eczane","lab":1},"geometry":{"type":"Point","coordinates":[-3.74551,40.33557]}},{"type":"Feature","properties":{"id":"ih-eczane-36","kind":"poi","name":"Boticinal Madrid Atocha","theme":"eczane","lab":1},"geometry":{"type":"Point","coordinates":[-3.6899,40.40813]}},{"type":"Feature","properties":{"id":"ih-eczane-37","kind":"poi","name":"Farmacia la Latina","theme":"eczane","lab":1},"geometry":{"type":"Point","coordinates":[-3.70794,40.4117]}},{"type":"Feature","properties":{"id":"ih-eczane-38","kind":"poi","name":"Farmacia Estrella","theme":"eczane","lab":1},"geometry":{"type":"Point","coordinates":[-3.75224,40.38658]}},{"type":"Feature","properties":{"id":"ih-eczane-39","kind":"poi","name":"Lda. Marta Pérez Álvarez","theme":"eczane","lab":1},"geometry":{"type":"Point","coordinates":[-3.69094,40.47195]}},{"type":"Feature","properties":{"id":"ih-eczane-40","kind":"poi","name":"Lda. María Carmen Lejeune Dopico","theme":"eczane","lab":1},"geometry":{"type":"Point","coordinates":[-3.69568,40.41175]}},{"type":"Feature","properties":{"id":"ih-eczane-41","kind":"poi","name":"Parafarmacia, herbolario","theme":"eczane","lab":1},"geometry":{"type":"Point","coordinates":[-3.69559,40.41378]}},{"type":"Feature","properties":{"id":"ih-eczane-42","kind":"poi","name":"Farmacia 24 horas","theme":"eczane","lab":1},"geometry":{"type":"Point","coordinates":[-3.70463,40.41813]}},{"type":"Feature","properties":{"id":"ih-eczane-43","kind":"poi","name":"Europa","theme":"eczane","lab":1},"geometry":{"type":"Point","coordinates":[-3.61772,40.43827]}},{"type":"Feature","properties":{"id":"ih-eczane-44","kind":"poi","name":"Farmacia Talgo","theme":"eczane","lab":1},"geometry":{"type":"Point","coordinates":[-3.78473,40.44791]}},{"type":"Feature","properties":{"id":"ih-eczane-45","kind":"poi","name":"Farmacia Victoria Caro","theme":"eczane","lab":1},"geometry":{"type":"Point","coordinates":[-3.78469,40.44533]}},{"type":"Feature","properties":{"id":"ih-eczane-46","kind":"poi","name":"Farmacia Burgocentro","theme":"eczane","lab":1},"geometry":{"type":"Point","coordinates":[-3.87691,40.48958]}},{"type":"Feature","properties":{"id":"ih-eczane-47","kind":"poi","name":"Farmacia Sana Las Tablas","theme":"eczane","lab":1},"geometry":{"type":"Point","coordinates":[-3.66629,40.50513]}},{"type":"Feature","properties":{"id":"ih-eczane-48","kind":"poi","name":"Farmacia Montecarmelo","theme":"eczane","lab":1},"geometry":{"type":"Point","coordinates":[-3.69037,40.51055]}},{"type":"Feature","properties":{"id":"ih-eczane-49","kind":"poi","name":"Farmacia Lda. A. Abeger","theme":"eczane","lab":1},"geometry":{"type":"Point","coordinates":[-3.68698,40.46664]}},{"type":"Feature","properties":{"id":"ih-eczane-50","kind":"poi","name":"Reyes","theme":"eczane","lab":1},"geometry":{"type":"Point","coordinates":[-3.68536,40.45206]}},{"type":"Feature","properties":{"id":"ih-eczane-51","kind":"poi","name":"María de Marcos Cimiano","theme":"eczane","lab":1},"geometry":{"type":"Point","coordinates":[-3.6892,40.46854]}},{"type":"Feature","properties":{"id":"ih-eczane-52","kind":"poi","name":"Mª Isabel Benito de Sanz","theme":"eczane","lab":1},"geometry":{"type":"Point","coordinates":[-3.68943,40.47017]}},{"type":"Feature","properties":{"id":"ih-eczane-53","kind":"poi","name":"Licenciada Edurne Hijazo Ugarte","theme":"eczane","lab":1},"geometry":{"type":"Point","coordinates":[-3.69368,40.48197]}},{"type":"Feature","properties":{"id":"ih-eczane-54","kind":"poi","name":"Farmacia Rosina de la Peña Prieto","theme":"eczane","lab":1},"geometry":{"type":"Point","coordinates":[-3.75165,40.38471]}},{"type":"Feature","properties":{"id":"ih-eczane-55","kind":"poi","name":"Farmacia del Carmen","theme":"eczane","lab":1},"geometry":{"type":"Point","coordinates":[-3.70301,40.45457]}},{"type":"Feature","properties":{"id":"ih-eczane-56","kind":"poi","name":"Farmacia Bravo Murillo 200","theme":"eczane","lab":1},"geometry":{"type":"Point","coordinates":[-3.70202,40.4562]}},{"type":"Feature","properties":{"id":"ih-eczane-57","kind":"poi","name":"Farmacia María Petra León García","theme":"eczane","lab":1},"geometry":{"type":"Point","coordinates":[-3.69342,40.49492]}},{"type":"Feature","properties":{"id":"ih-eczane-58","kind":"poi","name":"Farmacia Casero Carretero","theme":"eczane","lab":1},"geometry":{"type":"Point","coordinates":[-3.68792,40.49565]}},{"type":"Feature","properties":{"id":"ih-eczane-59","kind":"poi","name":"Chic Shop","theme":"eczane","lab":1},"geometry":{"type":"Point","coordinates":[-3.6714,40.48073]}},{"type":"Feature","properties":{"id":"ih-eczane-60","kind":"poi","name":"Farmacia Las Naciones","theme":"eczane","lab":1},"geometry":{"type":"Point","coordinates":[-3.80551,40.44002]}},{"type":"Feature","properties":{"id":"ih-eczane-61","kind":"poi","name":"Ldo. J. Diego Pérez","theme":"eczane","lab":1},"geometry":{"type":"Point","coordinates":[-3.8612,40.45877]}},{"type":"Feature","properties":{"id":"ih-eczane-62","kind":"poi","name":"Farmacia Ramos","theme":"eczane","lab":1},"geometry":{"type":"Point","coordinates":[-3.81216,40.43564]}},{"type":"Feature","properties":{"id":"ih-eczane-63","kind":"poi","name":"Farmacia Lda. Bárbara Rodríguez Mateos","theme":"eczane","lab":1},"geometry":{"type":"Point","coordinates":[-3.65272,40.44173]}},{"type":"Feature","properties":{"id":"ih-eczane-64","kind":"poi","name":"Farmacia del Riego Minco C.B","theme":"eczane","lab":1},"geometry":{"type":"Point","coordinates":[-3.67746,40.40284]}},{"type":"Feature","properties":{"id":"ih-eczane-65","kind":"poi","name":"Pacífico","theme":"eczane","lab":1},"geometry":{"type":"Point","coordinates":[-3.68042,40.40425]}},{"type":"Feature","properties":{"id":"ih-eczane-66","kind":"poi","name":"Doña Berenguela farmacia","theme":"eczane","lab":1},"geometry":{"type":"Point","coordinates":[-3.72565,40.41265]}},{"type":"Feature","properties":{"id":"ih-eczane-67","kind":"poi","name":"Farmacia Paracuellos","theme":"eczane","lab":1},"geometry":{"type":"Point","coordinates":[-3.53211,40.50615]}},{"type":"Feature","properties":{"id":"ih-eczane-68","kind":"poi","name":"Lda. Marta Iglesias Araúzo","theme":"eczane","lab":1},"geometry":{"type":"Point","coordinates":[-3.67237,40.46111]}},{"type":"Feature","properties":{"id":"ih-eczane-69","kind":"poi","name":"Farmacia San Enrique","theme":"eczane","lab":1},"geometry":{"type":"Point","coordinates":[-3.69997,40.45596]}},{"type":"Feature","properties":{"id":"ih-eczane-70","kind":"poi","name":"Lda. Elena Aperte","theme":"eczane","lab":1},"geometry":{"type":"Point","coordinates":[-3.69833,40.47065]}},{"type":"Feature","properties":{"id":"ih-eczane-71","kind":"poi","name":"Farmacia Monasterio de Silos 23","theme":"eczane","lab":1},"geometry":{"type":"Point","coordinates":[-3.70623,40.50367]}},{"type":"Feature","properties":{"id":"ih-eczane-72","kind":"poi","name":"Farmacia Arcas Water","theme":"eczane","lab":1},"geometry":{"type":"Point","coordinates":[-3.74572,40.29279]}},{"type":"Feature","properties":{"id":"ih-eczane-73","kind":"poi","name":"Lda. Francisca Hernando Valdizan","theme":"eczane","lab":1},"geometry":{"type":"Point","coordinates":[-3.7047,40.45875]}},{"type":"Feature","properties":{"id":"ih-eczane-74","kind":"poi","name":"Farmacia Río Duero 3","theme":"eczane","lab":1},"geometry":{"type":"Point","coordinates":[-3.7666,40.33519]}},{"type":"Feature","properties":{"id":"ih-eczane-75","kind":"poi","name":"Farmacia Puente Alcocer","theme":"eczane","lab":1},"geometry":{"type":"Point","coordinates":[-3.7042,40.35067]}},{"type":"Feature","properties":{"id":"ih-eczane-76","kind":"poi","name":"Visionfarma","theme":"eczane","lab":1},"geometry":{"type":"Point","coordinates":[-3.65778,40.54717]}},{"type":"Feature","properties":{"id":"ih-eczane-77","kind":"poi","name":"Lázaro Días César Pablo","theme":"eczane","lab":1},"geometry":{"type":"Point","coordinates":[-3.63499,40.46482]}},{"type":"Feature","properties":{"id":"ih-eczane-78","kind":"poi","name":"Rus","theme":"eczane","lab":1},"geometry":{"type":"Point","coordinates":[-3.75346,40.39071]}},{"type":"Feature","properties":{"id":"ih-eczane-79","kind":"poi","name":"Farmacia-Ortopedia El Zoco de Majadahonda","theme":"eczane","lab":1},"geometry":{"type":"Point","coordinates":[-3.86659,40.46654]}},{"type":"Feature","properties":{"id":"ih-eczane-80","kind":"poi","name":"Farmacia Martínez Jimenez","theme":"eczane","lab":1},"geometry":{"type":"Point","coordinates":[-3.7374,40.38529]}},{"type":"Feature","properties":{"id":"ih-eczane-81","kind":"poi","name":"La Serna","theme":"eczane","lab":1},"geometry":{"type":"Point","coordinates":[-3.7955,40.29548]}},{"type":"Feature","properties":{"id":"ih-eczane-82","kind":"poi","name":"Farmacia M. Isabel Mingo Garrote","theme":"eczane","lab":1},"geometry":{"type":"Point","coordinates":[-3.73798,40.40185]}},{"type":"Feature","properties":{"id":"ih-eczane-83","kind":"poi","name":"Mingo Herrero, Antonio","theme":"eczane","lab":1},"geometry":{"type":"Point","coordinates":[-3.79971,40.28506]}},{"type":"Feature","properties":{"id":"ih-eczane-84","kind":"poi","name":"Farmacia Sánchez Zubizarreta","theme":"eczane","lab":1},"geometry":{"type":"Point","coordinates":[-3.80239,40.2971]}},{"type":"Feature","properties":{"id":"ih-eczane-85","kind":"poi","name":"Farmacia Los Bermejales","theme":"eczane","lab":1},"geometry":{"type":"Point","coordinates":[-3.80624,40.28644]}},{"type":"Feature","properties":{"id":"ih-eczane-86","kind":"poi","name":"Ldo. Felipe J. Ramos","theme":"eczane","lab":1},"geometry":{"type":"Point","coordinates":[-3.78713,40.29514]}},{"type":"Feature","properties":{"id":"ih-eczane-87","kind":"poi","name":"Farmacia Santiago Gadea Pareja","theme":"eczane","lab":1},"geometry":{"type":"Point","coordinates":[-3.80518,40.28172]}},{"type":"Feature","properties":{"id":"ih-eczane-88","kind":"poi","name":"Farmacia Manrique López","theme":"eczane","lab":1},"geometry":{"type":"Point","coordinates":[-3.79793,40.29434]}},{"type":"Feature","properties":{"id":"ih-eczane-89","kind":"poi","name":"Farmacia Rafael de la Peña Buquerín","theme":"eczane","lab":1},"geometry":{"type":"Point","coordinates":[-3.7003,40.39509]}},{"type":"Feature","properties":{"id":"ih-eczane-90","kind":"poi","name":"Farmacia Freire Escobar","theme":"eczane","lab":1},"geometry":{"type":"Point","coordinates":[-3.69652,40.39237]}},{"type":"Feature","properties":{"id":"ih-eczane-91","kind":"poi","name":"Plaza Conde de Casal","theme":"eczane","lab":1},"geometry":{"type":"Point","coordinates":[-3.67084,40.40632]}},{"type":"Feature","properties":{"id":"ih-eczane-92","kind":"poi","name":"Licenciado Juan J. Tienza","theme":"eczane","lab":1},"geometry":{"type":"Point","coordinates":[-3.83622,40.33948]}},{"type":"Feature","properties":{"id":"ih-eczane-93","kind":"poi","name":"Farmacia de la Paloma","theme":"eczane","lab":1},"geometry":{"type":"Point","coordinates":[-3.70793,40.41238]}},{"type":"Feature","properties":{"id":"ih-eczane-94","kind":"poi","name":"Polvorosa","theme":"eczane","lab":1},"geometry":{"type":"Point","coordinates":[-3.69547,40.44622]}},{"type":"Feature","properties":{"id":"ih-eczane-95","kind":"poi","name":"Farmacia De La Fuentecilla","theme":"eczane","lab":1},"geometry":{"type":"Point","coordinates":[-3.71012,40.409]}},{"type":"Feature","properties":{"id":"ih-eczane-96","kind":"poi","name":"Farmacia Ldas Ulierte","theme":"eczane","lab":1},"geometry":{"type":"Point","coordinates":[-3.71047,40.40628]}},{"type":"Feature","properties":{"id":"ih-eczane-97","kind":"poi","name":"Farmacia Angel Calatrava Parras","theme":"eczane","lab":1},"geometry":{"type":"Point","coordinates":[-3.70547,40.40535]}},{"type":"Feature","properties":{"id":"ih-eczane-98","kind":"poi","name":"Lda Bárbara Riginelli","theme":"eczane","lab":1},"geometry":{"type":"Point","coordinates":[-3.69847,40.40819]}},{"type":"Feature","properties":{"id":"ih-eczane-99","kind":"poi","name":"Farmacia Sánchez Casas Pérez","theme":"eczane","lab":1},"geometry":{"type":"Point","coordinates":[-3.66603,40.43579]}},{"type":"Feature","properties":{"id":"ih-eczane-100","kind":"poi","name":"Farmacia Lda Carmen Martín Albert","theme":"eczane","lab":1},"geometry":{"type":"Point","coordinates":[-3.66395,40.43631]}},{"type":"Feature","properties":{"id":"ih-eczane-101","kind":"poi","name":"Lcda. Mª Victoria Rodríguez García","theme":"eczane","lab":1},"geometry":{"type":"Point","coordinates":[-3.82866,40.34501]}},{"type":"Feature","properties":{"id":"ih-eczane-102","kind":"poi","name":"Farmacia Machupichu 75","theme":"eczane","lab":1},"geometry":{"type":"Point","coordinates":[-3.63331,40.46058]}},{"type":"Feature","properties":{"id":"ih-eczane-103","kind":"poi","name":"Arbosana","theme":"eczane","lab":1},"geometry":{"type":"Point","coordinates":[-3.61517,40.45295]}},{"type":"Feature","properties":{"id":"ih-eczane-104","kind":"poi","name":"Farmacia Castillo","theme":"eczane","lab":1},"geometry":{"type":"Point","coordinates":[-3.63556,40.47093]}},{"type":"Feature","properties":{"id":"ih-eczane-105","kind":"poi","name":"Farmacia 24 horas Avenida de San Luis 52","theme":"eczane","lab":1},"geometry":{"type":"Point","coordinates":[-3.65065,40.47288]}},{"type":"Feature","properties":{"id":"ih-eczane-106","kind":"poi","name":"Farmacia Río Segre","theme":"eczane","lab":1},"geometry":{"type":"Point","coordinates":[-3.81449,40.34515]}},{"type":"Feature","properties":{"id":"ih-eczane-107","kind":"poi","name":"Farmacia Sapporo","theme":"eczane","lab":1},"geometry":{"type":"Point","coordinates":[-3.81838,40.34592]}},{"type":"Feature","properties":{"id":"ih-eczane-108","kind":"poi","name":"farmacia arturo soria","theme":"eczane","lab":1},"geometry":{"type":"Point","coordinates":[-3.64163,40.44315]}},{"type":"Feature","properties":{"id":"ih-eczane-109","kind":"poi","name":"Farmacia José Carlos Areses","theme":"eczane","lab":1},"geometry":{"type":"Point","coordinates":[-3.69375,40.42613]}},{"type":"Feature","properties":{"id":"ih-eczane-110","kind":"poi","name":"Farmacia Enrique Gálvez Ruano","theme":"eczane","lab":1},"geometry":{"type":"Point","coordinates":[-3.92998,40.57655]}},{"type":"Feature","properties":{"id":"ih-eczane-111","kind":"poi","name":"La botica de Argensola","theme":"eczane","lab":1},"geometry":{"type":"Point","coordinates":[-3.6948,40.42529]}},{"type":"Feature","properties":{"id":"ih-eczane-112","kind":"poi","name":"Farmacia Nutricionista Santa Teresa","theme":"eczane","lab":1},"geometry":{"type":"Point","coordinates":[-3.69593,40.42601]}},{"type":"Feature","properties":{"id":"ih-eczane-113","kind":"poi","name":"Nieves Piedrahíta","theme":"eczane","lab":1},"geometry":{"type":"Point","coordinates":[-3.71649,40.30993]}},{"type":"Feature","properties":{"id":"ih-eczane-114","kind":"poi","name":"Farmacia Gordillo - Titos CB","theme":"eczane","lab":1},"geometry":{"type":"Point","coordinates":[-3.75059,40.40461]}},{"type":"Feature","properties":{"id":"ih-eczane-115","kind":"poi","name":"Farmacia Rafael y Juan Sánchez García","theme":"eczane","lab":1},"geometry":{"type":"Point","coordinates":[-3.74442,40.39804]}},{"type":"Feature","properties":{"id":"ih-eczane-116","kind":"poi","name":"Lda. Elena Salgado Rodríguez","theme":"eczane","lab":1},"geometry":{"type":"Point","coordinates":[-3.70558,40.42917]}},{"type":"Feature","properties":{"id":"ih-eczane-117","kind":"poi","name":"Farmacia Pascual","theme":"eczane","lab":1},"geometry":{"type":"Point","coordinates":[-3.74182,40.38726]}},{"type":"Feature","properties":{"id":"ih-eczane-118","kind":"poi","name":"Farmacia Rivas Alcázar","theme":"eczane","lab":1},"geometry":{"type":"Point","coordinates":[-3.55746,40.42453]}},{"type":"Feature","properties":{"id":"ih-eczane-119","kind":"poi","name":"José Luis Moreno Carrillo","theme":"eczane","lab":1},"geometry":{"type":"Point","coordinates":[-3.73427,40.40693]}},{"type":"Feature","properties":{"id":"ih-eczane-120","kind":"poi","name":"María José Vidal Álvarez","theme":"eczane","lab":1},"geometry":{"type":"Point","coordinates":[-3.73921,40.4076]}},{"type":"Feature","properties":{"id":"ih-eczane-121","kind":"poi","name":"Farmacia Mora Ruibio","theme":"eczane","lab":1},"geometry":{"type":"Point","coordinates":[-3.70522,40.38988]}},{"type":"Feature","properties":{"id":"ih-eczane-122","kind":"poi","name":"Virginia Pulido Ruiz","theme":"eczane","lab":1},"geometry":{"type":"Point","coordinates":[-3.70337,40.39126]}},{"type":"Feature","properties":{"id":"ih-eczane-123","kind":"poi","name":"Farmacia Ortopedia Aluche 24h","theme":"eczane","lab":1},"geometry":{"type":"Point","coordinates":[-3.76465,40.38587]}},{"type":"Feature","properties":{"id":"ih-eczane-124","kind":"poi","name":"Farmacia Patricia Vega Viejo","theme":"eczane","lab":1},"geometry":{"type":"Point","coordinates":[-3.93126,40.58089]}},{"type":"Feature","properties":{"id":"ih-eczane-125","kind":"poi","name":"Farmacia Peñalara","theme":"eczane","lab":1},"geometry":{"type":"Point","coordinates":[-3.80266,40.45732]}},{"type":"Feature","properties":{"id":"ih-eczane-126","kind":"poi","name":"Farmacia Parquerozas","theme":"eczane","lab":1},"geometry":{"type":"Point","coordinates":[-3.89656,40.53589]}},{"type":"Feature","properties":{"id":"ih-eczane-127","kind":"poi","name":"Farmacia Colón","theme":"eczane","lab":1},"geometry":{"type":"Point","coordinates":[-3.8718,40.46882]}},{"type":"Feature","properties":{"id":"ih-eczane-128","kind":"poi","name":"Farmacia Ana MAría Rueda","theme":"eczane","lab":1},"geometry":{"type":"Point","coordinates":[-3.80926,40.28468]}},{"type":"Feature","properties":{"id":"ih-eczane-129","kind":"poi","name":"Farmacia del Henares","theme":"eczane","lab":1},"geometry":{"type":"Point","coordinates":[-3.53459,40.42199]}},{"type":"Feature","properties":{"id":"ih-eczane-130","kind":"poi","name":"Farmacia Selas","theme":"eczane","lab":1},"geometry":{"type":"Point","coordinates":[-3.79288,40.28784]}},{"type":"Feature","properties":{"id":"ih-eczane-131","kind":"poi","name":"Herminia","theme":"eczane","lab":1},"geometry":{"type":"Point","coordinates":[-3.78961,40.28939]}},{"type":"Feature","properties":{"id":"ih-eczane-132","kind":"poi","name":"Farmacia García Hernández","theme":"eczane","lab":1},"geometry":{"type":"Point","coordinates":[-3.78335,40.28797]}},{"type":"Feature","properties":{"id":"ih-eczane-133","kind":"poi","name":"Ldo. Pedro Díaz Vico","theme":"eczane","lab":1},"geometry":{"type":"Point","coordinates":[-3.78961,40.29482]}},{"type":"Feature","properties":{"id":"ih-eczane-134","kind":"poi","name":"Farmacia Inés Arteaga","theme":"eczane","lab":1},"geometry":{"type":"Point","coordinates":[-3.79273,40.28592]}},{"type":"Feature","properties":{"id":"ih-eczane-135","kind":"poi","name":"Farmacia Miguel Ruano","theme":"eczane","lab":1},"geometry":{"type":"Point","coordinates":[-3.80242,40.27543]}},{"type":"Feature","properties":{"id":"ih-eczane-136","kind":"poi","name":"Farmacia del Niño Jesús","theme":"eczane","lab":1},"geometry":{"type":"Point","coordinates":[-3.67734,40.41543]}},{"type":"Feature","properties":{"id":"ih-eczane-137","kind":"poi","name":"Farmacia Millán Chamizo","theme":"eczane","lab":1},"geometry":{"type":"Point","coordinates":[-3.67684,40.41712]}},{"type":"Feature","properties":{"id":"ih-eczane-138","kind":"poi","name":"Farmacia Pancorbo Pérez","theme":"eczane","lab":1},"geometry":{"type":"Point","coordinates":[-3.67083,40.41679]}},{"type":"Feature","properties":{"id":"ih-eczane-139","kind":"poi","name":"Farmacia Isabel Suena Meco","theme":"eczane","lab":1},"geometry":{"type":"Point","coordinates":[-3.53795,40.36692]}},{"type":"Feature","properties":{"id":"ih-eczane-140","kind":"poi","name":"Farmacia Siglo XXI","theme":"eczane","lab":1},"geometry":{"type":"Point","coordinates":[-3.89251,40.40542]}},{"type":"Feature","properties":{"id":"ih-eczane-141","kind":"poi","name":"La Cigüeña","theme":"eczane","lab":1},"geometry":{"type":"Point","coordinates":[-3.87529,40.49134]}},{"type":"Feature","properties":{"id":"ih-eczane-142","kind":"poi","name":"Farmacia Ongil","theme":"eczane","lab":1},"geometry":{"type":"Point","coordinates":[-3.7206,40.46496]}},{"type":"Feature","properties":{"id":"ih-eczane-143","kind":"poi","name":"Farmacia Besos Cano, Patricia","theme":"eczane","lab":1},"geometry":{"type":"Point","coordinates":[-3.76435,40.39529]}},{"type":"Feature","properties":{"id":"ih-eczane-144","kind":"poi","name":"Farmacia Lleno Martínez","theme":"eczane","lab":1},"geometry":{"type":"Point","coordinates":[-3.78591,40.29245]}},{"type":"Feature","properties":{"id":"ih-eczane-145","kind":"poi","name":"Farmacia Romero Fernández","theme":"eczane","lab":1},"geometry":{"type":"Point","coordinates":[-3.53094,40.42076]}},{"type":"Feature","properties":{"id":"ih-eczane-146","kind":"poi","name":"Farmacia López Honduvilla","theme":"eczane","lab":1},"geometry":{"type":"Point","coordinates":[-3.53703,40.42738]}},{"type":"Feature","properties":{"id":"ih-eczane-147","kind":"poi","name":"Farmacia Torre Salvador","theme":"eczane","lab":1},"geometry":{"type":"Point","coordinates":[-3.52894,40.42855]}},{"type":"Feature","properties":{"id":"ih-eczane-148","kind":"poi","name":"Farmacia Almarcha López","theme":"eczane","lab":1},"geometry":{"type":"Point","coordinates":[-3.52627,40.4195]}},{"type":"Feature","properties":{"id":"ih-eczane-149","kind":"poi","name":"Farmacia del C.C. Zoco Rozas","theme":"eczane","lab":1},"geometry":{"type":"Point","coordinates":[-3.923,40.51803]}},{"type":"Feature","properties":{"id":"ih-eczane-150","kind":"poi","name":"Farmacia Guerrero Fernández","theme":"eczane","lab":1},"geometry":{"type":"Point","coordinates":[-3.6757,40.4444]}},{"type":"Feature","properties":{"id":"ih-eczane-151","kind":"poi","name":"La Valvanera","theme":"eczane","lab":1},"geometry":{"type":"Point","coordinates":[-3.74251,40.39455]}},{"type":"Feature","properties":{"id":"ih-eczane-152","kind":"poi","name":"Farmacia Yagüe Miguel","theme":"eczane","lab":1},"geometry":{"type":"Point","coordinates":[-3.52475,40.42134]}},{"type":"Feature","properties":{"id":"ih-eczane-153","kind":"poi","name":"Farmacia Vicente Sánchez Madrid","theme":"eczane","lab":1},"geometry":{"type":"Point","coordinates":[-3.8096,40.29327]}},{"type":"Feature","properties":{"id":"ih-eczane-154","kind":"poi","name":"Farmacia MundoSalud","theme":"eczane","lab":1},"geometry":{"type":"Point","coordinates":[-3.64477,40.54352]}},{"type":"Feature","properties":{"id":"ih-eczane-155","kind":"poi","name":"Farmacia Conde Mayalde","theme":"eczane","lab":1},"geometry":{"type":"Point","coordinates":[-3.65353,40.49158]}},{"type":"Feature","properties":{"id":"ih-eczane-156","kind":"poi","name":"Farmacia Larrea y Barona","theme":"eczane","lab":1},"geometry":{"type":"Point","coordinates":[-3.67633,40.40802]}},{"type":"Feature","properties":{"id":"ih-eczane-157","kind":"poi","name":"Farmacia Loureda Lopez Maria Del Carmen","theme":"eczane","lab":1},"geometry":{"type":"Point","coordinates":[-3.70134,40.42613]}},{"type":"Feature","properties":{"id":"ih-eczane-158","kind":"poi","name":"Farmacia De la Peña","theme":"eczane","lab":1},"geometry":{"type":"Point","coordinates":[-3.58144,40.47186]}},{"type":"Feature","properties":{"id":"ih-eczane-159","kind":"poi","name":"Farmacia de la Fe","theme":"eczane","lab":1},"geometry":{"type":"Point","coordinates":[-3.69984,40.40891]}},{"type":"Feature","properties":{"id":"ih-eczane-160","kind":"poi","name":"Farmacia Sánchez Brunete","theme":"eczane","lab":1},"geometry":{"type":"Point","coordinates":[-3.66971,40.40946]}},{"type":"Feature","properties":{"id":"ih-eczane-161","kind":"poi","name":"Farmacia Villaamil","theme":"eczane","lab":1},"geometry":{"type":"Point","coordinates":[-3.70797,40.46189]}},{"type":"Feature","properties":{"id":"ih-eczane-162","kind":"poi","name":"Licenciada Raquel Garrido Quijada","theme":"eczane","lab":1},"geometry":{"type":"Point","coordinates":[-3.71144,40.3915]}},{"type":"Feature","properties":{"id":"ih-eczane-163","kind":"poi","name":"Farmacia Coímbra","theme":"eczane","lab":1},"geometry":{"type":"Point","coordinates":[-3.92679,40.30552]}},{"type":"Feature","properties":{"id":"ih-eczane-164","kind":"poi","name":"Farmarosa","theme":"eczane","lab":1},"geometry":{"type":"Point","coordinates":[-3.71415,40.43606]}},{"type":"Feature","properties":{"id":"ih-eczane-165","kind":"poi","name":"Farmacia María Luisa Márquez Arjona","theme":"eczane","lab":1},"geometry":{"type":"Point","coordinates":[-3.66442,40.41652]}},{"type":"Feature","properties":{"id":"ih-eczane-166","kind":"poi","name":"Galenos","theme":"eczane","lab":1},"geometry":{"type":"Point","coordinates":[-3.67593,40.4274]}},{"type":"Feature","properties":{"id":"ih-eczane-167","kind":"poi","name":"Farmacia Buzo Sánchez","theme":"eczane","lab":1},"geometry":{"type":"Point","coordinates":[-3.83728,40.29325]}},{"type":"Feature","properties":{"id":"ih-eczane-168","kind":"poi","name":"Farmacia Sonia Rocha Romero","theme":"eczane","lab":1},"geometry":{"type":"Point","coordinates":[-3.79737,40.29193]}},{"type":"Feature","properties":{"id":"ih-eczane-169","kind":"poi","name":"C. Pedraza Hernando","theme":"eczane","lab":1},"geometry":{"type":"Point","coordinates":[-3.65767,40.40743]}},{"type":"Feature","properties":{"id":"ih-market-0","kind":"poi","name":"ALDI","theme":"market","lab":1},"geometry":{"type":"Point","coordinates":[-3.83685,40.32935]}},{"type":"Feature","properties":{"id":"ih-market-1","kind":"poi","name":"Lidl","theme":"market","lab":1},"geometry":{"type":"Point","coordinates":[-3.58335,40.44576]}},{"type":"Feature","properties":{"id":"ih-market-2","kind":"poi","name":"Mercado de la Cebada","theme":"market","lab":1},"geometry":{"type":"Point","coordinates":[-3.70985,40.41109]}},{"type":"Feature","properties":{"id":"ih-market-3","kind":"poi","name":"Mercado de Ibiza","theme":"market","lab":1},"geometry":{"type":"Point","coordinates":[-3.67746,40.41802]}},{"type":"Feature","properties":{"id":"ih-market-4","kind":"poi","name":"Alcampo","theme":"market","lab":1},"geometry":{"type":"Point","coordinates":[-3.70689,40.48035]}},{"type":"Feature","properties":{"id":"ih-market-5","kind":"poi","name":"Dia","theme":"market","lab":1},"geometry":{"type":"Point","coordinates":[-3.69029,40.48543]}},{"type":"Feature","properties":{"id":"ih-market-6","kind":"poi","name":"Food Basics","theme":"market","lab":1},"geometry":{"type":"Point","coordinates":[-3.68775,40.48511]}},{"type":"Feature","properties":{"id":"ih-market-7","kind":"poi","name":"Mercadona","theme":"market","lab":1},"geometry":{"type":"Point","coordinates":[-3.69688,40.40283]}},{"type":"Feature","properties":{"id":"ih-market-8","kind":"poi","name":"La Plaza de DIA","theme":"market","lab":1},"geometry":{"type":"Point","coordinates":[-3.80629,40.4343]}},{"type":"Feature","properties":{"id":"ih-market-9","kind":"poi","name":"Hipercor","theme":"market","lab":1},"geometry":{"type":"Point","coordinates":[-3.61782,40.4564]}},{"type":"Feature","properties":{"id":"ih-market-10","kind":"poi","name":"Supersol","theme":"market","lab":1},"geometry":{"type":"Point","coordinates":[-3.79829,40.43396]}},{"type":"Feature","properties":{"id":"ih-market-11","kind":"poi","name":"Carrefour","theme":"market","lab":1},"geometry":{"type":"Point","coordinates":[-3.76431,40.38638]}},{"type":"Feature","properties":{"id":"ih-market-12","kind":"poi","name":"Ahorramás","theme":"market","lab":1},"geometry":{"type":"Point","coordinates":[-3.67583,40.50654]}},{"type":"Feature","properties":{"id":"ih-market-13","kind":"poi","name":"Primaprix","theme":"market","lab":1},"geometry":{"type":"Point","coordinates":[-3.69585,40.39486]}},{"type":"Feature","properties":{"id":"ih-market-14","kind":"poi","name":"Caprabo","theme":"market","lab":1},"geometry":{"type":"Point","coordinates":[-3.64514,40.50869]}},{"type":"Feature","properties":{"id":"ih-market-15","kind":"poi","name":"Carrefour Market","theme":"market","lab":1},"geometry":{"type":"Point","coordinates":[-3.71343,40.44278]}},{"type":"Feature","properties":{"id":"ih-market-16","kind":"poi","name":"Hiper Usera","theme":"market","lab":1},"geometry":{"type":"Point","coordinates":[-3.70828,40.45279]}},{"type":"Feature","properties":{"id":"ih-market-17","kind":"poi","name":"Condis","theme":"market","lab":1},"geometry":{"type":"Point","coordinates":[-3.67633,40.44882]}},{"type":"Feature","properties":{"id":"ih-market-18","kind":"poi","name":"Eroski","theme":"market","lab":1},"geometry":{"type":"Point","coordinates":[-3.87287,40.31668]}},{"type":"Feature","properties":{"id":"ih-market-19","kind":"poi","name":"Simply Market","theme":"market","lab":1},"geometry":{"type":"Point","coordinates":[-3.77008,40.33104]}},{"type":"Feature","properties":{"id":"ih-market-20","kind":"poi","name":"Supercor","theme":"market","lab":1},"geometry":{"type":"Point","coordinates":[-3.66859,40.44486]}},{"type":"Feature","properties":{"id":"ih-market-21","kind":"poi","name":"Unide","theme":"market","lab":1},"geometry":{"type":"Point","coordinates":[-3.66486,40.44629]}},{"type":"Feature","properties":{"id":"ih-market-22","kind":"poi","name":"Sánchez Romero","theme":"market","lab":1},"geometry":{"type":"Point","coordinates":[-3.66644,40.44588]}},{"type":"Feature","properties":{"id":"ih-market-23","kind":"poi","name":"Dia Market","theme":"market","lab":1},"geometry":{"type":"Point","coordinates":[-3.71434,40.43682]}},{"type":"Feature","properties":{"id":"ih-market-24","kind":"poi","name":"Cash Ecofamilia","theme":"market","lab":1},"geometry":{"type":"Point","coordinates":[-3.86687,40.32898]}},{"type":"Feature","properties":{"id":"ih-market-25","kind":"poi","name":"Supermercados Alcampo","theme":"market","lab":1},"geometry":{"type":"Point","coordinates":[-3.85305,40.31967]}},{"type":"Feature","properties":{"id":"ih-market-26","kind":"poi","name":"Covirán","theme":"market","lab":1},"geometry":{"type":"Point","coordinates":[-3.68977,40.35785]}},{"type":"Feature","properties":{"id":"ih-market-27","kind":"poi","name":"Suma","theme":"market","lab":1},"geometry":{"type":"Point","coordinates":[-3.71963,40.47067]}},{"type":"Feature","properties":{"id":"ih-market-28","kind":"poi","name":"Supermercado Suma","theme":"market","lab":1},"geometry":{"type":"Point","coordinates":[-3.53814,40.36706]}},{"type":"Feature","properties":{"id":"ih-market-29","kind":"poi","name":"Gama","theme":"market","lab":1},"geometry":{"type":"Point","coordinates":[-3.92918,40.57628]}},{"type":"Feature","properties":{"id":"ih-market-30","kind":"poi","name":"Carrefour Express","theme":"market","lab":1},"geometry":{"type":"Point","coordinates":[-3.70018,40.48681]}},{"type":"Feature","properties":{"id":"ih-market-31","kind":"poi","name":"La Despensa","theme":"market","lab":1},"geometry":{"type":"Point","coordinates":[-3.71217,40.40478]}},{"type":"Feature","properties":{"id":"ih-market-32","kind":"poi","name":"BM","theme":"market","lab":1},"geometry":{"type":"Point","coordinates":[-3.58066,40.47001]}},{"type":"Feature","properties":{"id":"ih-market-33","kind":"poi","name":"Froiz","theme":"market","lab":1},"geometry":{"type":"Point","coordinates":[-3.69317,40.45956]}},{"type":"Feature","properties":{"id":"ih-market-34","kind":"poi","name":"Maxi Dia","theme":"market","lab":1},"geometry":{"type":"Point","coordinates":[-3.71365,40.41084]}},{"type":"Feature","properties":{"id":"ih-market-35","kind":"poi","name":"Game","theme":"market","lab":1},"geometry":{"type":"Point","coordinates":[-3.87089,40.49222]}},{"type":"Feature","properties":{"id":"ih-market-36","kind":"poi","name":"Eroski City","theme":"market","lab":1},"geometry":{"type":"Point","coordinates":[-3.64755,40.43241]}},{"type":"Feature","properties":{"id":"ih-market-37","kind":"poi","name":"Mi Alcampo","theme":"market","lab":1},"geometry":{"type":"Point","coordinates":[-3.65451,40.49222]}},{"type":"Feature","properties":{"id":"ih-market-38","kind":"poi","name":"El Súper de los Pastores","theme":"market","lab":1},"geometry":{"type":"Point","coordinates":[-3.69799,40.43947]}},{"type":"Feature","properties":{"id":"ih-market-39","kind":"poi","name":"Carrefour Bio","theme":"market","lab":1},"geometry":{"type":"Point","coordinates":[-3.70176,40.42663]}},{"type":"Feature","properties":{"id":"ih-market-40","kind":"poi","name":"Alimentación FF 43","theme":"market","lab":1},"geometry":{"type":"Point","coordinates":[-3.69705,40.46699]}},{"type":"Feature","properties":{"id":"ih-market-41","kind":"poi","name":"Alimentación Frutos Secos","theme":"market","lab":1},"geometry":{"type":"Point","coordinates":[-3.7007,40.4683]}},{"type":"Feature","properties":{"id":"ih-market-42","kind":"poi","name":"Bio C' Bon","theme":"market","lab":1},"geometry":{"type":"Point","coordinates":[-3.67867,40.42152]}},{"type":"Feature","properties":{"id":"ih-market-43","kind":"poi","name":"Veritas","theme":"market","lab":1},"geometry":{"type":"Point","coordinates":[-3.6973,40.42178]}},{"type":"Feature","properties":{"id":"ih-market-44","kind":"poi","name":"Uni-Mas Alimentación","theme":"market","lab":1},"geometry":{"type":"Point","coordinates":[-3.68613,40.36637]}},{"type":"Feature","properties":{"id":"ih-market-45","kind":"poi","name":"La Alacena","theme":"market","lab":1},"geometry":{"type":"Point","coordinates":[-3.50422,40.56849]}},{"type":"Feature","properties":{"id":"ih-market-46","kind":"poi","name":"Alimentacion Pozas","theme":"market","lab":1},"geometry":{"type":"Point","coordinates":[-3.53177,40.50529]}},{"type":"Feature","properties":{"id":"ih-market-47","kind":"poi","name":"Supercor Express","theme":"market","lab":1},"geometry":{"type":"Point","coordinates":[-3.6641,40.4183]}},{"type":"Feature","properties":{"id":"ih-market-48","kind":"poi","name":"Supermercados Plaza","theme":"market","lab":1},"geometry":{"type":"Point","coordinates":[-3.53406,40.36068]}},{"type":"Feature","properties":{"id":"ih-market-49","kind":"poi","name":"La Osa","theme":"market","lab":1},"geometry":{"type":"Point","coordinates":[-3.69829,40.47101]}},{"type":"Feature","properties":{"id":"ih-market-50","kind":"poi","name":"Ahorramas","theme":"market","lab":1},"geometry":{"type":"Point","coordinates":[-3.61607,40.40774]}},{"type":"Feature","properties":{"id":"ih-market-51","kind":"poi","name":"Supeco","theme":"market","lab":1},"geometry":{"type":"Point","coordinates":[-3.55147,40.42808]}},{"type":"Feature","properties":{"id":"ih-market-52","kind":"poi","name":"Naturasi","theme":"market","lab":1},"geometry":{"type":"Point","coordinates":[-3.68934,40.45469]}},{"type":"Feature","properties":{"id":"ih-market-53","kind":"poi","name":"Supernormal","theme":"market","lab":1},"geometry":{"type":"Point","coordinates":[-3.69726,40.43224]}},{"type":"Feature","properties":{"id":"ih-market-54","kind":"poi","name":"Herbolario Navarro","theme":"market","lab":1},"geometry":{"type":"Point","coordinates":[-3.70334,40.43169]}},{"type":"Feature","properties":{"id":"ih-market-55","kind":"poi","name":"Hiper Simply","theme":"market","lab":1},"geometry":{"type":"Point","coordinates":[-3.77681,40.35996]}},{"type":"Feature","properties":{"id":"ih-market-56","kind":"poi","name":"E.Leclerc","theme":"market","lab":1},"geometry":{"type":"Point","coordinates":[-3.84915,40.47441]}},{"type":"Feature","properties":{"id":"ih-market-57","kind":"poi","name":"Mercado Municipal Alto de Extremadura","theme":"market","lab":1},"geometry":{"type":"Point","coordinates":[-3.73536,40.40797]}},{"type":"Feature","properties":{"id":"ih-market-58","kind":"poi","name":"Cash Mayorista HiperUsera","theme":"market","lab":1},"geometry":{"type":"Point","coordinates":[-3.64701,40.37152]}},{"type":"Feature","properties":{"id":"ih-market-59","kind":"poi","name":"Hiper Usera Cash","theme":"market","lab":1},"geometry":{"type":"Point","coordinates":[-3.875,40.45889]}},{"type":"Feature","properties":{"id":"ih-market-60","kind":"poi","name":"Unide Market Villafranca del Castillo","theme":"market","lab":1},"geometry":{"type":"Point","coordinates":[-3.94865,40.4658]}},{"type":"Feature","properties":{"id":"ih-market-61","kind":"poi","name":"Frutería","theme":"market","lab":1},"geometry":{"type":"Point","coordinates":[-3.68986,40.48739]}},{"type":"Feature","properties":{"id":"ih-market-62","kind":"poi","name":"M-KOR","theme":"market","lab":1},"geometry":{"type":"Point","coordinates":[-3.6888,40.4864]}},{"type":"Feature","properties":{"id":"ih-market-63","kind":"poi","name":"Molinaseca","theme":"market","lab":1},"geometry":{"type":"Point","coordinates":[-3.80533,40.43375]}},{"type":"Feature","properties":{"id":"ih-market-64","kind":"poi","name":"Supermercado Las Lomas","theme":"market","lab":1},"geometry":{"type":"Point","coordinates":[-3.89965,40.44031]}},{"type":"Feature","properties":{"id":"ih-market-65","kind":"poi","name":"Supermercados Barreiros","theme":"market","lab":1},"geometry":{"type":"Point","coordinates":[-3.64385,40.47712]}},{"type":"Feature","properties":{"id":"ih-market-66","kind":"poi","name":"Mundoprecio","theme":"market","lab":1},"geometry":{"type":"Point","coordinates":[-3.83034,40.34338]}},{"type":"Feature","properties":{"id":"ih-market-67","kind":"poi","name":"Casa Elías","theme":"market","lab":1},"geometry":{"type":"Point","coordinates":[-3.60411,40.39904]}},{"type":"Feature","properties":{"id":"ih-market-68","kind":"poi","name":"Supermercado Montepinos","theme":"market","lab":1},"geometry":{"type":"Point","coordinates":[-3.71383,40.40331]}},{"type":"Feature","properties":{"id":"ih-market-69","kind":"poi","name":"Robin&Co Food Market","theme":"market","lab":1},"geometry":{"type":"Point","coordinates":[-3.71084,40.43163]}},{"type":"Feature","properties":{"id":"ih-market-70","kind":"poi","name":"Galerías El Pinar","theme":"market","lab":1},"geometry":{"type":"Point","coordinates":[-3.65001,40.47088]}},{"type":"Feature","properties":{"id":"ih-market-71","kind":"poi","name":"El Mercadito","theme":"market","lab":1},"geometry":{"type":"Point","coordinates":[-3.79031,40.28391]}},{"type":"Feature","properties":{"id":"ih-market-72","kind":"poi","name":"Galería de Alimentación Fuenlabrada","theme":"market","lab":1},"geometry":{"type":"Point","coordinates":[-3.79249,40.28748]}},{"type":"Feature","properties":{"id":"ih-market-73","kind":"poi","name":"Supermercados BM","theme":"market","lab":1},"geometry":{"type":"Point","coordinates":[-3.7231,40.46817]}},{"type":"Feature","properties":{"id":"ih-market-74","kind":"poi","name":"Galería Pryconsa","theme":"market","lab":1},"geometry":{"type":"Point","coordinates":[-3.78459,40.29306]}},{"type":"Feature","properties":{"id":"ih-market-75","kind":"poi","name":"Udaco","theme":"market","lab":1},"geometry":{"type":"Point","coordinates":[-3.69944,40.47637]}},{"type":"Feature","properties":{"id":"ih-market-76","kind":"poi","name":"Mercadito Piovera","theme":"market","lab":1},"geometry":{"type":"Point","coordinates":[-3.61519,40.45326]}},{"type":"Feature","properties":{"id":"ih-market-77","kind":"poi","name":"El Sabroso","theme":"market","lab":1},"geometry":{"type":"Point","coordinates":[-3.67525,40.44432]}},{"type":"Feature","properties":{"id":"ih-market-78","kind":"poi","name":"Galería de Alimentación Villaviciosa","theme":"market","lab":1},"geometry":{"type":"Point","coordinates":[-3.7711,40.39737]}},{"type":"Feature","properties":{"id":"ih-market-79","kind":"poi","name":"Tiyoweh ecotienda","theme":"market","lab":1},"geometry":{"type":"Point","coordinates":[-3.69494,40.41122]}},{"type":"Feature","properties":{"id":"ih-market-80","kind":"poi","name":"Tafsin","theme":"market","lab":1},"geometry":{"type":"Point","coordinates":[-3.71294,40.34501]}},{"type":"Feature","properties":{"id":"ih-market-81","kind":"poi","name":"Alimentación - Bazar","theme":"market","lab":1},"geometry":{"type":"Point","coordinates":[-3.713,40.34493]}},{"type":"Feature","properties":{"id":"ih-market-82","kind":"poi","name":"Unide Market","theme":"market","lab":1},"geometry":{"type":"Point","coordinates":[-3.71758,40.48167]}},{"type":"Feature","properties":{"id":"ih-market-83","kind":"poi","name":"Autoservicio mayorista Multiprecio","theme":"market","lab":1},"geometry":{"type":"Point","coordinates":[-3.757,40.27323]}},{"type":"Feature","properties":{"id":"ih-market-84","kind":"poi","name":"Soria","theme":"market","lab":1},"geometry":{"type":"Point","coordinates":[-3.71382,40.38258]}},{"type":"Feature","properties":{"id":"ih-market-85","kind":"poi","name":"Hiber","theme":"market","lab":1},"geometry":{"type":"Point","coordinates":[-3.72133,40.48363]}},{"type":"Feature","properties":{"id":"ih-market-86","kind":"poi","name":"EcoMóstoles Centro","theme":"market","lab":1},"geometry":{"type":"Point","coordinates":[-3.85374,40.32582]}},{"type":"Feature","properties":{"id":"ih-market-87","kind":"poi","name":"Oriental Delicatessen","theme":"market","lab":1},"geometry":{"type":"Point","coordinates":[-3.70392,40.38615]}},{"type":"Feature","properties":{"id":"ih-market-88","kind":"poi","name":"Naturhouse","theme":"market","lab":1},"geometry":{"type":"Point","coordinates":[-3.67347,40.45874]}},{"type":"Feature","properties":{"id":"ih-market-89","kind":"poi","name":"PrimaPix","theme":"market","lab":1},"geometry":{"type":"Point","coordinates":[-3.70617,40.45671]}},{"type":"Feature","properties":{"id":"ih-market-90","kind":"poi","name":"Autoservicio","theme":"market","lab":1},"geometry":{"type":"Point","coordinates":[-3.78911,40.28859]}},{"type":"Feature","properties":{"id":"ih-market-91","kind":"poi","name":"Galería de Alimentación","theme":"market","lab":1},"geometry":{"type":"Point","coordinates":[-3.79093,40.28412]}},{"type":"Feature","properties":{"id":"ih-market-92","kind":"poi","name":"Mercado Belén","theme":"market","lab":1},"geometry":{"type":"Point","coordinates":[-3.80068,40.28666]}},{"type":"Feature","properties":{"id":"ih-market-93","kind":"poi","name":"Merkaolimpo","theme":"market","lab":1},"geometry":{"type":"Point","coordinates":[-3.8048,40.28188]}},{"type":"Feature","properties":{"id":"ih-market-94","kind":"poi","name":"Herbolario Paraíso","theme":"market","lab":1},"geometry":{"type":"Point","coordinates":[-3.80785,40.28171]}},{"type":"Feature","properties":{"id":"ih-market-95","kind":"poi","name":"Super Internacional","theme":"market","lab":1},"geometry":{"type":"Point","coordinates":[-3.70426,40.42551]}},{"type":"Feature","properties":{"id":"ih-market-96","kind":"poi","name":"Open25","theme":"market","lab":1},"geometry":{"type":"Point","coordinates":[-3.69259,40.45675]}},{"type":"Feature","properties":{"id":"ih-market-97","kind":"poi","name":"Joyland","theme":"market","lab":1},"geometry":{"type":"Point","coordinates":[-3.87865,40.313]}},{"type":"Feature","properties":{"id":"ih-market-98","kind":"poi","name":"Cash Gymar autoservicio mayorista","theme":"market","lab":1},"geometry":{"type":"Point","coordinates":[-3.81714,40.26306]}},{"type":"Feature","properties":{"id":"ih-market-99","kind":"poi","name":"Super Dia","theme":"market","lab":1},"geometry":{"type":"Point","coordinates":[-3.64172,40.43035]}},{"type":"Feature","properties":{"id":"ih-market-100","kind":"poi","name":"Fass","theme":"market","lab":1},"geometry":{"type":"Point","coordinates":[-3.67854,40.45123]}},{"type":"Feature","properties":{"id":"ih-market-101","kind":"poi","name":"Supermercado La Paloma","theme":"market","lab":1},"geometry":{"type":"Point","coordinates":[-3.68197,40.46439]}},{"type":"Feature","properties":{"id":"ih-market-102","kind":"poi","name":"Los Castellanos","theme":"market","lab":1},"geometry":{"type":"Point","coordinates":[-3.92846,40.51998]}},{"type":"Feature","properties":{"id":"ih-market-103","kind":"poi","name":"Manjar de la Despensa","theme":"market","lab":1},"geometry":{"type":"Point","coordinates":[-3.64871,40.55361]}},{"type":"Feature","properties":{"id":"ih-market-104","kind":"poi","name":"Sánchez Romero Supermercados","theme":"market","lab":1},"geometry":{"type":"Point","coordinates":[-3.68881,40.46178]}},{"type":"Feature","properties":{"id":"ih-market-105","kind":"poi","name":"Carnicería alimentación Halal Real","theme":"market","lab":1},"geometry":{"type":"Point","coordinates":[-3.87268,40.47193]}},{"type":"Feature","properties":{"id":"ih-market-106","kind":"poi","name":"Martín Martín","theme":"market","lab":1},"geometry":{"type":"Point","coordinates":[-3.69689,40.4638]}},{"type":"Feature","properties":{"id":"ih-market-107","kind":"poi","name":"San-San Store","theme":"market","lab":1},"geometry":{"type":"Point","coordinates":[-3.70022,40.46806]}},{"type":"Feature","properties":{"id":"ih-market-108","kind":"poi","name":"Mercado de Santa Eugenia","theme":"market","lab":1},"geometry":{"type":"Point","coordinates":[-3.60705,40.38127]}},{"type":"Feature","properties":{"id":"ih-market-109","kind":"poi","name":"Asociación Gali","theme":"market","lab":1},"geometry":{"type":"Point","coordinates":[-3.73699,40.30411]}},{"type":"Feature","properties":{"id":"ih-market-110","kind":"poi","name":"Galería Lope de Vega","theme":"market","lab":1},"geometry":{"type":"Point","coordinates":[-3.7363,40.30512]}},{"type":"Feature","properties":{"id":"ih-market-111","kind":"poi","name":"Market Press","theme":"market","lab":1},"geometry":{"type":"Point","coordinates":[-3.7729,40.33756]}},{"type":"Feature","properties":{"id":"ih-market-112","kind":"poi","name":"Nª Sra de Butarque","theme":"market","lab":1},"geometry":{"type":"Point","coordinates":[-3.76562,40.32977]}},{"type":"Feature","properties":{"id":"ih-market-113","kind":"poi","name":"Herbashop","theme":"market","lab":1},"geometry":{"type":"Point","coordinates":[-3.65467,40.43214]}},{"type":"Feature","properties":{"id":"ih-market-114","kind":"poi","name":"Autoservicio Gama","theme":"market","lab":1},"geometry":{"type":"Point","coordinates":[-3.69445,40.46316]}},{"type":"Feature","properties":{"id":"ih-market-115","kind":"poi","name":"Dulce Impresión Tienda","theme":"market","lab":1},"geometry":{"type":"Point","coordinates":[-3.64927,40.4317]}},{"type":"Feature","properties":{"id":"ih-market-116","kind":"poi","name":"BM supermercados","theme":"market","lab":1},"geometry":{"type":"Point","coordinates":[-3.71139,40.43705]}},{"type":"Feature","properties":{"id":"ih-market-117","kind":"poi","name":"Ya","theme":"market","lab":1},"geometry":{"type":"Point","coordinates":[-3.70293,40.41254]}},{"type":"Feature","properties":{"id":"ih-market-118","kind":"poi","name":"Sqrups!","theme":"market","lab":1},"geometry":{"type":"Point","coordinates":[-3.66269,40.39476]}},{"type":"Feature","properties":{"id":"ih-market-119","kind":"poi","name":"Open 25","theme":"market","lab":1},"geometry":{"type":"Point","coordinates":[-3.69958,40.43829]}},{"type":"Feature","properties":{"id":"ih-market-120","kind":"poi","name":"Hiper","theme":"market","lab":1},"geometry":{"type":"Point","coordinates":[-3.71058,40.38287]}},{"type":"Feature","properties":{"id":"ih-market-121","kind":"poi","name":"Frutas Pedro","theme":"market","lab":1},"geometry":{"type":"Point","coordinates":[-3.64724,40.41115]}},{"type":"Feature","properties":{"id":"ih-market-122","kind":"poi","name":"Supermercado Amana","theme":"market","lab":1},"geometry":{"type":"Point","coordinates":[-3.65654,40.43801]}},{"type":"Feature","properties":{"id":"ih-market-123","kind":"poi","name":"La Jaula","theme":"market","lab":1},"geometry":{"type":"Point","coordinates":[-3.71035,40.34639]}},{"type":"Feature","properties":{"id":"ih-market-124","kind":"poi","name":"Otoño","theme":"market","lab":1},"geometry":{"type":"Point","coordinates":[-3.81794,40.43722]}},{"type":"Feature","properties":{"id":"ih-market-125","kind":"poi","name":"Congelados La Sirena","theme":"market","lab":1},"geometry":{"type":"Point","coordinates":[-3.71731,40.4753]}},{"type":"Feature","properties":{"id":"ih-market-126","kind":"poi","name":"Oh! My Bio","theme":"market","lab":1},"geometry":{"type":"Point","coordinates":[-3.69978,40.422]}},{"type":"Feature","properties":{"id":"ih-market-127","kind":"poi","name":"Soria Natural","theme":"market","lab":1},"geometry":{"type":"Point","coordinates":[-3.83167,40.35625]}},{"type":"Feature","properties":{"id":"ih-market-128","kind":"poi","name":"Supermercados Colonia Jardín","theme":"market","lab":1},"geometry":{"type":"Point","coordinates":[-3.77474,40.39609]}},{"type":"Feature","properties":{"id":"ih-market-129","kind":"poi","name":"Labrandero","theme":"market","lab":1},"geometry":{"type":"Point","coordinates":[-3.8708,40.45372]}},{"type":"Feature","properties":{"id":"ih-market-130","kind":"poi","name":"Chino","theme":"market","lab":1},"geometry":{"type":"Point","coordinates":[-3.73473,40.30378]}},{"type":"Feature","properties":{"id":"ih-market-131","kind":"poi","name":"Chensi Hiperhogar","theme":"market","lab":1},"geometry":{"type":"Point","coordinates":[-3.87993,40.41031]}},{"type":"Feature","properties":{"id":"ih-market-132","kind":"poi","name":"Hiper Villaverde","theme":"market","lab":1},"geometry":{"type":"Point","coordinates":[-3.70681,40.34889]}},{"type":"Feature","properties":{"id":"ih-market-133","kind":"poi","name":"Bazar Chino","theme":"market","lab":1},"geometry":{"type":"Point","coordinates":[-3.65664,40.45202]}},{"type":"Feature","properties":{"id":"ih-market-134","kind":"poi","name":"Alimentacion","theme":"market","lab":1},"geometry":{"type":"Point","coordinates":[-3.72332,40.40579]}},{"type":"Feature","properties":{"id":"ih-market-135","kind":"poi","name":"trady's","theme":"market","lab":1},"geometry":{"type":"Point","coordinates":[-3.81637,40.43667]}},{"type":"Feature","properties":{"id":"ih-market-136","kind":"poi","name":"La Dalia","theme":"market","lab":1},"geometry":{"type":"Point","coordinates":[-3.53163,40.35513]}},{"type":"Feature","properties":{"id":"ih-market-137","kind":"poi","name":"La Candela","theme":"market","lab":1},"geometry":{"type":"Point","coordinates":[-3.87814,40.40657]}},{"type":"Feature","properties":{"id":"ih-market-138","kind":"poi","name":"Ecomax","theme":"market","lab":1},"geometry":{"type":"Point","coordinates":[-3.67408,40.49927]}},{"type":"Feature","properties":{"id":"ih-market-139","kind":"poi","name":"Galería de alimentación Fuengirola","theme":"market","lab":1},"geometry":{"type":"Point","coordinates":[-3.64176,40.38417]}},{"type":"Feature","properties":{"id":"ih-market-140","kind":"poi","name":"Plaza","theme":"market","lab":1},"geometry":{"type":"Point","coordinates":[-3.61801,40.43086]}},{"type":"Feature","properties":{"id":"ih-market-141","kind":"poi","name":"Biocentro La Canela","theme":"market","lab":1},"geometry":{"type":"Point","coordinates":[-3.7022,40.41627]}},{"type":"Feature","properties":{"id":"ih-market-142","kind":"poi","name":"El Santo Niño","theme":"market","lab":1},"geometry":{"type":"Point","coordinates":[-3.77163,40.33441]}},{"type":"Feature","properties":{"id":"ih-market-143","kind":"poi","name":"Intercor","theme":"market","lab":1},"geometry":{"type":"Point","coordinates":[-3.52179,40.34589]}},{"type":"Feature","properties":{"id":"ih-market-144","kind":"poi","name":"Besana","theme":"market","lab":1},"geometry":{"type":"Point","coordinates":[-3.52486,40.34378]}},{"type":"Feature","properties":{"id":"ih-market-145","kind":"poi","name":"Udaco Alimentación","theme":"market","lab":1},"geometry":{"type":"Point","coordinates":[-3.74674,40.40491]}},{"type":"Feature","properties":{"id":"ih-market-146","kind":"poi","name":"Supercoop","theme":"market","lab":1},"geometry":{"type":"Point","coordinates":[-3.70379,40.4077]}},{"type":"Feature","properties":{"id":"ih-market-147","kind":"poi","name":"Vicens - Turrones artesanos","theme":"market","lab":1},"geometry":{"type":"Point","coordinates":[-3.69437,40.4145]}},{"type":"Feature","properties":{"id":"ih-market-148","kind":"poi","name":"Un mundo a granel","theme":"market","lab":1},"geometry":{"type":"Point","coordinates":[-3.80264,40.44727]}},{"type":"Feature","properties":{"id":"ih-market-149","kind":"poi","name":"Mercadito","theme":"market","lab":1},"geometry":{"type":"Point","coordinates":[-3.69691,40.35621]}},{"type":"Feature","properties":{"id":"ih-market-150","kind":"poi","name":"Casabase","theme":"market","lab":1},"geometry":{"type":"Point","coordinates":[-3.68256,40.42599]}},{"type":"Feature","properties":{"id":"ih-market-151","kind":"poi","name":"Supermercado Gon Market","theme":"market","lab":1},"geometry":{"type":"Point","coordinates":[-3.73882,40.4031]}},{"type":"Feature","properties":{"id":"ih-market-152","kind":"poi","name":"Supermercado Gon Mar","theme":"market","lab":1},"geometry":{"type":"Point","coordinates":[-3.73881,40.40378]}},{"type":"Feature","properties":{"id":"ih-market-153","kind":"poi","name":"Supermercados Dia","theme":"market","lab":1},"geometry":{"type":"Point","coordinates":[-3.70564,40.46279]}},{"type":"Feature","properties":{"id":"ih-market-154","kind":"poi","name":"Unide Supermercados","theme":"market","lab":1},"geometry":{"type":"Point","coordinates":[-3.7537,40.3746]}},{"type":"Feature","properties":{"id":"ih-market-155","kind":"poi","name":"Hualian Market","theme":"market","lab":1},"geometry":{"type":"Point","coordinates":[-3.70985,40.42112]}},{"type":"Feature","properties":{"id":"ih-market-156","kind":"poi","name":"Abarrotes","theme":"market","lab":1},"geometry":{"type":"Point","coordinates":[-3.89479,40.55118]}},{"type":"Feature","properties":{"id":"ih-market-157","kind":"poi","name":"Frutas y verduras San Roque","theme":"market","lab":1},"geometry":{"type":"Point","coordinates":[-3.87077,40.47186]}},{"type":"Feature","properties":{"id":"ih-market-158","kind":"poi","name":"reStore 7","theme":"market","lab":1},"geometry":{"type":"Point","coordinates":[-3.70884,40.43364]}},{"type":"Feature","properties":{"id":"ih-market-159","kind":"poi","name":"Vallín","theme":"market","lab":1},"geometry":{"type":"Point","coordinates":[-3.75295,40.37899]}},{"type":"Feature","properties":{"id":"ih-market-160","kind":"poi","name":"Congelados Sirena","theme":"market","lab":1},"geometry":{"type":"Point","coordinates":[-3.76628,40.39537]}},{"type":"Feature","properties":{"id":"ih-market-161","kind":"poi","name":"Supermercado Oriental","theme":"market","lab":1},"geometry":{"type":"Point","coordinates":[-3.72139,40.4224]}},{"type":"Feature","properties":{"id":"ih-market-162","kind":"poi","name":"Alimentación","theme":"market","lab":1},"geometry":{"type":"Point","coordinates":[-3.87552,40.47234]}},{"type":"Feature","properties":{"id":"ih-market-163","kind":"poi","name":"La Nueva","theme":"market","lab":1},"geometry":{"type":"Point","coordinates":[-3.78311,40.45893]}},{"type":"Feature","properties":{"id":"ih-market-164","kind":"poi","name":"Casa Elias","theme":"market","lab":1},"geometry":{"type":"Point","coordinates":[-3.63156,40.40816]}},{"type":"Feature","properties":{"id":"ih-market-165","kind":"poi","name":"Supermercado Eroski","theme":"market","lab":1},"geometry":{"type":"Point","coordinates":[-3.64337,40.54333]}},{"type":"Feature","properties":{"id":"ih-market-166","kind":"poi","name":"Pepco","theme":"market","lab":1},"geometry":{"type":"Point","coordinates":[-3.70254,40.45486]}},{"type":"Feature","properties":{"id":"ih-market-167","kind":"poi","name":"Cash diplo","theme":"market","lab":1},"geometry":{"type":"Point","coordinates":[-3.74962,40.28135]}},{"type":"Feature","properties":{"id":"ih-market-168","kind":"poi","name":"Ecotienda Lairen","theme":"market","lab":1},"geometry":{"type":"Point","coordinates":[-3.74747,40.29194]}},{"type":"Feature","properties":{"id":"ih-market-169","kind":"poi","name":"Superdiplo","theme":"market","lab":1},"geometry":{"type":"Point","coordinates":[-3.75253,40.29858]}},{"type":"Feature","properties":{"id":"ih-yakit-0","kind":"poi","name":"Repsol","theme":"yakit","lab":1},"geometry":{"type":"Point","coordinates":[-3.56534,40.44907]}},{"type":"Feature","properties":{"id":"ih-yakit-1","kind":"poi","name":"Repsol AutoGas","theme":"yakit","lab":1},"geometry":{"type":"Point","coordinates":[-3.73298,40.39957]}},{"type":"Feature","properties":{"id":"ih-yakit-2","kind":"poi","name":"Galp","theme":"yakit","lab":1},"geometry":{"type":"Point","coordinates":[-3.74325,40.37357]}},{"type":"Feature","properties":{"id":"ih-yakit-3","kind":"poi","name":"BP","theme":"yakit","lab":1},"geometry":{"type":"Point","coordinates":[-3.69622,40.3588]}},{"type":"Feature","properties":{"id":"ih-yakit-4","kind":"poi","name":"Moeve","theme":"yakit","lab":1},"geometry":{"type":"Point","coordinates":[-3.64505,40.47375]}},{"type":"Feature","properties":{"id":"ih-yakit-5","kind":"poi","name":"Estación de Servicio Carrefour Rivas","theme":"yakit","lab":1},"geometry":{"type":"Point","coordinates":[-3.53684,40.33975]}},{"type":"Feature","properties":{"id":"ih-yakit-6","kind":"poi","name":"BP LA PRESA (S.F. HENARES)","theme":"yakit","lab":1},"geometry":{"type":"Point","coordinates":[-3.52892,40.43057]}},{"type":"Feature","properties":{"id":"ih-yakit-7","kind":"poi","name":"BP Torrelavega, 7","theme":"yakit","lab":1},"geometry":{"type":"Point","coordinates":[-3.52122,40.41269]}},{"type":"Feature","properties":{"id":"ih-yakit-8","kind":"poi","name":"Donaire Marina","theme":"yakit","lab":1},"geometry":{"type":"Point","coordinates":[-3.51042,40.59662]}},{"type":"Feature","properties":{"id":"ih-yakit-9","kind":"poi","name":"Shell","theme":"yakit","lab":1},"geometry":{"type":"Point","coordinates":[-3.68291,40.42491]}},{"type":"Feature","properties":{"id":"ih-yakit-10","kind":"poi","name":"Q8","theme":"yakit","lab":1},"geometry":{"type":"Point","coordinates":[-3.69374,40.4648]}},{"type":"Feature","properties":{"id":"ih-yakit-11","kind":"poi","name":"Puente Arce 4","theme":"yakit","lab":1},"geometry":{"type":"Point","coordinates":[-3.71053,40.56225]}},{"type":"Feature","properties":{"id":"ih-yakit-12","kind":"poi","name":"Moeve Los Robles","theme":"yakit","lab":1},"geometry":{"type":"Point","coordinates":[-3.70944,40.33914]}},{"type":"Feature","properties":{"id":"ih-yakit-13","kind":"poi","name":"Atenoil San Sebastián de los Reyes","theme":"yakit","lab":1},"geometry":{"type":"Point","coordinates":[-3.58357,40.59057]}},{"type":"Feature","properties":{"id":"ih-yakit-14","kind":"poi","name":"Estación de Servicio Moeve Unidad San Sebastián de los Reyes","theme":"yakit","lab":1},"geometry":{"type":"Point","coordinates":[-3.58218,40.59051]}},{"type":"Feature","properties":{"id":"ih-yakit-15","kind":"poi","name":"Ballenoil Pozuelo de Alarcón","theme":"yakit","lab":1},"geometry":{"type":"Point","coordinates":[-3.84064,40.44071]}},{"type":"Feature","properties":{"id":"ih-yakit-16","kind":"poi","name":"Gasolinera Alcampo Fuenlabrada","theme":"yakit","lab":1},"geometry":{"type":"Point","coordinates":[-3.83041,40.30194]}},{"type":"Feature","properties":{"id":"ih-yakit-17","kind":"poi","name":"Moeve Lisboa","theme":"yakit","lab":1},"geometry":{"type":"Point","coordinates":[-3.84078,40.34294]}},{"type":"Feature","properties":{"id":"ih-yakit-18","kind":"poi","name":"BP San Martín II","theme":"yakit","lab":1},"geometry":{"type":"Point","coordinates":[-3.83707,40.3571]}},{"type":"Feature","properties":{"id":"ih-yakit-19","kind":"poi","name":"E.S. SHELL POZUELO I GRANADOS (MG)","theme":"yakit","lab":1},"geometry":{"type":"Point","coordinates":[-3.81093,40.4563]}},{"type":"Feature","properties":{"id":"ih-yakit-20","kind":"poi","name":"E.S. SHELL POZUELO II FALLA (MP)","theme":"yakit","lab":1},"geometry":{"type":"Point","coordinates":[-3.81177,40.45559]}},{"type":"Feature","properties":{"id":"ih-yakit-21","kind":"poi","name":"BP Olímpica","theme":"yakit","lab":1},"geometry":{"type":"Point","coordinates":[-3.81421,40.3425]}},{"type":"Feature","properties":{"id":"ih-yakit-22","kind":"poi","name":"Estación de servicio Moeve","theme":"yakit","lab":1},"geometry":{"type":"Point","coordinates":[-3.85682,40.4511]}},{"type":"Feature","properties":{"id":"ih-yakit-23","kind":"poi","name":"Cerro de la Cabaña","theme":"yakit","lab":1},"geometry":{"type":"Point","coordinates":[-3.62537,40.391]}},{"type":"Feature","properties":{"id":"ih-yakit-24","kind":"poi","name":"Estación de Servicio Carrefour La Gavia","theme":"yakit","lab":1},"geometry":{"type":"Point","coordinates":[-3.60154,40.36886]}},{"type":"Feature","properties":{"id":"ih-yakit-25","kind":"poi","name":"BP San Martín I","theme":"yakit","lab":1},"geometry":{"type":"Point","coordinates":[-3.83741,40.35745]}},{"type":"Feature","properties":{"id":"ih-yakit-26","kind":"poi","name":"SuministroIC","theme":"yakit","lab":1},"geometry":{"type":"Point","coordinates":[-3.6783,40.44361]}},{"type":"Feature","properties":{"id":"ih-yakit-27","kind":"poi","name":"Cepsa","theme":"yakit","lab":1},"geometry":{"type":"Point","coordinates":[-3.55769,40.43542]}},{"type":"Feature","properties":{"id":"ih-yakit-28","kind":"poi","name":"BP Getafe","theme":"yakit","lab":1},"geometry":{"type":"Point","coordinates":[-3.74391,40.31727]}},{"type":"Feature","properties":{"id":"ih-yakit-29","kind":"poi","name":"E.S. Santa Marta","theme":"yakit","lab":1},"geometry":{"type":"Point","coordinates":[-3.65197,40.44697]}},{"type":"Feature","properties":{"id":"ih-yakit-30","kind":"poi","name":"Móstoles 2","theme":"yakit","lab":1},"geometry":{"type":"Point","coordinates":[-3.85428,40.33285]}},{"type":"Feature","properties":{"id":"ih-yakit-31","kind":"poi","name":"Estación de Servicio BP Nassica","theme":"yakit","lab":1},"geometry":{"type":"Point","coordinates":[-3.69522,40.26542]}},{"type":"Feature","properties":{"id":"ih-yakit-32","kind":"poi","name":"Estación de Servicio BP Cabañas (Margen Derecho)","theme":"yakit","lab":1},"geometry":{"type":"Point","coordinates":[-3.73926,40.30314]}},{"type":"Feature","properties":{"id":"ih-yakit-33","kind":"poi","name":"E.Leclerc","theme":"yakit","lab":1},"geometry":{"type":"Point","coordinates":[-3.73514,40.36356]}},{"type":"Feature","properties":{"id":"ih-yakit-34","kind":"poi","name":"Ballenoil","theme":"yakit","lab":1},"geometry":{"type":"Point","coordinates":[-3.71511,40.33615]}},{"type":"Feature","properties":{"id":"ih-yakit-35","kind":"poi","name":"Gasolinera Alcampo","theme":"yakit","lab":1},"geometry":{"type":"Point","coordinates":[-3.63886,40.53429]}},{"type":"Feature","properties":{"id":"ih-yakit-36","kind":"poi","name":"Gasolinera Costco","theme":"yakit","lab":1},"geometry":{"type":"Point","coordinates":[-3.68697,40.28291]}},{"type":"Feature","properties":{"id":"ih-yakit-37","kind":"poi","name":"Estación de Servicio Carrefour San Fernando","theme":"yakit","lab":1},"geometry":{"type":"Point","coordinates":[-3.52795,40.44939]}},{"type":"Feature","properties":{"id":"ih-yakit-38","kind":"poi","name":"Ballenoil Vallecas","theme":"yakit","lab":1},"geometry":{"type":"Point","coordinates":[-3.58458,40.36525]}},{"type":"Feature","properties":{"id":"ih-yakit-39","kind":"poi","name":"Galp Escarzano","theme":"yakit","lab":1},"geometry":{"type":"Point","coordinates":[-3.80099,40.4586]}},{"type":"Feature","properties":{"id":"ih-yakit-40","kind":"poi","name":"Naturgy","theme":"yakit","lab":1},"geometry":{"type":"Point","coordinates":[-3.64575,40.48482]}},{"type":"Feature","properties":{"id":"ih-yakit-41","kind":"poi","name":"Estación de Servicio Polvoranca","theme":"yakit","lab":1},"geometry":{"type":"Point","coordinates":[-3.81033,40.30623]}},{"type":"Feature","properties":{"id":"ih-yakit-42","kind":"poi","name":"Estación de Servicio Carrefour San Blas - Las Rosas","theme":"yakit","lab":1},"geometry":{"type":"Point","coordinates":[-3.61916,40.41602]}},{"type":"Feature","properties":{"id":"ih-yakit-43","kind":"poi","name":"Plenergy","theme":"yakit","lab":1},"geometry":{"type":"Point","coordinates":[-3.53173,40.43867]}},{"type":"Feature","properties":{"id":"ih-yakit-44","kind":"poi","name":"Aliara Energía","theme":"yakit","lab":1},"geometry":{"type":"Point","coordinates":[-3.78269,40.38312]}},{"type":"Feature","properties":{"id":"ih-yakit-45","kind":"poi","name":"Estación de Servicio Repsol Concordy","theme":"yakit","lab":1},"geometry":{"type":"Point","coordinates":[-3.80491,40.46556]}},{"type":"Feature","properties":{"id":"ih-yakit-46","kind":"poi","name":"Plenergy Madrid V","theme":"yakit","lab":1},"geometry":{"type":"Point","coordinates":[-3.63103,40.37729]}},{"type":"Feature","properties":{"id":"ih-yakit-47","kind":"poi","name":"Sánchez Romero Oil","theme":"yakit","lab":1},"geometry":{"type":"Point","coordinates":[-3.88146,40.44984]}},{"type":"Feature","properties":{"id":"ih-yakit-48","kind":"poi","name":"Supeco","theme":"yakit","lab":1},"geometry":{"type":"Point","coordinates":[-3.62766,40.38271]}},{"type":"Feature","properties":{"id":"ih-yakit-49","kind":"poi","name":"Ballenoil Fuenlabrada IV","theme":"yakit","lab":1},"geometry":{"type":"Point","coordinates":[-3.81898,40.29674]}},{"type":"Feature","properties":{"id":"ih-yakit-50","kind":"poi","name":"Plenergy Móstoles I","theme":"yakit","lab":1},"geometry":{"type":"Point","coordinates":[-3.84933,40.31684]}},{"type":"Feature","properties":{"id":"ih-yakit-51","kind":"poi","name":"Estación de Servicio BP Cabañas (Margen Izquierdo)","theme":"yakit","lab":1},"geometry":{"type":"Point","coordinates":[-3.73872,40.30314]}},{"type":"Feature","properties":{"id":"ih-yakit-52","kind":"poi","name":"Plenergy Leganés III","theme":"yakit","lab":1},"geometry":{"type":"Point","coordinates":[-3.73693,40.32884]}},{"type":"Feature","properties":{"id":"ih-yakit-53","kind":"poi","name":"Plenergy Leganés II","theme":"yakit","lab":1},"geometry":{"type":"Point","coordinates":[-3.7515,40.32351]}},{"type":"Feature","properties":{"id":"ih-yakit-54","kind":"poi","name":"Plenergy Leganés I","theme":"yakit","lab":1},"geometry":{"type":"Point","coordinates":[-3.77704,40.32723]}},{"type":"Feature","properties":{"id":"ih-yakit-55","kind":"poi","name":"Shell Express","theme":"yakit","lab":1},"geometry":{"type":"Point","coordinates":[-3.76173,40.29567]}},{"type":"Feature","properties":{"id":"ih-yakit-56","kind":"poi","name":"Plenergy Fuenlabrada III","theme":"yakit","lab":1},"geometry":{"type":"Point","coordinates":[-3.82357,40.29872]}},{"type":"Feature","properties":{"id":"ih-yakit-57","kind":"poi","name":"Petroprix","theme":"yakit","lab":1},"geometry":{"type":"Point","coordinates":[-3.76076,40.31524]}},{"type":"Feature","properties":{"id":"ih-yakit-58","kind":"poi","name":"Petroprix Alcobendas 2","theme":"yakit","lab":1},"geometry":{"type":"Point","coordinates":[-3.64997,40.5365]}},{"type":"Feature","properties":{"id":"ih-yakit-59","kind":"poi","name":"Estación de Servicio Carrefour Los Ángeles","theme":"yakit","lab":1},"geometry":{"type":"Point","coordinates":[-3.69121,40.36251]}},{"type":"Feature","properties":{"id":"ih-yakit-60","kind":"poi","name":"Estación de Servicio Virgisa","theme":"yakit","lab":1},"geometry":{"type":"Point","coordinates":[-3.72208,40.47601]}},{"type":"Feature","properties":{"id":"ih-yakit-61","kind":"poi","name":"bp Somosaguas","theme":"yakit","lab":1},"geometry":{"type":"Point","coordinates":[-3.78891,40.41388]}},{"type":"Feature","properties":{"id":"ih-yakit-62","kind":"poi","name":"BP Las Rozas","theme":"yakit","lab":1},"geometry":{"type":"Point","coordinates":[-3.87401,40.48996]}},{"type":"Feature","properties":{"id":"ih-yakit-63","kind":"poi","name":"Estación de Servicio Repsol","theme":"yakit","lab":1},"geometry":{"type":"Point","coordinates":[-3.61104,40.42459]}},{"type":"Feature","properties":{"id":"ih-yakit-64","kind":"poi","name":"El Naranjo","theme":"yakit","lab":1},"geometry":{"type":"Point","coordinates":[-3.81133,40.29387]}},{"type":"Feature","properties":{"id":"ih-yakit-65","kind":"poi","name":"La Atalaya","theme":"yakit","lab":1},"geometry":{"type":"Point","coordinates":[-3.87191,40.37611]}},{"type":"Feature","properties":{"id":"ih-yakit-66","kind":"poi","name":"La Princesa 2","theme":"yakit","lab":1},"geometry":{"type":"Point","coordinates":[-3.84723,40.32518]}},{"type":"Feature","properties":{"id":"ih-yakit-67","kind":"poi","name":"La Princesa 1","theme":"yakit","lab":1},"geometry":{"type":"Point","coordinates":[-3.84743,40.32653]}},{"type":"Feature","properties":{"id":"ih-yakit-68","kind":"poi","name":"Estación de Servicio BP Cheyper","theme":"yakit","lab":1},"geometry":{"type":"Point","coordinates":[-3.72089,40.36828]}},{"type":"Feature","properties":{"id":"ih-yakit-69","kind":"poi","name":"Gasolinera Alcampo Vallecas","theme":"yakit","lab":1},"geometry":{"type":"Point","coordinates":[-3.65481,40.39387]}},{"type":"Feature","properties":{"id":"ih-yakit-70","kind":"poi","name":"Esso","theme":"yakit","lab":1},"geometry":{"type":"Point","coordinates":[-3.89119,40.39882]}},{"type":"Feature","properties":{"id":"ih-yakit-71","kind":"poi","name":"Estación de Servicio Ascao","theme":"yakit","lab":1},"geometry":{"type":"Point","coordinates":[-3.64082,40.43046]}},{"type":"Feature","properties":{"id":"ih-yakit-72","kind":"poi","name":"Enilive","theme":"yakit","lab":1},"geometry":{"type":"Point","coordinates":[-3.64114,40.44117]}},{"type":"Feature","properties":{"id":"ih-yakit-73","kind":"poi","name":"Estación de Servicio Carrefour El Pinar","theme":"yakit","lab":1},"geometry":{"type":"Point","coordinates":[-3.88488,40.52164]}},{"type":"Feature","properties":{"id":"ih-yakit-74","kind":"poi","name":"Agustín Medina","theme":"yakit","lab":1},"geometry":{"type":"Point","coordinates":[-3.67877,40.43835]}},{"type":"Feature","properties":{"id":"ih-yakit-75","kind":"poi","name":"Star Petroleum","theme":"yakit","lab":1},"geometry":{"type":"Point","coordinates":[-3.76497,40.39756]}},{"type":"Feature","properties":{"id":"ih-yakit-76","kind":"poi","name":"Gasolinera Autoservicio Ballenoil","theme":"yakit","lab":1},"geometry":{"type":"Point","coordinates":[-3.61031,40.552]}},{"type":"Feature","properties":{"id":"ih-yakit-77","kind":"poi","name":"Estación de Servicio Moeve Sanse","theme":"yakit","lab":1},"geometry":{"type":"Point","coordinates":[-3.62191,40.55945]}},{"type":"Feature","properties":{"id":"ih-yakit-78","kind":"poi","name":"Estación de Servicio Galp Sinesio Delgado","theme":"yakit","lab":1},"geometry":{"type":"Point","coordinates":[-3.70123,40.47386]}},{"type":"Feature","properties":{"id":"ih-yakit-79","kind":"poi","name":"Ballenoil Alcorcón","theme":"yakit","lab":1},"geometry":{"type":"Point","coordinates":[-3.81814,40.33248]}},{"type":"Feature","properties":{"id":"ih-yakit-80","kind":"poi","name":"Estación de Servicio Repsol Megino Polvoranca","theme":"yakit","lab":1},"geometry":{"type":"Point","coordinates":[-3.81119,40.33572]}},{"type":"Feature","properties":{"id":"ih-yakit-81","kind":"poi","name":"Estación de Servicio BP Valdavia","theme":"yakit","lab":1},"geometry":{"type":"Point","coordinates":[-3.65556,40.54739]}},{"type":"Feature","properties":{"id":"ih-yakit-82","kind":"poi","name":"Estación de Servicio Carrefour Ciudad de la Imagen","theme":"yakit","lab":1},"geometry":{"type":"Point","coordinates":[-3.78596,40.39856]}},{"type":"Feature","properties":{"id":"ih-yakit-83","kind":"poi","name":"Ballenoil Villaviciosa","theme":"yakit","lab":1},"geometry":{"type":"Point","coordinates":[-3.89739,40.3506]}},{"type":"Feature","properties":{"id":"ih-yakit-84","kind":"poi","name":"Shell Los Castillos","theme":"yakit","lab":1},"geometry":{"type":"Point","coordinates":[-3.80835,40.35278]}},{"type":"Feature","properties":{"id":"ih-yakit-85","kind":"poi","name":"Estación de Servicio Diamond","theme":"yakit","lab":1},"geometry":{"type":"Point","coordinates":[-3.77159,40.37375]}},{"type":"Feature","properties":{"id":"ih-yakit-86","kind":"poi","name":"Petroprix Alcorcón Tres Aguas","theme":"yakit","lab":1},"geometry":{"type":"Point","coordinates":[-3.8287,40.35875]}},{"type":"Feature","properties":{"id":"ih-yakit-87","kind":"poi","name":"Atenoil Cobeña","theme":"yakit","lab":1},"geometry":{"type":"Point","coordinates":[-3.50809,40.57837]}},{"type":"Feature","properties":{"id":"ih-yakit-88","kind":"poi","name":"Estación de Servicio Carrefour Majadahonda","theme":"yakit","lab":1},"geometry":{"type":"Point","coordinates":[-3.8715,40.45229]}},{"type":"Feature","properties":{"id":"ih-yakit-89","kind":"poi","name":"Estación de Servicio Carrefour Móstoles","theme":"yakit","lab":1},"geometry":{"type":"Point","coordinates":[-3.8885,40.32948]}},{"type":"Feature","properties":{"id":"ih-yakit-90","kind":"poi","name":"Simon Grup","theme":"yakit","lab":1},"geometry":{"type":"Point","coordinates":[-3.63643,40.37419]}},{"type":"Feature","properties":{"id":"ih-yakit-91","kind":"poi","name":"Estación de Servicio Carrefour Leganés","theme":"yakit","lab":1},"geometry":{"type":"Point","coordinates":[-3.75724,40.3433]}},{"type":"Feature","properties":{"id":"ih-yakit-92","kind":"poi","name":"Ballenoil Vallecas IV","theme":"yakit","lab":1},"geometry":{"type":"Point","coordinates":[-3.63919,40.37592]}},{"type":"Feature","properties":{"id":"ih-yakit-93","kind":"poi","name":"Benzoe","theme":"yakit","lab":1},"geometry":{"type":"Point","coordinates":[-3.83843,40.39582]}},{"type":"Feature","properties":{"id":"ih-yakit-94","kind":"poi","name":"Low Cost Repost","theme":"yakit","lab":1},"geometry":{"type":"Point","coordinates":[-3.72917,40.37253]}},{"type":"Feature","properties":{"id":"ih-yakit-95","kind":"poi","name":"Lowcost Repost","theme":"yakit","lab":1},"geometry":{"type":"Point","coordinates":[-3.71416,40.33203]}},{"type":"Feature","properties":{"id":"ih-yakit-96","kind":"poi","name":"Costco","theme":"yakit","lab":1},"geometry":{"type":"Point","coordinates":[-3.87703,40.51095]}},{"type":"Feature","properties":{"id":"ih-yakit-97","kind":"poi","name":"Plenergy Madrid IV Villaverde","theme":"yakit","lab":1},"geometry":{"type":"Point","coordinates":[-3.70765,40.33972]}},{"type":"Feature","properties":{"id":"ih-yakit-98","kind":"poi","name":"Estación de Servicio BP El Sapo - Alcobendas","theme":"yakit","lab":1},"geometry":{"type":"Point","coordinates":[-3.65971,40.52853]}},{"type":"Feature","properties":{"id":"ih-yakit-99","kind":"poi","name":"Electrolinera","theme":"yakit","lab":1},"geometry":{"type":"Point","coordinates":[-3.78454,40.39743]}},{"type":"Feature","properties":{"id":"ih-yakit-100","kind":"poi","name":"Estación de Servicio BP Carabanchel","theme":"yakit","lab":1},"geometry":{"type":"Point","coordinates":[-3.74316,40.36312]}},{"type":"Feature","properties":{"id":"ih-yakit-101","kind":"poi","name":"Lavaplus","theme":"yakit","lab":1},"geometry":{"type":"Point","coordinates":[-3.84633,40.31552]}},{"type":"Feature","properties":{"id":"ih-yakit-102","kind":"poi","name":"Q8 Gasolinera Coslada","theme":"yakit","lab":1},"geometry":{"type":"Point","coordinates":[-3.57399,40.42068]}},{"type":"Feature","properties":{"id":"ih-yakit-103","kind":"poi","name":"Estación de Servicio Moeve Henares","theme":"yakit","lab":1},"geometry":{"type":"Point","coordinates":[-3.55594,40.42039]}},{"type":"Feature","properties":{"id":"ih-yakit-104","kind":"poi","name":"Plenergy Alcorcón I","theme":"yakit","lab":1},"geometry":{"type":"Point","coordinates":[-3.82534,40.35629]}},{"type":"Feature","properties":{"id":"ih-yakit-105","kind":"poi","name":"Gasolinera Ballenoil Villaverde IV","theme":"yakit","lab":1},"geometry":{"type":"Point","coordinates":[-3.7158,40.34042]}},{"type":"Feature","properties":{"id":"ih-yakit-106","kind":"poi","name":"Moeve Getafe I","theme":"yakit","lab":1},"geometry":{"type":"Point","coordinates":[-3.72596,40.32928]}},{"type":"Feature","properties":{"id":"ih-yakit-107","kind":"poi","name":"Estación de Servicio Repsol Cred Avenida de los Rosales","theme":"yakit","lab":1},"geometry":{"type":"Point","coordinates":[-3.66867,40.33975]}},{"type":"Feature","properties":{"id":"ih-yakit-108","kind":"poi","name":"DST","theme":"yakit","lab":1},"geometry":{"type":"Point","coordinates":[-3.56509,40.39117]}},{"type":"Feature","properties":{"id":"ih-yakit-109","kind":"poi","name":"Estación de Servicio Frii San José de Valderas","theme":"yakit","lab":1},"geometry":{"type":"Point","coordinates":[-3.79796,40.35318]}},{"type":"Feature","properties":{"id":"ih-kiralik-arac-0","kind":"poi","name":"Centauro Atocha","theme":"kiralik-arac","lab":1},"geometry":{"type":"Point","coordinates":[-3.68331,40.40494]}},{"type":"Feature","properties":{"id":"ih-kiralik-arac-1","kind":"poi","name":"Centauro Chamartín","theme":"kiralik-arac","lab":1},"geometry":{"type":"Point","coordinates":[-3.67889,40.47246]}},{"type":"Feature","properties":{"id":"ih-kiralik-arac-2","kind":"poi","name":"Centauro Leganés","theme":"kiralik-arac","lab":1},"geometry":{"type":"Point","coordinates":[-3.77475,40.31155]}},{"type":"Feature","properties":{"id":"ih-kiralik-arac-3","kind":"poi","name":"Centauro Rent a Car","theme":"kiralik-arac","lab":1},"geometry":{"type":"Point","coordinates":[-3.87556,40.45466]}},{"type":"Feature","properties":{"id":"ih-kiralik-arac-4","kind":"poi","name":"Avis","theme":"kiralik-arac","lab":1},"geometry":{"type":"Point","coordinates":[-3.87288,40.45848]}},{"type":"Feature","properties":{"id":"ih-kiralik-arac-5","kind":"poi","name":"Europcar","theme":"kiralik-arac","lab":1},"geometry":{"type":"Point","coordinates":[-3.71093,40.42486]}},{"type":"Feature","properties":{"id":"ih-kiralik-arac-6","kind":"poi","name":"Hertz","theme":"kiralik-arac","lab":1},"geometry":{"type":"Point","coordinates":[-3.59302,40.49048]}},{"type":"Feature","properties":{"id":"ih-kiralik-arac-7","kind":"poi","name":"Sixt","theme":"kiralik-arac","lab":1},"geometry":{"type":"Point","coordinates":[-3.59303,40.49024]}},{"type":"Feature","properties":{"id":"ih-kiralik-arac-8","kind":"poi","name":"Suadriz Cars","theme":"kiralik-arac","lab":1},"geometry":{"type":"Point","coordinates":[-3.8659,40.30868]}},{"type":"Feature","properties":{"id":"ih-kiralik-arac-9","kind":"poi","name":"Luxcars Services","theme":"kiralik-arac","lab":1},"geometry":{"type":"Point","coordinates":[-3.59285,40.46519]}},{"type":"Feature","properties":{"id":"ih-kiralik-arac-10","kind":"poi","name":"Enterprise","theme":"kiralik-arac","lab":1},"geometry":{"type":"Point","coordinates":[-3.68383,40.47313]}},{"type":"Feature","properties":{"id":"ih-kiralik-arac-11","kind":"poi","name":"ClickRent","theme":"kiralik-arac","lab":1},"geometry":{"type":"Point","coordinates":[-3.69539,40.28989]}},{"type":"Feature","properties":{"id":"ih-kiralik-arac-12","kind":"poi","name":"Firefly","theme":"kiralik-arac","lab":1},"geometry":{"type":"Point","coordinates":[-3.57092,40.4645]}},{"type":"Feature","properties":{"id":"ih-kiralik-arac-13","kind":"poi","name":"Jardisa","theme":"kiralik-arac","lab":1},"geometry":{"type":"Point","coordinates":[-3.81475,40.27363]}},{"type":"Feature","properties":{"id":"ih-kiralik-arac-14","kind":"poi","name":"Car del Mar","theme":"kiralik-arac","lab":1},"geometry":{"type":"Point","coordinates":[-3.58257,40.45256]}},{"type":"Feature","properties":{"id":"ih-kiralik-arac-15","kind":"poi","name":"Autoclick Rent A Car","theme":"kiralik-arac","lab":1},"geometry":{"type":"Point","coordinates":[-3.58238,40.45273]}},{"type":"Feature","properties":{"id":"ih-kiralik-arac-16","kind":"poi","name":"Moto Adventure Madrid","theme":"kiralik-arac","lab":1},"geometry":{"type":"Point","coordinates":[-3.79212,40.43768]}},{"type":"Feature","properties":{"id":"ih-kiralik-arac-17","kind":"poi","name":"Alquiber","theme":"kiralik-arac","lab":1},"geometry":{"type":"Point","coordinates":[-3.82022,40.29777]}},{"type":"Feature","properties":{"id":"ih-kiralik-arac-18","kind":"poi","name":"Caravaning Madrid","theme":"kiralik-arac","lab":1},"geometry":{"type":"Point","coordinates":[-3.60393,40.56731]}},{"type":"Feature","properties":{"id":"ih-kiralik-arac-19","kind":"poi","name":"Autocaraavanas Holiday","theme":"kiralik-arac","lab":1},"geometry":{"type":"Point","coordinates":[-3.52963,40.59102]}},{"type":"Feature","properties":{"id":"ih-kiralik-arac-20","kind":"poi","name":"Carimundi Cars","theme":"kiralik-arac","lab":1},"geometry":{"type":"Point","coordinates":[-3.68578,40.47036]}},{"type":"Feature","properties":{"id":"ih-kiralik-arac-21","kind":"poi","name":"Autocaravanas Travelvans","theme":"kiralik-arac","lab":1},"geometry":{"type":"Point","coordinates":[-3.85944,40.25678]}},{"type":"Feature","properties":{"id":"ih-kiralik-arac-22","kind":"poi","name":"YourCar Getafe","theme":"kiralik-arac","lab":1},"geometry":{"type":"Point","coordinates":[-3.739,40.29108]}},{"type":"Feature","properties":{"id":"ih-kiralik-arac-23","kind":"poi","name":"Spoticar","theme":"kiralik-arac","lab":1},"geometry":{"type":"Point","coordinates":[-3.6709,40.41466]}},{"type":"Feature","properties":{"id":"ih-kiralik-arac-24","kind":"poi","name":"600TourMadrid","theme":"kiralik-arac","lab":1},"geometry":{"type":"Point","coordinates":[-3.7111,40.39366]}},{"type":"Feature","properties":{"id":"ih-kiralik-arac-25","kind":"poi","name":"Blanauto","theme":"kiralik-arac","lab":1},"geometry":{"type":"Point","coordinates":[-3.64855,40.43877]}},{"type":"Feature","properties":{"id":"ih-kiralik-arac-26","kind":"poi","name":"Renting Evolution","theme":"kiralik-arac","lab":1},"geometry":{"type":"Point","coordinates":[-3.68474,40.48666]}},{"type":"Feature","properties":{"id":"ih-kiralik-arac-27","kind":"poi","name":"Telefurgo","theme":"kiralik-arac","lab":1},"geometry":{"type":"Point","coordinates":[-3.60617,40.54565]}},{"type":"Feature","properties":{"id":"ih-kiralik-arac-28","kind":"poi","name":"Ocsa Alquiler de vehículos industriales","theme":"kiralik-arac","lab":1},"geometry":{"type":"Point","coordinates":[-3.76416,40.25622]}},{"type":"Feature","properties":{"id":"ih-kiralik-arac-29","kind":"poi","name":"Legasur","theme":"kiralik-arac","lab":1},"geometry":{"type":"Point","coordinates":[-3.76697,40.31505]}},{"type":"Feature","properties":{"id":"ih-kutuphane-0","kind":"poi","name":"Biblioteca Pública Municipal San Blas","theme":"kutuphane","lab":1},"geometry":{"type":"Point","coordinates":[-3.62154,40.4198]}},{"type":"Feature","properties":{"id":"ih-kutuphane-1","kind":"poi","name":"Biblioteca Pública Acuña","theme":"kutuphane","lab":1},"geometry":{"type":"Point","coordinates":[-3.71701,40.42794]}},{"type":"Feature","properties":{"id":"ih-kutuphane-2","kind":"poi","name":"Biblioteca Municipal Luis de Góngora","theme":"kutuphane","lab":1},"geometry":{"type":"Point","coordinates":[-3.90456,40.35711]}},{"type":"Feature","properties":{"id":"ih-kutuphane-3","kind":"poi","name":"Bibliometro Sierra de Guadalupe","theme":"kutuphane","lab":1},"geometry":{"type":"Point","coordinates":[-3.62476,40.38228]}},{"type":"Feature","properties":{"id":"ih-kutuphane-4","kind":"poi","name":"Biblioteca Pública Municipal Huerta de la Salud","theme":"kutuphane","lab":1},"geometry":{"type":"Point","coordinates":[-3.64584,40.47532]}},{"type":"Feature","properties":{"id":"ih-kutuphane-5","kind":"poi","name":"Biblioteca Pública Villaverde - María Moliner","theme":"kutuphane","lab":1},"geometry":{"type":"Point","coordinates":[-3.70995,40.34992]}},{"type":"Feature","properties":{"id":"ih-kutuphane-6","kind":"poi","name":"Bibioteca Universitaria Campus Sur","theme":"kutuphane","lab":1},"geometry":{"type":"Point","coordinates":[-3.62692,40.39051]}},{"type":"Feature","properties":{"id":"ih-kutuphane-7","kind":"poi","name":"Biblioteca Pública de Usera José Hierro","theme":"kutuphane","lab":1},"geometry":{"type":"Point","coordinates":[-3.71043,40.38201]}},{"type":"Feature","properties":{"id":"ih-kutuphane-8","kind":"poi","name":"Biblioteca Pública Municipal Ángel González","theme":"kutuphane","lab":1},"geometry":{"type":"Point","coordinates":[-3.76635,40.39698]}},{"type":"Feature","properties":{"id":"ih-kutuphane-9","kind":"poi","name":"Biblioteca Pública Moratalaz","theme":"kutuphane","lab":1},"geometry":{"type":"Point","coordinates":[-3.64958,40.4041]}},{"type":"Feature","properties":{"id":"ih-kutuphane-10","kind":"poi","name":"Biblioteca Pública Municipal Manuel Vázquez Montalbán","theme":"kutuphane","lab":1},"geometry":{"type":"Point","coordinates":[-3.71073,40.45698]}},{"type":"Feature","properties":{"id":"ih-kutuphane-11","kind":"poi","name":"Biblioteca Elena Fortún","theme":"kutuphane","lab":1},"geometry":{"type":"Point","coordinates":[-3.67222,40.40349]}},{"type":"Feature","properties":{"id":"ih-kutuphane-12","kind":"poi","name":"Biblioteca Histórica Marqués de Valdecilla","theme":"kutuphane","lab":1},"geometry":{"type":"Point","coordinates":[-3.7079,40.42547]}},{"type":"Feature","properties":{"id":"ih-kutuphane-13","kind":"poi","name":"Biblioteca Pública Municipal Eugenio Trías","theme":"kutuphane","lab":1},"geometry":{"type":"Point","coordinates":[-3.67904,40.41678]}},{"type":"Feature","properties":{"id":"ih-kutuphane-14","kind":"poi","name":"Biblioteca Escuelas Pías","theme":"kutuphane","lab":1},"geometry":{"type":"Point","coordinates":[-3.70324,40.40797]}},{"type":"Feature","properties":{"id":"ih-kutuphane-15","kind":"poi","name":"Biblioteca Pública Municipal Vallecas","theme":"kutuphane","lab":1},"geometry":{"type":"Point","coordinates":[-3.66554,40.39508]}},{"type":"Feature","properties":{"id":"ih-kutuphane-16","kind":"poi","name":"Biblioteca Pública Municipal Gerardo Diego","theme":"kutuphane","lab":1},"geometry":{"type":"Point","coordinates":[-3.62281,40.37776]}},{"type":"Feature","properties":{"id":"ih-kutuphane-17","kind":"poi","name":"Biblioteca Rey Pastor","theme":"kutuphane","lab":1},"geometry":{"type":"Point","coordinates":[-3.76524,40.33184]}},{"type":"Feature","properties":{"id":"ih-kutuphane-18","kind":"poi","name":"Biblioteca Pública Villa de Vallecas Luis Martín Santos","theme":"kutuphane","lab":1},"geometry":{"type":"Point","coordinates":[-3.61391,40.38104]}},{"type":"Feature","properties":{"id":"ih-kutuphane-19","kind":"poi","name":"Biblioteca Nacional de España","theme":"kutuphane","lab":1},"geometry":{"type":"Point","coordinates":[-3.6899,40.42373]}},{"type":"Feature","properties":{"id":"ih-kutuphane-20","kind":"poi","name":"Biblioteca Pública Manuel Alvar","theme":"kutuphane","lab":1},"geometry":{"type":"Point","coordinates":[-3.66886,40.43422]}},{"type":"Feature","properties":{"id":"ih-kutuphane-21","kind":"poi","name":"Biblioteca Regional Joaquín Leguina","theme":"kutuphane","lab":1},"geometry":{"type":"Point","coordinates":[-3.69057,40.40018]}},{"type":"Feature","properties":{"id":"ih-kutuphane-22","kind":"poi","name":"Biblioteca Municipal Volturno","theme":"kutuphane","lab":1},"geometry":{"type":"Point","coordinates":[-3.79772,40.40787]}},{"type":"Feature","properties":{"id":"ih-kutuphane-23","kind":"poi","name":"Biblioteca Municipal","theme":"kutuphane","lab":1},"geometry":{"type":"Point","coordinates":[-3.86129,40.32446]}},{"type":"Feature","properties":{"id":"ih-kutuphane-24","kind":"poi","name":"Biblioteca Pública Municipal de Canillejas","theme":"kutuphane","lab":1},"geometry":{"type":"Point","coordinates":[-3.61191,40.44641]}},{"type":"Feature","properties":{"id":"ih-kutuphane-25","kind":"poi","name":"Biblioteca municipal La Jaramilla","theme":"kutuphane","lab":1},"geometry":{"type":"Point","coordinates":[-3.5653,40.4264]}},{"type":"Feature","properties":{"id":"ih-kutuphane-26","kind":"poi","name":"Biblioteca Tomás Navarro Tomás","theme":"kutuphane","lab":1},"geometry":{"type":"Point","coordinates":[-3.62862,40.43656]}},{"type":"Feature","properties":{"id":"ih-kutuphane-27","kind":"poi","name":"Biblioteca Pública Municipal Pozo del Tío Raimundo","theme":"kutuphane","lab":1},"geometry":{"type":"Point","coordinates":[-3.66027,40.37385]}},{"type":"Feature","properties":{"id":"ih-kutuphane-28","kind":"poi","name":"Biblioteca Municipal El Arroyo","theme":"kutuphane","lab":1},"geometry":{"type":"Point","coordinates":[-3.79945,40.27563]}},{"type":"Feature","properties":{"id":"ih-kutuphane-29","kind":"poi","name":"Biblioteca Pública Municipal Portazgo","theme":"kutuphane","lab":1},"geometry":{"type":"Point","coordinates":[-3.65545,40.39322]}},{"type":"Feature","properties":{"id":"ih-kutuphane-30","kind":"poi","name":"Biblioteca Pública Municipal Francisco Ibáñez","theme":"kutuphane","lab":1},"geometry":{"type":"Point","coordinates":[-3.67626,40.44834]}},{"type":"Feature","properties":{"id":"ih-kutuphane-31","kind":"poi","name":"Biblioteca Pública Hortaleza","theme":"kutuphane","lab":1},"geometry":{"type":"Point","coordinates":[-3.64951,40.47723]}},{"type":"Feature","properties":{"id":"ih-kutuphane-32","kind":"poi","name":"Biblioteca Pública Municipal Gloria Fuertes","theme":"kutuphane","lab":1},"geometry":{"type":"Point","coordinates":[-3.59366,40.46073]}},{"type":"Feature","properties":{"id":"ih-kutuphane-33","kind":"poi","name":"Biblioteca Pública Municipal Vicálvaro","theme":"kutuphane","lab":1},"geometry":{"type":"Point","coordinates":[-3.60833,40.4052]}},{"type":"Feature","properties":{"id":"ih-kutuphane-34","kind":"poi","name":"Biblioteca Pública Ruiz Egea","theme":"kutuphane","lab":1},"geometry":{"type":"Point","coordinates":[-3.7028,40.44659]}},{"type":"Feature","properties":{"id":"ih-kutuphane-35","kind":"poi","name":"Biblioteca Histórica Municipal de Madrid","theme":"kutuphane","lab":1},"geometry":{"type":"Point","coordinates":[-3.71143,40.42767]}},{"type":"Feature","properties":{"id":"ih-kutuphane-36","kind":"poi","name":"Biblioteca Pública Municipal Aluche","theme":"kutuphane","lab":1},"geometry":{"type":"Point","coordinates":[-3.75607,40.39559]}},{"type":"Feature","properties":{"id":"ih-kutuphane-37","kind":"poi","name":"Biblioteca Pública Municipal Ciudad Lineal","theme":"kutuphane","lab":1},"geometry":{"type":"Point","coordinates":[-3.63731,40.43637]}},{"type":"Feature","properties":{"id":"ih-kutuphane-38","kind":"poi","name":"Biblioteca Pública Municipal José Saramago","theme":"kutuphane","lab":1},"geometry":{"type":"Point","coordinates":[-3.70909,40.47921]}},{"type":"Feature","properties":{"id":"ih-kutuphane-39","kind":"poi","name":"COAM","theme":"kutuphane","lab":1},"geometry":{"type":"Point","coordinates":[-3.69844,40.42413]}},{"type":"Feature","properties":{"id":"ih-kutuphane-40","kind":"poi","name":"Biblioteca Pública José Ortega y Gasset","theme":"kutuphane","lab":1},"geometry":{"type":"Point","coordinates":[-3.88374,40.39916]}},{"type":"Feature","properties":{"id":"ih-kutuphane-41","kind":"poi","name":"Biblioteca Municipal José Manuel Caballero Bonald","theme":"kutuphane","lab":1},"geometry":{"type":"Point","coordinates":[-3.81868,40.28924]}},{"type":"Feature","properties":{"id":"ih-kutuphane-42","kind":"poi","name":"Centro de Documentación del Consorcio Regional de Transportes de Madrid","theme":"kutuphane","lab":1},"geometry":{"type":"Point","coordinates":[-3.70001,40.44071]}},{"type":"Feature","properties":{"id":"ih-kutuphane-43","kind":"poi","name":"Biblioteca Pública Rafael Alberti","theme":"kutuphane","lab":1},"geometry":{"type":"Point","coordinates":[-3.69811,40.48798]}},{"type":"Feature","properties":{"id":"ih-kutuphane-44","kind":"poi","name":"Biblioteca Pública Miguel Hernández","theme":"kutuphane","lab":1},"geometry":{"type":"Point","coordinates":[-3.64351,40.38482]}},{"type":"Feature","properties":{"id":"ih-kutuphane-45","kind":"poi","name":"Biblioteca de Geografía e Historia","theme":"kutuphane","lab":1},"geometry":{"type":"Point","coordinates":[-3.73559,40.44912]}},{"type":"Feature","properties":{"id":"ih-kutuphane-46","kind":"poi","name":"Biblioteca Municipal Pío Baroja","theme":"kutuphane","lab":1},"geometry":{"type":"Point","coordinates":[-3.70776,40.40026]}},{"type":"Feature","properties":{"id":"ih-kutuphane-47","kind":"poi","name":"Biblioteca Municipal Francisco Umbral","theme":"kutuphane","lab":1},"geometry":{"type":"Point","coordinates":[-3.86479,40.47102]}},{"type":"Feature","properties":{"id":"ih-kutuphane-48","kind":"poi","name":"Biblioteca Pública Antonio Mingote","theme":"kutuphane","lab":1},"geometry":{"type":"Point","coordinates":[-3.76915,40.37926]}},{"type":"Feature","properties":{"id":"ih-kutuphane-49","kind":"poi","name":"Biblioteca Pública Municipal La Chata","theme":"kutuphane","lab":1},"geometry":{"type":"Point","coordinates":[-3.74226,40.38331]}},{"type":"Feature","properties":{"id":"ih-kutuphane-50","kind":"poi","name":"Biblioteca Pública de Carabanchel 'Luis Rosales'","theme":"kutuphane","lab":1},"geometry":{"type":"Point","coordinates":[-3.74777,40.37355]}},{"type":"Feature","properties":{"id":"ih-kutuphane-51","kind":"poi","name":"Biblioteca Pública Chamberí «José Luis Sampedro»","theme":"kutuphane","lab":1},"geometry":{"type":"Point","coordinates":[-3.69952,40.43536]}},{"type":"Feature","properties":{"id":"ih-kutuphane-52","kind":"poi","name":"Biblioteca Pública Municipal Miguel Delibes (Moratalaz)","theme":"kutuphane","lab":1},"geometry":{"type":"Point","coordinates":[-3.65307,40.40972]}},{"type":"Feature","properties":{"id":"ih-kutuphane-53","kind":"poi","name":"Biblioteca Municipal Fernando de los Ríos","theme":"kutuphane","lab":1},"geometry":{"type":"Point","coordinates":[-3.80687,40.28386]}},{"type":"Feature","properties":{"id":"ih-kutuphane-54","kind":"poi","name":"IE Business School Library","theme":"kutuphane","lab":1},"geometry":{"type":"Point","coordinates":[-3.68404,40.44]}},{"type":"Feature","properties":{"id":"ih-kutuphane-55","kind":"poi","name":"Biblioteca Pública Municipal Lorenzo Silva","theme":"kutuphane","lab":1},"geometry":{"type":"Point","coordinates":[-3.82731,40.25019]}},{"type":"Feature","properties":{"id":"ih-kutuphane-56","kind":"poi","name":"Biblioteca Pública Municipal José Hierro","theme":"kutuphane","lab":1},"geometry":{"type":"Point","coordinates":[-3.61041,40.43344]}},{"type":"Feature","properties":{"id":"ih-kutuphane-57","kind":"poi","name":"Biblioteca Pública Municipal Ana María Matute","theme":"kutuphane","lab":1},"geometry":{"type":"Point","coordinates":[-3.72028,40.39776]}},{"type":"Feature","properties":{"id":"ih-kutuphane-58","kind":"poi","name":"Biblioteca Pública Municipal Dámaso Alonso","theme":"kutuphane","lab":1},"geometry":{"type":"Point","coordinates":[-3.68465,40.46746]}},{"type":"Feature","properties":{"id":"ih-kutuphane-59","kind":"poi","name":"Biblioteca Francisco de Zabálburu","theme":"kutuphane","lab":1},"geometry":{"type":"Point","coordinates":[-3.69118,40.42052]}},{"type":"Feature","properties":{"id":"ih-kutuphane-60","kind":"poi","name":"Biblioteca Parque Coimbra","theme":"kutuphane","lab":1},"geometry":{"type":"Point","coordinates":[-3.92917,40.30584]}},{"type":"Feature","properties":{"id":"ih-kutuphane-61","kind":"poi","name":"Biblioteca Pública Canillejas","theme":"kutuphane","lab":1},"geometry":{"type":"Point","coordinates":[-3.60832,40.43782]}},{"type":"Feature","properties":{"id":"ih-kutuphane-62","kind":"poi","name":"Biblioteca ETSI Informáticos","theme":"kutuphane","lab":1},"geometry":{"type":"Point","coordinates":[-3.83933,40.40499]}},{"type":"Feature","properties":{"id":"ih-kutuphane-63","kind":"poi","name":"Servicio Bibliográfico de la ONCE","theme":"kutuphane","lab":1},"geometry":{"type":"Point","coordinates":[-3.70019,40.45523]}},{"type":"Feature","properties":{"id":"ih-kutuphane-64","kind":"poi","name":"Archivo General del Cuartel General del Ejército del Aire y del Espacio","theme":"kutuphane","lab":1},"geometry":{"type":"Point","coordinates":[-3.71901,40.43283]}},{"type":"Feature","properties":{"id":"ih-kutuphane-65","kind":"poi","name":"Biblioteca de la Escuela Politécnica Superior del Ejército","theme":"kutuphane","lab":1},"geometry":{"type":"Point","coordinates":[-3.68831,40.44519]}},{"type":"Feature","properties":{"id":"ih-kutuphane-66","kind":"poi","name":"Biblioteca Municipal Loranca","theme":"kutuphane","lab":1},"geometry":{"type":"Point","coordinates":[-3.83703,40.29771]}},{"type":"Feature","properties":{"id":"ih-kutuphane-67","kind":"poi","name":"Biblioteca ETSIAE","theme":"kutuphane","lab":1},"geometry":{"type":"Point","coordinates":[-3.72492,40.44092]}},{"type":"Feature","properties":{"id":"ih-kutuphane-68","kind":"poi","name":"Biblioteca del Hospital Puerta de Hierro Majadahonda","theme":"kutuphane","lab":1},"geometry":{"type":"Point","coordinates":[-3.8721,40.44929]}},{"type":"Feature","properties":{"id":"ih-kutuphane-69","kind":"poi","name":"Sala de Estudio «Rosa Agazzi»","theme":"kutuphane","lab":1},"geometry":{"type":"Point","coordinates":[-3.87333,40.47422]}},{"type":"Feature","properties":{"id":"ih-kutuphane-70","kind":"poi","name":"Miguel de Cervantes","theme":"kutuphane","lab":1},"geometry":{"type":"Point","coordinates":[-3.61013,40.40704]}},{"type":"Feature","properties":{"id":"ih-kutuphane-71","kind":"poi","name":"Biblioteca Central y Archivo municipal de Leganés","theme":"kutuphane","lab":1},"geometry":{"type":"Point","coordinates":[-3.75224,40.34206]}},{"type":"Feature","properties":{"id":"ih-kutuphane-72","kind":"poi","name":"Biblioteca Gloria Fuertes","theme":"kutuphane","lab":1},"geometry":{"type":"Point","coordinates":[-3.5262,40.34937]}},{"type":"Feature","properties":{"id":"ih-kutuphane-73","kind":"poi","name":"Biblioteca Rosalía de Castro","theme":"kutuphane","lab":1},"geometry":{"type":"Point","coordinates":[-3.79976,40.44676]}},{"type":"Feature","properties":{"id":"ih-kutuphane-74","kind":"poi","name":"Biblioteca Miguel de Cervantes","theme":"kutuphane","lab":1},"geometry":{"type":"Point","coordinates":[-3.81391,40.43385]}},{"type":"Feature","properties":{"id":"ih-kutuphane-75","kind":"poi","name":"Biblioteca de Ciencias Biológicas","theme":"kutuphane","lab":1},"geometry":{"type":"Point","coordinates":[-3.72629,40.44881]}},{"type":"Feature","properties":{"id":"ih-kutuphane-76","kind":"poi","name":"Biblioteca de Ciencias Geológicas","theme":"kutuphane","lab":1},"geometry":{"type":"Point","coordinates":[-3.72536,40.44891]}},{"type":"Feature","properties":{"id":"ih-kutuphane-77","kind":"poi","name":"Biblioteca Tomás y Valiente","theme":"kutuphane","lab":1},"geometry":{"type":"Point","coordinates":[-3.79166,40.2927]}},{"type":"Feature","properties":{"id":"ih-kutuphane-78","kind":"poi","name":"Biblioteca Universidad Nebrija","theme":"kutuphane","lab":1},"geometry":{"type":"Point","coordinates":[-3.71907,40.45322]}},{"type":"Feature","properties":{"id":"ih-kutuphane-79","kind":"poi","name":"Biblioteca Fuente Cisneros","theme":"kutuphane","lab":1},"geometry":{"type":"Point","coordinates":[-3.85713,40.33953]}},{"type":"Feature","properties":{"id":"ih-kutuphane-80","kind":"poi","name":"Biblioteca de Humanidades","theme":"kutuphane","lab":1},"geometry":{"type":"Point","coordinates":[-3.69954,40.54347]}},{"type":"Feature","properties":{"id":"ih-kutuphane-81","kind":"poi","name":"Biblioteca de la Facultad de Educación","theme":"kutuphane","lab":1},"geometry":{"type":"Point","coordinates":[-3.7176,40.44963]}},{"type":"Feature","properties":{"id":"ih-kutuphane-82","kind":"poi","name":"Biblioteca hispánica y biblioteca islámica","theme":"kutuphane","lab":1},"geometry":{"type":"Point","coordinates":[-3.72105,40.43833]}},{"type":"Feature","properties":{"id":"ih-kutuphane-83","kind":"poi","name":"Biblioteca Pública Gabriel García Márquez","theme":"kutuphane","lab":1},"geometry":{"type":"Point","coordinates":[-3.70143,40.36672]}},{"type":"Feature","properties":{"id":"ih-kutuphane-84","kind":"poi","name":"Biblioteca Pública Municipal Buenavista","theme":"kutuphane","lab":1},"geometry":{"type":"Point","coordinates":[-3.67069,40.43209]}},{"type":"Feature","properties":{"id":"ih-kutuphane-85","kind":"poi","name":"Sala de Estudio","theme":"kutuphane","lab":1},"geometry":{"type":"Point","coordinates":[-3.73567,40.41115]}},{"type":"Feature","properties":{"id":"ih-kutuphane-86","kind":"poi","name":"Bliblioteca Universitaria ESIC","theme":"kutuphane","lab":1},"geometry":{"type":"Point","coordinates":[-3.80031,40.436]}},{"type":"Feature","properties":{"id":"ih-kutuphane-87","kind":"poi","name":"Biblioteca de la Universidad","theme":"kutuphane","lab":1},"geometry":{"type":"Point","coordinates":[-3.79314,40.43226]}},{"type":"Feature","properties":{"id":"ih-kutuphane-88","kind":"poi","name":"Sala de lectura Maqueda","theme":"kutuphane","lab":1},"geometry":{"type":"Point","coordinates":[-3.76471,40.3947]}},{"type":"Feature","properties":{"id":"ih-kutuphane-89","kind":"poi","name":"Biblioteca del hospital","theme":"kutuphane","lab":1},"geometry":{"type":"Point","coordinates":[-3.67155,40.41874]}},{"type":"Feature","properties":{"id":"ih-kutuphane-90","kind":"poi","name":"Biblioteca José Saramago","theme":"kutuphane","lab":1},"geometry":{"type":"Point","coordinates":[-3.54906,40.36477]}},{"type":"Feature","properties":{"id":"ih-kutuphane-91","kind":"poi","name":"Librería Vid","theme":"kutuphane","lab":1},"geometry":{"type":"Point","coordinates":[-3.86507,40.32337]}},{"type":"Feature","properties":{"id":"ih-kutuphane-92","kind":"poi","name":"Biblioteca de Económicas UAM","theme":"kutuphane","lab":1},"geometry":{"type":"Point","coordinates":[-3.69669,40.54502]}},{"type":"Feature","properties":{"id":"ih-kutuphane-93","kind":"poi","name":"Local anarquista Magdalena","theme":"kutuphane","lab":1},"geometry":{"type":"Point","coordinates":[-3.70562,40.41038]}},{"type":"Feature","properties":{"id":"ih-kutuphane-94","kind":"poi","name":"La Chata","theme":"kutuphane","lab":1},"geometry":{"type":"Point","coordinates":[-3.74193,40.38305]}},{"type":"Feature","properties":{"id":"ih-kutuphane-95","kind":"poi","name":"Biblioteca de la Escuela de Guerra Naval","theme":"kutuphane","lab":1},"geometry":{"type":"Point","coordinates":[-3.67526,40.47141]}},{"type":"Feature","properties":{"id":"ih-kutuphane-96","kind":"poi","name":"Biblioteca Cerpa","theme":"kutuphane","lab":1},"geometry":{"type":"Point","coordinates":[-3.52765,40.37382]}},{"type":"Feature","properties":{"id":"ih-kutuphane-97","kind":"poi","name":"Centro Cultural Espacio Ronda","theme":"kutuphane","lab":1},"geometry":{"type":"Point","coordinates":[-3.71321,40.40703]}},{"type":"Feature","properties":{"id":"ih-kutuphane-98","kind":"poi","name":"Biblioteca BM'06","theme":"kutuphane","lab":1},"geometry":{"type":"Point","coordinates":[-3.64103,40.53823]}},{"type":"Feature","properties":{"id":"ih-kutuphane-99","kind":"poi","name":"Biblioteca de la EPS","theme":"kutuphane","lab":1},"geometry":{"type":"Point","coordinates":[-3.69158,40.54702]}},{"type":"Feature","properties":{"id":"ih-kutuphane-100","kind":"poi","name":"Biblioteca Veterinaria","theme":"kutuphane","lab":1},"geometry":{"type":"Point","coordinates":[-3.73912,40.44954]}},{"type":"Feature","properties":{"id":"ih-kutuphane-101","kind":"poi","name":"Biblioteca de Humanidades, Comunicación y Documentación","theme":"kutuphane","lab":1},"geometry":{"type":"Point","coordinates":[-3.72755,40.31862]}},{"type":"Feature","properties":{"id":"ih-kutuphane-102","kind":"poi","name":"Biblioteca del Hospital Central de la Defensa Gómez Ulla","theme":"kutuphane","lab":1},"geometry":{"type":"Point","coordinates":[-3.74733,40.38951]}},{"type":"Feature","properties":{"id":"ih-kutuphane-103","kind":"poi","name":"Biblioteca Municipal José Luis Sampedro","theme":"kutuphane","lab":1},"geometry":{"type":"Point","coordinates":[-3.71909,40.31234]}},{"type":"Feature","properties":{"id":"ih-kutuphane-104","kind":"poi","name":"Casi Famosos Librería","theme":"kutuphane","lab":1},"geometry":{"type":"Point","coordinates":[-3.64906,40.3886]}},{"type":"Feature","properties":{"id":"ih-kutuphane-105","kind":"poi","name":"Biblioteca UNED","theme":"kutuphane","lab":1},"geometry":{"type":"Point","coordinates":[-3.73514,40.436]}},{"type":"Feature","properties":{"id":"ih-kutuphane-106","kind":"poi","name":"Centro Cultural José Saramago","theme":"kutuphane","lab":1},"geometry":{"type":"Point","coordinates":[-3.77236,40.33657]}},{"type":"Feature","properties":{"id":"ih-kutuphane-107","kind":"poi","name":"Jorge Luis Borges","theme":"kutuphane","lab":1},"geometry":{"type":"Point","coordinates":[-3.74363,40.29557]}},{"type":"Feature","properties":{"id":"ih-kutuphane-108","kind":"poi","name":"Biblioteca Pública Pedro Salinas","theme":"kutuphane","lab":1},"geometry":{"type":"Point","coordinates":[-3.71103,40.40723]}},{"type":"Feature","properties":{"id":"ih-kutuphane-109","kind":"poi","name":"Biblioteca Rafael Alberti","theme":"kutuphane","lab":1},"geometry":{"type":"Point","coordinates":[-3.53364,40.42536]}},{"type":"Feature","properties":{"id":"ih-muze-0","kind":"poi","name":"Centro de Arte Dos de Mayo (CA2M)","theme":"muze","lab":1},"geometry":{"type":"Point","coordinates":[-3.8633,40.32471]}},{"type":"Feature","properties":{"id":"ih-muze-1","kind":"poi","name":"Museo de Bomberos de Madrid","theme":"muze","lab":1},"geometry":{"type":"Point","coordinates":[-3.65379,40.39467]}},{"type":"Feature","properties":{"id":"ih-muze-2","kind":"poi","name":"Centro Cultural La Corrala","theme":"muze","lab":1},"geometry":{"type":"Point","coordinates":[-3.70826,40.4088]}},{"type":"Feature","properties":{"id":"ih-muze-3","kind":"poi","name":"Museo de Historia de Madrid","theme":"muze","lab":1},"geometry":{"type":"Point","coordinates":[-3.70076,40.42579]}},{"type":"Feature","properties":{"id":"ih-muze-4","kind":"poi","name":"Andén 0 - Nave de Motores de Pacífico","theme":"muze","lab":1},"geometry":{"type":"Point","coordinates":[-3.67408,40.40415]}},{"type":"Feature","properties":{"id":"ih-muze-5","kind":"poi","name":"CaixaForum Madrid","theme":"muze","lab":1},"geometry":{"type":"Point","coordinates":[-3.69357,40.41111]}},{"type":"Feature","properties":{"id":"ih-muze-6","kind":"poi","name":"Museo Casa de la Moneda","theme":"muze","lab":1},"geometry":{"type":"Point","coordinates":[-3.66915,40.4226]}},{"type":"Feature","properties":{"id":"ih-muze-7","kind":"poi","name":"Museo Arqueológico Nacional","theme":"muze","lab":1},"geometry":{"type":"Point","coordinates":[-3.68889,40.42343]}},{"type":"Feature","properties":{"id":"ih-muze-8","kind":"poi","name":"Museo del Ferrocarril de Madrid","theme":"muze","lab":1},"geometry":{"type":"Point","coordinates":[-3.69215,40.39932]}},{"type":"Feature","properties":{"id":"ih-muze-9","kind":"poi","name":"Museo Sorolla","theme":"muze","lab":1},"geometry":{"type":"Point","coordinates":[-3.69251,40.43539]}},{"type":"Feature","properties":{"id":"ih-muze-10","kind":"poi","name":"Museo ABC","theme":"muze","lab":1},"geometry":{"type":"Point","coordinates":[-3.70967,40.42768]}},{"type":"Feature","properties":{"id":"ih-muze-11","kind":"poi","name":"Museo de Arte Contemporáneo","theme":"muze","lab":1},"geometry":{"type":"Point","coordinates":[-3.71053,40.4276]}},{"type":"Feature","properties":{"id":"ih-muze-12","kind":"poi","name":"Museo de Cera","theme":"muze","lab":1},"geometry":{"type":"Point","coordinates":[-3.69141,40.42481]}},{"type":"Feature","properties":{"id":"ih-muze-13","kind":"poi","name":"Museo de la Farmacia Hispana","theme":"muze","lab":1},"geometry":{"type":"Point","coordinates":[-3.7263,40.4451]}},{"type":"Feature","properties":{"id":"ih-muze-14","kind":"poi","name":"Real Monasterio de Santa Isabel","theme":"muze","lab":1},"geometry":{"type":"Point","coordinates":[-3.69624,40.40949]}},{"type":"Feature","properties":{"id":"ih-muze-15","kind":"poi","name":"Museo Tiflológico","theme":"muze","lab":1},"geometry":{"type":"Point","coordinates":[-3.70029,40.45522]}},{"type":"Feature","properties":{"id":"ih-muze-16","kind":"poi","name":"Museo de Astronomía y Geodesia","theme":"muze","lab":1},"geometry":{"type":"Point","coordinates":[-3.72585,40.44948]}},{"type":"Feature","properties":{"id":"ih-muze-17","kind":"poi","name":"Palacio Real de Madrid","theme":"muze","lab":1},"geometry":{"type":"Point","coordinates":[-3.71362,40.41674]}},{"type":"Feature","properties":{"id":"ih-muze-18","kind":"poi","name":"Casa de Cervantes","theme":"muze","lab":1},"geometry":{"type":"Point","coordinates":[-3.69856,40.4143]}},{"type":"Feature","properties":{"id":"ih-muze-19","kind":"poi","name":"Real Armería","theme":"muze","lab":1},"geometry":{"type":"Point","coordinates":[-3.71521,40.41681]}},{"type":"Feature","properties":{"id":"ih-muze-20","kind":"poi","name":"Colección museográfica de Material Pesado","theme":"muze","lab":1},"geometry":{"type":"Point","coordinates":[-3.70954,40.55675]}},{"type":"Feature","properties":{"id":"ih-muze-21","kind":"poi","name":"Real Fábrica de Tapices","theme":"muze","lab":1},"geometry":{"type":"Point","coordinates":[-3.68241,40.4058]}},{"type":"Feature","properties":{"id":"ih-muze-22","kind":"poi","name":"Palacio de Liria","theme":"muze","lab":1},"geometry":{"type":"Point","coordinates":[-3.71242,40.4277]}},{"type":"Feature","properties":{"id":"ih-muze-23","kind":"poi","name":"Museo de Aeronáutica y Astronáutica - Museo del Aire","theme":"muze","lab":1},"geometry":{"type":"Point","coordinates":[-3.80319,40.36515]}},{"type":"Feature","properties":{"id":"ih-muze-24","kind":"poi","name":"La Casa Encendida","theme":"muze","lab":1},"geometry":{"type":"Point","coordinates":[-3.69988,40.40609]}},{"type":"Feature","properties":{"id":"ih-muze-25","kind":"poi","name":"Casón del Buen Retiro","theme":"muze","lab":1},"geometry":{"type":"Point","coordinates":[-3.68961,40.41526]}},{"type":"Feature","properties":{"id":"ih-muze-26","kind":"poi","name":"Museo Lázaro Galdiano","theme":"muze","lab":1},"geometry":{"type":"Point","coordinates":[-3.68577,40.43699]}},{"type":"Feature","properties":{"id":"ih-muze-27","kind":"poi","name":"Museo Municipal de Arte en Vidrio (MAVA)","theme":"muze","lab":1},"geometry":{"type":"Point","coordinates":[-3.80659,40.35327]}},{"type":"Feature","properties":{"id":"ih-muze-28","kind":"poi","name":"Espacio Cultural Serrería Belga","theme":"muze","lab":1},"geometry":{"type":"Point","coordinates":[-3.69359,40.41045]}},{"type":"Feature","properties":{"id":"ih-muze-29","kind":"poi","name":"Museo Naval de Madrid","theme":"muze","lab":1},"geometry":{"type":"Point","coordinates":[-3.69239,40.41752]}},{"type":"Feature","properties":{"id":"ih-muze-30","kind":"poi","name":"Casa Museo Lope de Vega","theme":"muze","lab":1},"geometry":{"type":"Point","coordinates":[-3.69743,40.41441]}},{"type":"Feature","properties":{"id":"ih-muze-31","kind":"poi","name":"Instituto Geológico y Minero de España","theme":"muze","lab":1},"geometry":{"type":"Point","coordinates":[-3.69963,40.44252]}},{"type":"Feature","properties":{"id":"ih-muze-32","kind":"poi","name":"Silo de Hortaleza","theme":"muze","lab":1},"geometry":{"type":"Point","coordinates":[-3.64543,40.47492]}},{"type":"Feature","properties":{"id":"ih-muze-33","kind":"poi","name":"Museo de San Isidro","theme":"muze","lab":1},"geometry":{"type":"Point","coordinates":[-3.71096,40.41234]}},{"type":"Feature","properties":{"id":"ih-muze-34","kind":"poi","name":"Templo de Debod","theme":"muze","lab":1},"geometry":{"type":"Point","coordinates":[-3.71747,40.42407]}},{"type":"Feature","properties":{"id":"ih-muze-35","kind":"poi","name":"Museo Nacional Centro de Arte Reina Sofía","theme":"muze","lab":1},"geometry":{"type":"Point","coordinates":[-3.6946,40.40804]}},{"type":"Feature","properties":{"id":"ih-muze-36","kind":"poi","name":"Sala Arte Joven","theme":"muze","lab":1},"geometry":{"type":"Point","coordinates":[-3.67632,40.43858]}},{"type":"Feature","properties":{"id":"ih-muze-37","kind":"poi","name":"Museo del Robot","theme":"muze","lab":1},"geometry":{"type":"Point","coordinates":[-3.81838,40.33356]}},{"type":"Feature","properties":{"id":"ih-muze-38","kind":"poi","name":"Museo de Telecomunicaciones (Escuela Técnica Superior de Ingenieros en Sistemas de Telecomunicación)","theme":"muze","lab":1},"geometry":{"type":"Point","coordinates":[-3.62879,40.38954]}},{"type":"Feature","properties":{"id":"ih-muze-39","kind":"poi","name":"Museo de la Real Academia de Bellas Artes de San Fernando","theme":"muze","lab":1},"geometry":{"type":"Point","coordinates":[-3.70076,40.41771]}},{"type":"Feature","properties":{"id":"ih-muze-40","kind":"poi","name":"Fundación Mapfre - Sala de exposiciones Bárbara de Braganza","theme":"muze","lab":1},"geometry":{"type":"Point","coordinates":[-3.69195,40.4235]}},{"type":"Feature","properties":{"id":"ih-muze-41","kind":"poi","name":"Centro cultural Villa de Móstoles","theme":"muze","lab":1},"geometry":{"type":"Point","coordinates":[-3.86629,40.32274]}},{"type":"Feature","properties":{"id":"ih-muze-42","kind":"poi","name":"Museo Policía Municipal de Madrid","theme":"muze","lab":1},"geometry":{"type":"Point","coordinates":[-3.67685,40.40208]}},{"type":"Feature","properties":{"id":"ih-muze-43","kind":"poi","name":"Museo de la Guardia Civil","theme":"muze","lab":1},"geometry":{"type":"Point","coordinates":[-3.71215,40.44421]}},{"type":"Feature","properties":{"id":"ih-muze-44","kind":"poi","name":"Andén Cero - Estación de Chamberí","theme":"muze","lab":1},"geometry":{"type":"Point","coordinates":[-3.69773,40.43226]}},{"type":"Feature","properties":{"id":"ih-muze-45","kind":"poi","name":"Museo de Colecciones ICO","theme":"muze","lab":1},"geometry":{"type":"Point","coordinates":[-3.69777,40.41684]}},{"type":"Feature","properties":{"id":"ih-muze-46","kind":"poi","name":"Nuevo Centro Cultural","theme":"muze","lab":1},"geometry":{"type":"Point","coordinates":[-3.81442,40.4352]}},{"type":"Feature","properties":{"id":"ih-muze-47","kind":"poi","name":"Casa Museo del Ratón Pérez","theme":"muze","lab":1},"geometry":{"type":"Point","coordinates":[-3.70549,40.4172]}},{"type":"Feature","properties":{"id":"ih-muze-48","kind":"poi","name":"Yacimiento Paleontológico de la Carpetana. Estación de Carpetana Metro Madrid","theme":"muze","lab":1},"geometry":{"type":"Point","coordinates":[-3.74129,40.39281]}},{"type":"Feature","properties":{"id":"ih-muze-49","kind":"poi","name":"Velázquez Tech","theme":"muze","lab":1},"geometry":{"type":"Point","coordinates":[-3.70459,40.41439]}},{"type":"Feature","properties":{"id":"ih-muze-50","kind":"poi","name":"Museo del Bonsái Luis Vallejo","theme":"muze","lab":1},"geometry":{"type":"Point","coordinates":[-3.63053,40.53674]}},{"type":"Feature","properties":{"id":"ih-muze-51","kind":"poi","name":"Museo Taurino","theme":"muze","lab":1},"geometry":{"type":"Point","coordinates":[-3.66343,40.43295]}},{"type":"Feature","properties":{"id":"ih-muze-52","kind":"poi","name":"Museo de la Biblioteca Nacional de España","theme":"muze","lab":1},"geometry":{"type":"Point","coordinates":[-3.6895,40.42403]}},{"type":"Feature","properties":{"id":"ih-muze-53","kind":"poi","name":"Espacio Fundación Telefónica","theme":"muze","lab":1},"geometry":{"type":"Point","coordinates":[-3.7016,40.42041]}},{"type":"Feature","properties":{"id":"ih-muze-54","kind":"poi","name":"Museo del Reloj Grassy","theme":"muze","lab":1},"geometry":{"type":"Point","coordinates":[-3.69787,40.41911]}},{"type":"Feature","properties":{"id":"ih-muze-55","kind":"poi","name":"Museo de la Catedral de la Almudena","theme":"muze","lab":1},"geometry":{"type":"Point","coordinates":[-3.7151,40.4161]}},{"type":"Feature","properties":{"id":"ih-muze-56","kind":"poi","name":"Fundación AMYC (Arte Moderno y Contemporáneo). Casa - Museo Fuente del Rey","theme":"muze","lab":1},"geometry":{"type":"Point","coordinates":[-3.77058,40.45546]}},{"type":"Feature","properties":{"id":"ih-muze-57","kind":"poi","name":"Museo Los Caños del Peral. Estación de Metro Ópera","theme":"muze","lab":1},"geometry":{"type":"Point","coordinates":[-3.70929,40.41816]}},{"type":"Feature","properties":{"id":"ih-muze-58","kind":"poi","name":"Museo Histórico GeoMinero Don Felipe de Borbón y Grecia","theme":"muze","lab":1},"geometry":{"type":"Point","coordinates":[-3.70033,40.44214]}},{"type":"Feature","properties":{"id":"ih-muze-59","kind":"poi","name":"Museo de Historia de la Comunidad Judía de Madrid","theme":"muze","lab":1},"geometry":{"type":"Point","coordinates":[-3.69989,40.43547]}},{"type":"Feature","properties":{"id":"ih-muze-60","kind":"poi","name":"Museo EMT","theme":"muze","lab":1},"geometry":{"type":"Point","coordinates":[-3.68394,40.47636]}},{"type":"Feature","properties":{"id":"ih-muze-61","kind":"poi","name":"Casa Árabe","theme":"muze","lab":1},"geometry":{"type":"Point","coordinates":[-3.68171,40.42169]}},{"type":"Feature","properties":{"id":"ih-muze-62","kind":"poi","name":"Cuadros Club","theme":"muze","lab":1},"geometry":{"type":"Point","coordinates":[-3.87612,40.48926]}},{"type":"Feature","properties":{"id":"ih-muze-63","kind":"poi","name":"Sala de Exposiciones","theme":"muze","lab":1},"geometry":{"type":"Point","coordinates":[-3.81007,40.44544]}},{"type":"Feature","properties":{"id":"ih-muze-64","kind":"poi","name":"Real Cocina de Palacio","theme":"muze","lab":1},"geometry":{"type":"Point","coordinates":[-3.71374,40.41861]}},{"type":"Feature","properties":{"id":"ih-muze-65","kind":"poi","name":"Museo Colección de Veterinaria Militar","theme":"muze","lab":1},"geometry":{"type":"Point","coordinates":[-3.78114,40.39174]}},{"type":"Feature","properties":{"id":"ih-muze-66","kind":"poi","name":"Museo de las ilusiones","theme":"muze","lab":1},"geometry":{"type":"Point","coordinates":[-3.70392,40.41325]}},{"type":"Feature","properties":{"id":"ih-muze-67","kind":"poi","name":"Aula Museo de Construcción","theme":"muze","lab":1},"geometry":{"type":"Point","coordinates":[-3.73191,40.43912]}},{"type":"Feature","properties":{"id":"ih-muze-68","kind":"poi","name":"Museo de la Felicidad","theme":"muze","lab":1},"geometry":{"type":"Point","coordinates":[-3.70084,40.40574]}},{"type":"Feature","properties":{"id":"ih-muze-69","kind":"poi","name":"Antiguo Mercado de Getafe","theme":"muze","lab":1},"geometry":{"type":"Point","coordinates":[-3.73172,40.30517]}},{"type":"Feature","properties":{"id":"ih-muze-70","kind":"poi","name":"Museo De La Luz Madrid","theme":"muze","lab":1},"geometry":{"type":"Point","coordinates":[-3.70937,40.41377]}},{"type":"Feature","properties":{"id":"ih-muze-71","kind":"poi","name":"Museo Olavide","theme":"muze","lab":1},"geometry":{"type":"Point","coordinates":[-3.72333,40.44315]}},{"type":"Feature","properties":{"id":"ih-muze-72","kind":"poi","name":"Museo Banksy Madrid","theme":"muze","lab":1},"geometry":{"type":"Point","coordinates":[-3.70617,40.40375]}},{"type":"Feature","properties":{"id":"ih-muze-73","kind":"poi","name":"Museo de Mineralogía (UAM)","theme":"muze","lab":1},"geometry":{"type":"Point","coordinates":[-3.69535,40.54674]}},{"type":"Feature","properties":{"id":"ih-muze-74","kind":"poi","name":"Museo Davinci","theme":"muze","lab":1},"geometry":{"type":"Point","coordinates":[-3.70756,40.42364]}},{"type":"Feature","properties":{"id":"ih-muze-75","kind":"poi","name":"Edificio Villanueva","theme":"muze","lab":1},"geometry":{"type":"Point","coordinates":[-3.6876,40.40844]}},{"type":"Feature","properties":{"id":"ih-muze-76","kind":"poi","name":"Museo Nacional de Ciencia y Tecnología","theme":"muze","lab":1},"geometry":{"type":"Point","coordinates":[-3.64135,40.53772]}},{"type":"Feature","properties":{"id":"ih-muze-77","kind":"poi","name":"Centro Entomológico Manuel Ortego","theme":"muze","lab":1},"geometry":{"type":"Point","coordinates":[-3.73088,40.41896]}},{"type":"Feature","properties":{"id":"ih-muze-78","kind":"poi","name":"Museo de la Ciudad de Móstoles","theme":"muze","lab":1},"geometry":{"type":"Point","coordinates":[-3.86727,40.32394]}},{"type":"Feature","properties":{"id":"ih-muze-79","kind":"poi","name":"Sala de exposiciones Fernando VI","theme":"muze","lab":1},"geometry":{"type":"Point","coordinates":[-3.53108,40.4258]}},{"type":"Feature","properties":{"id":"ih-muze-80","kind":"poi","name":"Museo de la Ciudad","theme":"muze","lab":1},"geometry":{"type":"Point","coordinates":[-3.53462,40.42568]}},{"type":"Feature","properties":{"id":"ih-muze-81","kind":"poi","name":"Pabellón del Telescopio de Herschel","theme":"muze","lab":1},"geometry":{"type":"Point","coordinates":[-3.68676,40.40767]}},{"type":"Feature","properties":{"id":"ih-muze-82","kind":"poi","name":"Sala de Ciencias de la Tierra y del Universo","theme":"muze","lab":1},"geometry":{"type":"Point","coordinates":[-3.68644,40.40817]}},{"type":"Feature","properties":{"id":"ih-muze-83","kind":"poi","name":"Pabellón del Astrógrafo","theme":"muze","lab":1},"geometry":{"type":"Point","coordinates":[-3.6871,40.40801]}},{"type":"Feature","properties":{"id":"ih-muze-84","kind":"poi","name":"Naturalario del Humedal","theme":"muze","lab":1},"geometry":{"type":"Point","coordinates":[-3.57,40.41541]}},{"type":"Feature","properties":{"id":"ih-muze-85","kind":"poi","name":"Almacén del MUNCYT","theme":"muze","lab":1},"geometry":{"type":"Point","coordinates":[-3.69064,40.39854]}},{"type":"Feature","properties":{"id":"ih-muze-86","kind":"poi","name":"Casa Museo Andrés Torrejón","theme":"muze","lab":1},"geometry":{"type":"Point","coordinates":[-3.86752,40.32472]}},{"type":"Feature","properties":{"id":"ih-muze-87","kind":"poi","name":"Museo del Ferrocarril de Las Rozas","theme":"muze","lab":1},"geometry":{"type":"Point","coordinates":[-3.8951,40.55005]}},{"type":"Feature","properties":{"id":"ih-muze-88","kind":"poi","name":"Museo de Vicálvaro","theme":"muze","lab":1},"geometry":{"type":"Point","coordinates":[-3.60913,40.40771]}},{"type":"Feature","properties":{"id":"ih-muze-89","kind":"poi","name":"Museo del Labrador","theme":"muze","lab":1},"geometry":{"type":"Point","coordinates":[-3.82881,40.25046]}},{"type":"Feature","properties":{"id":"ih-muze-90","kind":"poi","name":"Sala Histórica de la Guardia Real","theme":"muze","lab":1},"geometry":{"type":"Point","coordinates":[-3.7779,40.52294]}},{"type":"Feature","properties":{"id":"ih-muze-91","kind":"poi","name":"Museo Africano Mundo Negro","theme":"muze","lab":1},"geometry":{"type":"Point","coordinates":[-3.65191,40.44934]}},{"type":"Feature","properties":{"id":"ih-muze-92","kind":"poi","name":"Museo de Sanidad e Higiene Pública","theme":"muze","lab":1},"geometry":{"type":"Point","coordinates":[-3.69099,40.47629]}},{"type":"Feature","properties":{"id":"ih-muze-93","kind":"poi","name":"Museo Panteón de Goya","theme":"muze","lab":1},"geometry":{"type":"Point","coordinates":[-3.72553,40.4254]}},{"type":"Feature","properties":{"id":"ih-muze-94","kind":"poi","name":"Museo Acciona / Auditorio","theme":"muze","lab":1},"geometry":{"type":"Point","coordinates":[-3.65991,40.46835]}},{"type":"Feature","properties":{"id":"ih-hastane-0","kind":"poi","name":"Hospital Carlos III","theme":"hastane","lab":1},"geometry":{"type":"Point","coordinates":[-3.69638,40.4751]}},{"type":"Feature","properties":{"id":"ih-hastane-1","kind":"poi","name":"Hospital Universitario 12 de Octubre","theme":"hastane","lab":1},"geometry":{"type":"Point","coordinates":[-3.69848,40.37622]}},{"type":"Feature","properties":{"id":"ih-hastane-2","kind":"poi","name":"Hospital Universitario de Getafe","theme":"hastane","lab":1},"geometry":{"type":"Point","coordinates":[-3.74261,40.31266]}},{"type":"Feature","properties":{"id":"ih-hastane-3","kind":"poi","name":"Hospital Universitario de Móstoles","theme":"hastane","lab":1},"geometry":{"type":"Point","coordinates":[-3.87753,40.31581]}},{"type":"Feature","properties":{"id":"ih-hastane-4","kind":"poi","name":"Hospital Universitario de Fuenlabrada.","theme":"hastane","lab":1},"geometry":{"type":"Point","coordinates":[-3.816,40.28701]}},{"type":"Feature","properties":{"id":"ih-hastane-5","kind":"poi","name":"Ciudad Sanitaria La Paz","theme":"hastane","lab":1},"geometry":{"type":"Point","coordinates":[-3.6873,40.48139]}},{"type":"Feature","properties":{"id":"ih-hastane-6","kind":"poi","name":"Hospital Madrid - Torrelodones","theme":"hastane","lab":1},"geometry":{"type":"Point","coordinates":[-3.9261,40.57056]}},{"type":"Feature","properties":{"id":"ih-hastane-7","kind":"poi","name":"Hospital Universitario San Rafael","theme":"hastane","lab":1},"geometry":{"type":"Point","coordinates":[-3.68012,40.45111]}},{"type":"Feature","properties":{"id":"ih-hastane-8","kind":"poi","name":"Instituto Psiquiátrico José Germain.","theme":"hastane","lab":1},"geometry":{"type":"Point","coordinates":[-3.76691,40.32699]}},{"type":"Feature","properties":{"id":"ih-hastane-9","kind":"poi","name":"Hospital Beata María Ana","theme":"hastane","lab":1},"geometry":{"type":"Point","coordinates":[-3.668,40.41812]}},{"type":"Feature","properties":{"id":"ih-hastane-10","kind":"poi","name":"Hospital General Universitario Gregorio Marañón.","theme":"hastane","lab":1},"geometry":{"type":"Point","coordinates":[-3.67117,40.41966]}},{"type":"Feature","properties":{"id":"ih-hastane-11","kind":"poi","name":"Hospital Infantil Universitario del Niño Jesús","theme":"hastane","lab":1},"geometry":{"type":"Point","coordinates":[-3.67613,40.41429]}},{"type":"Feature","properties":{"id":"ih-hastane-12","kind":"poi","name":"Hospital Central de la Cruz Roja San José y Santa Adela","theme":"hastane","lab":1},"geometry":{"type":"Point","coordinates":[-3.70767,40.44799]}},{"type":"Feature","properties":{"id":"ih-hastane-13","kind":"poi","name":"Hospital de Cantoblanco","theme":"hastane","lab":1},"geometry":{"type":"Point","coordinates":[-3.69313,40.53951]}},{"type":"Feature","properties":{"id":"ih-hastane-14","kind":"poi","name":"Hospital Universitario HM Puerta del Sur","theme":"hastane","lab":1},"geometry":{"type":"Point","coordinates":[-3.85988,40.315]}},{"type":"Feature","properties":{"id":"ih-hastane-15","kind":"poi","name":"Hospital Universitario Ramón y Cajal.","theme":"hastane","lab":1},"geometry":{"type":"Point","coordinates":[-3.69385,40.48736]}},{"type":"Feature","properties":{"id":"ih-hastane-16","kind":"poi","name":"Hospital Universitario Infanta Sofía","theme":"hastane","lab":1},"geometry":{"type":"Point","coordinates":[-3.61055,40.55784]}},{"type":"Feature","properties":{"id":"ih-hastane-17","kind":"poi","name":"Hospital del Henares","theme":"hastane","lab":1},"geometry":{"type":"Point","coordinates":[-3.5329,40.41852]}},{"type":"Feature","properties":{"id":"ih-hastane-18","kind":"poi","name":"Hospital Fundación Jiménez Díaz","theme":"hastane","lab":1},"geometry":{"type":"Point","coordinates":[-3.71918,40.43892]}},{"type":"Feature","properties":{"id":"ih-hastane-19","kind":"poi","name":"Hospital Universitario Clínico San Carlos","theme":"hastane","lab":1},"geometry":{"type":"Point","coordinates":[-3.72001,40.44067]}},{"type":"Feature","properties":{"id":"ih-hastane-20","kind":"poi","name":"Hospital Virgen de la Torre","theme":"hastane","lab":1},"geometry":{"type":"Point","coordinates":[-3.61927,40.38101]}},{"type":"Feature","properties":{"id":"ih-hastane-21","kind":"poi","name":"Hospital Universitario de la Princesa","theme":"hastane","lab":1},"geometry":{"type":"Point","coordinates":[-3.67576,40.43403]}},{"type":"Feature","properties":{"id":"ih-hastane-22","kind":"poi","name":"Hospital Severo Ochoa","theme":"hastane","lab":1},"geometry":{"type":"Point","coordinates":[-3.76989,40.32073]}},{"type":"Feature","properties":{"id":"ih-hastane-23","kind":"poi","name":"Clínica Cemtro","theme":"hastane","lab":1},"geometry":{"type":"Point","coordinates":[-3.71696,40.494]}},{"type":"Feature","properties":{"id":"ih-hastane-24","kind":"poi","name":"Hospital San Rafael","theme":"hastane","lab":1},"geometry":{"type":"Point","coordinates":[-3.68182,40.45246]}},{"type":"Feature","properties":{"id":"ih-hastane-25","kind":"poi","name":"Fundación Instituto San José","theme":"hastane","lab":1},"geometry":{"type":"Point","coordinates":[-3.77355,40.3633]}},{"type":"Feature","properties":{"id":"ih-hastane-26","kind":"poi","name":"Hospital Universitario HM Sanchinarro","theme":"hastane","lab":1},"geometry":{"type":"Point","coordinates":[-3.66716,40.49056]}},{"type":"Feature","properties":{"id":"ih-hastane-27","kind":"poi","name":"Centro de Salud El Greco","theme":"hastane","lab":1},"geometry":{"type":"Point","coordinates":[-3.73681,40.29849]}},{"type":"Feature","properties":{"id":"ih-hastane-28","kind":"poi","name":"Hospital San Francisco de Asís","theme":"hastane","lab":1},"geometry":{"type":"Point","coordinates":[-3.68378,40.44264]}},{"type":"Feature","properties":{"id":"ih-hastane-29","kind":"poi","name":"Hospital Virgen de la Paloma","theme":"hastane","lab":1},"geometry":{"type":"Point","coordinates":[-3.71622,40.44534]}},{"type":"Feature","properties":{"id":"ih-hastane-30","kind":"poi","name":"Hospital Universitario Infanta Leonor","theme":"hastane","lab":1},"geometry":{"type":"Point","coordinates":[-3.61768,40.38632]}},{"type":"Feature","properties":{"id":"ih-hastane-31","kind":"poi","name":"Instituto Provincial de Rehabilitación","theme":"hastane","lab":1},"geometry":{"type":"Point","coordinates":[-3.67252,40.43328]}},{"type":"Feature","properties":{"id":"ih-hastane-32","kind":"poi","name":"Hospital Virgen del Mar","theme":"hastane","lab":1},"geometry":{"type":"Point","coordinates":[-3.67859,40.45935]}},{"type":"Feature","properties":{"id":"ih-hastane-33","kind":"poi","name":"Clínica Santa Elena","theme":"hastane","lab":1},"geometry":{"type":"Point","coordinates":[-3.71665,40.44564]}},{"type":"Feature","properties":{"id":"ih-hastane-34","kind":"poi","name":"Hospital Quironsalud Sur","theme":"hastane","lab":1},"geometry":{"type":"Point","coordinates":[-3.84911,40.34315]}},{"type":"Feature","properties":{"id":"ih-hastane-35","kind":"poi","name":"Hospital Universitario Vithas Madrid Arturo Soria","theme":"hastane","lab":1},"geometry":{"type":"Point","coordinates":[-3.65207,40.44965]}},{"type":"Feature","properties":{"id":"ih-hastane-36","kind":"poi","name":"Centro médico Costa Rica","theme":"hastane","lab":1},"geometry":{"type":"Point","coordinates":[-3.66893,40.45927]}},{"type":"Feature","properties":{"id":"ih-hastane-37","kind":"poi","name":"Centro de Especialidades González Bueno","theme":"hastane","lab":1},"geometry":{"type":"Point","coordinates":[-3.62715,40.42347]}},{"type":"Feature","properties":{"id":"ih-hastane-38","kind":"poi","name":"Cruz Roja Ofic. Territorial Hortaleza-Madrid","theme":"hastane","lab":1},"geometry":{"type":"Point","coordinates":[-3.62918,40.4622]}},{"type":"Feature","properties":{"id":"ih-hastane-39","kind":"poi","name":"Hospital de Majadahonda Fremap","theme":"hastane","lab":1},"geometry":{"type":"Point","coordinates":[-3.85089,40.45062]}},{"type":"Feature","properties":{"id":"ih-hastane-40","kind":"poi","name":"Hospital Rey Juan Carlos I","theme":"hastane","lab":1},"geometry":{"type":"Point","coordinates":[-3.87022,40.3392]}},{"type":"Feature","properties":{"id":"ih-hastane-41","kind":"poi","name":"Sede Cruz Roja Española","theme":"hastane","lab":1},"geometry":{"type":"Point","coordinates":[-3.70924,40.44756]}},{"type":"Feature","properties":{"id":"ih-hastane-42","kind":"poi","name":"Hospital Universitario La Moraleja Sanitas","theme":"hastane","lab":1},"geometry":{"type":"Point","coordinates":[-3.66303,40.49231]}},{"type":"Feature","properties":{"id":"ih-hastane-43","kind":"poi","name":"Hospital Vithas Madrid Aravaca","theme":"hastane","lab":1},"geometry":{"type":"Point","coordinates":[-3.78374,40.46716]}},{"type":"Feature","properties":{"id":"ih-hastane-44","kind":"poi","name":"Instituto Provincial de Oftalmología","theme":"hastane","lab":1},"geometry":{"type":"Point","coordinates":[-3.69303,40.43212]}},{"type":"Feature","properties":{"id":"ih-hastane-45","kind":"poi","name":"Hospital Dr. Rodríguez Lafora (Psiquiátrico)","theme":"hastane","lab":1},"geometry":{"type":"Point","coordinates":[-3.69126,40.53182]}},{"type":"Feature","properties":{"id":"ih-hastane-46","kind":"poi","name":"Hospital Fundación Alcorcón","theme":"hastane","lab":1},"geometry":{"type":"Point","coordinates":[-3.83741,40.34887]}},{"type":"Feature","properties":{"id":"ih-hastane-47","kind":"poi","name":"Sanitas Mirasierra","theme":"hastane","lab":1},"geometry":{"type":"Point","coordinates":[-3.70673,40.4932]}},{"type":"Feature","properties":{"id":"ih-hastane-48","kind":"poi","name":"Quirón Hospital Universitario","theme":"hastane","lab":1},"geometry":{"type":"Point","coordinates":[-3.78338,40.40272]}},{"type":"Feature","properties":{"id":"ih-hastane-49","kind":"poi","name":"Centro Clínico ATAM","theme":"hastane","lab":1},"geometry":{"type":"Point","coordinates":[-3.82797,40.44335]}},{"type":"Feature","properties":{"id":"ih-hastane-50","kind":"poi","name":"Hospital HM Rivas","theme":"hastane","lab":1},"geometry":{"type":"Point","coordinates":[-3.52499,40.3431]}},{"type":"Feature","properties":{"id":"ih-hastane-51","kind":"poi","name":"Hospital Universitario Puerta de Hierro Majadahonda","theme":"hastane","lab":1},"geometry":{"type":"Point","coordinates":[-3.87384,40.45026]}},{"type":"Feature","properties":{"id":"ih-hastane-52","kind":"poi","name":"Centro de especialidades Emigrantes","theme":"hastane","lab":1},"geometry":{"type":"Point","coordinates":[-3.6364,40.46859]}},{"type":"Feature","properties":{"id":"ih-hastane-53","kind":"poi","name":"Gerencia Sermas","theme":"hastane","lab":1},"geometry":{"type":"Point","coordinates":[-3.72677,40.46812]}},{"type":"Feature","properties":{"id":"ih-hastane-54","kind":"poi","name":"Clínica del Dolor de Madrid","theme":"hastane","lab":1},"geometry":{"type":"Point","coordinates":[-3.70863,40.43258]}},{"type":"Feature","properties":{"id":"ih-hastane-55","kind":"poi","name":"Urgencias Severo Ochoa","theme":"hastane","lab":1},"geometry":{"type":"Point","coordinates":[-3.76918,40.31945]}},{"type":"Feature","properties":{"id":"ih-hastane-56","kind":"poi","name":"Urgencias (Infantil) Severo Ochoa","theme":"hastane","lab":1},"geometry":{"type":"Point","coordinates":[-3.77021,40.31967]}},{"type":"Feature","properties":{"id":"ih-hastane-57","kind":"poi","name":"Villafranca dental","theme":"hastane","lab":1},"geometry":{"type":"Point","coordinates":[-3.9495,40.46566]}},{"type":"Feature","properties":{"id":"ih-hastane-58","kind":"poi","name":"Hospital Sanitas Valdebebas","theme":"hastane","lab":1},"geometry":{"type":"Point","coordinates":[-3.60602,40.49282]}},{"type":"Feature","properties":{"id":"ih-hastane-59","kind":"poi","name":"Clinica Mare - Medicina y Cirugía Estética","theme":"hastane","lab":1},"geometry":{"type":"Point","coordinates":[-3.73243,40.48711]}},{"type":"Feature","properties":{"id":"ih-hastane-60","kind":"poi","name":"Unidad oncológica y del dolor","theme":"hastane","lab":1},"geometry":{"type":"Point","coordinates":[-3.81629,40.28796]}},{"type":"Feature","properties":{"id":"ih-hastane-61","kind":"poi","name":"Clínica Ruber Internacional","theme":"hastane","lab":1},"geometry":{"type":"Point","coordinates":[-3.71559,40.48971]}},{"type":"Feature","properties":{"id":"ih-hastane-62","kind":"poi","name":"Hospital de la Zarzuela","theme":"hastane","lab":1},"geometry":{"type":"Point","coordinates":[-3.78517,40.46259]}},{"type":"Feature","properties":{"id":"ih-hastane-63","kind":"poi","name":"Hospital Montepríncipe","theme":"hastane","lab":1},"geometry":{"type":"Point","coordinates":[-3.84491,40.41435]}},{"type":"Feature","properties":{"id":"ih-hastane-64","kind":"poi","name":"CHUMED - Hospital Universitario de la UCJC","theme":"hastane","lab":1},"geometry":{"type":"Point","coordinates":[-3.8437,40.41511]}},{"type":"Feature","properties":{"id":"ih-hastane-65","kind":"poi","name":"Centro de Salud San Juan de la Cruz","theme":"hastane","lab":1},"geometry":{"type":"Point","coordinates":[-3.81445,40.43057]}},{"type":"Feature","properties":{"id":"ih-hastane-66","kind":"poi","name":"Centro de Salud de Paracuellos de Jarama","theme":"hastane","lab":1},"geometry":{"type":"Point","coordinates":[-3.53206,40.5065]}},{"type":"Feature","properties":{"id":"ih-hastane-67","kind":"poi","name":"Centro de Salud Miguel Servet","theme":"hastane","lab":1},"geometry":{"type":"Point","coordinates":[-3.83377,40.34767]}},{"type":"Feature","properties":{"id":"ih-hastane-68","kind":"poi","name":"Clínica MAZ","theme":"hastane","lab":1},"geometry":{"type":"Point","coordinates":[-3.62982,40.43452]}},{"type":"Feature","properties":{"id":"ih-hastane-69","kind":"poi","name":"Hospital de la Venerable Orden Tercera de San Francisco","theme":"hastane","lab":1},"geometry":{"type":"Point","coordinates":[-3.71409,40.40875]}},{"type":"Feature","properties":{"id":"ih-hastane-70","kind":"poi","name":"Centro de Cuidados paliativos Laguna","theme":"hastane","lab":1},"geometry":{"type":"Point","coordinates":[-3.74715,40.40072]}},{"type":"Feature","properties":{"id":"ih-hastane-71","kind":"poi","name":"Centro de Especialidades Avenida de Portugal","theme":"hastane","lab":1},"geometry":{"type":"Point","coordinates":[-3.73793,40.41093]}},{"type":"Feature","properties":{"id":"ih-hastane-72","kind":"poi","name":"Centro de Salud Loranca-Nuevos Versalles","theme":"hastane","lab":1},"geometry":{"type":"Point","coordinates":[-3.83634,40.29729]}},{"type":"Feature","properties":{"id":"ih-hastane-73","kind":"poi","name":"Clínica Asepeyo","theme":"hastane","lab":1},"geometry":{"type":"Point","coordinates":[-3.5315,40.43617]}},{"type":"Feature","properties":{"id":"ih-hastane-74","kind":"poi","name":"Sanatorio Psiquiátrico Esquerdo","theme":"hastane","lab":1},"geometry":{"type":"Point","coordinates":[-3.75932,40.38185]}},{"type":"Feature","properties":{"id":"ih-hastane-75","kind":"poi","name":"Hospital Universitario HM Madrid","theme":"hastane","lab":1},"geometry":{"type":"Point","coordinates":[-3.70663,40.43127]}},{"type":"Feature","properties":{"id":"ih-hastane-76","kind":"poi","name":"Centro de Salud Arroyo de la Vega","theme":"hastane","lab":1},"geometry":{"type":"Point","coordinates":[-3.63118,40.53795]}},{"type":"Feature","properties":{"id":"ih-hastane-77","kind":"poi","name":"Centro de Salud Marqués de la Valdavia","theme":"hastane","lab":1},"geometry":{"type":"Point","coordinates":[-3.6458,40.5448]}},{"type":"Feature","properties":{"id":"ih-hastane-78","kind":"poi","name":"Instituto Galene de Psicoterapia","theme":"hastane","lab":1},"geometry":{"type":"Point","coordinates":[-3.65368,40.45941]}},{"type":"Feature","properties":{"id":"ih-hastane-79","kind":"poi","name":"Centro de Salud Dos de Mayo","theme":"hastane","lab":1},"geometry":{"type":"Point","coordinates":[-3.87184,40.31896]}},{"type":"Feature","properties":{"id":"ih-hastane-80","kind":"poi","name":"Centro de Especialidades Coronel de Palma","theme":"hastane","lab":1},"geometry":{"type":"Point","coordinates":[-3.87173,40.31875]}},{"type":"Feature","properties":{"id":"ih-hastane-81","kind":"poi","name":"Centro de Salud \"La Chopera\"","theme":"hastane","lab":1},"geometry":{"type":"Point","coordinates":[-3.6398,40.54061]}},{"type":"Feature","properties":{"id":"ih-hastane-82","kind":"poi","name":"Centro de Salud \"Rosa Luxemburgo\"","theme":"hastane","lab":1},"geometry":{"type":"Point","coordinates":[-3.63243,40.55913]}},{"type":"Feature","properties":{"id":"ih-hastane-83","kind":"poi","name":"Clínica López Ibor","theme":"hastane","lab":1},"geometry":{"type":"Point","coordinates":[-3.72508,40.46881]}},{"type":"Feature","properties":{"id":"ih-hastane-84","kind":"poi","name":"Clínica Fuensanta","theme":"hastane","lab":1},"geometry":{"type":"Point","coordinates":[-3.64028,40.44007]}},{"type":"Feature","properties":{"id":"ih-hastane-85","kind":"poi","name":"Hospital Ambulatorio Virgen del Mar","theme":"hastane","lab":1},"geometry":{"type":"Point","coordinates":[-3.68515,40.46453]}},{"type":"Feature","properties":{"id":"ih-hastane-86","kind":"poi","name":"Clínica San Miguel (Hermanas Hospitalarias)","theme":"hastane","lab":1},"geometry":{"type":"Point","coordinates":[-3.66014,40.46008]}},{"type":"Feature","properties":{"id":"ih-hastane-87","kind":"poi","name":"Hospital de Día Pio XII","theme":"hastane","lab":1},"geometry":{"type":"Point","coordinates":[-3.67063,40.46598]}},{"type":"Feature","properties":{"id":"ih-hastane-88","kind":"poi","name":"Centro de Salud Las Ciudades","theme":"hastane","lab":1},"geometry":{"type":"Point","coordinates":[-3.71419,40.3144]}},{"type":"Feature","properties":{"id":"ih-hastane-89","kind":"poi","name":"Centro de Protonterapia de Quirónsalud","theme":"hastane","lab":1},"geometry":{"type":"Point","coordinates":[-3.79059,40.39702]}}]}