{"type":"FeatureCollection","features":[{"type":"Feature","properties":{"id":"ke-tarihi-0","kind":"poi","name":"Círculo de Bellas Artes","theme":"tarihi","lab":1},"geometry":{"type":"Point","coordinates":[-3.6965,40.41817]}},{"type":"Feature","properties":{"id":"ke-tarihi-2","kind":"poi","name":"Palacio de Cristal","theme":"tarihi","lab":1},"geometry":{"type":"Point","coordinates":[-3.68206,40.41359]}},{"type":"Feature","properties":{"id":"ke-tarihi-3","kind":"poi","name":"Real Basílica de San Francisco el Grande","theme":"tarihi","lab":1},"geometry":{"type":"Point","coordinates":[-3.71456,40.41043]}},{"type":"Feature","properties":{"id":"ke-tarihi-4","kind":"poi","name":"Puerta de Alcalá","theme":"tarihi","lab":1},"geometry":{"type":"Point","coordinates":[-3.68872,40.41999]}},{"type":"Feature","properties":{"id":"ke-tarihi-5","kind":"poi","name":"Puerta de Toledo","theme":"tarihi","lab":1},"geometry":{"type":"Point","coordinates":[-3.71162,40.40674]}},{"type":"Feature","properties":{"id":"ke-tarihi-6","kind":"poi","name":"Fuente de Neptuno","theme":"tarihi","lab":1},"geometry":{"type":"Point","coordinates":[-3.69415,40.41526]}},{"type":"Feature","properties":{"id":"ke-tarihi-7","kind":"poi","name":"Ermita de San Antonio de la Florida","theme":"tarihi","lab":1},"geometry":{"type":"Point","coordinates":[-3.72592,40.42572]}},{"type":"Feature","properties":{"id":"ke-tarihi-8","kind":"poi","name":"Real Iglesia de San Antonio de los Alemanes","theme":"tarihi","lab":1},"geometry":{"type":"Point","coordinates":[-3.7037,40.42244]}},{"type":"Feature","properties":{"id":"ke-tarihi-9","kind":"poi","name":"Palacio del Marqués de Alcañices","theme":"tarihi","lab":1},"geometry":{"type":"Point","coordinates":[-3.69277,40.42139]}},{"type":"Feature","properties":{"id":"ke-tarihi-10","kind":"poi","name":"Mezquita Central de Madrid","theme":"tarihi","lab":1},"geometry":{"type":"Point","coordinates":[-3.70087,40.45676]}},{"type":"Feature","properties":{"id":"ke-tarihi-11","kind":"poi","name":"Palacio Gaviria","theme":"tarihi","lab":1},"geometry":{"type":"Point","coordinates":[-3.70615,40.41694]}},{"type":"Feature","properties":{"id":"ke-tarihi-12","kind":"poi","name":"Iglesia de Nuestra Señora de las Maravillas","theme":"tarihi","lab":1},"geometry":{"type":"Point","coordinates":[-3.70437,40.42654]}},{"type":"Feature","properties":{"id":"ke-tarihi-13","kind":"poi","name":"Palacio de los Condes de Guevara","theme":"tarihi","lab":1},"geometry":{"type":"Point","coordinates":[-3.6968,40.42725]}},{"type":"Feature","properties":{"id":"ke-tarihi-14","kind":"poi","name":"Palacio de Bermejillo","theme":"tarihi","lab":1},"geometry":{"type":"Point","coordinates":[-3.68983,40.43327]}},{"type":"Feature","properties":{"id":"ke-tarihi-15","kind":"poi","name":"Iglesia Evangélica Alemana","theme":"tarihi","lab":1},"geometry":{"type":"Point","coordinates":[-3.68919,40.42721]}},{"type":"Feature","properties":{"id":"ke-tarihi-16","kind":"poi","name":"Monumento a Claudio Moyano","theme":"tarihi","lab":1},"geometry":{"type":"Point","coordinates":[-3.69151,40.40932]}},{"type":"Feature","properties":{"id":"ke-tarihi-17","kind":"poi","name":"Parroquia Nuestra Señora del Carmen","theme":"tarihi","lab":1},"geometry":{"type":"Point","coordinates":[-3.80277,40.44596]}},{"type":"Feature","properties":{"id":"ke-tarihi-18","kind":"poi","name":"Convento de Carmelitas Descalzas","theme":"tarihi","lab":1},"geometry":{"type":"Point","coordinates":[-3.68422,40.30927]}},{"type":"Feature","properties":{"id":"ke-tarihi-19","kind":"poi","name":"Puerta de Felipe IV","theme":"tarihi","lab":1},"geometry":{"type":"Point","coordinates":[-3.68869,40.41527]}},{"type":"Feature","properties":{"id":"ke-tarihi-20","kind":"poi","name":"Monumento a los Caídos por España","theme":"tarihi","lab":1},"geometry":{"type":"Point","coordinates":[-3.69288,40.41639]}},{"type":"Feature","properties":{"id":"ke-tarihi-21","kind":"poi","name":"Kilómetro Cero","theme":"tarihi","lab":1},"geometry":{"type":"Point","coordinates":[-3.70381,40.41663]}},{"type":"Feature","properties":{"id":"ke-tarihi-22","kind":"poi","name":"Restos del Muro de Berlín","theme":"tarihi","lab":1},"geometry":{"type":"Point","coordinates":[-3.67513,40.45119]}},{"type":"Feature","properties":{"id":"ke-tarihi-23","kind":"poi","name":"Monumento en honor a los abogados de Atocha","theme":"tarihi","lab":1},"geometry":{"type":"Point","coordinates":[-3.69933,40.4124]}},{"type":"Feature","properties":{"id":"ke-tarihi-24","kind":"poi","name":"Torreón de Arroyomolinos - Torre del Pan","theme":"tarihi","lab":1},"geometry":{"type":"Point","coordinates":[-3.91926,40.2682]}},{"type":"Feature","properties":{"id":"ke-tarihi-25","kind":"poi","name":"Francisco de Quevedo y Villegas","theme":"tarihi","lab":1},"geometry":{"type":"Point","coordinates":[-3.70425,40.43363]}},{"type":"Feature","properties":{"id":"ke-tarihi-26","kind":"poi","name":"Estatua de Federico García Lorca","theme":"tarihi","lab":1},"geometry":{"type":"Point","coordinates":[-3.7005,40.41474]}},{"type":"Feature","properties":{"id":"ke-tarihi-27","kind":"poi","name":"Monumento a José de San Martín","theme":"tarihi","lab":1},"geometry":{"type":"Point","coordinates":[-3.72283,40.43673]}},{"type":"Feature","properties":{"id":"ke-tarihi-28","kind":"poi","name":"Monumento al Teniente General Manuel Cassola","theme":"tarihi","lab":1},"geometry":{"type":"Point","coordinates":[-3.72124,40.43457]}},{"type":"Feature","properties":{"id":"ke-tarihi-29","kind":"poi","name":"Monumento a José Gervasio Artigas","theme":"tarihi","lab":1},"geometry":{"type":"Point","coordinates":[-3.72096,40.43551]}},{"type":"Feature","properties":{"id":"ke-tarihi-30","kind":"poi","name":"Monumento al pintor Eduardo Rosales","theme":"tarihi","lab":1},"geometry":{"type":"Point","coordinates":[-3.72214,40.42901]}},{"type":"Feature","properties":{"id":"ke-tarihi-31","kind":"poi","name":"Monumento al Doctor Federico Rubio y Galí","theme":"tarihi","lab":1},"geometry":{"type":"Point","coordinates":[-3.72437,40.43566]}},{"type":"Feature","properties":{"id":"ke-tarihi-32","kind":"poi","name":"Monumento a la Infanta Isabel","theme":"tarihi","lab":1},"geometry":{"type":"Point","coordinates":[-3.72003,40.42672]}},{"type":"Feature","properties":{"id":"ke-tarihi-33","kind":"poi","name":"Al patricio Juan Pablo Duarte y Díez","theme":"tarihi","lab":1},"geometry":{"type":"Point","coordinates":[-3.72465,40.43034]}},{"type":"Feature","properties":{"id":"ke-tarihi-34","kind":"poi","name":"Monumento a Eugenio de Santa Cruz y Espejo","theme":"tarihi","lab":1},"geometry":{"type":"Point","coordinates":[-3.72551,40.43114]}},{"type":"Feature","properties":{"id":"ke-tarihi-35","kind":"poi","name":"Monumento a Juan Montalvo","theme":"tarihi","lab":1},"geometry":{"type":"Point","coordinates":[-3.72642,40.43222]}},{"type":"Feature","properties":{"id":"ke-tarihi-36","kind":"poi","name":"Monumento a Eugenio María de Hostos","theme":"tarihi","lab":1},"geometry":{"type":"Point","coordinates":[-3.72494,40.43058]}},{"type":"Feature","properties":{"id":"ke-tarihi-37","kind":"poi","name":"Monumento a Concepción Arenal","theme":"tarihi","lab":1},"geometry":{"type":"Point","coordinates":[-3.72519,40.43287]}},{"type":"Feature","properties":{"id":"ke-tarihi-38","kind":"poi","name":"Estatua de Espartero","theme":"tarihi","lab":1},"geometry":{"type":"Point","coordinates":[-3.6836,40.42112]}},{"type":"Feature","properties":{"id":"ke-tarihi-39","kind":"poi","name":"Estatua a Miguel de Cervantes Saavedra","theme":"tarihi","lab":1},"geometry":{"type":"Point","coordinates":[-3.69648,40.41574]}},{"type":"Feature","properties":{"id":"ke-tarihi-40","kind":"poi","name":"Monumento al Mariscal Santa Cruz Calahumana","theme":"tarihi","lab":1},"geometry":{"type":"Point","coordinates":[-3.72536,40.43633]}},{"type":"Feature","properties":{"id":"ke-tarihi-41","kind":"poi","name":"Cabo Luis Noval","theme":"tarihi","lab":1},"geometry":{"type":"Point","coordinates":[-3.7121,40.41917]}},{"type":"Feature","properties":{"id":"ke-tarihi-42","kind":"poi","name":"Cánovas del Castillo","theme":"tarihi","lab":1},"geometry":{"type":"Point","coordinates":[-3.71154,40.42093]}},{"type":"Feature","properties":{"id":"ke-tarihi-43","kind":"poi","name":"Santo Domingo de la Calzada","theme":"tarihi","lab":1},"geometry":{"type":"Point","coordinates":[-3.74361,40.47427]}},{"type":"Feature","properties":{"id":"ke-tarihi-44","kind":"poi","name":"Monumento a Camilo José Cela","theme":"tarihi","lab":1},"geometry":{"type":"Point","coordinates":[-3.73008,40.44971]}},{"type":"Feature","properties":{"id":"ke-tarihi-45","kind":"poi","name":"Iglesia de San Lorenzo","theme":"tarihi","lab":1},"geometry":{"type":"Point","coordinates":[-3.69879,40.40857]}},{"type":"Feature","properties":{"id":"ke-tarihi-46","kind":"poi","name":"Monumento a Bernardo O'Higgins","theme":"tarihi","lab":1},"geometry":{"type":"Point","coordinates":[-3.73368,40.43389]}},{"type":"Feature","properties":{"id":"ke-tarihi-47","kind":"poi","name":"Bunker de Miaja","theme":"tarihi","lab":1},"geometry":{"type":"Point","coordinates":[-3.5955,40.45694]}},{"type":"Feature","properties":{"id":"ke-tarihi-48","kind":"poi","name":"Exedra","theme":"tarihi","lab":1},"geometry":{"type":"Point","coordinates":[-3.59718,40.45584]}},{"type":"Feature","properties":{"id":"ke-tarihi-49","kind":"poi","name":"Abismo","theme":"tarihi","lab":1},"geometry":{"type":"Point","coordinates":[-3.74929,40.41275]}},{"type":"Feature","properties":{"id":"ke-tarihi-50","kind":"poi","name":"Tornado","theme":"tarihi","lab":1},"geometry":{"type":"Point","coordinates":[-3.74852,40.41345]}},{"type":"Feature","properties":{"id":"ke-tarihi-51","kind":"poi","name":"Estatua de Goya","theme":"tarihi","lab":1},"geometry":{"type":"Point","coordinates":[-3.69254,40.41498]}},{"type":"Feature","properties":{"id":"ke-tarihi-52","kind":"poi","name":"Monumento a los caídos en el cuartel de la Montaña","theme":"tarihi","lab":1},"geometry":{"type":"Point","coordinates":[-3.71646,40.42427]}},{"type":"Feature","properties":{"id":"ke-tarihi-53","kind":"poi","name":"Julio Romero de Torres","theme":"tarihi","lab":1},"geometry":{"type":"Point","coordinates":[-3.68076,40.41171]}},{"type":"Feature","properties":{"id":"ke-tarihi-54","kind":"poi","name":"Monumento a don Juan de Borbón","theme":"tarihi","lab":1},"geometry":{"type":"Point","coordinates":[-3.61554,40.46061]}},{"type":"Feature","properties":{"id":"ke-tarihi-55","kind":"poi","name":"Monumento de Andrés Torrejón","theme":"tarihi","lab":1},"geometry":{"type":"Point","coordinates":[-3.86451,40.32172]}},{"type":"Feature","properties":{"id":"ke-tarihi-56","kind":"poi","name":"Monumento a la Hispanidad","theme":"tarihi","lab":1},"geometry":{"type":"Point","coordinates":[-3.72124,40.43764]}},{"type":"Feature","properties":{"id":"ke-tarihi-57","kind":"poi","name":"Jaime I El Conquistador, Rey de Aragón","theme":"tarihi","lab":1},"geometry":{"type":"Point","coordinates":[-3.72399,40.42922]}},{"type":"Feature","properties":{"id":"ke-tarihi-58","kind":"poi","name":"Estatua del Marqués del Duero","theme":"tarihi","lab":1},"geometry":{"type":"Point","coordinates":[-3.6907,40.43801]}},{"type":"Feature","properties":{"id":"ke-tarihi-59","kind":"poi","name":"Francisco de Rojas Zorrilla","theme":"tarihi","lab":1},"geometry":{"type":"Point","coordinates":[-3.70136,40.41414]}},{"type":"Feature","properties":{"id":"ke-tarihi-60","kind":"poi","name":"Estatua Agustín Lara","theme":"tarihi","lab":1},"geometry":{"type":"Point","coordinates":[-3.70352,40.40806]}},{"type":"Feature","properties":{"id":"ke-tarihi-61","kind":"poi","name":"Estatua a Bravo Murillo","theme":"tarihi","lab":1},"geometry":{"type":"Point","coordinates":[-3.70389,40.43889]}},{"type":"Feature","properties":{"id":"ke-tarihi-62","kind":"poi","name":"Monumento a José Martí","theme":"tarihi","lab":1},"geometry":{"type":"Point","coordinates":[-3.68911,40.44929]}},{"type":"Feature","properties":{"id":"ke-tarihi-63","kind":"poi","name":"Capilla de Nuestra Señora de la Soledad","theme":"tarihi","lab":1},"geometry":{"type":"Point","coordinates":[-3.70062,40.42308]}},{"type":"Feature","properties":{"id":"ke-tarihi-64","kind":"poi","name":"Monumento a las Brigadas Internacionales","theme":"tarihi","lab":1},"geometry":{"type":"Point","coordinates":[-3.72779,40.44341]}},{"type":"Feature","properties":{"id":"ke-tarihi-65","kind":"poi","name":"Cerro de La Gavia","theme":"tarihi","lab":1},"geometry":{"type":"Point","coordinates":[-3.659,40.34172]}},{"type":"Feature","properties":{"id":"ke-tarihi-66","kind":"poi","name":"Antonio Bienvenida","theme":"tarihi","lab":1},"geometry":{"type":"Point","coordinates":[-3.66234,40.43156]}},{"type":"Feature","properties":{"id":"ke-tarihi-67","kind":"poi","name":"Arturo Soria","theme":"tarihi","lab":1},"geometry":{"type":"Point","coordinates":[-3.65033,40.44847]}},{"type":"Feature","properties":{"id":"ke-tarihi-68","kind":"poi","name":"Juan Pablo II","theme":"tarihi","lab":1},"geometry":{"type":"Point","coordinates":[-3.71395,40.41533]}},{"type":"Feature","properties":{"id":"ke-tarihi-69","kind":"poi","name":"Monumento a Sor Juana Inés de la Cruz","theme":"tarihi","lab":1},"geometry":{"type":"Point","coordinates":[-3.71555,40.42341]}},{"type":"Feature","properties":{"id":"ke-tarihi-70","kind":"poi","name":"Cruz Puerta Cerrada","theme":"tarihi","lab":1},"geometry":{"type":"Point","coordinates":[-3.70811,40.41378]}},{"type":"Feature","properties":{"id":"ke-tarihi-71","kind":"poi","name":"Antonio Machado","theme":"tarihi","lab":1},"geometry":{"type":"Point","coordinates":[-3.69681,40.43163]}},{"type":"Feature","properties":{"id":"ke-tarihi-72","kind":"poi","name":"Monumento a Pío Baroja","theme":"tarihi","lab":1},"geometry":{"type":"Point","coordinates":[-3.68907,40.40969]}},{"type":"Feature","properties":{"id":"ke-tarihi-73","kind":"poi","name":"Corral de comedias de la Cruz","theme":"tarihi","lab":1},"geometry":{"type":"Point","coordinates":[-3.70228,40.41502]}},{"type":"Feature","properties":{"id":"ke-tarihi-74","kind":"poi","name":"Obelisco Laus Deo II","theme":"tarihi","lab":1},"geometry":{"type":"Point","coordinates":[-3.71069,40.40283]}},{"type":"Feature","properties":{"id":"ke-tarihi-75","kind":"poi","name":"Los Ángeles de la Paz","theme":"tarihi","lab":1},"geometry":{"type":"Point","coordinates":[-3.66415,40.44305]}},{"type":"Feature","properties":{"id":"ke-tarihi-76","kind":"poi","name":"Manuel Alonso Martínez","theme":"tarihi","lab":1},"geometry":{"type":"Point","coordinates":[-3.69631,40.42799]}},{"type":"Feature","properties":{"id":"ke-tarihi-77","kind":"poi","name":"Monumento a Beatriz Galindo","theme":"tarihi","lab":1},"geometry":{"type":"Point","coordinates":[-3.72868,40.41357]}},{"type":"Feature","properties":{"id":"ke-tarihi-78","kind":"poi","name":"Obelisco de la Arganzuela","theme":"tarihi","lab":1},"geometry":{"type":"Point","coordinates":[-3.70903,40.39741]}},{"type":"Feature","properties":{"id":"ke-tarihi-79","kind":"poi","name":"Elena Fortún","theme":"tarihi","lab":1},"geometry":{"type":"Point","coordinates":[-3.6981,40.41352]}},{"type":"Feature","properties":{"id":"ke-tarihi-80","kind":"poi","name":"Estatua a Andrés Bello","theme":"tarihi","lab":1},"geometry":{"type":"Point","coordinates":[-3.72159,40.45982]}},{"type":"Feature","properties":{"id":"ke-tarihi-81","kind":"poi","name":"Placa en honor a Carrero Blanco","theme":"tarihi","lab":1},"geometry":{"type":"Point","coordinates":[-3.68559,40.4342]}},{"type":"Feature","properties":{"id":"ke-tarihi-82","kind":"poi","name":"Pedro Vargas","theme":"tarihi","lab":1},"geometry":{"type":"Point","coordinates":[-3.68005,40.41798]}},{"type":"Feature","properties":{"id":"ke-tarihi-83","kind":"poi","name":"Enrique Herreros","theme":"tarihi","lab":1},"geometry":{"type":"Point","coordinates":[-3.70182,40.43102]}},{"type":"Feature","properties":{"id":"ke-tarihi-84","kind":"poi","name":"Leonardo Torres Quevedo","theme":"tarihi","lab":1},"geometry":{"type":"Point","coordinates":[-3.69668,40.42231]}},{"type":"Feature","properties":{"id":"ke-tarihi-85","kind":"poi","name":"Eduardo Rosales","theme":"tarihi","lab":1},"geometry":{"type":"Point","coordinates":[-3.6966,40.42223]}},{"type":"Feature","properties":{"id":"ke-tarihi-86","kind":"poi","name":"Horacio Vázquez-Rial","theme":"tarihi","lab":1},"geometry":{"type":"Point","coordinates":[-3.70578,40.44151]}},{"type":"Feature","properties":{"id":"ke-tarihi-87","kind":"poi","name":"Gloria Fuertes","theme":"tarihi","lab":1},"geometry":{"type":"Point","coordinates":[-3.68111,40.45837]}},{"type":"Feature","properties":{"id":"ke-tarihi-88","kind":"poi","name":"Domingo Ortega","theme":"tarihi","lab":1},"geometry":{"type":"Point","coordinates":[-3.69488,40.43305]}},{"type":"Feature","properties":{"id":"ke-tarihi-89","kind":"poi","name":"Monumento a Agustín de Argüelles","theme":"tarihi","lab":1},"geometry":{"type":"Point","coordinates":[-3.71685,40.42539]}},{"type":"Feature","properties":{"id":"ke-tarihi-90","kind":"poi","name":"Capilla de Nuestra Señora y de san Juan de Letrán","theme":"tarihi","lab":1},"geometry":{"type":"Point","coordinates":[-3.71159,40.41249]}},{"type":"Feature","properties":{"id":"ke-tarihi-91","kind":"poi","name":"Fray Alonso de Contreras","theme":"tarihi","lab":1},"geometry":{"type":"Point","coordinates":[-3.70722,40.41674]}},{"type":"Feature","properties":{"id":"ke-tarihi-92","kind":"poi","name":"Iglesia de San Salvador","theme":"tarihi","lab":1},"geometry":{"type":"Point","coordinates":[-3.71028,40.41565]}},{"type":"Feature","properties":{"id":"ke-tarihi-93","kind":"poi","name":"José del Castillo","theme":"tarihi","lab":1},"geometry":{"type":"Point","coordinates":[-3.71173,40.41715]}},{"type":"Feature","properties":{"id":"ke-tarihi-94","kind":"poi","name":"Puente de la Cea","theme":"tarihi","lab":1},"geometry":{"type":"Point","coordinates":[-3.65023,40.44841]}},{"type":"Feature","properties":{"id":"ke-tarihi-95","kind":"poi","name":"Juan Domingo Perón","theme":"tarihi","lab":1},"geometry":{"type":"Point","coordinates":[-3.69702,40.45292]}},{"type":"Feature","properties":{"id":"ke-tarihi-96","kind":"poi","name":"Monumento a Jacinto Benavente","theme":"tarihi","lab":1},"geometry":{"type":"Point","coordinates":[-3.6869,40.41531]}},{"type":"Feature","properties":{"id":"ke-tarihi-97","kind":"poi","name":"Tomás Bretón","theme":"tarihi","lab":1},"geometry":{"type":"Point","coordinates":[-3.70925,40.41948]}},{"type":"Feature","properties":{"id":"ke-tarihi-98","kind":"poi","name":"Jaime Balmes","theme":"tarihi","lab":1},"geometry":{"type":"Point","coordinates":[-3.70967,40.42099]}},{"type":"Feature","properties":{"id":"ke-tarihi-99","kind":"poi","name":"Arturo Duperier Vallesa","theme":"tarihi","lab":1},"geometry":{"type":"Point","coordinates":[-3.64842,40.43883]}},{"type":"Feature","properties":{"id":"ke-tarihi-100","kind":"poi","name":"Agustín de Foxá","theme":"tarihi","lab":1},"geometry":{"type":"Point","coordinates":[-3.67856,40.41854]}},{"type":"Feature","properties":{"id":"ke-tarihi-101","kind":"poi","name":"Alejandro Busuioceanu","theme":"tarihi","lab":1},"geometry":{"type":"Point","coordinates":[-3.67842,40.42653]}},{"type":"Feature","properties":{"id":"ke-tarihi-102","kind":"poi","name":"Alfonso R. Castelao","theme":"tarihi","lab":1},"geometry":{"type":"Point","coordinates":[-3.66074,40.43547]}},{"type":"Feature","properties":{"id":"ke-tarihi-103","kind":"poi","name":"Álvaro Iglesias Sánchez","theme":"tarihi","lab":1},"geometry":{"type":"Point","coordinates":[-3.70311,40.429]}},{"type":"Feature","properties":{"id":"ke-tarihi-104","kind":"poi","name":"Amado Nervo","theme":"tarihi","lab":1},"geometry":{"type":"Point","coordinates":[-3.71277,40.41991]}},{"type":"Feature","properties":{"id":"ke-tarihi-105","kind":"poi","name":"Antonio Maura","theme":"tarihi","lab":1},"geometry":{"type":"Point","coordinates":[-3.68968,40.41642]}},{"type":"Feature","properties":{"id":"ke-tarihi-106","kind":"poi","name":"Antonio Mingote","theme":"tarihi","lab":1},"geometry":{"type":"Point","coordinates":[-3.7119,40.42531]}},{"type":"Feature","properties":{"id":"ke-tarihi-107","kind":"poi","name":"Antonio Paso Cano","theme":"tarihi","lab":1},"geometry":{"type":"Point","coordinates":[-3.70032,40.42739]}},{"type":"Feature","properties":{"id":"ke-tarihi-108","kind":"poi","name":"Armando Palacio Valdés","theme":"tarihi","lab":1},"geometry":{"type":"Point","coordinates":[-3.68222,40.43392]}},{"type":"Feature","properties":{"id":"ke-tarihi-109","kind":"poi","name":"Antonio Zozaya","theme":"tarihi","lab":1},"geometry":{"type":"Point","coordinates":[-3.70775,40.40968]}},{"type":"Feature","properties":{"id":"ke-tarihi-110","kind":"poi","name":"Miguel Moya","theme":"tarihi","lab":1},"geometry":{"type":"Point","coordinates":[-3.67939,40.41119]}},{"type":"Feature","properties":{"id":"ke-tarihi-111","kind":"poi","name":"Ramón de Campoamor","theme":"tarihi","lab":1},"geometry":{"type":"Point","coordinates":[-3.67965,40.41294]}},{"type":"Feature","properties":{"id":"ke-tarihi-112","kind":"poi","name":"Gaspar Melchor de Jovellanos","theme":"tarihi","lab":1},"geometry":{"type":"Point","coordinates":[-3.70904,40.42443]}},{"type":"Feature","properties":{"id":"ke-tarihi-113","kind":"poi","name":"Carlos María de Castro","theme":"tarihi","lab":1},"geometry":{"type":"Point","coordinates":[-3.69313,40.4281]}},{"type":"Feature","properties":{"id":"ke-tarihi-114","kind":"poi","name":"Guillermo Fernández Shaw","theme":"tarihi","lab":1},"geometry":{"type":"Point","coordinates":[-3.68774,40.42186]}},{"type":"Feature","properties":{"id":"ke-tarihi-115","kind":"poi","name":"María Guerrero","theme":"tarihi","lab":1},"geometry":{"type":"Point","coordinates":[-3.69298,40.423]}},{"type":"Feature","properties":{"id":"ke-tarihi-116","kind":"poi","name":"Julián Marías","theme":"tarihi","lab":1},"geometry":{"type":"Point","coordinates":[-3.70855,40.43386]}},{"type":"Feature","properties":{"id":"ke-tarihi-117","kind":"poi","name":"Puerta de Valnadu","theme":"tarihi","lab":1},"geometry":{"type":"Point","coordinates":[-3.71062,40.41767]}},{"type":"Feature","properties":{"id":"ke-tarihi-118","kind":"poi","name":"Benito Pérez Galdós","theme":"tarihi","lab":1},"geometry":{"type":"Point","coordinates":[-3.70876,40.41692]}},{"type":"Feature","properties":{"id":"ke-tarihi-119","kind":"poi","name":"Ángel de Andrés","theme":"tarihi","lab":1},"geometry":{"type":"Point","coordinates":[-3.71756,40.42792]}},{"type":"Feature","properties":{"id":"ke-tarihi-120","kind":"poi","name":"Ángel Sanz-Briz","theme":"tarihi","lab":1},"geometry":{"type":"Point","coordinates":[-3.68357,40.43455]}},{"type":"Feature","properties":{"id":"ke-tarihi-121","kind":"poi","name":"Antonio Hernández Gil","theme":"tarihi","lab":1},"geometry":{"type":"Point","coordinates":[-3.68655,40.43678]}},{"type":"Feature","properties":{"id":"ke-tarihi-122","kind":"poi","name":"Antonio Rafael Mengs","theme":"tarihi","lab":1},"geometry":{"type":"Point","coordinates":[-3.70172,40.42425]}},{"type":"Feature","properties":{"id":"ke-tarihi-123","kind":"poi","name":"Circo Price","theme":"tarihi","lab":1},"geometry":{"type":"Point","coordinates":[-3.69848,40.40562]}},{"type":"Feature","properties":{"id":"ke-tarihi-124","kind":"poi","name":"Clara Campoamor","theme":"tarihi","lab":1},"geometry":{"type":"Point","coordinates":[-3.71057,40.42705]}},{"type":"Feature","properties":{"id":"ke-tarihi-125","kind":"poi","name":"Felipe III","theme":"tarihi","lab":1},"geometry":{"type":"Point","coordinates":[-3.70738,40.4154]}},{"type":"Feature","properties":{"id":"ke-tarihi-126","kind":"poi","name":"Enrique Jardiel Poncela","theme":"tarihi","lab":1},"geometry":{"type":"Point","coordinates":[-3.69771,40.42009]}},{"type":"Feature","properties":{"id":"ke-tarihi-127","kind":"poi","name":"Emilio Novoa","theme":"tarihi","lab":1},"geometry":{"type":"Point","coordinates":[-3.67675,40.43209]}},{"type":"Feature","properties":{"id":"ke-tarihi-128","kind":"poi","name":"Fernando de Castro","theme":"tarihi","lab":1},"geometry":{"type":"Point","coordinates":[-3.69966,40.4335]}},{"type":"Feature","properties":{"id":"ke-tarihi-129","kind":"poi","name":"Giacomo Puccini","theme":"tarihi","lab":1},"geometry":{"type":"Point","coordinates":[-3.71721,40.42589]}},{"type":"Feature","properties":{"id":"ke-tarihi-130","kind":"poi","name":"José Caballero","theme":"tarihi","lab":1},"geometry":{"type":"Point","coordinates":[-3.67692,40.43742]}},{"type":"Feature","properties":{"id":"ke-tarihi-131","kind":"poi","name":"Joaquín Satrústegui","theme":"tarihi","lab":1},"geometry":{"type":"Point","coordinates":[-3.69026,40.44946]}},{"type":"Feature","properties":{"id":"ke-tarihi-132","kind":"poi","name":"Joaquín Rodrigo","theme":"tarihi","lab":1},"geometry":{"type":"Point","coordinates":[-3.69408,40.45612]}},{"type":"Feature","properties":{"id":"ke-tarihi-133","kind":"poi","name":"José Luis Sáenz de Heredia","theme":"tarihi","lab":1},"geometry":{"type":"Point","coordinates":[-3.69816,40.42434]}},{"type":"Feature","properties":{"id":"ke-tarihi-134","kind":"poi","name":"Juan Carlos Onetti","theme":"tarihi","lab":1},"geometry":{"type":"Point","coordinates":[-3.67326,40.43934]}},{"type":"Feature","properties":{"id":"ke-tarihi-135","kind":"poi","name":"Juan Antonio Vallejo-Nájera","theme":"tarihi","lab":1},"geometry":{"type":"Point","coordinates":[-3.68965,40.45089]}},{"type":"Feature","properties":{"id":"ke-tarihi-136","kind":"poi","name":"Josefina Carabias","theme":"tarihi","lab":1},"geometry":{"type":"Point","coordinates":[-3.69312,40.43685]}},{"type":"Feature","properties":{"id":"ke-tarihi-137","kind":"poi","name":"José Ysbert","theme":"tarihi","lab":1},"geometry":{"type":"Point","coordinates":[-3.7037,40.41192]}},{"type":"Feature","properties":{"id":"ke-tarihi-138","kind":"poi","name":"José María Pemán","theme":"tarihi","lab":1},"geometry":{"type":"Point","coordinates":[-3.69067,40.41537]}},{"type":"Feature","properties":{"id":"ke-tarihi-139","kind":"poi","name":"Julián Cortés-Cavanillas","theme":"tarihi","lab":1},"geometry":{"type":"Point","coordinates":[-3.69702,40.44894]}},{"type":"Feature","properties":{"id":"ke-tarihi-140","kind":"poi","name":"Juan Negrín","theme":"tarihi","lab":1},"geometry":{"type":"Point","coordinates":[-3.72124,40.43003]}},{"type":"Feature","properties":{"id":"ke-tarihi-141","kind":"poi","name":"La Alcantarilla y Fuentes de San Pedro","theme":"tarihi","lab":1},"geometry":{"type":"Point","coordinates":[-3.70886,40.41369]}},{"type":"Feature","properties":{"id":"ke-tarihi-142","kind":"poi","name":"Luis Gutiérrez de Soto","theme":"tarihi","lab":1},"geometry":{"type":"Point","coordinates":[-3.68216,40.43134]}},{"type":"Feature","properties":{"id":"ke-tarihi-143","kind":"poi","name":"Luis García Berlanga","theme":"tarihi","lab":1},"geometry":{"type":"Point","coordinates":[-3.69795,40.43776]}},{"type":"Feature","properties":{"id":"ke-tarihi-144","kind":"poi","name":"Luis Daoiz","theme":"tarihi","lab":1},"geometry":{"type":"Point","coordinates":[-3.70706,40.41955]}},{"type":"Feature","properties":{"id":"ke-tarihi-145","kind":"poi","name":"Luis Buñuel","theme":"tarihi","lab":1},"geometry":{"type":"Point","coordinates":[-3.71211,40.42437]}},{"type":"Feature","properties":{"id":"ke-tarihi-146","kind":"poi","name":"Luigi Boccherini","theme":"tarihi","lab":1},"geometry":{"type":"Point","coordinates":[-3.70398,40.42382]}},{"type":"Feature","properties":{"id":"ke-tarihi-147","kind":"poi","name":"Lyceum Club Femenino","theme":"tarihi","lab":1},"geometry":{"type":"Point","coordinates":[-3.69641,40.42027]}},{"type":"Feature","properties":{"id":"ke-tarihi-148","kind":"poi","name":"Marcial Lalanda","theme":"tarihi","lab":1},"geometry":{"type":"Point","coordinates":[-3.69626,40.43518]}},{"type":"Feature","properties":{"id":"ke-tarihi-149","kind":"poi","name":"Modesto López-Otero","theme":"tarihi","lab":1},"geometry":{"type":"Point","coordinates":[-3.69083,40.44408]}},{"type":"Feature","properties":{"id":"ke-tarihi-150","kind":"poi","name":"Pedro de Ribera","theme":"tarihi","lab":1},"geometry":{"type":"Point","coordinates":[-3.70573,40.40925]}},{"type":"Feature","properties":{"id":"ke-tarihi-151","kind":"poi","name":"Pedro Bidagor","theme":"tarihi","lab":1},"geometry":{"type":"Point","coordinates":[-3.68658,40.437]}},{"type":"Feature","properties":{"id":"ke-tarihi-152","kind":"poi","name":"Pablo Picasso","theme":"tarihi","lab":1},"geometry":{"type":"Point","coordinates":[-3.69351,40.42949]}},{"type":"Feature","properties":{"id":"ke-tarihi-153","kind":"poi","name":"Plaza de Toros de la Puerta de Alcalá","theme":"tarihi","lab":1},"geometry":{"type":"Point","coordinates":[-3.68714,40.42052]}},{"type":"Feature","properties":{"id":"ke-tarihi-154","kind":"poi","name":"Ramón de Mesonero Romanos","theme":"tarihi","lab":1},"geometry":{"type":"Point","coordinates":[-3.703,40.41957]}},{"type":"Feature","properties":{"id":"ke-tarihi-155","kind":"poi","name":"Puerta de Xagra","theme":"tarihi","lab":1},"geometry":{"type":"Point","coordinates":[-3.71274,40.41708]}},{"type":"Feature","properties":{"id":"ke-tarihi-156","kind":"poi","name":"Reynaldo Hahn","theme":"tarihi","lab":1},"geometry":{"type":"Point","coordinates":[-3.7061,40.4194]}},{"type":"Feature","properties":{"id":"ke-tarihi-157","kind":"poi","name":"Residencia de Señoritas","theme":"tarihi","lab":1},"geometry":{"type":"Point","coordinates":[-3.69104,40.43502]}},{"type":"Feature","properties":{"id":"ke-tarihi-158","kind":"poi","name":"Rosalía de Castro","theme":"tarihi","lab":1},"geometry":{"type":"Point","coordinates":[-3.70346,40.42196]}},{"type":"Feature","properties":{"id":"ke-tarihi-159","kind":"poi","name":"Victoria Kent","theme":"tarihi","lab":1},"geometry":{"type":"Point","coordinates":[-3.69169,40.43066]}},{"type":"Feature","properties":{"id":"ke-tarihi-160","kind":"poi","name":"Juantxu Rodríguez","theme":"tarihi","lab":1},"geometry":{"type":"Point","coordinates":[-3.68523,40.41051]}},{"type":"Feature","properties":{"id":"ke-tarihi-161","kind":"poi","name":"Panteón Luisa Sancho Mata [Panteón Guirao]","theme":"tarihi","lab":1},"geometry":{"type":"Point","coordinates":[-3.72885,40.40075]}},{"type":"Feature","properties":{"id":"ke-tarihi-162","kind":"poi","name":"Panteón Perinat","theme":"tarihi","lab":1},"geometry":{"type":"Point","coordinates":[-3.72808,40.40158]}},{"type":"Feature","properties":{"id":"ke-tarihi-163","kind":"poi","name":"La Mano de Botero","theme":"tarihi","lab":1},"geometry":{"type":"Point","coordinates":[-3.69164,40.44098]}},{"type":"Feature","properties":{"id":"ke-tarihi-164","kind":"poi","name":"Monumento a Cristóbal Colón","theme":"tarihi","lab":1},"geometry":{"type":"Point","coordinates":[-3.69047,40.4252]}},{"type":"Feature","properties":{"id":"ke-tarihi-165","kind":"poi","name":"CASA C-212-100","theme":"tarihi","lab":1},"geometry":{"type":"Point","coordinates":[-3.65136,40.3234]}},{"type":"Feature","properties":{"id":"ke-tarihi-166","kind":"poi","name":"Puerta Bonita","theme":"tarihi","lab":1},"geometry":{"type":"Point","coordinates":[-3.73456,40.38648]}},{"type":"Feature","properties":{"id":"ke-tarihi-167","kind":"poi","name":"Vicente Aleixandre","theme":"tarihi","lab":1},"geometry":{"type":"Point","coordinates":[-3.7145,40.44585]}},{"type":"Feature","properties":{"id":"ke-tarihi-168","kind":"poi","name":"Colonia de la Prensa","theme":"tarihi","lab":1},"geometry":{"type":"Point","coordinates":[-3.74792,40.37826]}},{"type":"Feature","properties":{"id":"ke-tarihi-169","kind":"poi","name":"Panteón de los Fernán Nuñez","theme":"tarihi","lab":1},"geometry":{"type":"Point","coordinates":[-3.59206,40.45912]}},{"type":"Feature","properties":{"id":"ke-tarihi-170","kind":"poi","name":"Monumento al Alférez Provisional","theme":"tarihi","lab":1},"geometry":{"type":"Point","coordinates":[-3.69026,40.41552]}},{"type":"Feature","properties":{"id":"ke-tarihi-171","kind":"poi","name":"Gustavo Adolfo Bécquer","theme":"tarihi","lab":1},"geometry":{"type":"Point","coordinates":[-3.66115,40.42357]}},{"type":"Feature","properties":{"id":"ke-tarihi-172","kind":"poi","name":"Plaza de Olavide","theme":"tarihi","lab":1},"geometry":{"type":"Point","coordinates":[-3.70106,40.43272]}},{"type":"Feature","properties":{"id":"ke-tarihi-173","kind":"poi","name":"Placa Matadero en Usera","theme":"tarihi","lab":1},"geometry":{"type":"Point","coordinates":[-3.70012,40.39055]}},{"type":"Feature","properties":{"id":"ke-tarihi-174","kind":"poi","name":"Placa Matadero en Arganzuela","theme":"tarihi","lab":1},"geometry":{"type":"Point","coordinates":[-3.70122,40.39395]}},{"type":"Feature","properties":{"id":"ke-tarihi-175","kind":"poi","name":"Wifredo El Velloso","theme":"tarihi","lab":1},"geometry":{"type":"Point","coordinates":[-3.71183,40.41888]}},{"type":"Feature","properties":{"id":"ke-tarihi-176","kind":"poi","name":"Alfonso III","theme":"tarihi","lab":1},"geometry":{"type":"Point","coordinates":[-3.71194,40.41889]}},{"type":"Feature","properties":{"id":"ke-tarihi-177","kind":"poi","name":"Paul P. Harris","theme":"tarihi","lab":1},"geometry":{"type":"Point","coordinates":[-3.72163,40.42844]}},{"type":"Feature","properties":{"id":"ke-tarihi-178","kind":"poi","name":"Monumento a Miguel Antonio Caro","theme":"tarihi","lab":1},"geometry":{"type":"Point","coordinates":[-3.72634,40.43627]}},{"type":"Feature","properties":{"id":"ke-tarihi-179","kind":"poi","name":"Monumento a Lázaro Cárdenas","theme":"tarihi","lab":1},"geometry":{"type":"Point","coordinates":[-3.69117,40.48024]}},{"type":"Feature","properties":{"id":"ke-tarihi-180","kind":"poi","name":"Dimitar Dimov","theme":"tarihi","lab":1},"geometry":{"type":"Point","coordinates":[-3.69205,40.41612]}},{"type":"Feature","properties":{"id":"ke-tarihi-181","kind":"poi","name":"Luis Manuel Lopez Martinez","theme":"tarihi","lab":1},"geometry":{"type":"Point","coordinates":[-3.77717,40.52057]}},{"type":"Feature","properties":{"id":"ke-tarihi-182","kind":"poi","name":"Palacio Viejo","theme":"tarihi","lab":1},"geometry":{"type":"Point","coordinates":[-3.73882,40.38365]}},{"type":"Feature","properties":{"id":"ke-tarihi-183","kind":"poi","name":"General Francisco Morazan","theme":"tarihi","lab":1},"geometry":{"type":"Point","coordinates":[-3.68421,40.41517]}},{"type":"Feature","properties":{"id":"ke-tarihi-184","kind":"poi","name":"José Martí","theme":"tarihi","lab":1},"geometry":{"type":"Point","coordinates":[-3.70282,40.42078]}},{"type":"Feature","properties":{"id":"ke-tarihi-185","kind":"poi","name":"Andrés Astorga Sánchez","theme":"tarihi","lab":1},"geometry":{"type":"Point","coordinates":[-3.7055,40.45019]}},{"type":"Feature","properties":{"id":"ke-tarihi-186","kind":"poi","name":"Luis García Manzano","theme":"tarihi","lab":1},"geometry":{"type":"Point","coordinates":[-3.70456,40.45076]}},{"type":"Feature","properties":{"id":"ke-tarihi-187","kind":"poi","name":"Cesar Santos Moreno","theme":"tarihi","lab":1},"geometry":{"type":"Point","coordinates":[-3.70298,40.4546]}},{"type":"Feature","properties":{"id":"ke-tarihi-188","kind":"poi","name":"Gaspar Santos Gisbert","theme":"tarihi","lab":1},"geometry":{"type":"Point","coordinates":[-3.70297,40.4546]}},{"type":"Feature","properties":{"id":"ke-tarihi-189","kind":"poi","name":"José Perlado Caamaño","theme":"tarihi","lab":1},"geometry":{"type":"Point","coordinates":[-3.70797,40.45747]}},{"type":"Feature","properties":{"id":"ke-tarihi-190","kind":"poi","name":"Gregorio Rebollo García","theme":"tarihi","lab":1},"geometry":{"type":"Point","coordinates":[-3.70266,40.46215]}},{"type":"Feature","properties":{"id":"ke-tarihi-191","kind":"poi","name":"Saturnino Navazo Tapia","theme":"tarihi","lab":1},"geometry":{"type":"Point","coordinates":[-3.69915,40.44909]}},{"type":"Feature","properties":{"id":"ke-tarihi-192","kind":"poi","name":"Ángel Melchor Landeta Tutor","theme":"tarihi","lab":1},"geometry":{"type":"Point","coordinates":[-3.7005,40.45536]}},{"type":"Feature","properties":{"id":"ke-tarihi-193","kind":"poi","name":"Ludwig van Beethoven","theme":"tarihi","lab":1},"geometry":{"type":"Point","coordinates":[-3.67612,40.45069]}},{"type":"Feature","properties":{"id":"ke-tarihi-194","kind":"poi","name":"Gregorio Huete Rodríguez","theme":"tarihi","lab":1},"geometry":{"type":"Point","coordinates":[-3.6748,40.43375]}},{"type":"Feature","properties":{"id":"ke-tarihi-195","kind":"poi","name":"Busto de Manuel López Villaseñor","theme":"tarihi","lab":1},"geometry":{"type":"Point","coordinates":[-3.92953,40.57647]}},{"type":"Feature","properties":{"id":"ke-tarihi-196","kind":"poi","name":"Mahatma Gandhi","theme":"tarihi","lab":1},"geometry":{"type":"Point","coordinates":[-3.69214,40.45266]}},{"type":"Feature","properties":{"id":"ke-tarihi-197","kind":"poi","name":"José de Espronceda","theme":"tarihi","lab":1},"geometry":{"type":"Point","coordinates":[-3.69431,40.41275]}},{"type":"Feature","properties":{"id":"ke-tarihi-198","kind":"poi","name":"Pablo Agraz Alonso","theme":"tarihi","lab":1},"geometry":{"type":"Point","coordinates":[-3.69772,40.40595]}},{"type":"Feature","properties":{"id":"ke-tarihi-199","kind":"poi","name":"Mausoleo de Leopoldo O'donnell","theme":"tarihi","lab":1},"geometry":{"type":"Point","coordinates":[-3.69402,40.42439]}},{"type":"Feature","properties":{"id":"ke-tarihi-200","kind":"poi","name":"Sepulcro de Fernando VI","theme":"tarihi","lab":1},"geometry":{"type":"Point","coordinates":[-3.69405,40.42433]}},{"type":"Feature","properties":{"id":"ke-tarihi-201","kind":"poi","name":"José Ortega y Gasset","theme":"tarihi","lab":1},"geometry":{"type":"Point","coordinates":[-3.72951,40.44906]}},{"type":"Feature","properties":{"id":"ke-tarihi-202","kind":"poi","name":"José Fontanet Moreno","theme":"tarihi","lab":1},"geometry":{"type":"Point","coordinates":[-3.73814,40.4102]}},{"type":"Feature","properties":{"id":"ke-tarihi-203","kind":"poi","name":"Rafael Acosta Moreno","theme":"tarihi","lab":1},"geometry":{"type":"Point","coordinates":[-3.69799,40.41431]}},{"type":"Feature","properties":{"id":"ke-tarihi-204","kind":"poi","name":"Teodoro Arranz Saugar","theme":"tarihi","lab":1},"geometry":{"type":"Point","coordinates":[-3.6972,40.40161]}},{"type":"Feature","properties":{"id":"ke-tarihi-205","kind":"poi","name":"Manuel Arredondo Santamaría","theme":"tarihi","lab":1},"geometry":{"type":"Point","coordinates":[-3.67265,40.42506]}},{"type":"Feature","properties":{"id":"ke-tarihi-206","kind":"poi","name":"Saturnino Arroyo Alonso","theme":"tarihi","lab":1},"geometry":{"type":"Point","coordinates":[-3.71192,40.42525]}},{"type":"Feature","properties":{"id":"ke-tarihi-207","kind":"poi","name":"José Bello Sánchez","theme":"tarihi","lab":1},"geometry":{"type":"Point","coordinates":[-3.69912,40.44014]}},{"type":"Feature","properties":{"id":"ke-tarihi-208","kind":"poi","name":"Juan Bonet Bonell","theme":"tarihi","lab":1},"geometry":{"type":"Point","coordinates":[-3.70642,40.42706]}},{"type":"Feature","properties":{"id":"ke-tarihi-209","kind":"poi","name":"Tomás de Antequera","theme":"tarihi","lab":1},"geometry":{"type":"Point","coordinates":[-3.70036,40.43971]}},{"type":"Feature","properties":{"id":"ke-tarihi-210","kind":"poi","name":"Eliane Sophie Browne Bartrolí","theme":"tarihi","lab":1},"geometry":{"type":"Point","coordinates":[-3.69394,40.43402]}},{"type":"Feature","properties":{"id":"ke-tarihi-211","kind":"poi","name":"Enrique Calcerrada Guijarro","theme":"tarihi","lab":1},"geometry":{"type":"Point","coordinates":[-3.70414,40.43593]}},{"type":"Feature","properties":{"id":"ke-tarihi-212","kind":"poi","name":"Miguel Calvo Sánchez","theme":"tarihi","lab":1},"geometry":{"type":"Point","coordinates":[-3.69454,40.40356]}},{"type":"Feature","properties":{"id":"ke-tarihi-213","kind":"poi","name":"Eugenio Charlán Rey","theme":"tarihi","lab":1},"geometry":{"type":"Point","coordinates":[-3.6977,40.40082]}},{"type":"Feature","properties":{"id":"ke-tarihi-214","kind":"poi","name":"Pedro Díaz Clemente","theme":"tarihi","lab":1},"geometry":{"type":"Point","coordinates":[-3.69856,40.43787]}},{"type":"Feature","properties":{"id":"ke-tarihi-215","kind":"poi","name":"Eleuterio Díaz-Tendero Merchán","theme":"tarihi","lab":1},"geometry":{"type":"Point","coordinates":[-3.69282,40.41043]}},{"type":"Feature","properties":{"id":"ke-tarihi-216","kind":"poi","name":"Luis Espejo Díaz","theme":"tarihi","lab":1},"geometry":{"type":"Point","coordinates":[-3.70233,40.42563]}},{"type":"Feature","properties":{"id":"ke-tarihi-217","kind":"poi","name":"Mariano Expósito Garrido","theme":"tarihi","lab":1},"geometry":{"type":"Point","coordinates":[-3.70367,40.43606]}},{"type":"Feature","properties":{"id":"ke-tarihi-218","kind":"poi","name":"Andrés Fariñas Adsuar","theme":"tarihi","lab":1},"geometry":{"type":"Point","coordinates":[-3.70369,40.43595]}},{"type":"Feature","properties":{"id":"ke-tarihi-219","kind":"poi","name":"Valentìn Fouce Llana","theme":"tarihi","lab":1},"geometry":{"type":"Point","coordinates":[-3.69788,40.44071]}},{"type":"Feature","properties":{"id":"ke-tarihi-220","kind":"poi","name":"Karl Frommknecht Grosshaus","theme":"tarihi","lab":1},"geometry":{"type":"Point","coordinates":[-3.70381,40.43606]}},{"type":"Feature","properties":{"id":"ke-tarihi-221","kind":"poi","name":"José Galinier Muñoz","theme":"tarihi","lab":1},"geometry":{"type":"Point","coordinates":[-3.69773,40.40747]}},{"type":"Feature","properties":{"id":"ke-tarihi-222","kind":"poi","name":"Juan Antonio García Acero","theme":"tarihi","lab":1},"geometry":{"type":"Point","coordinates":[-3.7051,40.40811]}},{"type":"Feature","properties":{"id":"ke-tarihi-223","kind":"poi","name":"Manuel García Barrado","theme":"tarihi","lab":1},"geometry":{"type":"Point","coordinates":[-3.69186,40.4007]}},{"type":"Feature","properties":{"id":"ke-tarihi-224","kind":"poi","name":"Eufemio García García","theme":"tarihi","lab":1},"geometry":{"type":"Point","coordinates":[-3.71352,40.45803]}},{"type":"Feature","properties":{"id":"ke-tarihi-225","kind":"poi","name":"Manuel García García","theme":"tarihi","lab":1},"geometry":{"type":"Point","coordinates":[-3.70362,40.40901]}},{"type":"Feature","properties":{"id":"ke-tarihi-226","kind":"poi","name":"Florentino García Hernández","theme":"tarihi","lab":1},"geometry":{"type":"Point","coordinates":[-3.66629,40.42695]}},{"type":"Feature","properties":{"id":"ke-tarihi-227","kind":"poi","name":"Juan García Ramírez","theme":"tarihi","lab":1},"geometry":{"type":"Point","coordinates":[-3.69783,40.41053]}},{"type":"Feature","properties":{"id":"ke-tarihi-228","kind":"poi","name":"Máximo González Casado","theme":"tarihi","lab":1},"geometry":{"type":"Point","coordinates":[-3.70811,40.42621]}},{"type":"Feature","properties":{"id":"ke-tarihi-229","kind":"poi","name":"Juan Martín de Loeches García Morales","theme":"tarihi","lab":1},"geometry":{"type":"Point","coordinates":[-3.65468,40.42631]}},{"type":"Feature","properties":{"id":"ke-tarihi-230","kind":"poi","name":"Eugenio Martín Sanz","theme":"tarihi","lab":1},"geometry":{"type":"Point","coordinates":[-3.68022,40.43469]}},{"type":"Feature","properties":{"id":"ke-tarihi-231","kind":"poi","name":"Enrique Martínez Barona","theme":"tarihi","lab":1},"geometry":{"type":"Point","coordinates":[-3.70092,40.40946]}},{"type":"Feature","properties":{"id":"ke-tarihi-232","kind":"poi","name":"Constanza Martínez Prieto","theme":"tarihi","lab":1},"geometry":{"type":"Point","coordinates":[-3.70007,40.4084]}},{"type":"Feature","properties":{"id":"ke-tarihi-233","kind":"poi","name":"Gregorio Martínez Tundidor","theme":"tarihi","lab":1},"geometry":{"type":"Point","coordinates":[-3.69111,40.40106]}},{"type":"Feature","properties":{"id":"ke-tarihi-234","kind":"poi","name":"Isidro Montes Granados","theme":"tarihi","lab":1},"geometry":{"type":"Point","coordinates":[-3.67541,40.40324]}},{"type":"Feature","properties":{"id":"ke-tarihi-235","kind":"poi","name":"Manuel Nieto Sainz","theme":"tarihi","lab":1},"geometry":{"type":"Point","coordinates":[-3.70511,40.40811]}},{"type":"Feature","properties":{"id":"ke-tarihi-236","kind":"poi","name":"Vicente Parra Bordetas","theme":"tarihi","lab":1},"geometry":{"type":"Point","coordinates":[-3.69161,40.42374]}},{"type":"Feature","properties":{"id":"ke-tarihi-237","kind":"poi","name":"Mariano Pérez Rodríguez","theme":"tarihi","lab":1},"geometry":{"type":"Point","coordinates":[-3.69501,40.401]}},{"type":"Feature","properties":{"id":"ke-tarihi-238","kind":"poi","name":"Emilio Ramos González","theme":"tarihi","lab":1},"geometry":{"type":"Point","coordinates":[-3.71998,40.39786]}},{"type":"Feature","properties":{"id":"ke-tarihi-239","kind":"poi","name":"Antonio Rosciano Cid","theme":"tarihi","lab":1},"geometry":{"type":"Point","coordinates":[-3.70615,40.42563]}},{"type":"Feature","properties":{"id":"ke-tarihi-240","kind":"poi","name":"Gil Ruiz Domínguez","theme":"tarihi","lab":1},"geometry":{"type":"Point","coordinates":[-3.6968,40.40166]}},{"type":"Feature","properties":{"id":"ke-tarihi-241","kind":"poi","name":"Fernando Salcedo Rabanaque","theme":"tarihi","lab":1},"geometry":{"type":"Point","coordinates":[-3.69802,40.43488]}},{"type":"Feature","properties":{"id":"ke-tarihi-242","kind":"poi","name":"Manuel Villar Cobos","theme":"tarihi","lab":1},"geometry":{"type":"Point","coordinates":[-3.70306,40.4257]}},{"type":"Feature","properties":{"id":"ke-tarihi-243","kind":"poi","name":"Rubén Tabares Hernándes","theme":"tarihi","lab":1},"geometry":{"type":"Point","coordinates":[-3.70839,40.40798]}},{"type":"Feature","properties":{"id":"ke-tarihi-244","kind":"poi","name":"Tomás González Hurtado","theme":"tarihi","lab":1},"geometry":{"type":"Point","coordinates":[-3.80008,40.28316]}},{"type":"Feature","properties":{"id":"ke-tarihi-245","kind":"poi","name":"Torre de la Parada","theme":"tarihi","lab":1},"geometry":{"type":"Point","coordinates":[-3.75501,40.54438]}},{"type":"Feature","properties":{"id":"ke-tarihi-246","kind":"poi","name":"Puerta de Europa Este","theme":"modern","lab":1},"geometry":{"type":"Point","coordinates":[-3.68823,40.46672]}},{"type":"Feature","properties":{"id":"ke-tarihi-248","kind":"poi","name":"Castillo de la Alameda","theme":"tarihi","lab":1},"geometry":{"type":"Point","coordinates":[-3.59254,40.45872]}},{"type":"Feature","properties":{"id":"ke-tarihi-249","kind":"poi","name":"Ermita Nuestra Señora de la Soledad","theme":"tarihi","lab":1},"geometry":{"type":"Point","coordinates":[-3.58196,40.46775]}},{"type":"Feature","properties":{"id":"ke-tarihi-250","kind":"poi","name":"Iglesia de San Matías","theme":"tarihi","lab":1},"geometry":{"type":"Point","coordinates":[-3.64061,40.47277]}},{"type":"Feature","properties":{"id":"ke-tarihi-251","kind":"poi","name":"Parroquia Virgen de Guadalupe","theme":"tarihi","lab":1},"geometry":{"type":"Point","coordinates":[-3.67508,40.45211]}},{"type":"Feature","properties":{"id":"ke-tarihi-252","kind":"poi","name":"Santuario de Nuestra Señora de Valverde","theme":"tarihi","lab":1},"geometry":{"type":"Point","coordinates":[-3.68628,40.51587]}},{"type":"Feature","properties":{"id":"ke-tarihi-253","kind":"poi","name":"Parroquia San Vicente Mártir","theme":"tarihi","lab":1},"geometry":{"type":"Point","coordinates":[-3.53126,40.50505]}},{"type":"Feature","properties":{"id":"ke-tarihi-254","kind":"poi","name":"Iglesia de Santa María de Caná","theme":"tarihi","lab":1},"geometry":{"type":"Point","coordinates":[-3.79984,40.43459]}},{"type":"Feature","properties":{"id":"ke-tarihi-255","kind":"poi","name":"Parroquia San Juan Evangelista","theme":"tarihi","lab":1},"geometry":{"type":"Point","coordinates":[-3.66256,40.44137]}},{"type":"Feature","properties":{"id":"ke-tarihi-256","kind":"poi","name":"Palacio de Fomento","theme":"tarihi","lab":1},"geometry":{"type":"Point","coordinates":[-3.69034,40.4089]}},{"type":"Feature","properties":{"id":"ke-tarihi-257","kind":"poi","name":"Parroquia Nuestra Señora de la Concepción (Pueblo Nuevo)","theme":"tarihi","lab":1},"geometry":{"type":"Point","coordinates":[-3.63894,40.43849]}},{"type":"Feature","properties":{"id":"ke-tarihi-258","kind":"poi","name":"Palacio de la Quinta","theme":"tarihi","lab":1},"geometry":{"type":"Point","coordinates":[-3.73738,40.50502]}},{"type":"Feature","properties":{"id":"ke-tarihi-259","kind":"poi","name":"San Miguel Arcángel","theme":"tarihi","lab":1},"geometry":{"type":"Point","coordinates":[-3.87445,40.49182]}},{"type":"Feature","properties":{"id":"ke-tarihi-260","kind":"poi","name":"Palacio de Liria","theme":"tarihi","lab":1},"geometry":{"type":"Point","coordinates":[-3.7124,40.42773]}},{"type":"Feature","properties":{"id":"ke-tarihi-261","kind":"poi","name":"Palacio de los Duques de Osuna","theme":"tarihi","lab":1},"geometry":{"type":"Point","coordinates":[-3.59526,40.45673]}},{"type":"Feature","properties":{"id":"ke-tarihi-263","kind":"poi","name":"Basílica de Nuestra Señora de Atocha","theme":"tarihi","lab":1},"geometry":{"type":"Point","coordinates":[-3.6835,40.40559]}},{"type":"Feature","properties":{"id":"ke-tarihi-264","kind":"poi","name":"Palacio del Canto del Pico","theme":"tarihi","lab":1},"geometry":{"type":"Point","coordinates":[-3.92551,40.58923]}},{"type":"Feature","properties":{"id":"ke-tarihi-265","kind":"poi","name":"Parroquia de Nuestra Señora de Europa","theme":"tarihi","lab":1},"geometry":{"type":"Point","coordinates":[-3.7071,40.40143]}},{"type":"Feature","properties":{"id":"ke-tarihi-266","kind":"poi","name":"Parroquia de San Marcos","theme":"tarihi","lab":1},"geometry":{"type":"Point","coordinates":[-3.7112,40.42501]}},{"type":"Feature","properties":{"id":"ke-tarihi-267","kind":"poi","name":"Parroquia Beata María Ana de Jesús","theme":"tarihi","lab":1},"geometry":{"type":"Point","coordinates":[-3.69707,40.39426]}},{"type":"Feature","properties":{"id":"ke-tarihi-268","kind":"poi","name":"Real Academia Española","theme":"tarihi","lab":1},"geometry":{"type":"Point","coordinates":[-3.69084,40.41496]}},{"type":"Feature","properties":{"id":"ke-tarihi-269","kind":"poi","name":"Iglesia de Santa María la Blanca","theme":"tarihi","lab":1},"geometry":{"type":"Point","coordinates":[-3.82843,40.35006]}},{"type":"Feature","properties":{"id":"ke-tarihi-270","kind":"poi","name":"Colegio de Ingenieros de Caminos, Canales y Puertos","theme":"tarihi","lab":1},"geometry":{"type":"Point","coordinates":[-3.69151,40.43198]}},{"type":"Feature","properties":{"id":"ke-tarihi-271","kind":"poi","name":"Torre PwC","theme":"tarihi","lab":1},"geometry":{"type":"Point","coordinates":[-3.68796,40.47669]}},{"type":"Feature","properties":{"id":"ke-tarihi-272","kind":"poi","name":"Puente de la Culebra","theme":"tarihi","lab":1},"geometry":{"type":"Point","coordinates":[-3.77199,40.40192]}},{"type":"Feature","properties":{"id":"ke-tarihi-273","kind":"poi","name":"Ermita de la Virgen del Puerto","theme":"tarihi","lab":1},"geometry":{"type":"Point","coordinates":[-3.72125,40.41554]}},{"type":"Feature","properties":{"id":"ke-tarihi-274","kind":"poi","name":"Parroquia La Cena del Señor","theme":"tarihi","lab":1},"geometry":{"type":"Point","coordinates":[-3.71928,40.46737]}},{"type":"Feature","properties":{"id":"ke-tarihi-275","kind":"poi","name":"Puente Colorado","theme":"tarihi","lab":1},"geometry":{"type":"Point","coordinates":[-3.74935,40.4291]}},{"type":"Feature","properties":{"id":"ke-tarihi-276","kind":"poi","name":"Puente de las Garrapatas","theme":"tarihi","lab":1},"geometry":{"type":"Point","coordinates":[-3.76556,40.44023]}},{"type":"Feature","properties":{"id":"ke-tarihi-277","kind":"poi","name":"Parroquia Santa María de la Antigua","theme":"tarihi","lab":1},"geometry":{"type":"Point","coordinates":[-3.6049,40.4014]}},{"type":"Feature","properties":{"id":"ke-tarihi-278","kind":"poi","name":"Centro Municipal de Mayores 'Francisco de Goya'","theme":"tarihi","lab":1},"geometry":{"type":"Point","coordinates":[-3.75399,40.36856]}},{"type":"Feature","properties":{"id":"ke-tarihi-279","kind":"poi","name":"Nuestra Señora de la Merced","theme":"tarihi","lab":1},"geometry":{"type":"Point","coordinates":[-3.64507,40.40186]}},{"type":"Feature","properties":{"id":"ke-tarihi-280","kind":"poi","name":"Templo de Madrid de la Iglesia de Jesucristo de los Santos de los Últimos Días","theme":"tarihi","lab":1},"geometry":{"type":"Point","coordinates":[-3.63154,40.40012]}},{"type":"Feature","properties":{"id":"ke-tarihi-281","kind":"poi","name":"Presentación de Nuestra Señora","theme":"tarihi","lab":1},"geometry":{"type":"Point","coordinates":[-3.65751,40.41146]}},{"type":"Feature","properties":{"id":"ke-tarihi-282","kind":"poi","name":"Embajada de Francia","theme":"tarihi","lab":1},"geometry":{"type":"Point","coordinates":[-3.68983,40.42081]}},{"type":"Feature","properties":{"id":"ke-tarihi-283","kind":"poi","name":"Palacio del Marqués de Salamanca - Fundación BBVA","theme":"tarihi","lab":1},"geometry":{"type":"Point","coordinates":[-3.69096,40.42144]}},{"type":"Feature","properties":{"id":"ke-tarihi-284","kind":"poi","name":"Parroquia de San Mateo Apóstol","theme":"tarihi","lab":1},"geometry":{"type":"Point","coordinates":[-3.69646,40.35793]}},{"type":"Feature","properties":{"id":"ke-tarihi-285","kind":"poi","name":"Parroquia de Santa Cristina","theme":"tarihi","lab":1},"geometry":{"type":"Point","coordinates":[-3.72826,40.41394]}},{"type":"Feature","properties":{"id":"ke-tarihi-286","kind":"poi","name":"Palacio de la Música","theme":"tarihi","lab":1},"geometry":{"type":"Point","coordinates":[-3.70464,40.41984]}},{"type":"Feature","properties":{"id":"ke-tarihi-287","kind":"poi","name":"Parroquia del Santísimo Sacramento","theme":"tarihi","lab":1},"geometry":{"type":"Point","coordinates":[-3.67747,40.41741]}},{"type":"Feature","properties":{"id":"ke-tarihi-288","kind":"poi","name":"Sinagoga de Madrid","theme":"tarihi","lab":1},"geometry":{"type":"Point","coordinates":[-3.69986,40.4354]}},{"type":"Feature","properties":{"id":"ke-tarihi-289","kind":"poi","name":"Iglesia Convento del Santísimo Cristo del Pardo","theme":"tarihi","lab":1},"geometry":{"type":"Point","coordinates":[-3.78886,40.51912]}},{"type":"Feature","properties":{"id":"ke-tarihi-290","kind":"poi","name":"Arco de la Victoria","theme":"tarihi","lab":1},"geometry":{"type":"Point","coordinates":[-3.7202,40.43591]}},{"type":"Feature","properties":{"id":"ke-tarihi-291","kind":"poi","name":"Puerta de San Vicente","theme":"tarihi","lab":1},"geometry":{"type":"Point","coordinates":[-3.72041,40.42024]}},{"type":"Feature","properties":{"id":"ke-tarihi-292","kind":"poi","name":"Parroquia San Francisco de Sales","theme":"tarihi","lab":1},"geometry":{"type":"Point","coordinates":[-3.70376,40.45455]}},{"type":"Feature","properties":{"id":"ke-tarihi-293","kind":"poi","name":"Iglesia de Nuestra Señora de Montserrat","theme":"tarihi","lab":1},"geometry":{"type":"Point","coordinates":[-3.70674,40.42767]}},{"type":"Feature","properties":{"id":"ke-tarihi-294","kind":"poi","name":"Nuestra Señora de la Paz","theme":"tarihi","lab":1},"geometry":{"type":"Point","coordinates":[-3.67589,40.40497]}},{"type":"Feature","properties":{"id":"ke-tarihi-295","kind":"poi","name":"Cementerio Británico","theme":"tarihi","lab":1},"geometry":{"type":"Point","coordinates":[-3.72263,40.39501]}},{"type":"Feature","properties":{"id":"ke-tarihi-296","kind":"poi","name":"Atocha (Histórica)","theme":"tarihi","lab":1},"geometry":{"type":"Point","coordinates":[-3.69141,40.40706]}},{"type":"Feature","properties":{"id":"ke-tarihi-297","kind":"poi","name":"Parroquia de San Manuel y San Benito","theme":"tarihi","lab":1},"geometry":{"type":"Point","coordinates":[-3.6862,40.42088]}},{"type":"Feature","properties":{"id":"ke-tarihi-298","kind":"poi","name":"Parroquia Concepción de Nuestra Señora","theme":"tarihi","lab":1},"geometry":{"type":"Point","coordinates":[-3.68245,40.42461]}},{"type":"Feature","properties":{"id":"ke-tarihi-299","kind":"poi","name":"Parroquia San Alberto Magno","theme":"tarihi","lab":1},"geometry":{"type":"Point","coordinates":[-3.65068,40.39555]}},{"type":"Feature","properties":{"id":"ke-tarihi-300","kind":"poi","name":"Parroquia de Santa Mónica","theme":"tarihi","lab":1},"geometry":{"type":"Point","coordinates":[-3.54252,40.36348]}},{"type":"Feature","properties":{"id":"ke-tarihi-301","kind":"poi","name":"Iglesia de Santiago Apóstol","theme":"tarihi","lab":1},"geometry":{"type":"Point","coordinates":[-3.90051,40.35977]}},{"type":"Feature","properties":{"id":"ke-tarihi-302","kind":"poi","name":"Iglesia de Nuestra Señora de la Paz","theme":"tarihi","lab":1},"geometry":{"type":"Point","coordinates":[-3.66945,40.42099]}},{"type":"Feature","properties":{"id":"ke-tarihi-303","kind":"poi","name":"Puente de Toledo","theme":"tarihi","lab":1},"geometry":{"type":"Point","coordinates":[-3.71515,40.39912]}},{"type":"Feature","properties":{"id":"ke-tarihi-304","kind":"poi","name":"Parroquia Santa María la Blanca","theme":"tarihi","lab":1},"geometry":{"type":"Point","coordinates":[-3.61138,40.44511]}},{"type":"Feature","properties":{"id":"ke-tarihi-305","kind":"poi","name":"Embajada de Italia","theme":"tarihi","lab":1},"geometry":{"type":"Point","coordinates":[-3.68402,40.43251]}},{"type":"Feature","properties":{"id":"ke-tarihi-306","kind":"poi","name":"Parroquia Santa María del Monte Carmelo","theme":"tarihi","lab":1},"geometry":{"type":"Point","coordinates":[-3.68302,40.42791]}},{"type":"Feature","properties":{"id":"ke-tarihi-307","kind":"poi","name":"Iglesia Espíritu Santo","theme":"tarihi","lab":1},"geometry":{"type":"Point","coordinates":[-3.68637,40.44196]}},{"type":"Feature","properties":{"id":"ke-tarihi-308","kind":"poi","name":"Santuario del Sagrado Corazón","theme":"tarihi","lab":1},"geometry":{"type":"Point","coordinates":[-3.68432,40.30784]}},{"type":"Feature","properties":{"id":"ke-tarihi-309","kind":"poi","name":"Parroquia de San Pedro ad Víncula","theme":"tarihi","lab":1},"geometry":{"type":"Point","coordinates":[-3.62039,40.38045]}},{"type":"Feature","properties":{"id":"ke-tarihi-310","kind":"poi","name":"Parroquia de San Agustín","theme":"tarihi","lab":1},"geometry":{"type":"Point","coordinates":[-3.68727,40.44561]}},{"type":"Feature","properties":{"id":"ke-tarihi-311","kind":"poi","name":"Parroquia de San Carlos Borromeo","theme":"tarihi","lab":1},"geometry":{"type":"Point","coordinates":[-3.66988,40.38294]}},{"type":"Feature","properties":{"id":"ke-tarihi-312","kind":"poi","name":"Parroquia San Sebastián Mártir","theme":"tarihi","lab":1},"geometry":{"type":"Point","coordinates":[-3.74112,40.38002]}},{"type":"Feature","properties":{"id":"ke-tarihi-313","kind":"poi","name":"Parroquia Hispanoamericana de la Merced","theme":"tarihi","lab":1},"geometry":{"type":"Point","coordinates":[-3.69736,40.44951]}},{"type":"Feature","properties":{"id":"ke-tarihi-314","kind":"poi","name":"Parroquia Nuestra Señora de las Victorias","theme":"tarihi","lab":1},"geometry":{"type":"Point","coordinates":[-3.70003,40.46407]}},{"type":"Feature","properties":{"id":"ke-tarihi-315","kind":"poi","name":"Iglesia de San Martín","theme":"tarihi","lab":1},"geometry":{"type":"Point","coordinates":[-3.70441,40.42138]}},{"type":"Feature","properties":{"id":"ke-tarihi-316","kind":"poi","name":"Acueducto del Canal de La Partida","theme":"tarihi","lab":1},"geometry":{"type":"Point","coordinates":[-3.72852,40.41793]}},{"type":"Feature","properties":{"id":"ke-tarihi-317","kind":"poi","name":"Hijas de la Caridad de San Vicente de Paúl","theme":"tarihi","lab":1},"geometry":{"type":"Point","coordinates":[-3.6971,40.43768]}},{"type":"Feature","properties":{"id":"ke-tarihi-318","kind":"poi","name":"Iglesia Anglicana Episcopal de San Jorge","theme":"tarihi","lab":1},"geometry":{"type":"Point","coordinates":[-3.68284,40.4265]}},{"type":"Feature","properties":{"id":"ke-tarihi-319","kind":"poi","name":"Acueducto de Amaniel","theme":"tarihi","lab":1},"geometry":{"type":"Point","coordinates":[-3.71074,40.45099]}},{"type":"Feature","properties":{"id":"ke-tarihi-320","kind":"poi","name":"Parroquia San Juan Bautista","theme":"tarihi","lab":1},"geometry":{"type":"Point","coordinates":[-3.65888,40.45276]}},{"type":"Feature","properties":{"id":"ke-tarihi-321","kind":"poi","name":"Parroquia San Fulgencio y San Bernardo","theme":"tarihi","lab":1},"geometry":{"type":"Point","coordinates":[-3.72413,40.40188]}},{"type":"Feature","properties":{"id":"ke-tarihi-322","kind":"poi","name":"Ermita de Nuestra Señora del Buen Camino","theme":"tarihi","lab":1},"geometry":{"type":"Point","coordinates":[-3.77909,40.46196]}},{"type":"Feature","properties":{"id":"ke-tarihi-323","kind":"poi","name":"Parroquia de Jesús de Nazaret","theme":"tarihi","lab":1},"geometry":{"type":"Point","coordinates":[-3.65883,40.47657]}},{"type":"Feature","properties":{"id":"ke-tarihi-324","kind":"poi","name":"Parroquia Nuestra Señora de Covadonga","theme":"tarihi","lab":1},"geometry":{"type":"Point","coordinates":[-3.66903,40.42887]}},{"type":"Feature","properties":{"id":"ke-tarihi-325","kind":"poi","name":"Parroquia de Nuestra Señora del Pilar","theme":"tarihi","lab":1},"geometry":{"type":"Point","coordinates":[-3.67741,40.43196]}},{"type":"Feature","properties":{"id":"ke-tarihi-326","kind":"poi","name":"Silo de Hortaleza","theme":"tarihi","lab":1},"geometry":{"type":"Point","coordinates":[-3.64543,40.47492]}},{"type":"Feature","properties":{"id":"ke-tarihi-327","kind":"poi","name":"Parroquia de la Sagrada Familia","theme":"tarihi","lab":1},"geometry":{"type":"Point","coordinates":[-3.66647,40.4238]}},{"type":"Feature","properties":{"id":"ke-tarihi-328","kind":"poi","name":"Parroquia Basílica Virgen Milagrosa","theme":"tarihi","lab":1},"geometry":{"type":"Point","coordinates":[-3.6949,40.43693]}},{"type":"Feature","properties":{"id":"ke-tarihi-329","kind":"poi","name":"Parroquia Asunción de Nuestra Señora","theme":"tarihi","lab":1},"geometry":{"type":"Point","coordinates":[-3.66849,40.45196]}},{"type":"Feature","properties":{"id":"ke-tarihi-330","kind":"poi","name":"Parroquia Nuestra Señora del Rosario de Filipinas","theme":"tarihi","lab":1},"geometry":{"type":"Point","coordinates":[-3.67484,40.42925]}},{"type":"Feature","properties":{"id":"ke-tarihi-331","kind":"poi","name":"Parroquia San Fermín de los Navarros","theme":"tarihi","lab":1},"geometry":{"type":"Point","coordinates":[-3.69254,40.43251]}},{"type":"Feature","properties":{"id":"ke-tarihi-332","kind":"poi","name":"Parroquia Dulce Nombre de María","theme":"tarihi","lab":1},"geometry":{"type":"Point","coordinates":[-3.66061,40.40473]}},{"type":"Feature","properties":{"id":"ke-tarihi-333","kind":"poi","name":"Parroquia de San Juan de la Cruz","theme":"tarihi","lab":1},"geometry":{"type":"Point","coordinates":[-3.69349,40.44081]}},{"type":"Feature","properties":{"id":"ke-tarihi-334","kind":"poi","name":"Parroquia San Marcos","theme":"tarihi","lab":1},"geometry":{"type":"Point","coordinates":[-3.51864,40.32756]}},{"type":"Feature","properties":{"id":"ke-tarihi-336","kind":"poi","name":"Puente de Segovia","theme":"tarihi","lab":1},"geometry":{"type":"Point","coordinates":[-3.72285,40.414]}},{"type":"Feature","properties":{"id":"ke-tarihi-337","kind":"poi","name":"Rizal","theme":"tarihi","lab":1},"geometry":{"type":"Point","coordinates":[-3.70787,40.44117]}},{"type":"Feature","properties":{"id":"ke-tarihi-338","kind":"poi","name":"Galerías Piquer","theme":"tarihi","lab":1},"geometry":{"type":"Point","coordinates":[-3.70678,40.40779]}},{"type":"Feature","properties":{"id":"ke-tarihi-339","kind":"poi","name":"Parroquia San Juan Crisóstomo","theme":"tarihi","lab":1},"geometry":{"type":"Point","coordinates":[-3.71624,40.44169]}},{"type":"Feature","properties":{"id":"ke-tarihi-340","kind":"poi","name":"Convento de Santa Teresa de Jesús","theme":"tarihi","lab":1},"geometry":{"type":"Point","coordinates":[-3.69923,40.44388]}},{"type":"Feature","properties":{"id":"ke-tarihi-341","kind":"poi","name":"Parroquia San Miguel Arcángel de Carabanchel","theme":"tarihi","lab":1},"geometry":{"type":"Point","coordinates":[-3.71776,40.39622]}},{"type":"Feature","properties":{"id":"ke-tarihi-342","kind":"poi","name":"Ermita de San Isidro","theme":"tarihi","lab":1},"geometry":{"type":"Point","coordinates":[-3.72583,40.40063]}},{"type":"Feature","properties":{"id":"ke-tarihi-343","kind":"poi","name":"Parroquia Nuestra Señora del Tránsito","theme":"tarihi","lab":1},"geometry":{"type":"Point","coordinates":[-3.65069,40.46264]}},{"type":"Feature","properties":{"id":"ke-tarihi-344","kind":"poi","name":"Parroquia de San Andrés Apóstol","theme":"tarihi","lab":1},"geometry":{"type":"Point","coordinates":[-3.7053,40.34702]}},{"type":"Feature","properties":{"id":"ke-tarihi-345","kind":"poi","name":"Parroquia San Pedro Mártir (Padres Dominicos)","theme":"tarihi","lab":1},"geometry":{"type":"Point","coordinates":[-3.6585,40.5024]}},{"type":"Feature","properties":{"id":"ke-tarihi-346","kind":"poi","name":"Ermita de Santa María la Antigua","theme":"tarihi","lab":1},"geometry":{"type":"Point","coordinates":[-3.7525,40.38242]}},{"type":"Feature","properties":{"id":"ke-tarihi-347","kind":"poi","name":"Muralla cristiana","theme":"tarihi","lab":1},"geometry":{"type":"Point","coordinates":[-3.71219,40.41183]}},{"type":"Feature","properties":{"id":"ke-tarihi-348","kind":"poi","name":"Iglesia San Manuel González","theme":"tarihi","lab":1},"geometry":{"type":"Point","coordinates":[-3.60844,40.56442]}},{"type":"Feature","properties":{"id":"ke-tarihi-349","kind":"poi","name":"Parroquia Santa María Magdalena","theme":"tarihi","lab":1},"geometry":{"type":"Point","coordinates":[-3.67036,40.46359]}},{"type":"Feature","properties":{"id":"ke-tarihi-350","kind":"poi","name":"Parroquia Castrense Santa María de la Dehesa","theme":"tarihi","lab":1},"geometry":{"type":"Point","coordinates":[-3.79248,40.38045]}},{"type":"Feature","properties":{"id":"ke-tarihi-352","kind":"poi","name":"Ermita de San Pelayo y San Isidoro de Ávila","theme":"tarihi","lab":1},"geometry":{"type":"Point","coordinates":[-3.68038,40.42057]}},{"type":"Feature","properties":{"id":"ke-tarihi-353","kind":"poi","name":"Puente del Rey","theme":"tarihi","lab":1},"geometry":{"type":"Point","coordinates":[-3.72197,40.41885]}},{"type":"Feature","properties":{"id":"ke-tarihi-354","kind":"poi","name":"Puerta de Hierro","theme":"tarihi","lab":1},"geometry":{"type":"Point","coordinates":[-3.74434,40.45561]}},{"type":"Feature","properties":{"id":"ke-tarihi-355","kind":"poi","name":"General Martínez Campos","theme":"tarihi","lab":1},"geometry":{"type":"Point","coordinates":[-3.68095,40.4178]}},{"type":"Feature","properties":{"id":"ke-tarihi-356","kind":"poi","name":"Monumento a los Hermanos Álvarez Quintero","theme":"tarihi","lab":1},"geometry":{"type":"Point","coordinates":[-3.6821,40.41962]}},{"type":"Feature","properties":{"id":"ke-tarihi-357","kind":"poi","name":"Monumento a Santiago Ramón y Cajal","theme":"tarihi","lab":1},"geometry":{"type":"Point","coordinates":[-3.68129,40.41648]}},{"type":"Feature","properties":{"id":"ke-tarihi-358","kind":"poi","name":"Cabeza Olmeca","theme":"tarihi","lab":1},"geometry":{"type":"Point","coordinates":[-3.62741,40.3709]}},{"type":"Feature","properties":{"id":"ke-tarihi-359","kind":"poi","name":"Palacio de Godoy","theme":"tarihi","lab":1},"geometry":{"type":"Point","coordinates":[-3.90087,40.3602]}},{"type":"Feature","properties":{"id":"ke-tarihi-360","kind":"poi","name":"Iglesia de San Cipriano","theme":"tarihi","lab":1},"geometry":{"type":"Point","coordinates":[-3.50479,40.56731]}},{"type":"Feature","properties":{"id":"ke-tarihi-362","kind":"poi","name":"Ermita de San Blas de Canillas","theme":"tarihi","lab":1},"geometry":{"type":"Point","coordinates":[-3.63727,40.46473]}},{"type":"Feature","properties":{"id":"ke-tarihi-363","kind":"poi","name":"Palacio de la Zarzuela","theme":"tarihi","lab":1},"geometry":{"type":"Point","coordinates":[-3.80152,40.48327]}},{"type":"Feature","properties":{"id":"ke-tarihi-364","kind":"poi","name":"Palacio del Infante don Luis","theme":"tarihi","lab":1},"geometry":{"type":"Point","coordinates":[-3.87423,40.40701]}},{"type":"Feature","properties":{"id":"ke-tarihi-365","kind":"poi","name":"Parroquia Nuestra Señora de Lluc","theme":"tarihi","lab":1},"geometry":{"type":"Point","coordinates":[-3.64923,40.4364]}},{"type":"Feature","properties":{"id":"ke-tarihi-366","kind":"poi","name":"Iglesia de Nuestra Señora de los Ángeles","theme":"tarihi","lab":1},"geometry":{"type":"Point","coordinates":[-3.68419,40.30947]}},{"type":"Feature","properties":{"id":"ke-tarihi-367","kind":"poi","name":"Atalaya de Torrelodones","theme":"tarihi","lab":1},"geometry":{"type":"Point","coordinates":[-3.93248,40.57389]}},{"type":"Feature","properties":{"id":"ke-tarihi-369","kind":"poi","name":"Carabanchel 24","theme":"tarihi","lab":1},"geometry":{"type":"Point","coordinates":[-3.76226,40.37162]}},{"type":"Feature","properties":{"id":"ke-tarihi-370","kind":"poi","name":"Parroquia Virgen de la Paloma y San Pedro el Real","theme":"tarihi","lab":1},"geometry":{"type":"Point","coordinates":[-3.71162,40.40832]}},{"type":"Feature","properties":{"id":"ke-tarihi-371","kind":"poi","name":"Palacete del duque de Plasencia","theme":"tarihi","lab":1},"geometry":{"type":"Point","coordinates":[-3.69138,40.43155]}},{"type":"Feature","properties":{"id":"ke-tarihi-372","kind":"poi","name":"Puerta de Europa Oeste","theme":"modern","lab":1},"geometry":{"type":"Point","coordinates":[-3.69,40.467]}},{"type":"Feature","properties":{"id":"ke-tarihi-373","kind":"poi","name":"Parroquia de San Fernando","theme":"tarihi","lab":1},"geometry":{"type":"Point","coordinates":[-3.68732,40.45989]}},{"type":"Feature","properties":{"id":"ke-tarihi-374","kind":"poi","name":"Fuente del Rey","theme":"tarihi","lab":1},"geometry":{"type":"Point","coordinates":[-3.76771,40.45647]}},{"type":"Feature","properties":{"id":"ke-tarihi-375","kind":"poi","name":"Palacio Nuevo","theme":"tarihi","lab":1},"geometry":{"type":"Point","coordinates":[-3.73877,40.38217]}},{"type":"Feature","properties":{"id":"ke-tarihi-376","kind":"poi","name":"Fuente de Ventura Rodríguez","theme":"tarihi","lab":1},"geometry":{"type":"Point","coordinates":[-3.8748,40.40748]}},{"type":"Feature","properties":{"id":"ke-tarihi-377","kind":"poi","name":"Antigua Venta de Romanillos","theme":"tarihi","lab":1},"geometry":{"type":"Point","coordinates":[-3.92412,40.44181]}},{"type":"Feature","properties":{"id":"ke-tarihi-378","kind":"poi","name":"Puente del Principado de Andorra","theme":"tarihi","lab":1},"geometry":{"type":"Point","coordinates":[-3.72273,40.40522]}},{"type":"Feature","properties":{"id":"ke-tarihi-379","kind":"poi","name":"Puente del Invernadero","theme":"tarihi","lab":1},"geometry":{"type":"Point","coordinates":[-3.70199,40.39319]}},{"type":"Feature","properties":{"id":"ke-tarihi-380","kind":"poi","name":"Puente del Matadero","theme":"tarihi","lab":1},"geometry":{"type":"Point","coordinates":[-3.70013,40.39111]}},{"type":"Feature","properties":{"id":"ke-tarihi-381","kind":"poi","name":"Fuente de la Cacera","theme":"tarihi","lab":1},"geometry":{"type":"Point","coordinates":[-3.74961,40.43291]}},{"type":"Feature","properties":{"id":"ke-tarihi-382","kind":"poi","name":"Fuente de Cobatillas","theme":"tarihi","lab":1},"geometry":{"type":"Point","coordinates":[-3.74693,40.43269]}},{"type":"Feature","properties":{"id":"ke-tarihi-383","kind":"poi","name":"Monumento a José Calvo Sotelo","theme":"tarihi","lab":1},"geometry":{"type":"Point","coordinates":[-3.68942,40.46519]}},{"type":"Feature","properties":{"id":"ke-tarihi-384","kind":"poi","name":"Homenaje a las víctimas españolas que murieron en el campo de concentración nazi de Mauthausen-Gusen","theme":"tarihi","lab":1},"geometry":{"type":"Point","coordinates":[-3.72643,40.4501]}},{"type":"Feature","properties":{"id":"ke-tarihi-385","kind":"poi","name":"Nuestra Señora de Valverde","theme":"tarihi","lab":1},"geometry":{"type":"Point","coordinates":[-3.68556,40.51558]}},{"type":"Feature","properties":{"id":"ke-tarihi-386","kind":"poi","name":"Sexta Esclusa del Real Canal de Manzanares","theme":"tarihi","lab":1},"geometry":{"type":"Point","coordinates":[-3.65001,40.33241]}},{"type":"Feature","properties":{"id":"ke-tarihi-387","kind":"poi","name":"Séptima Esclusa del Real Canal de Manzanares","theme":"tarihi","lab":1},"geometry":{"type":"Point","coordinates":[-3.64104,40.32774]}},{"type":"Feature","properties":{"id":"ke-modern-0","kind":"poi","name":"Teatro Real","theme":"modern","lab":1},"geometry":{"type":"Point","coordinates":[-3.71058,40.41821]}},{"type":"Feature","properties":{"id":"ke-modern-6","kind":"poi","name":"Museo Nacional Centro de Arte Reina Sofía","theme":"modern","lab":1},"geometry":{"type":"Point","coordinates":[-3.6946,40.40804]}},{"type":"Feature","properties":{"id":"ke-modern-8","kind":"poi","name":"Teatro de la Comedia","theme":"modern","lab":1},"geometry":{"type":"Point","coordinates":[-3.7004,40.41562]}},{"type":"Feature","properties":{"id":"ke-modern-9","kind":"poi","name":"CentroCentro","theme":"modern","lab":1},"geometry":{"type":"Point","coordinates":[-3.69209,40.41897]}},{"type":"Feature","properties":{"id":"ke-modern-10","kind":"poi","name":"Teatro Albéniz","theme":"modern","lab":1},"geometry":{"type":"Point","coordinates":[-3.70402,40.41542]}},{"type":"Feature","properties":{"id":"ke-modern-11","kind":"poi","name":"Teatro Pavón","theme":"modern","lab":1},"geometry":{"type":"Point","coordinates":[-3.7061,40.41009]}},{"type":"Feature","properties":{"id":"ke-modern-12","kind":"poi","name":"Institut français de Madrid","theme":"modern","lab":1},"geometry":{"type":"Point","coordinates":[-3.6922,40.42474]}},{"type":"Feature","properties":{"id":"ke-modern-13","kind":"poi","name":"Teatro Valle-Inclán","theme":"modern","lab":1},"geometry":{"type":"Point","coordinates":[-3.70029,40.40798]}},{"type":"Feature","properties":{"id":"ke-modern-15","kind":"poi","name":"Teatro María Guerrero","theme":"modern","lab":1},"geometry":{"type":"Point","coordinates":[-3.69279,40.42286]}},{"type":"Feature","properties":{"id":"ke-modern-16","kind":"poi","name":"La Arqueria de Nuevos Ministerios","theme":"modern","lab":1},"geometry":{"type":"Point","coordinates":[-3.69205,40.44428]}},{"type":"Feature","properties":{"id":"ke-modern-17","kind":"poi","name":"Teatro Alfil","theme":"modern","lab":1},"geometry":{"type":"Point","coordinates":[-3.70455,40.42321]}},{"type":"Feature","properties":{"id":"ke-modern-19","kind":"poi","name":"Teatro Príncipe Gran Vía","theme":"modern","lab":1},"geometry":{"type":"Point","coordinates":[-3.70262,40.41958]}},{"type":"Feature","properties":{"id":"ke-modern-20","kind":"poi","name":"Teatro Maravillas","theme":"modern","lab":1},"geometry":{"type":"Point","coordinates":[-3.70326,40.42869]}},{"type":"Feature","properties":{"id":"ke-modern-21","kind":"poi","name":"Dedos","theme":"modern","lab":1},"geometry":{"type":"Point","coordinates":[-3.60846,40.46163]}},{"type":"Feature","properties":{"id":"ke-modern-22","kind":"poi","name":"Teatro Muñoz Seca","theme":"modern","lab":1},"geometry":{"type":"Point","coordinates":[-3.70327,40.41837]}},{"type":"Feature","properties":{"id":"ke-modern-23","kind":"poi","name":"Estatua de la Mariblanca","theme":"modern","lab":1},"geometry":{"type":"Point","coordinates":[-3.70456,40.41686]}},{"type":"Feature","properties":{"id":"ke-modern-24","kind":"poi","name":"Teatro Gran Vía","theme":"modern","lab":1},"geometry":{"type":"Point","coordinates":[-3.70885,40.42234]}},{"type":"Feature","properties":{"id":"ke-modern-25","kind":"poi","name":"Teatro Español","theme":"modern","lab":1},"geometry":{"type":"Point","coordinates":[-3.70015,40.41486]}},{"type":"Feature","properties":{"id":"ke-modern-27","kind":"poi","name":"Emilia Pardo Bazán","theme":"modern","lab":1},"geometry":{"type":"Point","coordinates":[-3.71283,40.42631]}},{"type":"Feature","properties":{"id":"ke-modern-28","kind":"poi","name":"Estatua a Jacinto Ruiz Teniente de Infantería","theme":"modern","lab":1},"geometry":{"type":"Point","coordinates":[-3.69583,40.42037]}},{"type":"Feature","properties":{"id":"ke-modern-29","kind":"poi","name":"Teatro Reina Victoria","theme":"modern","lab":1},"geometry":{"type":"Point","coordinates":[-3.69985,40.41651]}},{"type":"Feature","properties":{"id":"ke-modern-31","kind":"poi","name":"Puerta de Madrid","theme":"modern","lab":1},"geometry":{"type":"Point","coordinates":[-3.72673,40.43269]}},{"type":"Feature","properties":{"id":"ke-modern-33","kind":"poi","name":"Teatro Amaya","theme":"modern","lab":1},"geometry":{"type":"Point","coordinates":[-3.69709,40.43515]}},{"type":"Feature","properties":{"id":"ke-modern-34","kind":"poi","name":"Teatro Bellas Artes","theme":"modern","lab":1},"geometry":{"type":"Point","coordinates":[-3.69633,40.41817]}},{"type":"Feature","properties":{"id":"ke-modern-36","kind":"poi","name":"Monumento a Dante","theme":"modern","lab":1},"geometry":{"type":"Point","coordinates":[-3.67779,40.4095]}},{"type":"Feature","properties":{"id":"ke-modern-38","kind":"poi","name":"Día y Noche","theme":"modern","lab":1},"geometry":{"type":"Point","coordinates":[-3.6888,40.40625]}},{"type":"Feature","properties":{"id":"ke-modern-40","kind":"poi","name":"La Gloria","theme":"modern","lab":1},"geometry":{"type":"Point","coordinates":[-3.69933,40.38805]}},{"type":"Feature","properties":{"id":"ke-modern-41","kind":"poi","name":"Pegaso","theme":"modern","lab":1},"geometry":{"type":"Point","coordinates":[-3.69497,40.39109]}},{"type":"Feature","properties":{"id":"ke-modern-44","kind":"poi","name":"Dados de Hormigón","theme":"modern","lab":1},"geometry":{"type":"Point","coordinates":[-3.681,40.41402]}},{"type":"Feature","properties":{"id":"ke-modern-46","kind":"poi","name":"El Teatro del Barrio","theme":"modern","lab":1},"geometry":{"type":"Point","coordinates":[-3.69917,40.40961]}},{"type":"Feature","properties":{"id":"ke-modern-47","kind":"poi","name":"A las víctimas del Holocausto","theme":"modern","lab":1},"geometry":{"type":"Point","coordinates":[-3.606,40.4637]}},{"type":"Feature","properties":{"id":"ke-modern-48","kind":"poi","name":"Pablo Sorozábal","theme":"modern","lab":1},"geometry":{"type":"Point","coordinates":[-3.67868,40.44561]}},{"type":"Feature","properties":{"id":"ke-modern-49","kind":"poi","name":"Escultura \"Ventana a Madrid\"","theme":"modern","lab":1},"geometry":{"type":"Point","coordinates":[-3.72473,40.40082]}},{"type":"Feature","properties":{"id":"ke-modern-50","kind":"poi","name":"Félix Rodríguez de la Fuente","theme":"modern","lab":1},"geometry":{"type":"Point","coordinates":[-3.76385,40.41004]}},{"type":"Feature","properties":{"id":"ke-modern-52","kind":"poi","name":"La Violetera","theme":"modern","lab":1},"geometry":{"type":"Point","coordinates":[-3.7147,40.41263]}},{"type":"Feature","properties":{"id":"ke-modern-53","kind":"poi","name":"Antonio Machado","theme":"modern","lab":1},"geometry":{"type":"Point","coordinates":[-3.7194,40.46875]}},{"type":"Feature","properties":{"id":"ke-modern-54","kind":"poi","name":"Puerta de la Ilustración","theme":"modern","lab":1},"geometry":{"type":"Point","coordinates":[-3.7051,40.48194]}},{"type":"Feature","properties":{"id":"ke-modern-55","kind":"poi","name":"Bárbara de Braganza","theme":"modern","lab":1},"geometry":{"type":"Point","coordinates":[-3.69269,40.4252]}},{"type":"Feature","properties":{"id":"ke-modern-56","kind":"poi","name":"ExLímite","theme":"modern","lab":1},"geometry":{"type":"Point","coordinates":[-3.70921,40.38087]}},{"type":"Feature","properties":{"id":"ke-modern-57","kind":"poi","name":"El rapto de Europa","theme":"modern","lab":1},"geometry":{"type":"Point","coordinates":[-3.57081,40.46411]}},{"type":"Feature","properties":{"id":"ke-modern-58","kind":"poi","name":"My Skyhole - Madrid","theme":"modern","lab":1},"geometry":{"type":"Point","coordinates":[-3.59758,40.46093]}},{"type":"Feature","properties":{"id":"ke-modern-59","kind":"poi","name":"Alfonso VIII","theme":"modern","lab":1},"geometry":{"type":"Point","coordinates":[-3.71392,40.41988]}},{"type":"Feature","properties":{"id":"ke-modern-60","kind":"poi","name":"Fernando V, El Católico","theme":"modern","lab":1},"geometry":{"type":"Point","coordinates":[-3.71423,40.4199]}},{"type":"Feature","properties":{"id":"ke-modern-61","kind":"poi","name":"Jaime I El Conquistador","theme":"modern","lab":1},"geometry":{"type":"Point","coordinates":[-3.71389,40.42005]}},{"type":"Feature","properties":{"id":"ke-modern-62","kind":"poi","name":"Isabel la Católica","theme":"modern","lab":1},"geometry":{"type":"Point","coordinates":[-3.71421,40.42008]}},{"type":"Feature","properties":{"id":"ke-modern-64","kind":"poi","name":"La Mensajera","theme":"modern","lab":1},"geometry":{"type":"Point","coordinates":[-3.78175,40.45869]}},{"type":"Feature","properties":{"id":"ke-modern-65","kind":"poi","name":"El Buzón de Palabras","theme":"modern","lab":1},"geometry":{"type":"Point","coordinates":[-3.74117,40.3806]}},{"type":"Feature","properties":{"id":"ke-modern-66","kind":"poi","name":"Fernando IV","theme":"modern","lab":1},"geometry":{"type":"Point","coordinates":[-3.68822,40.41678]}},{"type":"Feature","properties":{"id":"ke-modern-67","kind":"poi","name":"Sancho IV","theme":"modern","lab":1},"geometry":{"type":"Point","coordinates":[-3.6855,40.41681]}},{"type":"Feature","properties":{"id":"ke-modern-68","kind":"poi","name":"Ramón Berenguer IV","theme":"modern","lab":1},"geometry":{"type":"Point","coordinates":[-3.68685,40.41671]}},{"type":"Feature","properties":{"id":"ke-modern-69","kind":"poi","name":"Carlos II","theme":"modern","lab":1},"geometry":{"type":"Point","coordinates":[-3.68734,40.41668]}},{"type":"Feature","properties":{"id":"ke-modern-70","kind":"poi","name":"Gundemaro","theme":"modern","lab":1},"geometry":{"type":"Point","coordinates":[-3.68823,40.41662]}},{"type":"Feature","properties":{"id":"ke-modern-72","kind":"poi","name":"Teatro La Encina","theme":"modern","lab":1},"geometry":{"type":"Point","coordinates":[-3.70283,40.40294]}},{"type":"Feature","properties":{"id":"ke-modern-73","kind":"poi","name":"Jean Jacques Rousseau","theme":"modern","lab":1},"geometry":{"type":"Point","coordinates":[-3.69439,40.42437]}},{"type":"Feature","properties":{"id":"ke-modern-75","kind":"poi","name":"Pradillo","theme":"modern","lab":1},"geometry":{"type":"Point","coordinates":[-3.67462,40.44854]}},{"type":"Feature","properties":{"id":"ke-modern-76","kind":"poi","name":"La Dama del Manzanares","theme":"modern","lab":1},"geometry":{"type":"Point","coordinates":[-3.68657,40.37769]}},{"type":"Feature","properties":{"id":"ke-modern-78","kind":"poi","name":"La Flecha","theme":"modern","lab":1},"geometry":{"type":"Point","coordinates":[-3.71986,40.38294]}},{"type":"Feature","properties":{"id":"ke-modern-79","kind":"poi","name":"Goya","theme":"modern","lab":1},"geometry":{"type":"Point","coordinates":[-3.72495,40.39958]}},{"type":"Feature","properties":{"id":"ke-modern-80","kind":"poi","name":"Ramón de Mesonero Romanos","theme":"modern","lab":1},"geometry":{"type":"Point","coordinates":[-3.70002,40.42635]}},{"type":"Feature","properties":{"id":"ke-modern-81","kind":"poi","name":"Homenaje a Miró","theme":"modern","lab":1},"geometry":{"type":"Point","coordinates":[-3.69225,40.49428]}},{"type":"Feature","properties":{"id":"ke-modern-82","kind":"poi","name":"Princesa de Yaiza","theme":"modern","lab":1},"geometry":{"type":"Point","coordinates":[-3.69222,40.49504]}},{"type":"Feature","properties":{"id":"ke-modern-83","kind":"poi","name":"Hombre con niño","theme":"modern","lab":1},"geometry":{"type":"Point","coordinates":[-3.70823,40.39433]}},{"type":"Feature","properties":{"id":"ke-modern-84","kind":"poi","name":"Colegiales","theme":"modern","lab":1},"geometry":{"type":"Point","coordinates":[-3.70472,40.38919]}},{"type":"Feature","properties":{"id":"ke-modern-85","kind":"poi","name":"Homenaje a Agustín Rodríguez-Sahagún","theme":"modern","lab":1},"geometry":{"type":"Point","coordinates":[-3.60951,40.45727]}},{"type":"Feature","properties":{"id":"ke-modern-86","kind":"poi","name":"Sin título","theme":"modern","lab":1},"geometry":{"type":"Point","coordinates":[-3.60742,40.46681]}},{"type":"Feature","properties":{"id":"ke-modern-87","kind":"poi","name":"Viaje Interior","theme":"modern","lab":1},"geometry":{"type":"Point","coordinates":[-3.60315,40.46098]}},{"type":"Feature","properties":{"id":"ke-modern-88","kind":"poi","name":"Sala Mirador","theme":"modern","lab":1},"geometry":{"type":"Point","coordinates":[-3.69887,40.40705]}},{"type":"Feature","properties":{"id":"ke-modern-89","kind":"poi","name":"La Familia","theme":"modern","lab":1},"geometry":{"type":"Point","coordinates":[-3.72791,40.38618]}},{"type":"Feature","properties":{"id":"ke-modern-90","kind":"poi","name":"Pablo Iglesias","theme":"modern","lab":1},"geometry":{"type":"Point","coordinates":[-3.70804,40.44668]}},{"type":"Feature","properties":{"id":"ke-modern-91","kind":"poi","name":"Paloma de la Paz","theme":"modern","lab":1},"geometry":{"type":"Point","coordinates":[-3.71259,40.39067]}},{"type":"Feature","properties":{"id":"ke-modern-92","kind":"poi","name":"El Madroño","theme":"modern","lab":1},"geometry":{"type":"Point","coordinates":[-3.74203,40.38855]}},{"type":"Feature","properties":{"id":"ke-modern-93","kind":"poi","name":"Vázquez de Mella","theme":"modern","lab":1},"geometry":{"type":"Point","coordinates":[-3.69921,40.42105]}},{"type":"Feature","properties":{"id":"ke-modern-94","kind":"poi","name":"Estatua de Diana","theme":"modern","lab":1},"geometry":{"type":"Point","coordinates":[-3.68266,40.41884]}},{"type":"Feature","properties":{"id":"ke-modern-95","kind":"poi","name":"Oso de Berlín","theme":"modern","lab":1},"geometry":{"type":"Point","coordinates":[-3.6755,40.45081]}},{"type":"Feature","properties":{"id":"ke-modern-96","kind":"poi","name":"Escultura totémica I","theme":"modern","lab":1},"geometry":{"type":"Point","coordinates":[-3.64324,40.38031]}},{"type":"Feature","properties":{"id":"ke-modern-97","kind":"poi","name":"Escultura totémica II","theme":"modern","lab":1},"geometry":{"type":"Point","coordinates":[-3.63376,40.38844]}},{"type":"Feature","properties":{"id":"ke-modern-98","kind":"poi","name":"Clara Campoamor","theme":"modern","lab":1},"geometry":{"type":"Point","coordinates":[-3.77914,40.38143]}},{"type":"Feature","properties":{"id":"ke-modern-99","kind":"poi","name":"Ramón María del Valle-Inclán","theme":"modern","lab":1},"geometry":{"type":"Point","coordinates":[-3.77005,40.38067]}},{"type":"Feature","properties":{"id":"ke-modern-100","kind":"poi","name":"Julián Besteiro","theme":"modern","lab":1},"geometry":{"type":"Point","coordinates":[-3.68102,40.4475]}},{"type":"Feature","properties":{"id":"ke-modern-101","kind":"poi","name":"UCM","theme":"modern","lab":1},"geometry":{"type":"Point","coordinates":[-3.72697,40.44777]}},{"type":"Feature","properties":{"id":"ke-modern-102","kind":"poi","name":"Medialab Matadero","theme":"modern","lab":1},"geometry":{"type":"Point","coordinates":[-3.69769,40.39257]}},{"type":"Feature","properties":{"id":"ke-modern-103","kind":"poi","name":"Vasco Núñez de Balboa","theme":"modern","lab":1},"geometry":{"type":"Point","coordinates":[-3.72127,40.43804]}},{"type":"Feature","properties":{"id":"ke-modern-105","kind":"poi","name":"Palacio de Velázquez","theme":"modern","lab":1},"geometry":{"type":"Point","coordinates":[-3.68198,40.41519]}},{"type":"Feature","properties":{"id":"ke-modern-106","kind":"poi","name":"Centro Cultural Casa de Vacas","theme":"modern","lab":1},"geometry":{"type":"Point","coordinates":[-3.6841,40.41921]}},{"type":"Feature","properties":{"id":"ke-modern-107","kind":"poi","name":"Matadero Madrid, Centro de creación Contemporánea","theme":"modern","lab":1},"geometry":{"type":"Point","coordinates":[-3.69783,40.39159]}},{"type":"Feature","properties":{"id":"ke-modern-108","kind":"poi","name":"Auditorio Nacional de Música","theme":"modern","lab":1},"geometry":{"type":"Point","coordinates":[-3.67767,40.44604]}},{"type":"Feature","properties":{"id":"ke-modern-109","kind":"poi","name":"Auditorio del Parque de Enrique Tierno Galván","theme":"modern","lab":1},"geometry":{"type":"Point","coordinates":[-3.68353,40.39011]}},{"type":"Feature","properties":{"id":"ke-modern-110","kind":"poi","name":"Depósito del Canal de Isabel II","theme":"modern","lab":1},"geometry":{"type":"Point","coordinates":[-3.70136,40.43948]}},{"type":"Feature","properties":{"id":"ke-modern-111","kind":"poi","name":"Centro de Arte Tomás y Valiente (Ceart)","theme":"modern","lab":1},"geometry":{"type":"Point","coordinates":[-3.79142,40.2927]}},{"type":"Feature","properties":{"id":"ke-modern-112","kind":"poi","name":"Nuevo Teatro Alcalá","theme":"modern","lab":1},"geometry":{"type":"Point","coordinates":[-3.6781,40.42323]}},{"type":"Feature","properties":{"id":"ke-modern-113","kind":"poi","name":"Teatro del Bosque","theme":"modern","lab":1},"geometry":{"type":"Point","coordinates":[-3.86995,40.3244]}},{"type":"Feature","properties":{"id":"ke-modern-116","kind":"poi","name":"Obelisco de Caja Madrid","theme":"modern","lab":1},"geometry":{"type":"Point","coordinates":[-3.68935,40.46601]}},{"type":"Feature","properties":{"id":"ke-modern-117","kind":"poi","name":"Centro de Arte Alcobendas","theme":"modern","lab":1},"geometry":{"type":"Point","coordinates":[-3.63043,40.54124]}},{"type":"Feature","properties":{"id":"ke-modern-118","kind":"poi","name":"Teatro San Pol","theme":"modern","lab":1},"geometry":{"type":"Point","coordinates":[-3.72698,40.42404]}},{"type":"Feature","properties":{"id":"ke-modern-121","kind":"poi","name":"Auditorio Pilar Bardem","theme":"modern","lab":1},"geometry":{"type":"Point","coordinates":[-3.54569,40.35545]}},{"type":"Feature","properties":{"id":"ke-modern-122","kind":"poi","name":"Teatro de La Abadía","theme":"modern","lab":1},"geometry":{"type":"Point","coordinates":[-3.70956,40.43536]}},{"type":"Feature","properties":{"id":"ke-modern-123","kind":"poi","name":"Teatros del Canal","theme":"modern","lab":1},"geometry":{"type":"Point","coordinates":[-3.70517,40.43824]}},{"type":"Feature","properties":{"id":"ke-modern-125","kind":"poi","name":"Centro Cultural Galileo","theme":"modern","lab":1},"geometry":{"type":"Point","coordinates":[-3.71067,40.43386]}},{"type":"Feature","properties":{"id":"ke-modern-126","kind":"poi","name":"Teatro Barceló","theme":"modern","lab":1},"geometry":{"type":"Point","coordinates":[-3.69973,40.42705]}},{"type":"Feature","properties":{"id":"ke-modern-128","kind":"poi","name":"Andrés Segovia","theme":"modern","lab":1},"geometry":{"type":"Point","coordinates":[-3.67779,40.445]}},{"type":"Feature","properties":{"id":"ke-modern-129","kind":"poi","name":"Homenaje a la Música","theme":"modern","lab":1},"geometry":{"type":"Point","coordinates":[-3.67776,40.44526]}},{"type":"Feature","properties":{"id":"ke-modern-132","kind":"poi","name":"Los portadores de la antorcha","theme":"modern","lab":1},"geometry":{"type":"Point","coordinates":[-3.72606,40.4438]}},{"type":"Feature","properties":{"id":"ke-modern-133","kind":"poi","name":"Escultura y Dolmen de Dalí","theme":"modern","lab":1},"geometry":{"type":"Point","coordinates":[-3.67334,40.42391]}},{"type":"Feature","properties":{"id":"ke-modern-134","kind":"poi","name":"Órgano","theme":"modern","lab":1},"geometry":{"type":"Point","coordinates":[-3.68117,40.43114]}},{"type":"Feature","properties":{"id":"ke-modern-135","kind":"poi","name":"Castilla","theme":"modern","lab":1},"geometry":{"type":"Point","coordinates":[-3.68129,40.43091]}},{"type":"Feature","properties":{"id":"ke-modern-137","kind":"poi","name":"La unión hace la fuerza","theme":"modern","lab":1},"geometry":{"type":"Point","coordinates":[-3.64877,40.43709]}},{"type":"Feature","properties":{"id":"ke-modern-141","kind":"poi","name":"Espacio Mahou","theme":"modern","lab":1},"geometry":{"type":"Point","coordinates":[-3.71168,40.41143]}},{"type":"Feature","properties":{"id":"ke-modern-142","kind":"poi","name":"Sala de exposiciones La Paloma","theme":"modern","lab":1},"geometry":{"type":"Point","coordinates":[-3.71134,40.40764]}},{"type":"Feature","properties":{"id":"ke-modern-143","kind":"poi","name":"Casa de la Cultura Carmen Conde","theme":"modern","lab":1},"geometry":{"type":"Point","coordinates":[-3.87017,40.46863]}},{"type":"Feature","properties":{"id":"ke-modern-144","kind":"poi","name":"ASM 28","theme":"modern","lab":1},"geometry":{"type":"Point","coordinates":[-3.69494,40.42634]}},{"type":"Feature","properties":{"id":"ke-modern-145","kind":"poi","name":"Casa de Cultura","theme":"modern","lab":1},"geometry":{"type":"Point","coordinates":[-3.53352,40.50551]}},{"type":"Feature","properties":{"id":"ke-modern-146","kind":"poi","name":"Fundación Canal","theme":"modern","lab":1},"geometry":{"type":"Point","coordinates":[-3.68857,40.46416]}},{"type":"Feature","properties":{"id":"ke-modern-147","kind":"poi","name":"La Antigua","theme":"modern","lab":1},"geometry":{"type":"Point","coordinates":[-3.70152,40.4601]}},{"type":"Feature","properties":{"id":"ke-modern-148","kind":"poi","name":"Escuela Mayor de Danza","theme":"modern","lab":1},"geometry":{"type":"Point","coordinates":[-3.70761,40.40948]}},{"type":"Feature","properties":{"id":"ke-modern-149","kind":"poi","name":"La Cabeza No Para","theme":"modern","lab":1},"geometry":{"type":"Point","coordinates":[-3.7088,40.40997]}},{"type":"Feature","properties":{"id":"ke-modern-150","kind":"poi","name":"Adagio Music School - Fine Arts & Language Centre","theme":"modern","lab":1},"geometry":{"type":"Point","coordinates":[-3.61529,40.56072]}},{"type":"Feature","properties":{"id":"ke-modern-151","kind":"poi","name":"Galería de Arte Movart","theme":"modern","lab":1},"geometry":{"type":"Point","coordinates":[-3.7103,40.42757]}},{"type":"Feature","properties":{"id":"ke-modern-152","kind":"poi","name":"Escuela de Teatro de Mar Navarro","theme":"modern","lab":1},"geometry":{"type":"Point","coordinates":[-3.72885,40.38572]}},{"type":"Feature","properties":{"id":"ke-modern-153","kind":"poi","name":"Mad Photo","theme":"modern","lab":1},"geometry":{"type":"Point","coordinates":[-3.70341,40.46357]}},{"type":"Feature","properties":{"id":"ke-modern-154","kind":"poi","name":"Madphoto","theme":"modern","lab":1},"geometry":{"type":"Point","coordinates":[-3.70312,40.46391]}},{"type":"Feature","properties":{"id":"ke-modern-155","kind":"poi","name":"Auditorio y Sala de Exposiciones Paco de Lucía","theme":"modern","lab":1},"geometry":{"type":"Point","coordinates":[-3.76413,40.38523]}},{"type":"Feature","properties":{"id":"ke-modern-156","kind":"poi","name":"Pinturarte","theme":"modern","lab":1},"geometry":{"type":"Point","coordinates":[-3.71586,40.47994]}},{"type":"Feature","properties":{"id":"ke-modern-157","kind":"poi","name":"Escuela de Música Soto Mesa","theme":"modern","lab":1},"geometry":{"type":"Point","coordinates":[-3.71282,40.48114]}},{"type":"Feature","properties":{"id":"ke-modern-158","kind":"poi","name":"Hélade","theme":"modern","lab":1},"geometry":{"type":"Point","coordinates":[-3.74866,40.37986]}},{"type":"Feature","properties":{"id":"ke-modern-159","kind":"poi","name":"Calle del Graffiti","theme":"modern","lab":1},"geometry":{"type":"Point","coordinates":[-3.66206,40.32318]}},{"type":"Feature","properties":{"id":"ke-modern-160","kind":"poi","name":"Poparte","theme":"modern","lab":1},"geometry":{"type":"Point","coordinates":[-3.67828,40.42824]}},{"type":"Feature","properties":{"id":"ke-modern-161","kind":"poi","name":"Espacio Naranjo","theme":"modern","lab":1},"geometry":{"type":"Point","coordinates":[-3.70118,40.46106]}},{"type":"Feature","properties":{"id":"ke-modern-162","kind":"poi","name":"Le Mur","theme":"modern","lab":1},"geometry":{"type":"Point","coordinates":[-3.70929,40.42636]}},{"type":"Feature","properties":{"id":"ke-modern-163","kind":"poi","name":"La esquinita del Artista","theme":"modern","lab":1},"geometry":{"type":"Point","coordinates":[-3.67177,40.41601]}},{"type":"Feature","properties":{"id":"ke-modern-164","kind":"poi","name":"Artestudio","theme":"modern","lab":1},"geometry":{"type":"Point","coordinates":[-3.76614,40.39205]}},{"type":"Feature","properties":{"id":"ke-modern-165","kind":"poi","name":"Centro Actúa","theme":"modern","lab":1},"geometry":{"type":"Point","coordinates":[-3.6766,40.40647]}},{"type":"Feature","properties":{"id":"ke-modern-166","kind":"poi","name":"Boa mistura","theme":"modern","lab":1},"geometry":{"type":"Point","coordinates":[-3.66729,40.3933]}},{"type":"Feature","properties":{"id":"ke-modern-167","kind":"poi","name":"Ateneo Republicano de Vallekas","theme":"modern","lab":1},"geometry":{"type":"Point","coordinates":[-3.65144,40.38844]}},{"type":"Feature","properties":{"id":"ke-modern-168","kind":"poi","name":"La Sala Milagros","theme":"modern","lab":1},"geometry":{"type":"Point","coordinates":[-3.71232,40.39174]}},{"type":"Feature","properties":{"id":"ke-modern-169","kind":"poi","name":"Fedriani","theme":"modern","lab":1},"geometry":{"type":"Point","coordinates":[-3.7125,40.39494]}},{"type":"Feature","properties":{"id":"ke-modern-170","kind":"poi","name":"Escuela de pintura Stefan","theme":"modern","lab":1},"geometry":{"type":"Point","coordinates":[-3.71202,40.39429]}},{"type":"Feature","properties":{"id":"ke-modern-171","kind":"poi","name":"TuPatio","theme":"modern","lab":1},"geometry":{"type":"Point","coordinates":[-3.71249,40.39345]}},{"type":"Feature","properties":{"id":"ke-modern-172","kind":"poi","name":"Galería de Arte Marlborough","theme":"modern","lab":1},"geometry":{"type":"Point","coordinates":[-3.69283,40.42743]}},{"type":"Feature","properties":{"id":"ke-modern-173","kind":"poi","name":"95 Art Gallery","theme":"modern","lab":1},"geometry":{"type":"Point","coordinates":[-3.73169,40.38512]}},{"type":"Feature","properties":{"id":"ke-modern-174","kind":"poi","name":"El Puente","theme":"modern","lab":1},"geometry":{"type":"Point","coordinates":[-3.69899,40.4512]}},{"type":"Feature","properties":{"id":"ke-modern-175","kind":"poi","name":"Havet Gallery","theme":"modern","lab":1},"geometry":{"type":"Point","coordinates":[-3.68346,40.43097]}},{"type":"Feature","properties":{"id":"ke-modern-176","kind":"poi","name":"El Atelier","theme":"modern","lab":1},"geometry":{"type":"Point","coordinates":[-3.81876,40.3529]}},{"type":"Feature","properties":{"id":"ke-modern-177","kind":"poi","name":"Cromática escuela de Arte.","theme":"modern","lab":1},"geometry":{"type":"Point","coordinates":[-3.54696,40.35933]}},{"type":"Feature","properties":{"id":"ke-doga-0","kind":"poi","name":"Canal Bajo de Madrid","theme":"doga","lab":1},"geometry":{"type":"Point","coordinates":[-3.70196,40.47598]}},{"type":"Feature","properties":{"id":"ke-doga-1","kind":"poi","name":"Fuente de la cuesta de los ciegos","theme":"doga","lab":1},"geometry":{"type":"Point","coordinates":[-3.71496,40.4137]}},{"type":"Feature","properties":{"id":"ke-doga-2","kind":"poi","name":"Cerro de los Ángeles","theme":"doga","lab":1},"geometry":{"type":"Point","coordinates":[-3.68447,40.30843]}},{"type":"Feature","properties":{"id":"ke-doga-3","kind":"poi","name":"Cerro de Buenavista","theme":"doga","lab":1},"geometry":{"type":"Point","coordinates":[-3.75679,40.305]}},{"type":"Feature","properties":{"id":"ke-doga-4","kind":"poi","name":"Montaña de los gatos","theme":"doga","lab":1},"geometry":{"type":"Point","coordinates":[-3.68055,40.4211]}},{"type":"Feature","properties":{"id":"ke-doga-5","kind":"poi","name":"Tambor","theme":"doga","lab":1},"geometry":{"type":"Point","coordinates":[-3.74084,40.51492]}},{"type":"Feature","properties":{"id":"ke-doga-6","kind":"poi","name":"Rivas","theme":"doga","lab":1},"geometry":{"type":"Point","coordinates":[-3.52607,40.36438]}},{"type":"Feature","properties":{"id":"ke-doga-7","kind":"poi","name":"Cerro de Morán","theme":"doga","lab":1},"geometry":{"type":"Point","coordinates":[-3.74833,40.43448]}},{"type":"Feature","properties":{"id":"ke-doga-8","kind":"poi","name":"Cerro Almodóvar","theme":"doga","lab":1},"geometry":{"type":"Point","coordinates":[-3.59796,40.38627]}},{"type":"Feature","properties":{"id":"ke-doga-9","kind":"poi","name":"Cerro de Garabitas","theme":"doga","lab":1},"geometry":{"type":"Point","coordinates":[-3.7565,40.43449]}},{"type":"Feature","properties":{"id":"ke-doga-10","kind":"poi","name":"Parque de la Arganzuela","theme":"doga","lab":1},"geometry":{"type":"Point","coordinates":[-3.70905,40.39752]}},{"type":"Feature","properties":{"id":"ke-doga-11","kind":"poi","name":"Cerro del Olivar","theme":"doga","lab":1},"geometry":{"type":"Point","coordinates":[-3.5544,40.36709]}},{"type":"Feature","properties":{"id":"ke-doga-12","kind":"poi","name":"Parque Juan Carlos I","theme":"doga","lab":1},"geometry":{"type":"Point","coordinates":[-3.60484,40.46072]}},{"type":"Feature","properties":{"id":"ke-doga-13","kind":"poi","name":"El Estanque Grande","theme":"doga","lab":1},"geometry":{"type":"Point","coordinates":[-3.68393,40.41715]}},{"type":"Feature","properties":{"id":"ke-doga-14","kind":"poi","name":"Parque de Aluche","theme":"doga","lab":1},"geometry":{"type":"Point","coordinates":[-3.75983,40.38961]}},{"type":"Feature","properties":{"id":"ke-doga-15","kind":"poi","name":"Plaza del Dos de Mayo","theme":"doga","lab":1},"geometry":{"type":"Point","coordinates":[-3.70409,40.42697]}},{"type":"Feature","properties":{"id":"ke-doga-16","kind":"poi","name":"Parque del Paraíso","theme":"doga","lab":1},"geometry":{"type":"Point","coordinates":[-3.61881,40.43037]}},{"type":"Feature","properties":{"id":"ke-doga-17","kind":"poi","name":"Jardines del Descubrimiento","theme":"doga","lab":1},"geometry":{"type":"Point","coordinates":[-3.68912,40.42473]}},{"type":"Feature","properties":{"id":"ke-doga-18","kind":"poi","name":"Parque de la Bombilla","theme":"doga","lab":1},"geometry":{"type":"Point","coordinates":[-3.72939,40.42986]}},{"type":"Feature","properties":{"id":"ke-doga-19","kind":"poi","name":"Plaza de España","theme":"doga","lab":1},"geometry":{"type":"Point","coordinates":[-3.71294,40.42276]}},{"type":"Feature","properties":{"id":"ke-doga-20","kind":"poi","name":"La Rosaleda","theme":"doga","lab":1},"geometry":{"type":"Point","coordinates":[-3.72194,40.42647]}},{"type":"Feature","properties":{"id":"ke-doga-21","kind":"poi","name":"Parque de La Ventilla","theme":"doga","lab":1},"geometry":{"type":"Point","coordinates":[-3.69542,40.4739]}},{"type":"Feature","properties":{"id":"ke-doga-22","kind":"poi","name":"Jardín del Rastro","theme":"doga","lab":1},"geometry":{"type":"Point","coordinates":[-3.70896,40.40556]}},{"type":"Feature","properties":{"id":"ke-doga-23","kind":"poi","name":"Parque del Cuarto Depósito","theme":"doga","lab":1},"geometry":{"type":"Point","coordinates":[-3.68725,40.46514]}},{"type":"Feature","properties":{"id":"ke-doga-24","kind":"poi","name":"Plaza de Pablo Ruiz Picasso","theme":"doga","lab":1},"geometry":{"type":"Point","coordinates":[-3.69322,40.44935]}},{"type":"Feature","properties":{"id":"ke-doga-25","kind":"poi","name":"Parque de Berlín","theme":"doga","lab":1},"geometry":{"type":"Point","coordinates":[-3.67576,40.45042]}},{"type":"Feature","properties":{"id":"ke-doga-26","kind":"poi","name":"Parque Almansa","theme":"doga","lab":1},"geometry":{"type":"Point","coordinates":[-3.71378,40.44871]}},{"type":"Feature","properties":{"id":"ke-doga-27","kind":"poi","name":"Real Jardín Botánico de Madrid","theme":"doga","lab":1},"geometry":{"type":"Point","coordinates":[-3.69075,40.41117]}},{"type":"Feature","properties":{"id":"ke-doga-28","kind":"poi","name":"Plaza de Menéndez Pelayo","theme":"doga","lab":1},"geometry":{"type":"Point","coordinates":[-3.73076,40.44966]}},{"type":"Feature","properties":{"id":"ke-doga-29","kind":"poi","name":"Dehesa de Navalcarbón","theme":"doga","lab":1},"geometry":{"type":"Point","coordinates":[-3.88669,40.50968]}},{"type":"Feature","properties":{"id":"ke-doga-30","kind":"poi","name":"Parque Quinta de los Molinos","theme":"doga","lab":1},"geometry":{"type":"Point","coordinates":[-3.62848,40.44438]}},{"type":"Feature","properties":{"id":"ke-doga-31","kind":"poi","name":"Parque de la Ciudad de los Ángeles","theme":"doga","lab":1},"geometry":{"type":"Point","coordinates":[-3.69686,40.35402]}},{"type":"Feature","properties":{"id":"ke-doga-32","kind":"poi","name":"Parque de Enrique Tierno Galván","theme":"doga","lab":1},"geometry":{"type":"Point","coordinates":[-3.68199,40.39]}},{"type":"Feature","properties":{"id":"ke-doga-33","kind":"poi","name":"Parque de Peñuelas","theme":"doga","lab":1},"geometry":{"type":"Point","coordinates":[-3.70469,40.40004]}},{"type":"Feature","properties":{"id":"ke-doga-34","kind":"poi","name":"Jardín histórico El Capricho de la Alameda Osuna","theme":"doga","lab":1},"geometry":{"type":"Point","coordinates":[-3.5984,40.45643]}},{"type":"Feature","properties":{"id":"ke-doga-35","kind":"poi","name":"Parque de Villa Rosa Paco Caño","theme":"doga","lab":1},"geometry":{"type":"Point","coordinates":[-3.63004,40.46575]}},{"type":"Feature","properties":{"id":"ke-doga-36","kind":"poi","name":"Cuña Verde de la Latina","theme":"doga","lab":1},"geometry":{"type":"Point","coordinates":[-3.73715,40.40122]}},{"type":"Feature","properties":{"id":"ke-doga-37","kind":"poi","name":"Estanque del Palacio de Cristal","theme":"doga","lab":1},"geometry":{"type":"Point","coordinates":[-3.68142,40.41373]}},{"type":"Feature","properties":{"id":"ke-doga-38","kind":"poi","name":"Parque Cataluña","theme":"doga","lab":1},"geometry":{"type":"Point","coordinates":[-3.63863,40.5409]}},{"type":"Feature","properties":{"id":"ke-doga-39","kind":"poi","name":"Parque de la Comunidad de Madrid","theme":"doga","lab":1},"geometry":{"type":"Point","coordinates":[-3.63712,40.54566]}},{"type":"Feature","properties":{"id":"ke-doga-40","kind":"poi","name":"Jardines del Palacio de El Pardo","theme":"doga","lab":1},"geometry":{"type":"Point","coordinates":[-3.77517,40.52094]}},{"type":"Feature","properties":{"id":"ke-doga-41","kind":"poi","name":"Parque de San Isidro","theme":"doga","lab":1},"geometry":{"type":"Point","coordinates":[-3.72699,40.39767]}},{"type":"Feature","properties":{"id":"ke-doga-42","kind":"poi","name":"Parque Pablo Ráez","theme":"doga","lab":1},"geometry":{"type":"Point","coordinates":[-3.64913,40.44064]}},{"type":"Feature","properties":{"id":"ke-doga-43","kind":"poi","name":"Parque de Félix Rodríguez de la Fuente","theme":"doga","lab":1},"geometry":{"type":"Point","coordinates":[-3.66445,40.45231]}},{"type":"Feature","properties":{"id":"ke-doga-44","kind":"poi","name":"Parque del Cerro Almodóvar","theme":"doga","lab":1},"geometry":{"type":"Point","coordinates":[-3.74869,40.39355]}},{"type":"Feature","properties":{"id":"ke-doga-45","kind":"poi","name":"Embalse de Gabriel Enríquez de la Orden","theme":"doga","lab":1},"geometry":{"type":"Point","coordinates":[-3.89878,40.57498]}},{"type":"Feature","properties":{"id":"ke-doga-46","kind":"poi","name":"Parque de Pradolongo","theme":"doga","lab":1},"geometry":{"type":"Point","coordinates":[-3.70625,40.37583]}},{"type":"Feature","properties":{"id":"ke-doga-47","kind":"poi","name":"Parque de Plata y Castañar","theme":"doga","lab":1},"geometry":{"type":"Point","coordinates":[-3.71914,40.34787]}},{"type":"Feature","properties":{"id":"ke-doga-48","kind":"poi","name":"Parque Natural El Soto","theme":"doga","lab":1},"geometry":{"type":"Point","coordinates":[-3.90176,40.32742]}},{"type":"Feature","properties":{"id":"ke-doga-49","kind":"poi","name":"Parque Las Comunidades","theme":"doga","lab":1},"geometry":{"type":"Point","coordinates":[-3.83785,40.34238]}},{"type":"Feature","properties":{"id":"ke-doga-50","kind":"poi","name":"Parque de Leganés","theme":"doga","lab":1},"geometry":{"type":"Point","coordinates":[-3.79102,40.28797]}},{"type":"Feature","properties":{"id":"ke-doga-51","kind":"poi","name":"Plaza de la Constitución","theme":"doga","lab":1},"geometry":{"type":"Point","coordinates":[-3.64829,40.38642]}},{"type":"Feature","properties":{"id":"ke-doga-52","kind":"poi","name":"Parque de La Paz","theme":"doga","lab":1},"geometry":{"type":"Point","coordinates":[-3.81566,40.34914]}},{"type":"Feature","properties":{"id":"ke-doga-53","kind":"poi","name":"Parque de Asturias","theme":"doga","lab":1},"geometry":{"type":"Point","coordinates":[-3.55113,40.36233]}},{"type":"Feature","properties":{"id":"ke-doga-54","kind":"poi","name":"Parque de Polvoranca","theme":"doga","lab":1},"geometry":{"type":"Point","coordinates":[-3.79545,40.322]}},{"type":"Feature","properties":{"id":"ke-doga-55","kind":"poi","name":"Parque Dehesa Boyal","theme":"doga","lab":1},"geometry":{"type":"Point","coordinates":[-3.68849,40.34647]}},{"type":"Feature","properties":{"id":"ke-doga-56","kind":"poi","name":"Parque Huerta del Obispo","theme":"doga","lab":1},"geometry":{"type":"Point","coordinates":[-3.71217,40.34732]}},{"type":"Feature","properties":{"id":"ke-doga-57","kind":"poi","name":"Parque Forestal de Entrevías","theme":"doga","lab":1},"geometry":{"type":"Point","coordinates":[-3.66842,40.37031]}},{"type":"Feature","properties":{"id":"ke-doga-58","kind":"poi","name":"Parque la República","theme":"doga","lab":1},"geometry":{"type":"Point","coordinates":[-3.82275,40.33595]}},{"type":"Feature","properties":{"id":"ke-doga-59","kind":"poi","name":"Parque París","theme":"doga","lab":1},"geometry":{"type":"Point","coordinates":[-3.88316,40.49085]}},{"type":"Feature","properties":{"id":"ke-doga-60","kind":"poi","name":"Parque de las Vistillas","theme":"doga","lab":1},"geometry":{"type":"Point","coordinates":[-3.71525,40.41093]}},{"type":"Feature","properties":{"id":"ke-doga-61","kind":"poi","name":"Parque de la Cornisa","theme":"doga","lab":1},"geometry":{"type":"Point","coordinates":[-3.71508,40.40986]}},{"type":"Feature","properties":{"id":"ke-doga-62","kind":"poi","name":"Plaza del Campillo del Mundo Nuevo","theme":"doga","lab":1},"geometry":{"type":"Point","coordinates":[-3.70866,40.40642]}},{"type":"Feature","properties":{"id":"ke-doga-63","kind":"poi","name":"Parque de La Elipa","theme":"doga","lab":1},"geometry":{"type":"Point","coordinates":[-3.65387,40.41841]}},{"type":"Feature","properties":{"id":"ke-doga-64","kind":"poi","name":"Real Observatorio de Madrid","theme":"doga","lab":1},"geometry":{"type":"Point","coordinates":[-3.68727,40.40844]}},{"type":"Feature","properties":{"id":"ke-doga-65","kind":"poi","name":"Plaza de la Lealtad","theme":"doga","lab":1},"geometry":{"type":"Point","coordinates":[-3.69291,40.41639]}},{"type":"Feature","properties":{"id":"ke-doga-66","kind":"poi","name":"Parque de Caramuel","theme":"doga","lab":1},"geometry":{"type":"Point","coordinates":[-3.72769,40.4083]}},{"type":"Feature","properties":{"id":"ke-doga-67","kind":"poi","name":"Jardines de la Quinta del Duque del Arco","theme":"doga","lab":1},"geometry":{"type":"Point","coordinates":[-3.7368,40.50541]}},{"type":"Feature","properties":{"id":"ke-doga-68","kind":"poi","name":"Parque de Los Olivos","theme":"doga","lab":1},"geometry":{"type":"Point","coordinates":[-3.75809,40.33636]}},{"type":"Feature","properties":{"id":"ke-doga-69","kind":"poi","name":"Jardín del Príncipe de Anglona","theme":"doga","lab":1},"geometry":{"type":"Point","coordinates":[-3.71143,40.41352]}},{"type":"Feature","properties":{"id":"ke-doga-70","kind":"poi","name":"Parque Cuña Verde de O'Donnell","theme":"doga","lab":1},"geometry":{"type":"Point","coordinates":[-3.64096,40.41264]}},{"type":"Feature","properties":{"id":"ke-doga-71","kind":"poi","name":"Parque Finca Liana","theme":"doga","lab":1},"geometry":{"type":"Point","coordinates":[-3.87533,40.32329]}},{"type":"Feature","properties":{"id":"ke-doga-72","kind":"poi","name":"Parque de Las Presillas","theme":"doga","lab":1},"geometry":{"type":"Point","coordinates":[-3.79774,40.35867]}},{"type":"Feature","properties":{"id":"ke-doga-73","kind":"poi","name":"Parque Ciudad de Mayarí","theme":"doga","lab":1},"geometry":{"type":"Point","coordinates":[-3.839,40.35163]}},{"type":"Feature","properties":{"id":"ke-doga-74","kind":"poi","name":"Parque de los Estados","theme":"doga","lab":1},"geometry":{"type":"Point","coordinates":[-3.78579,40.28649]}},{"type":"Feature","properties":{"id":"ke-doga-75","kind":"poi","name":"Parque Lineal","theme":"doga","lab":1},"geometry":{"type":"Point","coordinates":[-3.54573,40.3634]}},{"type":"Feature","properties":{"id":"ke-doga-76","kind":"poi","name":"Plaza de la Villa de París","theme":"doga","lab":1},"geometry":{"type":"Point","coordinates":[-3.6931,40.42513]}},{"type":"Feature","properties":{"id":"ke-doga-77","kind":"poi","name":"Estanque de los Cisnes","theme":"doga","lab":1},"geometry":{"type":"Point","coordinates":[-3.59645,40.45706]}},{"type":"Feature","properties":{"id":"ke-doga-78","kind":"poi","name":"Plaza de Peñuelas","theme":"doga","lab":1},"geometry":{"type":"Point","coordinates":[-3.70284,40.40079]}},{"type":"Feature","properties":{"id":"ke-doga-79","kind":"poi","name":"Parque de Las Cruces","theme":"doga","lab":1},"geometry":{"type":"Point","coordinates":[-3.75963,40.37861]}},{"type":"Feature","properties":{"id":"ke-doga-80","kind":"poi","name":"Plaza del Conde del Valle de Suchil","theme":"doga","lab":1},"geometry":{"type":"Point","coordinates":[-3.70729,40.43093]}},{"type":"Feature","properties":{"id":"ke-doga-81","kind":"poi","name":"Invernadero del Palacio de Cristal de Arganzuela","theme":"doga","lab":1},"geometry":{"type":"Point","coordinates":[-3.70024,40.39349]}},{"type":"Feature","properties":{"id":"ke-doga-82","kind":"poi","name":"Parque del Emir Mohamed I","theme":"doga","lab":1},"geometry":{"type":"Point","coordinates":[-3.71462,40.41472]}},{"type":"Feature","properties":{"id":"ke-doga-83","kind":"poi","name":"Parque Forestal de Valdebernardo","theme":"doga","lab":1},"geometry":{"type":"Point","coordinates":[-3.6116,40.39858]}},{"type":"Feature","properties":{"id":"ke-doga-84","kind":"poi","name":"Estanque del Repartidor","theme":"doga","lab":1},"geometry":{"type":"Point","coordinates":[-3.74609,40.434]}},{"type":"Feature","properties":{"id":"ke-doga-85","kind":"poi","name":"Madrid Río","theme":"doga","lab":1},"geometry":{"type":"Point","coordinates":[-3.70984,40.40061]}},{"type":"Feature","properties":{"id":"ke-doga-86","kind":"poi","name":"Fuente de Apolo","theme":"doga","lab":1},"geometry":{"type":"Point","coordinates":[-3.6939,40.41721]}},{"type":"Feature","properties":{"id":"ke-doga-87","kind":"poi","name":"Parque de Francos Rodríguez","theme":"doga","lab":1},"geometry":{"type":"Point","coordinates":[-3.71535,40.45329]}},{"type":"Feature","properties":{"id":"ke-doga-88","kind":"poi","name":"Dehesa de la Villa","theme":"doga","lab":1},"geometry":{"type":"Point","coordinates":[-3.72279,40.45789]}},{"type":"Feature","properties":{"id":"ke-doga-89","kind":"poi","name":"Parque de la Quinta de la Fuente del Berro","theme":"doga","lab":1},"geometry":{"type":"Point","coordinates":[-3.66133,40.42546]}},{"type":"Feature","properties":{"id":"ke-doga-90","kind":"poi","name":"Parque Norte - Carmen Tagle","theme":"doga","lab":1},"geometry":{"type":"Point","coordinates":[-3.69604,40.48113]}},{"type":"Feature","properties":{"id":"ke-doga-91","kind":"poi","name":"Charcas de los Camorchos","theme":"doga","lab":1},"geometry":{"type":"Point","coordinates":[-3.92068,40.59671]}},{"type":"Feature","properties":{"id":"ke-doga-92","kind":"poi","name":"Parque Fuente de la Salud","theme":"doga","lab":1},"geometry":{"type":"Point","coordinates":[-3.81368,40.44386]}},{"type":"Feature","properties":{"id":"ke-doga-93","kind":"poi","name":"Parque Aluche","theme":"doga","lab":1},"geometry":{"type":"Point","coordinates":[-3.75881,40.39504]}},{"type":"Feature","properties":{"id":"ke-doga-94","kind":"poi","name":"Lagunas de Belvis","theme":"doga","lab":1},"geometry":{"type":"Point","coordinates":[-3.56074,40.54998]}},{"type":"Feature","properties":{"id":"ke-doga-95","kind":"poi","name":"Plaza de Cristino Martos","theme":"doga","lab":1},"geometry":{"type":"Point","coordinates":[-3.71198,40.42558]}},{"type":"Feature","properties":{"id":"ke-doga-96","kind":"poi","name":"Jardines del Arquitecto Ribera","theme":"doga","lab":1},"geometry":{"type":"Point","coordinates":[-3.70004,40.4262]}},{"type":"Feature","properties":{"id":"ke-doga-97","kind":"poi","name":"Jardín de los Combatientes de La Nueve","theme":"doga","lab":1},"geometry":{"type":"Point","coordinates":[-3.62987,40.42552]}},{"type":"Feature","properties":{"id":"ke-doga-98","kind":"poi","name":"Plaza de Chabuca Granda","theme":"doga","lab":1},"geometry":{"type":"Point","coordinates":[-3.64325,40.47288]}},{"type":"Feature","properties":{"id":"ke-doga-99","kind":"poi","name":"Plaza de Las Meninas","theme":"doga","lab":1},"geometry":{"type":"Point","coordinates":[-3.73105,40.37748]}},{"type":"Feature","properties":{"id":"ke-doga-100","kind":"poi","name":"Jardín de Miguel Ángel Blanco","theme":"doga","lab":1},"geometry":{"type":"Point","coordinates":[-3.66772,40.45988]}},{"type":"Feature","properties":{"id":"ke-doga-101","kind":"poi","name":"Plaza de las Salesas","theme":"doga","lab":1},"geometry":{"type":"Point","coordinates":[-3.69455,40.42423]}},{"type":"Feature","properties":{"id":"ke-doga-102","kind":"poi","name":"Parque de Roma","theme":"doga","lab":1},"geometry":{"type":"Point","coordinates":[-3.66298,40.41674]}},{"type":"Feature","properties":{"id":"ke-doga-103","kind":"poi","name":"Fuente de los Delfines","theme":"doga","lab":1},"geometry":{"type":"Point","coordinates":[-3.59573,40.4565]}},{"type":"Feature","properties":{"id":"ke-doga-104","kind":"poi","name":"Plaza de la Unión Cárcavas-San Antonio","theme":"doga","lab":1},"geometry":{"type":"Point","coordinates":[-3.63017,40.48006]}},{"type":"Feature","properties":{"id":"ke-doga-105","kind":"poi","name":"Plaza de la Marina Española","theme":"doga","lab":1},"geometry":{"type":"Point","coordinates":[-3.71167,40.42096]}},{"type":"Feature","properties":{"id":"ke-doga-106","kind":"poi","name":"Plaza de la Charca Verde","theme":"doga","lab":1},"geometry":{"type":"Point","coordinates":[-3.67286,40.45084]}},{"type":"Feature","properties":{"id":"ke-doga-107","kind":"poi","name":"Museo de escultura de Leganés","theme":"doga","lab":1},"geometry":{"type":"Point","coordinates":[-3.76057,40.32448]}},{"type":"Feature","properties":{"id":"ke-doga-108","kind":"poi","name":"Fuente de la Fama","theme":"doga","lab":1},"geometry":{"type":"Point","coordinates":[-3.70057,40.4261]}},{"type":"Feature","properties":{"id":"ke-doga-109","kind":"poi","name":"Desert CITY","theme":"doga","lab":1},"geometry":{"type":"Point","coordinates":[-3.58224,40.59878]}},{"type":"Feature","properties":{"id":"ke-doga-110","kind":"poi","name":"Estanque de las Tencas","theme":"doga","lab":1},"geometry":{"type":"Point","coordinates":[-3.59762,40.45822]}},{"type":"Feature","properties":{"id":"ke-doga-111","kind":"poi","name":"Fuente de las Conchas","theme":"doga","lab":1},"geometry":{"type":"Point","coordinates":[-3.71797,40.4187]}},{"type":"Feature","properties":{"id":"ke-doga-112","kind":"poi","name":"Fuente Juan de Villanueva","theme":"doga","lab":1},"geometry":{"type":"Point","coordinates":[-3.72416,40.42959]}},{"type":"Feature","properties":{"id":"ke-doga-113","kind":"poi","name":"Parque de la Vaguada","theme":"doga","lab":1},"geometry":{"type":"Point","coordinates":[-3.7109,40.47927]}},{"type":"Feature","properties":{"id":"ke-doga-114","kind":"poi","name":"Fuente plaza Alonso Martínez","theme":"doga","lab":1},"geometry":{"type":"Point","coordinates":[-3.69591,40.42779]}},{"type":"Feature","properties":{"id":"ke-doga-115","kind":"poi","name":"Fuente Eugenia De Montijo","theme":"doga","lab":1},"geometry":{"type":"Point","coordinates":[-3.75053,40.37628]}},{"type":"Feature","properties":{"id":"ke-doga-116","kind":"poi","name":"Monumento a Cuba","theme":"doga","lab":1},"geometry":{"type":"Point","coordinates":[-3.68155,40.41934]}},{"type":"Feature","properties":{"id":"ke-doga-117","kind":"poi","name":"Jardín del Obispo Albero Iniesta","theme":"doga","lab":1},"geometry":{"type":"Point","coordinates":[-3.65265,40.39543]}},{"type":"Feature","properties":{"id":"ke-doga-118","kind":"poi","name":"Fuente de Orfeo","theme":"doga","lab":1},"geometry":{"type":"Point","coordinates":[-3.70622,40.4149]}},{"type":"Feature","properties":{"id":"ke-doga-119","kind":"poi","name":"Parque Soto de Entrevías","theme":"doga","lab":1},"geometry":{"type":"Point","coordinates":[-3.67427,40.37548]}},{"type":"Feature","properties":{"id":"ke-doga-120","kind":"poi","name":"Fuente de la Sardana","theme":"doga","lab":1},"geometry":{"type":"Point","coordinates":[-3.68208,40.41715]}},{"type":"Feature","properties":{"id":"ke-doga-121","kind":"poi","name":"Fuente de los Galápagos","theme":"doga","lab":1},"geometry":{"type":"Point","coordinates":[-3.68548,40.41863]}},{"type":"Feature","properties":{"id":"ke-doga-122","kind":"poi","name":"Estanque Jardín Judío","theme":"doga","lab":1},"geometry":{"type":"Point","coordinates":[-3.60485,40.46419]}},{"type":"Feature","properties":{"id":"ke-doga-123","kind":"poi","name":"Estanque Puerta Logroño","theme":"doga","lab":1},"geometry":{"type":"Point","coordinates":[-3.59462,40.4604]}},{"type":"Feature","properties":{"id":"ke-doga-124","kind":"poi","name":"Fuente del Berro","theme":"doga","lab":1},"geometry":{"type":"Point","coordinates":[-3.66301,40.42322]}},{"type":"Feature","properties":{"id":"ke-doga-125","kind":"poi","name":"Ria Chica","theme":"doga","lab":1},"geometry":{"type":"Point","coordinates":[-3.66136,40.42315]}},{"type":"Feature","properties":{"id":"ke-doga-126","kind":"poi","name":"Monumento a Alfonso XII","theme":"doga","lab":1},"geometry":{"type":"Point","coordinates":[-3.68307,40.41733]}},{"type":"Feature","properties":{"id":"ke-doga-127","kind":"poi","name":"Estufa Fría","theme":"doga","lab":1},"geometry":{"type":"Point","coordinates":[-3.60581,40.46154]}},{"type":"Feature","properties":{"id":"ke-doga-128","kind":"poi","name":"Parque Amós Acero","theme":"doga","lab":1},"geometry":{"type":"Point","coordinates":[-3.66617,40.3888]}},{"type":"Feature","properties":{"id":"ke-doga-129","kind":"poi","name":"Parque Urbano de Entrevías","theme":"doga","lab":1},"geometry":{"type":"Point","coordinates":[-3.6675,40.37388]}},{"type":"Feature","properties":{"id":"ke-doga-130","kind":"poi","name":"Arca Vieja de Amaniel (Caño Gordo)","theme":"doga","lab":1},"geometry":{"type":"Point","coordinates":[-3.7141,40.45099]}},{"type":"Feature","properties":{"id":"ke-doga-131","kind":"poi","name":"Estanque Guillermo Pingarrón","theme":"doga","lab":1},"geometry":{"type":"Point","coordinates":[-3.64773,40.38665]}},{"type":"Feature","properties":{"id":"ke-doga-132","kind":"poi","name":"Cuatro Fuentes","theme":"doga","lab":1},"geometry":{"type":"Point","coordinates":[-3.69297,40.41238]}},{"type":"Feature","properties":{"id":"ke-doga-133","kind":"poi","name":"Fuente de Pontejos","theme":"doga","lab":1},"geometry":{"type":"Point","coordinates":[-3.70437,40.41589]}},{"type":"Feature","properties":{"id":"ke-doga-134","kind":"poi","name":"Parque Valle del Arcipreste","theme":"doga","lab":1},"geometry":{"type":"Point","coordinates":[-3.88057,40.47697]}},{"type":"Feature","properties":{"id":"ke-doga-135","kind":"poi","name":"Parque de la Laguna Vieja","theme":"doga","lab":1},"geometry":{"type":"Point","coordinates":[-3.87594,40.47461]}},{"type":"Feature","properties":{"id":"ke-doga-136","kind":"poi","name":"Parque de la Granadilla","theme":"doga","lab":1},"geometry":{"type":"Point","coordinates":[-3.87734,40.46953]}},{"type":"Feature","properties":{"id":"ke-doga-137","kind":"poi","name":"Parque de Ferencvaros","theme":"doga","lab":1},"geometry":{"type":"Point","coordinates":[-3.87874,40.46925]}},{"type":"Feature","properties":{"id":"ke-doga-138","kind":"poi","name":"Rosaleda de las Víctimas del Terrorismo","theme":"doga","lab":1},"geometry":{"type":"Point","coordinates":[-3.86606,40.46335]}},{"type":"Feature","properties":{"id":"ke-doga-139","kind":"poi","name":"Pinar de Fuente Marcela","theme":"doga","lab":1},"geometry":{"type":"Point","coordinates":[-3.85214,40.47307]}},{"type":"Feature","properties":{"id":"ke-doga-140","kind":"poi","name":"Parque de los Robles","theme":"doga","lab":1},"geometry":{"type":"Point","coordinates":[-3.86216,40.47554]}},{"type":"Feature","properties":{"id":"ke-doga-141","kind":"poi","name":"Parque Delta","theme":"doga","lab":1},"geometry":{"type":"Point","coordinates":[-3.87993,40.47148]}},{"type":"Feature","properties":{"id":"ke-doga-142","kind":"poi","name":"Parque del Cerro del Aire","theme":"doga","lab":1},"geometry":{"type":"Point","coordinates":[-3.86665,40.47749]}},{"type":"Feature","properties":{"id":"ke-doga-143","kind":"poi","name":"Talud de la Iglesia","theme":"doga","lab":1},"geometry":{"type":"Point","coordinates":[-3.87431,40.47195]}},{"type":"Feature","properties":{"id":"ke-doga-144","kind":"poi","name":"Parque Lineal Juan Carlos I","theme":"doga","lab":1},"geometry":{"type":"Point","coordinates":[-3.89608,40.41832]}},{"type":"Feature","properties":{"id":"ke-doga-145","kind":"poi","name":"Parque Jaime Ferran","theme":"doga","lab":1},"geometry":{"type":"Point","coordinates":[-3.89574,40.41744]}},{"type":"Feature","properties":{"id":"ke-doga-146","kind":"poi","name":"Parque de Gadea","theme":"doga","lab":1},"geometry":{"type":"Point","coordinates":[-3.69949,40.32157]}},{"type":"Feature","properties":{"id":"ke-doga-147","kind":"poi","name":"Jardines del Palacete de los Duques de Pastrana","theme":"doga","lab":1},"geometry":{"type":"Point","coordinates":[-3.67877,40.46697]}},{"type":"Feature","properties":{"id":"ke-doga-148","kind":"poi","name":"Parque de los Negrillos","theme":"doga","lab":1},"geometry":{"type":"Point","coordinates":[-3.88039,40.45945]}},{"type":"Feature","properties":{"id":"ke-doga-149","kind":"poi","name":"Parque de Los Morrones","theme":"doga","lab":1},"geometry":{"type":"Point","coordinates":[-3.87429,40.47133]}},{"type":"Feature","properties":{"id":"ke-doga-150","kind":"poi","name":"Parque Adolfo Suárez","theme":"doga","lab":1},"geometry":{"type":"Point","coordinates":[-3.87427,40.46083]}},{"type":"Feature","properties":{"id":"ke-doga-151","kind":"poi","name":"Parque de San Andrés","theme":"doga","lab":1},"geometry":{"type":"Point","coordinates":[-3.87199,40.46927]}},{"type":"Feature","properties":{"id":"ke-doga-152","kind":"poi","name":"Bosque Metropolitano Campo de las Naciones-Ribera del Sena","theme":"doga","lab":1},"geometry":{"type":"Point","coordinates":[-3.62678,40.47126]}},{"type":"Feature","properties":{"id":"ke-doga-153","kind":"poi","name":"Parque de Antonio Herrero","theme":"doga","lab":1},"geometry":{"type":"Point","coordinates":[-3.90325,40.41939]}},{"type":"Feature","properties":{"id":"ke-doga-154","kind":"poi","name":"Parque Valle de la Oliva","theme":"doga","lab":1},"geometry":{"type":"Point","coordinates":[-3.87277,40.44701]}},{"type":"Feature","properties":{"id":"ke-doga-155","kind":"poi","name":"Parque Forestal Cruz de la Atalaya","theme":"doga","lab":1},"geometry":{"type":"Point","coordinates":[-3.8034,40.42973]}},{"type":"Feature","properties":{"id":"ke-doga-156","kind":"poi","name":"Pinar de Doña Consuelo","theme":"doga","lab":1},"geometry":{"type":"Point","coordinates":[-3.87976,40.48308]}},{"type":"Feature","properties":{"id":"ke-doga-157","kind":"poi","name":"Parque Mary Paz Pondal","theme":"doga","lab":1},"geometry":{"type":"Point","coordinates":[-3.91843,40.43192]}},{"type":"Feature","properties":{"id":"ke-doga-158","kind":"poi","name":"Parque Forestal \"Mirador del Jarama\"","theme":"doga","lab":1},"geometry":{"type":"Point","coordinates":[-3.52493,40.37933]}},{"type":"Feature","properties":{"id":"ke-doga-159","kind":"poi","name":"Jardín Botánico de Pradolongo","theme":"doga","lab":1},"geometry":{"type":"Point","coordinates":[-3.70574,40.37691]}},{"type":"Feature","properties":{"id":"ke-doga-160","kind":"poi","name":"Parque Regional del Sureste","theme":"doga","lab":1},"geometry":{"type":"Point","coordinates":[-3.55143,40.26589]}},{"type":"Feature","properties":{"id":"ke-doga-162","kind":"poi","name":"Parque Forestal Princesa Leonor","theme":"doga","lab":1},"geometry":{"type":"Point","coordinates":[-3.66647,40.55506]}},{"type":"Feature","properties":{"id":"ke-doga-163","kind":"poi","name":"La Atalaya","theme":"doga","lab":1},"geometry":{"type":"Point","coordinates":[-3.68658,40.37768]}},{"type":"Feature","properties":{"id":"ke-doga-164","kind":"poi","name":"Mirador de Tierno Galván","theme":"doga","lab":1},"geometry":{"type":"Point","coordinates":[-3.68616,40.39493]}},{"type":"Feature","properties":{"id":"ke-doga-165","kind":"poi","name":"Mirador Este Parque Enrique Tierno Galván","theme":"doga","lab":1},"geometry":{"type":"Point","coordinates":[-3.68287,40.38859]}},{"type":"Feature","properties":{"id":"ke-doga-166","kind":"poi","name":"Portillera de Almaján","theme":"doga","lab":1},"geometry":{"type":"Point","coordinates":[-3.8427,40.59244]}},{"type":"Feature","properties":{"id":"ke-doga-167","kind":"poi","name":"Canto del Pico","theme":"doga","lab":1},"geometry":{"type":"Point","coordinates":[-3.9251,40.5897]}},{"type":"Feature","properties":{"id":"ke-doga-168","kind":"poi","name":"Torrelaparada","theme":"doga","lab":1},"geometry":{"type":"Point","coordinates":[-3.75472,40.54406]}},{"type":"Feature","properties":{"id":"ke-doga-169","kind":"poi","name":"Mirador de la Sartén","theme":"doga","lab":1},"geometry":{"type":"Point","coordinates":[-3.73527,40.42257]}},{"type":"Feature","properties":{"id":"ke-doga-170","kind":"poi","name":"Mirador Presa El Gasco","theme":"doga","lab":1},"geometry":{"type":"Point","coordinates":[-3.94561,40.55137]}},{"type":"Feature","properties":{"id":"ke-doga-171","kind":"poi","name":"Mirador Glorieta Perdida","theme":"doga","lab":1},"geometry":{"type":"Point","coordinates":[-3.74356,40.41974]}},{"type":"Feature","properties":{"id":"ke-doga-172","kind":"poi","name":"Canto del Mirador","theme":"doga","lab":1},"geometry":{"type":"Point","coordinates":[-3.942,40.59116]}},{"type":"Feature","properties":{"id":"ke-doga-173","kind":"poi","name":"Peña del Búho","theme":"doga","lab":1},"geometry":{"type":"Point","coordinates":[-3.94377,40.59323]}},{"type":"Feature","properties":{"id":"ke-doga-174","kind":"poi","name":"Mirador del Estanque del Repartidor","theme":"doga","lab":1},"geometry":{"type":"Point","coordinates":[-3.7456,40.43417]}},{"type":"Feature","properties":{"id":"ke-doga-175","kind":"poi","name":"Mirador de Las Marías","theme":"doga","lab":1},"geometry":{"type":"Point","coordinates":[-3.93295,40.57005]}},{"type":"Feature","properties":{"id":"ke-doga-176","kind":"poi","name":"Mirador de la Dehesa de la Villa","theme":"doga","lab":1},"geometry":{"type":"Point","coordinates":[-3.72512,40.45915]}},{"type":"Feature","properties":{"id":"ke-doga-177","kind":"poi","name":"Mirador de las Roturas del Culebro","theme":"doga","lab":1},"geometry":{"type":"Point","coordinates":[-3.77237,40.29465]}},{"type":"Feature","properties":{"id":"ke-doga-178","kind":"poi","name":"Mirador del Cerro Coyote","theme":"doga","lab":1},"geometry":{"type":"Point","coordinates":[-3.68483,40.37265]}},{"type":"Feature","properties":{"id":"ke-doga-179","kind":"poi","name":"Cerro de la Sartén","theme":"doga","lab":1},"geometry":{"type":"Point","coordinates":[-3.73528,40.42268]}},{"type":"Feature","properties":{"id":"ke-doga-180","kind":"poi","name":"Cerro de las Figuras","theme":"doga","lab":1},"geometry":{"type":"Point","coordinates":[-3.74284,40.42377]}},{"type":"Feature","properties":{"id":"ke-doga-181","kind":"poi","name":"Cerro de las Ánimas","theme":"doga","lab":1},"geometry":{"type":"Point","coordinates":[-3.75508,40.42408]}},{"type":"Feature","properties":{"id":"ke-doga-182","kind":"poi","name":"Mirador Huerta de la Partida","theme":"doga","lab":1},"geometry":{"type":"Point","coordinates":[-3.7263,40.41794]}},{"type":"Feature","properties":{"id":"ke-doga-183","kind":"poi","name":"Cerro de las Canteras","theme":"doga","lab":1},"geometry":{"type":"Point","coordinates":[-3.7435,40.42901]}},{"type":"Feature","properties":{"id":"ke-doga-184","kind":"poi","name":"La Isabela","theme":"doga","lab":1},"geometry":{"type":"Point","coordinates":[-3.943,40.54623]}},{"type":"Feature","properties":{"id":"ke-doga-185","kind":"poi","name":"Peña Bermeja","theme":"doga","lab":1},"geometry":{"type":"Point","coordinates":[-3.92899,40.59524]}},{"type":"Feature","properties":{"id":"ke-doga-186","kind":"poi","name":"Faro de Moncloa","theme":"doga","lab":1},"geometry":{"type":"Point","coordinates":[-3.72167,40.4373]}},{"type":"Feature","properties":{"id":"ke-doga-187","kind":"poi","name":"Las Roturas del Culebro","theme":"doga","lab":1},"geometry":{"type":"Point","coordinates":[-3.77258,40.29459]}},{"type":"Feature","properties":{"id":"ke-doga-188","kind":"poi","name":"Cerro de Matabueyes","theme":"doga","lab":1},"geometry":{"type":"Point","coordinates":[-3.78166,40.29666]}},{"type":"Feature","properties":{"id":"ke-doga-189","kind":"poi","name":"Cerro del Castillo","theme":"doga","lab":1},"geometry":{"type":"Point","coordinates":[-3.50704,40.57365]}},{"type":"Feature","properties":{"id":"ke-doga-190","kind":"poi","name":"Valpalomero Vista Noroeste","theme":"doga","lab":1},"geometry":{"type":"Point","coordinates":[-3.75244,40.50313]}},{"type":"Feature","properties":{"id":"ke-doga-191","kind":"poi","name":"Mirador de Peñarrubia","theme":"doga","lab":1},"geometry":{"type":"Point","coordinates":[-3.7491,40.51143]}},{"type":"Feature","properties":{"id":"ke-doga-192","kind":"poi","name":"Cerro de la Porra","theme":"doga","lab":1},"geometry":{"type":"Point","coordinates":[-3.93871,40.54763]}},{"type":"Feature","properties":{"id":"ke-doga-193","kind":"poi","name":"Mirador de la Colina","theme":"doga","lab":1},"geometry":{"type":"Point","coordinates":[-3.78,40.30356]}},{"type":"Feature","properties":{"id":"ke-doga-194","kind":"poi","name":"Plazuela del Cura Tomás Rubio","theme":"doga","lab":1},"geometry":{"type":"Point","coordinates":[-3.68713,40.3428]}},{"type":"Feature","properties":{"id":"ke-doga-195","kind":"poi","name":"Parque Estafeta","theme":"doga","lab":1},"geometry":{"type":"Point","coordinates":[-3.69425,40.37457]}},{"type":"Feature","properties":{"id":"ke-doga-196","kind":"poi","name":"Parque Regional del Curso Medio del Río Guadarrama","theme":"doga","lab":1},"geometry":{"type":"Point","coordinates":[-3.93363,40.28257]}},{"type":"Feature","properties":{"id":"ke-doga-197","kind":"poi","name":"Mirador de la Montaña","theme":"doga","lab":1},"geometry":{"type":"Point","coordinates":[-3.71855,40.42344]}},{"type":"Feature","properties":{"id":"ke-doga-198","kind":"poi","name":"Mirador del Templo de Debod","theme":"doga","lab":1},"geometry":{"type":"Point","coordinates":[-3.71874,40.42389]}},{"type":"Feature","properties":{"id":"ke-doga-199","kind":"poi","name":"Microjardín Huerta del Bayo","theme":"doga","lab":1},"geometry":{"type":"Point","coordinates":[-3.70533,40.40803]}},{"type":"Feature","properties":{"id":"ke-gastronomi-0","kind":"poi","name":"Vips","theme":"gastronomi","lab":1},"geometry":{"type":"Point","coordinates":[-3.67365,40.40741]}},{"type":"Feature","properties":{"id":"ke-gastronomi-1","kind":"poi","name":"DiverXO","theme":"gastronomi","lab":1},"geometry":{"type":"Point","coordinates":[-3.68595,40.4578]}},{"type":"Feature","properties":{"id":"ke-gastronomi-2","kind":"poi","name":"Mercado de la Cebada","theme":"gastronomi","lab":1},"geometry":{"type":"Point","coordinates":[-3.70985,40.41109]}},{"type":"Feature","properties":{"id":"ke-gastronomi-3","kind":"poi","name":"Centro Comercial Mercado Usera","theme":"gastronomi","lab":1},"geometry":{"type":"Point","coordinates":[-3.70664,40.38728]}},{"type":"Feature","properties":{"id":"ke-gastronomi-4","kind":"poi","name":"Café Comercial","theme":"gastronomi","lab":1},"geometry":{"type":"Point","coordinates":[-3.70197,40.42871]}},{"type":"Feature","properties":{"id":"ke-gastronomi-5","kind":"poi","name":"Los Gatos","theme":"gastronomi","lab":1},"geometry":{"type":"Point","coordinates":[-3.69571,40.41351]}},{"type":"Feature","properties":{"id":"ke-gastronomi-6","kind":"poi","name":"Chocolatería San Ginés","theme":"gastronomi","lab":1},"geometry":{"type":"Point","coordinates":[-3.7068,40.41677]}},{"type":"Feature","properties":{"id":"ke-gastronomi-7","kind":"poi","name":"Mayte Commodore","theme":"gastronomi","lab":1},"geometry":{"type":"Point","coordinates":[-3.68553,40.44578]}},{"type":"Feature","properties":{"id":"ke-gastronomi-8","kind":"poi","name":"Botín","theme":"gastronomi","lab":1},"geometry":{"type":"Point","coordinates":[-3.70798,40.41417]}},{"type":"Feature","properties":{"id":"ke-gastronomi-9","kind":"poi","name":"Bodegas Rosell","theme":"gastronomi","lab":1},"geometry":{"type":"Point","coordinates":[-3.69091,40.40373]}},{"type":"Feature","properties":{"id":"ke-gastronomi-10","kind":"poi","name":"Taberna Antonio Sánchez","theme":"gastronomi","lab":1},"geometry":{"type":"Point","coordinates":[-3.70486,40.41111]}},{"type":"Feature","properties":{"id":"ke-gastronomi-11","kind":"poi","name":"La Gabinoteca","theme":"gastronomi","lab":1},"geometry":{"type":"Point","coordinates":[-3.69469,40.43892]}},{"type":"Feature","properties":{"id":"ke-gastronomi-12","kind":"poi","name":"La Tape","theme":"gastronomi","lab":1},"geometry":{"type":"Point","coordinates":[-3.70586,40.42883]}},{"type":"Feature","properties":{"id":"ke-gastronomi-13","kind":"poi","name":"Café de Barbieri","theme":"gastronomi","lab":1},"geometry":{"type":"Point","coordinates":[-3.70086,40.40932]}},{"type":"Feature","properties":{"id":"ke-gastronomi-14","kind":"poi","name":"Mercado de Puerta Bonita","theme":"gastronomi","lab":1},"geometry":{"type":"Point","coordinates":[-3.7388,40.38673]}},{"type":"Feature","properties":{"id":"ke-gastronomi-15","kind":"poi","name":"Taberna La Alhambra","theme":"gastronomi","lab":1},"geometry":{"type":"Point","coordinates":[-3.7016,40.41598]}},{"type":"Feature","properties":{"id":"ke-gastronomi-16","kind":"poi","name":"Lhardy","theme":"gastronomi","lab":1},"geometry":{"type":"Point","coordinates":[-3.70138,40.41661]}},{"type":"Feature","properties":{"id":"ke-gastronomi-17","kind":"poi","name":"Bodega de la Ardosa","theme":"gastronomi","lab":1},"geometry":{"type":"Point","coordinates":[-3.70177,40.42377]}},{"type":"Feature","properties":{"id":"ke-gastronomi-18","kind":"poi","name":"Villa Rosa","theme":"gastronomi","lab":1},"geometry":{"type":"Point","coordinates":[-3.70144,40.41497]}},{"type":"Feature","properties":{"id":"ke-gastronomi-19","kind":"poi","name":"El Cangrejero","theme":"gastronomi","lab":1},"geometry":{"type":"Point","coordinates":[-3.70959,40.42718]}},{"type":"Feature","properties":{"id":"ke-gastronomi-20","kind":"poi","name":"El Perro y la Galleta","theme":"gastronomi","lab":1},"geometry":{"type":"Point","coordinates":[-3.70364,40.4227]}},{"type":"Feature","properties":{"id":"ke-gastronomi-21","kind":"poi","name":"Gorila","theme":"gastronomi","lab":1},"geometry":{"type":"Point","coordinates":[-3.70287,40.42327]}},{"type":"Feature","properties":{"id":"ke-gastronomi-22","kind":"poi","name":"La Bola","theme":"gastronomi","lab":1},"geometry":{"type":"Point","coordinates":[-3.71051,40.42]}},{"type":"Feature","properties":{"id":"ke-gastronomi-23","kind":"poi","name":"Café de Oriente","theme":"gastronomi","lab":1},"geometry":{"type":"Point","coordinates":[-3.71154,40.41767]}},{"type":"Feature","properties":{"id":"ke-gastronomi-24","kind":"poi","name":"La Caleta","theme":"gastronomi","lab":1},"geometry":{"type":"Point","coordinates":[-3.69909,40.41088]}},{"type":"Feature","properties":{"id":"ke-gastronomi-25","kind":"poi","name":"Cervecería Santa Ana","theme":"gastronomi","lab":1},"geometry":{"type":"Point","coordinates":[-3.70096,40.41435]}},{"type":"Feature","properties":{"id":"ke-gastronomi-26","kind":"poi","name":"Macera","theme":"gastronomi","lab":1},"geometry":{"type":"Point","coordinates":[-3.69819,40.42613]}},{"type":"Feature","properties":{"id":"ke-gastronomi-27","kind":"poi","name":"Verbena Bar","theme":"gastronomi","lab":1},"geometry":{"type":"Point","coordinates":[-3.70344,40.42691]}},{"type":"Feature","properties":{"id":"ke-gastronomi-28","kind":"poi","name":"Docamar","theme":"gastronomi","lab":1},"geometry":{"type":"Point","coordinates":[-3.64815,40.43359]}},{"type":"Feature","properties":{"id":"ke-gastronomi-29","kind":"poi","name":"José Alfredo","theme":"gastronomi","lab":1},"geometry":{"type":"Point","coordinates":[-3.70587,40.42161]}},{"type":"Feature","properties":{"id":"ke-gastronomi-30","kind":"poi","name":"Gran Café Gijón","theme":"gastronomi","lab":1},"geometry":{"type":"Point","coordinates":[-3.69234,40.42219]}},{"type":"Feature","properties":{"id":"ke-gastronomi-31","kind":"poi","name":"Casa Macareno","theme":"gastronomi","lab":1},"geometry":{"type":"Point","coordinates":[-3.70483,40.4259]}},{"type":"Feature","properties":{"id":"ke-gastronomi-32","kind":"poi","name":"Platea","theme":"gastronomi","lab":1},"geometry":{"type":"Point","coordinates":[-3.68884,40.42572]}},{"type":"Feature","properties":{"id":"ke-gastronomi-33","kind":"poi","name":"Venta El Buscón","theme":"gastronomi","lab":1},"geometry":{"type":"Point","coordinates":[-3.7016,40.41611]}},{"type":"Feature","properties":{"id":"ke-gastronomi-34","kind":"poi","name":"Celso y Manolo","theme":"gastronomi","lab":1},"geometry":{"type":"Point","coordinates":[-3.69748,40.42025]}},{"type":"Feature","properties":{"id":"ke-gastronomi-35","kind":"poi","name":"Stop Madrid","theme":"gastronomi","lab":1},"geometry":{"type":"Point","coordinates":[-3.69888,40.41407]}},{"type":"Feature","properties":{"id":"ke-gastronomi-36","kind":"poi","name":"Horcher","theme":"gastronomi","lab":1},"geometry":{"type":"Point","coordinates":[-3.68908,40.41868]}},{"type":"Feature","properties":{"id":"ke-gastronomi-37","kind":"poi","name":"La Colmada","theme":"gastronomi","lab":1},"geometry":{"type":"Point","coordinates":[-3.70443,40.42547]}},{"type":"Feature","properties":{"id":"ke-gastronomi-38","kind":"poi","name":"Casa Lucio","theme":"gastronomi","lab":1},"geometry":{"type":"Point","coordinates":[-3.70967,40.41209]}},{"type":"Feature","properties":{"id":"ke-gastronomi-39","kind":"poi","name":"Casa Labra","theme":"gastronomi","lab":1},"geometry":{"type":"Point","coordinates":[-3.70461,40.41716]}},{"type":"Feature","properties":{"id":"ke-gastronomi-40","kind":"poi","name":"Café Belén","theme":"gastronomi","lab":1},"geometry":{"type":"Point","coordinates":[-3.69663,40.42426]}},{"type":"Feature","properties":{"id":"ke-gastronomi-41","kind":"poi","name":"Mercado de Vicálvaro","theme":"gastronomi","lab":1},"geometry":{"type":"Point","coordinates":[-3.60764,40.40377]}},{"type":"Feature","properties":{"id":"ke-gastronomi-42","kind":"poi","name":"Mercado de San Fernando","theme":"gastronomi","lab":1},"geometry":{"type":"Point","coordinates":[-3.70366,40.40767]}},{"type":"Feature","properties":{"id":"ke-gastronomi-43","kind":"poi","name":"FloraFina","theme":"gastronomi","lab":1},"geometry":{"type":"Point","coordinates":[-3.68727,40.42699]}},{"type":"Feature","properties":{"id":"ke-gastronomi-44","kind":"poi","name":"Jewelry Bar Acorazada","theme":"gastronomi","lab":1},"geometry":{"type":"Point","coordinates":[-3.68658,40.424]}},{"type":"Feature","properties":{"id":"ke-gastronomi-45","kind":"poi","name":"Mercado de San Miguel","theme":"gastronomi","lab":1},"geometry":{"type":"Point","coordinates":[-3.70901,40.41536]}},{"type":"Feature","properties":{"id":"ke-gastronomi-46","kind":"poi","name":"Mercado Guillermo de Osma","theme":"gastronomi","lab":1},"geometry":{"type":"Point","coordinates":[-3.69607,40.39514]}},{"type":"Feature","properties":{"id":"ke-gastronomi-47","kind":"poi","name":"Mercado de Orcasur","theme":"gastronomi","lab":1},"geometry":{"type":"Point","coordinates":[-3.70079,40.36814]}},{"type":"Feature","properties":{"id":"ke-gastronomi-48","kind":"poi","name":"Mercado Maravillas","theme":"gastronomi","lab":1},"geometry":{"type":"Point","coordinates":[-3.70286,40.44918]}},{"type":"Feature","properties":{"id":"ke-gastronomi-49","kind":"poi","name":"Mercado Tirso de Molina","theme":"gastronomi","lab":1},"geometry":{"type":"Point","coordinates":[-3.72602,40.41283]}},{"type":"Feature","properties":{"id":"ke-gastronomi-50","kind":"poi","name":"Mercado de Santa María de la Cabeza","theme":"gastronomi","lab":1},"geometry":{"type":"Point","coordinates":[-3.6969,40.40284]}},{"type":"Feature","properties":{"id":"ke-gastronomi-51","kind":"poi","name":"Mercado de la Guindalera","theme":"gastronomi","lab":1},"geometry":{"type":"Point","coordinates":[-3.67101,40.43399]}},{"type":"Feature","properties":{"id":"ke-gastronomi-52","kind":"poi","name":"Mercado de la Prosperidad","theme":"gastronomi","lab":1},"geometry":{"type":"Point","coordinates":[-3.67434,40.44458]}},{"type":"Feature","properties":{"id":"ke-gastronomi-53","kind":"poi","name":"Mercado de Antón Martín","theme":"gastronomi","lab":1},"geometry":{"type":"Point","coordinates":[-3.69867,40.41159]}},{"type":"Feature","properties":{"id":"ke-gastronomi-54","kind":"poi","name":"Mercado de Villa de Vallecas","theme":"gastronomi","lab":1},"geometry":{"type":"Point","coordinates":[-3.62401,40.37871]}},{"type":"Feature","properties":{"id":"ke-gastronomi-55","kind":"poi","name":"Mercado de Ventas","theme":"gastronomi","lab":1},"geometry":{"type":"Point","coordinates":[-3.65712,40.43304]}},{"type":"Feature","properties":{"id":"ke-gastronomi-56","kind":"poi","name":"Casa Mingo","theme":"gastronomi","lab":1},"geometry":{"type":"Point","coordinates":[-3.72525,40.42497]}},{"type":"Feature","properties":{"id":"ke-gastronomi-57","kind":"poi","name":"Mercado de Las Águilas","theme":"gastronomi","lab":1},"geometry":{"type":"Point","coordinates":[-3.76823,40.37786]}},{"type":"Feature","properties":{"id":"ke-gastronomi-58","kind":"poi","name":"Mercado de Chamartín","theme":"gastronomi","lab":1},"geometry":{"type":"Point","coordinates":[-3.67824,40.45739]}},{"type":"Feature","properties":{"id":"ke-gastronomi-59","kind":"poi","name":"Mercado de San Antón","theme":"gastronomi","lab":1},"geometry":{"type":"Point","coordinates":[-3.69762,40.42191]}},{"type":"Feature","properties":{"id":"ke-gastronomi-60","kind":"poi","name":"Mercado de Doña Carlota","theme":"gastronomi","lab":1},"geometry":{"type":"Point","coordinates":[-3.66132,40.40298]}},{"type":"Feature","properties":{"id":"ke-gastronomi-61","kind":"poi","name":"Mercado de Pacífico","theme":"gastronomi","lab":1},"geometry":{"type":"Point","coordinates":[-3.67562,40.40415]}},{"type":"Feature","properties":{"id":"ke-gastronomi-62","kind":"poi","name":"Mercado Numancia","theme":"gastronomi","lab":1},"geometry":{"type":"Point","coordinates":[-3.65772,40.39325]}},{"type":"Feature","properties":{"id":"ke-gastronomi-63","kind":"poi","name":"Mercado Municipal de Tetuán","theme":"gastronomi","lab":1},"geometry":{"type":"Point","coordinates":[-3.69897,40.4612]}},{"type":"Feature","properties":{"id":"ke-gastronomi-64","kind":"poi","name":"Mercado de Ibiza","theme":"gastronomi","lab":1},"geometry":{"type":"Point","coordinates":[-3.67746,40.41802]}},{"type":"Feature","properties":{"id":"ke-gastronomi-65","kind":"poi","name":"Mercado de San Isidro","theme":"gastronomi","lab":1},"geometry":{"type":"Point","coordinates":[-3.72509,40.39189]}},{"type":"Feature","properties":{"id":"ke-gastronomi-66","kind":"poi","name":"Mercado de Moratalaz","theme":"gastronomi","lab":1},"geometry":{"type":"Point","coordinates":[-3.64565,40.40499]}},{"type":"Feature","properties":{"id":"ke-gastronomi-67","kind":"poi","name":"Mercado de Barceló","theme":"gastronomi","lab":1},"geometry":{"type":"Point","coordinates":[-3.69876,40.42669]}},{"type":"Feature","properties":{"id":"ke-gastronomi-68","kind":"poi","name":"Mercado Municipal Puente de Vallecas","theme":"gastronomi","lab":1},"geometry":{"type":"Point","coordinates":[-3.66772,40.39508]}},{"type":"Feature","properties":{"id":"ke-gastronomi-69","kind":"poi","name":"Mercado de Orcasitas","theme":"gastronomi","lab":1},"geometry":{"type":"Point","coordinates":[-3.71511,40.36875]}},{"type":"Feature","properties":{"id":"ke-gastronomi-70","kind":"poi","name":"Mercado de Diego de León","theme":"gastronomi","lab":1},"geometry":{"type":"Point","coordinates":[-3.68262,40.43455]}},{"type":"Feature","properties":{"id":"ke-gastronomi-71","kind":"poi","name":"Mercado de la Paz","theme":"gastronomi","lab":1},"geometry":{"type":"Point","coordinates":[-3.68563,40.42722]}},{"type":"Feature","properties":{"id":"ke-gastronomi-72","kind":"poi","name":"Mercado de Chamberí","theme":"gastronomi","lab":1},"geometry":{"type":"Point","coordinates":[-3.69751,40.43623]}},{"type":"Feature","properties":{"id":"ke-gastronomi-73","kind":"poi","name":"Mercado Jesús del Gran Poder","theme":"gastronomi","lab":1},"geometry":{"type":"Point","coordinates":[-3.70121,40.38631]}},{"type":"Feature","properties":{"id":"ke-gastronomi-74","kind":"poi","name":"Mercado Escuela de San Cristóbal","theme":"gastronomi","lab":1},"geometry":{"type":"Point","coordinates":[-3.68499,40.47847]}},{"type":"Feature","properties":{"id":"ke-gastronomi-75","kind":"poi","name":"Honest Greens","theme":"gastronomi","lab":1},"geometry":{"type":"Point","coordinates":[-3.7017,40.42703]}},{"type":"Feature","properties":{"id":"ke-gastronomi-76","kind":"poi","name":"Picado Fino","theme":"gastronomi","lab":1},"geometry":{"type":"Point","coordinates":[-3.70873,40.41361]}},{"type":"Feature","properties":{"id":"ke-gastronomi-77","kind":"poi","name":"Granier","theme":"gastronomi","lab":1},"geometry":{"type":"Point","coordinates":[-3.70199,40.40469]}},{"type":"Feature","properties":{"id":"ke-gastronomi-78","kind":"poi","name":"Starbucks","theme":"gastronomi","lab":1},"geometry":{"type":"Point","coordinates":[-3.70286,40.42027]}},{"type":"Feature","properties":{"id":"ke-gastronomi-79","kind":"poi","name":"Ginos","theme":"gastronomi","lab":1},"geometry":{"type":"Point","coordinates":[-3.62269,40.45506]}},{"type":"Feature","properties":{"id":"ke-gastronomi-80","kind":"poi","name":"TGI Fridays","theme":"gastronomi","lab":1},"geometry":{"type":"Point","coordinates":[-3.70838,40.47937]}},{"type":"Feature","properties":{"id":"ke-gastronomi-81","kind":"poi","name":"La Tagliatella","theme":"gastronomi","lab":1},"geometry":{"type":"Point","coordinates":[-3.66551,40.48625]}},{"type":"Feature","properties":{"id":"ke-gastronomi-82","kind":"poi","name":"100 Montaditos","theme":"gastronomi","lab":1},"geometry":{"type":"Point","coordinates":[-3.66605,40.48613]}},{"type":"Feature","properties":{"id":"ke-gastronomi-83","kind":"poi","name":"Foster's Hollywood","theme":"gastronomi","lab":1},"geometry":{"type":"Point","coordinates":[-3.66623,40.48642]}},{"type":"Feature","properties":{"id":"ke-gastronomi-84","kind":"poi","name":"Santagloria","theme":"gastronomi","lab":1},"geometry":{"type":"Point","coordinates":[-3.70727,40.4254]}},{"type":"Feature","properties":{"id":"ke-gastronomi-85","kind":"poi","name":"Lizarrán","theme":"gastronomi","lab":1},"geometry":{"type":"Point","coordinates":[-3.70824,40.59977]}},{"type":"Feature","properties":{"id":"ke-gastronomi-86","kind":"poi","name":"Tim Hortons","theme":"gastronomi","lab":1},"geometry":{"type":"Point","coordinates":[-3.70793,40.41967]}},{"type":"Feature","properties":{"id":"ke-gastronomi-87","kind":"poi","name":"Tony Roma's","theme":"gastronomi","lab":1},"geometry":{"type":"Point","coordinates":[-3.69348,40.4267]}},{"type":"Feature","properties":{"id":"ke-gastronomi-88","kind":"poi","name":"UDON","theme":"gastronomi","lab":1},"geometry":{"type":"Point","coordinates":[-3.69934,40.42019]}},{"type":"Feature","properties":{"id":"ke-gastronomi-89","kind":"poi","name":"Grosso Napoletano","theme":"gastronomi","lab":1},"geometry":{"type":"Point","coordinates":[-3.71352,40.42562]}},{"type":"Feature","properties":{"id":"ke-gastronomi-90","kind":"poi","name":"Mercadillo de Majadahonda","theme":"gastronomi","lab":1},"geometry":{"type":"Point","coordinates":[-3.87252,40.47012]}},{"type":"Feature","properties":{"id":"ke-gastronomi-91","kind":"poi","name":"Victoria","theme":"gastronomi","lab":1},"geometry":{"type":"Point","coordinates":[-3.67088,40.42358]}},{"type":"Feature","properties":{"id":"ke-gastronomi-92","kind":"poi","name":"Vivari","theme":"gastronomi","lab":1},"geometry":{"type":"Point","coordinates":[-3.76316,40.32918]}},{"type":"Feature","properties":{"id":"ke-gastronomi-93","kind":"poi","name":"Pomodoro","theme":"gastronomi","lab":1},"geometry":{"type":"Point","coordinates":[-3.62109,40.41873]}},{"type":"Feature","properties":{"id":"ke-gastronomi-94","kind":"poi","name":"Malpica","theme":"gastronomi","lab":1},"geometry":{"type":"Point","coordinates":[-3.70473,40.42168]}},{"type":"Feature","properties":{"id":"ke-gastronomi-95","kind":"poi","name":"La Casita de Patri","theme":"gastronomi","lab":1},"geometry":{"type":"Point","coordinates":[-3.70988,40.42695]}},{"type":"Feature","properties":{"id":"ke-gastronomi-96","kind":"poi","name":"Pizza Hut","theme":"gastronomi","lab":1},"geometry":{"type":"Point","coordinates":[-3.70334,40.45471]}},{"type":"Feature","properties":{"id":"ke-gastronomi-97","kind":"poi","name":"faborit","theme":"gastronomi","lab":1},"geometry":{"type":"Point","coordinates":[-3.71128,40.42294]}},{"type":"Feature","properties":{"id":"ke-gastronomi-98","kind":"poi","name":"Crepes & Waffles","theme":"gastronomi","lab":1},"geometry":{"type":"Point","coordinates":[-3.70231,40.42852]}},{"type":"Feature","properties":{"id":"ke-gastronomi-99","kind":"poi","name":"Vips Smart Kinépolis","theme":"gastronomi","lab":1},"geometry":{"type":"Point","coordinates":[-3.79662,40.39406]}},{"type":"Feature","properties":{"id":"ke-gastronomi-100","kind":"poi","name":"CoCo Fresh Tea & Juice","theme":"gastronomi","lab":1},"geometry":{"type":"Point","coordinates":[-3.71091,40.40236]}},{"type":"Feature","properties":{"id":"ke-gastronomi-101","kind":"poi","name":"Manolo Bakes","theme":"gastronomi","lab":1},"geometry":{"type":"Point","coordinates":[-3.6875,40.46319]}},{"type":"Feature","properties":{"id":"ke-gastronomi-102","kind":"poi","name":"Wagamama","theme":"gastronomi","lab":1},"geometry":{"type":"Point","coordinates":[-3.68744,40.42864]}},{"type":"Feature","properties":{"id":"ke-gastronomi-103","kind":"poi","name":"Le Pain Quotidien","theme":"gastronomi","lab":1},"geometry":{"type":"Point","coordinates":[-3.68778,40.42693]}},{"type":"Feature","properties":{"id":"ke-gastronomi-104","kind":"poi","name":"Tea Shop","theme":"gastronomi","lab":1},"geometry":{"type":"Point","coordinates":[-3.72154,40.42287]}},{"type":"Feature","properties":{"id":"ke-gastronomi-105","kind":"poi","name":"Panishop","theme":"gastronomi","lab":1},"geometry":{"type":"Point","coordinates":[-3.71654,40.47659]}},{"type":"Feature","properties":{"id":"ke-gastronomi-106","kind":"poi","name":"Pastelería Artesanal Manolo","theme":"gastronomi","lab":1},"geometry":{"type":"Point","coordinates":[-3.67495,40.43157]}},{"type":"Feature","properties":{"id":"ke-gastronomi-107","kind":"poi","name":"El Rincón","theme":"gastronomi","lab":1},"geometry":{"type":"Point","coordinates":[-3.69795,40.41518]}},{"type":"Feature","properties":{"id":"ke-gastronomi-108","kind":"poi","name":"La Sureña","theme":"gastronomi","lab":1},"geometry":{"type":"Point","coordinates":[-3.83186,40.35767]}},{"type":"Feature","properties":{"id":"ke-gastronomi-109","kind":"poi","name":"Lavazza","theme":"gastronomi","lab":1},"geometry":{"type":"Point","coordinates":[-3.56925,40.46813]}},{"type":"Feature","properties":{"id":"ke-gastronomi-110","kind":"poi","name":"Costa","theme":"gastronomi","lab":1},"geometry":{"type":"Point","coordinates":[-3.70452,40.43427]}},{"type":"Feature","properties":{"id":"ke-gastronomi-111","kind":"poi","name":"Sumo","theme":"gastronomi","lab":1},"geometry":{"type":"Point","coordinates":[-3.81526,40.46807]}},{"type":"Feature","properties":{"id":"ke-gastronomi-112","kind":"poi","name":"Arrocería La Siembra","theme":"gastronomi","lab":1},"geometry":{"type":"Point","coordinates":[-3.61659,40.46328]}},{"type":"Feature","properties":{"id":"ke-gastronomi-113","kind":"poi","name":"Coffee Republic","theme":"gastronomi","lab":1},"geometry":{"type":"Point","coordinates":[-3.59101,40.49035]}},{"type":"Feature","properties":{"id":"ke-gastronomi-114","kind":"poi","name":"Nice To Meet You","theme":"gastronomi","lab":1},"geometry":{"type":"Point","coordinates":[-3.71042,40.42336]}},{"type":"Feature","properties":{"id":"ke-gastronomi-115","kind":"poi","name":"TGI Friday's","theme":"gastronomi","lab":1},"geometry":{"type":"Point","coordinates":[-3.6394,40.53018]}},{"type":"Feature","properties":{"id":"ke-gastronomi-116","kind":"poi","name":"Mercadillo Aragoneses","theme":"gastronomi","lab":1},"geometry":{"type":"Point","coordinates":[-3.64381,40.38185]}},{"type":"Feature","properties":{"id":"ke-gastronomi-117","kind":"poi","name":"Xiaolongkan Hot Pot","theme":"gastronomi","lab":1},"geometry":{"type":"Point","coordinates":[-3.69489,40.39057]}},{"type":"Feature","properties":{"id":"ke-gastronomi-118","kind":"poi","name":"Papúa","theme":"gastronomi","lab":1},"geometry":{"type":"Point","coordinates":[-3.68988,40.42494]}},{"type":"Feature","properties":{"id":"ke-gastronomi-119","kind":"poi","name":"Sports & Tapas Bar Madrid","theme":"gastronomi","lab":1},"geometry":{"type":"Point","coordinates":[-3.71018,40.41567]}},{"type":"Feature","properties":{"id":"ke-gastronomi-120","kind":"poi","name":"El Edén Gastrobar","theme":"gastronomi","lab":1},"geometry":{"type":"Point","coordinates":[-3.71094,40.42391]}},{"type":"Feature","properties":{"id":"ke-gastronomi-121","kind":"poi","name":"Mercadillo de Entrevías","theme":"gastronomi","lab":1},"geometry":{"type":"Point","coordinates":[-3.66441,40.37352]}},{"type":"Feature","properties":{"id":"ke-gastronomi-122","kind":"poi","name":"Froiz","theme":"gastronomi","lab":1},"geometry":{"type":"Point","coordinates":[-3.86412,40.30583]}},{"type":"Feature","properties":{"id":"ke-gastronomi-123","kind":"poi","name":"The Coffee","theme":"gastronomi","lab":1},"geometry":{"type":"Point","coordinates":[-3.71115,40.40928]}},{"type":"Feature","properties":{"id":"ke-gastronomi-124","kind":"poi","name":"Ginos CC Xanadú","theme":"gastronomi","lab":1},"geometry":{"type":"Point","coordinates":[-3.92487,40.29988]}},{"type":"Feature","properties":{"id":"ke-gastronomi-125","kind":"poi","name":"VIPS CC Xanadú","theme":"gastronomi","lab":1},"geometry":{"type":"Point","coordinates":[-3.92506,40.29989]}},{"type":"Feature","properties":{"id":"ke-gastronomi-126","kind":"poi","name":"Starbucks CC Xanadú","theme":"gastronomi","lab":1},"geometry":{"type":"Point","coordinates":[-3.92572,40.29988]}},{"type":"Feature","properties":{"id":"ke-gastronomi-127","kind":"poi","name":"Cafetería de Topografía","theme":"gastronomi","lab":1},"geometry":{"type":"Point","coordinates":[-3.63018,40.38906]}},{"type":"Feature","properties":{"id":"ke-gastronomi-128","kind":"poi","name":"Sushisom","theme":"gastronomi","lab":1},"geometry":{"type":"Point","coordinates":[-3.84801,40.35009]}},{"type":"Feature","properties":{"id":"ke-gastronomi-129","kind":"poi","name":"Mercado Municipal Alto de Extremadura","theme":"gastronomi","lab":1},"geometry":{"type":"Point","coordinates":[-3.73536,40.40797]}},{"type":"Feature","properties":{"id":"ke-gastronomi-130","kind":"poi","name":"Buffalo Grill","theme":"gastronomi","lab":1},"geometry":{"type":"Point","coordinates":[-3.64677,40.52992]}},{"type":"Feature","properties":{"id":"ke-gastronomi-131","kind":"poi","name":"Mercado Central","theme":"gastronomi","lab":1},"geometry":{"type":"Point","coordinates":[-3.51508,40.34299]}},{"type":"Feature","properties":{"id":"ke-gastronomi-132","kind":"poi","name":"The Corner","theme":"gastronomi","lab":1},"geometry":{"type":"Point","coordinates":[-3.56944,40.46495]}},{"type":"Feature","properties":{"id":"ke-gastronomi-133","kind":"poi","name":"Asia Markt","theme":"gastronomi","lab":1},"geometry":{"type":"Point","coordinates":[-3.65115,40.44095]}},{"type":"Feature","properties":{"id":"ke-gastronomi-134","kind":"poi","name":"Las Rozas Village","theme":"gastronomi","lab":1},"geometry":{"type":"Point","coordinates":[-3.90146,40.51891]}},{"type":"Feature","properties":{"id":"ke-gastronomi-135","kind":"poi","name":"Mercadillo","theme":"gastronomi","lab":1},"geometry":{"type":"Point","coordinates":[-3.82276,40.33788]}},{"type":"Feature","properties":{"id":"ke-gastronomi-136","kind":"poi","name":"Mercado los Ángeles","theme":"gastronomi","lab":1},"geometry":{"type":"Point","coordinates":[-3.694,40.35881]}},{"type":"Feature","properties":{"id":"ke-gastronomi-137","kind":"poi","name":"Galería de Alimentación Ondarreta","theme":"gastronomi","lab":1},"geometry":{"type":"Point","coordinates":[-3.81715,40.34422]}},{"type":"Feature","properties":{"id":"ke-gastronomi-138","kind":"poi","name":"Mercadito La Avanzada","theme":"gastronomi","lab":1},"geometry":{"type":"Point","coordinates":[-3.78787,40.29506]}},{"type":"Feature","properties":{"id":"ke-gastronomi-139","kind":"poi","name":"Mercadito La Granja","theme":"gastronomi","lab":1},"geometry":{"type":"Point","coordinates":[-3.74035,40.39326]}},{"type":"Feature","properties":{"id":"ke-gastronomi-140","kind":"poi","name":"Mercado de Torrijos","theme":"gastronomi","lab":1},"geometry":{"type":"Point","coordinates":[-3.67691,40.42583]}},{"type":"Feature","properties":{"id":"ke-gastronomi-141","kind":"poi","name":"Mercado de la Corredera","theme":"gastronomi","lab":1},"geometry":{"type":"Point","coordinates":[-3.70408,40.42225]}},{"type":"Feature","properties":{"id":"ke-gastronomi-142","kind":"poi","name":"Nuestra Señora de los Ángeles","theme":"gastronomi","lab":1},"geometry":{"type":"Point","coordinates":[-3.77178,40.32563]}},{"type":"Feature","properties":{"id":"ke-gastronomi-143","kind":"poi","name":"Mercadillo Jueves y Sábados 9-14 h","theme":"gastronomi","lab":1},"geometry":{"type":"Point","coordinates":[-3.64763,40.42612]}},{"type":"Feature","properties":{"id":"ke-gastronomi-144","kind":"poi","name":"Galería de Alimentación La Paloma","theme":"gastronomi","lab":1},"geometry":{"type":"Point","coordinates":[-3.71052,40.4085]}},{"type":"Feature","properties":{"id":"ke-gastronomi-145","kind":"poi","name":"Lope de Vega","theme":"gastronomi","lab":1},"geometry":{"type":"Point","coordinates":[-3.73649,40.30512]}},{"type":"Feature","properties":{"id":"ke-gastronomi-146","kind":"poi","name":"Mercadito La Sagra","theme":"gastronomi","lab":1},"geometry":{"type":"Point","coordinates":[-3.75508,40.33344]}},{"type":"Feature","properties":{"id":"ke-gastronomi-147","kind":"poi","name":"Centro Comercial La Paloma","theme":"gastronomi","lab":1},"geometry":{"type":"Point","coordinates":[-3.71003,40.40837]}},{"type":"Feature","properties":{"id":"ke-gastronomi-148","kind":"poi","name":"New Town Market","theme":"gastronomi","lab":1},"geometry":{"type":"Point","coordinates":[-3.71648,40.43122]}},{"type":"Feature","properties":{"id":"ke-gastronomi-149","kind":"poi","name":"Mercado","theme":"gastronomi","lab":1},"geometry":{"type":"Point","coordinates":[-3.90802,40.35735]}},{"type":"Feature","properties":{"id":"ke-gastronomi-150","kind":"poi","name":"Mercadillo de Canillas (Martes)","theme":"gastronomi","lab":1},"geometry":{"type":"Point","coordinates":[-3.64065,40.46172]}},{"type":"Feature","properties":{"id":"ke-gastronomi-151","kind":"poi","name":"Mercadillo Local","theme":"gastronomi","lab":1},"geometry":{"type":"Point","coordinates":[-3.90496,40.35489]}},{"type":"Feature","properties":{"id":"ke-gastronomi-152","kind":"poi","name":"Galería de alimentación Congosto","theme":"gastronomi","lab":1},"geometry":{"type":"Point","coordinates":[-3.6187,40.37266]}},{"type":"Feature","properties":{"id":"ke-gastronomi-153","kind":"poi","name":"Mercado de Abastos","theme":"gastronomi","lab":1},"geometry":{"type":"Point","coordinates":[-3.90224,40.35797]}},{"type":"Feature","properties":{"id":"ke-gastronomi-154","kind":"poi","name":"Galería Comercial Alimentación Centro","theme":"gastronomi","lab":1},"geometry":{"type":"Point","coordinates":[-3.86723,40.32891]}},{"type":"Feature","properties":{"id":"ke-gastronomi-155","kind":"poi","name":"Mercadito Las Margaritas","theme":"gastronomi","lab":1},"geometry":{"type":"Point","coordinates":[-3.72345,40.31789]}},{"type":"Feature","properties":{"id":"ke-gastronomi-156","kind":"poi","name":"Mercado de productores Planetario","theme":"gastronomi","lab":1},"geometry":{"type":"Point","coordinates":[-3.6818,40.39373]}},{"type":"Feature","properties":{"id":"ke-gastronomi-157","kind":"poi","name":"Mercadillo calle Sierra Gorda","theme":"gastronomi","lab":1},"geometry":{"type":"Point","coordinates":[-3.61704,40.38135]}},{"type":"Feature","properties":{"id":"ke-gastronomi-158","kind":"poi","name":"Mercaditos Martín","theme":"gastronomi","lab":1},"geometry":{"type":"Point","coordinates":[-3.62224,40.37996]}},{"type":"Feature","properties":{"id":"ke-gastronomi-159","kind":"poi","name":"Mercado del Reloj","theme":"gastronomi","lab":1},"geometry":{"type":"Point","coordinates":[-3.80268,40.28937]}},{"type":"Feature","properties":{"id":"ke-gastronomi-160","kind":"poi","name":"El Deleite","theme":"gastronomi","lab":1},"geometry":{"type":"Point","coordinates":[-3.7116,40.43908]}},{"type":"Feature","properties":{"id":"ke-gastronomi-161","kind":"poi","name":"Mercado de Productores Villa de Vallecas","theme":"gastronomi","lab":1},"geometry":{"type":"Point","coordinates":[-3.59854,40.36403]}},{"type":"Feature","properties":{"id":"ke-gastronomi-162","kind":"poi","name":"La Estación","theme":"gastronomi","lab":1},"geometry":{"type":"Point","coordinates":[-3.79855,40.28348]}},{"type":"Feature","properties":{"id":"ke-gastronomi-163","kind":"poi","name":"Alimentación Los mares","theme":"gastronomi","lab":1},"geometry":{"type":"Point","coordinates":[-3.5665,40.42516]}},{"type":"Feature","properties":{"id":"ke-gastronomi-164","kind":"poi","name":"Mercadito","theme":"gastronomi","lab":1},"geometry":{"type":"Point","coordinates":[-3.87721,40.40684]}},{"type":"Feature","properties":{"id":"ke-gastronomi-165","kind":"poi","name":"Galería Comecial de Alimentación Rafael Alberti","theme":"gastronomi","lab":1},"geometry":{"type":"Point","coordinates":[-3.64199,40.38594]}},{"type":"Feature","properties":{"id":"ke-gastronomi-166","kind":"poi","name":"Río Genil","theme":"gastronomi","lab":1},"geometry":{"type":"Point","coordinates":[-3.86962,40.3184]}},{"type":"Feature","properties":{"id":"ke-gastronomi-167","kind":"poi","name":"Mercado de Villaverde Alto","theme":"gastronomi","lab":1},"geometry":{"type":"Point","coordinates":[-3.71109,40.34645]}},{"type":"Feature","properties":{"id":"ke-gastronomi-168","kind":"poi","name":"Fuente de la teja","theme":"gastronomi","lab":1},"geometry":{"type":"Point","coordinates":[-3.73281,40.42713]}},{"type":"Feature","properties":{"id":"ke-gastronomi-169","kind":"poi","name":"Mercado Colón","theme":"gastronomi","lab":1},"geometry":{"type":"Point","coordinates":[-3.82882,40.34684]}},{"type":"Feature","properties":{"id":"ke-gastronomi-170","kind":"poi","name":"Centro Comercial Infantas","theme":"gastronomi","lab":1},"geometry":{"type":"Point","coordinates":[-3.8317,40.34593]}},{"type":"Feature","properties":{"id":"ke-gastronomi-171","kind":"poi","name":"Galería de Alimentación Moratalaz II","theme":"gastronomi","lab":1},"geometry":{"type":"Point","coordinates":[-3.64051,40.40159]}},{"type":"Feature","properties":{"id":"ke-gastronomi-172","kind":"poi","name":"Centro Comercial San Blas","theme":"gastronomi","lab":1},"geometry":{"type":"Point","coordinates":[-3.6165,40.42901]}},{"type":"Feature","properties":{"id":"ke-gastronomi-173","kind":"poi","name":"Galería de Alimentación Efe","theme":"gastronomi","lab":1},"geometry":{"type":"Point","coordinates":[-3.65094,40.40776]}},{"type":"Feature","properties":{"id":"ke-gastronomi-174","kind":"poi","name":"Galería El Arroyo","theme":"gastronomi","lab":1},"geometry":{"type":"Point","coordinates":[-3.80147,40.27727]}},{"type":"Feature","properties":{"id":"ke-gastronomi-175","kind":"poi","name":"Centro Comercial Valleaguado","theme":"gastronomi","lab":1},"geometry":{"type":"Point","coordinates":[-3.54541,40.42727]}},{"type":"Feature","properties":{"id":"ke-gastronomi-176","kind":"poi","name":"Mercado de La Estrella","theme":"gastronomi","lab":1},"geometry":{"type":"Point","coordinates":[-3.66803,40.41156]}},{"type":"Feature","properties":{"id":"ke-gastronomi-177","kind":"poi","name":"Mercado Municipal de Vallehermoso","theme":"gastronomi","lab":1},"geometry":{"type":"Point","coordinates":[-3.70824,40.43416]}},{"type":"Feature","properties":{"id":"ke-gastronomi-178","kind":"poi","name":"Mercado Municipal de San Pascual","theme":"gastronomi","lab":1},"geometry":{"type":"Point","coordinates":[-3.65378,40.43845]}},{"type":"Feature","properties":{"id":"ke-gastronomi-179","kind":"poi","name":"Mercado de Majadahonda","theme":"gastronomi","lab":1},"geometry":{"type":"Point","coordinates":[-3.87083,40.47327]}},{"type":"Feature","properties":{"id":"ke-gastronomi-180","kind":"poi","name":"Centro Comercial Las Provincias 13","theme":"gastronomi","lab":1},"geometry":{"type":"Point","coordinates":[-3.80449,40.29658]}},{"type":"Feature","properties":{"id":"ke-gastronomi-181","kind":"poi","name":"Mercado Municipal de Bami","theme":"gastronomi","lab":1},"geometry":{"type":"Point","coordinates":[-3.65457,40.43061]}},{"type":"Feature","properties":{"id":"ke-gastronomi-182","kind":"poi","name":"Centro Comercial Entrevías","theme":"gastronomi","lab":1},"geometry":{"type":"Point","coordinates":[-3.66926,40.3785]}},{"type":"Feature","properties":{"id":"ke-gastronomi-183","kind":"poi","name":"Mercado municipal de Guzmán el Bueno","theme":"gastronomi","lab":1},"geometry":{"type":"Point","coordinates":[-3.7148,40.435]}},{"type":"Feature","properties":{"id":"ke-gastronomi-184","kind":"poi","name":"Galería de Alimentación","theme":"gastronomi","lab":1},"geometry":{"type":"Point","coordinates":[-3.75377,40.39415]}},{"type":"Feature","properties":{"id":"ke-gastronomi-185","kind":"poi","name":"Mercado municipal de Santa Eugenia","theme":"gastronomi","lab":1},"geometry":{"type":"Point","coordinates":[-3.60703,40.38129]}},{"type":"Feature","properties":{"id":"ke-gastronomi-186","kind":"poi","name":"Mercado municipal de la Remonta","theme":"gastronomi","lab":1},"geometry":{"type":"Point","coordinates":[-3.69644,40.46406]}},{"type":"Feature","properties":{"id":"ke-gastronomi-187","kind":"poi","name":"Galeria Valencia","theme":"gastronomi","lab":1},"geometry":{"type":"Point","coordinates":[-3.72041,40.31237]}},{"type":"Feature","properties":{"id":"ke-gastronomi-188","kind":"poi","name":"Mercaser","theme":"gastronomi","lab":1},"geometry":{"type":"Point","coordinates":[-3.61629,40.42151]}},{"type":"Feature","properties":{"id":"ke-gastronomi-189","kind":"poi","name":"Mercadito Príncipe de Asturias","theme":"gastronomi","lab":1},"geometry":{"type":"Point","coordinates":[-3.90054,40.35429]}},{"type":"Feature","properties":{"id":"ke-gastronomi-190","kind":"poi","name":"Hippies de Goya","theme":"gastronomi","lab":1},"geometry":{"type":"Point","coordinates":[-3.67645,40.42401]}},{"type":"Feature","properties":{"id":"ke-gastronomi-191","kind":"poi","name":"Mercado de San Leopoldo","theme":"gastronomi","lab":1},"geometry":{"type":"Point","coordinates":[-3.69018,40.46946]}},{"type":"Feature","properties":{"id":"ke-alisveris-0","kind":"poi","name":"ALDI","theme":"alisveris","lab":1},"geometry":{"type":"Point","coordinates":[-3.83685,40.32935]}},{"type":"Feature","properties":{"id":"ke-alisveris-1","kind":"poi","name":"El Corte Inglés","theme":"alisveris","lab":1},"geometry":{"type":"Point","coordinates":[-3.70506,40.41953]}},{"type":"Feature","properties":{"id":"ke-alisveris-3","kind":"poi","name":"Las Rozas The Style Outlets","theme":"alisveris","lab":1},"geometry":{"type":"Point","coordinates":[-3.8895,40.51747]}},{"type":"Feature","properties":{"id":"ke-alisveris-4","kind":"poi","name":"Getafe The Style Outlets","theme":"alisveris","lab":1},"geometry":{"type":"Point","coordinates":[-3.69399,40.27264]}},{"type":"Feature","properties":{"id":"ke-alisveris-5","kind":"poi","name":"San Sebastián de los Reyes The Style Outlets","theme":"alisveris","lab":1},"geometry":{"type":"Point","coordinates":[-3.60803,40.56713]}},{"type":"Feature","properties":{"id":"ke-alisveris-11","kind":"poi","name":"Centro Comercial Palacio de Hielo","theme":"alisveris","lab":1},"geometry":{"type":"Point","coordinates":[-3.6368,40.46309]}},{"type":"Feature","properties":{"id":"ke-alisveris-12","kind":"poi","name":"FNAC Callao","theme":"alisveris","lab":1},"geometry":{"type":"Point","coordinates":[-3.7053,40.41924]}},{"type":"Feature","properties":{"id":"ke-alisveris-14","kind":"poi","name":"Centro Comercial Alcalá Norte","theme":"alisveris","lab":1},"geometry":{"type":"Point","coordinates":[-3.63808,40.4369]}},{"type":"Feature","properties":{"id":"ke-alisveris-15","kind":"poi","name":"Centro Comercial Plaza Norte 2","theme":"alisveris","lab":1},"geometry":{"type":"Point","coordinates":[-3.61385,40.54083]}},{"type":"Feature","properties":{"id":"ke-alisveris-25","kind":"poi","name":"Centro Comercial Príncipe Pío","theme":"alisveris","lab":1},"geometry":{"type":"Point","coordinates":[-3.72062,40.42215]}},{"type":"Feature","properties":{"id":"ke-alisveris-28","kind":"poi","name":"Gran Plaza 2 Majadahonda","theme":"alisveris","lab":1},"geometry":{"type":"Point","coordinates":[-3.89842,40.49127]}},{"type":"Feature","properties":{"id":"ke-alisveris-42","kind":"poi","name":"Torre Titania","theme":"alisveris","lab":1},"geometry":{"type":"Point","coordinates":[-3.69437,40.44684]}},{"type":"Feature","properties":{"id":"ke-alisveris-46","kind":"poi","name":"Alcampo","theme":"alisveris","lab":1},"geometry":{"type":"Point","coordinates":[-3.70689,40.48035]}},{"type":"Feature","properties":{"id":"ke-alisveris-47","kind":"poi","name":"Dia","theme":"alisveris","lab":1},"geometry":{"type":"Point","coordinates":[-3.69029,40.48543]}},{"type":"Feature","properties":{"id":"ke-alisveris-48","kind":"poi","name":"Food Basics","theme":"alisveris","lab":1},"geometry":{"type":"Point","coordinates":[-3.68775,40.48511]}},{"type":"Feature","properties":{"id":"ke-alisveris-49","kind":"poi","name":"Mercadona","theme":"alisveris","lab":1},"geometry":{"type":"Point","coordinates":[-3.69688,40.40283]}},{"type":"Feature","properties":{"id":"ke-alisveris-50","kind":"poi","name":"La Plaza de DIA","theme":"alisveris","lab":1},"geometry":{"type":"Point","coordinates":[-3.80629,40.4343]}},{"type":"Feature","properties":{"id":"ke-alisveris-51","kind":"poi","name":"Hipercor","theme":"alisveris","lab":1},"geometry":{"type":"Point","coordinates":[-3.61782,40.4564]}},{"type":"Feature","properties":{"id":"ke-alisveris-52","kind":"poi","name":"Supersol","theme":"alisveris","lab":1},"geometry":{"type":"Point","coordinates":[-3.79829,40.43396]}},{"type":"Feature","properties":{"id":"ke-alisveris-53","kind":"poi","name":"Carrefour","theme":"alisveris","lab":1},"geometry":{"type":"Point","coordinates":[-3.76431,40.38638]}},{"type":"Feature","properties":{"id":"ke-alisveris-54","kind":"poi","name":"Ahorramás","theme":"alisveris","lab":1},"geometry":{"type":"Point","coordinates":[-3.67583,40.50654]}},{"type":"Feature","properties":{"id":"ke-alisveris-55","kind":"poi","name":"Primaprix","theme":"alisveris","lab":1},"geometry":{"type":"Point","coordinates":[-3.69585,40.39486]}},{"type":"Feature","properties":{"id":"ke-alisveris-56","kind":"poi","name":"Caprabo","theme":"alisveris","lab":1},"geometry":{"type":"Point","coordinates":[-3.64514,40.50869]}},{"type":"Feature","properties":{"id":"ke-alisveris-57","kind":"poi","name":"Carrefour Market","theme":"alisveris","lab":1},"geometry":{"type":"Point","coordinates":[-3.71343,40.44278]}},{"type":"Feature","properties":{"id":"ke-alisveris-58","kind":"poi","name":"Condis","theme":"alisveris","lab":1},"geometry":{"type":"Point","coordinates":[-3.67633,40.44882]}},{"type":"Feature","properties":{"id":"ke-alisveris-59","kind":"poi","name":"Eroski","theme":"alisveris","lab":1},"geometry":{"type":"Point","coordinates":[-3.87287,40.31668]}},{"type":"Feature","properties":{"id":"ke-alisveris-60","kind":"poi","name":"Simply Market","theme":"alisveris","lab":1},"geometry":{"type":"Point","coordinates":[-3.77008,40.33104]}},{"type":"Feature","properties":{"id":"ke-alisveris-61","kind":"poi","name":"Lidl","theme":"alisveris","lab":1},"geometry":{"type":"Point","coordinates":[-3.70458,40.41259]}},{"type":"Feature","properties":{"id":"ke-alisveris-62","kind":"poi","name":"Supercor","theme":"alisveris","lab":1},"geometry":{"type":"Point","coordinates":[-3.66859,40.44486]}},{"type":"Feature","properties":{"id":"ke-alisveris-63","kind":"poi","name":"Unide","theme":"alisveris","lab":1},"geometry":{"type":"Point","coordinates":[-3.66486,40.44629]}},{"type":"Feature","properties":{"id":"ke-alisveris-64","kind":"poi","name":"Sánchez Romero","theme":"alisveris","lab":1},"geometry":{"type":"Point","coordinates":[-3.66644,40.44588]}},{"type":"Feature","properties":{"id":"ke-alisveris-65","kind":"poi","name":"Dia Market","theme":"alisveris","lab":1},"geometry":{"type":"Point","coordinates":[-3.71434,40.43682]}},{"type":"Feature","properties":{"id":"ke-alisveris-66","kind":"poi","name":"Cash Ecofamilia","theme":"alisveris","lab":1},"geometry":{"type":"Point","coordinates":[-3.86687,40.32898]}},{"type":"Feature","properties":{"id":"ke-alisveris-67","kind":"poi","name":"Supermercados Alcampo","theme":"alisveris","lab":1},"geometry":{"type":"Point","coordinates":[-3.85305,40.31967]}},{"type":"Feature","properties":{"id":"ke-alisveris-68","kind":"poi","name":"Covirán","theme":"alisveris","lab":1},"geometry":{"type":"Point","coordinates":[-3.68977,40.35785]}},{"type":"Feature","properties":{"id":"ke-alisveris-70","kind":"poi","name":"Suma","theme":"alisveris","lab":1},"geometry":{"type":"Point","coordinates":[-3.71963,40.47067]}},{"type":"Feature","properties":{"id":"ke-alisveris-71","kind":"poi","name":"Gama","theme":"alisveris","lab":1},"geometry":{"type":"Point","coordinates":[-3.92918,40.57628]}},{"type":"Feature","properties":{"id":"ke-alisveris-72","kind":"poi","name":"Carrefour Express","theme":"alisveris","lab":1},"geometry":{"type":"Point","coordinates":[-3.70018,40.48681]}},{"type":"Feature","properties":{"id":"ke-alisveris-73","kind":"poi","name":"La Despensa","theme":"alisveris","lab":1},"geometry":{"type":"Point","coordinates":[-3.71217,40.40478]}},{"type":"Feature","properties":{"id":"ke-alisveris-74","kind":"poi","name":"BM","theme":"alisveris","lab":1},"geometry":{"type":"Point","coordinates":[-3.58066,40.47001]}},{"type":"Feature","properties":{"id":"ke-alisveris-75","kind":"poi","name":"Froiz","theme":"alisveris","lab":1},"geometry":{"type":"Point","coordinates":[-3.69317,40.45956]}},{"type":"Feature","properties":{"id":"ke-alisveris-76","kind":"poi","name":"Maxi Dia","theme":"alisveris","lab":1},"geometry":{"type":"Point","coordinates":[-3.71365,40.41084]}},{"type":"Feature","properties":{"id":"ke-alisveris-77","kind":"poi","name":"Game","theme":"alisveris","lab":1},"geometry":{"type":"Point","coordinates":[-3.87089,40.49222]}},{"type":"Feature","properties":{"id":"ke-alisveris-78","kind":"poi","name":"Eroski City","theme":"alisveris","lab":1},"geometry":{"type":"Point","coordinates":[-3.64755,40.43241]}},{"type":"Feature","properties":{"id":"ke-alisveris-79","kind":"poi","name":"Mi Alcampo","theme":"alisveris","lab":1},"geometry":{"type":"Point","coordinates":[-3.65451,40.49222]}},{"type":"Feature","properties":{"id":"ke-alisveris-80","kind":"poi","name":"Carrefour Bio","theme":"alisveris","lab":1},"geometry":{"type":"Point","coordinates":[-3.70176,40.42663]}},{"type":"Feature","properties":{"id":"ke-alisveris-81","kind":"poi","name":"Muji","theme":"alisveris","lab":1},"geometry":{"type":"Point","coordinates":[-3.70072,40.42259]}},{"type":"Feature","properties":{"id":"ke-alisveris-82","kind":"poi","name":"BonÀrea","theme":"alisveris","lab":1},"geometry":{"type":"Point","coordinates":[-3.66967,40.44296]}},{"type":"Feature","properties":{"id":"ke-alisveris-83","kind":"poi","name":"Zoco de Parque Coimbra","theme":"alisveris","lab":1},"geometry":{"type":"Point","coordinates":[-3.92407,40.31159]}},{"type":"Feature","properties":{"id":"ke-alisveris-84","kind":"poi","name":"Bio C' Bon","theme":"alisveris","lab":1},"geometry":{"type":"Point","coordinates":[-3.67867,40.42152]}},{"type":"Feature","properties":{"id":"ke-alisveris-85","kind":"poi","name":"Uni-Mas Alimentación","theme":"alisveris","lab":1},"geometry":{"type":"Point","coordinates":[-3.68613,40.36637]}},{"type":"Feature","properties":{"id":"ke-alisveris-86","kind":"poi","name":"HEMA","theme":"alisveris","lab":1},"geometry":{"type":"Point","coordinates":[-3.70475,40.41879]}},{"type":"Feature","properties":{"id":"ke-alisveris-87","kind":"poi","name":"La Alacena","theme":"alisveris","lab":1},"geometry":{"type":"Point","coordinates":[-3.50422,40.56849]}},{"type":"Feature","properties":{"id":"ke-alisveris-89","kind":"poi","name":"Supercor Express","theme":"alisveris","lab":1},"geometry":{"type":"Point","coordinates":[-3.6641,40.4183]}},{"type":"Feature","properties":{"id":"ke-alisveris-90","kind":"poi","name":"Supeco","theme":"alisveris","lab":1},"geometry":{"type":"Point","coordinates":[-3.55147,40.42808]}},{"type":"Feature","properties":{"id":"ke-alisveris-92","kind":"poi","name":"Hiper Simply","theme":"alisveris","lab":1},"geometry":{"type":"Point","coordinates":[-3.77681,40.35996]}},{"type":"Feature","properties":{"id":"ke-alisveris-93","kind":"poi","name":"El Corte Inglés Madrid Xanadú","theme":"alisveris","lab":1},"geometry":{"type":"Point","coordinates":[-3.92961,40.29882]}},{"type":"Feature","properties":{"id":"ke-alisveris-94","kind":"poi","name":"Centro Comercial Ciudad Tres Cantos","theme":"alisveris","lab":1},"geometry":{"type":"Point","coordinates":[-3.70933,40.59946]}},{"type":"Feature","properties":{"id":"ke-alisveris-95","kind":"poi","name":"E.Leclerc","theme":"alisveris","lab":1},"geometry":{"type":"Point","coordinates":[-3.84915,40.47441]}},{"type":"Feature","properties":{"id":"ke-alisveris-97","kind":"poi","name":"McDonald's","theme":"alisveris","lab":1},"geometry":{"type":"Point","coordinates":[-3.86646,40.4651]}},{"type":"Feature","properties":{"id":"ke-alisveris-100","kind":"poi","name":"Galería Soto","theme":"alisveris","lab":1},"geometry":{"type":"Point","coordinates":[-3.74256,40.38691]}},{"type":"Feature","properties":{"id":"ke-alisveris-101","kind":"poi","name":"FNAC","theme":"alisveris","lab":1},"geometry":{"type":"Point","coordinates":[-3.6148,40.54134]}},{"type":"Feature","properties":{"id":"ke-alisveris-108","kind":"poi","name":"Mercería Pilar Lencería","theme":"alisveris","lab":1},"geometry":{"type":"Point","coordinates":[-3.86994,40.32208]}},{"type":"Feature","properties":{"id":"ke-alisveris-109","kind":"poi","name":"Reformas Ruben's","theme":"alisveris","lab":1},"geometry":{"type":"Point","coordinates":[-3.87056,40.32237]}},{"type":"Feature","properties":{"id":"ke-alisveris-112","kind":"poi","name":"Galería Comercial","theme":"alisveris","lab":1},"geometry":{"type":"Point","coordinates":[-3.70375,40.44978]}},{"type":"Feature","properties":{"id":"ke-alisveris-113","kind":"poi","name":"El Corte Chino","theme":"alisveris","lab":1},"geometry":{"type":"Point","coordinates":[-3.85712,40.33044]}},{"type":"Feature","properties":{"id":"ke-alisveris-116","kind":"poi","name":"Galería Comercial-Pasaje Mutualidad","theme":"alisveris","lab":1},"geometry":{"type":"Point","coordinates":[-3.70097,40.42518]}},{"type":"Feature","properties":{"id":"ke-alisveris-120","kind":"poi","name":"sika","theme":"alisveris","lab":1},"geometry":{"type":"Point","coordinates":[-3.66234,40.52137]}},{"type":"Feature","properties":{"id":"ke-alisveris-121","kind":"poi","name":"Plaza china","theme":"alisveris","lab":1},"geometry":{"type":"Point","coordinates":[-3.5828,40.443]}},{"type":"Feature","properties":{"id":"ke-alisveris-124","kind":"poi","name":"Cortistor","theme":"alisveris","lab":1},"geometry":{"type":"Point","coordinates":[-3.64242,40.406]}},{"type":"Feature","properties":{"id":"ke-alisveris-125","kind":"poi","name":"Perfumería Madrid-París","theme":"alisveris","lab":1},"geometry":{"type":"Point","coordinates":[-3.70906,40.44695]}},{"type":"Feature","properties":{"id":"ke-alisveris-126","kind":"poi","name":"Galería Las Flores","theme":"alisveris","lab":1},"geometry":{"type":"Point","coordinates":[-3.81318,40.43563]}},{"type":"Feature","properties":{"id":"ke-alisveris-132","kind":"poi","name":"Galeria Comercial San Nicasio","theme":"alisveris","lab":1},"geometry":{"type":"Point","coordinates":[-3.76959,40.33258]}},{"type":"Feature","properties":{"id":"ke-alisveris-135","kind":"poi","name":"Hiper Otoño","theme":"alisveris","lab":1},"geometry":{"type":"Point","coordinates":[-3.74015,40.38439]}},{"type":"Feature","properties":{"id":"ke-alisveris-138","kind":"poi","name":"Isolee","theme":"alisveris","lab":1},"geometry":{"type":"Point","coordinates":[-3.68638,40.42743]}},{"type":"Feature","properties":{"id":"ke-alisveris-140","kind":"poi","name":"Madrid Duty Free","theme":"alisveris","lab":1},"geometry":{"type":"Point","coordinates":[-3.56981,40.46365]}},{"type":"Feature","properties":{"id":"ke-alisveris-141","kind":"poi","name":"The Fashion Gallery","theme":"alisveris","lab":1},"geometry":{"type":"Point","coordinates":[-3.57025,40.46308]}},{"type":"Feature","properties":{"id":"ke-alisveris-142","kind":"poi","name":"Centro Comercial Baleares","theme":"alisveris","lab":1},"geometry":{"type":"Point","coordinates":[-3.71257,40.39152]}},{"type":"Feature","properties":{"id":"ke-alisveris-151","kind":"poi","name":"Centro Comercial Gran Vía de Hortaleza","theme":"alisveris","lab":1},"geometry":{"type":"Point","coordinates":[-3.64044,40.46946]}},{"type":"Feature","properties":{"id":"ke-alisveris-152","kind":"poi","name":"Centro Comercial La Vega","theme":"alisveris","lab":1},"geometry":{"type":"Point","coordinates":[-3.63759,40.53457]}},{"type":"Feature","properties":{"id":"ke-alisveris-153","kind":"poi","name":"Parque Comercial Río Norte II","theme":"alisveris","lab":1},"geometry":{"type":"Point","coordinates":[-3.64613,40.53082]}},{"type":"Feature","properties":{"id":"ke-alisveris-154","kind":"poi","name":"Moraleja Green","theme":"alisveris","lab":1},"geometry":{"type":"Point","coordinates":[-3.65722,40.51819]}},{"type":"Feature","properties":{"id":"ke-alisveris-155","kind":"poi","name":"Centro Comercial La Vaguada","theme":"alisveris","lab":1},"geometry":{"type":"Point","coordinates":[-3.70683,40.47998]}},{"type":"Feature","properties":{"id":"ke-alisveris-156","kind":"poi","name":"Alcampo Pío XII","theme":"alisveris","lab":1},"geometry":{"type":"Point","coordinates":[-3.6752,40.46311]}},{"type":"Feature","properties":{"id":"ke-alisveris-157","kind":"poi","name":"Centro Comercial Sexta Avenida","theme":"alisveris","lab":1},"geometry":{"type":"Point","coordinates":[-3.8153,40.4679]}},{"type":"Feature","properties":{"id":"ke-alisveris-158","kind":"poi","name":"Centro Comercial Colombia","theme":"alisveris","lab":1},"geometry":{"type":"Point","coordinates":[-3.63641,40.47199]}},{"type":"Feature","properties":{"id":"ke-alisveris-159","kind":"poi","name":"Centro Comercial Arturo Soria Plaza","theme":"alisveris","lab":1},"geometry":{"type":"Point","coordinates":[-3.65075,40.44998]}},{"type":"Feature","properties":{"id":"ke-alisveris-160","kind":"poi","name":"Nassica","theme":"alisveris","lab":1},"geometry":{"type":"Point","coordinates":[-3.69738,40.27263]}},{"type":"Feature","properties":{"id":"ke-alisveris-161","kind":"poi","name":"Centro Comercial Herón-Diversia","theme":"alisveris","lab":1},"geometry":{"type":"Point","coordinates":[-3.6388,40.53046]}},{"type":"Feature","properties":{"id":"ke-alisveris-162","kind":"poi","name":"Centro Comercial Milenium","theme":"alisveris","lab":1},"geometry":{"type":"Point","coordinates":[-3.86781,40.45617]}},{"type":"Feature","properties":{"id":"ke-alisveris-163","kind":"poi","name":"Centro Comercial Plaza de Aluche","theme":"alisveris","lab":1},"geometry":{"type":"Point","coordinates":[-3.76396,40.38621]}},{"type":"Feature","properties":{"id":"ke-alisveris-164","kind":"poi","name":"Ciudad Comercial Las Lomas","theme":"alisveris","lab":1},"geometry":{"type":"Point","coordinates":[-3.89946,40.43157]}},{"type":"Feature","properties":{"id":"ke-alisveris-165","kind":"poi","name":"Centro Comercial El Palacio","theme":"alisveris","lab":1},"geometry":{"type":"Point","coordinates":[-3.88006,40.4093]}},{"type":"Feature","properties":{"id":"ke-alisveris-166","kind":"poi","name":"El Corte Inglés Sanchinarro","theme":"alisveris","lab":1},"geometry":{"type":"Point","coordinates":[-3.66109,40.49773]}},{"type":"Feature","properties":{"id":"ke-alisveris-167","kind":"poi","name":"Centro de Ocio Manoteras","theme":"alisveris","lab":1},"geometry":{"type":"Point","coordinates":[-3.66601,40.48626]}},{"type":"Feature","properties":{"id":"ke-alisveris-168","kind":"poi","name":"Centro Comercial Centro Oeste","theme":"alisveris","lab":1},"geometry":{"type":"Point","coordinates":[-3.86865,40.45265]}},{"type":"Feature","properties":{"id":"ke-alisveris-169","kind":"poi","name":"Centro Comercial Equinoccio","theme":"alisveris","lab":1},"geometry":{"type":"Point","coordinates":[-3.87472,40.45496]}},{"type":"Feature","properties":{"id":"ke-alisveris-170","kind":"poi","name":"Centro comercial Bulevar Getafe","theme":"alisveris","lab":1},"geometry":{"type":"Point","coordinates":[-3.72049,40.32632]}},{"type":"Feature","properties":{"id":"ke-alisveris-171","kind":"poi","name":"Zoco de Pozuelo","theme":"alisveris","lab":1},"geometry":{"type":"Point","coordinates":[-3.79748,40.41964]}},{"type":"Feature","properties":{"id":"ke-alisveris-172","kind":"poi","name":"Centro Comercial Getafe3","theme":"alisveris","lab":1},"geometry":{"type":"Point","coordinates":[-3.7464,40.29578]}},{"type":"Feature","properties":{"id":"ke-alisveris-173","kind":"poi","name":"La Plaza Leganés","theme":"alisveris","lab":1},"geometry":{"type":"Point","coordinates":[-3.75728,40.32681]}},{"type":"Feature","properties":{"id":"ke-alisveris-174","kind":"poi","name":"Parque Comercial Plaza Nueva","theme":"alisveris","lab":1},"geometry":{"type":"Point","coordinates":[-3.75899,40.34472]}},{"type":"Feature","properties":{"id":"ke-alisveris-175","kind":"poi","name":"Centro Comercial Islazul","theme":"alisveris","lab":1},"geometry":{"type":"Point","coordinates":[-3.73745,40.36397]}},{"type":"Feature","properties":{"id":"ke-alisveris-176","kind":"poi","name":"Centro Comercial Valdebernardo","theme":"alisveris","lab":1},"geometry":{"type":"Point","coordinates":[-3.61852,40.39768]}},{"type":"Feature","properties":{"id":"ke-alisveris-177","kind":"poi","name":"TresAguas","theme":"alisveris","lab":1},"geometry":{"type":"Point","coordinates":[-3.831,40.35823]}},{"type":"Feature","properties":{"id":"ke-alisveris-178","kind":"poi","name":"Zoco de Majadahonda","theme":"alisveris","lab":1},"geometry":{"type":"Point","coordinates":[-3.86632,40.46661]}},{"type":"Feature","properties":{"id":"ke-alisveris-179","kind":"poi","name":"Sambil Outlet Madrid","theme":"alisveris","lab":1},"geometry":{"type":"Point","coordinates":[-3.77643,40.35935]}},{"type":"Feature","properties":{"id":"ke-otel-0","kind":"poi","name":"The Palace","theme":"otel","lab":1},"geometry":{"type":"Point","coordinates":[-3.6958,40.41545]}},{"type":"Feature","properties":{"id":"ke-otel-1","kind":"poi","name":"Eurostars Madrid Tower","theme":"otel","lab":1},"geometry":{"type":"Point","coordinates":[-3.68789,40.47677]}},{"type":"Feature","properties":{"id":"ke-otel-2","kind":"poi","name":"The Principal Madrid","theme":"otel","lab":1},"geometry":{"type":"Point","coordinates":[-3.6972,40.41936]}},{"type":"Feature","properties":{"id":"ke-otel-3","kind":"poi","name":"VP Plaza España Design","theme":"otel","lab":1},"geometry":{"type":"Point","coordinates":[-3.71171,40.42267]}},{"type":"Feature","properties":{"id":"ke-otel-4","kind":"poi","name":"Meliá Castilla","theme":"otel","lab":1},"geometry":{"type":"Point","coordinates":[-3.69246,40.46143]}},{"type":"Feature","properties":{"id":"ke-otel-5","kind":"poi","name":"Rosewood Villa Magna","theme":"otel","lab":1},"geometry":{"type":"Point","coordinates":[-3.68816,40.42994]}},{"type":"Feature","properties":{"id":"ke-otel-6","kind":"poi","name":"Gran Hotel Inglés","theme":"otel","lab":1},"geometry":{"type":"Point","coordinates":[-3.69981,40.41593]}},{"type":"Feature","properties":{"id":"ke-otel-7","kind":"poi","name":"Thompson Madrid","theme":"otel","lab":1},"geometry":{"type":"Point","coordinates":[-3.70268,40.41855]}},{"type":"Feature","properties":{"id":"ke-otel-8","kind":"poi","name":"Hyatt Regency Madrid Residences","theme":"otel","lab":1},"geometry":{"type":"Point","coordinates":[-3.68918,40.43711]}},{"type":"Feature","properties":{"id":"ke-otel-9","kind":"poi","name":"Hyatt Centric Gran Via Madrid","theme":"otel","lab":1},"geometry":{"type":"Point","coordinates":[-3.70383,40.41984]}},{"type":"Feature","properties":{"id":"ke-otel-10","kind":"poi","name":"Hyatt Regency Hesperia Madrid","theme":"otel","lab":1},"geometry":{"type":"Point","coordinates":[-3.69175,40.43882]}},{"type":"Feature","properties":{"id":"ke-otel-11","kind":"poi","name":"Exe Tres Cantos","theme":"otel","lab":1},"geometry":{"type":"Point","coordinates":[-3.71556,40.59944]}},{"type":"Feature","properties":{"id":"ke-otel-12","kind":"poi","name":"Sercotel Madrid Aeropuerto","theme":"otel","lab":1},"geometry":{"type":"Point","coordinates":[-3.58336,40.45786]}},{"type":"Feature","properties":{"id":"ke-otel-13","kind":"poi","name":"Innside Madrid Gran Vía","theme":"otel","lab":1},"geometry":{"type":"Point","coordinates":[-3.70396,40.4205]}},{"type":"Feature","properties":{"id":"ke-otel-14","kind":"poi","name":"Hotel Catalonia Goya","theme":"otel","lab":1},"geometry":{"type":"Point","coordinates":[-3.68212,40.42526]}},{"type":"Feature","properties":{"id":"ke-otel-15","kind":"poi","name":"Atocha Hotel Madrid, Tapestry Collection by Hilton","theme":"otel","lab":1},"geometry":{"type":"Point","coordinates":[-3.69524,40.41067]}},{"type":"Feature","properties":{"id":"ke-otel-16","kind":"poi","name":"Room Mate Alba","theme":"otel","lab":1},"geometry":{"type":"Point","coordinates":[-3.70028,40.41383]}},{"type":"Feature","properties":{"id":"ke-otel-17","kind":"poi","name":"Dear Hotel Madrid","theme":"otel","lab":1},"geometry":{"type":"Point","coordinates":[-3.71045,40.42337]}},{"type":"Feature","properties":{"id":"ke-otel-18","kind":"poi","name":"Catalonia Puerta del Sol","theme":"otel","lab":1},"geometry":{"type":"Point","coordinates":[-3.70279,40.41412]}},{"type":"Feature","properties":{"id":"ke-otel-19","kind":"poi","name":"Hotel ILUNION Atrium","theme":"otel","lab":1},"geometry":{"type":"Point","coordinates":[-3.65528,40.44792]}},{"type":"Feature","properties":{"id":"ke-otel-20","kind":"poi","name":"NH Ribera del Manzanares","theme":"otel","lab":1},"geometry":{"type":"Point","coordinates":[-3.72159,40.4063]}},{"type":"Feature","properties":{"id":"ke-otel-21","kind":"poi","name":"Petit Palace Santa Bárbara","theme":"otel","lab":1},"geometry":{"type":"Point","coordinates":[-3.69619,40.42637]}},{"type":"Feature","properties":{"id":"ke-otel-22","kind":"poi","name":"Petit Palace President Castellana","theme":"otel","lab":1},"geometry":{"type":"Point","coordinates":[-3.68844,40.42909]}},{"type":"Feature","properties":{"id":"ke-otel-23","kind":"poi","name":"Hotel Catalonia Las Cortes","theme":"otel","lab":1},"geometry":{"type":"Point","coordinates":[-3.6994,40.41445]}},{"type":"Feature","properties":{"id":"ke-otel-24","kind":"poi","name":"Canopy by Hilton Madrid Castellana","theme":"otel","lab":1},"geometry":{"type":"Point","coordinates":[-3.69355,40.45146]}},{"type":"Feature","properties":{"id":"ke-otel-25","kind":"poi","name":"Novotel","theme":"otel","lab":1},"geometry":{"type":"Point","coordinates":[-3.65754,40.4413]}},{"type":"Feature","properties":{"id":"ke-otel-26","kind":"poi","name":"Madrid Marriott Auditorium Hotel & Conference Center","theme":"otel","lab":1},"geometry":{"type":"Point","coordinates":[-3.55871,40.4483]}},{"type":"Feature","properties":{"id":"ke-otel-27","kind":"poi","name":"Exe Moncloa","theme":"otel","lab":1},"geometry":{"type":"Point","coordinates":[-3.71742,40.43382]}},{"type":"Feature","properties":{"id":"ke-otel-28","kind":"poi","name":"Elba Madrid Alcalá","theme":"otel","lab":1},"geometry":{"type":"Point","coordinates":[-3.6314,40.43894]}},{"type":"Feature","properties":{"id":"ke-otel-29","kind":"poi","name":"Axor Barajas","theme":"otel","lab":1},"geometry":{"type":"Point","coordinates":[-3.58325,40.44793]}},{"type":"Feature","properties":{"id":"ke-otel-30","kind":"poi","name":"Axor Feria","theme":"otel","lab":1},"geometry":{"type":"Point","coordinates":[-3.58332,40.44745]}},{"type":"Feature","properties":{"id":"ke-otel-31","kind":"poi","name":"ICON Wipton","theme":"otel","lab":1},"geometry":{"type":"Point","coordinates":[-3.68528,40.42399]}},{"type":"Feature","properties":{"id":"ke-otel-32","kind":"poi","name":"Hotel Ilunion Pío XII","theme":"otel","lab":1},"geometry":{"type":"Point","coordinates":[-3.67409,40.46893]}},{"type":"Feature","properties":{"id":"ke-otel-33","kind":"poi","name":"NH Eurobuilding","theme":"otel","lab":1},"geometry":{"type":"Point","coordinates":[-3.68598,40.45822]}},{"type":"Feature","properties":{"id":"ke-otel-34","kind":"poi","name":"Hotel Vincci Soma","theme":"otel","lab":1},"geometry":{"type":"Point","coordinates":[-3.67805,40.42519]}},{"type":"Feature","properties":{"id":"ke-otel-35","kind":"poi","name":"Hilton Madrid Airport","theme":"otel","lab":1},"geometry":{"type":"Point","coordinates":[-3.58554,40.45217]}},{"type":"Feature","properties":{"id":"ke-otel-36","kind":"poi","name":"Novotel Madrid Center","theme":"otel","lab":1},"geometry":{"type":"Point","coordinates":[-3.67228,40.42186]}},{"type":"Feature","properties":{"id":"ke-otel-37","kind":"poi","name":"DoubleTree by Hilton Madrid - Prado","theme":"otel","lab":1},"geometry":{"type":"Point","coordinates":[-3.69666,40.41513]}},{"type":"Feature","properties":{"id":"ke-otel-38","kind":"poi","name":"Barceló Emperatriz","theme":"otel","lab":1},"geometry":{"type":"Point","coordinates":[-3.68841,40.43634]}},{"type":"Feature","properties":{"id":"ke-otel-39","kind":"poi","name":"Soho Boutique Congreso","theme":"otel","lab":1},"geometry":{"type":"Point","coordinates":[-3.69749,40.41697]}},{"type":"Feature","properties":{"id":"ke-otel-40","kind":"poi","name":"Petit Palace Arturo Soria","theme":"otel","lab":1},"geometry":{"type":"Point","coordinates":[-3.6386,40.43954]}},{"type":"Feature","properties":{"id":"ke-otel-41","kind":"poi","name":"Petit Palace Plaza Mayor","theme":"otel","lab":1},"geometry":{"type":"Point","coordinates":[-3.70913,40.41603]}},{"type":"Feature","properties":{"id":"ke-otel-42","kind":"poi","name":"Hotel Ilunion Alcalá Norte","theme":"otel","lab":1},"geometry":{"type":"Point","coordinates":[-3.62125,40.43638]}},{"type":"Feature","properties":{"id":"ke-otel-43","kind":"poi","name":"Casa de las Artes","theme":"otel","lab":1},"geometry":{"type":"Point","coordinates":[-3.69753,40.41182]}},{"type":"Feature","properties":{"id":"ke-otel-44","kind":"poi","name":"Hotel Maydrit Airport","theme":"otel","lab":1},"geometry":{"type":"Point","coordinates":[-3.59295,40.45169]}},{"type":"Feature","properties":{"id":"ke-otel-45","kind":"poi","name":"Eurostars Monte Real","theme":"otel","lab":1},"geometry":{"type":"Point","coordinates":[-3.74306,40.47517]}},{"type":"Feature","properties":{"id":"ke-otel-46","kind":"poi","name":"Hotel Vincci Capitol","theme":"otel","lab":1},"geometry":{"type":"Point","coordinates":[-3.70658,40.42041]}},{"type":"Feature","properties":{"id":"ke-otel-47","kind":"poi","name":"Hotel Vincci Via 66","theme":"otel","lab":1},"geometry":{"type":"Point","coordinates":[-3.70878,40.42242]}},{"type":"Feature","properties":{"id":"ke-otel-48","kind":"poi","name":"Hotel Ilunion Suites Madrid","theme":"otel","lab":1},"geometry":{"type":"Point","coordinates":[-3.66947,40.44793]}},{"type":"Feature","properties":{"id":"ke-otel-49","kind":"poi","name":"Hotel Riu Plaza España","theme":"otel","lab":1},"geometry":{"type":"Point","coordinates":[-3.71095,40.42413]}},{"type":"Feature","properties":{"id":"ke-otel-50","kind":"poi","name":"Petit Palace Alcalá","theme":"otel","lab":1},"geometry":{"type":"Point","coordinates":[-3.69929,40.41825]}},{"type":"Feature","properties":{"id":"ke-otel-51","kind":"poi","name":"Petit Palace Lealtad Plaza","theme":"otel","lab":1},"geometry":{"type":"Point","coordinates":[-3.69101,40.41684]}},{"type":"Feature","properties":{"id":"ke-otel-52","kind":"poi","name":"Petit Palace Savoy Alfonso XII","theme":"otel","lab":1},"geometry":{"type":"Point","coordinates":[-3.68924,40.4172]}},{"type":"Feature","properties":{"id":"ke-otel-53","kind":"poi","name":"Tótem Hotel Madrid","theme":"otel","lab":1},"geometry":{"type":"Point","coordinates":[-3.68547,40.42649]}},{"type":"Feature","properties":{"id":"ke-otel-54","kind":"poi","name":"Hostal Roisa Boutique","theme":"otel","lab":1},"geometry":{"type":"Point","coordinates":[-3.6782,40.45406]}},{"type":"Feature","properties":{"id":"ke-otel-55","kind":"poi","name":"Petit Palace Posada del Peine","theme":"otel","lab":1},"geometry":{"type":"Point","coordinates":[-3.70599,40.41565]}},{"type":"Feature","properties":{"id":"ke-otel-56","kind":"poi","name":"Petit Palace Arenal","theme":"otel","lab":1},"geometry":{"type":"Point","coordinates":[-3.70634,40.4174]}},{"type":"Feature","properties":{"id":"ke-otel-57","kind":"poi","name":"Petit Palace Puerta del Sol","theme":"otel","lab":1},"geometry":{"type":"Point","coordinates":[-3.70506,40.41712]}},{"type":"Feature","properties":{"id":"ke-otel-58","kind":"poi","name":"Petit Palace Preciados","theme":"otel","lab":1},"geometry":{"type":"Point","coordinates":[-3.70445,40.41816]}},{"type":"Feature","properties":{"id":"ke-otel-59","kind":"poi","name":"Roisa Centro","theme":"otel","lab":1},"geometry":{"type":"Point","coordinates":[-3.70644,40.42861]}},{"type":"Feature","properties":{"id":"ke-otel-60","kind":"poi","name":"Hotel Praga","theme":"otel","lab":1},"geometry":{"type":"Point","coordinates":[-3.70775,40.39411]}},{"type":"Feature","properties":{"id":"ke-otel-61","kind":"poi","name":"Artiem Madrid","theme":"otel","lab":1},"geometry":{"type":"Point","coordinates":[-3.64806,40.44279]}},{"type":"Feature","properties":{"id":"ke-otel-62","kind":"poi","name":"Hotel Emperador","theme":"otel","lab":1},"geometry":{"type":"Point","coordinates":[-3.7081,40.42141]}},{"type":"Feature","properties":{"id":"ke-otel-63","kind":"poi","name":"Hotel The One","theme":"otel","lab":1},"geometry":{"type":"Point","coordinates":[-3.68325,40.47242]}},{"type":"Feature","properties":{"id":"ke-otel-64","kind":"poi","name":"Aravaca Village","theme":"otel","lab":1},"geometry":{"type":"Point","coordinates":[-3.78637,40.46452]}},{"type":"Feature","properties":{"id":"ke-otel-65","kind":"poi","name":"Hotel Agumar","theme":"otel","lab":1},"geometry":{"type":"Point","coordinates":[-3.68309,40.40706]}},{"type":"Feature","properties":{"id":"ke-otel-66","kind":"poi","name":"Hotel Claridge","theme":"otel","lab":1},"geometry":{"type":"Point","coordinates":[-3.66936,40.40629]}},{"type":"Feature","properties":{"id":"ke-otel-67","kind":"poi","name":"Hotel Plaza Las Matas","theme":"otel","lab":1},"geometry":{"type":"Point","coordinates":[-3.89544,40.55115]}},{"type":"Feature","properties":{"id":"ke-otel-68","kind":"poi","name":"Gran Hotel Attica 21 Las Rozas","theme":"otel","lab":1},"geometry":{"type":"Point","coordinates":[-3.89542,40.54515]}},{"type":"Feature","properties":{"id":"ke-otel-69","kind":"poi","name":"Hotel Ciudad de Móstoles","theme":"otel","lab":1},"geometry":{"type":"Point","coordinates":[-3.88752,40.33483]}},{"type":"Feature","properties":{"id":"ke-otel-70","kind":"poi","name":"Hotel Amura","theme":"otel","lab":1},"geometry":{"type":"Point","coordinates":[-3.64096,40.53577]}},{"type":"Feature","properties":{"id":"ke-otel-71","kind":"poi","name":"Gran Versalles","theme":"otel","lab":1},"geometry":{"type":"Point","coordinates":[-3.697,40.42846]}},{"type":"Feature","properties":{"id":"ke-otel-72","kind":"poi","name":"Zenit Conde Orgaz","theme":"otel","lab":1},"geometry":{"type":"Point","coordinates":[-3.64759,40.45669]}},{"type":"Feature","properties":{"id":"ke-otel-73","kind":"poi","name":"Crowne Plaza Madrid Airport","theme":"otel","lab":1},"geometry":{"type":"Point","coordinates":[-3.54203,40.44722]}},{"type":"Feature","properties":{"id":"ke-otel-74","kind":"poi","name":"Hotel Don Pío","theme":"otel","lab":1},"geometry":{"type":"Point","coordinates":[-3.67653,40.46286]}},{"type":"Feature","properties":{"id":"ke-otel-75","kind":"poi","name":"Quinta de los Cedros","theme":"otel","lab":1},"geometry":{"type":"Point","coordinates":[-3.66289,40.45957]}},{"type":"Feature","properties":{"id":"ke-otel-76","kind":"poi","name":"Atocha by Meliá","theme":"otel","lab":1},"geometry":{"type":"Point","coordinates":[-3.69734,40.41168]}},{"type":"Feature","properties":{"id":"ke-otel-77","kind":"poi","name":"Hotel Mercader","theme":"otel","lab":1},"geometry":{"type":"Point","coordinates":[-3.66466,40.36051]}},{"type":"Feature","properties":{"id":"ke-otel-78","kind":"poi","name":"Nuevo Boston","theme":"otel","lab":1},"geometry":{"type":"Point","coordinates":[-3.57685,40.44875]}},{"type":"Feature","properties":{"id":"ke-otel-79","kind":"poi","name":"Radisson Blu Hotel, Madrid Prado","theme":"otel","lab":1},"geometry":{"type":"Point","coordinates":[-3.69416,40.41255]}},{"type":"Feature","properties":{"id":"ke-otel-80","kind":"poi","name":"NH Collection Madrid Colón","theme":"otel","lab":1},"geometry":{"type":"Point","coordinates":[-3.68896,40.42614]}},{"type":"Feature","properties":{"id":"ke-otel-81","kind":"poi","name":"Pullman Madrid Airport & Feria","theme":"otel","lab":1},"geometry":{"type":"Point","coordinates":[-3.61543,40.46225]}},{"type":"Feature","properties":{"id":"ke-otel-82","kind":"poi","name":"Barceló Torre de Madrid","theme":"otel","lab":1},"geometry":{"type":"Point","coordinates":[-3.71233,40.42419]}},{"type":"Feature","properties":{"id":"ke-otel-83","kind":"poi","name":"Eurostars Madrid Congress","theme":"otel","lab":1},"geometry":{"type":"Point","coordinates":[-3.62127,40.53456]}},{"type":"Feature","properties":{"id":"ke-otel-84","kind":"poi","name":"NH Hotel Alcorcón","theme":"otel","lab":1},"geometry":{"type":"Point","coordinates":[-3.8463,40.35111]}},{"type":"Feature","properties":{"id":"ke-otel-85","kind":"poi","name":"Hostal Doña Isabel","theme":"otel","lab":1},"geometry":{"type":"Point","coordinates":[-3.87558,40.47363]}},{"type":"Feature","properties":{"id":"ke-otel-86","kind":"poi","name":"NH Madrid Zurbano","theme":"otel","lab":1},"geometry":{"type":"Point","coordinates":[-3.69291,40.43903]}},{"type":"Feature","properties":{"id":"ke-otel-87","kind":"poi","name":"Exe Getafe","theme":"otel","lab":1},"geometry":{"type":"Point","coordinates":[-3.74131,40.31692]}},{"type":"Feature","properties":{"id":"ke-otel-88","kind":"poi","name":"Exe Plaza","theme":"otel","lab":1},"geometry":{"type":"Point","coordinates":[-3.68989,40.4677]}},{"type":"Feature","properties":{"id":"ke-otel-89","kind":"poi","name":"Eurostars Suites Mirasierra","theme":"otel","lab":1},"geometry":{"type":"Point","coordinates":[-3.70345,40.48656]}},{"type":"Feature","properties":{"id":"ke-otel-90","kind":"poi","name":"Hotel Zentral Castellana Norte","theme":"otel","lab":1},"geometry":{"type":"Point","coordinates":[-3.66843,40.48806]}},{"type":"Feature","properties":{"id":"ke-otel-91","kind":"poi","name":"Eurostars Madrid Foro","theme":"otel","lab":1},"geometry":{"type":"Point","coordinates":[-3.71628,40.59722]}},{"type":"Feature","properties":{"id":"ke-otel-92","kind":"poi","name":"Novotel Campo de las Naciones","theme":"otel","lab":1},"geometry":{"type":"Point","coordinates":[-3.61511,40.46256]}},{"type":"Feature","properties":{"id":"ke-otel-93","kind":"poi","name":"Puerta Madrid","theme":"otel","lab":1},"geometry":{"type":"Point","coordinates":[-3.63601,40.44785]}},{"type":"Feature","properties":{"id":"ke-otel-94","kind":"poi","name":"Meliá Avenida América","theme":"otel","lab":1},"geometry":{"type":"Point","coordinates":[-3.62813,40.4473]}},{"type":"Feature","properties":{"id":"ke-otel-95","kind":"poi","name":"H10 Puerta de Alcalá","theme":"otel","lab":1},"geometry":{"type":"Point","coordinates":[-3.68109,40.42208]}},{"type":"Feature","properties":{"id":"ke-otel-96","kind":"poi","name":"AC Hotel by Marriott Atocha","theme":"otel","lab":1},"geometry":{"type":"Point","coordinates":[-3.69002,40.40376]}},{"type":"Feature","properties":{"id":"ke-otel-97","kind":"poi","name":"H10 Tribeca","theme":"otel","lab":1},"geometry":{"type":"Point","coordinates":[-3.69436,40.4553]}},{"type":"Feature","properties":{"id":"ke-otel-98","kind":"poi","name":"Motel One","theme":"otel","lab":1},"geometry":{"type":"Point","coordinates":[-3.71391,40.42564]}},{"type":"Feature","properties":{"id":"ke-otel-99","kind":"poi","name":"Hotel Sardinero Madrid","theme":"otel","lab":1},"geometry":{"type":"Point","coordinates":[-3.69618,40.42826]}},{"type":"Feature","properties":{"id":"ke-otel-100","kind":"poi","name":"Eurostars Central","theme":"otel","lab":1},"geometry":{"type":"Point","coordinates":[-3.69833,40.4272]}},{"type":"Feature","properties":{"id":"ke-otel-101","kind":"poi","name":"Barceló Imagine","theme":"otel","lab":1},"geometry":{"type":"Point","coordinates":[-3.68485,40.47025]}},{"type":"Feature","properties":{"id":"ke-otel-102","kind":"poi","name":"AC Hotel by Marriott San Sebastian de los Reyes","theme":"otel","lab":1},"geometry":{"type":"Point","coordinates":[-3.61324,40.54707]}},{"type":"Feature","properties":{"id":"ke-otel-103","kind":"poi","name":"NH Nacional","theme":"otel","lab":1},"geometry":{"type":"Point","coordinates":[-3.69284,40.40983]}},{"type":"Feature","properties":{"id":"ke-otel-104","kind":"poi","name":"Hotel VillaMadrid","theme":"otel","lab":1},"geometry":{"type":"Point","coordinates":[-3.68813,40.48959]}},{"type":"Feature","properties":{"id":"ke-otel-105","kind":"poi","name":"Rafaelhoteles Atocha","theme":"otel","lab":1},"geometry":{"type":"Point","coordinates":[-3.68709,40.40138]}},{"type":"Feature","properties":{"id":"ke-otel-106","kind":"poi","name":"Hotel Intercontinental","theme":"otel","lab":1},"geometry":{"type":"Point","coordinates":[-3.6902,40.43629]}},{"type":"Feature","properties":{"id":"ke-otel-107","kind":"poi","name":"Complejo La Cigüeña","theme":"otel","lab":1},"geometry":{"type":"Point","coordinates":[-3.51444,40.29114]}},{"type":"Feature","properties":{"id":"ke-otel-108","kind":"poi","name":"Hotel Ópera","theme":"otel","lab":1},"geometry":{"type":"Point","coordinates":[-3.71005,40.41892]}},{"type":"Feature","properties":{"id":"ke-otel-109","kind":"poi","name":"NH Collection Abascal","theme":"otel","lab":1},"geometry":{"type":"Point","coordinates":[-3.69518,40.43844]}},{"type":"Feature","properties":{"id":"ke-otel-110","kind":"poi","name":"Bless","theme":"otel","lab":1},"geometry":{"type":"Point","coordinates":[-3.68368,40.4282]}},{"type":"Feature","properties":{"id":"ke-otel-111","kind":"poi","name":"Hotel One Shot Fortuny 07","theme":"otel","lab":1},"geometry":{"type":"Point","coordinates":[-3.69119,40.42878]}},{"type":"Feature","properties":{"id":"ke-otel-112","kind":"poi","name":"NH Lagasca","theme":"otel","lab":1},"geometry":{"type":"Point","coordinates":[-3.68493,40.42749]}},{"type":"Feature","properties":{"id":"ke-otel-113","kind":"poi","name":"Hotel Meliá Barajas","theme":"otel","lab":1},"geometry":{"type":"Point","coordinates":[-3.5825,40.46956]}},{"type":"Feature","properties":{"id":"ke-otel-114","kind":"poi","name":"Hotel Silken Puerta de América","theme":"otel","lab":1},"geometry":{"type":"Point","coordinates":[-3.67014,40.44075]}},{"type":"Feature","properties":{"id":"ke-otel-115","kind":"poi","name":"NH Madrid Ventas","theme":"otel","lab":1},"geometry":{"type":"Point","coordinates":[-3.6638,40.43561]}},{"type":"Feature","properties":{"id":"ke-otel-116","kind":"poi","name":"Hotel Wellington","theme":"otel","lab":1},"geometry":{"type":"Point","coordinates":[-3.6839,40.42201]}},{"type":"Feature","properties":{"id":"ke-otel-117","kind":"poi","name":"Hotel Meliá Serrano","theme":"otel","lab":1},"geometry":{"type":"Point","coordinates":[-3.68568,40.4355]}},{"type":"Feature","properties":{"id":"ke-otel-118","kind":"poi","name":"Ágora Juan de Austria","theme":"otel","lab":1},"geometry":{"type":"Point","coordinates":[-3.69952,40.43199]}},{"type":"Feature","properties":{"id":"ke-otel-119","kind":"poi","name":"Zenit Abeba","theme":"otel","lab":1},"geometry":{"type":"Point","coordinates":[-3.67378,40.4319]}},{"type":"Feature","properties":{"id":"ke-otel-120","kind":"poi","name":"URSO Hotel & Spa","theme":"otel","lab":1},"geometry":{"type":"Point","coordinates":[-3.69805,40.42701]}},{"type":"Feature","properties":{"id":"ke-otel-121","kind":"poi","name":"Santo Mauro Luxury Collection Hotel","theme":"otel","lab":1},"geometry":{"type":"Point","coordinates":[-3.69299,40.43103]}},{"type":"Feature","properties":{"id":"ke-otel-122","kind":"poi","name":"Hotel Eurostars Gran Madrid","theme":"otel","lab":1},"geometry":{"type":"Point","coordinates":[-3.63419,40.53434]}},{"type":"Feature","properties":{"id":"ke-otel-123","kind":"poi","name":"Zleep Hotel Madrid Airport","theme":"otel","lab":1},"geometry":{"type":"Point","coordinates":[-3.54869,40.44763]}},{"type":"Feature","properties":{"id":"ke-otel-124","kind":"poi","name":"NH Las Tablas","theme":"otel","lab":1},"geometry":{"type":"Point","coordinates":[-3.66489,40.49843]}},{"type":"Feature","properties":{"id":"ke-otel-125","kind":"poi","name":"Nuevo Madrid","theme":"otel","lab":1},"geometry":{"type":"Point","coordinates":[-3.66934,40.46934]}},{"type":"Feature","properties":{"id":"ke-otel-126","kind":"poi","name":"Hotel Eco Alcala Suites","theme":"otel","lab":1},"geometry":{"type":"Point","coordinates":[-3.63164,40.43746]}},{"type":"Feature","properties":{"id":"ke-otel-127","kind":"poi","name":"Hotel LCB Fuenlabrada","theme":"otel","lab":1},"geometry":{"type":"Point","coordinates":[-3.80129,40.28254]}},{"type":"Feature","properties":{"id":"ke-otel-128","kind":"poi","name":"AC Hotel Palacio del Retiro","theme":"otel","lab":1},"geometry":{"type":"Point","coordinates":[-3.68911,40.41782]}},{"type":"Feature","properties":{"id":"ke-otel-129","kind":"poi","name":"Sercotel Pozuelo","theme":"otel","lab":1},"geometry":{"type":"Point","coordinates":[-3.81788,40.43777]}},{"type":"Feature","properties":{"id":"ke-otel-130","kind":"poi","name":"Ibis Styles","theme":"otel","lab":1},"geometry":{"type":"Point","coordinates":[-3.65752,40.44134]}},{"type":"Feature","properties":{"id":"ke-otel-131","kind":"poi","name":"Sercotel Gran Hotel Conde Duque","theme":"otel","lab":1},"geometry":{"type":"Point","coordinates":[-3.70776,40.43093]}},{"type":"Feature","properties":{"id":"ke-otel-132","kind":"poi","name":"AC Hotel La Finca","theme":"otel","lab":1},"geometry":{"type":"Point","coordinates":[-3.80372,40.42019]}},{"type":"Feature","properties":{"id":"ke-otel-133","kind":"poi","name":"AR Parquesur","theme":"otel","lab":1},"geometry":{"type":"Point","coordinates":[-3.73402,40.33893]}},{"type":"Feature","properties":{"id":"ke-otel-134","kind":"poi","name":"Innside Madrid Luchana","theme":"otel","lab":1},"geometry":{"type":"Point","coordinates":[-3.70006,40.43034]}},{"type":"Feature","properties":{"id":"ke-otel-135","kind":"poi","name":"Crowne Plaza Madrid - Centre Retiro","theme":"otel","lab":1},"geometry":{"type":"Point","coordinates":[-3.66926,40.41306]}},{"type":"Feature","properties":{"id":"ke-otel-136","kind":"poi","name":"Hotel Madrid Alameda Aeropuerto","theme":"otel","lab":1},"geometry":{"type":"Point","coordinates":[-3.58025,40.46914]}},{"type":"Feature","properties":{"id":"ke-otel-137","kind":"poi","name":"Madrid Marriott Hotel Princesa Plaza","theme":"otel","lab":1},"geometry":{"type":"Point","coordinates":[-3.71468,40.4298]}},{"type":"Feature","properties":{"id":"ke-otel-138","kind":"poi","name":"Eurostars i-Hotel","theme":"otel","lab":1},"geometry":{"type":"Point","coordinates":[-3.79563,40.39738]}},{"type":"Feature","properties":{"id":"ke-otel-139","kind":"poi","name":"AC Hotel Coslada Aeropuerto","theme":"otel","lab":1},"geometry":{"type":"Point","coordinates":[-3.54023,40.44502]}},{"type":"Feature","properties":{"id":"ke-otel-140","kind":"poi","name":"B&B Hotel Aeropuerto T4","theme":"otel","lab":1},"geometry":{"type":"Point","coordinates":[-3.61177,40.53964]}},{"type":"Feature","properties":{"id":"ke-otel-141","kind":"poi","name":"Exe Pozuelo","theme":"otel","lab":1},"geometry":{"type":"Point","coordinates":[-3.78818,40.39844]}},{"type":"Feature","properties":{"id":"ke-otel-142","kind":"poi","name":"Líbere Madrid Chamberí","theme":"otel","lab":1},"geometry":{"type":"Point","coordinates":[-3.7008,40.43836]}},{"type":"Feature","properties":{"id":"ke-otel-143","kind":"poi","name":"Leonardo Boutique Hotel Madrid","theme":"otel","lab":1},"geometry":{"type":"Point","coordinates":[-3.70855,40.43731]}},{"type":"Feature","properties":{"id":"ke-otel-144","kind":"poi","name":"NH Madrid Chamberí","theme":"otel","lab":1},"geometry":{"type":"Point","coordinates":[-3.69825,40.43965]}},{"type":"Feature","properties":{"id":"ke-otel-145","kind":"poi","name":"Globales Acis y Galatea","theme":"otel","lab":1},"geometry":{"type":"Point","coordinates":[-3.61293,40.45029]}},{"type":"Feature","properties":{"id":"ke-otel-146","kind":"poi","name":"Hotel Sercotel SPA La Princesa","theme":"otel","lab":1},"geometry":{"type":"Point","coordinates":[-3.8462,40.32446]}},{"type":"Feature","properties":{"id":"ke-otel-147","kind":"poi","name":"AC Los Vascos","theme":"otel","lab":1},"geometry":{"type":"Point","coordinates":[-3.71157,40.44891]}},{"type":"Feature","properties":{"id":"ke-otel-148","kind":"poi","name":"Hotel Madrid Chamartín","theme":"otel","lab":1},"geometry":{"type":"Point","coordinates":[-3.68483,40.47192]}},{"type":"Feature","properties":{"id":"ke-otel-149","kind":"poi","name":"Rafaelhoteles Pirámides","theme":"otel","lab":1},"geometry":{"type":"Point","coordinates":[-3.71165,40.40255]}},{"type":"Feature","properties":{"id":"ke-otel-150","kind":"poi","name":"Crisol Leganés","theme":"otel","lab":1},"geometry":{"type":"Point","coordinates":[-3.74562,40.32809]}},{"type":"Feature","properties":{"id":"ke-otel-151","kind":"poi","name":"Hampton by Hilton Alcobendas Madrid","theme":"otel","lab":1},"geometry":{"type":"Point","coordinates":[-3.61816,40.53437]}},{"type":"Feature","properties":{"id":"ke-otel-152","kind":"poi","name":"TH Aravaca","theme":"otel","lab":1},"geometry":{"type":"Point","coordinates":[-3.79915,40.46385]}},{"type":"Feature","properties":{"id":"ke-otel-153","kind":"poi","name":"NH Barajas Airport","theme":"otel","lab":1},"geometry":{"type":"Point","coordinates":[-3.59519,40.45094]}},{"type":"Feature","properties":{"id":"ke-otel-154","kind":"poi","name":"Los Olivos","theme":"otel","lab":1},"geometry":{"type":"Point","coordinates":[-3.69016,40.31491]}},{"type":"Feature","properties":{"id":"ke-otel-155","kind":"poi","name":"Ibis Madrid Aeropuerto Barajas","theme":"otel","lab":1},"geometry":{"type":"Point","coordinates":[-3.58074,40.46983]}},{"type":"Feature","properties":{"id":"ke-otel-156","kind":"poi","name":"ibis Madrid Centro las Ventas","theme":"otel","lab":1},"geometry":{"type":"Point","coordinates":[-3.66428,40.43057]}},{"type":"Feature","properties":{"id":"ke-otel-157","kind":"poi","name":"Holiday Inn Express","theme":"otel","lab":1},"geometry":{"type":"Point","coordinates":[-3.61015,40.55538]}},{"type":"Feature","properties":{"id":"ke-otel-158","kind":"poi","name":"Hotel Clement Barajas","theme":"otel","lab":1},"geometry":{"type":"Point","coordinates":[-3.57991,40.47097]}},{"type":"Feature","properties":{"id":"ke-otel-159","kind":"poi","name":"NH La Habana","theme":"otel","lab":1},"geometry":{"type":"Point","coordinates":[-3.68199,40.45594]}},{"type":"Feature","properties":{"id":"ke-otel-160","kind":"poi","name":"Hotel Gema Fuenlabrada","theme":"otel","lab":1},"geometry":{"type":"Point","coordinates":[-3.78498,40.28389]}},{"type":"Feature","properties":{"id":"ke-otel-161","kind":"poi","name":"Foxa M-30 Suites & Resort","theme":"otel","lab":1},"geometry":{"type":"Point","coordinates":[-3.67196,40.47307]}},{"type":"Feature","properties":{"id":"ke-otel-162","kind":"poi","name":"Hotel Jardín Metropolitano","theme":"otel","lab":1},"geometry":{"type":"Point","coordinates":[-3.70575,40.44725]}},{"type":"Feature","properties":{"id":"ke-otel-163","kind":"poi","name":"Barrio de Salamanca","theme":"otel","lab":1},"geometry":{"type":"Point","coordinates":[-3.6857,40.43644]}},{"type":"Feature","properties":{"id":"ke-otel-164","kind":"poi","name":"Ibis Madrid Getafe","theme":"otel","lab":1},"geometry":{"type":"Point","coordinates":[-3.73522,40.31631]}},{"type":"Feature","properties":{"id":"ke-otel-165","kind":"poi","name":"Florida Norte","theme":"otel","lab":1},"geometry":{"type":"Point","coordinates":[-3.72132,40.42109]}},{"type":"Feature","properties":{"id":"ke-otel-166","kind":"poi","name":"Casón del Tormes","theme":"otel","lab":1},"geometry":{"type":"Point","coordinates":[-3.71166,40.42223]}},{"type":"Feature","properties":{"id":"ke-otel-167","kind":"poi","name":"Ibis","theme":"otel","lab":1},"geometry":{"type":"Point","coordinates":[-3.85396,40.33427]}},{"type":"Feature","properties":{"id":"ke-otel-168","kind":"poi","name":"Hotel Rafael Pirámides","theme":"otel","lab":1},"geometry":{"type":"Point","coordinates":[-3.71153,40.40255]}},{"type":"Feature","properties":{"id":"ke-otel-169","kind":"poi","name":"Hotel Holiday Inn Express Madrid - Getafe","theme":"otel","lab":1},"geometry":{"type":"Point","coordinates":[-3.69251,40.27258]}},{"type":"Feature","properties":{"id":"ke-otel-170","kind":"poi","name":"Hotel Don Luis","theme":"otel","lab":1},"geometry":{"type":"Point","coordinates":[-3.57864,40.47271]}},{"type":"Feature","properties":{"id":"ke-otel-171","kind":"poi","name":"Hotel SB Express Madrid Norte","theme":"otel","lab":1},"geometry":{"type":"Point","coordinates":[-3.61369,40.55834]}},{"type":"Feature","properties":{"id":"ke-otel-172","kind":"poi","name":"Holiday Inn","theme":"otel","lab":1},"geometry":{"type":"Point","coordinates":[-3.61011,40.5555]}},{"type":"Feature","properties":{"id":"ke-otel-173","kind":"poi","name":"Madfor","theme":"otel","lab":1},"geometry":{"type":"Point","coordinates":[-3.72178,40.42148]}},{"type":"Feature","properties":{"id":"ke-otel-174","kind":"poi","name":"Hotel One Shot Recoletos","theme":"otel","lab":1},"geometry":{"type":"Point","coordinates":[-3.69169,40.42103]}},{"type":"Feature","properties":{"id":"ke-otel-175","kind":"poi","name":"Amaral","theme":"otel","lab":1},"geometry":{"type":"Point","coordinates":[-3.69524,40.4586]}},{"type":"Feature","properties":{"id":"ke-otel-176","kind":"poi","name":"Hostal Avenida Barajas","theme":"otel","lab":1},"geometry":{"type":"Point","coordinates":[-3.58216,40.47295]}},{"type":"Feature","properties":{"id":"ke-otel-177","kind":"poi","name":"Exe Gran Hotel Almenar","theme":"otel","lab":1},"geometry":{"type":"Point","coordinates":[-3.9002,40.55447]}},{"type":"Feature","properties":{"id":"ke-otel-178","kind":"poi","name":"Hotel Ganivet","theme":"otel","lab":1},"geometry":{"type":"Point","coordinates":[-3.71071,40.40826]}},{"type":"Feature","properties":{"id":"ke-otel-179","kind":"poi","name":"AC Hotel Aitana","theme":"otel","lab":1},"geometry":{"type":"Point","coordinates":[-3.68965,40.4559]}},{"type":"Feature","properties":{"id":"ke-yurt-0","kind":"poi","name":"Onefam Sungate Hostel Madrid","theme":"yurt","lab":1},"geometry":{"type":"Point","coordinates":[-3.70454,40.41871]}},{"type":"Feature","properties":{"id":"ke-yurt-1","kind":"poi","name":"Colegio Mayor Alcalá","theme":"yurt","lab":1},"geometry":{"type":"Point","coordinates":[-3.71902,40.44788]}},{"type":"Feature","properties":{"id":"ke-yurt-2","kind":"poi","name":"Cats Hostel Madrid Sol","theme":"yurt","lab":1},"geometry":{"type":"Point","coordinates":[-3.70186,40.41294]}},{"type":"Feature","properties":{"id":"ke-yurt-3","kind":"poi","name":"Onefam Madrid Hostel","theme":"yurt","lab":1},"geometry":{"type":"Point","coordinates":[-3.7077,40.42789]}},{"type":"Feature","properties":{"id":"ke-yurt-4","kind":"poi","name":"Colegio Mayor Loyola","theme":"yurt","lab":1},"geometry":{"type":"Point","coordinates":[-3.71564,40.45011]}},{"type":"Feature","properties":{"id":"ke-yurt-5","kind":"poi","name":"Colegio Mayor Elías Ahúja","theme":"yurt","lab":1},"geometry":{"type":"Point","coordinates":[-3.71503,40.45119]}},{"type":"Feature","properties":{"id":"ke-yurt-6","kind":"poi","name":"Way Hostel","theme":"yurt","lab":1},"geometry":{"type":"Point","coordinates":[-3.70327,40.4126]}},{"type":"Feature","properties":{"id":"ke-yurt-7","kind":"poi","name":"Scout Madrid Hostel","theme":"yurt","lab":1},"geometry":{"type":"Point","coordinates":[-3.65459,40.40889]}},{"type":"Feature","properties":{"id":"ke-yurt-8","kind":"poi","name":"Generator Madrid","theme":"yurt","lab":1},"geometry":{"type":"Point","coordinates":[-3.70818,40.42075]}},{"type":"Feature","properties":{"id":"ke-yurt-9","kind":"poi","name":"Colegio Mayor Ximénez de Cisneros","theme":"yurt","lab":1},"geometry":{"type":"Point","coordinates":[-3.7288,40.43647]}},{"type":"Feature","properties":{"id":"ke-yurt-10","kind":"poi","name":"Colegio Mayor Antonio de Nebrija","theme":"yurt","lab":1},"geometry":{"type":"Point","coordinates":[-3.72866,40.43615]}},{"type":"Feature","properties":{"id":"ke-yurt-11","kind":"poi","name":"Colegio Mayor Casa do Brasil","theme":"yurt","lab":1},"geometry":{"type":"Point","coordinates":[-3.72558,40.43841]}},{"type":"Feature","properties":{"id":"ke-yurt-12","kind":"poi","name":"Colegio Mayor Argentino Nuestra Señora de Luján","theme":"yurt","lab":1},"geometry":{"type":"Point","coordinates":[-3.73202,40.43588]}},{"type":"Feature","properties":{"id":"ke-yurt-13","kind":"poi","name":"Colegio Mayor Universitario Jorge Juan","theme":"yurt","lab":1},"geometry":{"type":"Point","coordinates":[-3.73182,40.43518]}},{"type":"Feature","properties":{"id":"ke-yurt-14","kind":"poi","name":"Colegio Mayor Universitario Barberán y Collar","theme":"yurt","lab":1},"geometry":{"type":"Point","coordinates":[-3.73321,40.43482]}},{"type":"Feature","properties":{"id":"ke-yurt-15","kind":"poi","name":"Colegio Mayor Pío XII","theme":"yurt","lab":1},"geometry":{"type":"Point","coordinates":[-3.71999,40.44539]}},{"type":"Feature","properties":{"id":"ke-yurt-16","kind":"poi","name":"Colegio Mayor Moncloa","theme":"yurt","lab":1},"geometry":{"type":"Point","coordinates":[-3.71566,40.44573]}},{"type":"Feature","properties":{"id":"ke-yurt-17","kind":"poi","name":"Petit Hostel","theme":"yurt","lab":1},"geometry":{"type":"Point","coordinates":[-3.71709,40.40882]}},{"type":"Feature","properties":{"id":"ke-yurt-18","kind":"poi","name":"Bastardo Hostel","theme":"yurt","lab":1},"geometry":{"type":"Point","coordinates":[-3.70028,40.42537]}},{"type":"Feature","properties":{"id":"ke-yurt-19","kind":"poi","name":"Albergue de Peregrinos Tres Cantos","theme":"yurt","lab":1},"geometry":{"type":"Point","coordinates":[-3.71228,40.59934]}},{"type":"Feature","properties":{"id":"ke-yurt-20","kind":"poi","name":"Albergue juvenil Santa Cruz de Marcenado","theme":"yurt","lab":1},"geometry":{"type":"Point","coordinates":[-3.71322,40.42979]}},{"type":"Feature","properties":{"id":"ke-yurt-21","kind":"poi","name":"Residencia Atocha Río","theme":"yurt","lab":1},"geometry":{"type":"Point","coordinates":[-3.70107,40.39877]}},{"type":"Feature","properties":{"id":"ke-yurt-22","kind":"poi","name":"Albergue Municipal Juvenil","theme":"yurt","lab":1},"geometry":{"type":"Point","coordinates":[-3.69954,40.42811]}},{"type":"Feature","properties":{"id":"ke-yurt-23","kind":"poi","name":"Hostal Siesta & Go Nuevos Ministerios","theme":"yurt","lab":1},"geometry":{"type":"Point","coordinates":[-3.69467,40.44862]}},{"type":"Feature","properties":{"id":"ke-yurt-24","kind":"poi","name":"Residencia Universitaria Erasmo I","theme":"yurt","lab":1},"geometry":{"type":"Point","coordinates":[-3.69922,40.54844]}},{"type":"Feature","properties":{"id":"ke-yurt-25","kind":"poi","name":"Residencia Nuestra Señora del Perpetuo Socorro","theme":"yurt","lab":1},"geometry":{"type":"Point","coordinates":[-3.68858,40.40236]}},{"type":"Feature","properties":{"id":"ke-yurt-26","kind":"poi","name":"Far Home Bernabéu","theme":"yurt","lab":1},"geometry":{"type":"Point","coordinates":[-3.70137,40.45451]}},{"type":"Feature","properties":{"id":"ke-yurt-27","kind":"poi","name":"Residencia para personas con enfermedad mental Hortaleza","theme":"yurt","lab":1},"geometry":{"type":"Point","coordinates":[-3.62052,40.45213]}},{"type":"Feature","properties":{"id":"ke-yurt-28","kind":"poi","name":"Residencia Manuel Gómez","theme":"yurt","lab":1},"geometry":{"type":"Point","coordinates":[-3.73828,40.40719]}},{"type":"Feature","properties":{"id":"ke-yurt-29","kind":"poi","name":"Habitaciones \"Aránzazu\"","theme":"yurt","lab":1},"geometry":{"type":"Point","coordinates":[-3.69014,40.48596]}},{"type":"Feature","properties":{"id":"ke-yurt-30","kind":"poi","name":"Pensión \"Mónica\"","theme":"yurt","lab":1},"geometry":{"type":"Point","coordinates":[-3.68967,40.48558]}},{"type":"Feature","properties":{"id":"ke-yurt-31","kind":"poi","name":"Hostal Argentina","theme":"yurt","lab":1},"geometry":{"type":"Point","coordinates":[-3.69217,40.40624]}},{"type":"Feature","properties":{"id":"ke-yurt-32","kind":"poi","name":"Hostal Cartagena","theme":"yurt","lab":1},"geometry":{"type":"Point","coordinates":[-3.69482,40.40559]}},{"type":"Feature","properties":{"id":"ke-yurt-33","kind":"poi","name":"Hostal Goyma","theme":"yurt","lab":1},"geometry":{"type":"Point","coordinates":[-3.53399,40.42409]}},{"type":"Feature","properties":{"id":"ke-yurt-34","kind":"poi","name":"Hostal San Blas","theme":"yurt","lab":1},"geometry":{"type":"Point","coordinates":[-3.69428,40.41018]}},{"type":"Feature","properties":{"id":"ke-yurt-35","kind":"poi","name":"La Posada de Huertas","theme":"yurt","lab":1},"geometry":{"type":"Point","coordinates":[-3.69932,40.41376]}},{"type":"Feature","properties":{"id":"ke-yurt-36","kind":"poi","name":"Hostal Quinta Santillán","theme":"yurt","lab":1},"geometry":{"type":"Point","coordinates":[-3.53674,40.42835]}},{"type":"Feature","properties":{"id":"ke-yurt-37","kind":"poi","name":"Hostal Henares","theme":"yurt","lab":1},"geometry":{"type":"Point","coordinates":[-3.53697,40.42882]}},{"type":"Feature","properties":{"id":"ke-yurt-38","kind":"poi","name":"Barbieri International Hostel","theme":"yurt","lab":1},"geometry":{"type":"Point","coordinates":[-3.69808,40.42158]}},{"type":"Feature","properties":{"id":"ke-yurt-39","kind":"poi","name":"Latina Hostel","theme":"yurt","lab":1},"geometry":{"type":"Point","coordinates":[-3.70577,40.40903]}},{"type":"Feature","properties":{"id":"ke-yurt-40","kind":"poi","name":"David, Madrid","theme":"yurt","lab":1},"geometry":{"type":"Point","coordinates":[-3.72154,40.39464]}},{"type":"Feature","properties":{"id":"ke-yurt-41","kind":"poi","name":"Estudiomad6","theme":"yurt","lab":1},"geometry":{"type":"Point","coordinates":[-3.69514,40.42765]}},{"type":"Feature","properties":{"id":"ke-yurt-42","kind":"poi","name":"Debod Hostel","theme":"yurt","lab":1},"geometry":{"type":"Point","coordinates":[-3.71956,40.42797]}},{"type":"Feature","properties":{"id":"ke-yurt-43","kind":"poi","name":"Mi Casa Inn","theme":"yurt","lab":1},"geometry":{"type":"Point","coordinates":[-3.71094,40.4083]}},{"type":"Feature","properties":{"id":"ke-yurt-44","kind":"poi","name":"Residencia para Menores Las Acacias","theme":"yurt","lab":1},"geometry":{"type":"Point","coordinates":[-3.73453,40.38294]}},{"type":"Feature","properties":{"id":"ke-yurt-45","kind":"poi","name":"Los cazadores","theme":"yurt","lab":1},"geometry":{"type":"Point","coordinates":[-3.62553,40.37889]}},{"type":"Feature","properties":{"id":"ke-yurt-46","kind":"poi","name":"Colegio Mayor Universitario \"Jaime del Amo\"","theme":"yurt","lab":1},"geometry":{"type":"Point","coordinates":[-3.92091,40.27296]}},{"type":"Feature","properties":{"id":"ke-yurt-47","kind":"poi","name":"Pensión Pradillo","theme":"yurt","lab":1},"geometry":{"type":"Point","coordinates":[-3.86442,40.32276]}},{"type":"Feature","properties":{"id":"ke-yurt-48","kind":"poi","name":"Velvet Hostels Madrid","theme":"yurt","lab":1},"geometry":{"type":"Point","coordinates":[-3.64622,40.38695]}},{"type":"Feature","properties":{"id":"ke-yurt-49","kind":"poi","name":"Río Hostel Madrid","theme":"yurt","lab":1},"geometry":{"type":"Point","coordinates":[-3.70257,40.39227]}},{"type":"Feature","properties":{"id":"ke-yurt-50","kind":"poi","name":"Pensión Casa Rosa Madrid","theme":"yurt","lab":1},"geometry":{"type":"Point","coordinates":[-3.70681,40.45895]}},{"type":"Feature","properties":{"id":"ke-yurt-51","kind":"poi","name":"Hostal Nápoles Madrid","theme":"yurt","lab":1},"geometry":{"type":"Point","coordinates":[-3.64841,40.45959]}},{"type":"Feature","properties":{"id":"ke-yurt-52","kind":"poi","name":"Hostel Acacias","theme":"yurt","lab":1},"geometry":{"type":"Point","coordinates":[-3.70416,40.40298]}},{"type":"Feature","properties":{"id":"ke-yurt-53","kind":"poi","name":"La Troupe Prado","theme":"yurt","lab":1},"geometry":{"type":"Point","coordinates":[-3.6929,40.40694]}},{"type":"Feature","properties":{"id":"ke-yurt-54","kind":"poi","name":"Prado 46","theme":"yurt","lab":1},"geometry":{"type":"Point","coordinates":[-3.69273,40.41005]}},{"type":"Feature","properties":{"id":"ke-yurt-55","kind":"poi","name":"Livensa Living Studios","theme":"yurt","lab":1},"geometry":{"type":"Point","coordinates":[-3.66173,40.52674]}},{"type":"Feature","properties":{"id":"ke-yurt-56","kind":"poi","name":"Velvet Hostels Pacifico","theme":"yurt","lab":1},"geometry":{"type":"Point","coordinates":[-3.6764,40.4033]}},{"type":"Feature","properties":{"id":"ke-yurt-57","kind":"poi","name":"The Pacific Hostel","theme":"yurt","lab":1},"geometry":{"type":"Point","coordinates":[-3.67582,40.40247]}},{"type":"Feature","properties":{"id":"ke-yurt-58","kind":"poi","name":"MyD","theme":"yurt","lab":1},"geometry":{"type":"Point","coordinates":[-3.70701,40.40677]}},{"type":"Feature","properties":{"id":"ke-yurt-59","kind":"poi","name":"Pensión Bulevar","theme":"yurt","lab":1},"geometry":{"type":"Point","coordinates":[-3.62146,40.37751]}},{"type":"Feature","properties":{"id":"ke-yurt-60","kind":"poi","name":"Petit Hostel Palacio Real","theme":"yurt","lab":1},"geometry":{"type":"Point","coordinates":[-3.71663,40.42129]}},{"type":"Feature","properties":{"id":"ke-yurt-61","kind":"poi","name":"Hostelfly","theme":"yurt","lab":1},"geometry":{"type":"Point","coordinates":[-3.57548,40.47495]}},{"type":"Feature","properties":{"id":"ke-yurt-62","kind":"poi","name":"Hostal Golden 21","theme":"yurt","lab":1},"geometry":{"type":"Point","coordinates":[-3.71302,40.47605]}},{"type":"Feature","properties":{"id":"ke-yurt-63","kind":"poi","name":"Bravo Students Moncloa","theme":"yurt","lab":1},"geometry":{"type":"Point","coordinates":[-3.77053,40.46125]}},{"type":"Feature","properties":{"id":"ke-yurt-64","kind":"poi","name":"Colegio Mayor Mendel","theme":"yurt","lab":1},"geometry":{"type":"Point","coordinates":[-3.71598,40.45092]}},{"type":"Feature","properties":{"id":"ke-yurt-65","kind":"poi","name":"Hostal Zoraya","theme":"yurt","lab":1},"geometry":{"type":"Point","coordinates":[-3.56751,40.44931]}},{"type":"Feature","properties":{"id":"ke-yurt-66","kind":"poi","name":"Colegio Mayor Aquinas","theme":"yurt","lab":1},"geometry":{"type":"Point","coordinates":[-3.72147,40.4527]}},{"type":"Feature","properties":{"id":"ke-yurt-67","kind":"poi","name":"Residencia Universitaria Nebrija-Arturo Soria","theme":"yurt","lab":1},"geometry":{"type":"Point","coordinates":[-3.65423,40.45772]}},{"type":"Feature","properties":{"id":"ke-yurt-68","kind":"poi","name":"Colegio Mayor César Carlos","theme":"yurt","lab":1},"geometry":{"type":"Point","coordinates":[-3.7203,40.44781]}},{"type":"Feature","properties":{"id":"ke-yurt-69","kind":"poi","name":"Colegio Mayor San Juan Evangelista","theme":"yurt","lab":1},"geometry":{"type":"Point","coordinates":[-3.72002,40.44692]}},{"type":"Feature","properties":{"id":"ke-yurt-70","kind":"poi","name":"Colegio Mayor Universitario Isabel de España","theme":"yurt","lab":1},"geometry":{"type":"Point","coordinates":[-3.72092,40.44846]}},{"type":"Feature","properties":{"id":"ke-yurt-71","kind":"poi","name":"Albergue juvenil San Fermín","theme":"yurt","lab":1},"geometry":{"type":"Point","coordinates":[-3.68854,40.37009]}},{"type":"Feature","properties":{"id":"ke-yurt-72","kind":"poi","name":"Residencia Militar Alcázar","theme":"yurt","lab":1},"geometry":{"type":"Point","coordinates":[-3.6858,40.43478]}},{"type":"Feature","properties":{"id":"ke-yurt-73","kind":"poi","name":"Residencia de Estudiantes My New House","theme":"yurt","lab":1},"geometry":{"type":"Point","coordinates":[-3.89691,40.35054]}},{"type":"Feature","properties":{"id":"ke-yurt-74","kind":"poi","name":"Hostal Vegas","theme":"yurt","lab":1},"geometry":{"type":"Point","coordinates":[-3.70418,40.44887]}},{"type":"Feature","properties":{"id":"ke-yurt-75","kind":"poi","name":"Residencia María Inmaculada","theme":"yurt","lab":1},"geometry":{"type":"Point","coordinates":[-3.69851,40.44251]}},{"type":"Feature","properties":{"id":"ke-yurt-76","kind":"poi","name":"Hostal Frontón","theme":"yurt","lab":1},"geometry":{"type":"Point","coordinates":[-3.6328,40.53763]}},{"type":"Feature","properties":{"id":"ke-yurt-77","kind":"poi","name":"Hostal Falfes","theme":"yurt","lab":1},"geometry":{"type":"Point","coordinates":[-3.70161,40.45356]}},{"type":"Feature","properties":{"id":"ke-yurt-78","kind":"poi","name":"Hostal M Ronda","theme":"yurt","lab":1},"geometry":{"type":"Point","coordinates":[-3.74115,40.38459]}},{"type":"Feature","properties":{"id":"ke-yurt-79","kind":"poi","name":"Residencia Masculina","theme":"yurt","lab":1},"geometry":{"type":"Point","coordinates":[-3.94136,40.47044]}},{"type":"Feature","properties":{"id":"ke-yurt-80","kind":"poi","name":"Residencia Femenina","theme":"yurt","lab":1},"geometry":{"type":"Point","coordinates":[-3.941,40.47109]}},{"type":"Feature","properties":{"id":"ke-yurt-81","kind":"poi","name":"Oblatas Del Santísimo Redentor Provincia Europa","theme":"yurt","lab":1},"geometry":{"type":"Point","coordinates":[-3.74938,40.37921]}},{"type":"Feature","properties":{"id":"ke-yurt-82","kind":"poi","name":"Residencia Universitaria El Faro","theme":"yurt","lab":1},"geometry":{"type":"Point","coordinates":[-3.7182,40.43847]}},{"type":"Feature","properties":{"id":"ke-yurt-83","kind":"poi","name":"Residencia Grupo 5 Puerta de Hierro","theme":"yurt","lab":1},"geometry":{"type":"Point","coordinates":[-3.74348,40.47538]}},{"type":"Feature","properties":{"id":"ke-yurt-84","kind":"poi","name":"Residencia Logística de la Armada Navío","theme":"yurt","lab":1},"geometry":{"type":"Point","coordinates":[-3.65894,40.47371]}},{"type":"Feature","properties":{"id":"ke-yurt-85","kind":"poi","name":"Residencia Logística de la Armada Goleta","theme":"yurt","lab":1},"geometry":{"type":"Point","coordinates":[-3.65781,40.47339]}},{"type":"Feature","properties":{"id":"ke-yurt-86","kind":"poi","name":"Residencial Embajadores","theme":"yurt","lab":1},"geometry":{"type":"Point","coordinates":[-3.69192,40.38858]}},{"type":"Feature","properties":{"id":"ke-yurt-87","kind":"poi","name":"Unidad Residencial","theme":"yurt","lab":1},"geometry":{"type":"Point","coordinates":[-3.77463,40.33125]}},{"type":"Feature","properties":{"id":"ke-yurt-88","kind":"poi","name":"Hogar Monse Sol","theme":"yurt","lab":1},"geometry":{"type":"Point","coordinates":[-3.86226,40.45262]}},{"type":"Feature","properties":{"id":"ke-yurt-89","kind":"poi","name":"Residencia Estudiantes StepHouse Madrid Pozuelo","theme":"yurt","lab":1},"geometry":{"type":"Point","coordinates":[-3.78355,40.44253]}},{"type":"Feature","properties":{"id":"ke-kamu-0","kind":"poi","name":"Embajada de Emiratos Árabes Unidos","theme":"kamu","lab":1},"geometry":{"type":"Point","coordinates":[-3.65099,40.44742]}},{"type":"Feature","properties":{"id":"ke-kamu-1","kind":"poi","name":"Junta Municipal de Distrito de Barajas.","theme":"kamu","lab":1},"geometry":{"type":"Point","coordinates":[-3.57789,40.47486]}},{"type":"Feature","properties":{"id":"ke-kamu-2","kind":"poi","name":"Junta Municipal del Distrito de Arganzuela","theme":"kamu","lab":1},"geometry":{"type":"Point","coordinates":[-3.69931,40.39282]}},{"type":"Feature","properties":{"id":"ke-kamu-3","kind":"poi","name":"EAE Business School","theme":"kamu","lab":1},"geometry":{"type":"Point","coordinates":[-3.67749,40.44843]}},{"type":"Feature","properties":{"id":"ke-kamu-4","kind":"poi","name":"Dirección General de Seguridad Jurídica y Fe Pública","theme":"kamu","lab":1},"geometry":{"type":"Point","coordinates":[-3.70434,40.41463]}},{"type":"Feature","properties":{"id":"ke-kamu-5","kind":"poi","name":"Agencia Estatal de Seguridad Ferroviaria","theme":"kamu","lab":1},"geometry":{"type":"Point","coordinates":[-3.68603,40.45125]}},{"type":"Feature","properties":{"id":"ke-kamu-7","kind":"poi","name":"Embajada de Vietnam","theme":"kamu","lab":1},"geometry":{"type":"Point","coordinates":[-3.66717,40.4529]}},{"type":"Feature","properties":{"id":"ke-kamu-8","kind":"poi","name":"Embajada de Bélgica","theme":"kamu","lab":1},"geometry":{"type":"Point","coordinates":[-3.689,40.42863]}},{"type":"Feature","properties":{"id":"ke-kamu-9","kind":"poi","name":"Dirección General del Tesoro y Política Financiera","theme":"kamu","lab":1},"geometry":{"type":"Point","coordinates":[-3.69474,40.41693]}},{"type":"Feature","properties":{"id":"ke-kamu-10","kind":"poi","name":"Embajada de Perú","theme":"kamu","lab":1},"geometry":{"type":"Point","coordinates":[-3.69293,40.43618]}},{"type":"Feature","properties":{"id":"ke-kamu-11","kind":"poi","name":"Embajada de la República Popular China","theme":"kamu","lab":1},"geometry":{"type":"Point","coordinates":[-3.65293,40.45127]}},{"type":"Feature","properties":{"id":"ke-kamu-12","kind":"poi","name":"Embajada de la República de Sudán","theme":"kamu","lab":1},"geometry":{"type":"Point","coordinates":[-3.73332,40.47176]}},{"type":"Feature","properties":{"id":"ke-kamu-13","kind":"poi","name":"Embajada de Irlanda","theme":"kamu","lab":1},"geometry":{"type":"Point","coordinates":[-3.68789,40.43425]}},{"type":"Feature","properties":{"id":"ke-kamu-14","kind":"poi","name":"Embajada de los Países Bajos","theme":"kamu","lab":1},"geometry":{"type":"Point","coordinates":[-3.68669,40.47918]}},{"type":"Feature","properties":{"id":"ke-kamu-15","kind":"poi","name":"Embajada de la República de Turquía","theme":"kamu","lab":1},"geometry":{"type":"Point","coordinates":[-3.69436,40.43372]}},{"type":"Feature","properties":{"id":"ke-kamu-16","kind":"poi","name":"Embajada de Kuwait","theme":"kamu","lab":1},"geometry":{"type":"Point","coordinates":[-3.73306,40.47124]}},{"type":"Feature","properties":{"id":"ke-kamu-17","kind":"poi","name":"Embajada de la República Democrática del Congo","theme":"kamu","lab":1},"geometry":{"type":"Point","coordinates":[-3.6879,40.46268]}},{"type":"Feature","properties":{"id":"ke-kamu-18","kind":"poi","name":"Embajada de Suiza","theme":"kamu","lab":1},"geometry":{"type":"Point","coordinates":[-3.68292,40.42549]}},{"type":"Feature","properties":{"id":"ke-kamu-19","kind":"poi","name":"Embajada de Cabo Verde","theme":"kamu","lab":1},"geometry":{"type":"Point","coordinates":[-3.67944,40.43672]}},{"type":"Feature","properties":{"id":"ke-kamu-20","kind":"poi","name":"Embajada de la República de Colombia","theme":"kamu","lab":1},"geometry":{"type":"Point","coordinates":[-3.68999,40.43504]}},{"type":"Feature","properties":{"id":"ke-kamu-21","kind":"poi","name":"Ministerio de Sanidad, Servicios Sociales e Igualdad","theme":"kamu","lab":1},"geometry":{"type":"Point","coordinates":[-3.69036,40.4195]}},{"type":"Feature","properties":{"id":"ke-kamu-22","kind":"poi","name":"Embajada de Rumanía","theme":"kamu","lab":1},"geometry":{"type":"Point","coordinates":[-3.67843,40.46009]}},{"type":"Feature","properties":{"id":"ke-kamu-23","kind":"poi","name":"Embajada de Hungría","theme":"kamu","lab":1},"geometry":{"type":"Point","coordinates":[-3.69091,40.42894]}},{"type":"Feature","properties":{"id":"ke-kamu-24","kind":"poi","name":"Embajada de Bosnia y Herzegovina","theme":"kamu","lab":1},"geometry":{"type":"Point","coordinates":[-3.68558,40.42224]}},{"type":"Feature","properties":{"id":"ke-kamu-25","kind":"poi","name":"Ministerio de Inclusión, Seguridad Social y Migraciones; Ministerio de Trabajo y Economía Social","theme":"kamu","lab":1},"geometry":{"type":"Point","coordinates":[-3.69447,40.44282]}},{"type":"Feature","properties":{"id":"ke-kamu-26","kind":"poi","name":"Embajada del Reino Unido","theme":"kamu","lab":1},"geometry":{"type":"Point","coordinates":[-3.68697,40.479]}},{"type":"Feature","properties":{"id":"ke-kamu-27","kind":"poi","name":"Embajada de Tailandia","theme":"kamu","lab":1},"geometry":{"type":"Point","coordinates":[-3.68582,40.44624]}},{"type":"Feature","properties":{"id":"ke-kamu-28","kind":"poi","name":"Ayuntamiento de Leganés","theme":"kamu","lab":1},"geometry":{"type":"Point","coordinates":[-3.76842,40.32596]}},{"type":"Feature","properties":{"id":"ke-kamu-29","kind":"poi","name":"Embajada de Siria","theme":"kamu","lab":1},"geometry":{"type":"Point","coordinates":[-3.69371,40.41253]}},{"type":"Feature","properties":{"id":"ke-kamu-30","kind":"poi","name":"Embajada de Mónaco","theme":"kamu","lab":1},"geometry":{"type":"Point","coordinates":[-3.68883,40.42253]}},{"type":"Feature","properties":{"id":"ke-kamu-31","kind":"poi","name":"Embajada de Macedonia del Norte","theme":"kamu","lab":1},"geometry":{"type":"Point","coordinates":[-3.67115,40.42857]}},{"type":"Feature","properties":{"id":"ke-kamu-32","kind":"poi","name":"Embajada de Gabón","theme":"kamu","lab":1},"geometry":{"type":"Point","coordinates":[-3.69378,40.46172]}},{"type":"Feature","properties":{"id":"ke-kamu-33","kind":"poi","name":"Embajada de Luxemburgo","theme":"kamu","lab":1},"geometry":{"type":"Point","coordinates":[-3.68569,40.43019]}},{"type":"Feature","properties":{"id":"ke-kamu-34","kind":"poi","name":"Embajada de la República de Angola","theme":"kamu","lab":1},"geometry":{"type":"Point","coordinates":[-3.68469,40.42991]}},{"type":"Feature","properties":{"id":"ke-kamu-35","kind":"poi","name":"Embajada de Sudáfrica","theme":"kamu","lab":1},"geometry":{"type":"Point","coordinates":[-3.68592,40.43065]}},{"type":"Feature","properties":{"id":"ke-kamu-36","kind":"poi","name":"Embajada de Nueva Zelanda","theme":"kamu","lab":1},"geometry":{"type":"Point","coordinates":[-3.68137,40.43507]}},{"type":"Feature","properties":{"id":"ke-kamu-37","kind":"poi","name":"Embajada de Brasil","theme":"kamu","lab":1},"geometry":{"type":"Point","coordinates":[-3.69447,40.42811]}},{"type":"Feature","properties":{"id":"ke-kamu-38","kind":"poi","name":"Embajada de Armenia","theme":"kamu","lab":1},"geometry":{"type":"Point","coordinates":[-3.71394,40.41493]}},{"type":"Feature","properties":{"id":"ke-kamu-39","kind":"poi","name":"Embajada de Canadá","theme":"kamu","lab":1},"geometry":{"type":"Point","coordinates":[-3.68693,40.47912]}},{"type":"Feature","properties":{"id":"ke-kamu-40","kind":"poi","name":"Embajada de Bielorrusia","theme":"kamu","lab":1},"geometry":{"type":"Point","coordinates":[-3.66809,40.4834]}},{"type":"Feature","properties":{"id":"ke-kamu-41","kind":"poi","name":"Embajada de Bangladesh","theme":"kamu","lab":1},"geometry":{"type":"Point","coordinates":[-3.65586,40.45735]}},{"type":"Feature","properties":{"id":"ke-kamu-42","kind":"poi","name":"Embajada de Costa Rica","theme":"kamu","lab":1},"geometry":{"type":"Point","coordinates":[-3.69552,40.44153]}},{"type":"Feature","properties":{"id":"ke-kamu-43","kind":"poi","name":"Embajada de Dinamarca","theme":"kamu","lab":1},"geometry":{"type":"Point","coordinates":[-3.68781,40.42411]}},{"type":"Feature","properties":{"id":"ke-kamu-44","kind":"poi","name":"Embajada del Ecuador","theme":"kamu","lab":1},"geometry":{"type":"Point","coordinates":[-3.68301,40.43584]}},{"type":"Feature","properties":{"id":"ke-kamu-45","kind":"poi","name":"Embajada de Georgia","theme":"kamu","lab":1},"geometry":{"type":"Point","coordinates":[-3.69564,40.41588]}},{"type":"Feature","properties":{"id":"ke-kamu-46","kind":"poi","name":"Embajada de Ghana","theme":"kamu","lab":1},"geometry":{"type":"Point","coordinates":[-3.65053,40.44708]}},{"type":"Feature","properties":{"id":"ke-kamu-47","kind":"poi","name":"Embajada de Moldavia","theme":"kamu","lab":1},"geometry":{"type":"Point","coordinates":[-3.68907,40.46098]}},{"type":"Feature","properties":{"id":"ke-kamu-48","kind":"poi","name":"Embajada de Guinea-Bisáu","theme":"kamu","lab":1},"geometry":{"type":"Point","coordinates":[-3.67498,40.43848]}},{"type":"Feature","properties":{"id":"ke-kamu-49","kind":"poi","name":"Embajada de Irán","theme":"kamu","lab":1},"geometry":{"type":"Point","coordinates":[-3.67723,40.46442]}},{"type":"Feature","properties":{"id":"ke-kamu-50","kind":"poi","name":"Embajada de Indonesia","theme":"kamu","lab":1},"geometry":{"type":"Point","coordinates":[-3.65385,40.44842]}},{"type":"Feature","properties":{"id":"ke-kamu-51","kind":"poi","name":"Embajada de Israel","theme":"kamu","lab":1},"geometry":{"type":"Point","coordinates":[-3.68223,40.44313]}},{"type":"Feature","properties":{"id":"ke-kamu-52","kind":"poi","name":"Embajada de Letonia","theme":"kamu","lab":1},"geometry":{"type":"Point","coordinates":[-3.69023,40.41447]}},{"type":"Feature","properties":{"id":"ke-kamu-53","kind":"poi","name":"Embajada de Mali","theme":"kamu","lab":1},"geometry":{"type":"Point","coordinates":[-3.68389,40.44722]}},{"type":"Feature","properties":{"id":"ke-kamu-54","kind":"poi","name":"Embajada de Montenegro","theme":"kamu","lab":1},"geometry":{"type":"Point","coordinates":[-3.68524,40.42095]}},{"type":"Feature","properties":{"id":"ke-kamu-55","kind":"poi","name":"Embajada de Paraguay","theme":"kamu","lab":1},"geometry":{"type":"Point","coordinates":[-3.6894,40.45494]}},{"type":"Feature","properties":{"id":"ke-kamu-56","kind":"poi","name":"Embajada de San Marino","theme":"kamu","lab":1},"geometry":{"type":"Point","coordinates":[-3.67767,40.4415]}},{"type":"Feature","properties":{"id":"ke-kamu-57","kind":"poi","name":"Embajada de Venezuela","theme":"kamu","lab":1},"geometry":{"type":"Point","coordinates":[-3.69334,40.45308]}},{"type":"Feature","properties":{"id":"ke-kamu-58","kind":"poi","name":"Senado de España","theme":"kamu","lab":1},"geometry":{"type":"Point","coordinates":[-3.71179,40.42116]}},{"type":"Feature","properties":{"id":"ke-kamu-59","kind":"poi","name":"Real Academia de Doctores de España","theme":"kamu","lab":1},"geometry":{"type":"Point","coordinates":[-3.70783,40.42514]}},{"type":"Feature","properties":{"id":"ke-kamu-60","kind":"poi","name":"Instituto de España","theme":"kamu","lab":1},"geometry":{"type":"Point","coordinates":[-3.70755,40.42509]}},{"type":"Feature","properties":{"id":"ke-kamu-61","kind":"poi","name":"Consejo Escolar del Estado","theme":"kamu","lab":1},"geometry":{"type":"Point","coordinates":[-3.70755,40.42499]}},{"type":"Feature","properties":{"id":"ke-kamu-62","kind":"poi","name":"Oficina de Atención al Usuario del Estacionamiento Regulado (ORA)","theme":"kamu","lab":1},"geometry":{"type":"Point","coordinates":[-3.87216,40.47167]}},{"type":"Feature","properties":{"id":"ke-kamu-63","kind":"poi","name":"Real Academia de Ciencias Morales y Políticas","theme":"kamu","lab":1},"geometry":{"type":"Point","coordinates":[-3.71014,40.41515]}},{"type":"Feature","properties":{"id":"ke-kamu-64","kind":"poi","name":"Confederación Hidrográfica del Tajo","theme":"kamu","lab":1},"geometry":{"type":"Point","coordinates":[-3.72962,40.41417]}},{"type":"Feature","properties":{"id":"ke-kamu-65","kind":"poi","name":"Ministerio de Derechos Sociales y Agenda 2030","theme":"kamu","lab":1},"geometry":{"type":"Point","coordinates":[-3.69414,40.41308]}},{"type":"Feature","properties":{"id":"ke-kamu-66","kind":"poi","name":"Ayuntamiento de San Fernando de Henares","theme":"kamu","lab":1},"geometry":{"type":"Point","coordinates":[-3.53496,40.42485]}},{"type":"Feature","properties":{"id":"ke-kamu-67","kind":"poi","name":"Autoridad Independiente de Responsabilidad Fiscal","theme":"kamu","lab":1},"geometry":{"type":"Point","coordinates":[-3.70367,40.43846]}},{"type":"Feature","properties":{"id":"ke-kamu-68","kind":"poi","name":"Canal de Isabel II","theme":"kamu","lab":1},"geometry":{"type":"Point","coordinates":[-3.70312,40.43915]}},{"type":"Feature","properties":{"id":"ke-kamu-69","kind":"poi","name":"Centro Nacional de Inteligencia","theme":"kamu","lab":1},"geometry":{"type":"Point","coordinates":[-3.76355,40.46324]}},{"type":"Feature","properties":{"id":"ke-kamu-70","kind":"poi","name":"Embajada de la India","theme":"kamu","lab":1},"geometry":{"type":"Point","coordinates":[-3.67439,40.46665]}},{"type":"Feature","properties":{"id":"ke-kamu-71","kind":"poi","name":"Embajada de la República de Cuba","theme":"kamu","lab":1},"geometry":{"type":"Point","coordinates":[-3.68006,40.46192]}},{"type":"Feature","properties":{"id":"ke-kamu-72","kind":"poi","name":"Junta Municipal de Distrito de Moncloa-Aravaca.","theme":"kamu","lab":1},"geometry":{"type":"Point","coordinates":[-3.71872,40.43512]}},{"type":"Feature","properties":{"id":"ke-kamu-73","kind":"poi","name":"Embajada de la República de Kazajstán en el Reino de España","theme":"kamu","lab":1},"geometry":{"type":"Point","coordinates":[-3.63684,40.4573]}},{"type":"Feature","properties":{"id":"ke-kamu-74","kind":"poi","name":"Consejo Superior de Deportes","theme":"kamu","lab":1},"geometry":{"type":"Point","coordinates":[-3.73224,40.43673]}},{"type":"Feature","properties":{"id":"ke-kamu-75","kind":"poi","name":"Embajada de la República Checa","theme":"kamu","lab":1},"geometry":{"type":"Point","coordinates":[-3.6747,40.46614]}},{"type":"Feature","properties":{"id":"ke-kamu-76","kind":"poi","name":"Tribunal Constitucional","theme":"kamu","lab":1},"geometry":{"type":"Point","coordinates":[-3.71764,40.44153]}},{"type":"Feature","properties":{"id":"ke-kamu-77","kind":"poi","name":"Dirección General del Catastro","theme":"kamu","lab":1},"geometry":{"type":"Point","coordinates":[-3.68663,40.47376]}},{"type":"Feature","properties":{"id":"ke-kamu-78","kind":"poi","name":"Ayuntamiento de Móstoles","theme":"kamu","lab":1},"geometry":{"type":"Point","coordinates":[-3.86546,40.32271]}},{"type":"Feature","properties":{"id":"ke-kamu-79","kind":"poi","name":"Juzgados de Móstoles","theme":"kamu","lab":1},"geometry":{"type":"Point","coordinates":[-3.86265,40.32443]}},{"type":"Feature","properties":{"id":"ke-kamu-80","kind":"poi","name":"Junta Municipal de Distrito de Usera","theme":"kamu","lab":1},"geometry":{"type":"Point","coordinates":[-3.71062,40.38245]}},{"type":"Feature","properties":{"id":"ke-kamu-81","kind":"poi","name":"Portavocía del Gobierno","theme":"kamu","lab":1},"geometry":{"type":"Point","coordinates":[-3.73632,40.44552]}},{"type":"Feature","properties":{"id":"ke-kamu-82","kind":"poi","name":"Asamblea de Madrid","theme":"kamu","lab":1},"geometry":{"type":"Point","coordinates":[-3.66242,40.38195]}},{"type":"Feature","properties":{"id":"ke-kamu-83","kind":"poi","name":"Consejería de Familia, Juventud y Política Social","theme":"kamu","lab":1},"geometry":{"type":"Point","coordinates":[-3.67112,40.42104]}},{"type":"Feature","properties":{"id":"ke-kamu-84","kind":"poi","name":"Consejo de Seguridad Nuclear","theme":"kamu","lab":1},"geometry":{"type":"Point","coordinates":[-3.71367,40.44802]}},{"type":"Feature","properties":{"id":"ke-kamu-85","kind":"poi","name":"Centro de Investigaciones Sociológicas","theme":"kamu","lab":1},"geometry":{"type":"Point","coordinates":[-3.69025,40.41775]}},{"type":"Feature","properties":{"id":"ke-kamu-86","kind":"poi","name":"Junta Municipal del Distrito de Vicálvaro","theme":"kamu","lab":1},"geometry":{"type":"Point","coordinates":[-3.60602,40.40232]}},{"type":"Feature","properties":{"id":"ke-kamu-87","kind":"poi","name":"Embajada de Guinea Ecuatorial","theme":"kamu","lab":1},"geometry":{"type":"Point","coordinates":[-3.67528,40.46479]}},{"type":"Feature","properties":{"id":"ke-kamu-88","kind":"poi","name":"Embajada de la República de Guinea","theme":"kamu","lab":1},"geometry":{"type":"Point","coordinates":[-3.68822,40.44871]}},{"type":"Feature","properties":{"id":"ke-kamu-89","kind":"poi","name":"Nunciatura Apostólica","theme":"kamu","lab":1},"geometry":{"type":"Point","coordinates":[-3.67308,40.46831]}},{"type":"Feature","properties":{"id":"ke-kamu-90","kind":"poi","name":"Gerencia de Informatica de la Seguridad Social","theme":"kamu","lab":1},"geometry":{"type":"Point","coordinates":[-3.70166,40.37453]}},{"type":"Feature","properties":{"id":"ke-kamu-91","kind":"poi","name":"Embajada de Irak","theme":"kamu","lab":1},"geometry":{"type":"Point","coordinates":[-3.65431,40.45982]}},{"type":"Feature","properties":{"id":"ke-kamu-92","kind":"poi","name":"Embajada de Kenia","theme":"kamu","lab":1},"geometry":{"type":"Point","coordinates":[-3.68374,40.45064]}},{"type":"Feature","properties":{"id":"ke-kamu-93","kind":"poi","name":"Comisionado para el Mercado de Tabacos","theme":"kamu","lab":1},"geometry":{"type":"Point","coordinates":[-3.68113,40.45772]}},{"type":"Feature","properties":{"id":"ke-kamu-94","kind":"poi","name":"Embajada de Polonia","theme":"kamu","lab":1},"geometry":{"type":"Point","coordinates":[-3.73145,40.47125]}},{"type":"Feature","properties":{"id":"ke-kamu-95","kind":"poi","name":"Embajada de la República de Bulgaria","theme":"kamu","lab":1},"geometry":{"type":"Point","coordinates":[-3.67072,40.46226]}},{"type":"Feature","properties":{"id":"ke-kamu-96","kind":"poi","name":"Embajada de Arabia Saudí","theme":"kamu","lab":1},"geometry":{"type":"Point","coordinates":[-3.66705,40.46752]}},{"type":"Feature","properties":{"id":"ke-kamu-97","kind":"poi","name":"Embajada de Malasia","theme":"kamu","lab":1},"geometry":{"type":"Point","coordinates":[-3.63212,40.45642]}},{"type":"Feature","properties":{"id":"ke-kamu-98","kind":"poi","name":"Embajada de la República de Azerbaiyán en el Reino de España y el Principado de Andorra","theme":"kamu","lab":1},"geometry":{"type":"Point","coordinates":[-3.63626,40.45436]}},{"type":"Feature","properties":{"id":"ke-kamu-99","kind":"poi","name":"Embajada de la Republica de Corea","theme":"kamu","lab":1},"geometry":{"type":"Point","coordinates":[-3.66702,40.46626]}},{"type":"Feature","properties":{"id":"ke-kamu-100","kind":"poi","name":"Embajada de Gambia","theme":"kamu","lab":1},"geometry":{"type":"Point","coordinates":[-3.64484,40.44188]}},{"type":"Feature","properties":{"id":"ke-kamu-101","kind":"poi","name":"CNMC","theme":"kamu","lab":1},"geometry":{"type":"Point","coordinates":[-3.69589,40.41978]}},{"type":"Feature","properties":{"id":"ke-kamu-102","kind":"poi","name":"Ministerio de Agricultura, Pesca y Alimentación","theme":"kamu","lab":1},"geometry":{"type":"Point","coordinates":[-3.69019,40.40884]}},{"type":"Feature","properties":{"id":"ke-kamu-103","kind":"poi","name":"Embajada de Omán","theme":"kamu","lab":1},"geometry":{"type":"Point","coordinates":[-3.70105,40.48948]}},{"type":"Feature","properties":{"id":"ke-kamu-104","kind":"poi","name":"Embajada de Senegal","theme":"kamu","lab":1},"geometry":{"type":"Point","coordinates":[-3.70463,40.48935]}},{"type":"Feature","properties":{"id":"ke-kamu-105","kind":"poi","name":"Embajada de Corea del Norte","theme":"kamu","lab":1},"geometry":{"type":"Point","coordinates":[-3.77088,40.47181]}},{"type":"Feature","properties":{"id":"ke-kamu-106","kind":"poi","name":"Embajada de Nigeria","theme":"kamu","lab":1},"geometry":{"type":"Point","coordinates":[-3.68483,40.45103]}},{"type":"Feature","properties":{"id":"ke-kamu-107","kind":"poi","name":"Ayuntamiento de Paracuellos de Jarama","theme":"kamu","lab":1},"geometry":{"type":"Point","coordinates":[-3.5319,40.50513]}},{"type":"Feature","properties":{"id":"ke-kamu-108","kind":"poi","name":"Ayuntamiento de Villaviciosa de Odón","theme":"kamu","lab":1},"geometry":{"type":"Point","coordinates":[-3.90185,40.35858]}},{"type":"Feature","properties":{"id":"ke-kamu-109","kind":"poi","name":"Embajada de Túnez","theme":"kamu","lab":1},"geometry":{"type":"Point","coordinates":[-3.66677,40.45403]}},{"type":"Feature","properties":{"id":"ke-kamu-110","kind":"poi","name":"Embajada de Mauritania","theme":"kamu","lab":1},"geometry":{"type":"Point","coordinates":[-3.72835,40.46341]}},{"type":"Feature","properties":{"id":"ke-kamu-111","kind":"poi","name":"Sede de la Asamblea de Madrid","theme":"kamu","lab":1},"geometry":{"type":"Point","coordinates":[-3.66218,40.38195]}},{"type":"Feature","properties":{"id":"ke-kamu-112","kind":"poi","name":"Oficina Central de Atención al Ciudadano","theme":"kamu","lab":1},"geometry":{"type":"Point","coordinates":[-3.70451,40.41498]}},{"type":"Feature","properties":{"id":"ke-kamu-113","kind":"poi","name":"Servicio de Gestión de Penas y Medidas Alternativas de Madrid","theme":"kamu","lab":1},"geometry":{"type":"Point","coordinates":[-3.69153,40.39571]}},{"type":"Feature","properties":{"id":"ke-kamu-114","kind":"poi","name":"Agencia Tributaria Madrid","theme":"kamu","lab":1},"geometry":{"type":"Point","coordinates":[-3.63223,40.46349]}},{"type":"Feature","properties":{"id":"ke-kamu-115","kind":"poi","name":"Oficina Recaudación Ejecutiva","theme":"kamu","lab":1},"geometry":{"type":"Point","coordinates":[-3.72963,40.30656]}},{"type":"Feature","properties":{"id":"ke-kamu-116","kind":"poi","name":"Junta Municipal de Distrito Norte-Universidad (Nº 2)","theme":"kamu","lab":1},"geometry":{"type":"Point","coordinates":[-3.86707,40.33573]}},{"type":"Feature","properties":{"id":"ke-kamu-117","kind":"poi","name":"Centro Municipal de Acústica","theme":"kamu","lab":1},"geometry":{"type":"Point","coordinates":[-3.74008,40.44288]}},{"type":"Feature","properties":{"id":"ke-kamu-118","kind":"poi","name":"Centro Coordinador del SUMMA 112","theme":"kamu","lab":1},"geometry":{"type":"Point","coordinates":[-3.60775,40.4841]}},{"type":"Feature","properties":{"id":"ke-kamu-119","kind":"poi","name":"Centro Territorial de Innovación y Formación Madrid Sur","theme":"kamu","lab":1},"geometry":{"type":"Point","coordinates":[-3.75703,40.32884]}},{"type":"Feature","properties":{"id":"ke-kamu-120","kind":"poi","name":"Juzgado de Primera Instancia e Instrucción nº 1","theme":"kamu","lab":1},"geometry":{"type":"Point","coordinates":[-3.86352,40.47086]}},{"type":"Feature","properties":{"id":"ke-kamu-121","kind":"poi","name":"Juzgado de Primera Instancia e Instrucción nº 2","theme":"kamu","lab":1},"geometry":{"type":"Point","coordinates":[-3.86347,40.47087]}},{"type":"Feature","properties":{"id":"ke-kamu-122","kind":"poi","name":"Juzgado de Primera Instancia e Instrucción nº 3","theme":"kamu","lab":1},"geometry":{"type":"Point","coordinates":[-3.86343,40.47088]}},{"type":"Feature","properties":{"id":"ke-kamu-123","kind":"poi","name":"Juzgado de Primera Instancia e Instrucción nº 6","theme":"kamu","lab":1},"geometry":{"type":"Point","coordinates":[-3.86015,40.44826]}},{"type":"Feature","properties":{"id":"ke-kamu-124","kind":"poi","name":"Juzgado de Primera Instancia e Instrucción nº 7","theme":"kamu","lab":1},"geometry":{"type":"Point","coordinates":[-3.86009,40.44824]}},{"type":"Feature","properties":{"id":"ke-kamu-125","kind":"poi","name":"Oficina de Información Juvenil","theme":"kamu","lab":1},"geometry":{"type":"Point","coordinates":[-3.6906,40.49232]}},{"type":"Feature","properties":{"id":"ke-kamu-126","kind":"poi","name":"Consejería de Sanidad","theme":"kamu","lab":1},"geometry":{"type":"Point","coordinates":[-3.7011,40.42861]}},{"type":"Feature","properties":{"id":"ke-kamu-127","kind":"poi","name":"Tribunal Militar Territorial Primero y Juzgados Togados Militares Territoriales nº 11 y 12","theme":"kamu","lab":1},"geometry":{"type":"Point","coordinates":[-3.68468,40.40706]}},{"type":"Feature","properties":{"id":"ke-kamu-128","kind":"poi","name":"Oficina de Atención Integral al Contribuyente","theme":"kamu","lab":1},"geometry":{"type":"Point","coordinates":[-3.69061,40.3909]}},{"type":"Feature","properties":{"id":"ke-kamu-129","kind":"poi","name":"Ministerio para la transformación digital y de la función pública","theme":"kamu","lab":1},"geometry":{"type":"Point","coordinates":[-3.72107,40.40557]}},{"type":"Feature","properties":{"id":"ke-kamu-130","kind":"poi","name":"Junta Municipal de Distrito","theme":"kamu","lab":1},"geometry":{"type":"Point","coordinates":[-3.60136,40.40247]}},{"type":"Feature","properties":{"id":"ke-kamu-131","kind":"poi","name":"Dirección Provincial de Trabajo y Seguridad Social","theme":"kamu","lab":1},"geometry":{"type":"Point","coordinates":[-3.69689,40.43969]}},{"type":"Feature","properties":{"id":"ke-kamu-132","kind":"poi","name":"Secretaría General de Inmigración y Emigración","theme":"kamu","lab":1},"geometry":{"type":"Point","coordinates":[-3.69695,40.43887]}},{"type":"Feature","properties":{"id":"ke-kamu-133","kind":"poi","name":"Subdirección General de Cooperación Territorial e Innovación Educativa","theme":"kamu","lab":1},"geometry":{"type":"Point","coordinates":[-3.65502,40.44579]}},{"type":"Feature","properties":{"id":"ke-kamu-134","kind":"poi","name":"Instituto Nacional de Tecnologías Educativas y de Formación del Profesorado (INTEF)","theme":"kamu","lab":1},"geometry":{"type":"Point","coordinates":[-3.65466,40.44551]}},{"type":"Feature","properties":{"id":"ke-kamu-135","kind":"poi","name":"Concejalía Servicios Sociales","theme":"kamu","lab":1},"geometry":{"type":"Point","coordinates":[-3.8995,40.35721]}},{"type":"Feature","properties":{"id":"ke-kamu-136","kind":"poi","name":"Oficina de Empleo Majadahonda","theme":"kamu","lab":1},"geometry":{"type":"Point","coordinates":[-3.87236,40.45721]}},{"type":"Feature","properties":{"id":"ke-kamu-137","kind":"poi","name":"Centro de Apoyo al Profesorado Madrid-Norte","theme":"kamu","lab":1},"geometry":{"type":"Point","coordinates":[-3.69572,40.46283]}},{"type":"Feature","properties":{"id":"ke-kamu-138","kind":"poi","name":"Oficina SER Madrid","theme":"kamu","lab":1},"geometry":{"type":"Point","coordinates":[-3.68822,40.40044]}},{"type":"Feature","properties":{"id":"ke-kamu-139","kind":"poi","name":"AEAT-Dto. de Informática Tributaria","theme":"kamu","lab":1},"geometry":{"type":"Point","coordinates":[-3.66986,40.46275]}}]}