{"type":"FeatureCollection","features":[{"type":"Feature","properties":{"id":"line-metro-1","kind":"line","lineRef":"metro","ref":"1","color":"#ffbe00"},"geometry":{"type":"MultiLineString","coordinates":[[[2.43891,48.84459],[2.41177,48.84699],[2.41013,48.84734],[2.40722,48.84741],[2.39859,48.84815],[2.39596,48.84784],[2.39375,48.84816],[2.37258,48.84581],[2.37207,48.84626],[2.36996,48.85151],[2.36954,48.85183],[2.36826,48.85218],[2.36812,48.85246],[2.36829,48.85304],[2.36796,48.85336],[2.36579,48.8537],[2.36133,48.85517],[2.35134,48.85754],[2.324,48.86635],[2.32221,48.8665],[2.31969,48.8662],[2.3161,48.86686],[2.30994,48.86906],[2.2992,48.87247],[2.29709,48.87299],[2.29605,48.87425],[2.29464,48.87464],[2.29302,48.87437],[2.29233,48.87447],[2.29073,48.87516],[2.28099,48.87834],[2.25979,48.88486],[2.24318,48.89027],[2.24062,48.89133],[2.22996,48.89441]],[[2.22993,48.89437],[2.23679,48.89202],[2.24315,48.89023],[2.28957,48.87551],[2.29231,48.87445],[2.29302,48.87434],[2.29464,48.87461],[2.29594,48.87426],[2.2964,48.87396],[2.29672,48.87323],[2.29727,48.87288],[2.30458,48.87075],[2.31608,48.86684],[2.31969,48.86617],[2.32222,48.86646],[2.32398,48.86633],[2.35119,48.85754],[2.36126,48.85516],[2.3657,48.85369],[2.36793,48.85333],[2.36824,48.85303],[2.36807,48.85246],[2.36822,48.85216],[2.36951,48.8518],[2.36991,48.85151],[2.37203,48.84626],[2.37256,48.84578],[2.39376,48.84813],[2.39596,48.84781],[2.39859,48.84812],[2.40721,48.84736],[2.41005,48.84692],[2.41177,48.84697],[2.4389,48.84456]]]}},{"type":"Feature","properties":{"id":"badge-metro-1","kind":"badge","ref":"1","lineRef":"metro","color":"#ffbe00"},"geometry":{"type":"Point","coordinates":[2.34133,48.86074]}},{"type":"Feature","properties":{"id":"line-metro-2","kind":"line","lineRef":"metro","ref":"2","color":"#0055c8"},"geometry":{"type":"MultiLineString","coordinates":[[[2.27734,48.87142],[2.28463,48.86981],[2.28586,48.86986],[2.29347,48.87318],[2.29565,48.87466],[2.29795,48.87768],[2.29893,48.87822],[2.30909,48.88036],[2.31672,48.8813],[2.32327,48.8826],[2.32762,48.88352],[2.32952,48.88442],[2.33202,48.88391],[2.3371,48.88243],[2.33968,48.88205],[2.34704,48.88341],[2.35451,48.88409],[2.35924,48.8844],[2.36434,48.88438],[2.36834,48.8841],[2.36881,48.88388],[2.37019,48.88258],[2.37025,48.87857],[2.37057,48.87779],[2.37798,48.87097],[2.38304,48.86713],[2.38358,48.8663],[2.38738,48.86292],[2.38956,48.85852],[2.39213,48.85765],[2.39424,48.85654],[2.3976,48.85226],[2.3986,48.85067],[2.39853,48.85012],[2.39742,48.84932],[2.39576,48.84943],[2.39507,48.84929],[2.39472,48.84896],[2.3948,48.8484],[2.39575,48.84799],[2.39762,48.84821],[2.39868,48.84867],[2.39914,48.84928],[2.39838,48.85134],[2.39435,48.85652],[2.39215,48.85768],[2.38965,48.85853],[2.38731,48.86309],[2.38361,48.86633],[2.38308,48.86715],[2.37802,48.87099],[2.37063,48.87779],[2.37029,48.87857],[2.37022,48.88257],[2.36883,48.8839],[2.36823,48.88414],[2.36414,48.8844],[2.35918,48.88442],[2.35012,48.8838],[2.34707,48.88345],[2.33981,48.88207],[2.33709,48.88246],[2.33206,48.88392],[2.32949,48.88444],[2.32798,48.88367],[2.32624,48.88323],[2.31705,48.88138],[2.3093,48.88042],[2.29876,48.87819],[2.2979,48.87769],[2.29559,48.87466],[2.29351,48.87325],[2.28574,48.86986],[2.2847,48.86983],[2.27831,48.87123],[2.27758,48.87168]]]}},{"type":"Feature","properties":{"id":"badge-metro-2","kind":"badge","ref":"2","lineRef":"metro","color":"#0055c8"},"geometry":{"type":"Point","coordinates":[2.39838,48.84995]}},{"type":"Feature","properties":{"id":"line-metro-3","kind":"line","lineRef":"metro","ref":"3","color":"#6e6e00"},"geometry":{"type":"MultiLineString","coordinates":[[[2.2804,48.89714],[2.29077,48.8858],[2.29258,48.88566],[2.29506,48.88628],[2.29568,48.88627],[2.29699,48.8852],[2.29771,48.88486],[2.30237,48.88422],[2.30995,48.88265],[2.31062,48.88237],[2.31231,48.88101],[2.3128,48.88081],[2.31663,48.88114],[2.32169,48.87956],[2.32197,48.87934],[2.32391,48.87564],[2.32441,48.87511],[2.32591,48.87406],[2.32757,48.87348],[2.33301,48.87025],[2.34135,48.86865],[2.3558,48.86554],[2.35673,48.86559],[2.36375,48.8673],[2.38682,48.86296],[2.38794,48.86302],[2.39589,48.86498],[2.4083,48.86455],[2.4115,48.86507],[2.41548,48.86494]],[[2.41548,48.86495],[2.41226,48.86506]],[[2.36841,48.86641],[2.36347,48.86734],[2.36094,48.86656],[2.35588,48.86556],[2.34575,48.86771]],[[2.32032,48.88001],[2.31665,48.88116],[2.31274,48.88085],[2.3102,48.88261],[2.30251,48.88424],[2.29781,48.88487],[2.29707,48.88519],[2.2956,48.88641],[2.29281,48.88579],[2.29094,48.88596],[2.28994,48.88665],[2.28043,48.89715]]]}},{"type":"Feature","properties":{"id":"badge-metro-3","kind":"badge","ref":"3","lineRef":"metro","color":"#6e6e00"},"geometry":{"type":"Point","coordinates":[2.32686,48.87376]}},{"type":"Feature","properties":{"id":"line-metro-4","kind":"line","lineRef":"metro","ref":"4","color":"#a0006e"},"geometry":{"type":"MultiLineString","coordinates":[[[2.34485,48.8974],[2.34971,48.89159],[2.3495,48.88394],[2.34963,48.88349],[2.35228,48.88058],[2.35472,48.87993],[2.35819,48.87934],[2.35852,48.87918],[2.35859,48.87874],[2.35788,48.87708],[2.35753,48.87508],[2.3517,48.86463],[2.35105,48.86433],[2.34671,48.86332],[2.34632,48.863],[2.34553,48.8615],[2.34559,48.86099],[2.34738,48.85881],[2.34731,48.85778],[2.34768,48.85681],[2.34772,48.85609],[2.34746,48.85519],[2.34702,48.85456],[2.34598,48.854],[2.34396,48.85352],[2.34171,48.85245],[2.34048,48.85221],[2.3343,48.85369],[2.33304,48.85357],[2.32434,48.84443],[2.32431,48.84402],[2.32465,48.84366],[2.32861,48.84238],[2.32973,48.84178],[2.33227,48.83502],[2.33231,48.83431],[2.32689,48.82785],[2.32643,48.8268],[2.32555,48.82352],[2.32508,48.82254],[2.32445,48.82204],[2.3218,48.82113],[2.32097,48.82062],[2.316,48.81267],[2.31584,48.81176],[2.31607,48.8111],[2.3176,48.80963],[2.31855,48.80538],[2.31859,48.80455],[2.31781,48.80337]],[[2.31785,48.80335],[2.31865,48.80454],[2.3186,48.80548],[2.31762,48.80972],[2.31627,48.81089],[2.31593,48.81154],[2.31589,48.81216],[2.3161,48.81278],[2.32073,48.8203],[2.3215,48.82094],[2.32406,48.82182],[2.32515,48.82256],[2.32692,48.82778],[2.33237,48.83431],[2.33236,48.83493],[2.32981,48.84173],[2.32863,48.8424],[2.32468,48.84368],[2.32434,48.84402],[2.32438,48.84442],[2.33308,48.85356],[2.33433,48.85365],[2.34055,48.85219],[2.34182,48.85247],[2.34395,48.85347],[2.34623,48.85406],[2.34724,48.85474],[2.34777,48.85609],[2.34772,48.85681],[2.34735,48.85778],[2.34741,48.85881],[2.34563,48.86099],[2.34558,48.86149],[2.34637,48.86299],[2.34673,48.8633],[2.35106,48.86429],[2.35177,48.86464],[2.35759,48.87507],[2.35792,48.87708],[2.35863,48.87874],[2.35865,48.87905],[2.3584,48.87931],[2.35472,48.87995],[2.35265,48.88046],[2.35202,48.88081]]]}},{"type":"Feature","properties":{"id":"badge-metro-4","kind":"badge","ref":"4","lineRef":"metro","color":"#a0006e"},"geometry":{"type":"Point","coordinates":[2.3469,48.85446]}},{"type":"Feature","properties":{"id":"line-metro-5","kind":"line","lineRef":"metro","ref":"5","color":"#FF7F32"},"geometry":{"type":"MultiLineString","coordinates":[[[2.4492,48.90676],[2.44923,48.90318],[2.44907,48.90249],[2.44819,48.90146],[2.4467,48.90079],[2.43146,48.8976],[2.42729,48.89591],[2.42595,48.89555],[2.40254,48.89128],[2.37174,48.88316],[2.37064,48.88323],[2.36947,48.88392],[2.36853,48.88423],[2.36334,48.88452],[2.36172,48.88426],[2.35906,48.88277],[2.35715,48.87953],[2.35577,48.87887],[2.35533,48.8775],[2.35537,48.87705],[2.35621,48.87642],[2.35851,48.8763],[2.35942,48.8759],[2.35951,48.87559],[2.35857,48.87403],[2.35867,48.87345],[2.36323,48.86834],[2.36599,48.86617],[2.37149,48.86271],[2.37207,48.86192],[2.3722,48.86089],[2.36921,48.85409],[2.36776,48.85222],[2.36548,48.8473],[2.36567,48.84668],[2.36675,48.84579],[2.36863,48.84487],[2.36884,48.84458],[2.36879,48.8442],[2.36641,48.84272],[2.36339,48.84166],[2.35599,48.83238],[2.35443,48.83167],[2.35438,48.83117],[2.35503,48.83078],[2.356,48.83088],[2.35657,48.83122],[2.35664,48.83165],[2.35622,48.83236],[2.35632,48.83278],[2.36335,48.84157],[2.3663,48.84262],[2.36883,48.84419],[2.36888,48.8446],[2.36857,48.84497],[2.36693,48.84569],[2.36583,48.84658],[2.36559,48.84744],[2.36781,48.85221],[2.36926,48.85406],[2.37221,48.86065],[2.37222,48.86163],[2.37153,48.86273],[2.36603,48.86619],[2.363,48.86859],[2.36174,48.86995]],[[2.3592,48.87607],[2.35852,48.87633],[2.35608,48.87649],[2.35551,48.87693],[2.35536,48.87735],[2.3558,48.87885],[2.35719,48.87951],[2.35886,48.88253],[2.35939,48.88297]],[[2.43168,48.89764],[2.44284,48.89984],[2.44776,48.90116],[2.44868,48.90185],[2.44922,48.90283],[2.44924,48.90676]]]}},{"type":"Feature","properties":{"id":"badge-metro-5","kind":"badge","ref":"5","lineRef":"metro","color":"#FF7F32"},"geometry":{"type":"Point","coordinates":[2.3669,48.84568]}},{"type":"Feature","properties":{"id":"line-metro-6","kind":"line","lineRef":"metro","ref":"6","color":"#82dc73"},"geometry":{"type":"MultiLineString","coordinates":[[[2.39551,48.84764],[2.39678,48.84734],[2.39838,48.84544],[2.40123,48.84513],[2.40201,48.84483],[2.40205,48.84451],[2.40047,48.8402],[2.40015,48.83982],[2.39949,48.83964],[2.38827,48.83897],[2.38023,48.84037],[2.37924,48.84036],[2.36941,48.83541],[2.35611,48.83085],[2.3536,48.8308],[2.34939,48.82957],[2.33335,48.83402],[2.33232,48.83474],[2.33066,48.83901],[2.33015,48.83945],[2.32168,48.84223],[2.3205,48.84213],[2.31567,48.84073],[2.31463,48.84078],[2.31372,48.84156],[2.31059,48.84533],[2.3025,48.84767],[2.29233,48.85095],[2.28486,48.85845],[2.28477,48.85876],[2.28659,48.86137],[2.287,48.86264],[2.29425,48.87263],[2.29628,48.87334],[2.29632,48.87381],[2.29596,48.87409],[2.29449,48.8745],[2.29365,48.87422],[2.29357,48.87378],[2.29419,48.87305],[2.29422,48.87264],[2.28696,48.86265],[2.2865,48.86128],[2.28471,48.85877],[2.28482,48.85843],[2.29249,48.8508],[2.31055,48.84531],[2.31442,48.84082],[2.31555,48.84067],[2.32051,48.8421],[2.32223,48.8421],[2.33035,48.83932],[2.33061,48.83901],[2.3322,48.83485],[2.33334,48.83399],[2.34938,48.82954],[2.35361,48.83077],[2.35522,48.83069],[2.35613,48.83083],[2.36956,48.83543],[2.3792,48.84032],[2.38019,48.84034],[2.38837,48.83893],[2.39946,48.83961],[2.40018,48.8398],[2.40051,48.8402],[2.40212,48.84455],[2.40207,48.84484],[2.40151,48.84512],[2.3984,48.84547],[2.39678,48.84741],[2.39553,48.84772]]]}},{"type":"Feature","properties":{"id":"badge-metro-6","kind":"badge","ref":"6","lineRef":"metro","color":"#82dc73"},"geometry":{"type":"Point","coordinates":[2.29415,48.87448]}},{"type":"Feature","properties":{"id":"line-metro-7","kind":"line","lineRef":"metro","ref":"7","color":"#ff82b4"},"geometry":{"type":"MultiLineString","coordinates":[[[2.38459,48.81053],[2.37735,48.8159],[2.37432,48.819],[2.36938,48.82163],[2.36215,48.81932],[2.35953,48.81909],[2.35607,48.83015],[2.3542,48.83347],[2.35092,48.8385],[2.35193,48.84065],[2.35246,48.84444],[2.35272,48.84488],[2.35456,48.84592],[2.3571,48.84597],[2.3587,48.84638],[2.3634,48.84937],[2.36354,48.84984],[2.36117,48.85192],[2.36024,48.85244],[2.34924,48.85658],[2.34248,48.85854],[2.34029,48.85897],[2.34005,48.85923],[2.34013,48.86139],[2.3399,48.86193],[2.33664,48.86289],[2.33539,48.86358],[2.33235,48.87013],[2.33232,48.87089],[2.33298,48.87269],[2.33357,48.87316],[2.34947,48.87732],[2.357,48.8764],[2.35974,48.87659],[2.36229,48.87873],[2.36243,48.87917],[2.36219,48.88022],[2.36247,48.88068],[2.3654,48.88155],[2.36617,48.88195],[2.38559,48.8974],[2.41077,48.92076]],[[2.35356,48.83436],[2.35596,48.83028],[2.35643,48.82895]],[[2.33493,48.86462],[2.33234,48.87039],[2.33239,48.87101],[2.33302,48.87268],[2.33347,48.87309],[2.34948,48.8773],[2.35699,48.87638],[2.35961,48.8765],[2.36054,48.87722]],[[2.36229,48.87873],[2.36694,48.88253]],[[2.36739,48.78694],[2.36966,48.79165],[2.36902,48.79415],[2.36758,48.79814],[2.3653,48.80019],[2.35953,48.81909]]]}},{"type":"Feature","properties":{"id":"badge-metro-7","kind":"badge","ref":"7","lineRef":"metro","color":"#ff82b4"},"geometry":{"type":"Point","coordinates":[2.34011,48.86158]}},{"type":"Feature","properties":{"id":"line-metro-8","kind":"line","lineRef":"metro","ref":"8","color":"#d282be"},"geometry":{"type":"MultiLineString","coordinates":[[[2.2778,48.83523],[2.27884,48.83699],[2.28215,48.83874],[2.29209,48.84286],[2.29685,48.84819],[2.29807,48.84923],[2.31122,48.85819],[2.31181,48.85842],[2.31359,48.85836],[2.31425,48.85856],[2.31455,48.859],[2.31473,48.8608],[2.31501,48.86136],[2.31536,48.86347],[2.31581,48.86417],[2.31724,48.865],[2.32067,48.86558],[2.32193,48.86664],[2.32326,48.86857],[2.32407,48.86919],[2.34018,48.87197],[2.34834,48.8706],[2.35624,48.86887],[2.36218,48.86801],[2.36488,48.86634],[2.36676,48.86311],[2.36892,48.8541],[2.3694,48.85351],[2.37215,48.85234],[2.37603,48.85129],[2.37957,48.85054],[2.38389,48.8502],[2.38473,48.84996],[2.38784,48.84631],[2.39559,48.83979],[2.3966,48.83926],[2.40626,48.83557],[2.40618,48.83528],[2.40479,48.83443],[2.39904,48.83223],[2.39866,48.83172],[2.39898,48.83104],[2.41378,48.82156],[2.41484,48.82075],[2.41973,48.81581],[2.42666,48.81336],[2.44644,48.8029],[2.4478,48.80207],[2.44865,48.80131],[2.44955,48.79994],[2.44993,48.79838],[2.44844,48.79373],[2.44839,48.79296],[2.4486,48.7922],[2.4492,48.79133],[2.45234,48.78822],[2.45345,48.78757],[2.45724,48.78598],[2.45871,48.7847],[2.4592,48.7834],[2.45959,48.77798],[2.45993,48.77608],[2.4624,48.77271],[2.46357,48.76985],[2.46429,48.76884]],[[2.33361,48.87088],[2.33985,48.87192],[2.34222,48.87163],[2.34817,48.87059],[2.35601,48.86887],[2.36197,48.86803],[2.36466,48.8665],[2.3654,48.86553]],[[2.41651,48.8191],[2.41917,48.81623],[2.42018,48.81557]],[[2.46425,48.76883],[2.46352,48.76987],[2.4623,48.7728],[2.46007,48.77561],[2.45978,48.77623],[2.45932,48.77921],[2.45912,48.78325],[2.45864,48.78467],[2.45726,48.78592],[2.45228,48.78818],[2.44923,48.79124],[2.44862,48.79208],[2.44836,48.79351],[2.4498,48.79805],[2.4497,48.7994]]]}},{"type":"Feature","properties":{"id":"badge-metro-8","kind":"badge","ref":"8","lineRef":"metro","color":"#d282be"},"geometry":{"type":"Point","coordinates":[2.3966,48.83926]}},{"type":"Feature","properties":{"id":"line-metro-9","kind":"line","lineRef":"metro","ref":"9","color":"#b6bd00"},"geometry":{"type":"MultiLineString","coordinates":[[[2.23058,48.82959],[2.25649,48.83774],[2.25728,48.83846],[2.25826,48.84052],[2.25909,48.8418],[2.26394,48.84774],[2.26625,48.84901],[2.2693,48.85466],[2.27022,48.85558],[2.27493,48.85837],[2.27521,48.85949],[2.27499,48.86032],[2.27512,48.86068],[2.27655,48.86317],[2.27741,48.86398],[2.27815,48.86407],[2.28394,48.86334],[2.28732,48.86311],[2.29427,48.86471],[2.29905,48.86519],[2.30132,48.8645],[2.30196,48.86449],[2.30267,48.86487],[2.30301,48.86535],[2.30978,48.86883],[2.31006,48.86952],[2.31007,48.87238],[2.31041,48.87278],[2.31241,48.8733],[2.31982,48.87465],[2.32698,48.87384],[2.33991,48.87204],[2.34817,48.87059],[2.35601,48.86887],[2.362,48.86794],[2.36421,48.86673],[2.36618,48.86616],[2.3798,48.85816],[2.39047,48.85154],[2.39469,48.84914],[2.39542,48.84896],[2.39706,48.84918],[2.40098,48.85175],[2.43677,48.85821],[2.44138,48.86198],[2.44157,48.8626]],[[2.36751,48.86532],[2.36621,48.86618],[2.36414,48.86699],[2.36219,48.86809],[2.35624,48.86887],[2.34792,48.87068],[2.34001,48.87206],[2.33515,48.87267]],[[2.23978,48.83251],[2.23508,48.83103]]]}},{"type":"Feature","properties":{"id":"badge-metro-9","kind":"badge","ref":"9","lineRef":"metro","color":"#b6bd00"},"geometry":{"type":"Point","coordinates":[2.31872,48.87439]}},{"type":"Feature","properties":{"id":"line-metro-10","kind":"line","lineRef":"metro","ref":"10","color":"#dc9600"},"geometry":{"type":"MultiLineString","coordinates":[[[2.2283,48.8408],[2.23148,48.84137],[2.23719,48.84168],[2.2554,48.84533],[2.26628,48.84518],[2.2729,48.84714],[2.27363,48.84707],[2.27645,48.84598],[2.29531,48.84699],[2.29599,48.84721],[2.2981,48.84921],[2.30038,48.85078],[2.3009,48.85095],[2.30152,48.85081],[2.30932,48.84586],[2.31092,48.84536],[2.31168,48.84535],[2.31837,48.84749],[2.32734,48.85161],[2.33582,48.85306],[2.34897,48.84997],[2.35176,48.84651],[2.35311,48.84585],[2.35479,48.84615],[2.35686,48.84618],[2.35906,48.84739],[2.3602,48.84738],[2.36412,48.84462],[2.36431,48.84413],[2.36401,48.84319],[2.36439,48.84244]],[[2.36443,48.84245],[2.36405,48.84319],[2.36433,48.8443],[2.36397,48.84477]],[[2.2725,48.84706],[2.27047,48.84659],[2.26826,48.8475],[2.26645,48.84755],[2.26432,48.84807],[2.26048,48.84792],[2.25769,48.84814],[2.25702,48.84778],[2.25592,48.84565],[2.25541,48.84537],[2.23718,48.8417],[2.23158,48.84142],[2.22914,48.84091],[2.2277,48.84091]]]}},{"type":"Feature","properties":{"id":"badge-metro-10","kind":"badge","ref":"10","lineRef":"metro","color":"#dc9600"},"geometry":{"type":"Point","coordinates":[2.316,48.84664]}},{"type":"Feature","properties":{"id":"line-metro-11","kind":"line","lineRef":"metro","ref":"11","color":"#6e491e"},"geometry":{"type":"MultiLineString","coordinates":[[[2.34752,48.8578],[2.34953,48.85725],[2.35155,48.85766],[2.35583,48.86539],[2.35993,48.86477],[2.36028,48.86497],[2.36108,48.86606],[2.36351,48.86755],[2.37289,48.87051],[2.37829,48.87244],[2.38461,48.87368],[2.38686,48.87458],[2.38873,48.87484],[2.39081,48.87565],[2.39157,48.8764],[2.3922,48.87664],[2.39539,48.87685],[2.39608,48.87654],[2.39678,48.8757],[2.39773,48.87545],[2.4024,48.87594],[2.41048,48.87835],[2.41549,48.87952],[2.42645,48.88116],[2.43715,48.88308],[2.43923,48.88325],[2.44214,48.883],[2.44342,48.8827],[2.44628,48.88156],[2.4494,48.87959],[2.45121,48.87878],[2.4526,48.87846],[2.45663,48.878],[2.45767,48.87747],[2.45902,48.87601],[2.45985,48.87543],[2.46191,48.87515],[2.46351,48.87553],[2.46464,48.87636],[2.46554,48.87857],[2.46637,48.87997],[2.46671,48.8814],[2.46815,48.88293],[2.4693,48.88362],[2.47183,48.88423],[2.47373,48.88562],[2.47565,48.88589],[2.47794,48.88525],[2.47883,48.88468],[2.48032,48.88295]],[[2.48036,48.88296],[2.47887,48.8847],[2.47797,48.88529],[2.47568,48.88591],[2.47369,48.88564],[2.4718,48.88425],[2.46928,48.88365],[2.46811,48.88295],[2.46667,48.88141],[2.46633,48.87997],[2.4655,48.87858],[2.4646,48.87637],[2.46349,48.87555],[2.46191,48.87518],[2.45991,48.87548],[2.4591,48.87602],[2.45772,48.8775],[2.45666,48.87804],[2.45125,48.87883],[2.44946,48.87964],[2.446,48.88179],[2.44281,48.88291],[2.43924,48.88329],[2.43715,48.88313],[2.42447,48.88088],[2.41547,48.87955],[2.40993,48.87825],[2.40196,48.87592],[2.3977,48.87548],[2.39681,48.87572],[2.39611,48.87656],[2.3954,48.87688],[2.39219,48.87667],[2.39154,48.87642],[2.39078,48.87567],[2.38858,48.87483],[2.38669,48.87457],[2.38458,48.87371],[2.37775,48.87235],[2.37285,48.87057],[2.36349,48.86758],[2.36105,48.86608],[2.36024,48.86498],[2.35991,48.8648],[2.35582,48.86541],[2.35554,48.86518],[2.35149,48.85765],[2.34966,48.85728],[2.34752,48.85782]]]}},{"type":"Feature","properties":{"id":"badge-metro-11","kind":"badge","ref":"11","lineRef":"metro","color":"#6e491e"},"geometry":{"type":"Point","coordinates":[2.40791,48.87756]}},{"type":"Feature","properties":{"id":"line-metro-12","kind":"line","lineRef":"metro","ref":"12","color":"#00643c"},"geometry":{"type":"MultiLineString","coordinates":[[[2.27317,48.82415],[2.27595,48.82506],[2.27804,48.82611],[2.2922,48.83515],[2.30037,48.83927],[2.31984,48.84502],[2.32049,48.84501],[2.32632,48.84304],[2.32699,48.84304],[2.32771,48.84336],[2.32875,48.84428],[2.32881,48.8446],[2.32543,48.85623],[2.31999,48.86162],[2.31973,48.86217],[2.31992,48.8627],[2.32349,48.86645],[2.32524,48.86888],[2.32521,48.87116],[2.32691,48.87358],[2.32672,48.8753],[2.32728,48.87563],[2.33211,48.87636],[2.33847,48.87594],[2.33913,48.87617],[2.33921,48.87678],[2.33695,48.8789],[2.33696,48.87928],[2.33773,48.88094],[2.33724,48.88183],[2.33719,48.88239],[2.33884,48.88526],[2.33829,48.8886],[2.33846,48.88924],[2.33983,48.89119],[2.34192,48.89268],[2.34428,48.89253],[2.3564,48.89027],[2.35992,48.89029],[2.35997,48.89201],[2.35943,48.8949],[2.35923,48.90006],[2.35887,48.90376],[2.35894,48.90437],[2.35942,48.90512],[2.36029,48.90573],[2.36103,48.906],[2.36592,48.90656],[2.37053,48.90643],[2.37166,48.90601],[2.37299,48.90516],[2.37428,48.90519],[2.37496,48.90548],[2.37785,48.90823],[2.37837,48.90894],[2.38091,48.91428]],[[2.31658,48.84414],[2.32035,48.845],[2.32479,48.84347],[2.32677,48.84299],[2.32759,48.84323],[2.32883,48.84433],[2.32553,48.85611],[2.32319,48.85845]],[[2.32117,48.86058],[2.31998,48.86178],[2.31987,48.8624],[2.32258,48.86543]],[[2.33821,48.87774],[2.33694,48.87896]]]}},{"type":"Feature","properties":{"id":"badge-metro-12","kind":"badge","ref":"12","lineRef":"metro","color":"#00643c"},"geometry":{"type":"Point","coordinates":[2.3308,48.87606]}},{"type":"Feature","properties":{"id":"line-metro-13","kind":"line","lineRef":"metro","ref":"13","color":"#82c8e6"},"geometry":{"type":"MultiLineString","coordinates":[[[2.36949,48.94661],[2.36238,48.94546],[2.36133,48.94503],[2.36101,48.94456],[2.36094,48.94405],[2.36235,48.94121],[2.36246,48.94009],[2.36208,48.93937],[2.35995,48.93765],[2.35905,48.9363],[2.35583,48.92908],[2.35536,48.92838],[2.35089,48.92441],[2.34675,48.9224],[2.33474,48.91281],[2.33369,48.91163],[2.32562,48.88764],[2.32731,48.88365],[2.32673,48.8758],[2.32616,48.87549],[2.32416,48.87518],[2.31955,48.87484],[2.31563,48.87535],[2.31484,48.87514],[2.31436,48.87464],[2.31461,48.87241],[2.31388,48.87133],[2.31256,48.87023],[2.31238,48.86955],[2.314,48.86585],[2.31433,48.8645],[2.31435,48.86059],[2.31416,48.85903],[2.31468,48.85786],[2.31498,48.85656],[2.31443,48.85079],[2.31651,48.84696],[2.31941,48.84539],[2.31987,48.84497],[2.32315,48.8369],[2.32041,48.83516],[2.31403,48.83178],[2.30452,48.82724],[2.30277,48.82608],[2.29579,48.82037],[2.29539,48.81963],[2.29528,48.81873],[2.29547,48.81756],[2.29585,48.81678],[2.29675,48.81563],[2.30159,48.81081]],[[2.36949,48.94658],[2.36695,48.94628],[2.3624,48.94542],[2.36139,48.94499],[2.36106,48.94454],[2.36099,48.94407],[2.36238,48.94122],[2.3625,48.94008],[2.3621,48.93935],[2.35997,48.93764],[2.35877,48.93579],[2.35597,48.92932],[2.3554,48.92837],[2.35094,48.92439],[2.34677,48.92238],[2.33476,48.91279],[2.33373,48.91162],[2.32569,48.88764],[2.32734,48.88364],[2.32675,48.8758],[2.32617,48.87547],[2.32417,48.87516],[2.31955,48.87481],[2.31563,48.87531],[2.31487,48.87512],[2.3144,48.87463],[2.31466,48.8724],[2.31392,48.87132],[2.31261,48.87022],[2.31243,48.86955],[2.31405,48.86585],[2.31437,48.8645],[2.31425,48.85908],[2.31507,48.85725],[2.31445,48.85079],[2.31653,48.84697],[2.31952,48.84535],[2.31991,48.84498],[2.3232,48.8369],[2.32042,48.83515],[2.31405,48.83175],[2.30455,48.82722],[2.3027,48.82599],[2.29586,48.8204],[2.29543,48.81962],[2.29533,48.81875],[2.29544,48.81785],[2.29589,48.81678],[2.29677,48.81564],[2.30176,48.81085]],[[2.32575,48.88717],[2.32525,48.88768],[2.3134,48.89453],[2.3121,48.89723],[2.30976,48.89908],[2.30554,48.90373],[2.30237,48.9069],[2.30004,48.90826],[2.29769,48.91315],[2.29575,48.91554],[2.29405,48.91685],[2.29056,48.91884],[2.28719,48.92167],[2.2862,48.92312],[2.28471,48.92603],[2.28452,48.92986],[2.28416,48.93076]],[[2.29056,48.91884],[2.29423,48.91669],[2.29555,48.91569],[2.29664,48.91448],[2.29777,48.91296],[2.29998,48.90824],[2.30055,48.90778],[2.30234,48.90688],[2.30551,48.90372],[2.30982,48.89893],[2.31034,48.89753],[2.31032,48.89665],[2.31057,48.89602],[2.32538,48.88756],[2.3267,48.88499]]]}},{"type":"Feature","properties":{"id":"badge-metro-13","kind":"badge","ref":"13","lineRef":"metro","color":"#82c8e6"},"geometry":{"type":"Point","coordinates":[2.31484,48.87514]}},{"type":"Feature","properties":{"id":"line-metro-14","kind":"line","lineRef":"metro","ref":"14","color":"#640082"},"geometry":{"type":"MultiLineString","coordinates":[[[2.36123,48.91843],[2.35846,48.91708],[2.35591,48.91669],[2.35203,48.91667],[2.34758,48.91741],[2.34219,48.91738],[2.34073,48.91709],[2.33833,48.91541],[2.33591,48.91424],[2.33186,48.91096],[2.3189,48.90275],[2.31708,48.90195],[2.31086,48.9001],[2.30992,48.89947],[2.30958,48.89872],[2.30971,48.89788],[2.3105,48.89642],[2.3135,48.89466],[2.31391,48.89422],[2.31432,48.89329],[2.31443,48.89197],[2.31489,48.89013],[2.31711,48.88659],[2.31878,48.88522],[2.32217,48.883],[2.32389,48.88217],[2.32662,48.88158],[2.32736,48.88085],[2.32761,48.87938],[2.32737,48.87878],[2.32647,48.87816],[2.32295,48.87415],[2.32276,48.87331],[2.32287,48.87265],[2.32367,48.87157],[2.32442,48.87115],[2.32795,48.8699],[2.33675,48.86412],[2.34388,48.86157],[2.3478,48.85775],[2.34906,48.85688],[2.36094,48.85231],[2.36661,48.84756],[2.376,48.84228],[2.37914,48.84029],[2.38184,48.83827],[2.3865,48.8366],[2.38731,48.83583],[2.38716,48.83484],[2.38569,48.83322],[2.384,48.83207],[2.38161,48.83138],[2.37955,48.83107],[2.37125,48.8277],[2.3629,48.82639],[2.36073,48.82511],[2.35931,48.8235],[2.35888,48.82254],[2.35884,48.82201],[2.35917,48.82065],[2.3591,48.81941],[2.35939,48.81803],[2.35787,48.81444],[2.35672,48.81344],[2.35544,48.81275],[2.3531,48.81211],[2.35132,48.81121],[2.34866,48.8088],[2.34804,48.80774],[2.34799,48.80656],[2.3482,48.80545],[2.34798,48.80387],[2.34912,48.80125],[2.34939,48.79173],[2.34925,48.79067],[2.34847,48.78811],[2.34812,48.78558],[2.34834,48.78386],[2.34924,48.78206],[2.35109,48.77992],[2.35201,48.77784],[2.35505,48.77448],[2.36016,48.76641],[2.3623,48.76439],[2.36565,48.76287],[2.3666,48.76196],[2.3669,48.76124],[2.36724,48.75695],[2.36828,48.75549],[2.37155,48.75239],[2.37207,48.75165],[2.37262,48.74996],[2.37287,48.74472],[2.37237,48.74232],[2.37158,48.74091],[2.3695,48.73856],[2.3635,48.73371],[2.36265,48.73273],[2.36227,48.7315],[2.3626,48.72775]],[[2.36265,48.72775],[2.36231,48.7315],[2.36268,48.73272],[2.36353,48.73369],[2.36953,48.73854],[2.37161,48.7409],[2.37241,48.74231],[2.37291,48.74472],[2.37267,48.74997],[2.37213,48.75167],[2.37159,48.7524],[2.36831,48.75551],[2.36729,48.75696],[2.36694,48.76125],[2.36665,48.76197],[2.36568,48.76289],[2.36234,48.7644],[2.36023,48.76642],[2.3551,48.77449],[2.35208,48.77785],[2.35113,48.77992],[2.34929,48.78209],[2.3484,48.78386],[2.34816,48.78558],[2.34855,48.78811],[2.34933,48.79068],[2.34946,48.79173],[2.34916,48.80125],[2.34903,48.80189],[2.34805,48.80388],[2.34824,48.80544],[2.34803,48.80656],[2.34808,48.80773],[2.34871,48.8088],[2.35135,48.81119],[2.35312,48.81209],[2.35545,48.81272],[2.35675,48.81342],[2.35792,48.81443],[2.35947,48.81802],[2.35916,48.81943],[2.35923,48.82065],[2.35891,48.82202],[2.35895,48.82254],[2.35936,48.82349],[2.36076,48.82509],[2.36291,48.82636],[2.36376,48.82662],[2.37126,48.82769],[2.37956,48.83105],[2.38162,48.83136],[2.38401,48.83206],[2.38571,48.83321],[2.38718,48.83484],[2.38733,48.83583],[2.38652,48.83661],[2.38186,48.83829],[2.37916,48.84031],[2.37602,48.8423],[2.36663,48.84757],[2.36096,48.85232],[2.34908,48.8569],[2.34784,48.85776],[2.34389,48.86158],[2.33677,48.86413],[2.32796,48.86992],[2.32371,48.87158],[2.32291,48.87265],[2.3228,48.87331],[2.32299,48.87415],[2.32649,48.87815],[2.32739,48.87877],[2.32764,48.87938],[2.32738,48.88086],[2.32664,48.88159],[2.3239,48.88218],[2.32219,48.88301],[2.3188,48.88524],[2.31713,48.8866],[2.31492,48.89014],[2.31446,48.89197],[2.31435,48.89329],[2.31394,48.89423],[2.31352,48.89468],[2.31052,48.89643],[2.30974,48.89789],[2.3096,48.89872],[2.30995,48.89946],[2.31088,48.90009],[2.31801,48.90221],[2.31891,48.90265],[2.33188,48.91095],[2.33593,48.91423],[2.33835,48.9154],[2.34075,48.91707],[2.34219,48.91736],[2.34757,48.91739],[2.35203,48.91665],[2.35592,48.91667],[2.35848,48.91706],[2.36125,48.91841]]]}},{"type":"Feature","properties":{"id":"badge-metro-14","kind":"badge","ref":"14","lineRef":"metro","color":"#640082"},"geometry":{"type":"Point","coordinates":[2.38485,48.83721]}},{"type":"Feature","properties":{"id":"line-metro-3b","kind":"line","lineRef":"metro","ref":"3b","color":"#82c8e6"},"geometry":{"type":"MultiLineString","coordinates":[[[2.40649,48.87626],[2.40573,48.87516],[2.40431,48.87152],[2.39855,48.86512]],[[2.4044,48.87172],[2.40578,48.87515],[2.40653,48.87624]]]}},{"type":"Feature","properties":{"id":"badge-metro-3b","kind":"badge","ref":"3b","lineRef":"metro","color":"#82c8e6"},"geometry":{"type":"Point","coordinates":[2.40431,48.87152]}},{"type":"Feature","properties":{"id":"line-metro-7b","kind":"line","lineRef":"metro","ref":"7b","color":"#82dc73"},"geometry":{"type":"MultiLineString","coordinates":[[[2.36496,48.88092],[2.36614,48.88165],[2.3691,48.88247],[2.37018,48.8825],[2.37988,48.87819],[2.38495,48.87935],[2.38921,48.87951],[2.38983,48.87927],[2.39222,48.87715],[2.39313,48.87692],[2.39401,48.87699],[2.39584,48.87775],[2.39975,48.87851],[2.40036,48.87905],[2.40014,48.87953],[2.3975,48.881],[2.39338,48.88192],[2.3927,48.88176],[2.38921,48.87951]]]}},{"type":"Feature","properties":{"id":"badge-metro-7b","kind":"badge","ref":"7b","lineRef":"metro","color":"#82dc73"},"geometry":{"type":"Point","coordinates":[2.39343,48.87692]}},{"type":"Feature","properties":{"id":"line-rer-a","kind":"line","lineRef":"train","ref":"A","color":"#E3051C"},"geometry":{"type":"MultiLineString","coordinates":[[[2.04066,48.93316],[2.09036,48.95493],[2.09683,48.95601],[2.10258,48.95778],[2.11119,48.95943],[2.11765,48.95904],[2.12501,48.95751],[2.12796,48.95638],[2.13134,48.95447],[2.17766,48.92426],[2.19387,48.91612],[2.1952,48.91491],[2.19593,48.91349],[2.19562,48.90976],[2.19641,48.90692],[2.19768,48.90509],[2.19966,48.90379],[2.2061,48.90168],[2.21967,48.8982],[2.22124,48.89739],[2.22434,48.89482],[2.22663,48.89368],[2.22868,48.89321],[2.23616,48.8926],[2.24872,48.88852],[2.25462,48.88742],[2.26033,48.88462],[2.29149,48.87471],[2.29838,48.87407],[2.30706,48.87497],[2.31577,48.87524],[2.32748,48.87353],[2.33349,48.87039],[2.3413,48.86852],[2.3439,48.8674],[2.34529,48.866],[2.34821,48.86016],[2.35033,48.85748],[2.35259,48.85645],[2.35766,48.85548],[2.36005,48.85443],[2.37062,48.84598],[2.37572,48.84298],[2.37792,48.84246],[2.37965,48.84272],[2.3816,48.84375],[2.38508,48.84792],[2.38718,48.84888],[2.38946,48.84923],[2.39817,48.84779],[2.40149,48.84568],[2.40368,48.84483],[2.41611,48.8437],[2.41859,48.84381],[2.42592,48.84681],[2.43033,48.84742],[2.44839,48.84672],[2.46458,48.84383],[2.46754,48.84364],[2.46954,48.84408],[2.47935,48.84888],[2.49252,48.85628],[2.49573,48.85725],[2.4991,48.85749],[2.50921,48.85621],[2.51136,48.85552],[2.51294,48.85447],[2.51641,48.85082],[2.52376,48.84681],[2.52899,48.84214],[2.53089,48.84122],[2.53292,48.84078],[2.56283,48.84097],[2.58566,48.84337],[2.58949,48.84328],[2.60106,48.84206],[2.61012,48.84333],[2.61884,48.84353],[2.62258,48.84286],[2.63073,48.83979],[2.6397,48.83823],[2.64451,48.83846],[2.66818,48.84137],[2.67083,48.84135],[2.67438,48.84041],[2.68434,48.83544],[2.68807,48.83462],[2.69174,48.83452],[2.73264,48.83957],[2.73764,48.84118],[2.75046,48.84709],[2.76523,48.85101],[2.77755,48.85776],[2.77961,48.85939],[2.78072,48.86142],[2.7821,48.86993]],[[2.01161,49.04844],[2.01566,49.05055],[2.01973,49.05106],[2.06499,49.04667],[2.06893,49.04527],[2.07304,49.04117],[2.07657,49.03858],[2.08209,49.03484],[2.0897,49.03065],[2.09088,49.02932],[2.09131,49.02774],[2.09096,49.02627],[2.0897,49.0239],[2.08805,49.02202],[2.08061,49.01781],[2.07899,49.01638],[2.07832,49.01465],[2.07877,49.01206],[2.07854,49.01072],[2.07778,49.00954],[2.07458,49.00663],[2.07331,49.00172],[2.07333,48.99427],[2.07384,48.99097],[2.07716,48.98363],[2.07794,48.98079],[2.07771,48.9678],[2.07808,48.96554],[2.07882,48.96377],[2.08272,48.95757],[2.08487,48.95615],[2.08696,48.95551],[2.09086,48.95573],[2.09587,48.95791],[2.10028,48.9593],[2.10456,48.96013],[2.11046,48.96044],[2.11509,48.96021],[2.12123,48.95906],[2.12571,48.95755],[2.12884,48.95594]],[[2.78235,48.86991],[2.78077,48.86138],[2.77942,48.85913],[2.7772,48.85751],[2.76525,48.85098],[2.75135,48.84737],[2.73733,48.84101],[2.73234,48.83947],[2.69203,48.83451],[2.68827,48.83456],[2.68458,48.83532],[2.67432,48.8404],[2.67108,48.84125],[2.668,48.84127],[2.64366,48.83834],[2.63966,48.8382],[2.63073,48.83975],[2.62263,48.84281],[2.61884,48.8435],[2.6104,48.84332],[2.6014,48.84203],[2.58646,48.84336],[2.57426,48.84233],[2.56312,48.84095],[2.53293,48.84074],[2.53086,48.84119],[2.52894,48.84212],[2.52372,48.84679],[2.51636,48.8508],[2.51289,48.85444],[2.51152,48.85539],[2.50893,48.85621],[2.49906,48.85746],[2.4957,48.8572],[2.49252,48.85624],[2.47943,48.84884],[2.46958,48.84404],[2.46756,48.84358],[2.46469,48.84375],[2.44821,48.84658],[2.43034,48.84738],[2.42605,48.84681],[2.41977,48.84411],[2.41611,48.84366],[2.40318,48.84484],[2.40137,48.8456],[2.39809,48.84777],[2.38998,48.84909],[2.38823,48.84894],[2.38606,48.8481],[2.38502,48.84728],[2.3822,48.84363],[2.38003,48.84229],[2.37827,48.84199],[2.37599,48.8425],[2.37249,48.84436],[2.36181,48.85227],[2.35817,48.85396],[2.35097,48.85644],[2.34873,48.85771],[2.34735,48.85945],[2.34512,48.86599],[2.34383,48.86735],[2.34127,48.86846],[2.33347,48.87035],[2.32746,48.87349],[2.31578,48.8752],[2.30707,48.87493],[2.29838,48.87404],[2.29197,48.87457],[2.26031,48.88459],[2.25459,48.88739],[2.24871,48.88849],[2.24242,48.89041]],[[2.23676,48.89202],[2.23247,48.89302],[2.22799,48.89325],[2.22577,48.89397],[2.22383,48.89513],[2.2209,48.89773],[2.21893,48.90155],[2.21708,48.90205],[2.17109,48.8871],[2.16659,48.8861],[2.16071,48.88532],[2.15435,48.88526],[2.1464,48.88644],[2.12836,48.89209],[2.12444,48.89461],[2.12022,48.89986],[2.1179,48.90128],[2.11444,48.90252],[2.10623,48.90388],[2.10346,48.90386],[2.10039,48.90336],[2.0974,48.90242],[2.09586,48.90147],[2.09533,48.90071],[2.09504,48.89856]],[[2.09501,48.89856],[2.0953,48.90071],[2.09578,48.90146],[2.09736,48.90244],[2.10038,48.9034],[2.10607,48.90392],[2.11393,48.90267],[2.11693,48.90175],[2.11983,48.90019],[2.12211,48.89827],[2.12329,48.89605],[2.12462,48.89451],[2.12648,48.8931],[2.12878,48.89196],[2.14718,48.88628],[2.1517,48.8855],[2.15712,48.88518],[2.16407,48.88576],[2.16907,48.88666],[2.21699,48.90208],[2.21818,48.902],[2.21898,48.90157],[2.22087,48.89807],[2.22487,48.89454]],[[2.50477,48.75259],[2.50728,48.75729],[2.50775,48.7592],[2.50749,48.76133],[2.50567,48.76421],[2.50536,48.76531],[2.50559,48.76646],[2.50704,48.76856],[2.50754,48.77006],[2.50699,48.78258],[2.50718,48.78527],[2.51488,48.79803],[2.51591,48.80113],[2.51542,48.80313],[2.51404,48.80477],[2.51202,48.80613],[2.50651,48.80774],[2.50346,48.8077],[2.48129,48.80486],[2.47417,48.80577],[2.4715,48.80668],[2.46948,48.80781],[2.46754,48.80963],[2.46447,48.81487],[2.46377,48.81688],[2.46352,48.82032],[2.46686,48.82805],[2.47114,48.83274],[2.47178,48.83469],[2.47135,48.83706],[2.47055,48.83846],[2.46836,48.84088],[2.46518,48.84307],[2.4616,48.84432],[2.45315,48.84591]],[[2.45317,48.84598],[2.46058,48.84465],[2.46507,48.84317],[2.46819,48.8411],[2.47042,48.83869],[2.47141,48.83707],[2.47184,48.8352],[2.47156,48.83353],[2.4703,48.83144],[2.46667,48.82763],[2.46419,48.82156],[2.46372,48.81918],[2.46407,48.81617],[2.46476,48.81438],[2.46772,48.80945],[2.46953,48.80782],[2.47177,48.8066],[2.47424,48.80578],[2.48151,48.80489],[2.50347,48.80773],[2.50674,48.80776],[2.51166,48.80638],[2.51394,48.80491],[2.51547,48.80315],[2.51607,48.80078],[2.51555,48.79845],[2.51185,48.7932],[2.50723,48.78526],[2.50704,48.78258],[2.50759,48.77006],[2.50721,48.76879],[2.50564,48.76645],[2.50541,48.76531],[2.50572,48.76423],[2.50753,48.76134],[2.5078,48.7592],[2.50733,48.75728],[2.50481,48.75258]],[[2.22481,48.8945],[2.22117,48.89737],[2.21963,48.89816],[2.20773,48.90105],[2.19868,48.90427],[2.19718,48.90557],[2.19607,48.90758],[2.19556,48.91002],[2.19592,48.91332],[2.19531,48.91468],[2.19416,48.91586],[2.17762,48.92423],[2.13187,48.95402],[2.12406,48.95806],[2.11642,48.95993],[2.11027,48.9604],[2.1057,48.96015],[2.1016,48.95934],[2.09594,48.95755],[2.09284,48.95612],[2.08987,48.95537],[2.08625,48.95556],[2.08333,48.95695],[2.0812,48.95944],[2.07865,48.96385],[2.07787,48.96595],[2.07763,48.96837],[2.07793,48.98052],[2.07711,48.98362],[2.07375,48.99081],[2.07328,48.99427],[2.0732,49.00127],[2.0744,49.0068],[2.07818,49.01194],[2.07828,49.01478],[2.07873,49.01607],[2.08022,49.01759],[2.08773,49.02185],[2.089,49.02293],[2.0912,49.02715],[2.09116,49.02849],[2.09051,49.02979],[2.08895,49.03111],[2.08096,49.03535],[2.07874,49.03687],[2.07299,49.04114],[2.06886,49.04524],[2.06496,49.04663],[2.0197,49.05103],[2.01595,49.05056],[2.0141,49.04979],[2.01187,49.04826]],[[2.13187,48.95402],[2.12841,48.95607],[2.12557,48.95721],[2.11653,48.95904],[2.11013,48.95912],[2.10233,48.95755],[2.09711,48.9559],[2.09124,48.95489],[2.08853,48.95408],[2.04086,48.93304]]]}},{"type":"Feature","properties":{"id":"badge-rer-a","kind":"badge","ref":"A","lineRef":"train","color":"#E3051C"},"geometry":{"type":"Point","coordinates":[2.47129,48.845]}},{"type":"Feature","properties":{"id":"line-rer-b","kind":"line","lineRef":"train","ref":"B","color":"#5291CE"},"geometry":{"type":"MultiLineString","coordinates":[[[2.28128,48.78008],[2.28275,48.78282],[2.28364,48.7837],[2.28773,48.78505],[2.29042,48.78729],[2.29234,48.78764],[2.29409,48.7873],[2.29532,48.78639],[2.29568,48.78544],[2.29556,48.78306],[2.29614,48.78222],[2.29723,48.78154],[2.30855,48.77913],[2.31113,48.77954],[2.31238,48.78083],[2.31215,48.78304],[2.31251,48.78429],[2.31728,48.79189],[2.31903,48.79297],[2.32403,48.79366],[2.32656,48.79493],[2.32768,48.7967],[2.3289,48.80319],[2.3295,48.8044],[2.33318,48.80758],[2.3391,48.8119],[2.34067,48.81365],[2.34088,48.8152],[2.33897,48.81875],[2.33886,48.8214],[2.33769,48.82334],[2.33557,48.82957],[2.33372,48.83156],[2.33281,48.83449],[2.33326,48.83537],[2.33647,48.8387],[2.33795,48.84221],[2.34313,48.85144],[2.3472,48.85427],[2.34834,48.85616],[2.34838,48.85744],[2.34542,48.866],[2.34538,48.86773],[2.3459,48.86931],[2.35005,48.8752],[2.35476,48.87831],[2.35684,48.88035],[2.3578,48.88239],[2.35793,48.8864],[2.35756,48.88982],[2.35475,48.89683],[2.3544,48.90012],[2.35217,48.91012],[2.35239,48.91167],[2.35357,48.91313],[2.36437,48.91915],[2.38012,48.92317],[2.43596,48.93254],[2.45229,48.9328],[2.48984,48.93219],[2.50573,48.93227],[2.5139,48.93263],[2.51703,48.9333],[2.51911,48.93448],[2.52166,48.93705],[2.52393,48.94092],[2.52499,48.94393],[2.52461,48.94829],[2.52372,48.95045],[2.51455,48.95978],[2.51143,48.96462],[2.5108,48.96639],[2.51084,48.96774],[2.51142,48.96924],[2.52011,48.98167],[2.52101,48.98363],[2.52124,48.98509],[2.52101,48.98683],[2.52,48.99022],[2.51823,48.99397],[2.51833,48.9955],[2.51907,48.99696],[2.52631,49.00429],[2.5285,49.0055],[2.53101,49.00612],[2.53835,49.00603],[2.5486,49.00661],[2.55136,49.00722],[2.55765,49.0094],[2.56646,49.01019],[2.56837,49.00986],[2.56992,49.00881],[2.57075,49.00399]],[[2.49044,48.93219],[2.50846,48.93226],[2.51621,48.93192],[2.52044,48.93231],[2.53478,48.93639],[2.55139,48.94023],[2.58456,48.94888],[2.61044,48.95495],[2.6144,48.95679],[2.64226,48.97596]],[[2.35747,48.88139],[2.35674,48.88009],[2.3548,48.87828],[2.35011,48.87518],[2.34596,48.86928],[2.34543,48.86773],[2.34549,48.866],[2.34782,48.86036],[2.34932,48.85803],[2.34928,48.85674],[2.34739,48.85414],[2.34302,48.85112],[2.338,48.8422],[2.33652,48.83869],[2.33288,48.83461],[2.33365,48.8318],[2.33575,48.82942],[2.33776,48.82331],[2.33893,48.82139],[2.33903,48.81874],[2.3403,48.81679],[2.34098,48.81497],[2.34045,48.81319],[2.32958,48.80433],[2.32903,48.80317],[2.32774,48.79669],[2.3266,48.79491],[2.32456,48.79378],[2.31937,48.79302],[2.31736,48.79193],[2.31301,48.78503],[2.31249,48.78369],[2.31243,48.78086],[2.31127,48.77957],[2.30857,48.77909],[2.29718,48.78152],[2.29554,48.78299],[2.29563,48.78548],[2.29528,48.78638],[2.29415,48.78723],[2.29241,48.78761],[2.29034,48.78721],[2.28778,48.78503],[2.28367,48.78367],[2.28287,48.78292],[2.28133,48.78007]],[[2.35361,48.87741],[2.35715,48.88028],[2.35804,48.88214],[2.35824,48.88372],[2.35755,48.89022],[2.35519,48.89735],[2.35445,48.90194],[2.35247,48.90957],[2.35258,48.9113],[2.35336,48.91259],[2.35484,48.91378],[2.36266,48.91809],[2.36642,48.91973],[2.38432,48.92403],[2.43723,48.93264],[2.45291,48.93276],[2.50782,48.93213],[2.51486,48.93272],[2.51798,48.93372],[2.51984,48.93507],[2.52171,48.93703],[2.52398,48.94091],[2.52504,48.94392],[2.52455,48.94891],[2.52338,48.95092],[2.51442,48.96001],[2.51136,48.96487],[2.51082,48.96703],[2.5116,48.96943],[2.52002,48.98144],[2.52107,48.98363],[2.52129,48.98509],[2.521,48.98705],[2.51997,48.99043],[2.51831,48.99379],[2.51834,48.99536],[2.51911,48.99695],[2.52633,49.00426],[2.52825,49.00536],[2.53028,49.00596],[2.53288,49.00619],[2.5382,49.00587],[2.54865,49.00658],[2.5514,49.00719],[2.55642,49.00905],[2.56593,49.01016],[2.56912,49.00945],[2.56988,49.0088],[2.57028,49.00751]],[[2.64228,48.97593],[2.61444,48.95677],[2.61067,48.95499],[2.58457,48.94885],[2.5514,48.9402],[2.53481,48.93636],[2.52099,48.93239],[2.51634,48.93189],[2.4985,48.9322]],[[2.31301,48.78503],[2.31241,48.78363],[2.31264,48.78065],[2.31,48.77554],[2.31032,48.77144],[2.30995,48.76955],[2.30898,48.76782],[2.30451,48.76217],[2.30067,48.75415],[2.29871,48.74644],[2.29737,48.74425],[2.29573,48.74285],[2.29381,48.74182],[2.2701,48.73335],[2.26758,48.73095],[2.25999,48.72525]],[[2.57014,49.00807],[2.57043,49.00529]],[[2.25995,48.72527],[2.26739,48.73085],[2.26989,48.73328],[2.29369,48.74182],[2.29593,48.74304],[2.2975,48.74446],[2.29865,48.74644],[2.30062,48.75416],[2.30446,48.76218],[2.30564,48.76404],[2.30902,48.76796],[2.3099,48.76955],[2.31027,48.77165],[2.3099,48.77529],[2.31259,48.78067],[2.31234,48.78339],[2.31257,48.78441]],[[2.57029,49.00736],[2.5703,49.00666]],[[2.26241,48.72707],[2.2556,48.72167],[2.25408,48.72113],[2.2504,48.72062],[2.2475,48.7188],[2.24375,48.71466],[2.24105,48.71259],[2.2382,48.7097],[2.23654,48.70649],[2.23482,48.70543],[2.2324,48.70508],[2.22576,48.70561],[2.21559,48.70539],[2.21109,48.70603],[2.19401,48.70569],[2.19165,48.70491],[2.18838,48.70251],[2.18733,48.70152],[2.18595,48.69922],[2.18414,48.6981],[2.17168,48.69598],[2.16508,48.69639],[2.16088,48.69438],[2.15911,48.6939],[2.15599,48.69407],[2.14023,48.69828],[2.12961,48.69755],[2.11876,48.7],[2.11188,48.70065],[2.10199,48.7004],[2.09837,48.70109],[2.09185,48.70333],[2.08863,48.7039],[2.08456,48.70401],[2.07099,48.7027]],[[2.07093,48.70276],[2.08439,48.70403],[2.08864,48.70393],[2.09186,48.70336],[2.09839,48.70111],[2.10201,48.70043],[2.11188,48.70068],[2.11877,48.70004],[2.12962,48.69759],[2.14024,48.69831],[2.15601,48.6941],[2.1591,48.69393],[2.16084,48.6944],[2.16358,48.69596],[2.16521,48.69644],[2.17139,48.69605],[2.18411,48.69812],[2.18591,48.69924],[2.18729,48.70154],[2.18834,48.70253],[2.19162,48.70494],[2.194,48.70572],[2.21112,48.70606],[2.2156,48.70542],[2.22577,48.70564],[2.2324,48.70511],[2.2348,48.70546],[2.23649,48.7065],[2.23816,48.70972],[2.24101,48.71261],[2.24371,48.71468],[2.24757,48.71891],[2.25036,48.72065],[2.25539,48.72164],[2.2618,48.72677]]]}},{"type":"Feature","properties":{"id":"badge-rer-b","kind":"badge","ref":"B","lineRef":"train","color":"#5291CE"},"geometry":{"type":"Point","coordinates":[2.35414,48.9013]}},{"type":"Feature","properties":{"id":"line-rer-c","kind":"line","lineRef":"train","ref":"C","color":"#ffcd2c"},"geometry":{"type":"MultiLineString","coordinates":[[[2.1291,48.80032],[2.14181,48.79689],[2.148,48.79621],[2.15415,48.7969],[2.16667,48.80021],[2.17027,48.80071],[2.17895,48.80071],[2.18754,48.7989],[2.19049,48.79865],[2.23161,48.80209],[2.23491,48.80275],[2.23713,48.80376],[2.23865,48.80489],[2.24223,48.80915],[2.24591,48.81207],[2.24778,48.8152],[2.2493,48.81665],[2.25133,48.81757],[2.25842,48.81955],[2.26111,48.82121],[2.26202,48.82239],[2.26245,48.82361],[2.26215,48.82687],[2.26263,48.82863],[2.26728,48.83432],[2.26875,48.83714],[2.27157,48.84081],[2.27662,48.8461],[2.28853,48.85467],[2.29043,48.85747],[2.29576,48.86119],[2.29918,48.86243],[2.3159,48.86287],[2.32,48.86238],[2.33297,48.85843],[2.33832,48.8574],[2.34438,48.85377],[2.35793,48.8491],[2.36415,48.84495],[2.3649,48.84418],[2.36535,48.84256],[2.36969,48.8375],[2.39629,48.80924],[2.40127,48.80286],[2.40577,48.79485],[2.40876,48.7866],[2.40992,48.7805],[2.41154,48.76354],[2.41245,48.76169],[2.42629,48.74025],[2.42718,48.73652],[2.42643,48.73266],[2.42433,48.72941],[2.41837,48.72439],[2.41495,48.72013],[2.40533,48.71387],[2.40319,48.71213],[2.39529,48.70276],[2.38489,48.69136],[2.38283,48.68956],[2.3785,48.68718],[2.37118,48.6847],[2.36387,48.68063],[2.3588,48.67967],[2.35565,48.67853],[2.35279,48.6767],[2.3493,48.6731],[2.34577,48.67117],[2.34191,48.67023],[2.33229,48.66936],[2.32949,48.6686],[2.32647,48.66725],[2.32284,48.66444],[2.32159,48.66256],[2.32024,48.65917],[2.31785,48.65617],[2.31482,48.65389],[2.31016,48.65133],[2.30706,48.64838],[2.30593,48.64594],[2.30567,48.64388],[2.30879,48.62256],[2.30861,48.61945],[2.30763,48.61688],[2.29264,48.58902],[2.29098,48.58483],[2.29018,48.58117],[2.29006,48.57526],[2.29238,48.55062]],[[2.29222,48.55051],[2.28979,48.57639],[2.28996,48.58095],[2.29075,48.58468],[2.29218,48.5885],[2.30748,48.61691],[2.30844,48.61937],[2.30862,48.62255],[2.3055,48.64389],[2.30575,48.64596],[2.30707,48.64864],[2.31004,48.6514],[2.31527,48.65432],[2.31761,48.65611],[2.31985,48.6588],[2.32143,48.66255],[2.32262,48.66438],[2.32429,48.66598],[2.32633,48.6673],[2.33181,48.66937],[2.34184,48.67032],[2.34576,48.67129],[2.34915,48.67316],[2.35267,48.67676],[2.3553,48.67849],[2.35789,48.67954],[2.36441,48.68128],[2.37164,48.68507],[2.37848,48.68728],[2.38147,48.68897],[2.38424,48.69114],[2.38887,48.69606],[2.40309,48.71221],[2.40498,48.71379],[2.41483,48.72017],[2.41808,48.72428],[2.42426,48.72952],[2.42617,48.73247],[2.42703,48.73623],[2.4268,48.73829],[2.42613,48.74023],[2.41221,48.76176],[2.41127,48.76389],[2.40958,48.78177],[2.40844,48.78714],[2.40675,48.79217],[2.40201,48.80137],[2.39687,48.80824],[2.37249,48.83405],[2.36542,48.84234],[2.36453,48.84461],[2.35789,48.84907],[2.34436,48.85375],[2.33798,48.85751],[2.33376,48.8582],[2.32006,48.86233],[2.31742,48.86281],[2.302,48.86263],[2.2979,48.86209],[2.29584,48.86114],[2.29031,48.85731],[2.28858,48.85463],[2.28615,48.85275],[2.28486,48.8523],[2.28301,48.85229],[2.28085,48.85284],[2.27596,48.85583],[2.27483,48.8569],[2.27428,48.85813],[2.27445,48.85985],[2.27232,48.86294],[2.27213,48.86563],[2.27533,48.87076],[2.27855,48.87446],[2.28264,48.87634],[2.28557,48.87878],[2.30079,48.88666],[2.30286,48.88904],[2.30472,48.89014],[2.31166,48.89336],[2.31731,48.89452],[2.32144,48.89595],[2.32302,48.89722],[2.32374,48.89913],[2.32274,48.90446],[2.3212,48.90848],[2.31938,48.9112],[2.31826,48.91375],[2.31485,48.91874],[2.30168,48.94575],[2.30127,48.94832],[2.30232,48.95354],[2.30181,48.95634],[2.3004,48.95788],[2.29658,48.9602],[2.28257,48.96461],[2.27947,48.9664],[2.27846,48.96811],[2.27853,48.96986],[2.28187,48.97406],[2.28243,48.97553],[2.28216,48.97716],[2.2809,48.97872],[2.27776,48.98015],[2.27067,48.98061],[2.26571,48.98186],[2.19867,49.00697],[2.14847,49.02094],[2.13822,49.02582],[2.13536,49.02754],[2.12552,49.03651],[2.12149,49.04165],[2.11813,49.04388],[2.11292,49.0454],[2.10302,49.04534],[2.09339,49.04716]],[[2.12098,48.5501],[2.1438,48.55501],[2.15884,48.55923],[2.17422,48.56609],[2.18257,48.57283],[2.19549,48.57901],[2.19831,48.57957],[2.21697,48.58128],[2.22531,48.58321],[2.23398,48.58627],[2.2473,48.58567],[2.25043,48.58599],[2.26536,48.59079],[2.27192,48.59413],[2.27484,48.59516],[2.27801,48.59569],[2.29281,48.59664],[2.29513,48.59718],[2.2975,48.59877],[2.30086,48.6047]],[[2.411,48.76695],[2.41213,48.7624],[2.41739,48.75428],[2.41904,48.75246],[2.41962,48.75056],[2.41936,48.74924],[2.41786,48.74645],[2.41692,48.74272],[2.4153,48.74075],[2.41257,48.73948],[2.40839,48.73932],[2.40466,48.74069],[2.39832,48.74543],[2.39294,48.75124],[2.3906,48.75242],[2.38803,48.75295],[2.38536,48.7529],[2.38297,48.75232],[2.35487,48.741],[2.35019,48.73991],[2.34114,48.73875],[2.33801,48.739],[2.33032,48.74132],[2.31608,48.74737],[2.31408,48.74785],[2.31188,48.74789],[2.30905,48.74719],[2.30331,48.74409],[2.29176,48.74078],[2.2844,48.7378],[2.27986,48.73696],[2.26914,48.73317],[2.26221,48.72918],[2.25797,48.72568]],[[2.25793,48.7257],[2.26227,48.72927],[2.26911,48.7332],[2.27984,48.73699],[2.28438,48.73783],[2.29174,48.74081],[2.30331,48.74412],[2.30889,48.74716],[2.31189,48.74792],[2.31567,48.74755],[2.32911,48.74175],[2.33803,48.73903],[2.34114,48.73878],[2.34985,48.73989],[2.35486,48.74103],[2.38296,48.75235],[2.38535,48.75293],[2.38785,48.753],[2.39063,48.75245],[2.39301,48.75124],[2.39806,48.74572],[2.40474,48.74069],[2.40849,48.73933],[2.41263,48.73953],[2.41509,48.74064],[2.4169,48.74277],[2.41773,48.74623],[2.41915,48.74899],[2.41931,48.74996],[2.41886,48.75134],[2.41143,48.76282],[2.41098,48.76403],[2.41085,48.76674]],[[2.09736,49.04637],[2.10407,49.04535],[2.11279,49.04545],[2.11589,49.04478],[2.11852,49.04373],[2.1216,49.0416],[2.12541,49.03668],[2.13539,49.02757],[2.13825,49.02584],[2.14849,49.02097],[2.1975,49.00748],[2.26218,48.98326],[2.2703,48.98072],[2.27809,48.98011],[2.27991,48.97941],[2.28139,48.97834],[2.28232,48.97689],[2.28246,48.97537],[2.28192,48.97405],[2.27858,48.96985],[2.27853,48.96811],[2.27943,48.96655],[2.28247,48.96469],[2.29685,48.96011],[2.30044,48.9579],[2.30185,48.95638],[2.30237,48.95341],[2.30133,48.94845],[2.30173,48.94576],[2.3149,48.91875],[2.31831,48.91376],[2.3194,48.91125],[2.32132,48.90838],[2.323,48.90401],[2.32383,48.89913],[2.32358,48.89781],[2.3215,48.89587],[2.31733,48.89448],[2.31169,48.89332],[2.30362,48.88952],[2.30098,48.88671],[2.29724,48.88498],[2.28527,48.87836],[2.28238,48.8761],[2.27926,48.87487],[2.27627,48.87186],[2.27289,48.86708],[2.27232,48.86502],[2.27254,48.86287],[2.27453,48.85978],[2.27433,48.85816],[2.27481,48.85699],[2.27671,48.85538],[2.28158,48.85264],[2.28469,48.85232],[2.28714,48.85358]],[[2.30296,48.60823],[2.29848,48.59906],[2.29697,48.59789],[2.29475,48.59692],[2.27778,48.59564],[2.27486,48.59513],[2.27194,48.59411],[2.26538,48.59076],[2.2498,48.58582],[2.24729,48.58564],[2.23417,48.58626],[2.22494,48.58307],[2.21699,48.58125],[2.19831,48.57954],[2.19579,48.57906],[2.18292,48.57299],[2.17425,48.56606],[2.15886,48.5592],[2.14381,48.55497],[2.12099,48.55006]],[[2.15558,48.79723],[2.151,48.79623],[2.13521,48.7954],[2.13306,48.79477],[2.12843,48.79264],[2.12423,48.79205],[2.11471,48.79318],[2.10832,48.79532],[2.10593,48.79574],[2.09235,48.79463],[2.0887,48.79477],[2.08525,48.79557],[2.07802,48.79827],[2.07503,48.79873],[2.07189,48.79873],[2.06274,48.79652],[2.04297,48.78679]],[[2.28719,48.85356],[2.27666,48.84608],[2.27161,48.84078],[2.26859,48.83666],[2.26734,48.83427],[2.26275,48.82876],[2.26221,48.827],[2.26249,48.82347],[2.26121,48.82122],[2.25844,48.81952],[2.2514,48.81756],[2.2494,48.81666],[2.24794,48.81534],[2.24573,48.8118],[2.24227,48.80913],[2.23869,48.80488],[2.23687,48.80357],[2.23423,48.80251],[2.23162,48.80206],[2.1905,48.79862],[2.18734,48.79887],[2.17887,48.80069],[2.16946,48.8006],[2.16597,48.8],[2.15587,48.79703],[2.15226,48.79633],[2.13527,48.79528],[2.12827,48.79255],[2.12452,48.79202],[2.11489,48.7931],[2.1083,48.79529],[2.10592,48.7957],[2.09235,48.7946],[2.08871,48.79474],[2.08522,48.79553],[2.07798,48.79824],[2.07219,48.79872],[2.063,48.79659],[2.04302,48.78675]],[[2.15667,48.79727],[2.14965,48.79621],[2.14503,48.79632],[2.14104,48.79704],[2.12904,48.80021]]]}},{"type":"Feature","properties":{"id":"badge-rer-c","kind":"badge","ref":"C","lineRef":"train","color":"#ffcd2c"},"geometry":{"type":"Point","coordinates":[2.29969,48.86249]}},{"type":"Feature","properties":{"id":"line-rer-d","kind":"line","lineRef":"train","ref":"D","color":"#00824E"},"geometry":{"type":"MultiLineString","coordinates":[[[2.45773,49.19978],[2.45998,49.18422],[2.46979,49.16013],[2.47125,49.15762],[2.48234,49.14711],[2.48997,49.13831],[2.49272,49.13563],[2.52198,49.11654],[2.52437,49.11447],[2.52582,49.11239],[2.52642,49.10925],[2.52211,49.06607],[2.52093,49.0639],[2.51919,49.06219],[2.4914,49.04175],[2.40408,48.98628],[2.35702,48.95343],[2.34613,48.9454],[2.34457,48.94276],[2.34441,48.9398],[2.3489,48.922],[2.35191,48.91217],[2.35338,48.90352],[2.35436,48.90009],[2.35467,48.89696],[2.35746,48.89012],[2.35788,48.88468],[2.35753,48.8824],[2.35655,48.88033],[2.35415,48.87786],[2.35005,48.8752],[2.3459,48.86931],[2.34532,48.86693],[2.34579,48.86433],[2.3476,48.85982],[2.34943,48.85749],[2.35112,48.85653],[2.35571,48.85513],[2.36088,48.85301],[2.37211,48.8446],[2.37678,48.84201],[2.38119,48.84057],[2.38462,48.83997],[2.38856,48.83782],[2.39206,48.8348],[2.39694,48.8318],[2.39916,48.8283],[2.40168,48.82621],[2.4042,48.82478],[2.40913,48.82271],[2.41278,48.82019],[2.41433,48.81866],[2.41816,48.81358],[2.42349,48.809],[2.42697,48.80115],[2.42969,48.79713],[2.43038,48.79295],[2.43499,48.78084],[2.43606,48.77375],[2.43577,48.77239],[2.43398,48.76938],[2.43344,48.76754],[2.43395,48.75268],[2.43721,48.74831],[2.43885,48.74416],[2.44088,48.74176],[2.44466,48.73882],[2.44544,48.73758],[2.44586,48.73591],[2.44617,48.7317],[2.4458,48.72942],[2.44322,48.72481],[2.44176,48.72321],[2.433,48.71804],[2.40988,48.70614],[2.40588,48.70493],[2.39899,48.70416],[2.39667,48.70329],[2.39533,48.70225],[2.38279,48.68842],[2.38168,48.68586],[2.38145,48.6835],[2.38182,48.68168],[2.38312,48.67935],[2.38529,48.67721],[2.39878,48.66685],[2.40021,48.66534],[2.40094,48.66356],[2.40085,48.66164],[2.40023,48.66006],[2.39196,48.64746],[2.39167,48.64601],[2.39212,48.64434],[2.39638,48.64],[2.401,48.63706],[2.4039,48.6364],[2.41189,48.63617],[2.41525,48.63498],[2.41734,48.63304],[2.41848,48.63],[2.41922,48.62889],[2.42085,48.62759],[2.4228,48.62673],[2.43916,48.62506],[2.44575,48.62324],[2.45801,48.62338],[2.46856,48.62109],[2.47279,48.61868],[2.47434,48.61702],[2.47453,48.61594],[2.47427,48.61498],[2.4724,48.61315]],[[2.45781,49.19976],[2.46015,49.18394],[2.46986,49.16015],[2.47132,49.15764],[2.4824,49.14713],[2.49272,49.13587],[2.52188,49.11667],[2.52425,49.11465],[2.52582,49.11249],[2.52638,49.11089],[2.52647,49.10925],[2.52216,49.06606],[2.52098,49.06389],[2.51922,49.06216],[2.49142,49.04171],[2.40411,48.98626],[2.35742,48.95366],[2.34626,48.94547],[2.34462,48.94277],[2.34446,48.93978],[2.34903,48.92178],[2.35045,48.91871],[2.351,48.91522],[2.35194,48.91233],[2.35319,48.90987],[2.35302,48.90689],[2.35448,48.89997],[2.35474,48.89718],[2.35755,48.89008],[2.35802,48.88357],[2.3578,48.88213],[2.35663,48.87997],[2.35424,48.87782],[2.34983,48.87486],[2.34596,48.86928],[2.34538,48.86693],[2.34559,48.86564],[2.34785,48.86017],[2.3498,48.85734],[2.36011,48.85361],[2.36365,48.8513],[2.37032,48.84609],[2.37758,48.8419],[2.38161,48.84056],[2.38466,48.84001],[2.38866,48.83783],[2.39226,48.83471],[2.39701,48.83186],[2.3991,48.82844],[2.40172,48.82624],[2.40395,48.82493],[2.40885,48.8229],[2.41305,48.82008],[2.41806,48.81374],[2.42342,48.80917],[2.42701,48.80122],[2.42968,48.79731],[2.43043,48.79298],[2.43504,48.78082],[2.43611,48.77384],[2.43571,48.772],[2.43398,48.76919],[2.43348,48.76745],[2.43399,48.75269],[2.43726,48.74832],[2.4389,48.74418],[2.44092,48.74178],[2.44471,48.73883],[2.44548,48.73759],[2.44591,48.73591],[2.44643,48.73135],[2.44601,48.72918],[2.44268,48.72374],[2.43933,48.72098],[2.43749,48.71984],[2.42784,48.71548],[2.4094,48.7059],[2.40562,48.70485],[2.3993,48.7042],[2.39673,48.70327],[2.39495,48.70178],[2.38259,48.68792],[2.38164,48.6855],[2.38151,48.68331],[2.38204,48.68127],[2.38317,48.67937],[2.38533,48.67723],[2.39912,48.66695],[2.40036,48.66548],[2.40091,48.66402],[2.40101,48.66222],[2.40028,48.66006],[2.39202,48.64744],[2.39173,48.64602],[2.39217,48.64434],[2.39643,48.64001],[2.40102,48.63709],[2.40405,48.63642],[2.4119,48.63619],[2.41529,48.63501],[2.41738,48.63307],[2.41851,48.63005],[2.41927,48.62891],[2.42062,48.62777],[2.4228,48.62677],[2.42562,48.62626],[2.43917,48.62509],[2.44579,48.62327],[2.45802,48.62341],[2.46861,48.62111],[2.47275,48.61876],[2.47431,48.6172],[2.47458,48.61607],[2.47435,48.61501],[2.47252,48.61309]],[[2.49717,49.13274],[2.49308,49.13542],[2.49004,49.13833]],[[2.50177,49.1296],[2.49548,49.13372]],[[2.45823,49.02062],[2.46246,49.02333]],[[2.44346,48.72496],[2.44205,48.72323],[2.43904,48.72102],[2.43807,48.71946],[2.43796,48.71827],[2.43838,48.71696],[2.4405,48.71501],[2.44333,48.71413],[2.44834,48.71408],[2.45029,48.71375],[2.45598,48.71153],[2.46298,48.70798],[2.4705,48.70607],[2.47721,48.70566],[2.48585,48.7068],[2.48893,48.7069],[2.49258,48.70654],[2.49785,48.70516],[2.50124,48.70364],[2.50381,48.70196],[2.51241,48.69306],[2.5194,48.68692],[2.52278,48.68507],[2.53532,48.67991],[2.53871,48.6778],[2.54131,48.67555],[2.55611,48.65703],[2.55784,48.65428],[2.56218,48.64368],[2.56877,48.63052],[2.58639,48.59035],[2.59268,48.57009],[2.59475,48.56466],[2.59767,48.56073],[2.60929,48.55035]],[[2.60925,48.55033],[2.59759,48.56074],[2.59492,48.56425],[2.59311,48.56847],[2.58634,48.59034],[2.56915,48.62933],[2.56413,48.64009],[2.56224,48.64341],[2.55776,48.65435],[2.55582,48.65733],[2.5517,48.66202],[2.54126,48.67553],[2.53868,48.67778],[2.53575,48.67965],[2.52276,48.68504],[2.51936,48.6869],[2.51236,48.69306],[2.50408,48.70168],[2.50187,48.70325],[2.49856,48.70485],[2.4945,48.70611],[2.48927,48.70686],[2.48548,48.70673],[2.47681,48.7056],[2.47053,48.70603],[2.46299,48.70794],[2.45593,48.71148],[2.45086,48.71351],[2.44849,48.714],[2.44333,48.7141],[2.44047,48.71498],[2.43834,48.71695],[2.43793,48.71814],[2.43799,48.71933],[2.439,48.72104],[2.44182,48.72315],[2.44321,48.72479]],[[2.45845,49.02083],[2.45916,49.02123]],[[2.4126,48.9916],[2.41744,48.99461]],[[2.39343,48.67106],[2.40049,48.66567],[2.40391,48.66349],[2.41964,48.6573],[2.4286,48.6529],[2.4321,48.65069],[2.438,48.64666],[2.45225,48.63452],[2.4611,48.62849],[2.46738,48.62227],[2.47326,48.61849],[2.47444,48.6169]],[[2.41204,48.99134],[2.41442,48.9927]],[[2.38757,48.55001],[2.39423,48.5507],[2.39774,48.55174],[2.4072,48.55714],[2.41467,48.56355],[2.4165,48.56474],[2.43028,48.5698],[2.4405,48.57438],[2.44372,48.57497],[2.44794,48.57494],[2.45055,48.57441],[2.45572,48.57265],[2.45825,48.57228],[2.46277,48.5726],[2.46553,48.57332],[2.46794,48.57471],[2.46967,48.57661],[2.47291,48.58392],[2.47345,48.58612],[2.47314,48.58891],[2.47179,48.59165],[2.46469,48.59985],[2.4639,48.60137],[2.46364,48.60301],[2.46399,48.60476],[2.46507,48.60651],[2.47408,48.61491],[2.47447,48.61631],[2.47374,48.61783],[2.4678,48.62184],[2.46222,48.62754],[2.45029,48.636],[2.43797,48.64664],[2.43038,48.6518],[2.4196,48.65727],[2.40396,48.66344],[2.39731,48.66805]],[[2.46674,48.62286],[2.47356,48.61834],[2.4743,48.61752],[2.47466,48.61645],[2.47453,48.61532],[2.47385,48.61421],[2.46504,48.60641],[2.46413,48.60497],[2.46372,48.60351],[2.46383,48.60175],[2.46452,48.60017],[2.47133,48.59243],[2.4728,48.5899],[2.47341,48.588],[2.47349,48.58598],[2.47307,48.58417],[2.46996,48.57704],[2.46857,48.5752],[2.4667,48.57386],[2.46454,48.57294],[2.4589,48.57225],[2.45576,48.57261],[2.45049,48.57439],[2.44793,48.57491],[2.44373,48.57494],[2.44024,48.57427],[2.43033,48.56978],[2.41653,48.56471],[2.41452,48.56337],[2.40723,48.55711],[2.39776,48.55171],[2.39423,48.55067],[2.38788,48.55003]],[[2.46833,48.60958],[2.46478,48.60676],[2.46085,48.60464],[2.45959,48.60318],[2.45926,48.60122],[2.45991,48.59468],[2.46097,48.59323],[2.46514,48.59027],[2.46617,48.58916],[2.46671,48.58762],[2.46642,48.58454],[2.46741,48.5827],[2.46957,48.58127],[2.47531,48.57961],[2.4772,48.57857],[2.47839,48.57721],[2.47924,48.57424],[2.47994,48.57306],[2.48239,48.57066],[2.4855,48.56848],[2.48825,48.56729],[2.49301,48.56603],[2.49871,48.56541],[2.50711,48.56679],[2.5197,48.57041],[2.52759,48.57112],[2.53181,48.5708],[2.53576,48.57002],[2.5392,48.56888],[2.54122,48.56753],[2.54222,48.56617],[2.54261,48.56486],[2.54247,48.5634],[2.5418,48.5621],[2.53027,48.55331],[2.52884,48.5517],[2.5283,48.55031]],[[2.47237,48.61317],[2.46771,48.609]],[[2.46768,48.60898],[2.46482,48.60674],[2.46101,48.60471],[2.45964,48.60317],[2.45929,48.60171],[2.45998,48.59462],[2.46102,48.59325],[2.46518,48.59028],[2.46627,48.58909],[2.46677,48.58748],[2.46647,48.58455],[2.46745,48.58273],[2.46956,48.58132],[2.47536,48.57963],[2.47724,48.5786],[2.47843,48.57722],[2.47927,48.57424],[2.47998,48.57307],[2.48242,48.57069],[2.48552,48.56851],[2.4883,48.56731],[2.49303,48.56606],[2.49871,48.56544],[2.50711,48.56682],[2.51969,48.57044],[2.52759,48.57115],[2.53182,48.57083],[2.53579,48.57005],[2.53923,48.56891],[2.54124,48.56755],[2.54226,48.56618],[2.54265,48.56487],[2.54252,48.5634],[2.54185,48.56209],[2.54076,48.56098],[2.53534,48.5573],[2.53032,48.55329],[2.52888,48.55168],[2.52835,48.5503]]]}},{"type":"Feature","properties":{"id":"badge-rer-d","kind":"badge","ref":"D","lineRef":"train","color":"#00824E"},"geometry":{"type":"Point","coordinates":[2.3935,48.83401]}},{"type":"Feature","properties":{"id":"line-rer-e","kind":"line","lineRef":"train","ref":"E","color":"#C04191"},"geometry":{"type":"MultiLineString","coordinates":[[[2.22502,48.89773],[2.23174,48.89701],[2.23402,48.89591],[2.23681,48.8937],[2.24191,48.89207],[2.24381,48.89212],[2.24848,48.89374],[2.25156,48.89352],[2.25322,48.89268],[2.25605,48.89022],[2.26588,48.88328],[2.28948,48.87593],[2.2919,48.87547],[2.30282,48.87487],[2.31493,48.87561],[2.33459,48.87488],[2.34191,48.87504],[2.35215,48.87615],[2.35463,48.87697],[2.35655,48.87828],[2.36058,48.88346],[2.36427,48.88658],[2.36842,48.89318],[2.37071,48.89507],[2.37402,48.89657],[2.37722,48.89734],[2.38048,48.89765],[2.39847,48.89789],[2.40658,48.89849],[2.43038,48.8991],[2.43363,48.8987],[2.44129,48.89653],[2.46037,48.89683],[2.5087,48.89003],[2.5129,48.88908],[2.53387,48.88039],[2.53986,48.87874],[2.58523,48.87411]],[[2.41625,48.89867],[2.43181,48.8989],[2.43967,48.89674],[2.44217,48.89637],[2.46103,48.89669],[2.46733,48.8956],[2.46945,48.89477],[2.47135,48.89353],[2.48432,48.87924],[2.48555,48.87739],[2.48634,48.87393],[2.48532,48.8669],[2.48543,48.86517],[2.49371,48.84211],[2.4947,48.83577],[2.49853,48.82963],[2.50031,48.82804],[2.50236,48.82683],[2.50496,48.82585],[2.50795,48.82525],[2.53684,48.82265],[2.54398,48.82359],[2.55535,48.82773],[2.55924,48.82866],[2.56509,48.82883],[2.57041,48.8277],[2.60612,48.81022],[2.68054,48.78569],[2.68342,48.78393],[2.68535,48.7818],[2.69096,48.76927],[2.692,48.76762],[2.70468,48.7563],[2.70769,48.75491],[2.7214,48.75051],[2.72374,48.74912],[2.72998,48.74437],[2.73149,48.74371],[2.73527,48.74311],[2.74304,48.7435],[2.74659,48.74321],[2.75867,48.73943]],[[2.75467,48.74079],[2.74842,48.74277],[2.74567,48.74331],[2.73526,48.74307],[2.73137,48.74371],[2.72902,48.74497],[2.72156,48.75039],[2.70767,48.75488],[2.70465,48.75627],[2.69196,48.76759],[2.69092,48.76926],[2.6853,48.78179],[2.68338,48.78392],[2.68053,48.78566],[2.60631,48.81011],[2.57039,48.82767],[2.56508,48.82879],[2.55925,48.82863],[2.55538,48.8277],[2.5438,48.82342],[2.541,48.82286],[2.53684,48.82261],[2.50776,48.82524],[2.5046,48.82592],[2.50176,48.82709],[2.49832,48.82981],[2.49465,48.83577],[2.49355,48.84171],[2.48524,48.86511],[2.48513,48.86726],[2.48614,48.87413],[2.48522,48.87765],[2.4719,48.89259],[2.46944,48.89417],[2.46552,48.89567],[2.46073,48.89644],[2.44162,48.89624],[2.43361,48.89841],[2.43116,48.89872],[2.41777,48.89829],[2.40817,48.8985],[2.39853,48.89786],[2.38483,48.89777],[2.37841,48.89737],[2.37304,48.89607],[2.36984,48.89438],[2.36854,48.89304],[2.36509,48.88749],[2.36308,48.88527],[2.36061,48.88344],[2.35684,48.87846],[2.35518,48.87715],[2.35281,48.87619],[2.33904,48.87468],[2.31493,48.87558],[2.30234,48.87484],[2.29004,48.87573],[2.26653,48.88297],[2.26401,48.8843],[2.25997,48.88761],[2.25562,48.8905],[2.25318,48.89266],[2.25154,48.89349],[2.24849,48.89371],[2.24347,48.89194],[2.24157,48.89189],[2.23709,48.89331],[2.23398,48.89589],[2.232,48.89688],[2.22493,48.8977]],[[2.58483,48.87384],[2.54066,48.87845],[2.53373,48.88027],[2.51518,48.88794],[2.5102,48.88962],[2.47795,48.89413],[2.47023,48.89436],[2.46241,48.89635],[2.45406,48.89648]]]}},{"type":"Feature","properties":{"id":"badge-rer-e","kind":"badge","ref":"E","lineRef":"train","color":"#C04191"},"geometry":{"type":"Point","coordinates":[2.49096,48.84897]}},{"type":"Feature","properties":{"id":"center-cite","kind":"center","nameKey":"pa.center","lab":1},"geometry":{"type":"Point","coordinates":[2.349,48.8547]}},{"type":"Feature","properties":{"id":"hub-lyon","kind":"hub","name":"Gare de Lyon","subKey":"pa.hub.lyon","lab":1},"geometry":{"type":"Point","coordinates":[2.37377,48.84468]}},{"type":"Feature","properties":{"id":"hub-chatelet","kind":"hub","name":"Châtelet","subKey":"pa.hub.chatelet","lab":1},"geometry":{"type":"Point","coordinates":[2.34741,48.85878]}},{"type":"Feature","properties":{"id":"hub-nation","kind":"hub","name":"Nation","subKey":"pa.hub.nation","lab":1},"geometry":{"type":"Point","coordinates":[2.39552,48.84768]}},{"type":"Feature","properties":{"id":"hub-opera","kind":"hub","name":"Opéra","subKey":"pa.hub.opera","lab":1},"geometry":{"type":"Point","coordinates":[2.33233,48.87064]}},{"type":"Feature","properties":{"id":"hub-montparnasse","kind":"hub","name":"Montparnasse","subKey":"pa.hub.montparnasse","lab":1},"geometry":{"type":"Point","coordinates":[2.32027,48.8421]}},{"type":"Feature","properties":{"id":"hub-est","kind":"hub","name":"Gare de l'Est","subKey":"pa.hub.est","lab":1},"geometry":{"type":"Point","coordinates":[2.35791,48.8762]}},{"type":"Feature","properties":{"id":"hub-republique","kind":"hub","name":"République","subKey":"pa.hub.republique","lab":1},"geometry":{"type":"Point","coordinates":[2.3637,48.86762]}},{"type":"Feature","properties":{"id":"hub-stlazare","kind":"hub","name":"Saint-Lazare","subKey":"pa.hub.stlazare","lab":1},"geometry":{"type":"Point","coordinates":[2.32535,48.87542]}},{"type":"Feature","properties":{"id":"hub-defense","kind":"hub","name":"La Défense","subKey":"pa.hub.defense","lab":1},"geometry":{"type":"Point","coordinates":[2.23692,48.89225]}},{"type":"Feature","properties":{"id":"hub-denfert","kind":"hub","name":"Denfert-Rochereau","subKey":"pa.hub.denfert","lab":1},"geometry":{"type":"Point","coordinates":[2.33264,48.83426]}},{"type":"Feature","properties":{"id":"hub-bastille","kind":"hub","name":"Bastille","subKey":"pa.hub.bastille","lab":1},"geometry":{"type":"Point","coordinates":[2.36886,48.85299]}},{"type":"Feature","properties":{"id":"hub-etoile","kind":"hub","name":"Charles de Gaulle–Étoile","subKey":"pa.hub.etoile","lab":1},"geometry":{"type":"Point","coordinates":[2.29487,48.87427]}},{"type":"Feature","properties":{"id":"hub-nord","kind":"hub","name":"Gare du Nord","subKey":"pa.hub.nord","lab":1},"geometry":{"type":"Point","coordinates":[2.3553,48.8809]}},{"type":"Feature","properties":{"id":"stop-metro-0","kind":"stop","name":"Malakoff - Rue Étienne Dolet","lineRef":"metro"},"geometry":{"type":"Point","coordinates":[2.29734,48.81519]}},{"type":"Feature","properties":{"id":"stop-metro-1","kind":"stop","name":"Asnières-sur-Seine","lineRef":"metro"},"geometry":{"type":"Point","coordinates":[2.28348,48.9059]}},{"type":"Feature","properties":{"id":"stop-metro-2","kind":"stop","name":"Clichy-Levallois","lineRef":"metro"},"geometry":{"type":"Point","coordinates":[2.29735,48.89759]}},{"type":"Feature","properties":{"id":"stop-metro-3","kind":"stop","name":"Les Sablons","lineRef":"metro"},"geometry":{"type":"Point","coordinates":[2.27223,48.88094]}},{"type":"Feature","properties":{"id":"stop-metro-4","kind":"stop","name":"Franklin D. Roosevelt","lineRef":"metro"},"geometry":{"type":"Point","coordinates":[2.30993,48.86903]}},{"type":"Feature","properties":{"id":"stop-metro-5","kind":"stop","name":"Tuileries","lineRef":"metro"},"geometry":{"type":"Point","coordinates":[2.32963,48.86452]}},{"type":"Feature","properties":{"id":"stop-metro-6","kind":"stop","name":"Saint-Paul","lineRef":"metro"},"geometry":{"type":"Point","coordinates":[2.36041,48.85538]}},{"type":"Feature","properties":{"id":"stop-metro-7","kind":"stop","name":"Marcel Sembat","lineRef":"metro"},"geometry":{"type":"Point","coordinates":[2.24359,48.83365]}},{"type":"Feature","properties":{"id":"stop-metro-8","kind":"stop","name":"La Motte-Picquet - Grenelle","lineRef":"metro"},"geometry":{"type":"Point","coordinates":[2.29817,48.8491]}},{"type":"Feature","properties":{"id":"stop-metro-9","kind":"stop","name":"Cambronne","lineRef":"metro"},"geometry":{"type":"Point","coordinates":[2.30295,48.84752]}},{"type":"Feature","properties":{"id":"stop-metro-10","kind":"stop","name":"Dupleix","lineRef":"metro"},"geometry":{"type":"Point","coordinates":[2.29366,48.85041]}},{"type":"Feature","properties":{"id":"stop-metro-11","kind":"stop","name":"Gare Montparnasse","lineRef":"metro"},"geometry":{"type":"Point","coordinates":[2.31911,48.84006]}},{"type":"Feature","properties":{"id":"stop-metro-12","kind":"stop","name":"Chaville Rive Droite","lineRef":"metro"},"geometry":{"type":"Point","coordinates":[2.18806,48.81234]}},{"type":"Feature","properties":{"id":"stop-metro-13","kind":"stop","name":"Mairie d'Issy","lineRef":"metro"},"geometry":{"type":"Point","coordinates":[2.27317,48.82416]}},{"type":"Feature","properties":{"id":"stop-metro-14","kind":"stop","name":"Corentin Celton","lineRef":"metro"},"geometry":{"type":"Point","coordinates":[2.27936,48.82706]}},{"type":"Feature","properties":{"id":"stop-metro-15","kind":"stop","name":"Convention","lineRef":"metro"},"geometry":{"type":"Point","coordinates":[2.29665,48.83729]}},{"type":"Feature","properties":{"id":"stop-metro-16","kind":"stop","name":"Invalides","lineRef":"metro"},"geometry":{"type":"Point","coordinates":[2.31384,48.86283]}},{"type":"Feature","properties":{"id":"stop-metro-17","kind":"stop","name":"Porte d'Orléans","lineRef":"metro"},"geometry":{"type":"Point","coordinates":[2.32561,48.82363]}},{"type":"Feature","properties":{"id":"stop-metro-18","kind":"stop","name":"Alésia","lineRef":"metro"},"geometry":{"type":"Point","coordinates":[2.32704,48.82803]}},{"type":"Feature","properties":{"id":"stop-metro-19","kind":"stop","name":"Mouton-Duvernet","lineRef":"metro"},"geometry":{"type":"Point","coordinates":[2.32987,48.83128]}},{"type":"Feature","properties":{"id":"stop-metro-20","kind":"stop","name":"Saint-Jacques","lineRef":"metro"},"geometry":{"type":"Point","coordinates":[2.33682,48.83298]}},{"type":"Feature","properties":{"id":"stop-metro-21","kind":"stop","name":"Glacière","lineRef":"metro"},"geometry":{"type":"Point","coordinates":[2.34349,48.83115]}},{"type":"Feature","properties":{"id":"stop-metro-22","kind":"stop","name":"Place d'Italie","lineRef":"metro"},"geometry":{"type":"Point","coordinates":[2.35589,48.83094]}},{"type":"Feature","properties":{"id":"stop-metro-23","kind":"stop","name":"Nationale","lineRef":"metro"},"geometry":{"type":"Point","coordinates":[2.36283,48.8332]}},{"type":"Feature","properties":{"id":"stop-metro-24","kind":"stop","name":"Chevaleret","lineRef":"metro"},"geometry":{"type":"Point","coordinates":[2.3681,48.83495]}},{"type":"Feature","properties":{"id":"stop-metro-25","kind":"stop","name":"Quai de la Gare","lineRef":"metro"},"geometry":{"type":"Point","coordinates":[2.37286,48.83704]}},{"type":"Feature","properties":{"id":"stop-metro-26","kind":"stop","name":"Stalingrad","lineRef":"metro"},"geometry":{"type":"Point","coordinates":[2.36707,48.88424]}},{"type":"Feature","properties":{"id":"stop-metro-27","kind":"stop","name":"Rosny Bois Perrier","lineRef":"metro"},"geometry":{"type":"Point","coordinates":[2.48119,48.88256]}},{"type":"Feature","properties":{"id":"stop-metro-28","kind":"stop","name":"Buttes Chaumont","lineRef":"metro"},"geometry":{"type":"Point","coordinates":[2.3812,48.8784]}},{"type":"Feature","properties":{"id":"stop-metro-29","kind":"stop","name":"Bolivar","lineRef":"metro"},"geometry":{"type":"Point","coordinates":[2.37391,48.88093]}},{"type":"Feature","properties":{"id":"stop-metro-30","kind":"stop","name":"Buzenval","lineRef":"metro"},"geometry":{"type":"Point","coordinates":[2.40133,48.85182]}},{"type":"Feature","properties":{"id":"stop-metro-31","kind":"stop","name":"Père Lachaise","lineRef":"metro"},"geometry":{"type":"Point","coordinates":[2.38741,48.86292]}},{"type":"Feature","properties":{"id":"stop-metro-32","kind":"stop","name":"Alexandre Dumas","lineRef":"metro"},"geometry":{"type":"Point","coordinates":[2.39444,48.85634]}},{"type":"Feature","properties":{"id":"stop-metro-33","kind":"stop","name":"Belleville","lineRef":"metro"},"geometry":{"type":"Point","coordinates":[2.37688,48.87203]}},{"type":"Feature","properties":{"id":"stop-metro-34","kind":"stop","name":"Blanche","lineRef":"metro"},"geometry":{"type":"Point","coordinates":[2.33359,48.88353]}},{"type":"Feature","properties":{"id":"stop-metro-35","kind":"stop","name":"Place de Clichy","lineRef":"metro"},"geometry":{"type":"Point","coordinates":[2.32729,48.88348]}},{"type":"Feature","properties":{"id":"stop-metro-36","kind":"stop","name":"Rome","lineRef":"metro"},"geometry":{"type":"Point","coordinates":[2.32133,48.8823]}},{"type":"Feature","properties":{"id":"stop-metro-37","kind":"stop","name":"Villiers","lineRef":"metro"},"geometry":{"type":"Point","coordinates":[2.31491,48.88112]}},{"type":"Feature","properties":{"id":"stop-metro-38","kind":"stop","name":"Monceau","lineRef":"metro"},"geometry":{"type":"Point","coordinates":[2.30864,48.88032]}},{"type":"Feature","properties":{"id":"stop-metro-39","kind":"stop","name":"Porte Dauphine","lineRef":"metro"},"geometry":{"type":"Point","coordinates":[2.27746,48.87155]}},{"type":"Feature","properties":{"id":"stop-metro-40","kind":"stop","name":"Rue Saint-Maur","lineRef":"metro"},"geometry":{"type":"Point","coordinates":[2.37948,48.86433]}},{"type":"Feature","properties":{"id":"stop-metro-41","kind":"stop","name":"Parmentier","lineRef":"metro"},"geometry":{"type":"Point","coordinates":[2.3739,48.86536]}},{"type":"Feature","properties":{"id":"stop-metro-42","kind":"stop","name":"Arts et Métiers","lineRef":"metro"},"geometry":{"type":"Point","coordinates":[2.35611,48.86547]}},{"type":"Feature","properties":{"id":"stop-metro-43","kind":"stop","name":"Bourse","lineRef":"metro"},"geometry":{"type":"Point","coordinates":[2.34144,48.86865]}},{"type":"Feature","properties":{"id":"stop-metro-44","kind":"stop","name":"Quatre Septembre","lineRef":"metro"},"geometry":{"type":"Point","coordinates":[2.33587,48.86959]}},{"type":"Feature","properties":{"id":"stop-metro-45","kind":"stop","name":"Havre - Caumartin","lineRef":"metro"},"geometry":{"type":"Point","coordinates":[2.32743,48.87375]}},{"type":"Feature","properties":{"id":"stop-metro-46","kind":"stop","name":"Malesherbes","lineRef":"metro"},"geometry":{"type":"Point","coordinates":[2.309,48.88298]}},{"type":"Feature","properties":{"id":"stop-metro-47","kind":"stop","name":"Wagram","lineRef":"metro"},"geometry":{"type":"Point","coordinates":[2.30374,48.88405]}},{"type":"Feature","properties":{"id":"stop-metro-48","kind":"stop","name":"Pereire","lineRef":"metro"},"geometry":{"type":"Point","coordinates":[2.29831,48.88479]}},{"type":"Feature","properties":{"id":"stop-metro-49","kind":"stop","name":"Vaugirard","lineRef":"metro"},"geometry":{"type":"Point","coordinates":[2.30128,48.83959]}},{"type":"Feature","properties":{"id":"stop-metro-50","kind":"stop","name":"Volontaires","lineRef":"metro"},"geometry":{"type":"Point","coordinates":[2.30801,48.84153]}},{"type":"Feature","properties":{"id":"stop-metro-51","kind":"stop","name":"Falguière","lineRef":"metro"},"geometry":{"type":"Point","coordinates":[2.31797,48.84449]}},{"type":"Feature","properties":{"id":"stop-metro-52","kind":"stop","name":"Duroc","lineRef":"metro"},"geometry":{"type":"Point","coordinates":[2.31663,48.84684]}},{"type":"Feature","properties":{"id":"stop-metro-53","kind":"stop","name":"Bel-Air","lineRef":"metro"},"geometry":{"type":"Point","coordinates":[2.40091,48.84134]}},{"type":"Feature","properties":{"id":"stop-metro-54","kind":"stop","name":"Marx Dormoy","lineRef":"metro"},"geometry":{"type":"Point","coordinates":[2.36,48.89051]}},{"type":"Feature","properties":{"id":"stop-metro-55","kind":"stop","name":"Jacques Bonsergent","lineRef":"metro"},"geometry":{"type":"Point","coordinates":[2.36075,48.87112]}},{"type":"Feature","properties":{"id":"stop-metro-56","kind":"stop","name":"Croix de Chavaux","lineRef":"metro"},"geometry":{"type":"Point","coordinates":[2.43575,48.85798]}},{"type":"Feature","properties":{"id":"stop-metro-57","kind":"stop","name":"Mairie de Montreuil","lineRef":"metro"},"geometry":{"type":"Point","coordinates":[2.44157,48.8626]}},{"type":"Feature","properties":{"id":"stop-metro-58","kind":"stop","name":"Maraîchers","lineRef":"metro"},"geometry":{"type":"Point","coordinates":[2.40613,48.85273]}},{"type":"Feature","properties":{"id":"stop-metro-59","kind":"stop","name":"Robespierre","lineRef":"metro"},"geometry":{"type":"Point","coordinates":[2.42371,48.85581]}},{"type":"Feature","properties":{"id":"stop-metro-60","kind":"stop","name":"Rue des Boulets","lineRef":"metro"},"geometry":{"type":"Point","coordinates":[2.38879,48.85258]}},{"type":"Feature","properties":{"id":"stop-metro-61","kind":"stop","name":"Charonne","lineRef":"metro"},"geometry":{"type":"Point","coordinates":[2.3853,48.85474]}},{"type":"Feature","properties":{"id":"stop-metro-62","kind":"stop","name":"Voltaire","lineRef":"metro"},"geometry":{"type":"Point","coordinates":[2.37982,48.85818]}},{"type":"Feature","properties":{"id":"stop-metro-63","kind":"stop","name":"Saint-Ambroise","lineRef":"metro"},"geometry":{"type":"Point","coordinates":[2.37473,48.86104]}},{"type":"Feature","properties":{"id":"stop-metro-64","kind":"stop","name":"Oberkampf","lineRef":"metro"},"geometry":{"type":"Point","coordinates":[2.36942,48.86411]}},{"type":"Feature","properties":{"id":"stop-metro-65","kind":"stop","name":"Bonne Nouvelle","lineRef":"metro"},"geometry":{"type":"Point","coordinates":[2.34875,48.87053]}},{"type":"Feature","properties":{"id":"stop-metro-66","kind":"stop","name":"Grands Boulevards","lineRef":"metro"},"geometry":{"type":"Point","coordinates":[2.3435,48.87144]}},{"type":"Feature","properties":{"id":"stop-metro-67","kind":"stop","name":"Saint-Augustin","lineRef":"metro"},"geometry":{"type":"Point","coordinates":[2.32179,48.87447]}},{"type":"Feature","properties":{"id":"stop-metro-68","kind":"stop","name":"Cardinal Lemoine","lineRef":"metro"},"geometry":{"type":"Point","coordinates":[2.35184,48.84653]}},{"type":"Feature","properties":{"id":"stop-metro-69","kind":"stop","name":"Maubert - Mutualité","lineRef":"metro"},"geometry":{"type":"Point","coordinates":[2.34843,48.85006]}},{"type":"Feature","properties":{"id":"stop-metro-70","kind":"stop","name":"Cluny-La Sorbonne","lineRef":"metro"},"geometry":{"type":"Point","coordinates":[2.34416,48.85109]}},{"type":"Feature","properties":{"id":"stop-metro-71","kind":"stop","name":"Mabillon","lineRef":"metro"},"geometry":{"type":"Point","coordinates":[2.33494,48.85289]}},{"type":"Feature","properties":{"id":"stop-metro-72","kind":"stop","name":"Balard","lineRef":"metro"},"geometry":{"type":"Point","coordinates":[2.27838,48.8364]}},{"type":"Feature","properties":{"id":"stop-metro-73","kind":"stop","name":"Lourmel","lineRef":"metro"},"geometry":{"type":"Point","coordinates":[2.28215,48.83874]}},{"type":"Feature","properties":{"id":"stop-metro-74","kind":"stop","name":"Boucicaut","lineRef":"metro"},"geometry":{"type":"Point","coordinates":[2.28792,48.84108]}},{"type":"Feature","properties":{"id":"stop-metro-75","kind":"stop","name":"Félix Faure","lineRef":"metro"},"geometry":{"type":"Point","coordinates":[2.29178,48.84268]}},{"type":"Feature","properties":{"id":"stop-metro-76","kind":"stop","name":"Dugommier","lineRef":"metro"},"geometry":{"type":"Point","coordinates":[2.38972,48.83904]}},{"type":"Feature","properties":{"id":"stop-metro-77","kind":"stop","name":"Bercy","lineRef":"metro"},"geometry":{"type":"Point","coordinates":[2.37993,48.84014]}},{"type":"Feature","properties":{"id":"stop-metro-78","kind":"stop","name":"Pasteur","lineRef":"metro"},"geometry":{"type":"Point","coordinates":[2.31259,48.84293]}},{"type":"Feature","properties":{"id":"stop-metro-79","kind":"stop","name":"Kléber","lineRef":"metro"},"geometry":{"type":"Point","coordinates":[2.29352,48.87168]}},{"type":"Feature","properties":{"id":"stop-metro-80","kind":"stop","name":"Passy","lineRef":"metro"},"geometry":{"type":"Point","coordinates":[2.28578,48.8575]}},{"type":"Feature","properties":{"id":"stop-metro-81","kind":"stop","name":"Iéna","lineRef":"metro"},"geometry":{"type":"Point","coordinates":[2.29373,48.86461]}},{"type":"Feature","properties":{"id":"stop-metro-82","kind":"stop","name":"Rue de la Pompe","lineRef":"metro"},"geometry":{"type":"Point","coordinates":[2.27815,48.86407]}},{"type":"Feature","properties":{"id":"stop-metro-83","kind":"stop","name":"La Muette","lineRef":"metro"},"geometry":{"type":"Point","coordinates":[2.27406,48.85798]}},{"type":"Feature","properties":{"id":"stop-metro-84","kind":"stop","name":"Ranelagh","lineRef":"metro"},"geometry":{"type":"Point","coordinates":[2.27022,48.85558]}},{"type":"Feature","properties":{"id":"stop-metro-85","kind":"stop","name":"Jasmin","lineRef":"metro"},"geometry":{"type":"Point","coordinates":[2.26818,48.85256]}},{"type":"Feature","properties":{"id":"stop-metro-86","kind":"stop","name":"Michel-Ange - Molitor","lineRef":"metro"},"geometry":{"type":"Point","coordinates":[2.26111,48.84501]}},{"type":"Feature","properties":{"id":"stop-metro-87","kind":"stop","name":"Exelmans","lineRef":"metro"},"geometry":{"type":"Point","coordinates":[2.26005,48.843]}},{"type":"Feature","properties":{"id":"stop-metro-88","kind":"stop","name":"Porte de Saint-Cloud","lineRef":"metro"},"geometry":{"type":"Point","coordinates":[2.25656,48.83779]}},{"type":"Feature","properties":{"id":"stop-metro-89","kind":"stop","name":"Alma-Marceau","lineRef":"metro"},"geometry":{"type":"Point","coordinates":[2.30029,48.86487]}},{"type":"Feature","properties":{"id":"stop-metro-90","kind":"stop","name":"Saint-Philippe du Roule","lineRef":"metro"},"geometry":{"type":"Point","coordinates":[2.31005,48.87224]}},{"type":"Feature","properties":{"id":"stop-metro-91","kind":"stop","name":"Miromesnil","lineRef":"metro"},"geometry":{"type":"Point","coordinates":[2.3145,48.87372]}},{"type":"Feature","properties":{"id":"stop-metro-92","kind":"stop","name":"Sèvres-Babylone","lineRef":"metro"},"geometry":{"type":"Point","coordinates":[2.32699,48.85125]}},{"type":"Feature","properties":{"id":"stop-metro-93","kind":"stop","name":"Mairie de Clichy","lineRef":"metro"},"geometry":{"type":"Point","coordinates":[2.30599,48.90323]}},{"type":"Feature","properties":{"id":"stop-metro-94","kind":"stop","name":"Brochant","lineRef":"metro"},"geometry":{"type":"Point","coordinates":[2.3202,48.89058]}},{"type":"Feature","properties":{"id":"stop-metro-95","kind":"stop","name":"La Fourche","lineRef":"metro"},"geometry":{"type":"Point","coordinates":[2.32582,48.88697]}},{"type":"Feature","properties":{"id":"stop-metro-96","kind":"stop","name":"Ségur","lineRef":"metro"},"geometry":{"type":"Point","coordinates":[2.30745,48.84698]}},{"type":"Feature","properties":{"id":"stop-metro-97","kind":"stop","name":"Avenue Émile Zola","lineRef":"metro"},"geometry":{"type":"Point","coordinates":[2.29532,48.84698]}},{"type":"Feature","properties":{"id":"stop-metro-98","kind":"stop","name":"Assemblée Nationale","lineRef":"metro"},"geometry":{"type":"Point","coordinates":[2.32117,48.86058]}},{"type":"Feature","properties":{"id":"stop-metro-99","kind":"stop","name":"Solférino","lineRef":"metro"},"geometry":{"type":"Point","coordinates":[2.32299,48.85866]}},{"type":"Feature","properties":{"id":"stop-metro-100","kind":"stop","name":"Rennes","lineRef":"metro"},"geometry":{"type":"Point","coordinates":[2.32778,48.8482]}},{"type":"Feature","properties":{"id":"stop-metro-101","kind":"stop","name":"Notre-Dame des Champs","lineRef":"metro"},"geometry":{"type":"Point","coordinates":[2.3288,48.84468]}},{"type":"Feature","properties":{"id":"stop-metro-102","kind":"stop","name":"Commerce","lineRef":"metro"},"geometry":{"type":"Point","coordinates":[2.29386,48.84471]}},{"type":"Feature","properties":{"id":"stop-metro-103","kind":"stop","name":"École Militaire","lineRef":"metro"},"geometry":{"type":"Point","coordinates":[2.30607,48.85466]}},{"type":"Feature","properties":{"id":"stop-metro-104","kind":"stop","name":"La Tour Maubourg","lineRef":"metro"},"geometry":{"type":"Point","coordinates":[2.31032,48.85756]}},{"type":"Feature","properties":{"id":"stop-metro-105","kind":"stop","name":"Filles du Calvaire","lineRef":"metro"},"geometry":{"type":"Point","coordinates":[2.36663,48.86332]}},{"type":"Feature","properties":{"id":"stop-metro-106","kind":"stop","name":"Saint-Sébastien - Froissart","lineRef":"metro"},"geometry":{"type":"Point","coordinates":[2.36723,48.86118]}},{"type":"Feature","properties":{"id":"stop-metro-107","kind":"stop","name":"Chemin Vert","lineRef":"metro"},"geometry":{"type":"Point","coordinates":[2.36814,48.85744]}},{"type":"Feature","properties":{"id":"stop-metro-108","kind":"stop","name":"Ledru-Rollin","lineRef":"metro"},"geometry":{"type":"Point","coordinates":[2.37603,48.85129]}},{"type":"Feature","properties":{"id":"stop-metro-109","kind":"stop","name":"Faidherbe — Chaligny","lineRef":"metro"},"geometry":{"type":"Point","coordinates":[2.38422,48.85016]}},{"type":"Feature","properties":{"id":"stop-metro-110","kind":"stop","name":"Montgallet","lineRef":"metro"},"geometry":{"type":"Point","coordinates":[2.3902,48.8443]}},{"type":"Feature","properties":{"id":"stop-metro-111","kind":"stop","name":"Michel Bizot","lineRef":"metro"},"geometry":{"type":"Point","coordinates":[2.40246,48.83707]}},{"type":"Feature","properties":{"id":"stop-metro-112","kind":"stop","name":"Liberté","lineRef":"metro"},"geometry":{"type":"Point","coordinates":[2.4062,48.82641]}},{"type":"Feature","properties":{"id":"stop-metro-113","kind":"stop","name":"Porte Dorée","lineRef":"metro"},"geometry":{"type":"Point","coordinates":[2.40618,48.83528]}},{"type":"Feature","properties":{"id":"stop-metro-114","kind":"stop","name":"Picpus","lineRef":"metro"},"geometry":{"type":"Point","coordinates":[2.40052,48.84518]}},{"type":"Feature","properties":{"id":"stop-metro-115","kind":"stop","name":"Porte de Charenton","lineRef":"metro"},"geometry":{"type":"Point","coordinates":[2.40119,48.83306]}},{"type":"Feature","properties":{"id":"stop-metro-116","kind":"stop","name":"Trinité d'Estienne d'Orves","lineRef":"metro"},"geometry":{"type":"Point","coordinates":[2.33264,48.87631]}},{"type":"Feature","properties":{"id":"stop-metro-117","kind":"stop","name":"Notre-Dame de Lorette","lineRef":"metro"},"geometry":{"type":"Point","coordinates":[2.33742,48.87604]}},{"type":"Feature","properties":{"id":"stop-metro-118","kind":"stop","name":"Saint-Georges","lineRef":"metro"},"geometry":{"type":"Point","coordinates":[2.33747,48.87845]}},{"type":"Feature","properties":{"id":"stop-metro-119","kind":"stop","name":"Abbesses","lineRef":"metro"},"geometry":{"type":"Point","coordinates":[2.33864,48.8848]}},{"type":"Feature","properties":{"id":"stop-metro-120","kind":"stop","name":"Lamarck - Caulaincourt","lineRef":"metro"},"geometry":{"type":"Point","coordinates":[2.33877,48.88976]}},{"type":"Feature","properties":{"id":"stop-metro-121","kind":"stop","name":"Jules Joffrin","lineRef":"metro"},"geometry":{"type":"Point","coordinates":[2.34465,48.89253]}},{"type":"Feature","properties":{"id":"stop-metro-122","kind":"stop","name":"Porte de la Chapelle","lineRef":"metro"},"geometry":{"type":"Point","coordinates":[2.35926,48.89769]}},{"type":"Feature","properties":{"id":"stop-metro-123","kind":"stop","name":"Simplon","lineRef":"metro"},"geometry":{"type":"Point","coordinates":[2.34784,48.89385]}},{"type":"Feature","properties":{"id":"stop-metro-124","kind":"stop","name":"Cité","lineRef":"metro"},"geometry":{"type":"Point","coordinates":[2.34754,48.85532]}},{"type":"Feature","properties":{"id":"stop-metro-125","kind":"stop","name":"Saint-Michel","lineRef":"metro"},"geometry":{"type":"Point","coordinates":[2.34351,48.85329]}},{"type":"Feature","properties":{"id":"stop-metro-126","kind":"stop","name":"Saint-Germain-des-Prés","lineRef":"metro"},"geometry":{"type":"Point","coordinates":[2.33447,48.85363]}},{"type":"Feature","properties":{"id":"stop-metro-127","kind":"stop","name":"Saint-Placide","lineRef":"metro"},"geometry":{"type":"Point","coordinates":[2.32702,48.8471]}},{"type":"Feature","properties":{"id":"stop-metro-128","kind":"stop","name":"Vavin","lineRef":"metro"},"geometry":{"type":"Point","coordinates":[2.32901,48.84222]}},{"type":"Feature","properties":{"id":"stop-metro-129","kind":"stop","name":"Charles Michels","lineRef":"metro"},"geometry":{"type":"Point","coordinates":[2.28588,48.84647]}},{"type":"Feature","properties":{"id":"stop-metro-130","kind":"stop","name":"Javel - André Citroën","lineRef":"metro"},"geometry":{"type":"Point","coordinates":[2.27828,48.84618]}},{"type":"Feature","properties":{"id":"stop-metro-131","kind":"stop","name":"Église d'Auteuil","lineRef":"metro"},"geometry":{"type":"Point","coordinates":[2.26864,48.84731]}},{"type":"Feature","properties":{"id":"stop-metro-132","kind":"stop","name":"Porte d'Auteuil","lineRef":"metro"},"geometry":{"type":"Point","coordinates":[2.25875,48.84809]}},{"type":"Feature","properties":{"id":"stop-metro-133","kind":"stop","name":"Chardon-Lagache","lineRef":"metro"},"geometry":{"type":"Point","coordinates":[2.26713,48.84543]}},{"type":"Feature","properties":{"id":"stop-metro-134","kind":"stop","name":"Mirabeau","lineRef":"metro"},"geometry":{"type":"Point","coordinates":[2.2717,48.84681]}},{"type":"Feature","properties":{"id":"stop-metro-135","kind":"stop","name":"Boulogne - Jean Jaurès","lineRef":"metro"},"geometry":{"type":"Point","coordinates":[2.23937,48.84211]}},{"type":"Feature","properties":{"id":"stop-metro-136","kind":"stop","name":"Boulogne - Pont de Saint-Cloud","lineRef":"metro"},"geometry":{"type":"Point","coordinates":[2.22833,48.84084]}},{"type":"Feature","properties":{"id":"stop-metro-137","kind":"stop","name":"Goncourt","lineRef":"metro"},"geometry":{"type":"Point","coordinates":[2.37107,48.86999]}},{"type":"Feature","properties":{"id":"stop-metro-138","kind":"stop","name":"Pyrénées","lineRef":"metro"},"geometry":{"type":"Point","coordinates":[2.38526,48.87386]}},{"type":"Feature","properties":{"id":"stop-metro-139","kind":"stop","name":"Jourdain","lineRef":"metro"},"geometry":{"type":"Point","coordinates":[2.38933,48.87509]}},{"type":"Feature","properties":{"id":"stop-metro-140","kind":"stop","name":"Riquet","lineRef":"metro"},"geometry":{"type":"Point","coordinates":[2.37422,48.88848]}},{"type":"Feature","properties":{"id":"stop-metro-141","kind":"stop","name":"Crimée","lineRef":"metro"},"geometry":{"type":"Point","coordinates":[2.37737,48.89085]}},{"type":"Feature","properties":{"id":"stop-metro-142","kind":"stop","name":"Corentin Cariou","lineRef":"metro"},"geometry":{"type":"Point","coordinates":[2.3823,48.89473]}},{"type":"Feature","properties":{"id":"stop-metro-143","kind":"stop","name":"Porte de la Villette","lineRef":"metro"},"geometry":{"type":"Point","coordinates":[2.38559,48.8974]}},{"type":"Feature","properties":{"id":"stop-metro-144","kind":"stop","name":"Sully - Morland","lineRef":"metro"},"geometry":{"type":"Point","coordinates":[2.36182,48.8514]}},{"type":"Feature","properties":{"id":"stop-metro-145","kind":"stop","name":"Pont Marie","lineRef":"metro"},"geometry":{"type":"Point","coordinates":[2.35659,48.85379]}},{"type":"Feature","properties":{"id":"stop-metro-146","kind":"stop","name":"Place Monge","lineRef":"metro"},"geometry":{"type":"Point","coordinates":[2.35228,48.84291]}},{"type":"Feature","properties":{"id":"stop-metro-147","kind":"stop","name":"Censier - Daubenton","lineRef":"metro"},"geometry":{"type":"Point","coordinates":[2.35193,48.84065]}},{"type":"Feature","properties":{"id":"stop-metro-148","kind":"stop","name":"Les Gobelins","lineRef":"metro"},"geometry":{"type":"Point","coordinates":[2.35267,48.83563]}},{"type":"Feature","properties":{"id":"stop-metro-149","kind":"stop","name":"Danube","lineRef":"metro"},"geometry":{"type":"Point","coordinates":[2.39422,48.88182]}},{"type":"Feature","properties":{"id":"stop-metro-150","kind":"stop","name":"Saint-Fargeau","lineRef":"metro"},"geometry":{"type":"Point","coordinates":[2.40431,48.87152]}},{"type":"Feature","properties":{"id":"stop-metro-151","kind":"stop","name":"Pelleport","lineRef":"metro"},"geometry":{"type":"Point","coordinates":[2.40132,48.8681]}},{"type":"Feature","properties":{"id":"stop-metro-152","kind":"stop","name":"Guy Môquet","lineRef":"metro"},"geometry":{"type":"Point","coordinates":[2.32734,48.89274]}},{"type":"Feature","properties":{"id":"stop-metro-153","kind":"stop","name":"Porte de Saint-Ouen","lineRef":"metro"},"geometry":{"type":"Point","coordinates":[2.32884,48.89716]}},{"type":"Feature","properties":{"id":"stop-metro-154","kind":"stop","name":"Garibaldi","lineRef":"metro"},"geometry":{"type":"Point","coordinates":[2.33173,48.90579]}},{"type":"Feature","properties":{"id":"stop-metro-155","kind":"stop","name":"Tolbiac","lineRef":"metro"},"geometry":{"type":"Point","coordinates":[2.35735,48.82609]}},{"type":"Feature","properties":{"id":"stop-metro-156","kind":"stop","name":"Maison Blanche","lineRef":"metro"},"geometry":{"type":"Point","coordinates":[2.35889,48.82148]}},{"type":"Feature","properties":{"id":"stop-metro-157","kind":"stop","name":"Aubervilliers - Pantin - Quatre Chemins","lineRef":"metro"},"geometry":{"type":"Point","coordinates":[2.39225,48.90363]}},{"type":"Feature","properties":{"id":"stop-metro-158","kind":"stop","name":"Champs-Élysées - Clemenceau","lineRef":"metro"},"geometry":{"type":"Point","coordinates":[2.31407,48.86749]}},{"type":"Feature","properties":{"id":"stop-metro-159","kind":"stop","name":"Maisons-Alfort — Les Juilliottes","lineRef":"metro"},"geometry":{"type":"Point","coordinates":[2.44561,48.80333]}},{"type":"Feature","properties":{"id":"stop-metro-160","kind":"stop","name":"Maisons-Alfort — Stade","lineRef":"metro"},"geometry":{"type":"Point","coordinates":[2.43472,48.80904]}},{"type":"Feature","properties":{"id":"stop-metro-161","kind":"stop","name":"École Vétérinaire de Maisons-Alfort","lineRef":"metro"},"geometry":{"type":"Point","coordinates":[2.42173,48.81502]}},{"type":"Feature","properties":{"id":"stop-metro-162","kind":"stop","name":"Charenton-Écoles","lineRef":"metro"},"geometry":{"type":"Point","coordinates":[2.41378,48.82156]}},{"type":"Feature","properties":{"id":"stop-metro-163","kind":"stop","name":"Chaville Rive Gauche","lineRef":"metro"},"geometry":{"type":"Point","coordinates":[2.18891,48.80481]}},{"type":"Feature","properties":{"id":"stop-metro-164","kind":"stop","name":"Villejuif - Léo Lagrange","lineRef":"metro"},"geometry":{"type":"Point","coordinates":[2.36379,48.80513]}},{"type":"Feature","properties":{"id":"stop-metro-165","kind":"stop","name":"Le Kremlin-Bicêtre","lineRef":"metro"},"geometry":{"type":"Point","coordinates":[2.36224,48.81033]}},{"type":"Feature","properties":{"id":"stop-metro-166","kind":"stop","name":"Nogent - Le Perreux","lineRef":"metro"},"geometry":{"type":"Point","coordinates":[2.49427,48.83861]}},{"type":"Feature","properties":{"id":"stop-metro-167","kind":"stop","name":"Saint-Sulpice","lineRef":"metro"},"geometry":{"type":"Point","coordinates":[2.3307,48.8511]}},{"type":"Feature","properties":{"id":"stop-metro-168","kind":"stop","name":"Château Landon","lineRef":"metro"},"geometry":{"type":"Point","coordinates":[2.36243,48.87891]}},{"type":"Feature","properties":{"id":"stop-metro-169","kind":"stop","name":"La Courneuve - Aubervilliers","lineRef":"metro"},"geometry":{"type":"Point","coordinates":[2.38496,48.9241]}},{"type":"Feature","properties":{"id":"stop-metro-170","kind":"stop","name":"Magenta","lineRef":"metro"},"geometry":{"type":"Point","coordinates":[2.35871,48.8808]}},{"type":"Feature","properties":{"id":"stop-metro-171","kind":"stop","name":"Pantin","lineRef":"metro"},"geometry":{"type":"Point","coordinates":[2.40049,48.89795]}},{"type":"Feature","properties":{"id":"stop-metro-172","kind":"stop","name":"Bir-Hakeim","lineRef":"metro"},"geometry":{"type":"Point","coordinates":[2.28938,48.85389]}},{"type":"Feature","properties":{"id":"stop-metro-173","kind":"stop","name":"Billancourt","lineRef":"metro"},"geometry":{"type":"Point","coordinates":[2.23724,48.8317]}},{"type":"Feature","properties":{"id":"stop-metro-174","kind":"stop","name":"Pont de Sèvres","lineRef":"metro"},"geometry":{"type":"Point","coordinates":[2.23084,48.82967]}},{"type":"Feature","properties":{"id":"stop-metro-175","kind":"stop","name":"Garches - Marnes-la-Coquette","lineRef":"metro"},"geometry":{"type":"Point","coordinates":[2.18713,48.8383]}},{"type":"Feature","properties":{"id":"stop-metro-176","kind":"stop","name":"Nanterre-Préfecture","lineRef":"metro"},"geometry":{"type":"Point","coordinates":[2.22316,48.89573]}},{"type":"Feature","properties":{"id":"stop-metro-177","kind":"stop","name":"Porte de Choisy","lineRef":"metro"},"geometry":{"type":"Point","coordinates":[2.36479,48.82012]}},{"type":"Feature","properties":{"id":"stop-metro-178","kind":"stop","name":"Pierre et Marie Curie","lineRef":"metro"},"geometry":{"type":"Point","coordinates":[2.37735,48.8159]}},{"type":"Feature","properties":{"id":"stop-metro-179","kind":"stop","name":"Vaneau","lineRef":"metro"},"geometry":{"type":"Point","coordinates":[2.32185,48.84915]}},{"type":"Feature","properties":{"id":"stop-metro-180","kind":"stop","name":"Bécon-les-Bruyères","lineRef":"metro"},"geometry":{"type":"Point","coordinates":[2.26878,48.90556]}},{"type":"Feature","properties":{"id":"stop-metro-181","kind":"stop","name":"Nanterre - Université","lineRef":"metro"},"geometry":{"type":"Point","coordinates":[2.21336,48.90105]}},{"type":"Feature","properties":{"id":"stop-metro-182","kind":"stop","name":"Ternes","lineRef":"metro"},"geometry":{"type":"Point","coordinates":[2.29907,48.87831]}},{"type":"Feature","properties":{"id":"stop-metro-183","kind":"stop","name":"Avron","lineRef":"metro"},"geometry":{"type":"Point","coordinates":[2.39822,48.8515]}},{"type":"Feature","properties":{"id":"stop-metro-184","kind":"stop","name":"Marcadet - Poissonniers","lineRef":"metro"},"geometry":{"type":"Point","coordinates":[2.34973,48.89148]}},{"type":"Feature","properties":{"id":"stop-metro-185","kind":"stop","name":"Sèvres-Lecourbe","lineRef":"metro"},"geometry":{"type":"Point","coordinates":[2.30958,48.84562]}},{"type":"Feature","properties":{"id":"stop-metro-186","kind":"stop","name":"Les Ardoines","lineRef":"metro"},"geometry":{"type":"Point","coordinates":[2.40945,48.783]}},{"type":"Feature","properties":{"id":"stop-metro-187","kind":"stop","name":"Porte de Clignancourt","lineRef":"metro"},"geometry":{"type":"Point","coordinates":[2.34485,48.8974]}},{"type":"Feature","properties":{"id":"stop-metro-188","kind":"stop","name":"Europe","lineRef":"metro"},"geometry":{"type":"Point","coordinates":[2.32228,48.87877]}},{"type":"Feature","properties":{"id":"stop-metro-189","kind":"stop","name":"Botzaris","lineRef":"metro"},"geometry":{"type":"Point","coordinates":[2.38859,48.87951]}},{"type":"Feature","properties":{"id":"stop-metro-190","kind":"stop","name":"Jaurès","lineRef":"metro"},"geometry":{"type":"Point","coordinates":[2.37033,48.88259]}},{"type":"Feature","properties":{"id":"stop-metro-191","kind":"stop","name":"Porte de Vanves","lineRef":"metro"},"geometry":{"type":"Point","coordinates":[2.30548,48.82768]}},{"type":"Feature","properties":{"id":"stop-metro-192","kind":"stop","name":"Place des Fêtes","lineRef":"metro"},"geometry":{"type":"Point","coordinates":[2.39321,48.87687]}},{"type":"Feature","properties":{"id":"stop-metro-193","kind":"stop","name":"Stalingrad","lineRef":"metro"},"geometry":{"type":"Point","coordinates":[2.37024,48.88516]}},{"type":"Feature","properties":{"id":"stop-metro-194","kind":"stop","name":"Mairie de Montrouge","lineRef":"metro"},"geometry":{"type":"Point","coordinates":[2.31925,48.81796]}},{"type":"Feature","properties":{"id":"stop-metro-195","kind":"stop","name":"Porte de Montreuil","lineRef":"metro"},"geometry":{"type":"Point","coordinates":[2.41066,48.85354]}},{"type":"Feature","properties":{"id":"stop-metro-196","kind":"stop","name":"Avenue du Président Kennedy - Maison de Radio-France","lineRef":"metro"},"geometry":{"type":"Point","coordinates":[2.28017,48.85323]}},{"type":"Feature","properties":{"id":"stop-metro-197","kind":"stop","name":"Issy Val de Seine","lineRef":"metro"},"geometry":{"type":"Point","coordinates":[2.26334,48.82967]}},{"type":"Feature","properties":{"id":"stop-metro-198","kind":"stop","name":"Musée d'Orsay","lineRef":"metro"},"geometry":{"type":"Point","coordinates":[2.32591,48.86059]}},{"type":"Feature","properties":{"id":"stop-metro-199","kind":"stop","name":"Javel","lineRef":"metro"},"geometry":{"type":"Point","coordinates":[2.27717,48.84651]}},{"type":"Feature","properties":{"id":"stop-metro-200","kind":"stop","name":"Porte Maillot","lineRef":"metro"},"geometry":{"type":"Point","coordinates":[2.2827,48.87774]}},{"type":"Feature","properties":{"id":"stop-metro-201","kind":"stop","name":"Le Val d'Or","lineRef":"metro"},"geometry":{"type":"Point","coordinates":[2.21657,48.85639]}},{"type":"Feature","properties":{"id":"stop-metro-202","kind":"stop","name":"Puteaux","lineRef":"metro"},"geometry":{"type":"Point","coordinates":[2.23372,48.88342]}},{"type":"Feature","properties":{"id":"stop-metro-203","kind":"stop","name":"Suresnes Mont-Valérien","lineRef":"metro"},"geometry":{"type":"Point","coordinates":[2.22103,48.87173]}},{"type":"Feature","properties":{"id":"stop-metro-204","kind":"stop","name":"Paris Gare de l'Est","lineRef":"metro"},"geometry":{"type":"Point","coordinates":[2.35949,48.8771]}},{"type":"Feature","properties":{"id":"stop-metro-205","kind":"stop","name":"Serge Gainsbourg","lineRef":"metro"},"geometry":{"type":"Point","coordinates":[2.42744,48.88136]}},{"type":"Feature","properties":{"id":"stop-metro-206","kind":"stop","name":"Romainville - Carnot","lineRef":"metro"},"geometry":{"type":"Point","coordinates":[2.44056,48.88316]}},{"type":"Feature","properties":{"id":"stop-metro-207","kind":"stop","name":"Aimé Césaire","lineRef":"metro"},"geometry":{"type":"Point","coordinates":[2.37785,48.90823]}},{"type":"Feature","properties":{"id":"stop-metro-208","kind":"stop","name":"Paris Gare du Nord","lineRef":"metro"},"geometry":{"type":"Point","coordinates":[2.35497,48.8804]}},{"type":"Feature","properties":{"id":"stop-metro-209","kind":"stop","name":"Bibliothèque François Mitterrand","lineRef":"metro"},"geometry":{"type":"Point","coordinates":[2.37705,48.82972]}},{"type":"Feature","properties":{"id":"stop-metro-210","kind":"stop","name":"Champ de Mars - Tour Eiffel","lineRef":"metro"},"geometry":{"type":"Point","coordinates":[2.28976,48.85671]}},{"type":"Feature","properties":{"id":"stop-metro-211","kind":"stop","name":"Pont de l'Alma","lineRef":"metro"},"geometry":{"type":"Point","coordinates":[2.29999,48.86255]}},{"type":"Feature","properties":{"id":"stop-metro-212","kind":"stop","name":"Anvers","lineRef":"metro"},"geometry":{"type":"Point","coordinates":[2.34426,48.88288]}},{"type":"Feature","properties":{"id":"stop-metro-213","kind":"stop","name":"La Chapelle","lineRef":"metro"},"geometry":{"type":"Point","coordinates":[2.36031,48.88441]}},{"type":"Feature","properties":{"id":"stop-metro-214","kind":"stop","name":"Paris Austerlitz","lineRef":"metro"},"geometry":{"type":"Point","coordinates":[2.36646,48.84124]}},{"type":"Feature","properties":{"id":"stop-metro-215","kind":"stop","name":"Quai de la Rapée","lineRef":"metro"},"geometry":{"type":"Point","coordinates":[2.3659,48.84648]}},{"type":"Feature","properties":{"id":"stop-metro-216","kind":"stop","name":"Sentier","lineRef":"metro"},"geometry":{"type":"Point","coordinates":[2.34576,48.86772]}},{"type":"Feature","properties":{"id":"stop-metro-217","kind":"stop","name":"Meudon Val Fleury","lineRef":"metro"},"geometry":{"type":"Point","coordinates":[2.24121,48.8079]}},{"type":"Feature","properties":{"id":"stop-metro-218","kind":"stop","name":"Issy","lineRef":"metro"},"geometry":{"type":"Point","coordinates":[2.25924,48.81988]}},{"type":"Feature","properties":{"id":"stop-metro-219","kind":"stop","name":"Avenue Foch","lineRef":"metro"},"geometry":{"type":"Point","coordinates":[2.27526,48.87056]}},{"type":"Feature","properties":{"id":"stop-metro-220","kind":"stop","name":"Avenue Henri Martin","lineRef":"metro"},"geometry":{"type":"Point","coordinates":[2.27215,48.86455]}},{"type":"Feature","properties":{"id":"stop-metro-221","kind":"stop","name":"Gare d'Austerlitz","lineRef":"metro"},"geometry":{"type":"Point","coordinates":[2.36499,48.8424]}},{"type":"Feature","properties":{"id":"stop-metro-222","kind":"stop","name":"Pereire - Levallois","lineRef":"metro"},"geometry":{"type":"Point","coordinates":[2.29819,48.8855]}},{"type":"Feature","properties":{"id":"stop-metro-223","kind":"stop","name":"Chaville-Vélizy","lineRef":"metro"},"geometry":{"type":"Point","coordinates":[2.18407,48.79957]}},{"type":"Feature","properties":{"id":"stop-metro-224","kind":"stop","name":"Sèvres-Rive-Gauche","lineRef":"metro"},"geometry":{"type":"Point","coordinates":[2.2149,48.82122]}},{"type":"Feature","properties":{"id":"stop-metro-225","kind":"stop","name":"Ivry-sur-Seine","lineRef":"metro"},"geometry":{"type":"Point","coordinates":[2.39124,48.81447]}},{"type":"Feature","properties":{"id":"stop-metro-226","kind":"stop","name":"Vitry-sur-Seine","lineRef":"metro"},"geometry":{"type":"Point","coordinates":[2.40248,48.80061]}},{"type":"Feature","properties":{"id":"stop-metro-227","kind":"stop","name":"Maisons-Alfort - Alfortville","lineRef":"metro"},"geometry":{"type":"Point","coordinates":[2.42645,48.80233]}},{"type":"Feature","properties":{"id":"stop-metro-228","kind":"stop","name":"Paris-Saint-Lazare","lineRef":"metro"},"geometry":{"type":"Point","coordinates":[2.32524,48.87653]}},{"type":"Feature","properties":{"id":"stop-metro-229","kind":"stop","name":"Saint-Michel Notre-Dame","lineRef":"metro"},"geometry":{"type":"Point","coordinates":[2.34578,48.85335]}},{"type":"Feature","properties":{"id":"stop-metro-230","kind":"stop","name":"Rosny-sous-Bois","lineRef":"metro"},"geometry":{"type":"Point","coordinates":[2.4859,48.87066]}},{"type":"Feature","properties":{"id":"stop-metro-231","kind":"stop","name":"Pont du Garigliano","lineRef":"metro"},"geometry":{"type":"Point","coordinates":[2.27066,48.8393]}},{"type":"Feature","properties":{"id":"stop-metro-232","kind":"stop","name":"Noisy-le-Sec","lineRef":"metro"},"geometry":{"type":"Point","coordinates":[2.45974,48.89654]}},{"type":"Feature","properties":{"id":"stop-metro-233","kind":"stop","name":"Neuilly - Porte Maillot","lineRef":"metro"},"geometry":{"type":"Point","coordinates":[2.28566,48.87871]}},{"type":"Feature","properties":{"id":"stop-metro-234","kind":"stop","name":"Victor Hugo","lineRef":"metro"},"geometry":{"type":"Point","coordinates":[2.28607,48.86994]}},{"type":"Feature","properties":{"id":"stop-metro-235","kind":"stop","name":"Concorde","lineRef":"metro"},"geometry":{"type":"Point","coordinates":[2.32238,48.86621]}},{"type":"Feature","properties":{"id":"stop-metro-236","kind":"stop","name":"Rosa Parks","lineRef":"metro"},"geometry":{"type":"Point","coordinates":[2.37406,48.89649]}},{"type":"Feature","properties":{"id":"stop-metro-237","kind":"stop","name":"Invalides","lineRef":"metro"},"geometry":{"type":"Point","coordinates":[2.3145,48.86017]}},{"type":"Feature","properties":{"id":"stop-metro-238","kind":"stop","name":"Trocadéro","lineRef":"metro"},"geometry":{"type":"Point","coordinates":[2.28719,48.86304]}},{"type":"Feature","properties":{"id":"stop-metro-239","kind":"stop","name":"Pigalle","lineRef":"metro"},"geometry":{"type":"Point","coordinates":[2.33809,48.8823]}},{"type":"Feature","properties":{"id":"stop-metro-240","kind":"stop","name":"Château Rouge","lineRef":"metro"},"geometry":{"type":"Point","coordinates":[2.34955,48.88729]}},{"type":"Feature","properties":{"id":"stop-metro-241","kind":"stop","name":"Jussieu","lineRef":"metro"},"geometry":{"type":"Point","coordinates":[2.3548,48.84596]}},{"type":"Feature","properties":{"id":"stop-metro-242","kind":"stop","name":"Colombes","lineRef":"metro"},"geometry":{"type":"Point","coordinates":[2.2593,48.92403]}},{"type":"Feature","properties":{"id":"stop-metro-243","kind":"stop","name":"Charles de Gaulle — Étoile","lineRef":"metro"},"geometry":{"type":"Point","coordinates":[2.29551,48.87441]}},{"type":"Feature","properties":{"id":"stop-metro-244","kind":"stop","name":"Meudon","lineRef":"metro"},"geometry":{"type":"Point","coordinates":[2.24066,48.81496]}},{"type":"Feature","properties":{"id":"stop-metro-245","kind":"stop","name":"Barbara","lineRef":"metro"},"geometry":{"type":"Point","coordinates":[2.31771,48.8092]}},{"type":"Feature","properties":{"id":"stop-metro-246","kind":"stop","name":"Bois-Colombes","lineRef":"metro"},"geometry":{"type":"Point","coordinates":[2.27146,48.91434]}},{"type":"Feature","properties":{"id":"stop-metro-247","kind":"stop","name":"La Garenne-Colombes","lineRef":"metro"},"geometry":{"type":"Point","coordinates":[2.23987,48.90969]}},{"type":"Feature","properties":{"id":"stop-metro-248","kind":"stop","name":"Bondy","lineRef":"metro"},"geometry":{"type":"Point","coordinates":[2.47913,48.89403]}},{"type":"Feature","properties":{"id":"stop-metro-249","kind":"stop","name":"Courbevoie","lineRef":"metro"},"geometry":{"type":"Point","coordinates":[2.24832,48.89827]}},{"type":"Feature","properties":{"id":"stop-metro-250","kind":"stop","name":"Clamart","lineRef":"metro"},"geometry":{"type":"Point","coordinates":[2.27442,48.81422]}},{"type":"Feature","properties":{"id":"stop-metro-251","kind":"stop","name":"Sèvres Ville-d'Avray","lineRef":"metro"},"geometry":{"type":"Point","coordinates":[2.20076,48.82741]}},{"type":"Feature","properties":{"id":"stop-metro-252","kind":"stop","name":"Saint-Cloud","lineRef":"metro"},"geometry":{"type":"Point","coordinates":[2.21762,48.84613]}},{"type":"Feature","properties":{"id":"stop-metro-253","kind":"stop","name":"Esplanade de La Défense","lineRef":"metro"},"geometry":{"type":"Point","coordinates":[2.25008,48.88805]}},{"type":"Feature","properties":{"id":"stop-metro-254","kind":"stop","name":"Palais Royal - Musée du Louvre","lineRef":"metro"},"geometry":{"type":"Point","coordinates":[2.33604,48.86249]}},{"type":"Feature","properties":{"id":"stop-metro-255","kind":"stop","name":"Hôtel de Ville","lineRef":"metro"},"geometry":{"type":"Point","coordinates":[2.35154,48.85754]}},{"type":"Feature","properties":{"id":"stop-metro-256","kind":"stop","name":"Strasbourg - Saint-Denis","lineRef":"metro"},"geometry":{"type":"Point","coordinates":[2.35429,48.8693]}},{"type":"Feature","properties":{"id":"stop-metro-257","kind":"stop","name":"Barbès - Rochechouart","lineRef":"metro"},"geometry":{"type":"Point","coordinates":[2.3497,48.88375]}},{"type":"Feature","properties":{"id":"stop-metro-258","kind":"stop","name":"Porte des Lilas","lineRef":"metro"},"geometry":{"type":"Point","coordinates":[2.40642,48.87697]}},{"type":"Feature","properties":{"id":"stop-metro-259","kind":"stop","name":"Louis Blanc","lineRef":"metro"},"geometry":{"type":"Point","coordinates":[2.36536,48.88133]}},{"type":"Feature","properties":{"id":"stop-metro-260","kind":"stop","name":"Bibliothèque François Mitterrand","lineRef":"metro"},"geometry":{"type":"Point","coordinates":[2.37685,48.83001]}},{"type":"Feature","properties":{"id":"stop-metro-261","kind":"stop","name":"Gare du Nord (Métro)","lineRef":"metro"},"geometry":{"type":"Point","coordinates":[2.35721,48.87957]}},{"type":"Feature","properties":{"id":"stop-metro-262","kind":"stop","name":"Porte de Clichy","lineRef":"metro"},"geometry":{"type":"Point","coordinates":[2.31511,48.89408]}},{"type":"Feature","properties":{"id":"stop-metro-263","kind":"stop","name":"Val-de-Fontenay (RER A)","lineRef":"metro"},"geometry":{"type":"Point","coordinates":[2.48888,48.85421]}},{"type":"Feature","properties":{"id":"stop-metro-264","kind":"stop","name":"Val de Fontenay","lineRef":"metro"},"geometry":{"type":"Point","coordinates":[2.48914,48.85436]}},{"type":"Feature","properties":{"id":"stop-metro-265","kind":"stop","name":"Pont Neuf","lineRef":"metro"},"geometry":{"type":"Point","coordinates":[2.34222,48.85858]}},{"type":"Feature","properties":{"id":"stop-metro-266","kind":"stop","name":"Réaumur - Sébastopol","lineRef":"metro"},"geometry":{"type":"Point","coordinates":[2.35261,48.86625]}},{"type":"Feature","properties":{"id":"stop-metro-267","kind":"stop","name":"Étienne Marcel","lineRef":"metro"},"geometry":{"type":"Point","coordinates":[2.34903,48.86387]}},{"type":"Feature","properties":{"id":"stop-metro-268","kind":"stop","name":"Château d'Eau","lineRef":"metro"},"geometry":{"type":"Point","coordinates":[2.35635,48.87289]}},{"type":"Feature","properties":{"id":"stop-metro-269","kind":"stop","name":"Chaussée d'Antin - La Fayette","lineRef":"metro"},"geometry":{"type":"Point","coordinates":[2.33321,48.87304]}},{"type":"Feature","properties":{"id":"stop-metro-270","kind":"stop","name":"Le Peletier","lineRef":"metro"},"geometry":{"type":"Point","coordinates":[2.34023,48.8749]}},{"type":"Feature","properties":{"id":"stop-metro-271","kind":"stop","name":"Cadet","lineRef":"metro"},"geometry":{"type":"Point","coordinates":[2.34448,48.87601]}},{"type":"Feature","properties":{"id":"stop-metro-272","kind":"stop","name":"Poissonnière","lineRef":"metro"},"geometry":{"type":"Point","coordinates":[2.34874,48.87712]}},{"type":"Feature","properties":{"id":"stop-metro-273","kind":"stop","name":"Pyramides","lineRef":"metro"},"geometry":{"type":"Point","coordinates":[2.33447,48.86575]}},{"type":"Feature","properties":{"id":"stop-metro-274","kind":"stop","name":"Stade de France - Saint-Denis","lineRef":"metro"},"geometry":{"type":"Point","coordinates":[2.35048,48.9177]}},{"type":"Feature","properties":{"id":"stop-metro-275","kind":"stop","name":"Porte d'Ivry","lineRef":"metro"},"geometry":{"type":"Point","coordinates":[2.36934,48.8216]}},{"type":"Feature","properties":{"id":"stop-metro-276","kind":"stop","name":"Front Populaire","lineRef":"metro"},"geometry":{"type":"Point","coordinates":[2.36594,48.90645]}},{"type":"Feature","properties":{"id":"stop-metro-277","kind":"stop","name":"Saint-Ouen","lineRef":"metro"},"geometry":{"type":"Point","coordinates":[2.3225,48.90534]}},{"type":"Feature","properties":{"id":"stop-metro-278","kind":"stop","name":"Les Grésillons","lineRef":"metro"},"geometry":{"type":"Point","coordinates":[2.3138,48.92094]}},{"type":"Feature","properties":{"id":"stop-metro-279","kind":"stop","name":"Pont Cardinet","lineRef":"metro"},"geometry":{"type":"Point","coordinates":[2.31378,48.88801]}},{"type":"Feature","properties":{"id":"stop-metro-280","kind":"stop","name":"Bellevue","lineRef":"metro"},"geometry":{"type":"Point","coordinates":[2.22908,48.81922]}},{"type":"Feature","properties":{"id":"stop-metro-281","kind":"stop","name":"Vanves Malakoff","lineRef":"metro"},"geometry":{"type":"Point","coordinates":[2.29176,48.81822]}},{"type":"Feature","properties":{"id":"stop-metro-282","kind":"stop","name":"Houilles Carrières-sur-Seine","lineRef":"metro"},"geometry":{"type":"Point","coordinates":[2.18539,48.92032]}},{"type":"Feature","properties":{"id":"stop-metro-283","kind":"stop","name":"Les Vallées","lineRef":"metro"},"geometry":{"type":"Point","coordinates":[2.258,48.91356]}},{"type":"Feature","properties":{"id":"stop-metro-284","kind":"stop","name":"Gambetta","lineRef":"metro"},"geometry":{"type":"Point","coordinates":[2.39805,48.86493]}},{"type":"Feature","properties":{"id":"stop-metro-285","kind":"stop","name":"Argentine","lineRef":"metro"},"geometry":{"type":"Point","coordinates":[2.29013,48.87534]}},{"type":"Feature","properties":{"id":"stop-metro-286","kind":"stop","name":"Haussmann - Saint-Lazare","lineRef":"metro"},"geometry":{"type":"Point","coordinates":[2.3287,48.875]}},{"type":"Feature","properties":{"id":"stop-metro-287","kind":"stop","name":"Le Vert de Maisons","lineRef":"metro"},"geometry":{"type":"Point","coordinates":[2.43203,48.78903]}},{"type":"Feature","properties":{"id":"stop-metro-288","kind":"stop","name":"Courcelles","lineRef":"metro"},"geometry":{"type":"Point","coordinates":[2.30436,48.87941]}},{"type":"Feature","properties":{"id":"stop-metro-289","kind":"stop","name":"Boulainvilliers","lineRef":"metro"},"geometry":{"type":"Point","coordinates":[2.27517,48.85657]}},{"type":"Feature","properties":{"id":"stop-metro-290","kind":"stop","name":"Mairie d'Ivry","lineRef":"metro"},"geometry":{"type":"Point","coordinates":[2.38397,48.81099]}},{"type":"Feature","properties":{"id":"stop-metro-291","kind":"stop","name":"Porte de Bagnolet","lineRef":"metro"},"geometry":{"type":"Point","coordinates":[2.40718,48.8646]}},{"type":"Feature","properties":{"id":"stop-metro-292","kind":"stop","name":"Edgar Quinet","lineRef":"metro"},"geometry":{"type":"Point","coordinates":[2.32507,48.84111]}},{"type":"Feature","properties":{"id":"stop-metro-293","kind":"stop","name":"Olympiades","lineRef":"metro"},"geometry":{"type":"Point","coordinates":[2.36642,48.82704]}},{"type":"Feature","properties":{"id":"stop-metro-294","kind":"stop","name":"Bobigny - Pantin - Raymond Queneau","lineRef":"metro"},"geometry":{"type":"Point","coordinates":[2.42519,48.89541]}},{"type":"Feature","properties":{"id":"stop-metro-295","kind":"stop","name":"Porte de Pantin","lineRef":"metro"},"geometry":{"type":"Point","coordinates":[2.39268,48.88866]}},{"type":"Feature","properties":{"id":"stop-metro-296","kind":"stop","name":"Laumière","lineRef":"metro"},"geometry":{"type":"Point","coordinates":[2.37944,48.88516]}},{"type":"Feature","properties":{"id":"stop-metro-297","kind":"stop","name":"Ourcq","lineRef":"metro"},"geometry":{"type":"Point","coordinates":[2.38664,48.88708]}},{"type":"Feature","properties":{"id":"stop-metro-298","kind":"stop","name":"Hoche","lineRef":"metro"},"geometry":{"type":"Point","coordinates":[2.40251,48.89128]}},{"type":"Feature","properties":{"id":"stop-metro-299","kind":"stop","name":"Église de Pantin","lineRef":"metro"},"geometry":{"type":"Point","coordinates":[2.41331,48.89325]}},{"type":"Feature","properties":{"id":"stop-metro-300","kind":"stop","name":"Porte de Versailles","lineRef":"metro"},"geometry":{"type":"Point","coordinates":[2.28795,48.83243]}},{"type":"Feature","properties":{"id":"stop-metro-301","kind":"stop","name":"Rue du Bac","lineRef":"metro"},"geometry":{"type":"Point","coordinates":[2.32577,48.85518]}},{"type":"Feature","properties":{"id":"stop-metro-302","kind":"stop","name":"Porte de Clichy","lineRef":"metro"},"geometry":{"type":"Point","coordinates":[2.31343,48.89447]}},{"type":"Feature","properties":{"id":"stop-metro-303","kind":"stop","name":"Gallieni","lineRef":"metro"},"geometry":{"type":"Point","coordinates":[2.41548,48.86495]}},{"type":"Feature","properties":{"id":"stop-metro-304","kind":"stop","name":"Bobigny - Pablo Picasso","lineRef":"metro"},"geometry":{"type":"Point","coordinates":[2.44922,48.90637]}},{"type":"Feature","properties":{"id":"stop-metro-305","kind":"stop","name":"Châtillon-Montrouge","lineRef":"metro"},"geometry":{"type":"Point","coordinates":[2.3016,48.81082]}},{"type":"Feature","properties":{"id":"stop-metro-306","kind":"stop","name":"Pont Cardinet","lineRef":"metro"},"geometry":{"type":"Point","coordinates":[2.31534,48.88951]}},{"type":"Feature","properties":{"id":"stop-metro-307","kind":"stop","name":"Saint-Ouen","lineRef":"metro"},"geometry":{"type":"Point","coordinates":[2.32221,48.90475]}},{"type":"Feature","properties":{"id":"stop-metro-308","kind":"stop","name":"Richelieu - Drouot","lineRef":"metro"},"geometry":{"type":"Point","coordinates":[2.33925,48.87197]}},{"type":"Feature","properties":{"id":"stop-metro-309","kind":"stop","name":"Boissière","lineRef":"metro"},"geometry":{"type":"Point","coordinates":[2.29009,48.86704]}},{"type":"Feature","properties":{"id":"stop-metro-310","kind":"stop","name":"Raspail","lineRef":"metro"},"geometry":{"type":"Point","coordinates":[2.33074,48.83892]}},{"type":"Feature","properties":{"id":"stop-metro-311","kind":"stop","name":"Daumesnil","lineRef":"metro"},"geometry":{"type":"Point","coordinates":[2.39623,48.83959]}},{"type":"Feature","properties":{"id":"stop-metro-312","kind":"stop","name":"Corvisart","lineRef":"metro"},"geometry":{"type":"Point","coordinates":[2.35048,48.8298]}},{"type":"Feature","properties":{"id":"stop-metro-313","kind":"stop","name":"Saint-François-Xavier","lineRef":"metro"},"geometry":{"type":"Point","coordinates":[2.31442,48.85145]}},{"type":"Feature","properties":{"id":"stop-metro-314","kind":"stop","name":"Varenne","lineRef":"metro"},"geometry":{"type":"Point","coordinates":[2.31496,48.85623]}},{"type":"Feature","properties":{"id":"stop-metro-315","kind":"stop","name":"Porte de Clichy","lineRef":"metro"},"geometry":{"type":"Point","coordinates":[2.31327,48.89482]}},{"type":"Feature","properties":{"id":"stop-metro-316","kind":"stop","name":"Pré Saint-Gervais","lineRef":"metro"},"geometry":{"type":"Point","coordinates":[2.39888,48.88028]}},{"type":"Feature","properties":{"id":"stop-metro-317","kind":"stop","name":"La Plaine - Stade de France","lineRef":"metro"},"geometry":{"type":"Point","coordinates":[2.36229,48.91793]}},{"type":"Feature","properties":{"id":"stop-metro-318","kind":"stop","name":"Bérault","lineRef":"metro"},"geometry":{"type":"Point","coordinates":[2.4293,48.84543]}},{"type":"Feature","properties":{"id":"stop-metro-319","kind":"stop","name":"Reuilly — Diderot","lineRef":"metro"},"geometry":{"type":"Point","coordinates":[2.3868,48.84736]}},{"type":"Feature","properties":{"id":"stop-metro-320","kind":"stop","name":"Porte de Vincennes","lineRef":"metro"},"geometry":{"type":"Point","coordinates":[2.40809,48.84734]}},{"type":"Feature","properties":{"id":"stop-metro-321","kind":"stop","name":"Michel-Ange - Auteuil","lineRef":"metro"},"geometry":{"type":"Point","coordinates":[2.26417,48.848]}},{"type":"Feature","properties":{"id":"stop-metro-322","kind":"stop","name":"Saint-Mandé","lineRef":"metro"},"geometry":{"type":"Point","coordinates":[2.41871,48.84637]}},{"type":"Feature","properties":{"id":"stop-metro-323","kind":"stop","name":"Château de Vincennes","lineRef":"metro"},"geometry":{"type":"Point","coordinates":[2.43891,48.84458]}},{"type":"Feature","properties":{"id":"stop-metro-324","kind":"stop","name":"Odéon","lineRef":"metro"},"geometry":{"type":"Point","coordinates":[2.33937,48.8523]}},{"type":"Feature","properties":{"id":"stop-metro-325","kind":"stop","name":"Liège","lineRef":"metro"},"geometry":{"type":"Point","coordinates":[2.32704,48.8796]}},{"type":"Feature","properties":{"id":"stop-metro-326","kind":"stop","name":"Campo-Formio","lineRef":"metro"},"geometry":{"type":"Point","coordinates":[2.3582,48.83512]}},{"type":"Feature","properties":{"id":"stop-metro-327","kind":"stop","name":"Mairie des Lilas","lineRef":"metro"},"geometry":{"type":"Point","coordinates":[2.41605,48.87974]}},{"type":"Feature","properties":{"id":"stop-metro-328","kind":"stop","name":"Nanterre La Folie","lineRef":"metro"},"geometry":{"type":"Point","coordinates":[2.22633,48.89769]}},{"type":"Feature","properties":{"id":"stop-metro-329","kind":"stop","name":"Rambuteau","lineRef":"metro"},"geometry":{"type":"Point","coordinates":[2.35379,48.86176]}},{"type":"Feature","properties":{"id":"stop-metro-330","kind":"stop","name":"Pernety","lineRef":"metro"},"geometry":{"type":"Point","coordinates":[2.31818,48.834]}},{"type":"Feature","properties":{"id":"stop-metro-331","kind":"stop","name":"Plaisance","lineRef":"metro"},"geometry":{"type":"Point","coordinates":[2.31404,48.83177]}},{"type":"Feature","properties":{"id":"stop-metro-332","kind":"stop","name":"Malakoff - Plateau de Vanves","lineRef":"metro"},"geometry":{"type":"Point","coordinates":[2.2985,48.8225]}},{"type":"Feature","properties":{"id":"stop-metro-333","kind":"stop","name":"Gaîté","lineRef":"metro"},"geometry":{"type":"Point","coordinates":[2.32251,48.83864]}},{"type":"Feature","properties":{"id":"stop-metro-334","kind":"stop","name":"Télégraphe","lineRef":"metro"},"geometry":{"type":"Point","coordinates":[2.39897,48.8755]}},{"type":"Feature","properties":{"id":"stop-metro-335","kind":"stop","name":"Temple","lineRef":"metro"},"geometry":{"type":"Point","coordinates":[2.36071,48.86649]}},{"type":"Feature","properties":{"id":"stop-metro-336","kind":"stop","name":"Bagneux-Lucie Aubrac","lineRef":"metro"},"geometry":{"type":"Point","coordinates":[2.31773,48.80335]}},{"type":"Feature","properties":{"id":"stop-metro-337","kind":"stop","name":"Cour Saint-Émilion","lineRef":"metro"},"geometry":{"type":"Point","coordinates":[2.38597,48.83354]}},{"type":"Feature","properties":{"id":"stop-metro-338","kind":"stop","name":"La Dhuys","lineRef":"metro"},"geometry":{"type":"Point","coordinates":[2.46529,48.87792]}},{"type":"Feature","properties":{"id":"stop-metro-339","kind":"stop","name":"Coteaux Beauclair","lineRef":"metro"},"geometry":{"type":"Point","coordinates":[2.46746,48.88227]}},{"type":"Feature","properties":{"id":"stop-metro-340","kind":"stop","name":"George V","lineRef":"metro"},"geometry":{"type":"Point","coordinates":[2.30042,48.87208]}},{"type":"Feature","properties":{"id":"stop-metro-341","kind":"stop","name":"Louvre - Rivoli","lineRef":"metro"},"geometry":{"type":"Point","coordinates":[2.34113,48.86081]}},{"type":"Feature","properties":{"id":"stop-metro-342","kind":"stop","name":"Montreuil - Hôpital","lineRef":"metro"},"geometry":{"type":"Point","coordinates":[2.45462,48.8783]}},{"type":"Feature","properties":{"id":"stop-metro-343","kind":"stop","name":"Hôpital Bicêtre","lineRef":"metro"},"geometry":{"type":"Point","coordinates":[2.34982,48.80988]}},{"type":"Feature","properties":{"id":"stop-metro-344","kind":"stop","name":"Porte d'Italie","lineRef":"metro"},"geometry":{"type":"Point","coordinates":[2.35941,48.81905]}},{"type":"Feature","properties":{"id":"stop-metro-345","kind":"stop","name":"Saint-Marcel","lineRef":"metro"},"geometry":{"type":"Point","coordinates":[2.36083,48.83828]}},{"type":"Feature","properties":{"id":"stop-metro-346","kind":"stop","name":"Richard Lenoir","lineRef":"metro"},"geometry":{"type":"Point","coordinates":[2.37205,48.86022]}},{"type":"Feature","properties":{"id":"stop-metro-347","kind":"stop","name":"Bréguet-Sabin","lineRef":"metro"},"geometry":{"type":"Point","coordinates":[2.37042,48.85664]}},{"type":"Feature","properties":{"id":"stop-metro-348","kind":"stop","name":"Ménilmontant","lineRef":"metro"},"geometry":{"type":"Point","coordinates":[2.38335,48.8667]}},{"type":"Feature","properties":{"id":"stop-metro-349","kind":"stop","name":"Couronnes","lineRef":"metro"},"geometry":{"type":"Point","coordinates":[2.38045,48.86905]}},{"type":"Feature","properties":{"id":"stop-metro-350","kind":"stop","name":"Colonel Fabien","lineRef":"metro"},"geometry":{"type":"Point","coordinates":[2.371,48.87741]}},{"type":"Feature","properties":{"id":"stop-metro-351","kind":"stop","name":"Philippe Auguste","lineRef":"metro"},"geometry":{"type":"Point","coordinates":[2.39016,48.85824]}},{"type":"Feature","properties":{"id":"stop-metro-352","kind":"stop","name":"Louise Michel","lineRef":"metro"},"geometry":{"type":"Point","coordinates":[2.2884,48.88836]}},{"type":"Feature","properties":{"id":"stop-metro-353","kind":"stop","name":"Anatole France","lineRef":"metro"},"geometry":{"type":"Point","coordinates":[2.2849,48.89222]}},{"type":"Feature","properties":{"id":"stop-metro-354","kind":"stop","name":"Pont de Levallois - Bécon","lineRef":"metro"},"geometry":{"type":"Point","coordinates":[2.28041,48.89715]}},{"type":"Feature","properties":{"id":"stop-metro-355","kind":"stop","name":"Paris Gare du Nord (RER)","lineRef":"metro"},"geometry":{"type":"Point","coordinates":[2.35744,48.88139]}},{"type":"Feature","properties":{"id":"stop-metro-356","kind":"stop","name":"Paris Gare du Nord","lineRef":"metro"},"geometry":{"type":"Point","coordinates":[2.35698,48.88099]}},{"type":"Feature","properties":{"id":"stop-metro-357","kind":"stop","name":"Paris Austerlitz RER","lineRef":"metro"},"geometry":{"type":"Point","coordinates":[2.367,48.84063]}},{"type":"Feature","properties":{"id":"stop-metro-358","kind":"stop","name":"Porte Maillot","lineRef":"metro"},"geometry":{"type":"Point","coordinates":[2.28238,48.87813]}}]}