{"type":"FeatureCollection","features":[{"type":"Feature","geometry":{"type":"MultiPolygon","coordinates":[[[[-122.8419945,49.0857202],[-122.8484344,49.0848116],[-122.8494517,49.0838862],[-122.849384,49.0820331],[-122.8489293,49.0820325],[-122.8503389,49.081778],[-122.8542076,49.0791203],[-122.8568143,49.0796497],[-122.8595877,49.0784343],[-122.8589713,49.0777499],[-122.8587923,49.074918],[-122.8591365,49.0749182],[-122.8586955,49.073994],[-122.8589228,49.0709266],[-122.8586537,49.0699458],[-122.8590258,49.0687139],[-122.8596977,49.068058],[-122.8605208,49.0633544],[-122.8659303,49.0601629],[-122.867072,49.0591313],[-122.866747,49.0587533],[-122.8672343,49.0581962],[-122.8653798,49.0582069],[-122.8607712,49.0597702],[-122.8556723,49.060354],[-122.8539979,49.061046],[-122.8515466,49.0668005],[-122.8501087,49.0678699],[-122.8474155,49.0683002],[-122.8415496,49.0672352],[-122.8395733,49.0674251],[-122.8369625,49.0703152],[-122.8369317,49.0719473],[-122.8377039,49.073863],[-122.837439,49.0746035],[-122.8366632,49.075018],[-122.8352882,49.0752308],[-122.8312619,49.0747257],[-122.8305094,49.0741106],[-122.8299796,49.0724264],[-122.8268859,49.0701023],[-122.825075,49.069678],[-122.8253083,49.0691572],[-122.8274871,49.0694407],[-122.828936,49.0706971],[-122.83097,49.0716894],[-122.8322804,49.0732208],[-122.833722,49.0731825],[-122.8358009,49.072524],[-122.8355932,49.070603],[-122.8364229,49.0687802],[-122.8361624,49.0685664],[-122.8365251,49.0686738],[-122.8390323,49.0665186],[-122.8403695,49.0660654],[-122.8443178,49.066311],[-122.8450397,49.0659962],[-122.8446926,49.0656195],[-122.8449935,49.0653545],[-122.8457613,49.0656457],[-122.8454645,49.066419],[-122.8477862,49.0667916],[-122.8503088,49.0636845],[-122.8506091,49.0626264],[-122.8513386,49.0623481],[-122.8512801,49.0618966],[-122.8532151,49.0600297],[-122.8562324,49.058561],[-122.860647,49.0577184],[-122.8632253,49.0563174],[-122.8679749,49.0557383],[-122.8685395,49.0571447],[-122.8697907,49.0578108],[-122.8723868,49.0566828],[-122.8743615,49.057132],[-122.8773492,49.0618322],[-122.8767151,49.0626982],[-122.8794809,49.0617765],[-122.8818227,49.0597295],[-122.8835005,49.059425],[-122.8844452,49.0598615],[-122.8846985,49.0596402],[-122.8838083,49.0592071],[-122.8857482,49.0575981],[-122.8872273,49.0573926],[-122.8878863,49.0568445],[-122.8853224,49.0522002],[-122.8838539,49.0482857],[-122.8843599,49.0451787],[-122.8839651,49.0430229],[-122.8800569,49.0372483],[-122.8758782,49.0326274],[-122.8738866,49.0285588],[-122.8691436,49.0254575],[-122.8646144,49.0242442],[-122.8575808,49.0246413],[-122.8439121,49.02448],[-122.8344895,49.0251153],[-122.8344936,49.0243218],[-122.8319815,49.0243163],[-122.8319765,49.0252985],[-122.8282277,49.0253472],[-122.8187571,49.0240665],[-122.8056485,49.0203004],[-122.8056652,49.0169534],[-122.8072938,49.0177086],[-122.8078703,49.0171707],[-122.8062442,49.0164167],[-122.804078,49.016412],[-122.8040762,49.0167889],[-122.8055364,49.0167921],[-122.8055179,49.0204762],[-122.7727478,49.0110004],[-122.7648369,49.0071315],[-122.7578001,49.0020868],[-123.0351972,49.0021713],[-123.0355129,49.0094509],[-123.0360738,49.0093337],[-123.0368944,49.010638],[-123.0378964,49.0141727],[-123.0394163,49.0162774],[-123.0398135,49.0178783],[-123.040984,49.0192722],[-123.0523014,49.0242827],[-123.05499,49.0261481],[-123.0557504,49.0261387],[-123.0542913,49.0246525],[-123.0578792,49.0246628],[-123.0569709,49.0276269],[-123.0525997,49.0346424],[-123.0511239,49.0388456],[-123.0505773,49.0420484],[-123.0489697,49.0463213],[-123.0493901,49.0469279],[-123.0476398,49.0488649],[-123.0463933,49.0496056],[-123.039672,49.0491891],[-123.0355864,49.0528739],[-123.0356814,49.0547187],[-123.0353893,49.0551764],[-123.0311705,49.0552648],[-123.0293476,49.0568879],[-123.0244539,49.0594264],[-123.016145,49.0621261],[-123.0063058,49.0644154],[-122.9757079,49.0684322],[-122.9481835,49.0732926],[-122.9258695,49.0794304],[-122.9135347,49.083885],[-122.9117905,49.0837681],[-122.9065039,49.0852477],[-122.9036291,49.0854007],[-122.9027901,49.0868871],[-122.8999518,49.0880548],[-122.8986667,49.0895839],[-122.894663,49.0899205],[-122.8929287,49.0907227],[-122.8921592,49.0916624],[-122.8747121,49.0907052],[-122.8721533,49.089435],[-122.8699957,49.089983],[-122.8679704,49.0894876],[-122.8669659,49.089673],[-122.8659605,49.0892197],[-122.8653331,49.0880678],[-122.8622511,49.0878838],[-122.8615449,49.0868528],[-122.8600073,49.0864334],[-122.8594079,49.0854932],[-122.8562824,49.0850643],[-122.8521534,49.0828192],[-122.8506022,49.0839509],[-122.850848,49.0842118],[-122.8486661,49.0854325],[-122.8430345,49.0860276],[-122.8386328,49.0877576],[-122.8351412,49.0875458],[-122.8287677,49.0890028],[-122.8283001,49.0895868],[-122.8285666,49.092106],[-122.827207,49.0926976],[-122.8257425,49.0925425],[-122.8251563,49.092029],[-122.8249527,49.0913001],[-122.8252993,49.0899063],[-122.8249885,49.0890692],[-122.8216866,49.089136],[-122.8231018,49.0879059],[-122.8229687,49.0869971],[-122.8192709,49.0869734],[-122.8193376,49.086566],[-122.8188657,49.0865415],[-122.8206525,49.0819908],[-122.8238838,49.0819524],[-122.8238838,49.0796952],[-122.8259394,49.0797351],[-122.8259006,49.0785992],[-122.8232799,49.0786065],[-122.8235097,49.0756368],[-122.8243845,49.0757962],[-122.8397462,49.086803],[-122.8419945,49.0857202]]],[[[-123.1584353,49.0923544],[-123.1604952,49.0904371],[-123.1657796,49.0903956],[-123.1660013,49.09362],[-123.1809358,49.0935522],[-123.180535,49.0947938],[-123.1814741,49.0948922],[-123.1859693,49.0935294],[-123.2090954,49.0935714],[-123.1953956,49.1028021],[-123.194709,49.1116377],[-123.1871937,49.110825],[-123.1848565,49.1113624],[-123.1821229,49.1113668],[-123.1786054,49.1106033],[-123.1735469,49.1085281],[-123.1702848,49.1081472],[-123.1638797,49.1052816],[-123.1627326,49.1043017],[-123.163525,49.1036388],[-123.1699889,49.1026009],[-123.1705849,49.1018061],[-123.169623,49.1014302],[-123.1665575,49.1017015],[-123.165926,49.102385],[-123.1616137,49.1035238],[-123.1576194,49.1014253],[-123.1574611,49.0921455],[-123.1584353,49.0923544]]],[[[-123.1601217,49.1061915],[-123.1682763,49.1102725],[-123.1552169,49.1075618],[-123.1479042,49.1067202],[-123.134079,49.1060351],[-123.1258711,49.1063862],[-123.1185464,49.1043124],[-123.1127645,49.1056512],[-123.113132,49.1060626],[-123.1122529,49.1070092],[-123.1119497,49.1070725],[-123.1126129,49.1062747],[-123.109347,49.1084627],[-123.104466,49.1103838],[-123.1024267,49.111744],[-123.0942904,49.1129921],[-123.0872495,49.1146438],[-123.0880158,49.1139416],[-123.0877276,49.1132133],[-123.0909647,49.1098007],[-123.0943828,49.1038887],[-123.0966942,49.1016202],[-123.0997796,49.0975055],[-123.1045858,49.095937],[-123.1110263,49.0907768],[-123.1169763,49.087502],[-123.1290344,49.0887228],[-123.1601217,49.1061915]]],[[[-123.0783817,49.1132655],[-123.080127,49.1003147],[-123.0797378,49.0985166],[-123.0809826,49.0969779],[-123.0818804,49.0961954],[-123.083243,49.096693],[-123.08674,49.0948687],[-123.088774,49.0969088],[-123.0944936,49.0943655],[-123.0925617,49.0976105],[-123.0904517,49.1027815],[-123.0850348,49.1101063],[-123.0850966,49.1111329],[-123.0847364,49.1115759],[-123.082102,49.113741],[-123.0796691,49.1144116],[-123.0783817,49.1132655]]],[[[-122.9364498,49.1336895],[-122.9379907,49.1330371],[-122.9385462,49.131955],[-122.9385226,49.1291472],[-122.9355014,49.1244876],[-122.9349995,49.1229772],[-122.9350644,49.1156204],[-122.9460339,49.1155673],[-122.9459343,49.1083314],[-122.957295,49.1083368],[-122.9573751,49.1047758],[-122.9794126,49.1047151],[-122.979545,49.091371],[-122.999283,49.0913933],[-122.9993143,49.0972314],[-122.9855926,49.0973204],[-122.9856693,49.1047105],[-123.0015456,49.1046987],[-123.0015441,49.106059],[-123.015767,49.1060752],[-123.0157702,49.1053698],[-123.0238854,49.1053591],[-123.0238576,49.1119223],[-123.0283866,49.1119552],[-123.0283404,49.1163766],[-123.024008,49.1163546],[-123.0239973,49.1122269],[-123.0235344,49.1121706],[-123.0127192,49.1192136],[-123.0127929,49.1264506],[-123.0014935,49.1264353],[-123.0014426,49.1382836],[-122.997516,49.1393531],[-122.9937935,49.1394325],[-122.9916927,49.1440396],[-122.9898952,49.1446839],[-122.9792055,49.144558],[-122.9791895,49.1470336],[-122.9683513,49.1470252],[-122.968337,49.1481802],[-122.9572125,49.1481532],[-122.9572274,49.1408341],[-122.9558023,49.1408296],[-122.9539991,49.1393394],[-122.9369343,49.13937],[-122.9345053,49.1399258],[-122.93446,49.1372183],[-122.9319914,49.1372259],[-122.9292501,49.1336998],[-122.9364498,49.1336895]]],[[[-122.9336531,49.1463992],[-122.9335949,49.1472078],[-122.9345028,49.1486685],[-122.9346631,49.1501037],[-122.9230799,49.1420965],[-122.9194336,49.1367869],[-122.919229,49.1346827],[-122.9210064,49.1282253],[-122.9236214,49.1233251],[-122.9237025,49.1329283],[-122.9223963,49.1329251],[-122.9226801,49.1341717],[-122.9279846,49.134535],[-122.9332238,49.1396093],[-122.9352666,49.1427644],[-122.9337779,49.1441086],[-122.9344117,49.1452095],[-122.9336531,49.1463992]]],[[[-123.2004,49.1718243],[-123.201914,49.155625],[-123.2021925,49.1555342],[-123.1967677,49.1555799],[-123.1965796,49.1522314],[-123.1949144,49.1438353],[-123.195495,49.1400944],[-123.203947,49.1400709],[-123.2039377,49.1376034],[-123.2014216,49.1376083],[-123.2014816,49.13654],[-123.1958039,49.1365587],[-123.1958363,49.1361881],[-123.1969367,49.1359213],[-123.1960353,49.1336789],[-123.1948992,49.133623],[-123.1952567,49.1312561],[-123.1963618,49.1297067],[-123.224523,49.1359363],[-123.2326409,49.1363492],[-123.2389224,49.1356502],[-123.245621,49.1336306],[-123.3079519,49.1081348],[-123.3079649,49.1099762],[-123.3001047,49.1298575],[-123.295133,49.1579715],[-123.2936956,49.1971693],[-123.2037424,49.215956],[-123.2024788,49.2157427],[-123.2040663,49.2117264],[-123.2039866,49.2068198],[-123.2141991,49.2069425],[-123.2142233,49.2035648],[-123.2135062,49.1979345],[-123.2121839,49.1972051],[-123.212613,49.1966085],[-123.2126545,49.195103],[-123.2107995,49.194764],[-123.2123573,49.1935056],[-123.2122725,49.1914346],[-123.2214211,49.1924919],[-123.2218572,49.1908708],[-123.2120656,49.1897391],[-123.2117144,49.1886218],[-123.2109135,49.1878263],[-123.2085926,49.1872218],[-123.2040457,49.1868033],[-123.2035219,49.186176],[-123.203724,49.1858647],[-123.2004,49.1718243]]],[[[-123.2279965,49.2250498],[-123.2145078,49.2213038],[-123.2145438,49.2199537],[-123.2159874,49.2162809],[-123.2650484,49.2060393],[-123.2928028,49.205122],[-123.2848297,49.2589003],[-123.2775786,49.2551778],[-123.2438726,49.2345106],[-123.2434772,49.233865],[-123.2426139,49.2337382],[-123.2344491,49.2287307],[-123.2346494,49.2281713],[-123.2330777,49.2279355],[-123.2279965,49.2250498]]]]},"properties":{"id":"dogal-0","kind":"district","btype":"dogal","name":"Fraser River Delta -- Ramsar","lab":1}},{"type":"Feature","geometry":{"type":"Point","coordinates":[-122.96637,49.04761]},"properties":{"id":"dogal-lab-0","kind":"district-label","btype":"dogal","name":"Fraser River Delta -- Ramsar"}},{"type":"Feature","geometry":{"type":"MultiPolygon","coordinates":[[[[-122.4539058,49.3009072],[-122.4815261,49.2858726],[-122.4815134,49.2877365],[-122.4839635,49.2877372],[-122.4780933,49.2917942],[-122.4773509,49.2917728],[-122.4772785,49.2921233],[-122.4732427,49.293994],[-122.4717812,49.2943381],[-122.4715512,49.2952726],[-122.4707738,49.2959436],[-122.4683016,49.2969038],[-122.4655931,49.2968103],[-122.4645558,49.2973362],[-122.4630283,49.2974101],[-122.4603084,49.2996192],[-122.4582336,49.30068],[-122.4565476,49.3026765],[-122.4539058,49.3009072]]],[[[-122.512059,49.4398817],[-122.5123506,49.4385589],[-122.5129898,49.4387387],[-122.5128748,49.4399277],[-122.512059,49.4398817]]],[[[-122.2731283966868,49.45],[-122.273132,49.4435485],[-122.2743641,49.4433061],[-122.2761755,49.4420761],[-122.2779118,49.4422039],[-122.2794947,49.4433832],[-122.2799506,49.4442765],[-122.2810766,49.4446343],[-122.2814799,49.4453564],[-122.2824401,49.4457312],[-122.2864291,49.4465384],[-122.2879757,49.44644],[-122.2892634,49.4470686],[-122.2912364,49.4461003],[-122.2928362,49.446137],[-122.2950292,49.4471309],[-122.296032,49.4483963],[-122.2986009,49.4472336],[-122.301408,49.4448399],[-122.3060121,49.4460639],[-122.3077937,49.4459307],[-122.3079926,49.4455181],[-122.3071518,49.4444877],[-122.2970575,49.440361],[-122.2938347,49.4400085],[-122.2934536,49.4396554],[-122.2858075,49.4389968],[-122.2819436,49.4372188],[-122.2793092,49.4372114],[-122.2778102,49.4378497],[-122.2767586,49.4371325],[-122.2766281,49.434757],[-122.2748435,49.4341792],[-122.2738651,49.4331925],[-122.2757216,49.4326195],[-122.2762121,49.4320919],[-122.2777018,49.4320832],[-122.2778358,49.4314094],[-122.2798595,49.4316559],[-122.282868,49.4305322],[-122.2852875,49.4301694],[-122.2912223,49.4269767],[-122.2899121,49.4250797],[-122.2874157,49.4241559],[-122.2876667,49.423006],[-122.2906379,49.4222417],[-122.3181963,49.4224075],[-122.3188319,49.3898331],[-122.3219551,49.3883743],[-122.3240569,49.3888453],[-122.3256184,49.3885216],[-122.3263991,49.388868],[-122.3294514,49.388355],[-122.3317016,49.3850039],[-122.3313538,49.3842283],[-122.3324215,49.3827143],[-122.3366965,49.3814076],[-122.3416116,49.3785753],[-122.3459929,49.3754428],[-122.348117,49.375239],[-122.3491878,49.3744804],[-122.3531452,49.3731443],[-122.3542117,49.3716481],[-122.3596007,49.3692944],[-122.3618137,49.3675256],[-122.3625527,49.3657666],[-122.36336,49.3651054],[-122.3656078,49.3638225],[-122.3682307,49.3633421],[-122.3700128,49.3618407],[-122.3738285,49.360692],[-122.3765457,49.3581791],[-122.3764955,49.3567036],[-122.3796914,49.3555245],[-122.3822438,49.3540359],[-122.3827883,49.3534362],[-122.3826812,49.3520953],[-122.3861302,49.3504496],[-122.3888997,49.3480716],[-122.3893226,49.3472732],[-122.3935524,49.3470256],[-122.3957898,49.3475861],[-122.3991045,49.3467308],[-122.4004516,49.3457753],[-122.4013046,49.3458247],[-122.4019314,49.3463587],[-122.4054847,49.3462601],[-122.4081379,49.3454462],[-122.4145583,49.341566],[-122.415688,49.3414907],[-122.4220138,49.3385451],[-122.4289038,49.3343516],[-122.4342321,49.3330196],[-122.4377734,49.3314627],[-122.43958,49.3311477],[-122.4438034,49.3288833],[-122.4445234,49.3272766],[-122.4462726,49.3271591],[-122.4477256,49.3276787],[-122.4486569,49.3268466],[-122.4487833,49.32539],[-122.4496672,49.3251064],[-122.4531937,49.3223077],[-122.4537013,49.3212036],[-122.4561025,49.3205853],[-122.459723,49.3204494],[-122.4624088,49.3164321],[-122.4632498,49.3137464],[-122.4641267,49.312806],[-122.466339,49.3117998],[-122.4676931,49.30998],[-122.4737848,49.3089644],[-122.4739686,49.3084975],[-122.4756196,49.308487],[-122.4772488,49.3066324],[-122.4808533,49.3066037],[-122.4838102,49.3053666],[-122.4868507,49.3013593],[-122.4868923,49.3000012],[-122.4865127,49.2994688],[-122.48684,49.2984088],[-122.4864305,49.2981102],[-122.4867213,49.2979226],[-122.4863314,49.295735],[-122.4887496,49.293317],[-122.4892124,49.2911152],[-122.4886367,49.2882702],[-122.4894224,49.2880938],[-122.4890591,49.2877549],[-122.4925789,49.2877696],[-122.492604,49.2841512],[-122.4867856,49.2841343],[-122.4867867,49.2770119],[-122.4921325,49.2770133],[-122.4921331,49.2731699],[-122.4976649,49.2731713],[-122.4976653,49.2713545],[-122.5033548,49.2713549],[-122.503355,49.2695451],[-122.5088864,49.2695453],[-122.5088783,49.2634593],[-122.515984,49.263446],[-122.516521,49.2619442],[-122.516103,49.2597117],[-122.5189747,49.2583654],[-122.5203964,49.2563114],[-122.5249433,49.2550888],[-122.527444,49.2536868],[-122.529843,49.2513219],[-122.5304049,49.24931],[-122.5352089,49.2493391],[-122.535123,49.2421424],[-122.5461052,49.2420559],[-122.5458226,49.2634391],[-122.542542,49.2634401],[-122.5425735,49.2985581],[-122.5370672,49.298561],[-122.5371404,49.3094955],[-122.5302312,49.3095067],[-122.5302658,49.3185546],[-122.5205912,49.3185695],[-122.5204891,49.3620789],[-122.5675311,49.361911],[-122.5695004,49.3626767],[-122.5685663,49.3636953],[-122.5696781,49.3641776],[-122.5644548,49.3671804],[-122.5629618,49.3693426],[-122.5619963,49.3694918],[-122.5603871,49.3705097],[-122.558665,49.3704778],[-122.558665,49.3728213],[-122.5595241,49.3728616],[-122.5567388,49.3751477],[-122.5544899,49.3785842],[-122.5493635,49.3832597],[-122.5430037,49.3871116],[-122.5390198,49.3902441],[-122.5376892,49.3925325],[-122.5385398,49.3929317],[-122.5376302,49.392946],[-122.538038,49.3935413],[-122.5375949,49.3937734],[-122.5376939,49.3949701],[-122.5390463,49.3962438],[-122.5380776,49.3966717],[-122.5384879,49.3970062],[-122.5378381,49.3972195],[-122.5379864,49.3975799],[-122.5375012,49.3978748],[-122.5359113,49.3983991],[-122.5348383,49.3981879],[-122.5350965,49.3985758],[-122.5344323,49.3988519],[-122.5327391,49.3986472],[-122.5322662,49.399095],[-122.5313566,49.3990914],[-122.5301858,49.4004628],[-122.528924,49.4041367],[-122.5269559,49.4066922],[-122.5261534,49.4113034],[-122.5229087,49.4146632],[-122.5216074,49.4166277],[-122.5204276,49.4174324],[-122.5207219,49.4183601],[-122.5201002,49.4199046],[-122.5166591,49.4235063],[-122.5154906,49.4252464],[-122.5154909,49.426245],[-122.5150818,49.426245],[-122.515082,49.4295159],[-122.509534,49.4295159],[-122.5095339,49.4331345],[-122.5118095,49.4331345],[-122.5116772,49.4334168],[-122.5124751,49.434258],[-122.5122745,49.437435],[-122.5128504,49.4385036],[-122.5119024,49.4383914],[-122.5119877,49.4395035],[-122.511763,49.439865],[-122.5108918,49.4398158],[-122.510756,49.4408396],[-122.5130672,49.4409702],[-122.5138795,49.441481],[-122.514565,49.4410548],[-122.516065,49.4411395],[-122.5162012,49.4401152],[-122.5172308,49.4411299],[-122.5172613,49.446455],[-122.5160501,49.4489686],[-122.51435354776,49.45],[-122.2731283966868,49.45]]]]},"properties":{"id":"dogal-1","kind":"district","btype":"dogal","name":"Golden Ears Provincial Park","lab":1}},{"type":"Feature","geometry":{"type":"Point","coordinates":[-122.46336,49.34604]},"properties":{"id":"dogal-lab-1","kind":"district-label","btype":"dogal","name":"Golden Ears Provincial Park"}},{"type":"Feature","geometry":{"type":"Polygon","coordinates":[[[-122.6999557,49.4499933],[-122.7021732,49.4479032],[-122.7110211,49.4431583],[-122.7059149,49.4410631],[-122.703705,49.4397532],[-122.6989497,49.4383287],[-122.6979538,49.4372962],[-122.6945566,49.4371973],[-122.6934772,49.4364524],[-122.693287,49.4355074],[-122.6919618,49.4347078],[-122.6819878,49.4331787],[-122.6764654,49.4314768],[-122.6756289,49.4289874],[-122.6738308,49.4271203],[-122.6714703,49.4255935],[-122.6742618,49.4211894],[-122.6765835,49.4206517],[-122.6789353,49.4192011],[-122.6821624,49.4182835],[-122.6827246,49.4178353],[-122.6829635,49.4161944],[-122.6864655,49.4147692],[-122.6872669,49.4134761],[-122.6906443,49.4122844],[-122.6920028,49.411375],[-122.6948942,49.4083378],[-122.694742,49.4071771],[-122.6937116,49.4068955],[-122.6932709,49.4053787],[-122.6898975,49.4035662],[-122.6903589,49.4011523],[-122.6910598,49.399688],[-122.6905909,49.3979597],[-122.6871825,49.3968486],[-122.6853487,49.3968571],[-122.6859866,49.3960268],[-122.6850236,49.3953586],[-122.685093,49.3947381],[-122.6831403,49.3950206],[-122.6811639,49.3933781],[-122.6797484,49.3935001],[-122.6786788,49.3920939],[-122.6745017,49.3898604],[-122.672791,49.3879532],[-122.6749968,49.3864122],[-122.675248,49.3855359],[-122.6766015,49.3839341],[-122.6778502,49.3834699],[-122.6789434,49.3809588],[-122.6809273,49.3797679],[-122.6837536,49.3759618],[-122.6838295,49.3749995],[-122.6825583,49.3727968],[-122.683486,49.3715175],[-122.6850303,49.3706717],[-122.6895746,49.3695056],[-122.6914614,49.3666593],[-122.6944818,49.3648143],[-122.6943865,49.3638741],[-122.6952785,49.3622438],[-122.6948283,49.3606505],[-122.6950417,49.3601743],[-122.6983673,49.35654],[-122.7046505,49.3529537],[-122.7068989,49.3508456],[-122.7118352,49.3495582],[-122.7130408,49.3498626],[-122.7154627,49.3515147],[-122.7185892,49.3506093],[-122.7212309,49.3508766],[-122.7252027,49.3519745],[-122.7335986,49.3516388],[-122.7374733,49.3508336],[-122.7396701,49.3495613],[-122.7436648,49.3480636],[-122.7444271,49.3465766],[-122.7449128,49.3426873],[-122.7453092,49.3425667],[-122.7498221,49.3416141],[-122.7528548,49.3415801],[-122.758951,49.3431042],[-122.76028,49.3443213],[-122.7610838,49.3444669],[-122.7626443,49.343656],[-122.7652692,49.3404591],[-122.7676161,49.3396768],[-122.7825939,49.3392562],[-122.7843233,49.3335206],[-122.7865828,49.3332009],[-122.7879373,49.3325108],[-122.7908062,49.3323001],[-122.79151,49.3272776],[-122.7931318,49.3254186],[-122.7988493,49.3247135],[-122.8023357,49.3247241],[-122.8018673,49.3239857],[-122.8022387,49.3238199],[-122.8055185,49.3245001],[-122.8082719,49.3238451],[-122.8099849,49.3240847],[-122.810599,49.32633],[-122.8113844,49.3328303],[-122.8127278,49.3344921],[-122.8162949,49.337844],[-122.818714,49.3394084],[-122.8208316,49.3399424],[-122.8242425,49.3422324],[-122.8299661,49.3481822],[-122.8316334,49.3505549],[-122.8312042,49.3533787],[-122.8301338,49.3560847],[-122.832718,49.3571993],[-122.8332025,49.3588641],[-122.8275682,49.3637132],[-122.8295894,49.364926],[-122.8297534,49.3670491],[-122.8295564,49.3677729],[-122.8266589,49.3708944],[-122.8266051,49.3718252],[-122.8278575,49.3733113],[-122.8265035,49.3755715],[-122.8262272,49.3767495],[-122.8292949,49.3790073],[-122.8320952,49.3803472],[-122.8314026,49.3828378],[-122.832124,49.385164],[-122.8320721,49.3887755],[-122.8306916,49.3903881],[-122.8287549,49.3915546],[-122.8285137,49.3924492],[-122.8254967,49.3970276],[-122.8228827,49.3986608],[-122.8228625,49.3998391],[-122.8220885,49.4010252],[-122.8228232,49.4053799],[-122.8272077,49.4083684],[-122.828804,49.4101518],[-122.8278732,49.4115896],[-122.8278433,49.4128713],[-122.8289494,49.4136825],[-122.8296371,49.416526],[-122.8319651,49.418126],[-122.8312734,49.4210618],[-122.8306135,49.421614],[-122.8301222,49.4229041],[-122.8315398,49.4242869],[-122.8318201,49.4258884],[-122.8333949,49.4273614],[-122.8320289,49.4296036],[-122.8279961,49.4328674],[-122.8256407,49.4339747],[-122.8243056,49.4353759],[-122.8200408,49.4365162],[-122.8180976,49.4398233],[-122.8151878,49.4405608],[-122.8144578,49.4418684],[-122.8128141,49.4430081],[-122.8128165,49.4452028],[-122.8084011,49.4486272],[-122.8084481,49.4497516],[-122.8088718173913,49.45],[-122.6999557,49.4499933]]]},"properties":{"id":"dogal-2","kind":"district","btype":"dogal","name":"Coquitlam Watershed","lab":1}},{"type":"Feature","geometry":{"type":"Point","coordinates":[-122.75299,49.38718]},"properties":{"id":"dogal-lab-2","kind":"district-label","btype":"dogal","name":"Coquitlam Watershed"}},{"type":"Feature","geometry":{"type":"Polygon","coordinates":[[[-122.5513736,49.4499745],[-122.550675,49.447867],[-122.5511112,49.4469871],[-122.5519992,49.4464329],[-122.5519542,49.4453083],[-122.5538267,49.4441912],[-122.554442,49.4432132],[-122.5566887,49.443442],[-122.557508,49.4407306],[-122.556174,49.4407796],[-122.5567407,49.4392462],[-122.5566206,49.4357377],[-122.5562558,49.4348908],[-122.5565689,49.4322924],[-122.560049,49.4301739],[-122.5600657,49.4306406],[-122.5607368,49.4306402],[-122.5607364,49.4303218],[-122.5613269,49.4307634],[-122.5626643,49.4308045],[-122.5660933,49.42981],[-122.568011,49.4281621],[-122.5712666,49.4280393],[-122.5720047,49.4272144],[-122.573175,49.4274347],[-122.5749509,49.4261819],[-122.575152,49.4252382],[-122.576179,49.4244594],[-122.576058,49.422507],[-122.576645,49.4215467],[-122.579112,49.4200445],[-122.581144,49.4194672],[-122.5819089,49.4187774],[-122.5814517,49.4174175],[-122.5814804,49.4156546],[-122.581889,49.4149283],[-122.582899,49.4151272],[-122.584068,49.412671],[-122.5839842,49.412205],[-122.582929,49.4122857],[-122.582979,49.4116137],[-122.583976,49.4115387],[-122.583791,49.4104487],[-122.582643,49.4105305],[-122.5816663,49.4083783],[-122.5820687,49.4048267],[-122.5823778,49.4041177],[-122.588011,49.4041135],[-122.5880025,49.4004975],[-122.57724,49.400505],[-122.5777343,49.3991261],[-122.5782154,49.3987572],[-122.5794621,49.3987564],[-122.5794607,49.3979345],[-122.5782406,49.3979353],[-122.5778687,49.3963022],[-122.578062,49.39392],[-122.579018,49.3939194],[-122.5790171,49.3933709],[-122.5780199,49.3931365],[-122.5786567,49.392797],[-122.5796227,49.3910285],[-122.5828916,49.3890434],[-122.5839762,49.387878],[-122.5877681,49.3859216],[-122.5885474,49.3850069],[-122.5893393,49.3826934],[-122.5902985,49.3834291],[-122.5906182,49.3832514],[-122.5896406,49.3825017],[-122.5899639,49.3820166],[-122.5905699,49.381529],[-122.5917508,49.3815249],[-122.5917404,49.3800839],[-122.5923676,49.3800841],[-122.5927868,49.3788452],[-122.5938473,49.3788444],[-122.5938467,49.3785702],[-122.5927428,49.3785711],[-122.592957,49.3782762],[-122.5924374,49.3777977],[-122.5931004,49.3771429],[-122.5926572,49.376352],[-122.5917159,49.3763527],[-122.5931019,49.3760207],[-122.5931012,49.3756779],[-122.5921108,49.3756557],[-122.5930084,49.375389],[-122.5931112,49.3746181],[-122.5937724,49.37446],[-122.5937709,49.3736622],[-122.5931826,49.3736627],[-122.5935396,49.3727823],[-122.5933389,49.372062],[-122.5939947,49.3710478],[-122.5948081,49.3709607],[-122.5956128,49.370253],[-122.5973236,49.3676282],[-122.621302,49.3683038],[-122.6212816,49.371715],[-122.6217742,49.3717163],[-122.6217681,49.3802593],[-122.6296643,49.3802639],[-122.6296615,49.3824061],[-122.6156376,49.3823967],[-122.6156242,49.38968],[-122.632453,49.3896909],[-122.6324699,49.3802653],[-122.638182,49.3802686],[-122.6381916,49.3731789],[-122.6439278,49.3732006],[-122.6439319,49.3661292],[-122.6549285,49.3661342],[-122.6551412,49.3512267],[-122.660732,49.3512289],[-122.6607825,49.3439065],[-122.6666057,49.343855],[-122.666611,49.3329088],[-122.669456,49.3329122],[-122.669457,49.3292835],[-122.672302,49.3292837],[-122.672367,49.3257615],[-122.6893898,49.3258024],[-122.6893909,49.3220675],[-122.7004955,49.322068],[-122.7004865,49.3148999],[-122.7113323,49.3148423],[-122.7113269,49.3111999],[-122.7058529,49.3112556],[-122.7059041,49.307549],[-122.7277427,49.3075657],[-122.7277427,49.304018],[-122.7304801,49.304018],[-122.73048,49.3022442],[-122.733967,49.302244],[-122.7337145,49.3075769],[-122.741886,49.3074727],[-122.7418868,49.311235],[-122.7488163,49.3112348],[-122.7487985,49.3173264],[-122.76834,49.3173358],[-122.769875,49.3192883],[-122.770704,49.3216646],[-122.769672,49.324487],[-122.771141,49.3253715],[-122.772822,49.3278934],[-122.769555,49.3319708],[-122.766549,49.333197],[-122.766391,49.3344201],[-122.767637,49.3359787],[-122.770097,49.3367482],[-122.771316,49.337956],[-122.7710946,49.3384226],[-122.7664935,49.340716],[-122.7650998,49.3428502],[-122.7602032,49.3426244],[-122.7545866,49.3405881],[-122.7533517,49.3407251],[-122.7506266,49.3417981],[-122.7463395,49.3428052],[-122.7442075,49.345445],[-122.7435731,49.3469881],[-122.7413608,49.348766],[-122.7381902,49.3501944],[-122.7320537,49.3517017],[-122.7299257,49.3513796],[-122.7267023,49.3520736],[-122.7213236,49.3513319],[-122.7196291,49.350755],[-122.7171782,49.3507092],[-122.7145271,49.3517874],[-122.7107868,49.3512213],[-122.7090655,49.3503707],[-122.7070447,49.3508915],[-122.7038602,49.3535672],[-122.7018285,49.3540748],[-122.6984103,49.3561406],[-122.6974185,49.3576168],[-122.6977785,49.3584241],[-122.6952733,49.3603275],[-122.695298,49.3632135],[-122.6945329,49.3647071],[-122.691209,49.3670148],[-122.6896222,49.3698511],[-122.6840202,49.3706195],[-122.6822255,49.3719378],[-122.6822543,49.3726317],[-122.6838993,49.3756732],[-122.6811753,49.3797826],[-122.679302,49.3807494],[-122.6780191,49.3832825],[-122.6763178,49.3844169],[-122.6752141,49.3856313],[-122.674966,49.3865035],[-122.672741,49.3880823],[-122.675044,49.3901237],[-122.676263,49.3905113],[-122.676559,49.3913666],[-122.678873,49.3922426],[-122.680258,49.3933503],[-122.681791,49.3936274],[-122.682996,49.3945917],[-122.684868,49.3947154],[-122.685928,49.3956912],[-122.686023,49.3967371],[-122.687417,49.3968122],[-122.690296,49.3978297],[-122.691034,49.3985724],[-122.691058,49.3992903],[-122.6896476,49.403692],[-122.6937467,49.4059173],[-122.6937935,49.406456],[-122.6945862,49.4069511],[-122.6948573,49.4080488],[-122.691676,49.4115511],[-122.6875913,49.4133503],[-122.68618,49.414824],[-122.683078,49.415985],[-122.682777,49.4176969],[-122.682388,49.4180055],[-122.679423,49.418935],[-122.676804,49.4205163],[-122.674173,49.421005],[-122.671356,49.4255486],[-122.673371,49.4267339],[-122.6751873,49.4285305],[-122.6766048,49.4311619],[-122.6777033,49.4311858],[-122.682983,49.4332483],[-122.685955,49.4336253],[-122.6868336,49.4342638],[-122.6889033,49.4347574],[-122.6919347,49.434694],[-122.6942429,49.436815],[-122.695885,49.4373639],[-122.6982231,49.4369135],[-122.6979489,49.4373931],[-122.6993665,49.4384846],[-122.7045266,49.4401781],[-122.7056559,49.4412073],[-122.7108004,49.4430867],[-122.7084837,49.4447241],[-122.7069899,49.4451355],[-122.7028218,49.4474051],[-122.69992662119122,49.45],[-122.5513736,49.4499745]]]},"properties":{"id":"dogal-3","kind":"district","btype":"dogal","name":"Pinecone Burke Provincial Park","lab":1}},{"type":"Feature","geometry":{"type":"Point","coordinates":[-122.66087,49.37619]},"properties":{"id":"dogal-lab-3","kind":"district-label","btype":"dogal","name":"Pinecone Burke Provincial Park"}},{"type":"Feature","geometry":{"type":"MultiPolygon","coordinates":[[[[-123.0612127,49.4488485],[-123.0623666,49.4479459],[-123.0625858,49.4470595],[-123.064282,49.4457318],[-123.0632388,49.4440921],[-123.0657245,49.4416893],[-123.0656351,49.4411807],[-123.0666469,49.4399803],[-123.0661925,49.4390082],[-123.0642498,49.4380756],[-123.0645873,49.4372937],[-123.0643358,49.4368611],[-123.0652996,49.4363443],[-123.0665419,49.434774],[-123.066101,49.4320547],[-123.0653599,49.4310577],[-123.0649076,49.4294462],[-123.0664165,49.4289725],[-123.068284,49.4271733],[-123.068496,49.42648],[-123.0705711,49.4260023],[-123.0730617,49.4244693],[-123.0768022,49.4239658],[-123.0771592,49.4232147],[-123.0800082,49.4230201],[-123.0817354,49.4220508],[-123.0832448,49.4217982],[-123.0848656,49.4224246],[-123.0884947,49.4225469],[-123.0902175,49.4213002],[-123.0896859,49.4206299],[-123.0911511,49.4183954],[-123.0928553,49.4173303],[-123.092505,49.416703],[-123.0929096,49.4154801],[-123.0925684,49.4153611],[-123.0926237,49.4147946],[-123.0941723,49.4136325],[-123.0934493,49.4115022],[-123.0924403,49.4100728],[-123.091895,49.4099519],[-123.0922195,49.4092119],[-123.0912795,49.4084906],[-123.0889567,49.4077175],[-123.0872077,49.4078584],[-123.087004,49.406347],[-123.0862841,49.4051705],[-123.0841069,49.4040594],[-123.0790263,49.4038118],[-123.0794405,49.4029146],[-123.0817967,49.401133],[-123.082341,49.3997223],[-123.083544,49.3990453],[-123.0838193,49.3983826],[-123.0826402,49.3979138],[-123.080712,49.3961161],[-123.0812213,49.3952948],[-123.0808808,49.3933668],[-123.0815969,49.3925426],[-123.0802917,49.391819],[-123.0801217,49.3905617],[-123.0788148,49.3903132],[-123.0773995,49.388872],[-123.079307,49.3856419],[-123.0791733,49.3833675],[-123.080502,49.3832291],[-123.0806133,49.382629],[-123.0814959,49.3820254],[-123.0839003,49.381584],[-123.0841614,49.3811833],[-123.0834628,49.3807595],[-123.0843428,49.380146],[-123.0840589,49.3797182],[-123.0843647,49.3793511],[-123.1004925,49.3729276],[-123.0992527,49.3709524],[-123.1041851,49.3638416],[-123.1046637,49.3608216],[-123.1063446,49.3592023],[-123.1076449,49.3600586],[-123.1095273,49.3598703],[-123.1129759,49.3609725],[-123.1136199,49.3607069],[-123.1135296,49.3599644],[-123.1170651,49.3604545],[-123.1173337,49.3634126],[-123.1185361,49.3646818],[-123.1265158,49.3647008],[-123.1291432,49.3668876],[-123.1455458,49.3670141],[-123.1455333,49.3742911],[-123.1511446,49.3743134],[-123.1511912,49.372054],[-123.1538578,49.3720589],[-123.156617,49.3736502],[-123.1568933,49.3733672],[-123.1580048,49.3742865],[-123.1569186,49.3753581],[-123.1569956,49.3790862],[-123.1605983,49.3790816],[-123.1623864,49.3802828],[-123.1678072,49.3814797],[-123.165877,49.3814724],[-123.1658225,49.3820185],[-123.1653334,49.3822038],[-123.1654558,49.3828576],[-123.1649979,49.3831701],[-123.1661733,49.3833454],[-123.1666244,49.3841303],[-123.1688726,49.3835497],[-123.1699322,49.3837473],[-123.170598,49.3840413],[-123.1705148,49.3848376],[-123.1721156,49.3863187],[-123.173838,49.3860247],[-123.1751366,49.3870785],[-123.1759586,49.3867586],[-123.1772613,49.3869376],[-123.1771743,49.388672],[-123.1796474,49.3885615],[-123.1799807,49.3889412],[-123.1797845,49.3897324],[-123.1802362,49.3899132],[-123.1799981,49.390294],[-123.1803211,49.391422],[-123.1800125,49.3916612],[-123.1804551,49.3920432],[-123.179734,49.3926206],[-123.1800159,49.3932131],[-123.1797754,49.3939097],[-123.1801706,49.3941968],[-123.1776988,49.3954265],[-123.1796053,49.396901],[-123.1814741,49.3971497],[-123.1829376,49.397831],[-123.1827405,49.3985513],[-123.1831597,49.4004497],[-123.1827626,49.4008485],[-123.1838223,49.4018003],[-123.1838332,49.4022907],[-123.1856616,49.4031819],[-123.1879751,49.4033729],[-123.1897105,49.4045138],[-123.1928474,49.4039926],[-123.1938778,49.4049482],[-123.1947407,49.4047886],[-123.1954817,49.4059256],[-123.1952609,49.4062321],[-123.1959473,49.4068379],[-123.1953727,49.4073612],[-123.1954367,49.4090238],[-123.1966414,49.4096199],[-123.196222,49.4099673],[-123.1965747,49.410216],[-123.1934661,49.4119194],[-123.193125,49.4130441],[-123.194005,49.4131887],[-123.1958524,49.412622],[-123.1986926,49.4135955],[-123.2014556,49.4134872],[-123.2027555,49.4141997],[-123.2027165,49.4154477],[-123.2047729,49.4158753],[-123.2070566,49.4174289],[-123.2058485,49.4196496],[-123.2056924,49.4213066],[-123.2052478,49.4215614],[-123.2050599,49.4225478],[-123.2060429,49.4246213],[-123.2056241,49.4248932],[-123.2058668,49.4257763],[-123.2054712,49.4263802],[-123.2059414,49.4270237],[-123.205797,49.4280023],[-123.2072172,49.4292628],[-123.206976,49.4296188],[-123.2074613,49.4307705],[-123.2072078,49.4309488],[-123.208195,49.4326985],[-123.2078319,49.4331099],[-123.2079129,49.433875],[-123.2063943,49.4347427],[-123.2060056,49.4361725],[-123.2054477,49.4366046],[-123.205143,49.4390499],[-123.2057029,49.4400084],[-123.2014627,49.4421877],[-123.2001267,49.4439949],[-123.2001886,49.4446673],[-123.1974577,49.4461034],[-123.1973655,49.4471131],[-123.1981254,49.4483198],[-123.198061,49.4490335],[-123.1970145,49.4498172],[-123.05284869367176,49.45],[-123.055899,49.4485482],[-123.0612127,49.4488485]]],[[[-123.01709863735024,49.45],[-123.0161135,49.449103],[-123.0158155,49.4482137],[-123.0153098,49.4481722],[-123.0152315,49.4473949],[-123.0145693,49.4471442],[-123.0136292,49.4442702],[-123.0143321,49.4439769],[-123.0152248,49.4425701],[-123.02084,49.44199],[-123.0224824,49.4413376],[-123.0246251,49.4420248],[-123.0280767,49.4414876],[-123.0313971,49.4425645],[-123.0341557,49.4423364],[-123.0340464,49.4425707],[-123.0366388,49.4437733],[-123.0367905,49.4443503],[-123.037799,49.4450139],[-123.0397429,49.4457115],[-123.0406889,49.4466465],[-123.0405279,49.4473136],[-123.0412835,49.4481798],[-123.0410974,49.4489618],[-123.0433518,49.4488974],[-123.0447533,49.4494794],[-123.0447617,49.4499422],[-123.04547268540541,49.45],[-123.01709863735024,49.45]]]]},"properties":{"id":"dogal-4","kind":"district","btype":"dogal","name":"Capilano Watershed","lab":1}},{"type":"Feature","geometry":{"type":"Point","coordinates":[-123.13941,49.40465]},"properties":{"id":"dogal-lab-4","kind":"district-label","btype":"dogal","name":"Capilano Watershed"}},{"type":"Feature","geometry":{"type":"Polygon","coordinates":[[[-123.203724,49.1858647],[-123.2004,49.1718243],[-123.2013117,49.1595103],[-123.201914,49.155625],[-123.2021925,49.1555342],[-123.1967677,49.1555799],[-123.1965796,49.1522314],[-123.1949144,49.1438353],[-123.195495,49.1400944],[-123.203947,49.1400709],[-123.2039377,49.1376034],[-123.2014216,49.1376083],[-123.2014816,49.13654],[-123.1958039,49.1365587],[-123.1958363,49.1361881],[-123.1969367,49.1359213],[-123.1960353,49.1336789],[-123.1948992,49.133623],[-123.1952567,49.1312561],[-123.1963618,49.1297067],[-123.224523,49.1359363],[-123.2326409,49.1363492],[-123.2389224,49.1356502],[-123.245621,49.1336306],[-123.3079519,49.1081348],[-123.3079649,49.1099762],[-123.3001047,49.1298575],[-123.295133,49.1579715],[-123.2936956,49.1971693],[-123.2037424,49.215956],[-123.2024788,49.2157427],[-123.2040663,49.2117264],[-123.2039866,49.2068198],[-123.2141991,49.2069425],[-123.2142233,49.2035648],[-123.2135062,49.1979345],[-123.2121839,49.1972051],[-123.212613,49.1966085],[-123.2126545,49.195103],[-123.2107995,49.194764],[-123.2123573,49.1935056],[-123.2122725,49.1914346],[-123.2214211,49.1924919],[-123.2218572,49.1908708],[-123.2120656,49.1897391],[-123.2117144,49.1886218],[-123.2109135,49.1878263],[-123.2085926,49.1872218],[-123.2040457,49.1868033],[-123.2035219,49.186176],[-123.203724,49.1858647]]]},"properties":{"id":"dogal-5","kind":"district","btype":"dogal","name":"Sturgeon Bank Wildlife Management Area","lab":1}},{"type":"Feature","geometry":{"type":"Point","coordinates":[-123.24785,49.16567]},"properties":{"id":"dogal-lab-5","kind":"district-label","btype":"dogal","name":"Sturgeon Bank Wildlife Management Area"}},{"type":"Feature","geometry":{"type":"Polygon","coordinates":[[[-122.3107174,49.3376651],[-122.311426,49.336275],[-122.31244,49.33558],[-122.312526,49.334348],[-122.313767,49.33413],[-122.3144698,49.3331089],[-122.3142419,49.3316773],[-122.3145486,49.3305277],[-122.314228,49.329743],[-122.312974,49.328845],[-122.3132935,49.3275699],[-122.310711,49.327356],[-122.310495,49.325098],[-122.309744,49.323654],[-122.3077102,49.3214918],[-122.307332,49.319952],[-122.3057189,49.3182056],[-122.3042543,49.31772],[-122.3035897,49.3170414],[-122.302985,49.315031],[-122.304122,49.313338],[-122.3025723,49.3121059],[-122.302044,49.31043],[-122.302544,49.310091],[-122.30575,49.310111],[-122.3127131,49.3119054],[-122.3114088,49.313697],[-122.3136192,49.312118],[-122.313869,49.312902],[-122.314948,49.313485],[-122.315315,49.3129197],[-122.31419,49.312697],[-122.313975,49.312228],[-122.3155212,49.3118145],[-122.3162352,49.3130208],[-122.3186734,49.3133575],[-122.3245852,49.3122066],[-122.3296663,49.3081787],[-122.3299037,49.3072993],[-122.3306614,49.3065306],[-122.3306507,49.3060147],[-122.330312,49.3060212],[-122.330791,49.303907],[-122.331776,49.302293],[-122.330762,49.302018],[-122.330575,49.3016024],[-122.332315,49.2992756],[-122.3331538,49.2959886],[-122.334257,49.2948313],[-122.338396,49.2935069],[-122.3402343,49.2919965],[-122.3421536,49.2887623],[-122.341253,49.2873762],[-122.3408764,49.2873935],[-122.3408802,49.284279],[-122.341299,49.284323],[-122.3414436,49.283918],[-122.3407952,49.2840132],[-122.3409708,49.2832856],[-122.340368,49.2830661],[-122.340881,49.282836],[-122.34042,49.282302],[-122.340834,49.282079],[-122.3403988,49.2818431],[-122.341322,49.281705],[-122.339928,49.281013],[-122.340719,49.280477],[-122.3402554,49.2802231],[-122.340971,49.280147],[-122.340182,49.2794312],[-122.340741,49.2787956],[-122.3401557,49.2784865],[-122.342356,49.278374],[-122.3429163,49.2775397],[-122.343927,49.278122],[-122.3452785,49.2767615],[-122.3456674,49.2754234],[-122.34497,49.2740342],[-122.3454374,49.2720219],[-122.3450025,49.2706072],[-122.3457533,49.2678859],[-122.346666,49.266443],[-122.3480646,49.2655871],[-122.349059,49.2642435],[-122.3509074,49.2637596],[-122.3511157,49.2630604],[-122.3534683,49.2628785],[-122.3534667,49.2615101],[-122.3539217,49.2601438],[-122.3542264,49.2601436],[-122.354339,49.258759],[-122.358808,49.258621],[-122.3610595,49.2576989],[-122.360698,49.257059],[-122.3614,49.256936],[-122.362567,49.255908],[-122.3644155,49.2521403],[-122.364694,49.250828],[-122.364176,49.2489775],[-122.3692529,49.2489465],[-122.3689319,49.241708],[-122.3800492,49.2416974],[-122.3800327,49.2452737],[-122.3771901,49.2452756],[-122.3771957,49.2488953],[-122.3858569,49.2488886],[-122.3912299,49.245363],[-122.3968366,49.2453586],[-122.3968302,49.2416594],[-122.4022242,49.2416548],[-122.4021868,49.2344012],[-122.4131299,49.234399],[-122.4130891,49.2198913],[-122.4241345,49.2198994],[-122.4243461,49.2634872],[-122.4080949,49.2634726],[-122.4085824,49.3097106],[-122.3978963,49.3097049],[-122.3416114,49.3463592],[-122.3416766,49.3536546],[-122.3176603,49.3536593],[-122.317235,49.351134],[-122.31659,49.349987],[-122.3165763,49.3480354],[-122.3154758,49.3469135],[-122.3154573,49.3463287],[-122.312833,49.343839],[-122.312568,49.342218],[-122.31283,49.341213],[-122.3110319,49.3397899],[-122.311295,49.338722],[-122.3107174,49.3376651]]]},"properties":{"id":"dogal-6","kind":"district","btype":"dogal","name":"Stave West Forest & Recreation Area","lab":1}},{"type":"Feature","geometry":{"type":"Point","coordinates":[-122.3746,49.28585]},"properties":{"id":"dogal-lab-6","kind":"district-label","btype":"dogal","name":"Stave West Forest & Recreation Area"}},{"type":"Feature","geometry":{"type":"Polygon","coordinates":[[[-123.014076,49.4434722],[-123.0133204,49.4445918],[-123.0057295,49.4462827],[-123.0051672,49.447288],[-123.0044643,49.4476079],[-122.9991691,49.4490099],[-122.99261584333911,49.45],[-122.98014,49.45],[-122.98014,49.4477902],[-122.9778619,49.4427367],[-122.9725083,49.4401952],[-122.9699324,49.4395335],[-122.9666994,49.4403055],[-122.9658514,49.4409672],[-122.9635776,49.4410149],[-122.9510855,49.4389184],[-122.9483867,49.4376213],[-122.9423436,49.4370871],[-122.9395274,49.4352176],[-122.9382879,49.4333966],[-122.9389037,49.4328553],[-122.9438066,49.4326944],[-122.9470792,49.4311359],[-122.9473422,49.4282685],[-122.9482603,49.4265582],[-122.9472912,49.4250404],[-122.9492758,49.4235965],[-122.9505499,49.4218129],[-122.9513194,49.4184625],[-122.9509466,49.4166996],[-122.9497291,49.4145232],[-122.9500806,49.4120461],[-122.9491901,49.4105647],[-122.9475188,49.4099776],[-122.9452849,49.4085258],[-122.9373904,49.4069413],[-122.9393048,49.4067809],[-122.9432751,49.4023334],[-122.9431636,49.3980706],[-122.9410148,49.3962212],[-122.9415235,49.3958434],[-122.9416627,49.3949579],[-122.9428619,49.3938399],[-122.9444772,49.3933445],[-122.9440154,49.3929055],[-122.9438049,49.3909579],[-122.9429327,49.3892675],[-122.9418401,49.3885037],[-122.9405556,49.3884762],[-122.9407691,49.3863906],[-122.9399653,49.3863906],[-122.9424563,49.3821582],[-122.9422491,49.3812361],[-122.9400618,49.3802141],[-122.9401155,49.3788873],[-122.9424824,49.37713],[-122.9437767,49.377378],[-122.9475048,49.3762958],[-122.951552,49.3762167],[-122.9525796,49.3740133],[-122.9501299,49.3725461],[-122.9504802,49.3720816],[-122.9485655,49.3702076],[-122.9487501,49.3683683],[-122.9501105,49.364669],[-122.9534796,49.3610484],[-122.9539579,49.3593047],[-122.9538639,49.3586453],[-122.9531175,49.358163],[-122.9535692,49.3574288],[-122.9563368,49.3552505],[-122.958622,49.3520956],[-122.9646199,49.3475815],[-122.9762931,49.3426959],[-122.9808371,49.3427514],[-122.9809782,49.3463614],[-122.9859592,49.3463602],[-122.9861661,49.3390985],[-122.989626,49.339097],[-122.9896796,49.3372932],[-122.988883,49.3372959],[-122.9889473,49.3353911],[-122.9923679,49.3353947],[-122.9936479,49.3341672],[-122.9936474,49.3337085],[-122.9951658,49.3337187],[-122.9951681,49.3331216],[-122.9965483,49.3329832],[-122.9965551,49.3317962],[-123.0033997,49.3318194],[-123.0028996,49.3313522],[-123.0037808,49.3313533],[-123.0037741,49.3305856],[-123.0045666,49.3298256],[-123.0069613,49.3296356],[-123.0077106,49.3302735],[-123.0077335,49.3317867],[-123.0135476,49.3317749],[-123.0098475,49.3359081],[-123.0098704,49.3392543],[-123.0125154,49.342604],[-123.0143245,49.346152],[-123.0177299,49.3496992],[-123.0198542,49.3496807],[-123.0181474,49.3509948],[-123.0204981,49.353362],[-123.0205105,49.3550848],[-123.0218908,49.3550816],[-123.0219064,49.3569875],[-123.024679,49.3569943],[-123.0245804,49.375615],[-123.0210076,49.3756164],[-123.0217144,49.3770568],[-123.0214077,49.3806369],[-123.019744,49.3816221],[-123.0182032,49.3831515],[-123.0176513,49.390577],[-123.0159275,49.3917196],[-123.0143915,49.394808],[-123.0142935,49.3960192],[-123.0155343,49.3987179],[-123.0143588,49.4000566],[-123.0143915,49.4019052],[-123.0129875,49.4040937],[-123.013216,49.4063458],[-123.0143588,49.4087465],[-123.0127589,49.4109984],[-123.0128242,49.4119543],[-123.0142609,49.4131652],[-123.0142609,49.4136963],[-123.0104407,49.4148858],[-123.0062287,49.4194527],[-123.0034207,49.4212156],[-122.999927,49.4227023],[-122.9996638,49.4288575],[-123.000139,49.4299908],[-123.0075085,49.4351149],[-123.0111174,49.4384292],[-123.014076,49.4434722]]]},"properties":{"id":"dogal-7","kind":"district","btype":"dogal","name":"Lower Seymour Conservation Reserve","lab":1}},{"type":"Feature","geometry":{"type":"Point","coordinates":[-122.98049,49.38992]},"properties":{"id":"dogal-lab-7","kind":"district-label","btype":"dogal","name":"Lower Seymour Conservation Reserve"}},{"type":"Feature","geometry":{"type":"Polygon","coordinates":[[[-122.5674767,49.3619181],[-122.5204662,49.362087],[-122.5205671,49.3185797],[-122.5302425,49.3185647],[-122.5302079,49.309517],[-122.5371175,49.3095056],[-122.5370273,49.2985708],[-122.5425505,49.2985676],[-122.5428476,49.2635755],[-122.545812,49.2635748],[-122.5465122,49.2498602],[-122.5570349,49.2494279],[-122.5567601,49.2565502],[-122.5682075,49.2565494],[-122.5681294,49.2635362],[-122.5840193,49.2634924],[-122.5840678,49.2678695],[-122.5896716,49.2678739],[-122.5897199,49.271503],[-122.5986304,49.2714475],[-122.5988328,49.2732573],[-122.5998305,49.2732594],[-122.5995577,49.290721],[-122.5981915,49.2909538],[-122.5977583,49.2917978],[-122.5989554,49.2934121],[-122.5996907,49.2934418],[-122.5994384,49.3282242],[-122.5985106,49.3282261],[-122.5984864,49.3299981],[-122.5962285,49.330001],[-122.5962044,49.3317415],[-122.5932418,49.3317485],[-122.5930996,49.3377842],[-122.5934558,49.3378069],[-122.5913165,49.3387868],[-122.5915255,49.3395227],[-122.5911117,49.340774],[-122.5878219,49.343876],[-122.586643,49.3445186],[-122.5861694,49.3455173],[-122.5848417,49.3462316],[-122.5838037,49.3484734],[-122.5823852,49.3489857],[-122.5808063,49.3512933],[-122.5783836,49.3504598],[-122.5774293,49.3512359],[-122.5795944,49.3523739],[-122.5796696,49.3528873],[-122.5783051,49.3556419],[-122.5782977,49.3565982],[-122.5774574,49.3577986],[-122.5746854,49.3567142],[-122.5714886,49.3601795],[-122.5659888,49.3580915],[-122.564096,49.3605277],[-122.5674767,49.3619181]]]},"properties":{"id":"dogal-8","kind":"district","btype":"dogal","name":"UBC Malcolm Knapp Research Forest","lab":1}},{"type":"Feature","geometry":{"type":"Point","coordinates":[-122.56834,49.30404]},"properties":{"id":"dogal-lab-8","kind":"district-label","btype":"dogal","name":"UBC Malcolm Knapp Research Forest"}},{"type":"Feature","geometry":{"type":"MultiPolygon","coordinates":[[[[-122.9042635,49.3402345],[-122.9049402,49.3401368],[-122.9054247,49.3409731],[-122.9039146,49.3416852],[-122.903635,49.341323],[-122.9042635,49.3402345]]],[[[-122.8918514,49.3473822],[-122.8927971,49.3463192],[-122.8932009,49.3466213],[-122.8927873,49.3475285],[-122.8921169,49.3479041],[-122.8918514,49.3473822]]],[[[-122.8915885,49.3484376],[-122.8931948,49.3480808],[-122.8929875,49.3489163],[-122.8906152,49.3510098],[-122.8902524,49.3506259],[-122.8904519,49.3499389],[-122.8915885,49.3484376]]],[[[-122.8864078,49.351592],[-122.8864065,49.3529376],[-122.8854669,49.3535969],[-122.8848272,49.3550085],[-122.8822369,49.3561395],[-122.8805109,49.3591442],[-122.8793934,49.359947],[-122.8785211,49.3623283],[-122.8779892,49.3624],[-122.8784304,49.3627504],[-122.8752261,49.364403],[-122.8695748,49.3644012],[-122.8695711,49.3680442],[-122.8639631,49.3680422],[-122.8639891,49.3514284],[-122.8669176,49.3514318],[-122.8669201,49.3441233],[-122.8836373,49.3442493],[-122.8836312,49.3515668],[-122.8864078,49.351592]]],[[[-122.8583335,49.3848382],[-122.8661364,49.3850229],[-122.8668688,49.386373],[-122.8668057,49.3889815],[-122.8704157,49.3897142],[-122.8699958,49.3910219],[-122.8709611,49.3920896],[-122.8707758,49.3931328],[-122.8714505,49.3942488],[-122.8704992,49.3972076],[-122.8694401,49.3972104],[-122.8694379,49.4002123],[-122.8685128,49.4003893],[-122.8655465,49.4024525],[-122.8645184,49.4018327],[-122.8643325,49.4020933],[-122.8655869,49.4028493],[-122.8655192,49.4031794],[-122.8615023,49.4053113],[-122.860404,49.4057093],[-122.8599096,49.4055016],[-122.8586805,49.4066065],[-122.8593118,49.4071254],[-122.8584836,49.4090754],[-122.857033,49.4090736],[-122.8570321,49.4098202],[-122.8585126,49.4100852],[-122.8583968,49.4104335],[-122.8570299,49.4104319],[-122.8570305,49.4115427],[-122.8584809,49.4117967],[-122.8570289,49.4118171],[-122.8584922,49.4121279],[-122.8568926,49.4132695],[-122.8561057,49.4128234],[-122.8555539,49.4132365],[-122.8564901,49.4137679],[-122.8566484,49.4145826],[-122.8555958,49.4149546],[-122.855965,49.4158545],[-122.8575269,49.4155929],[-122.8576985,49.4158343],[-122.8568944,49.4159771],[-122.857004,49.4162426],[-122.8582939,49.416017],[-122.8579161,49.4187906],[-122.8569721,49.4208389],[-122.8577804,49.4214063],[-122.8580271,49.4221466],[-122.8573737,49.4236359],[-122.8554606,49.4239877],[-122.8538655,49.4258598],[-122.854064,49.4275729],[-122.852893,49.4275756],[-122.8528913,49.4278499],[-122.8543265,49.4281171],[-122.8528922,49.4281153],[-122.8528903,49.4297613],[-122.8543742,49.4297632],[-122.8540167,49.4307816],[-122.8535228,49.4307258],[-122.8528883,49.4313085],[-122.852885,49.4345691],[-122.8558041,49.4345728],[-122.855122,49.4356601],[-122.8528843,49.435644],[-122.8528808,49.4365255],[-122.8540292,49.4366214],[-122.8528814,49.43662],[-122.8528804,49.4369663],[-122.8540195,49.4369287],[-122.8541261,49.4379572],[-122.8546622,49.438671],[-122.8538279,49.4386765],[-122.8539262,49.438951],[-122.8560151,49.4396832],[-122.8561563,49.4426914],[-122.8577122,49.4429816],[-122.8590337,49.4440588],[-122.8588943,49.4460804],[-122.8606004,49.4470482],[-122.8618808,49.4490438],[-122.8631521,49.4489243],[-122.8609792429616,49.45],[-122.80883378709524,49.45],[-122.8083209,49.4495882],[-122.8082249,49.4488312],[-122.8088285,49.4482426],[-122.8126533,49.4454648],[-122.8128325,49.4430654],[-122.8145433,49.4418341],[-122.8149729,49.4407964],[-122.8182749,49.4397062],[-122.8204577,49.4366384],[-122.8235782,49.4356744],[-122.8267829,49.4330206],[-122.827773,49.4330018],[-122.8298481,49.4310978],[-122.8312037,49.4304901],[-122.8332841,49.4277864],[-122.8331295,49.427088],[-122.8319495,49.4261069],[-122.8316646,49.424665],[-122.8300575,49.4230188],[-122.8301661,49.4219449],[-122.8311657,49.4208777],[-122.8319909,49.4183293],[-122.8293631,49.4165264],[-122.8289979,49.4158496],[-122.829129,49.4140932],[-122.8283108,49.4140553],[-122.8279925,49.4131982],[-122.827312,49.4129718],[-122.8273454,49.411705],[-122.8286613,49.4099614],[-122.8270843,49.4083067],[-122.8226661,49.405374],[-122.8218871,49.4040221],[-122.822285,49.4015386],[-122.8218823,49.4008527],[-122.8227259,49.4],[-122.8229921,49.3986182],[-122.8251025,49.397428],[-122.8264649,49.3949992],[-122.828513,49.3926672],[-122.8286999,49.3914202],[-122.8315935,49.3895286],[-122.8322538,49.3876043],[-122.8318185,49.3845767],[-122.8320398,49.3837001],[-122.8316435,49.3826674],[-122.8319454,49.3803638],[-122.8283725,49.3787147],[-122.8263524,49.3765412],[-122.8281816,49.3723284],[-122.8311444,49.3678424],[-122.8317594,49.3648655],[-122.8308967,49.3626297],[-122.8286524,49.3626886],[-122.8290517,49.361762],[-122.8271798,49.3600079],[-122.8272944,49.3566704],[-122.8264529,49.3553555],[-122.8251298,49.3546913],[-122.8240828,49.3526872],[-122.8238853,49.3513968],[-122.8249282,49.3488603],[-122.8246091,49.3483683],[-122.8238492,49.3482034],[-122.8237,49.3459977],[-122.8226146,49.3458979],[-122.8226278,49.3369577],[-122.8506195,49.3369793],[-122.8516752,49.3597004],[-122.8523243,49.3620356],[-122.8540088,49.365023],[-122.857104,49.3688305],[-122.8585471,49.3689366],[-122.8583335,49.3848382]]],[[[-122.8727624,49.4408832],[-122.8725817,49.4419567],[-122.8741729,49.4426893],[-122.8740306,49.4438815],[-122.8747859,49.4447807],[-122.8735292,49.4466445],[-122.8738671,49.4477152],[-122.8731859,49.4480396],[-122.8707979,49.4468647],[-122.8710966,49.4461309],[-122.8699966,49.4452529],[-122.8699994,49.4446076],[-122.868309,49.4432975],[-122.8681219,49.4416429],[-122.8666856,49.4401323],[-122.8626827,49.4341437],[-122.8623176,49.4327161],[-122.8632563,49.4301972],[-122.8639859,49.4302111],[-122.8650749,49.4319521],[-122.8701082,49.4316758],[-122.8703964,49.4328417],[-122.8700149,49.4338939],[-122.8700728,49.4365256],[-122.8716529,49.4397124],[-122.8727624,49.4408832]]],[[[-122.8910417,49.4482792],[-122.8776283,49.4482929],[-122.8767628,49.4475099],[-122.877301,49.4451148],[-122.8785579,49.4437125],[-122.8798332,49.4431996],[-122.878704,49.440555],[-122.875874,49.4383613],[-122.875119,49.4363501],[-122.875229,49.4360451],[-122.878476,49.4362225],[-122.8785837,49.435395],[-122.8757206,49.4352391],[-122.8760513,49.4345013],[-122.873605,49.4334043],[-122.8735511,49.4326378],[-122.8742318,49.4324406],[-122.8731959,49.4323036],[-122.873285,49.4311229],[-122.8758694,49.4302235],[-122.8761045,49.4287303],[-122.8753166,49.4277598],[-122.8747556,49.4276833],[-122.8746159,49.4265761],[-122.8740763,49.4258976],[-122.8739569,49.4241364],[-122.8748039,49.4224423],[-122.8755547,49.4221921],[-122.8753181,49.4217621],[-122.8760983,49.4214124],[-122.8872688,49.4213897],[-122.8872712,49.4138069],[-122.8983504,49.4138058],[-122.8983644,49.4358678],[-122.8872659,49.4358671],[-122.8872642,49.4432042],[-122.9064432,49.4434265],[-122.9074554,49.444257],[-122.909268,49.4449173],[-122.9098857,49.4463017],[-122.9111493,49.4476831],[-122.91173566584479,49.45],[-122.89108803191719,49.45],[-122.8910417,49.4482792]]]]},"properties":{"id":"dogal-9","kind":"district","btype":"dogal","name":"Say Nuth Khaw Yum Provincial Park","lab":1}},{"type":"Feature","geometry":{"type":"Point","coordinates":[-122.84936,49.39369]},"properties":{"id":"dogal-lab-9","kind":"district-label","btype":"dogal","name":"Say Nuth Khaw Yum Provincial Park"}},{"type":"Feature","geometry":{"type":"Polygon","coordinates":[[[-123.0292309,49.3572504],[-123.0296183,49.3585476],[-123.0312022,49.3609267],[-123.0357925,49.3643373],[-123.0468803,49.3644004],[-123.0469126,49.3719786],[-123.0532162,49.371747],[-123.0530869,49.3787348],[-123.0550264,49.3787348],[-123.0551234,49.3861635],[-123.0691528,49.3861003],[-123.0693144,49.3932333],[-123.081031,49.3931879],[-123.0810654,49.396877],[-123.0832143,49.3985445],[-123.0822638,49.4010634],[-123.0788339,49.4037436],[-123.0822463,49.4039148],[-123.085432,49.4048999],[-123.0864375,49.4057514],[-123.0873604,49.4074364],[-123.0899225,49.4080907],[-123.0932836,49.4115054],[-123.0931734,49.4153859],[-123.0922505,49.4177606],[-123.0897021,49.4221871],[-123.0888619,49.4228143],[-123.0869334,49.4232444],[-123.084206,49.4227068],[-123.0742194,49.4247228],[-123.0713542,49.4256994],[-123.0650454,49.429731],[-123.0648112,49.4302058],[-123.0655551,49.4313346],[-123.0659683,49.4340937],[-123.0658168,49.4356614],[-123.0647561,49.4375424],[-123.0663265,49.4393518],[-123.0662714,49.4416358],[-123.064095,49.4435166],[-123.0619461,49.4483259],[-123.0601278,49.4488991],[-123.0552103,49.4486125],[-123.0533946761729,49.45],[-123.04519737801974,49.45],[-123.0433227,49.4491588],[-123.0409397,49.4489259],[-123.0403198,49.4481647],[-123.0407882,49.4467408],[-123.0403474,49.4461945],[-123.0316417,49.4418508],[-123.0255809,49.4421284],[-123.0229224,49.4415283],[-123.0186246,49.4423344],[-123.0159799,49.442218],[-123.0140101,49.44323],[-123.0127428,49.4416268],[-123.0111174,49.4384292],[-123.0075085,49.4351149],[-123.000139,49.4299908],[-122.9996638,49.4288575],[-122.999927,49.4227023],[-123.0034207,49.4212156],[-123.0062287,49.4194527],[-123.0104407,49.4148858],[-123.0142609,49.4136963],[-123.0142609,49.4131652],[-123.0128242,49.4119543],[-123.0127589,49.4109984],[-123.0143588,49.4087465],[-123.013216,49.4063458],[-123.0129875,49.4040937],[-123.0143915,49.4019052],[-123.0143588,49.4000566],[-123.0155343,49.3987179],[-123.0142935,49.3960192],[-123.0143915,49.394808],[-123.0159275,49.3917196],[-123.0176513,49.390577],[-123.0182032,49.3831515],[-123.019744,49.3816221],[-123.0214077,49.3806369],[-123.0217144,49.3770568],[-123.0210076,49.3756164],[-123.0245804,49.375615],[-123.024679,49.3569943],[-123.0292309,49.3572504]]]},"properties":{"id":"dogal-10","kind":"district","btype":"dogal","name":"Lynn Headwaters Regional Park","lab":1}},{"type":"Feature","geometry":{"type":"Point","coordinates":[-123.04691,49.40282]},"properties":{"id":"dogal-lab-10","kind":"district-label","btype":"dogal","name":"Lynn Headwaters Regional Park"}},{"type":"Feature","geometry":{"type":"Polygon","coordinates":[[[-122.8958558,49.4065921],[-122.8958442,49.3940852],[-122.8938454,49.3940851],[-122.8938464,49.3818434],[-122.8960552,49.3818373],[-122.8960905,49.3804172],[-122.9036514,49.3804119],[-122.9036515,49.3813909],[-122.9070551,49.3813907],[-122.9070539,49.3741525],[-122.9045056,49.3741529],[-122.9045046,49.365098],[-122.9071233,49.3650978],[-122.9071232,49.3646816],[-122.9182064,49.3646803],[-122.9182037,49.3574421],[-122.9313647,49.3574391],[-122.9313583,49.3477994],[-122.9412986,49.3477962],[-122.9412925,49.3408656],[-122.9495701,49.3408623],[-122.9495705,49.3404099],[-122.9502578,49.3404008],[-122.9502588,49.3389867],[-122.9571306,49.336969],[-122.9573228,49.3339253],[-122.9609797,49.3339606],[-122.9609961,49.3334306],[-122.9622546,49.3334435],[-122.9623618,49.3305644],[-122.9629871,49.3305691],[-122.9630282,49.3288756],[-122.9639523,49.3288678],[-122.9639498,49.3279255],[-122.9643798,49.3279249],[-122.9644109,49.3260474],[-122.9658845,49.3258735],[-122.9658985,49.3249488],[-122.9690437,49.3249494],[-122.9690336,49.3231853],[-122.9666367,49.3231679],[-122.9666601,49.3214533],[-122.9681626,49.3214659],[-122.9684177,49.3160661],[-122.9687973,49.316077],[-122.969147,49.3211573],[-122.9702534,49.3211699],[-122.9702472,49.3215296],[-122.9729947,49.3215606],[-122.9729912,49.322737],[-122.9711198,49.3227158],[-122.9714466,49.3230618],[-122.9729906,49.322918],[-122.9729866,49.3236846],[-122.9743557,49.323701],[-122.9743321,49.3265057],[-122.9702569,49.3264572],[-122.9702575,49.3270712],[-122.9692653,49.327062],[-122.9692689,49.3297185],[-122.966131,49.3297362],[-122.9660532,49.3338844],[-122.9692754,49.3338691],[-122.9692224,49.3411189],[-122.9721727,49.3411101],[-122.9721531,49.342671],[-122.9762931,49.3426959],[-122.9646199,49.3475815],[-122.958622,49.3520956],[-122.9563368,49.3552505],[-122.9535692,49.3574288],[-122.9531175,49.358163],[-122.9538639,49.3586453],[-122.9539579,49.3593047],[-122.9534796,49.3610484],[-122.9501105,49.364669],[-122.9487501,49.3683683],[-122.9485655,49.3702076],[-122.9504802,49.3720816],[-122.9501299,49.3725461],[-122.9525796,49.3740133],[-122.951552,49.3762167],[-122.9475048,49.3762958],[-122.9437767,49.377378],[-122.9424824,49.37713],[-122.9401155,49.3788873],[-122.9400618,49.3802141],[-122.9422491,49.3812361],[-122.9424563,49.3821582],[-122.9399653,49.3863906],[-122.9407691,49.3863906],[-122.9405556,49.3884762],[-122.9418401,49.3885037],[-122.9429327,49.3892675],[-122.9438049,49.3909579],[-122.9440154,49.3929055],[-122.9444772,49.3933445],[-122.9428619,49.3938399],[-122.9416627,49.3949579],[-122.9415235,49.3958434],[-122.9410148,49.3962212],[-122.9431636,49.3980706],[-122.9432751,49.4023334],[-122.9393048,49.4067809],[-122.9373904,49.4069413],[-122.9452849,49.4085258],[-122.9475188,49.4099776],[-122.9491901,49.4105647],[-122.9499735,49.4116973],[-122.9497291,49.4145232],[-122.9509466,49.4166996],[-122.9513194,49.4184625],[-122.9505499,49.4218129],[-122.9492758,49.4235965],[-122.9472912,49.4250404],[-122.9482603,49.4265582],[-122.9473422,49.4282685],[-122.9470792,49.4311359],[-122.9438066,49.4326944],[-122.9389037,49.4328553],[-122.9374029,49.4340659],[-122.9353527,49.4345263],[-122.9294212,49.4328313],[-122.9284267,49.431975],[-122.9283513,49.4306054],[-122.9270174,49.4302501],[-122.9272658,49.4309422],[-122.9270055,49.4318207],[-122.9248451,49.4329456],[-122.9229163,49.4351743],[-122.9244905,49.4370096],[-122.9250451,49.4390465],[-122.9246038,49.4392591],[-122.9173992,49.4407157],[-122.9158344,49.4404307],[-122.9136997,49.4406694],[-122.9102303,49.4396453],[-122.9089184,49.4409664],[-122.9052507,49.443263],[-122.8872642,49.4432042],[-122.8872659,49.4358671],[-122.8983644,49.4358678],[-122.8983504,49.4138058],[-122.8936887,49.4138056],[-122.8936893,49.406592],[-122.8958558,49.4065921]]]},"properties":{"id":"dogal-11","kind":"district","btype":"dogal","name":"Mount Seymour Provincial Park","lab":1}},{"type":"Feature","geometry":{"type":"Point","coordinates":[-122.92357,49.37955]},"properties":{"id":"dogal-lab-11","kind":"district-label","btype":"dogal","name":"Mount Seymour Provincial Park"}},{"type":"Feature","geometry":{"type":"MultiPolygon","coordinates":[[[[-122.6663563,49.292941],[-122.6892139,49.2890351],[-122.6890825,49.3075367],[-122.6803284,49.3074584],[-122.6743984,49.3024692],[-122.6665418,49.3000624],[-122.6602155,49.2967936],[-122.660231,49.2945398],[-122.6663563,49.292941]]],[[[-122.6801533,49.3148662],[-122.6806187,49.3141917],[-122.6834786,49.3140756],[-122.6835839,49.3076675],[-122.6890964,49.3077178],[-122.6890967,49.3113011],[-122.6949192,49.3112806],[-122.6949215,49.3148668],[-122.689097,49.3148294],[-122.6890975,49.320252],[-122.6834713,49.3202236],[-122.683407,49.3184227],[-122.6764875,49.3184058],[-122.6777768,49.31771],[-122.6788311,49.3163637],[-122.6802159,49.3160281],[-122.6804561,49.3153181],[-122.6801533,49.3148662]]],[[[-122.6027714,49.3151891],[-122.6665445,49.3146673],[-122.6745505,49.3148846],[-122.6728837,49.3172141],[-122.6443277,49.3359352],[-122.6177717,49.3502713],[-122.6177738,49.349017],[-122.6150014,49.3495324],[-122.6149691,49.3492178],[-122.6136725,49.3492745],[-122.6136709,49.350174],[-122.5905847,49.3507078],[-122.5799085,49.3522969],[-122.5794519,49.3512247],[-122.5811054,49.3511766],[-122.5823903,49.348978],[-122.5838262,49.3484415],[-122.5848372,49.3462316],[-122.5861499,49.3455315],[-122.5866405,49.3445179],[-122.5878618,49.3438405],[-122.5910925,49.3407935],[-122.5915271,49.3394505],[-122.5913248,49.3387759],[-122.5935369,49.33773],[-122.593125,49.3369114],[-122.5934284,49.33661],[-122.5933758,49.3312791],[-122.596179,49.3312645],[-122.596161,49.3294522],[-122.5989641,49.3294376],[-122.5989461,49.3276253],[-122.6001987,49.3276127],[-122.6000076,49.3187584],[-122.6027469,49.3187631],[-122.6027714,49.3151891]]],[[[-122.5660934,49.3932395],[-122.5718046,49.3834338],[-122.5810662,49.3563657],[-122.5851747,49.3530985],[-122.6129568,49.3526547],[-122.611767,49.3531098],[-122.610019,49.3531218],[-122.608021,49.3549772],[-122.607633,49.3570537],[-122.606324,49.3571123],[-122.6063473,49.3576161],[-122.605659,49.3576136],[-122.6051442,49.3582954],[-122.6047752,49.3595715],[-122.605323,49.3600232],[-122.6043703,49.3603978],[-122.605315,49.3610755],[-122.604994,49.3615781],[-122.603833,49.3622308],[-122.6030473,49.3621473],[-122.6032836,49.3635244],[-122.6019179,49.3637895],[-122.6013321,49.3648037],[-122.6002003,49.3651417],[-122.5977467,49.3670671],[-122.5956128,49.370253],[-122.593814,49.3712451],[-122.5933108,49.3721338],[-122.5935257,49.3728002],[-122.592094,49.3728784],[-122.5856115,49.3808204],[-122.568542,49.3941279],[-122.5660934,49.3932395]]],[[[-122.5684261,49.3650904],[-122.5718401,49.3620628],[-122.5735379,49.3615924],[-122.5735001,49.3611965],[-122.5744453,49.3602644],[-122.576512,49.3597654],[-122.5661553,49.3846151],[-122.5610066,49.3943877],[-122.5505914,49.391823],[-122.5376888,49.3925685],[-122.5388386,49.3904592],[-122.5404792,49.3889006],[-122.5493635,49.3832597],[-122.5544899,49.3785842],[-122.5567388,49.3751477],[-122.5600857,49.3720931],[-122.5598903,49.37074],[-122.5632526,49.3691728],[-122.5644548,49.3671804],[-122.5684261,49.3650904]]]]},"properties":{"id":"dogal-12","kind":"district","btype":"dogal","name":"Pitt-Addington Marsh Wildlife Management Area","lab":1}},{"type":"Feature","geometry":{"type":"Point","coordinates":[-122.62064,49.33361]},"properties":{"id":"dogal-lab-12","kind":"district-label","btype":"dogal","name":"Pitt-Addington Marsh Wildlife Management Area"}},{"type":"Feature","geometry":{"type":"Polygon","coordinates":[[[-122.4464152,49.2500119],[-122.447249,49.2490687],[-122.456379,49.249112],[-122.4865459,49.261077],[-122.4865417,49.2714555],[-122.4573219,49.2904837],[-122.4421412,49.2904763],[-122.4421876,49.302191],[-122.4306377,49.3097604],[-122.4085821,49.3097105],[-122.4081004,49.2658575],[-122.4243809,49.2658793],[-122.4248022,49.2646334],[-122.4258281,49.263873],[-122.4270759,49.2615162],[-122.4282206,49.2610841],[-122.4287307,49.2591282],[-122.4296427,49.2589354],[-122.4319664,49.2563152],[-122.4319729,49.2557495],[-122.4332,49.2551564],[-122.4346802,49.2530581],[-122.4396592,49.2504953],[-122.4433887,49.250716],[-122.4441893,49.250018],[-122.4464152,49.2500119]]]},"properties":{"id":"dogal-13","kind":"district","btype":"dogal","name":"Blue Mountain Recreation Site","lab":1}},{"type":"Feature","geometry":{"type":"Point","coordinates":[-122.4401,49.28097]},"properties":{"id":"dogal-lab-13","kind":"district-label","btype":"dogal","name":"Blue Mountain Recreation Site"}},{"type":"Feature","geometry":{"type":"MultiPolygon","coordinates":[[[[-123.028408,49.1163811],[-123.0239995,49.1163739],[-123.024028,49.1119067],[-123.0284363,49.1119311],[-123.028408,49.1163811]]],[[[-122.9538083,49.1396821],[-122.9373217,49.1396747],[-122.9349084,49.1401995],[-122.9349166,49.1372311],[-122.9321086,49.1372332],[-122.9292379,49.1337173],[-122.9367271,49.1337219],[-122.9391324,49.1320562],[-122.9391359,49.1290432],[-122.9355686,49.1246772],[-122.9346145,49.1229453],[-122.9349836,49.115592],[-122.9459868,49.1155933],[-122.9459828,49.1083642],[-122.9572403,49.1083862],[-122.9572455,49.1047685],[-123.0015235,49.1046314],[-123.0015264,49.1055306],[-123.0155771,49.1055193],[-123.0155801,49.1050697],[-123.0237973,49.1050622],[-123.0237524,49.1119955],[-123.0126889,49.1191802],[-123.0126576,49.1264642],[-123.0014935,49.1264355],[-123.0014797,49.13819],[-122.9969831,49.1394822],[-122.9939506,49.1394831],[-122.9933948,49.1414658],[-122.992984,49.1414645],[-122.9930421,49.142372],[-122.9918983,49.1439119],[-122.990761,49.1446303],[-122.9899544,49.1449583],[-122.9899528,49.1445398],[-122.9794287,49.1445183],[-122.9794205,49.1470566],[-122.9683438,49.1470319],[-122.9683402,49.1481211],[-122.9571853,49.1481014],[-122.9571954,49.1408763],[-122.9556982,49.1408751],[-122.9538083,49.1396821]]],[[[-122.9226035,49.1337514],[-122.9196089,49.1335856],[-122.921047,49.127896],[-122.9235995,49.1235695],[-122.9236951,49.1329198],[-122.9227027,49.1329153],[-122.9230702,49.1337576],[-122.9224221,49.1329141],[-122.9226035,49.1337514]]],[[[-122.9331123,49.1480833],[-122.9241488,49.1422987],[-122.9236481,49.1418769],[-122.9236529,49.1412187],[-122.9222964,49.1412063],[-122.9195643,49.1370166],[-122.9194328,49.1343242],[-122.9274242,49.134351],[-122.9284455,49.1347792],[-122.929788,49.1360645],[-122.9348718,49.1418937],[-122.9348692,49.1432362],[-122.9335833,49.1442896],[-122.9332828,49.1467326],[-122.9342663,49.1494428],[-122.9331126,49.1486702],[-122.9331123,49.1480833]]]]},"properties":{"id":"dogal-14","kind":"district","btype":"dogal","name":"Burns Bog Ecological Conservancy Area","lab":1}},{"type":"Feature","geometry":{"type":"Point","coordinates":[-122.97447,49.12556]},"properties":{"id":"dogal-lab-14","kind":"district-label","btype":"dogal","name":"Burns Bog Ecological Conservancy Area"}},{"type":"Feature","geometry":{"type":"MultiPolygon","coordinates":[[[[-123.206599,49.358711],[-123.2093181,49.3581122],[-123.2099627,49.3583247],[-123.2089072,49.3586482],[-123.2089332,49.3590273],[-123.2106212,49.3593693],[-123.2106992,49.3597735],[-123.206619,49.3598054],[-123.206599,49.358711]]],[[[-123.2020387,49.3608265],[-123.1958128,49.3612273],[-123.1902022,49.3625735],[-123.1902068,49.36211],[-123.1973709,49.3602701],[-123.2020898,49.3604672],[-123.2020387,49.3608265]]],[[[-123.2010863,49.3724951],[-123.1979473,49.3745251],[-123.2020197,49.3745204],[-123.2020014,49.375686],[-123.2245831,49.3757963],[-123.2245766,49.3794308],[-123.2528916,49.3801038],[-123.252785,49.3836792],[-123.257155,49.3838688],[-123.2569413,49.3864703],[-123.2545886,49.3893095],[-123.252814,49.3892708],[-123.2526741,49.3918093],[-123.2518557,49.3928187],[-123.247158,49.3927093],[-123.2469611,49.3962747],[-123.2430506,49.3961835],[-123.2425549,49.4019383],[-123.2415956,49.4029519],[-123.2396267,49.4031861],[-123.2398405,49.4052114],[-123.2394369,49.4051985],[-123.2389202,49.4106749],[-123.2348689,49.4105096],[-123.2347977,49.4113136],[-123.2271235,49.4111355],[-123.2235392,49.4119938],[-123.2213561,49.4130266],[-123.2196847,49.4130053],[-123.21635,49.4148036],[-123.2101203,49.4162393],[-123.2101755,49.4172235],[-123.2083268,49.4209543],[-123.2089201,49.4243272],[-123.2083896,49.4257042],[-123.2085748,49.4271294],[-123.2094599,49.4274374],[-123.2101547,49.428605],[-123.2100352,49.4298533],[-123.2102943,49.4314499],[-123.2108436,49.4317946],[-123.2108121,49.4332292],[-123.2101131,49.434588],[-123.2079026,49.4368336],[-123.207835,49.4380881],[-123.2069289,49.4393918],[-123.2070357,49.4402813],[-123.2063318,49.4418248],[-123.2038328,49.4431325],[-123.2027254,49.4453148],[-123.2004011,49.4470561],[-123.2008724,49.448998],[-123.20028354362417,49.45],[-123.19616618888888,49.45],[-123.1969458,49.449869],[-123.1981227,49.4488737],[-123.1974705,49.4469819],[-123.1979947,49.4457806],[-123.2002693,49.4445443],[-123.2010832,49.4426518],[-123.2023071,49.4414566],[-123.203971,49.4408938],[-123.2043092,49.4400185],[-123.2040096,49.4387826],[-123.2051004,49.437819],[-123.2050975,49.4363877],[-123.2076101,49.4338582],[-123.2082009,49.4326493],[-123.2071989,49.4302324],[-123.2074618,49.4289954],[-123.2072165,49.4284841],[-123.2059967,49.4279976],[-123.2056009,49.425323],[-123.2061631,49.424369],[-123.2056619,49.4229659],[-123.2056101,49.4206361],[-123.2074609,49.4167059],[-123.2047706,49.4151693],[-123.2029786,49.4151598],[-123.2029529,49.414201],[-123.2022874,49.413806],[-123.1935236,49.4129241],[-123.1939557,49.4124519],[-123.1936313,49.411768],[-123.196354,49.4100615],[-123.1959405,49.4090198],[-123.1958706,49.4068743],[-123.1943456,49.4043671],[-123.1936964,49.4040373],[-123.1910031,49.4041262],[-123.183821,49.4022474],[-123.182902,49.4009452],[-123.1830409,49.3980988],[-123.1819622,49.3964497],[-123.181615,49.3948562],[-123.1804279,49.3941601],[-123.1798079,49.3929711],[-123.1800827,49.3919155],[-123.1797003,49.3897789],[-123.1806678,49.3879887],[-123.1777568,49.3885113],[-123.1770923,49.3877319],[-123.1739231,49.3863014],[-123.1705865,49.3853218],[-123.1700309,49.3840696],[-123.1692516,49.3835853],[-123.1662767,49.3835995],[-123.1659683,49.3814727],[-123.1678072,49.3814797],[-123.1623864,49.3802828],[-123.1605982,49.3790544],[-123.1569956,49.3790862],[-123.1569186,49.3753581],[-123.1580082,49.3744671],[-123.194135,49.3745172],[-123.1945844,49.3714885],[-123.1913844,49.3655871],[-123.1901786,49.364914],[-123.1901855,49.3642346],[-123.1911137,49.3645652],[-123.1927559,49.3660385],[-123.1950375,49.3703384],[-123.1954136,49.3722003],[-123.1949583,49.376073],[-123.194571,49.3782717],[-123.1935468,49.3794393],[-123.1915151,49.3805575],[-123.191651,49.3797121],[-123.191222,49.3796002],[-123.1897389,49.383235],[-123.1883922,49.3848428],[-123.1883398,49.3872166],[-123.1874994,49.3883359],[-123.1888097,49.3884677],[-123.1919813,49.3926889],[-123.194414,49.3946391],[-123.1986748,49.3944098],[-123.2020534,49.3957573],[-123.2034389,49.3950636],[-123.2035159,49.3943443],[-123.2016943,49.3924903],[-123.2008256,49.3921848],[-123.2002348,49.3926045],[-123.2023494,49.3948378],[-123.2021456,49.3950821],[-123.1988758,49.3934431],[-123.1970273,49.3934566],[-123.1957909,49.3940534],[-123.1944879,49.3938333],[-123.1919972,49.3913304],[-123.1913081,49.3894704],[-123.190759,49.3893443],[-123.189195,49.386258],[-123.1915117,49.382822],[-123.192074,49.3806869],[-123.1947441,49.3795987],[-123.1951189,49.3789524],[-123.1960099,49.3725487],[-123.1957369,49.3707148],[-123.1929786,49.3655579],[-123.1901933,49.3634575],[-123.1901968,49.363107],[-123.196496,49.3616673],[-123.2047901,49.3616602],[-123.2088896,49.3610641],[-123.205727,49.362281],[-123.1977648,49.3619366],[-123.1915542,49.3635316],[-123.1935276,49.3645991],[-123.1955698,49.3683728],[-123.1973891,49.3690567],[-123.2010863,49.3724951]]]]},"properties":{"id":"dogal-15","kind":"district","btype":"dogal","name":"Cypress Provincial Park","lab":1}},{"type":"Feature","geometry":{"type":"Point","coordinates":[-123.21736,49.40604]},"properties":{"id":"dogal-lab-15","kind":"district-label","btype":"dogal","name":"Cypress Provincial Park"}},{"type":"Feature","geometry":{"type":"MultiPolygon","coordinates":[[[[-122.9150478,49.2970577],[-122.9108091,49.2989203],[-122.9108883,49.2945197],[-122.914227,49.2945452],[-122.9155082,49.2960046],[-122.9150478,49.2970577]]],[[[-122.928918,49.3042124],[-122.9294288,49.3042502],[-122.9293485,49.3047028],[-122.9231848,49.3047447],[-122.913579,49.2937231],[-122.917599,49.2931944],[-122.9191842,49.2935454],[-122.9205421,49.2944515],[-122.9211236,49.2967322],[-122.9219274,49.29739],[-122.9246402,49.2983618],[-122.9261206,49.2976365],[-122.9269387,49.2980157],[-122.9257702,49.298892],[-122.9255878,49.2995333],[-122.9276976,49.3011594],[-122.9275486,49.3018932],[-122.928918,49.3042124]]],[[[-122.924082,49.3138815],[-122.924598,49.3135267],[-122.925978,49.3133906],[-122.925805,49.3138671],[-122.924082,49.3138815]]],[[[-122.9259592,49.3205576],[-122.9263801,49.3214913],[-122.9257522,49.321485],[-122.9259592,49.3205576]]],[[[-122.909266,49.3295504],[-122.9100256,49.3279567],[-122.9111651,49.3281206],[-122.9131616,49.3271817],[-122.9149639,49.327093],[-122.9158381,49.3258273],[-122.9156191,49.3253441],[-122.9170628,49.3240745],[-122.9171449,49.3238331],[-122.9163064,49.3239574],[-122.9162062,49.3236722],[-122.9168726,49.3235721],[-122.9171161,49.3230583],[-122.9169962,49.3225982],[-122.9162072,49.322751],[-122.9154733,49.3209166],[-122.9158309,49.3202969],[-122.9154007,49.3200217],[-122.9174882,49.3190886],[-122.918217,49.3175695],[-122.9192662,49.3170013],[-122.9185173,49.3164121],[-122.9197584,49.3157071],[-122.9208865,49.3142397],[-122.9199806,49.313484],[-122.9168511,49.314657],[-122.9168545,49.3137475],[-122.9188337,49.3130304],[-122.921243,49.3128002],[-122.9232047,49.3136254],[-122.923237,49.3144989],[-122.9254528,49.3148422],[-122.9255436,49.3167606],[-122.9263639,49.3174109],[-122.926439,49.3184757],[-122.9271073,49.3183695],[-122.9254779,49.3208843],[-122.9254741,49.3217822],[-122.9237078,49.3217574],[-122.9236782,49.3226551],[-122.9223519,49.3235983],[-122.9229685,49.3238026],[-122.9235917,49.3233746],[-122.9239645,49.3237305],[-122.9225405,49.3249695],[-122.9212054,49.3249606],[-122.9220592,49.3242969],[-122.9213534,49.3245979],[-122.9210844,49.3250056],[-122.921113,49.3253029],[-122.9211694,49.3250152],[-122.9223793,49.3250221],[-122.9216102,49.3257837],[-122.9189692,49.3271822],[-122.9171783,49.3266089],[-122.9155955,49.3280337],[-122.9159007,49.3286203],[-122.9171509,49.3285716],[-122.9188808,49.3297637],[-122.9180286,49.3300707],[-122.9146772,49.329766],[-122.9137878,49.3304053],[-122.912004,49.3307851],[-122.9120267,49.3302839],[-122.9106925,49.3296547],[-122.909266,49.3295504]]],[[[-122.9153828,49.3307753],[-122.9157573,49.3313168],[-122.9149574,49.3314846],[-122.9143995,49.3309686],[-122.9153828,49.3307753]]],[[[-122.8939432,49.3077621],[-122.895197,49.3060615],[-122.895652,49.3060627],[-122.8941922,49.3075094],[-122.8939432,49.3077621]]],[[[-122.8948119,49.3209465],[-122.892416,49.3186682],[-122.8897925,49.3169569],[-122.8903861,49.3148555],[-122.8901654,49.3141448],[-122.8893715,49.3138049],[-122.8909665,49.3132616],[-122.890867,49.3124488],[-122.8915031,49.3117467],[-122.8936076,49.3112394],[-122.8937456,49.3107105],[-122.8931574,49.3098932],[-122.8937991,49.3090275],[-122.8936191,49.3085867],[-122.8962349,49.3060641],[-122.8997337,49.3060729],[-122.8997945,49.3037495],[-122.9007957,49.3031749],[-122.9144613,49.2977689],[-122.9154298,49.2971902],[-122.9158009,49.296338],[-122.9231835,49.3047449],[-122.929296,49.3047351],[-122.92792,49.3074654],[-122.9284071,49.3094135],[-122.9274525,49.3105456],[-122.9279965,49.3109775],[-122.9266128,49.3119245],[-122.9274766,49.3129613],[-122.9285927,49.3127715],[-122.9287668,49.3130909],[-122.9244628,49.3133571],[-122.9237541,49.31367],[-122.9211552,49.3125433],[-122.9187372,49.3128585],[-122.9183159,49.311819],[-122.9168599,49.3123466],[-122.9168628,49.3112074],[-122.9138399,49.3122238],[-122.9133333,49.3127801],[-122.9124847,49.3125136],[-122.9108103,49.3133934],[-122.909458,49.3134522],[-122.9083193,49.3159853],[-122.9062335,49.3170369],[-122.9054212,49.3180811],[-122.902329,49.3186527],[-122.9013764,49.318235],[-122.901139,49.3176839],[-122.8999219,49.3178059],[-122.8980306,49.3218722],[-122.8948119,49.3209465]]],[[[-122.8888969,49.3140895],[-122.8898054,49.314284],[-122.8898958,49.3148999],[-122.8889055,49.3150495],[-122.8888969,49.3140895]]],[[[-122.8969752,49.3231972],[-122.8955218,49.3226515],[-122.8950343,49.3212859],[-122.8973901,49.3219695],[-122.8972146,49.3225114],[-122.8982481,49.3226403],[-122.898131,49.3233382],[-122.8981075,49.3227652],[-122.8971557,49.3226886],[-122.8969752,49.3231972]]],[[[-122.8699017,49.3383728],[-122.8738396,49.3368504],[-122.875532,49.3357687],[-122.8827751,49.3227504],[-122.8823408,49.3227449],[-122.8753429,49.3353984],[-122.8736004,49.3366197],[-122.8691211,49.3383991],[-122.866914,49.339944],[-122.8669133,49.3296981],[-122.8601835,49.3296903],[-122.8580407,49.327787],[-122.8572694,49.326236],[-122.8585094,49.3262236],[-122.8584675,49.3238383],[-122.8635006,49.3238019],[-122.8634891,49.3225701],[-122.8670508,49.3225435],[-122.8670737,49.3152142],[-122.8858978,49.3156749],[-122.8853119,49.3147441],[-122.8839434,49.3143043],[-122.8852304,49.3142931],[-122.8863328,49.3153335],[-122.8875173,49.3141493],[-122.8880411,49.3141266],[-122.8866365,49.3155309],[-122.8870589,49.3159081],[-122.8854719,49.3177096],[-122.8858026,49.3199982],[-122.8847025,49.3217675],[-122.8855597,49.3225638],[-122.887147,49.3229989],[-122.8866353,49.3240878],[-122.8867815,49.3245813],[-122.8876883,49.3249473],[-122.8892654,49.3245439],[-122.8903617,49.3252255],[-122.8926364,49.325319],[-122.8945494,49.3240434],[-122.8936335,49.3238267],[-122.8943599,49.3228611],[-122.89435,49.3216056],[-122.8929718,49.3208901],[-122.8914437,49.3188107],[-122.8892557,49.3175896],[-122.8890064,49.31707],[-122.8894179,49.3170504],[-122.8945583,49.3210336],[-122.895394,49.3228708],[-122.8968773,49.3233828],[-122.8997913,49.3235413],[-122.9002465,49.323948],[-122.8987075,49.3243451],[-122.896633,49.3241975],[-122.8982569,49.3245173],[-122.9005077,49.3242267],[-122.9004294,49.324644],[-122.897611,49.3248763],[-122.8974351,49.3255691],[-122.8999054,49.325806],[-122.8990818,49.3276009],[-122.8961786,49.3299414],[-122.8835668,49.3299129],[-122.8836267,49.3405118],[-122.891182,49.3404903],[-122.88985,49.3433098],[-122.8898293,49.344235],[-122.8669184,49.344133],[-122.8669146,49.3405789],[-122.8699017,49.3383728]]]]},"properties":{"id":"dogal-16","kind":"district","btype":"dogal","name":"təmtəmíxʷtən/Belcarra Regional Park","lab":1}},{"type":"Feature","geometry":{"type":"Point","coordinates":[-122.91101,49.30922]},"properties":{"id":"dogal-lab-16","kind":"district-label","btype":"dogal","name":"təmtəmíxʷtən/Belcarra Regional Park"}},{"type":"Feature","geometry":{"type":"Polygon","coordinates":[[[-123.3777837,49.3974119],[-123.3665527,49.3973951],[-123.3665832,49.3939103],[-123.3657726,49.3939111],[-123.365754,49.3902162],[-123.3602512,49.3902125],[-123.3601951,49.3850939],[-123.3715894,49.385107],[-123.3714467,49.3777132],[-123.3768645,49.3777145],[-123.3768664,49.3740967],[-123.3824068,49.3740978],[-123.3824083,49.37048],[-123.3879068,49.370475],[-123.3878529,49.3668858],[-123.3935162,49.3670814],[-123.3934803,49.3636669],[-123.412253,49.3637401],[-123.4125236,49.3715515],[-123.4095311,49.3715562],[-123.4093093,49.3800746],[-123.4123351,49.3800702],[-123.4123313,49.3787981],[-123.4136194,49.3788071],[-123.4136112,49.3793414],[-123.4149915,49.3795496],[-123.4127602,49.3808784],[-123.4114537,49.3806523],[-123.411246,49.381148],[-123.4124776,49.3813961],[-123.4119285,49.3822496],[-123.4107315,49.3826666],[-123.4079545,49.3850526],[-123.4073459,49.3842275],[-123.406607,49.3844882],[-123.4074474,49.3852286],[-123.4068275,49.3854516],[-123.4050092,49.3860798],[-123.4042868,49.385269],[-123.4035608,49.3855447],[-123.4042925,49.386366],[-123.4008965,49.3879276],[-123.398891,49.3895408],[-123.39771,49.389243],[-123.3972065,49.3897045],[-123.3983017,49.3900345],[-123.3968768,49.3913723],[-123.3955315,49.3911386],[-123.3947952,49.3923368],[-123.3957997,49.3926561],[-123.3931955,49.3951146],[-123.3920664,49.3946041],[-123.3910819,49.3954473],[-123.3919645,49.3960647],[-123.3904767,49.397123],[-123.3873047,49.3969855],[-123.3870139,49.3987943],[-123.3777421,49.3984903],[-123.3777837,49.3974119]]]},"properties":{"id":"dogal-17","kind":"district","btype":"dogal","name":"Mount Gardner Recreation Site","lab":1}},{"type":"Feature","geometry":{"type":"Point","coordinates":[-123.39169,49.38127]},"properties":{"id":"dogal-lab-17","kind":"district-label","btype":"dogal","name":"Mount Gardner Recreation Site"}},{"type":"Feature","geometry":{"type":"Polygon","coordinates":[[[-123.2483809,49.2509149],[-123.243269,49.2486139],[-123.2391482,49.2474683],[-123.2386602,49.24787],[-123.23171,49.2444404],[-123.2299979,49.2444799],[-123.2288208,49.2432497],[-123.227546,49.2431313],[-123.2279578,49.2462759],[-123.2274143,49.2464766],[-123.2289854,49.2497325],[-123.2316561,49.2572695],[-123.231158,49.2573607],[-123.2337056,49.2607236],[-123.2300361,49.2618331],[-123.2305978,49.2625911],[-123.2294308,49.2633501],[-123.227039,49.2621239],[-123.2199383,49.2615232],[-123.2191195,49.2616419],[-123.2191235,49.2624942],[-123.2154177,49.2623402],[-123.2155924,49.2582302],[-123.2035337,49.2580168],[-123.2030353,49.2566353],[-123.1965196,49.2566278],[-123.1965115,49.2551553],[-123.19605,49.2551547],[-123.1960495,49.2533445],[-123.1937129,49.2533061],[-123.1937317,49.2493028],[-123.1966479,49.2493255],[-123.1966845,49.2499857],[-123.2000148,49.2501537],[-123.2045694,49.2493454],[-123.1989295,49.246242],[-123.1969076,49.2461837],[-123.1968874,49.2386427],[-123.1984848,49.238532],[-123.1985268,49.236499],[-123.1971746,49.2365802],[-123.1970724,49.235149],[-123.205477,49.2374201],[-123.2086622,49.2353642],[-123.2145371,49.2374081],[-123.2175414,49.2390496],[-123.2199225,49.2395812],[-123.221136,49.2376627],[-123.2259664,49.2400878],[-123.233494,49.2424323],[-123.2423447,49.2470777],[-123.2473518,49.2484896],[-123.2523759,49.2512467],[-123.2538138,49.2544984],[-123.2609596,49.2617288],[-123.2612205,49.2617297],[-123.2606684,49.2608435],[-123.2630353,49.259514],[-123.2623618,49.2633384],[-123.2654851,49.2649296],[-123.2621937,49.2709714],[-123.2578167,49.2729457],[-123.256287,49.2742541],[-123.2526468,49.2757604],[-123.2493935,49.2783238],[-123.2459436,49.2794903],[-123.2423712,49.2797884],[-123.2345764,49.2781252],[-123.2303222,49.2781491],[-123.2240591,49.2773763],[-123.2252076,49.2744606],[-123.2244792,49.2724086],[-123.2225605,49.2711564],[-123.2216902,49.2689192],[-123.2197677,49.2691182],[-123.219713,49.2664157],[-123.2233762,49.2682546],[-123.2276499,49.2662674],[-123.2348612,49.2688815],[-123.2353659,49.2681905],[-123.234834,49.2672524],[-123.2303113,49.2637645],[-123.2324222,49.264073],[-123.235183,49.265621],[-123.2344014,49.2661357],[-123.2355315,49.2670087],[-123.2363906,49.2663884],[-123.2380143,49.2668339],[-123.2377385,49.2669965],[-123.2396639,49.2693799],[-123.2404831,49.2712731],[-123.2411932,49.2732621],[-123.2369581,49.2727711],[-123.2361207,49.274327],[-123.2364635,49.2749117],[-123.2375387,49.2752576],[-123.2384022,49.2750578],[-123.2383081,49.2745895],[-123.2413246,49.2746437],[-123.2421538,49.2757185],[-123.2442944,49.2769621],[-123.2446859,49.2787127],[-123.2451735,49.279081],[-123.2477425,49.2785067],[-123.2491635,49.2775629],[-123.2505428,49.2756183],[-123.2518252,49.2752889],[-123.2526487,49.2742601],[-123.2539305,49.273879],[-123.2542567,49.2733099],[-123.2542018,49.2714064],[-123.2546561,49.2709052],[-123.2565419,49.2720328],[-123.2582894,49.2716531],[-123.2606135,49.2703273],[-123.2622125,49.2673676],[-123.2603278,49.2667864],[-123.2606652,49.2641305],[-123.2587036,49.2630323],[-123.2586943,49.2619767],[-123.2573739,49.2605499],[-123.2550097,49.259402],[-123.2540977,49.2573233],[-123.2524851,49.2564314],[-123.2519434,49.2540817],[-123.2483809,49.2509149]]]},"properties":{"id":"dogal-18","kind":"district","btype":"dogal","name":"Pacific Spirit Regional Park","lab":1}},{"type":"Feature","geometry":{"type":"Point","coordinates":[-123.21741,49.25769]},"properties":{"id":"dogal-lab-18","kind":"district-label","btype":"dogal","name":"Pacific Spirit Regional Park"}},{"type":"Feature","geometry":{"type":"Polygon","coordinates":[[[-122.91222958377013,49.45],[-122.911202,49.4475534],[-122.9102316,49.4468403],[-122.9097173,49.4447199],[-122.9079913,49.4438582],[-122.9056516,49.4434539],[-122.9077038,49.4421353],[-122.9078889,49.4411225],[-122.9105448,49.4396859],[-122.91205,49.4398303],[-122.9135872,49.4407651],[-122.916,49.440463],[-122.9171566,49.44096],[-122.9188076,49.4403181],[-122.9250075,49.4391694],[-122.9246311,49.4369569],[-122.9231679,49.4356952],[-122.9230312,49.4349191],[-122.9234977,49.434285],[-122.9245172,49.4339199],[-122.9249083,49.4327644],[-122.9270194,49.4318809],[-122.9272446,49.4313713],[-122.9291761,49.432376],[-122.9295495,49.4330257],[-122.9308952,49.4326202],[-122.9351617,49.4348345],[-122.9358132,49.4345478],[-122.9380414,49.4349229],[-122.939371,49.4363525],[-122.9430183,49.4370874],[-122.9459681,49.4388474],[-122.9485751,49.438862],[-122.9552869,49.4407718],[-122.9624284,49.4413095],[-122.9638022,49.4401676],[-122.964657,49.4400734],[-122.9660446,49.4407259],[-122.9681403,49.4401868],[-122.9703175,49.4404483],[-122.973408,49.4400667],[-122.9780217,49.438723],[-122.9804571,49.4388988],[-122.9823025,49.4398571],[-122.983002,49.4412964],[-122.984104,49.442169],[-122.9850299,49.4436083],[-122.9852082,49.4455962],[-122.9848056,49.4482362],[-122.985252,49.4490953],[-122.9857965,49.4492572],[-122.9894538,49.44946],[-122.9919411,49.4490375],[-122.9968648,49.4471533],[-122.998288,49.4474996],[-123.000009,49.4486465],[-123.0002612,49.4481113],[-123.0041336,49.4474501],[-123.0056945,49.4462177],[-123.0096528,49.4452325],[-123.0109916,49.4445218],[-123.0137126,49.4442948],[-123.0145848,49.4471498],[-123.015247,49.4474005],[-123.0153027,49.4481353],[-123.0158391,49.4482281],[-123.016129,49.4491086],[-123.0171317,49.4497513],[-122.91222958377013,49.45]]]},"properties":{"id":"dogal-19","kind":"district","btype":"dogal","name":"Seymour Watershed","lab":1}},{"type":"Feature","geometry":{"type":"Point","coordinates":[-122.93638,49.44059]},"properties":{"id":"dogal-lab-19","kind":"district-label","btype":"dogal","name":"Seymour Watershed"}},{"type":"Feature","geometry":{"type":"Polygon","coordinates":[[[-122.8226512,49.3423618],[-122.8200459,49.3415591],[-122.8208879,49.3410477],[-122.8203515,49.3407411],[-122.8184636,49.3412508],[-122.8171336,49.3401515],[-122.8146958,49.3405523],[-122.8114119,49.338747],[-122.8113064,49.3223367],[-122.800205,49.3223658],[-122.8003099,49.3157982],[-122.801234,49.3156041],[-122.802596,49.3162054],[-122.8039354,49.316078],[-122.804519,49.3158088],[-122.8054004,49.3141279],[-122.8065081,49.3136593],[-122.8062647,49.3129598],[-122.8052937,49.3122388],[-122.8076096,49.3124863],[-122.8161111,49.3102425],[-122.8159144,49.3091267],[-122.8164453,49.3082948],[-122.8170065,49.3081733],[-122.830047,49.3119806],[-122.8298711,49.313313],[-122.8469433,49.3283599],[-122.85022,49.3326345],[-122.8507967,49.3328731],[-122.8518801,49.3348451],[-122.8516032,49.3356479],[-122.8518334,49.3369565],[-122.8226174,49.3369575],[-122.8226512,49.3423618]]]},"properties":{"id":"dogal-20","kind":"district","btype":"dogal","name":"Eagle Mountain Recreation Site","lab":1}},{"type":"Feature","geometry":{"type":"Point","coordinates":[-122.82743,49.32536]},"properties":{"id":"dogal-lab-20","kind":"district-label","btype":"dogal","name":"Eagle Mountain Recreation Site"}},{"type":"Feature","geometry":{"type":"MultiPolygon","coordinates":[[[[-122.6667905,49.3280648],[-122.6678285,49.3281685],[-122.6690337,49.3271918],[-122.6689985,49.3272668],[-122.6691881,49.3272076],[-122.669995,49.32734],[-122.6704086,49.3273245],[-122.6696061,49.3270541],[-122.6687176,49.3271954],[-122.6683933,49.3260559],[-122.6670096,49.326169],[-122.6670507,49.3257601],[-122.6723175,49.3257306],[-122.6722686,49.3283456],[-122.6666669,49.328353],[-122.6667905,49.3280648]]],[[[-122.6528136,49.3452748],[-122.6533553,49.345381],[-122.6535322,49.345521],[-122.6528136,49.3452748]]],[[[-122.6251087,49.3511454],[-122.6394551,49.3428073],[-122.6434887,49.3412033],[-122.6442721,49.3415732],[-122.6462161,49.3403815],[-122.6477843,49.3404948],[-122.6485497,49.3391084],[-122.6515062,49.3377666],[-122.6533651,49.3378536],[-122.6534492,49.336688],[-122.6539294,49.3363007],[-122.6566907,49.3358915],[-122.6574973,49.3340217],[-122.6614064,49.3313389],[-122.6622106,49.3311894],[-122.663306,49.3323437],[-122.6626202,49.3335624],[-122.6601874,49.3354907],[-122.6573987,49.3367698],[-122.6541802,49.3413449],[-122.6484569,49.3459371],[-122.6462041,49.3471511],[-122.6475246,49.3483929],[-122.6527854,49.3454897],[-122.6546091,49.3466747],[-122.6563405,49.3494808],[-122.6545792,49.3458727],[-122.6534023,49.3450267],[-122.6554734,49.3438615],[-122.6585689,49.3402776],[-122.6601356,49.3414608],[-122.6591859,49.3401185],[-122.6599687,49.337597],[-122.6612232,49.3365094],[-122.6620391,49.3350344],[-122.6631691,49.3353919],[-122.662534,49.3348461],[-122.6633284,49.3333115],[-122.663029,49.3346515],[-122.6659469,49.3323157],[-122.6663155,49.3324614],[-122.6660521,49.3322368],[-122.6666029,49.3320288],[-122.6666321,49.3308466],[-122.6683622,49.3303698],[-122.6670497,49.3303494],[-122.6666713,49.3292581],[-122.6694847,49.3292545],[-122.6695261,49.3328827],[-122.6663049,49.3328932],[-122.6663286,49.3439267],[-122.660792,49.3439252],[-122.6608067,49.35123],[-122.6551246,49.3512278],[-122.6549077,49.3659572],[-122.6292193,49.3658936],[-122.6307374,49.3643573],[-122.6325554,49.3606885],[-122.6346902,49.35839],[-122.6347157,49.3574787],[-122.6331496,49.3556878],[-122.6332032,49.3550594],[-122.6345162,49.3551287],[-122.6347748,49.3543855],[-122.6375139,49.3534142],[-122.6459265,49.3490871],[-122.647077,49.3491894],[-122.6474451,49.3502051],[-122.6483197,49.350821],[-122.6477068,49.349419],[-122.6488133,49.3486029],[-122.6472758,49.3488323],[-122.6464613,49.3482444],[-122.6460846,49.3472285],[-122.6453721,49.3477562],[-122.6450777,49.3459769],[-122.6429055,49.3446619],[-122.6426514,49.3446151],[-122.6422813,49.3448117],[-122.6427396,49.3447284],[-122.6449635,49.3464393],[-122.6450474,49.3478276],[-122.643596,49.3486436],[-122.6425885,49.3485067],[-122.6431147,49.3488644],[-122.6412953,49.3492067],[-122.6418512,49.3493256],[-122.6367643,49.3518982],[-122.6355905,49.3522401],[-122.635472,49.3518621],[-122.6349555,49.3525833],[-122.632129,49.3532828],[-122.6316187,49.352968],[-122.630793,49.3539494],[-122.6254375,49.3546526],[-122.6248334,49.3535912],[-122.6229722,49.3524175],[-122.6248658,49.35167],[-122.6251087,49.3511454]]],[[[-122.6231957,49.3535364],[-122.6240471,49.3552454],[-122.6248546,49.3558919],[-122.6305444,49.3558235],[-122.632235,49.3565384],[-122.6334991,49.3578435],[-122.6330564,49.3586937],[-122.6308978,49.3604473],[-122.6296287,49.3629335],[-122.629758,49.3644375],[-122.6283503,49.3658818],[-122.6217642,49.3657925],[-122.6225843,49.353335],[-122.6231957,49.3535364]]]]},"properties":{"id":"dogal-21","kind":"district","btype":"dogal","name":"Widgeon Marsh Regional Park","lab":1}},{"type":"Feature","geometry":{"type":"Point","coordinates":[-122.63821,49.34749]},"properties":{"id":"dogal-lab-21","kind":"district-label","btype":"dogal","name":"Widgeon Marsh Regional Park"}},{"type":"Feature","geometry":{"type":"MultiPolygon","coordinates":[[[[-122.6472802,49.0311238],[-122.6472812,49.0202214],[-122.6416663,49.0202576],[-122.641623,49.0238591],[-122.63888,49.0238686],[-122.6389453,49.0165409],[-122.6363017,49.0165394],[-122.6362785,49.0148357],[-122.6306162,49.0154798],[-122.6306088,49.0149067],[-122.629229,49.0149209],[-122.6292347,49.0153707],[-122.6280119,49.016131],[-122.6278608,49.0166514],[-122.6251993,49.0166951],[-122.6252668,49.0095812],[-122.657848,49.009443],[-122.6578786,49.0167134],[-122.6687,49.0166854],[-122.6688913,49.0239688],[-122.6668098,49.0239631],[-122.6668516,49.02561],[-122.6689351,49.025619],[-122.6690963,49.0310653],[-122.6661679,49.030827],[-122.6580077,49.0311194],[-122.6563722,49.0305728],[-122.6534473,49.0311282],[-122.6472802,49.0311238]]],[[[-122.6499111,49.0330138],[-122.649896,49.0313123],[-122.653482,49.0313126],[-122.655294,49.0309704],[-122.6591966,49.0312934],[-122.6571445,49.0316286],[-122.6577725,49.0345253],[-122.6574372,49.0371613],[-122.6577265,49.0384468],[-122.649956,49.0384496],[-122.6499213,49.0339195],[-122.6473064,49.0339151],[-122.6472969,49.0330118],[-122.6499111,49.0330138]]],[[[-122.6610764,49.0384452],[-122.6610463,49.0312814],[-122.6690978,49.0312467],[-122.6691782,49.0384375],[-122.6610764,49.0384452]]]]},"properties":{"id":"dogal-22","kind":"district","btype":"dogal","name":"Campbell Valley Regional Park","lab":1}},{"type":"Feature","geometry":{"type":"Point","coordinates":[-122.65806,49.02206]},"properties":{"id":"dogal-lab-22","kind":"district-label","btype":"dogal","name":"Campbell Valley Regional Park"}},{"type":"Feature","geometry":{"type":"MultiPolygon","coordinates":[[[[-122.5805995,49.2018785],[-122.5770656,49.197005],[-122.5810677,49.1946503],[-122.5818456,49.1952288],[-122.5836179,49.1979788],[-122.5857962,49.1998207],[-122.5830087,49.1986652],[-122.5811032,49.1983029],[-122.5801482,49.1988968],[-122.5802197,49.1993463],[-122.5813821,49.20009],[-122.5832166,49.2001269],[-122.583402,49.200974],[-122.5805995,49.2018785]]],[[[-122.5677951,49.2021262],[-122.5687504,49.2007331],[-122.5685646,49.2003638],[-122.5668077,49.2008062],[-122.5630008,49.2008968],[-122.5629417,49.1994591],[-122.56115,49.1992239],[-122.5611697,49.1982535],[-122.5606514,49.1980408],[-122.5590636,49.1979303],[-122.5586977,49.1985145],[-122.5576218,49.198321],[-122.5568758,49.1990564],[-122.5569026,49.1973566],[-122.5609898,49.1971461],[-122.5630274,49.1978632],[-122.5635507,49.1983364],[-122.5633437,49.1986915],[-122.5651674,49.1998879],[-122.5676884,49.1991836],[-122.5691016,49.1998299],[-122.5695489,49.2023528],[-122.573932,49.2024229],[-122.5763781,49.2015433],[-122.5782555,49.2014814],[-122.5766209,49.2025551],[-122.5718897,49.2027567],[-122.569593,49.2038844],[-122.5682666,49.2032565],[-122.5677951,49.2021262]]],[[[-122.5685187,49.2039017],[-122.5666682,49.2022673],[-122.5643363,49.201324],[-122.5619404,49.2011714],[-122.5605641,49.1997538],[-122.5569575,49.199616],[-122.5568732,49.1992473],[-122.5576598,49.1985865],[-122.5588593,49.1985972],[-122.5590907,49.1981985],[-122.5605266,49.198268],[-122.5608393,49.1985686],[-122.5603692,49.1992308],[-122.5625568,49.199656],[-122.5623543,49.200964],[-122.5627646,49.2011746],[-122.5677355,49.2008711],[-122.5674467,49.2019837],[-122.5670539,49.202191],[-122.5674288,49.2020835],[-122.5677801,49.2031374],[-122.5692005,49.2040726],[-122.571847,49.2029847],[-122.576613,49.2031888],[-122.5787292,49.2017298],[-122.5794061,49.2028986],[-122.5793182,49.2032204],[-122.5773298,49.20346],[-122.5725638,49.2031096],[-122.5709201,49.2033787],[-122.5696427,49.2041227],[-122.5691801,49.2041201],[-122.5685187,49.2039017]]],[[[-122.5796628,49.2019035],[-122.5800519,49.2024493],[-122.5805526,49.2027759],[-122.5798262,49.2024787],[-122.5796628,49.2019035]]],[[[-122.5346629,49.2039196],[-122.5346612,49.2034513],[-122.5368935,49.2033681],[-122.5391176,49.2026735],[-122.5392587,49.2003854],[-122.5401578,49.2002611],[-122.5401724,49.1985194],[-122.5488851,49.1986498],[-122.5537729,49.1974162],[-122.5565497,49.1978543],[-122.556483,49.1999021],[-122.5549659,49.1998796],[-122.5538411,49.2008192],[-122.5530045,49.2005568],[-122.5511429,49.2013233],[-122.5511386,49.2009291],[-122.5484364,49.2009326],[-122.5463793,49.2014999],[-122.5463719,49.2020783],[-122.5456609,49.2020804],[-122.5456695,49.2014859],[-122.5446205,49.2015333],[-122.5447464,49.2020757],[-122.5434151,49.2017289],[-122.5437472,49.202193],[-122.5432381,49.2021936],[-122.5432097,49.204459],[-122.539986,49.2051747],[-122.5373277,49.2050738],[-122.5384331,49.2058559],[-122.539008,49.2069516],[-122.5389194,49.2075371],[-122.5383848,49.2078256],[-122.5374105,49.2079053],[-122.5359935,49.2066845],[-122.5338487,49.2065881],[-122.5325634,49.2058607],[-122.5330309,49.2058605],[-122.5330282,49.2043394],[-122.5346629,49.2039196]]],[[[-122.5840568,49.2004515],[-122.5838726,49.1998129],[-122.5814311,49.1991875],[-122.5812325,49.1987283],[-122.5830935,49.1988632],[-122.585474,49.2006554],[-122.587035,49.2002645],[-122.5958798,49.2065964],[-122.5946557,49.2073309],[-122.5946598,49.2082819],[-122.5869754,49.2050732],[-122.5827789,49.2037628],[-122.581207,49.2027834],[-122.582406,49.2024812],[-122.5840568,49.2004515]]],[[[-122.4615986,49.2199405],[-122.4579088,49.2197688],[-122.4617673,49.2164746],[-122.4641539,49.2155911],[-122.4653615,49.2160009],[-122.4666248,49.2148956],[-122.4684359,49.2142654],[-122.4685743,49.2130757],[-122.4690216,49.2130748],[-122.4690288,49.2143328],[-122.4729523,49.2137121],[-122.4757837,49.21449],[-122.4757778,49.2130585],[-122.4758249,49.2144916],[-122.4764104,49.2146098],[-122.479127,49.2141946],[-122.4803373,49.2135747],[-122.4809603,49.2129086],[-122.4808898,49.2124205],[-122.4826272,49.211825],[-122.4846785,49.2097775],[-122.4835108,49.2091086],[-122.4843302,49.2084962],[-122.485783,49.2093284],[-122.4872628,49.2079686],[-122.487619,49.2069605],[-122.4907321,49.2050303],[-122.4907585,49.1983794],[-122.4921961,49.198423],[-122.4937694,49.1991034],[-122.4923975,49.2020322],[-122.4961357,49.2020936],[-122.4961472,49.2039476],[-122.4970329,49.2039588],[-122.4970285,49.2058299],[-122.4984501,49.205835],[-122.4992101,49.2063433],[-122.5006156,49.2083664],[-122.5014857,49.2088955],[-122.5014833,49.2082381],[-122.5045389,49.2083029],[-122.5045084,49.2087911],[-122.5065386,49.2094427],[-122.5063849,49.2100172],[-122.5083338,49.2098454],[-122.510133,49.2109394],[-122.5109634,49.2119173],[-122.5086669,49.2125569],[-122.5050183,49.2115497],[-122.5050235,49.2111036],[-122.5014944,49.2110279],[-122.4991853,49.2093191],[-122.4985975,49.2093147],[-122.4960797,49.2068267],[-122.4933528,49.2068346],[-122.4918856,49.2087795],[-122.4930878,49.2094131],[-122.4917667,49.2088925],[-122.4910793,49.2095458],[-122.4895722,49.2097779],[-122.4854235,49.2120878],[-122.4904434,49.2123448],[-122.4904552,49.2181782],[-122.4877718,49.2181773],[-122.4877674,49.2163164],[-122.4850837,49.2163167],[-122.4850774,49.2128887],[-122.4839858,49.2128922],[-122.4795578,49.2154504],[-122.4795672,49.2164582],[-122.4670069,49.2165178],[-122.4670037,49.2172389],[-122.4662231,49.2176623],[-122.4662146,49.2200038],[-122.4629,49.2199774],[-122.462907,49.2184676],[-122.4619037,49.2184658],[-122.4615986,49.2199405]]],[[[-122.5209582,49.2134425],[-122.5203411,49.2135363],[-122.5201945,49.2134424],[-122.5203171,49.2131712],[-122.5202978,49.2134935],[-122.5210508,49.2133939],[-122.5210584,49.2129908],[-122.5139899,49.2130329],[-122.5139869,49.2124816],[-122.5108761,49.2116395],[-122.510298,49.210728],[-122.511254,49.2108991],[-122.51131,49.2112666],[-122.5125961,49.2112008],[-122.5148787,49.2102333],[-122.517131,49.2104316],[-122.5171218,49.2099537],[-122.5196124,49.2098412],[-122.5195931,49.2088952],[-122.5240529,49.2078544],[-122.5240461,49.2075262],[-122.5299545,49.2075061],[-122.5299582,49.2071636],[-122.5326127,49.2061589],[-122.5336831,49.2067823],[-122.5355271,49.2068998],[-122.5372647,49.2080705],[-122.5388125,49.2079429],[-122.5366325,49.2087219],[-122.5346668,49.2087396],[-122.5346681,49.2074892],[-122.5343919,49.2074846],[-122.5343906,49.208847],[-122.5319097,49.2088629],[-122.5319201,49.2104709],[-122.5277793,49.2104974],[-122.5277885,49.2118644],[-122.5264463,49.2115044],[-122.5258921,49.211714],[-122.5259026,49.2129625],[-122.5222516,49.2129836],[-122.5223421,49.2146392],[-122.521817,49.2152026],[-122.5210233,49.2152124],[-122.5209582,49.2134425]]],[[[-122.5195997,49.2178474],[-122.5234569,49.2177994],[-122.5234654,49.2186265],[-122.5187379,49.2186728],[-122.5186746,49.2182511],[-122.5196217,49.2181579],[-122.5195997,49.2178474]]],[[[-122.5186226,49.219763],[-122.5177879,49.2202883],[-122.5164704,49.2203449],[-122.5164429,49.2191178],[-122.5182594,49.2191012],[-122.5186226,49.219763]]],[[[-122.4463063,49.2345341],[-122.4462859,49.2200674],[-122.4573583,49.2201085],[-122.4573569,49.2205184],[-122.4600696,49.2205444],[-122.4590787,49.2227049],[-122.4573463,49.2235783],[-122.4573332,49.2273205],[-122.4558411,49.2275378],[-122.4527305,49.2291656],[-122.4527095,49.2317707],[-122.4534199,49.2323278],[-122.4536771,49.2341329],[-122.4543766,49.2345893],[-122.4526543,49.2344991],[-122.4518525,49.2308185],[-122.4518511,49.2345889],[-122.4463063,49.2345341]]]]},"properties":{"id":"dogal-23","kind":"district","btype":"dogal","name":"Kanaka Creek Regional Park","lab":1}},{"type":"Feature","geometry":{"type":"Point","coordinates":[-122.52088,49.21061]},"properties":{"id":"dogal-lab-23","kind":"district-label","btype":"dogal","name":"Kanaka Creek Regional Park"}},{"type":"Feature","geometry":{"type":"Polygon","coordinates":[[[-123.3410515,49.3526766],[-123.35713,49.3526336],[-123.357059,49.3496185],[-123.3763387,49.3495951],[-123.3762796,49.3545605],[-123.3739958,49.3545665],[-123.374046,49.3596767],[-123.3712858,49.3596914],[-123.3711442,49.3669651],[-123.3545929,49.36695],[-123.3545888,49.3705883],[-123.3493744,49.3705936],[-123.3498352,49.3684008],[-123.3447387,49.3680403],[-123.3451016,49.36564],[-123.344502,49.3655966],[-123.3462754,49.3586221],[-123.3452536,49.3586401],[-123.3451302,49.3557939],[-123.341035,49.3558149],[-123.3410515,49.3526766]]]},"properties":{"id":"dogal-24","kind":"district","btype":"dogal","name":"Bowen Island Ecological Reserve","lab":1}},{"type":"Feature","geometry":{"type":"Point","coordinates":[-123.35824,49.36264]},"properties":{"id":"dogal-lab-24","kind":"district-label","btype":"dogal","name":"Bowen Island Ecological Reserve"}},{"type":"Feature","geometry":{"type":"Polygon","coordinates":[[[-123.1455559,49.2903839],[-123.1471014,49.2909496],[-123.1456726,49.290328],[-123.1470621,49.2899772],[-123.1467935,49.2901477],[-123.1498996,49.292734],[-123.1504654,49.2948185],[-123.1527596,49.2953518],[-123.1540818,49.2975104],[-123.1568877,49.2973692],[-123.1576777,49.2978932],[-123.1588305,49.3011196],[-123.1569182,49.3021367],[-123.1559584,49.3072415],[-123.156117,49.308573],[-123.1550632,49.3085776],[-123.1527502,49.3100462],[-123.152474,49.3113172],[-123.1500118,49.3125954],[-123.1413739,49.3140657],[-123.1409059,49.3133781],[-123.1395869,49.3129296],[-123.1366251,49.3098152],[-123.1356903,49.3081841],[-123.1355862,49.3070431],[-123.1326465,49.3057514],[-123.1318249,49.3051326],[-123.1312232,49.3039044],[-123.1294829,49.302771],[-123.1264171,49.3027236],[-123.124478,49.3011509],[-123.1211125,49.2998588],[-123.1188782,49.2997219],[-123.1170539,49.3009264],[-123.1164106,49.3002325],[-123.1175112,49.2980206],[-123.1198217,49.2979558],[-123.1211957,49.2984079],[-123.1226134,49.2975635],[-123.1253705,49.2977341],[-123.1265078,49.2972539],[-123.1278194,49.2959718],[-123.1287984,49.2962223],[-123.1302407,49.2976759],[-123.1323457,49.2968459],[-123.1343902,49.2968813],[-123.1371948,49.2940788],[-123.1383534,49.2934206],[-123.142138,49.2929942],[-123.1419155,49.292835],[-123.1455559,49.2903839]]]},"properties":{"id":"dogal-25","kind":"district","btype":"dogal","name":"Stanley Park","lab":1}},{"type":"Feature","geometry":{"type":"Point","coordinates":[-123.14147,49.30164]},"properties":{"id":"dogal-lab-25","kind":"district-label","btype":"dogal","name":"Stanley Park"}},{"type":"Feature","geometry":{"type":"Polygon","coordinates":[[[-122.7703169,49.2117271],[-122.7569681,49.2131558],[-122.7491442,49.21294],[-122.7420409,49.2115437],[-122.7343573,49.2087695],[-122.7313699,49.2068578],[-122.7293432,49.2040997],[-122.7278022,49.200337],[-122.7265398,49.1923459],[-122.7270049,49.1923278],[-122.7273547,49.1914697],[-122.7332848,49.191551],[-122.7703169,49.2117271]]]},"properties":{"id":"dogal-26","kind":"district","btype":"dogal","name":"Surrey Bend Regional Park","lab":1}},{"type":"Feature","geometry":{"type":"Point","coordinates":[-122.74072,49.20222]},"properties":{"id":"dogal-lab-26","kind":"district-label","btype":"dogal","name":"Surrey Bend Regional Park"}},{"type":"Feature","geometry":{"type":"Polygon","coordinates":[[[-123.1717011,49.0978002],[-123.1663153,49.0978915],[-123.1668571,49.0974103],[-123.1700703,49.0972417],[-123.173584,49.0976141],[-123.1736157,49.0949586],[-123.1877617,49.0950569],[-123.1902937,49.09316],[-123.194435,49.0937783],[-123.1957679,49.0934235],[-123.2138734,49.0934561],[-123.203681,49.0994977],[-123.1996899,49.1065781],[-123.194583,49.1113399],[-123.1913643,49.1104129],[-123.1885105,49.1117051],[-123.1822019,49.1114663],[-123.1819873,49.1036],[-123.17371,49.1022057],[-123.1735948,49.0982147],[-123.1717011,49.0978002]]]},"properties":{"id":"dogal-27","kind":"district","btype":"dogal","name":"George C. Reifel Migratory Bird Sanctuary","lab":1}},{"type":"Feature","geometry":{"type":"Point","coordinates":[-123.18981,49.1029]},"properties":{"id":"dogal-lab-27","kind":"district-label","btype":"dogal","name":"George C. Reifel Migratory Bird Sanctuary"}},{"type":"Feature","geometry":{"type":"Polygon","coordinates":[[[-122.9645515,49.2577622],[-122.9519687,49.2471664],[-122.9502133,49.2461746],[-122.9475811,49.2454269],[-122.9414624,49.2448717],[-122.9360272,49.2450999],[-122.9240436,49.2482168],[-122.9184505,49.2477889],[-122.9144704,49.2497724],[-122.9145403,49.2485276],[-122.9137914,49.2477595],[-122.9150939,49.2465963],[-122.9164329,49.2472531],[-122.9200688,49.2451704],[-122.9173411,49.2438077],[-122.9187072,49.2427133],[-122.9187809,49.2413347],[-122.9228849,49.2384444],[-122.9245402,49.2377537],[-122.9290635,49.2367113],[-122.932544,49.2365684],[-122.9465558,49.2377705],[-122.9562546,49.2406565],[-122.9643785,49.2425281],[-122.9643741,49.2442122],[-122.9574027,49.2442006],[-122.9571895,49.2477013],[-122.9593306,49.2498366],[-122.9594008,49.2506623],[-122.9617184,49.2515174],[-122.9636647,49.2534755],[-122.9633151,49.2554413],[-122.9637981,49.2563563],[-122.9645721,49.2566892],[-122.9645515,49.2577622]]]},"properties":{"id":"dogal-28","kind":"district","btype":"dogal","name":"Burnaby Lake Regional Park","lab":1}},{"type":"Feature","geometry":{"type":"Point","coordinates":[-122.92313,49.24688]},"properties":{"id":"dogal-lab-28","kind":"district-label","btype":"dogal","name":"Burnaby Lake Regional Park"}},{"type":"Feature","geometry":{"type":"MultiPolygon","coordinates":[[[[-122.6331174,49.2664871],[-122.6347703,49.2676581],[-122.6354092,49.2689851],[-122.638515,49.2701016],[-122.6400133,49.271249],[-122.6425954,49.2708225],[-122.6440531,49.2710946],[-122.6440555,49.2714344],[-122.6331093,49.2714686],[-122.6331174,49.2664871]]],[[[-122.6220786,49.2786344],[-122.6220783,49.2770132],[-122.6206066,49.2768174],[-122.6189176,49.276829],[-122.6175051,49.2773325],[-122.6163078,49.2768723],[-122.6161315,49.2754435],[-122.6171879,49.2748932],[-122.6167239,49.2746592],[-122.6167308,49.2733282],[-122.6160363,49.2728027],[-122.6160763,49.2714499],[-122.6168658,49.2702933],[-122.6178739,49.2703181],[-122.6170765,49.2701201],[-122.616035,49.2695904],[-122.6146193,49.2693474],[-122.6130399,49.2688384],[-122.6132178,49.269608],[-122.6130028,49.2703944],[-122.6145226,49.2711731],[-122.6150828,49.2726097],[-122.6145476,49.2732601],[-122.6157452,49.2750451],[-122.6162079,49.2769639],[-122.6174908,49.2774263],[-122.6188324,49.2769195],[-122.6205237,49.276997],[-122.6188931,49.277009],[-122.6174926,49.2775163],[-122.6160464,49.2769615],[-122.615611,49.2750761],[-122.6144075,49.2732641],[-122.6149453,49.2726092],[-122.6143873,49.2712266],[-122.6128898,49.270457],[-122.613079,49.2695581],[-122.6125162,49.2674828],[-122.6109552,49.2652111],[-122.6121404,49.2664246],[-122.6129808,49.2687032],[-122.6160835,49.2695456],[-122.6171068,49.2700887],[-122.6178893,49.2700249],[-122.6146765,49.2687483],[-122.61448,49.267519],[-122.6109523,49.263993],[-122.6300865,49.2641021],[-122.6313167,49.2637744],[-122.6322991,49.2644328],[-122.6324851,49.2651523],[-122.6303215,49.2650487],[-122.6292806,49.2657123],[-122.6286955,49.265546],[-122.6285956,49.2646268],[-122.6258521,49.2646923],[-122.6251119,49.2661049],[-122.625238,49.2671435],[-122.6277782,49.2685377],[-122.6274843,49.2689498],[-122.6281759,49.2697875],[-122.6277372,49.2704184],[-122.6291058,49.271473],[-122.6331093,49.2714686],[-122.6331179,49.2786215],[-122.6220786,49.2786344]]],[[[-122.610986,49.2785949],[-122.5998998,49.278658],[-122.599853,49.2713901],[-122.6109172,49.2714037],[-122.610986,49.2785949]]],[[[-122.6194146,49.2859832],[-122.6113126,49.2859855],[-122.6112636,49.2788182],[-122.6217684,49.2788215],[-122.6217707,49.2823515],[-122.6194039,49.2823515],[-122.6194146,49.2859832]]]]},"properties":{"id":"dogal-29","kind":"district","btype":"dogal","name":"Codd Wetland Ecological Conservancy Area","lab":1}},{"type":"Feature","geometry":{"type":"Point","coordinates":[-122.6225,49.2712]},"properties":{"id":"dogal-lab-29","kind":"district-label","btype":"dogal","name":"Codd Wetland Ecological Conservancy Area"}},{"type":"Feature","geometry":{"type":"MultiPolygon","coordinates":[[[[-122.7091985,49.2995254],[-122.7066227,49.301041],[-122.7025167,49.3057434],[-122.6999713,49.3075359],[-122.6949313,49.3075308],[-122.6949792,49.311177],[-122.6893703,49.3111913],[-122.6893796,49.2931139],[-122.711404,49.2930009],[-122.7113651,49.2991308],[-122.7091985,49.2995254]]],[[[-122.6996998,49.3112527],[-122.6984387,49.3130558],[-122.6980536,49.3144406],[-122.6963569,49.3160778],[-122.6925522,49.3169829],[-122.6904897,49.3184204],[-122.6893596,49.3184193],[-122.6893672,49.3147927],[-122.6948846,49.3147725],[-122.6949675,49.3112235],[-122.6996998,49.3112527]]],[[[-122.6927769,49.3171063],[-122.6965537,49.3161979],[-122.6981699,49.3146985],[-122.6987464,49.3130349],[-122.6999963,49.3112538],[-122.700481,49.3112559],[-122.7004886,49.3184272],[-122.6949259,49.3184179],[-122.6949228,49.3220409],[-122.6893455,49.3220336],[-122.6893493,49.3208208],[-122.6907617,49.3184579],[-122.6927769,49.3171063]]],[[[-122.6893554,49.3189146],[-122.6902516,49.3189146],[-122.6893504,49.3204951],[-122.6893554,49.3189146]]]]},"properties":{"id":"dogal-30","kind":"district","btype":"dogal","name":"Minnekhada Regional Park","lab":1}},{"type":"Feature","geometry":{"type":"Point","coordinates":[-122.69697,49.30339]},"properties":{"id":"dogal-lab-30","kind":"district-label","btype":"dogal","name":"Minnekhada Regional Park"}},{"type":"Feature","geometry":{"type":"Polygon","coordinates":[[[-122.4487524,49.0167508],[-122.4485903,49.0024573],[-122.473228,49.0023882],[-122.4731963,49.0138432],[-122.4706666,49.0144114],[-122.4705435,49.0168393],[-122.4487524,49.0167508]]]},"properties":{"id":"dogal-31","kind":"district","btype":"dogal","name":"Aldergrove Regional Park","lab":1}},{"type":"Feature","geometry":{"type":"Point","coordinates":[-122.46093,49.00815]},"properties":{"id":"dogal-lab-31","kind":"district-label","btype":"dogal","name":"Aldergrove Regional Park"}},{"type":"Feature","geometry":{"type":"Polygon","coordinates":[[[-122.446291,49.2345284],[-122.4351779,49.2344615],[-122.4351587,49.244588],[-122.4241761,49.2428641],[-122.424169,49.2271772],[-122.4351919,49.2272234],[-122.43519,49.2200439],[-122.4462706,49.2200617],[-122.446291,49.2345284]]]},"properties":{"id":"dogal-32","kind":"district","btype":"dogal","name":"Woodlot 0007","lab":1}},{"type":"Feature","geometry":{"type":"Point","coordinates":[-122.43523,49.23084]},"properties":{"id":"dogal-lab-32","kind":"district-label","btype":"dogal","name":"Woodlot 0007"}},{"type":"Feature","geometry":{"type":"Polygon","coordinates":[[[-122.7350248,49.1771045],[-122.7553698,49.1771397],[-122.7553387,49.1777049],[-122.7566859,49.1777176],[-122.7567127,49.1771486],[-122.770407,49.1770543],[-122.7705293,49.1804731],[-122.7772725,49.1804031],[-122.7771218,49.1842241],[-122.7750629,49.184203],[-122.7751571,49.1870577],[-122.773516,49.1870658],[-122.7735347,49.1877082],[-122.7613387,49.1876053],[-122.7389244,49.1820843],[-122.73826,49.1815301],[-122.7375532,49.179918],[-122.7352116,49.179541],[-122.7349896,49.1783866],[-122.7350248,49.1771045]]]},"properties":{"id":"dogal-33","kind":"district","btype":"dogal","name":"Tynehead Regional Park","lab":1}},{"type":"Feature","geometry":{"type":"Point","coordinates":[-122.76019,49.18314]},"properties":{"id":"dogal-lab-33","kind":"district-label","btype":"dogal","name":"Tynehead Regional Park"}},{"type":"Feature","geometry":{"type":"MultiPolygon","coordinates":[[[[-122.7951126,49.2293749],[-122.7961522,49.227975],[-122.8018793,49.228102],[-122.8056652,49.227483],[-122.8051779,49.2286098],[-122.8030482,49.2302233],[-122.8001127,49.2339498],[-122.7998173,49.2354155],[-122.8010119,49.2367996],[-122.8053313,49.2370478],[-122.8059258,49.2374514],[-122.8062619,49.2384018],[-122.8058968,49.2405813],[-122.8049702,49.2412981],[-122.8026674,49.2419709],[-122.8000822,49.2433082],[-122.785891,49.2434698],[-122.7878522,49.2422524],[-122.7912668,49.2379106],[-122.7951126,49.2293749]]],[[[-122.7955434,49.2489609],[-122.7970802,49.2490427],[-122.79772,49.2487579],[-122.7981432,49.2477086],[-122.7990107,49.2470549],[-122.8006161,49.2469705],[-122.8028043,49.245987],[-122.8031706,49.2454664],[-122.8021961,49.2439675],[-122.8024775,49.243372],[-122.8064461,49.2419684],[-122.8071268,49.2414019],[-122.808207,49.2379908],[-122.8075641,49.236912],[-122.8055313,49.2359873],[-122.8020707,49.2357691],[-122.8011787,49.235207],[-122.801272,49.2339364],[-122.802878,49.2319791],[-122.8069587,49.2297614],[-122.808661,49.2312781],[-122.8128179,49.2304897],[-122.813106,49.2297201],[-122.8127803,49.2289838],[-122.8157977,49.2285449],[-122.815949,49.238403],[-122.8062333,49.2433625],[-122.8025215,49.2465857],[-122.8008383,49.2503818],[-122.7971354,49.2499165],[-122.7961693,49.2500458],[-122.7974142,49.2500842],[-122.796245,49.2506115],[-122.7955434,49.2489609]]],[[[-122.7988116,49.2503161],[-122.8007398,49.250634],[-122.797421,49.2591344],[-122.7971671,49.257094],[-122.7981217,49.2553313],[-122.7981626,49.2538182],[-122.7986391,49.2530915],[-122.7965973,49.251159],[-122.7988116,49.2503161]]]]},"properties":{"id":"dogal-34","kind":"district","btype":"dogal","name":"ƛ̓éxətəm (tla-hut-um) Regional Park","lab":1}},{"type":"Feature","geometry":{"type":"Point","coordinates":[-122.79625,49.23611]},"properties":{"id":"dogal-lab-34","kind":"district-label","btype":"dogal","name":"ƛ̓éxətəm (tla-hut-um) Regional Park"}},{"type":"Feature","geometry":{"type":"MultiPolygon","coordinates":[[[[-123.336859,49.3793027],[-123.3348586,49.3792996],[-123.3330253,49.3779966],[-123.3312452,49.3784693],[-123.3308693,49.3780447],[-123.3239169,49.3801483],[-123.3222731,49.3802128],[-123.3219517,49.3799938],[-123.3222886,49.3774179],[-123.3211792,49.3762749],[-123.3217307,49.3757767],[-123.3235985,49.3765997],[-123.3257334,49.376459],[-123.3277034,49.3774546],[-123.3295684,49.3764627],[-123.3291914,49.3773688],[-123.3301835,49.3773785],[-123.3305084,49.3766372],[-123.3322397,49.3762805],[-123.3366307,49.3761627],[-123.3378835,49.3767757],[-123.3378638,49.3785618],[-123.3366322,49.3787551],[-123.336859,49.3793027]]],[[[-123.3387566,49.3838586],[-123.3374485,49.3825308],[-123.3344568,49.3818128],[-123.3337883,49.380334],[-123.3346295,49.3803263],[-123.3346235,49.3797828],[-123.3365232,49.3797761],[-123.3381006,49.3818827],[-123.3389596,49.3816803],[-123.340322,49.384481],[-123.3387566,49.3838586]]],[[[-123.340575,49.3844687],[-123.3403078,49.3837144],[-123.3435184,49.3829566],[-123.343526,49.3813835],[-123.3462976,49.3820768],[-123.3512579,49.382537],[-123.3528081,49.3833838],[-123.3536972,49.3853603],[-123.3547547,49.3862179],[-123.3547025,49.3850834],[-123.3601857,49.3850704],[-123.3602223,49.3996575],[-123.3530626,49.3997048],[-123.3530806,49.4031314],[-123.3475915,49.4030769],[-123.3477987,49.3885645],[-123.343585,49.3885832],[-123.3435635,49.3867851],[-123.3375498,49.3867704],[-123.340575,49.3844687]]]]},"properties":{"id":"dogal-35","kind":"district","btype":"dogal","name":"Crippen Regional Park","lab":1}},{"type":"Feature","geometry":{"type":"Point","coordinates":[-123.33006,49.37773]},"properties":{"id":"dogal-lab-35","kind":"district-label","btype":"dogal","name":"Crippen Regional Park"}},{"type":"Feature","geometry":{"type":"MultiPolygon","coordinates":[[[[-122.8124408,49.1702077],[-122.8233735,49.1702211],[-122.8232625,49.1743761],[-122.8124408,49.1702077]]],[[[-122.8304549,49.1691367],[-122.8305117,49.1711929],[-122.8312097,49.1712537],[-122.8312143,49.1717966],[-122.8318522,49.172137],[-122.8318387,49.1731378],[-122.833102,49.1736525],[-122.834427,49.1735422],[-122.8344222,49.173968],[-122.8329088,49.1743305],[-122.8328392,49.1747805],[-122.8330803,49.1750974],[-122.8344195,49.1751307],[-122.8343776,49.1768713],[-122.8328302,49.1768499],[-122.8299473,49.1760685],[-122.8281086,49.1762963],[-122.8234747,49.1744141],[-122.8235301,49.1701822],[-122.8277165,49.1701608],[-122.8277034,49.1691237],[-122.8304549,49.1691367]]],[[[-122.824919,49.1769197],[-122.8124,49.1767779],[-122.8124258,49.1706454],[-122.8279585,49.1765897],[-122.824919,49.1769197]]],[[[-122.8344037,49.1771046],[-122.8341496,49.1786184],[-122.8287778,49.1765213],[-122.8301088,49.1762646],[-122.832614,49.1769883],[-122.8344037,49.1771046]]],[[[-122.8340329,49.1787783],[-122.8314536,49.1798121],[-122.8251189,49.1771355],[-122.8288809,49.176917],[-122.8340329,49.1787783]]],[[[-122.8249203,49.1771076],[-122.8253488,49.1774653],[-122.8245675,49.1782929],[-122.8261092,49.1793258],[-122.824606,49.1809635],[-122.8270978,49.181951],[-122.8270412,49.1823007],[-122.8278621,49.1826474],[-122.8289127,49.1826897],[-122.8304892,49.1810015],[-122.8326257,49.1818121],[-122.833541,49.1807536],[-122.8341896,49.1809051],[-122.8340873,49.1840772],[-122.8121556,49.1840178],[-122.8123976,49.176986],[-122.8249203,49.1771076]]],[[[-122.8230116,49.184181],[-122.823027,49.1860579],[-122.8204293,49.1861043],[-122.8203368,49.1885942],[-122.8176301,49.1885927],[-122.8176179,49.1861072],[-122.8121108,49.1860247],[-122.8122956,49.1842383],[-122.8230116,49.184181]]]]},"properties":{"id":"dogal-36","kind":"district","btype":"dogal","name":"Green Timbers Urban Forest","lab":1}},{"type":"Feature","geometry":{"type":"Point","coordinates":[-122.81887,49.18004]},"properties":{"id":"dogal-lab-36","kind":"district-label","btype":"dogal","name":"Green Timbers Urban Forest"}},{"type":"Feature","geometry":{"type":"MultiPolygon","coordinates":[[[[-122.9671929,49.2383727],[-122.9648115,49.2389213],[-122.9647547,49.2385193],[-122.9648055,49.2341066],[-122.9651721,49.2339047],[-122.9675174,49.2339299],[-122.9693714,49.2336992],[-122.9667086,49.2338326],[-122.9670572,49.2326718],[-122.9666286,49.2324492],[-122.9674918,49.232147],[-122.9672507,49.2314179],[-122.9678398,49.2313588],[-122.9678538,49.2309646],[-122.9694457,49.2308465],[-122.9693098,49.2293301],[-122.9758061,49.2295081],[-122.9788679,49.2288241],[-122.9801678,49.2289996],[-122.9807698,49.2295813],[-122.9805588,49.2321658],[-122.984366,49.233169],[-122.984389,49.2336185],[-122.9849298,49.2337928],[-122.9880223,49.2342005],[-122.9881445,49.2360102],[-122.9883997,49.2359795],[-122.9882775,49.2344645],[-122.9888554,49.234489],[-122.988929,49.2354329],[-122.9889945,49.2350375],[-122.9896166,49.2349275],[-122.9918469,49.2349173],[-122.9924192,49.235719],[-122.9932955,49.2357677],[-122.9942043,49.2370332],[-122.9962906,49.2370427],[-122.996305,49.2392442],[-122.9986701,49.2395052],[-122.9986732,49.2390686],[-122.9993187,49.2390661],[-122.999425,49.2394698],[-122.9990122,49.2406354],[-122.9992047,49.2414506],[-122.9934678,49.2411664],[-122.9892666,49.2396817],[-122.988722,49.2369657],[-122.988432,49.2370032],[-122.9888718,49.2386587],[-122.9886503,49.2397512],[-122.9851459,49.2399632],[-122.9816646,49.2397386],[-122.9784306,49.239856],[-122.9772575,49.2401268],[-122.9764401,49.240566],[-122.9755002,49.2417513],[-122.9738058,49.2417675],[-122.9738139,49.2407858],[-122.9743297,49.2407762],[-122.974328,49.2402957],[-122.9756501,49.240242],[-122.9756501,49.2384243],[-122.9743611,49.2384265],[-122.9740488,49.2394168],[-122.9720344,49.2394194],[-122.9719868,49.241762],[-122.9695061,49.2417553],[-122.968182,49.2410648],[-122.9681776,49.2390153],[-122.9675591,49.2384236],[-122.9671929,49.2383727]]],[[[-122.9648278,49.2391557],[-122.9675786,49.2385429],[-122.9680883,49.2390666],[-122.9680948,49.2411118],[-122.968814,49.2416934],[-122.970026,49.2418484],[-122.9700246,49.242365],[-122.9648148,49.2396609],[-122.9648278,49.2391557]]],[[[-122.9888988,49.2403413],[-122.9777312,49.2402429],[-122.9767313,49.2407869],[-122.9763792,49.2417573],[-122.9758724,49.2417044],[-122.9768142,49.2404489],[-122.9787914,49.239901],[-122.988524,49.2400025],[-122.9888988,49.2403413]]]]},"properties":{"id":"dogal-37","kind":"district","btype":"dogal","name":"Deer Lake Park","lab":1}},{"type":"Feature","geometry":{"type":"Point","coordinates":[-122.97644,49.23524]},"properties":{"id":"dogal-lab-37","kind":"district-label","btype":"dogal","name":"Deer Lake Park"}},{"type":"Feature","geometry":{"type":"Polygon","coordinates":[[[-122.3137612,49.2530962],[-122.3148615,49.2525661],[-122.3179762,49.2521047],[-122.3218371,49.2534981],[-122.3191158,49.2609485],[-122.3192289,49.2622952],[-122.3205281,49.2637634],[-122.3203237,49.2666853],[-122.3204941,49.2676554],[-122.3210423,49.2681968],[-122.3206476,49.2690125],[-122.315507,49.2702159],[-122.3117033,49.2686079],[-122.3071348,49.2690104],[-122.3056573,49.2680586],[-122.3047569,49.2669373],[-122.3049588,49.2654392],[-122.3028219,49.2643116],[-122.3031905,49.2615845],[-122.3029095,49.2595921],[-122.3041275,49.258967],[-122.3042562,49.2582144],[-122.3059664,49.2567589],[-122.3102706,49.2546531],[-122.30946,49.2537873],[-122.3137612,49.2530962]]]},"properties":{"id":"dogal-38","kind":"district","btype":"dogal","name":"Cannell Lake Watershed","lab":1}},{"type":"Feature","geometry":{"type":"Point","coordinates":[-122.31114,49.26127]},"properties":{"id":"dogal-lab-38","kind":"district-label","btype":"dogal","name":"Cannell Lake Watershed"}},{"type":"Feature","geometry":{"type":"MultiPolygon","coordinates":[[[[-123.0005431,49.157662],[-122.998447,49.1597782],[-122.995664,49.1605104],[-122.997031,49.1589838],[-123.0005431,49.157662]]],[[[-122.9928982,49.1607095],[-122.9865381,49.1617962],[-122.9865308,49.1614782],[-122.988803,49.1600403],[-122.9950654,49.15874],[-122.9928982,49.1607095]]],[[[-122.7858941,49.2226039],[-122.7764493,49.2261466],[-122.768982,49.2259785],[-122.7672654,49.22553],[-122.7630597,49.2227272],[-122.7595372,49.2183096],[-122.7604299,49.2175382],[-122.7631524,49.2168005],[-122.7719552,49.2154056],[-122.7759687,49.215632],[-122.7912122,49.2184666],[-122.7917272,49.2189712],[-122.7858941,49.2226039]]]]},"properties":{"id":"dogal-39","kind":"district","btype":"dogal","name":"Fraser Islands Regional Park Reserve","lab":1}},{"type":"Feature","geometry":{"type":"Point","coordinates":[-122.77516,49.22079]},"properties":{"id":"dogal-lab-39","kind":"district-label","btype":"dogal","name":"Fraser Islands Regional Park Reserve"}},{"type":"Feature","geometry":{"type":"Polygon","coordinates":[[[-122.3248412,49.3644537],[-122.324836,49.3536601],[-122.3303713,49.3536588],[-122.3303649,49.342865],[-122.3415829,49.3428627],[-122.341676,49.3536553],[-122.3359066,49.3536572],[-122.3359142,49.3644509],[-122.3248412,49.3644537]]]},"properties":{"id":"dogal-40","kind":"district","btype":"dogal","name":"Florence Lake Recreation Reserve","lab":1}},{"type":"Feature","geometry":{"type":"Point","coordinates":[-122.33314,49.35366]},"properties":{"id":"dogal-lab-40","kind":"district-label","btype":"dogal","name":"Florence Lake Recreation Reserve"}},{"type":"Feature","geometry":{"type":"Polygon","coordinates":[[[-122.3354985,49.3171177],[-122.3355055,49.3274557],[-122.3162387,49.3274599],[-122.316235,49.3148673],[-122.3329981,49.3148638],[-122.3329994,49.3171184],[-122.3354985,49.3171177]]]},"properties":{"id":"dogal-41","kind":"district","btype":"dogal","name":"Sayres Lake Recreation Site","lab":1}},{"type":"Feature","geometry":{"type":"Point","coordinates":[-122.32587,49.32229]},"properties":{"id":"dogal-lab-41","kind":"district-label","btype":"dogal","name":"Sayres Lake Recreation Site"}},{"type":"Feature","geometry":{"type":"Polygon","coordinates":[[[-122.8317627,49.2631982],[-122.8180614,49.262958],[-122.8158998,49.2583392],[-122.815808,49.2508922],[-122.821743,49.2509011],[-122.8217604,49.2499003],[-122.8242721,49.2498987],[-122.8242659,49.2514132],[-122.8321173,49.2514222],[-122.8321292,49.2522342],[-122.8353237,49.2522316],[-122.8352507,49.2615191],[-122.8318017,49.2615739],[-122.8317627,49.2631982]]]},"properties":{"id":"dogal-42","kind":"district","btype":"dogal","name":"Mundy Park","lab":1}},{"type":"Feature","geometry":{"type":"Point","coordinates":[-122.82558,49.25529]},"properties":{"id":"dogal-lab-42","kind":"district-label","btype":"dogal","name":"Mundy Park"}},{"type":"Feature","geometry":{"type":"Polygon","coordinates":[[[-122.8585068,49.0993838],[-122.8573549,49.0990805],[-122.8576945,49.1009039],[-122.856595,49.1010743],[-122.8566365,49.1017918],[-122.8563538,49.1018492],[-122.8546376,49.0983082],[-122.8511198,49.09848],[-122.850941,49.1010495],[-122.8544352,49.1010516],[-122.8544278,49.1021299],[-122.8536402,49.1022593],[-122.8536432,49.101574],[-122.8508839,49.1018958],[-122.8508277,49.1026858],[-122.8478811,49.1027184],[-122.8472683,49.1030372],[-122.8473865,49.1026818],[-122.8447806,49.1026788],[-122.8442638,49.1029996],[-122.8442055,49.1026779],[-122.8360944,49.1026664],[-122.8359545,49.1016118],[-122.8327836,49.1020048],[-122.8324425,49.1012891],[-122.8294218,49.1008778],[-122.8256238,49.1011271],[-122.8255824,49.1019095],[-122.8233145,49.101631],[-122.8203125,49.1001309],[-122.8194075,49.0979214],[-122.8577473,49.0952646],[-122.8585068,49.0993838]]]},"properties":{"id":"dogal-43","kind":"district","btype":"dogal","name":"Colebrook Park","lab":1}},{"type":"Feature","geometry":{"type":"Point","coordinates":[-122.83551,49.09923]},"properties":{"id":"dogal-lab-43","kind":"district-label","btype":"dogal","name":"Colebrook Park"}},{"type":"Feature","geometry":{"type":"Polygon","coordinates":[[[-123.2147628,49.2159053],[-123.2150548,49.2200761],[-123.2166592,49.2213441],[-123.2190077,49.2222645],[-123.217116,49.2235963],[-123.2099257,49.2216438],[-123.1922461,49.2186295],[-123.1847082,49.215546],[-123.1787231,49.2144626],[-123.1783111,49.2140712],[-123.1793669,49.2134057],[-123.1833197,49.2139532],[-123.1934628,49.2134873],[-123.2004985,49.2150202],[-123.2009316,49.2146866],[-123.2001213,49.2142417],[-123.2006087,49.2129107],[-123.2013387,49.2128397],[-123.2013698,49.21096],[-123.2035788,49.2105411],[-123.2031185,49.2114075],[-123.2041511,49.2137136],[-123.2036523,49.215264],[-123.2055611,49.2152306],[-123.2059062,49.2155851],[-123.2055783,49.2156849],[-123.2057142,49.2161937],[-123.2066258,49.2160942],[-123.2068863,49.2164813],[-123.2115367,49.2168183],[-123.2130237,49.2159963],[-123.2635571,49.2054349],[-123.2630078,49.2050088],[-123.263293,49.2047756],[-123.264222,49.205458],[-123.259884,49.2066946],[-123.2147628,49.2159053]]]},"properties":{"id":"dogal-44","kind":"district","btype":"dogal","name":"Iona Beach Regional Park","lab":1}},{"type":"Feature","geometry":{"type":"Point","coordinates":[-123.18747,49.21416]},"properties":{"id":"dogal-lab-44","kind":"district-label","btype":"dogal","name":"Iona Beach Regional Park"}},{"type":"Feature","geometry":{"type":"Polygon","coordinates":[[[-123.1303729,49.2569582],[-123.129084,49.2560421],[-123.1280279,49.2558667],[-123.1281135,49.2532881],[-123.1284661,49.2532982],[-123.1279423,49.2526613],[-123.1283513,49.2492559],[-123.1479076,49.249558],[-123.1497152,49.2499267],[-123.1525925,49.2514239],[-123.1526473,49.253302],[-123.1519096,49.253454],[-123.1517811,49.257255],[-123.1385389,49.2570648],[-123.1363209,49.2579475],[-123.1339558,49.2578514],[-123.1303729,49.2569582]]]},"properties":{"id":"dogal-45","kind":"district","btype":"dogal","name":"First Shaughnessy Heritage Conservation Area","lab":1}},{"type":"Feature","geometry":{"type":"Point","coordinates":[-123.13997,49.25466]},"properties":{"id":"dogal-lab-45","kind":"district-label","btype":"dogal","name":"First Shaughnessy Heritage Conservation Area"}},{"type":"Feature","geometry":{"type":"MultiPolygon","coordinates":[[[[-123.0378594,49.0127734],[-123.0456905,49.0130129],[-123.046486,49.0117392],[-123.0466488,49.012568],[-123.0508891,49.0139812],[-123.0527926,49.0155582],[-123.056135,49.0170111],[-123.0575147,49.0188373],[-123.0582889,49.0207984],[-123.0579412,49.0245583],[-123.05272,49.0245748],[-123.048549,49.0225978],[-123.0465869,49.0224998],[-123.0481863,49.0227855],[-123.0470882,49.0232426],[-123.0454041,49.0226463],[-123.0400228,49.0181211],[-123.0396636,49.0165089],[-123.0378594,49.0127734]]],[[[-122.8920559,49.0916724],[-122.8929392,49.0907286],[-122.8946688,49.0899287],[-122.8986761,49.0895905],[-122.8999613,49.0880614],[-122.902802,49.0868916],[-122.9032546,49.0857328],[-122.9036351,49.0854089],[-122.9065071,49.0852565],[-122.9117947,49.0837767],[-122.9135403,49.0838933],[-122.9141927,49.0834427],[-122.9162565,49.083108],[-122.9195294,49.0817225],[-122.9258755,49.0794385],[-122.9347272,49.0768791],[-122.9422825,49.0750951],[-122.9481884,49.0733011],[-122.954945,49.0719825],[-122.9757109,49.068441],[-122.9969556,49.0654494],[-123.0063092,49.0644241],[-123.0161502,49.0621344],[-123.0211287,49.0603937],[-123.0244614,49.059434],[-123.0293573,49.0568942],[-123.0311775,49.0552726],[-123.0354298,49.0551623],[-123.0355988,49.0528777],[-123.0373717,49.0509534],[-123.0396788,49.049197],[-123.0449703,49.0496719],[-123.0465742,49.0495994],[-123.0473654,49.0491231],[-123.0494034,49.0469304],[-123.0489834,49.0463226],[-123.0501373,49.0425836],[-123.0505908,49.0420499],[-123.0511374,49.0388471],[-123.052375,49.0353465],[-123.0527303,49.0346433],[-123.0539682,49.0346417],[-123.0528826,49.0346808],[-123.0525322,49.0353781],[-123.0512994,49.0388661],[-123.0507532,49.0420687],[-123.0491471,49.0463382],[-123.0495634,49.0469604],[-123.0474932,49.0491911],[-123.0466196,49.0497042],[-123.0449744,49.0497797],[-123.03976,49.049292],[-123.0357482,49.0529241],[-123.0358613,49.0547369],[-123.0355024,49.0552675],[-123.0312623,49.0553659],[-123.0294736,49.0569705],[-123.0245514,49.0595248],[-123.0181757,49.0616472],[-123.006351,49.0645283],[-122.9757485,49.068546],[-122.948247,49.073402],[-122.9423456,49.0751946],[-122.9259477,49.0795354],[-122.9163305,49.083205],[-122.914277,49.0835355],[-122.9136075,49.0839937],[-122.9118453,49.0838797],[-122.9065448,49.0853617],[-122.9037072,49.0855068],[-122.9029448,49.0869451],[-122.9000744,49.0881405],[-122.8987884,49.0896698],[-122.8947389,49.0900263],[-122.8930648,49.0907992],[-122.8922946,49.0917588],[-122.8886097,49.0917219],[-122.8770371,49.0909981],[-122.8747118,49.0907144],[-122.8920559,49.0916724]]]]},"properties":{"id":"dogal-46","kind":"district","btype":"dogal","name":"Boundary Bay Regional Park","lab":1}},{"type":"Feature","geometry":{"type":"Point","coordinates":[-123.04885,49.01848]},"properties":{"id":"dogal-lab-46","kind":"district-label","btype":"dogal","name":"Boundary Bay Regional Park"}},{"type":"Feature","geometry":{"type":"Polygon","coordinates":[[[-122.5840143,49.2660564],[-122.5840193,49.2634923],[-122.5791562,49.2635098],[-122.5793796,49.2625873],[-122.5865374,49.2625783],[-122.5871177,49.2589593],[-122.5889193,49.2566675],[-122.5906781,49.25669],[-122.5911093,49.2519055],[-122.5961014,49.252104],[-122.5960822,49.2525849],[-122.5952395,49.2525489],[-122.5952002,49.2534972],[-122.6004648,49.2537194],[-122.6003403,49.2568073],[-122.6011186,49.2641937],[-122.5895476,49.26347],[-122.5896717,49.2678738],[-122.5868135,49.2678753],[-122.5868174,49.2660545],[-122.5840143,49.2660564]]]},"properties":{"id":"dogal-47","kind":"district","btype":"dogal","name":"Blaney Bog Regional Park Reserve","lab":1}},{"type":"Feature","geometry":{"type":"Point","coordinates":[-122.59379,49.26077]},"properties":{"id":"dogal-lab-47","kind":"district-label","btype":"dogal","name":"Blaney Bog Regional Park Reserve"}},{"type":"Feature","geometry":{"type":"Polygon","coordinates":[[[-122.6272397,49.373145],[-122.6272462,49.3660523],[-122.6436509,49.3661386],[-122.6436459,49.3732102],[-122.6381865,49.3731887],[-122.6381767,49.3802786],[-122.6327049,49.3802756],[-122.6327121,49.373167],[-122.6272397,49.373145]]]},"properties":{"id":"dogal-48","kind":"district","btype":"dogal","name":"Widgeon Valley National Wildlife Area","lab":1}},{"type":"Feature","geometry":{"type":"Point","coordinates":[-122.63681,49.37316]},"properties":{"id":"dogal-lab-48","kind":"district-label","btype":"dogal","name":"Widgeon Valley National Wildlife Area"}},{"type":"Feature","geometry":{"type":"MultiPolygon","coordinates":[[[[-123.2654486,49.3785544],[-123.2633771,49.380979],[-123.2617379,49.381894],[-123.2603307,49.3840063],[-123.2527852,49.3836792],[-123.2531727,49.3706977],[-123.2584008,49.3661786],[-123.2623267,49.3725352],[-123.2623342,49.3768959],[-123.2661407,49.376999],[-123.2654486,49.3785544]]],[[[-123.2686552,49.377067],[-123.2663801,49.3791999],[-123.2654977,49.381059],[-123.264463,49.3816608],[-123.2643232,49.3812704],[-123.2660325,49.3789538],[-123.2667581,49.3770157],[-123.2686552,49.377067]]],[[[-123.2616105,49.3831628],[-123.2628931,49.3818819],[-123.2630716,49.382049],[-123.2618981,49.3831056],[-123.2616105,49.3831628]]]]},"properties":{"id":"dogal-49","kind":"district","btype":"dogal","name":"Whyte Lake Park","lab":1}},{"type":"Feature","geometry":{"type":"Point","coordinates":[-123.25769,49.37472]},"properties":{"id":"dogal-lab-49","kind":"district-label","btype":"dogal","name":"Whyte Lake Park"}},{"type":"Feature","geometry":{"type":"Polygon","coordinates":[[[-123.1152819,49.3425115],[-123.1179425,49.3405697],[-123.1173187,49.3390923],[-123.1180119,49.337534],[-123.1171902,49.3364872],[-123.1181983,49.3346205],[-123.1200542,49.334698],[-123.1187462,49.337346],[-123.1186745,49.3415753],[-123.1181843,49.3417703],[-123.1179308,49.3479445],[-123.118651,49.3531407],[-123.1179572,49.3596448],[-123.1172589,49.3596467],[-123.1172836,49.3608795],[-123.1137941,49.3609429],[-123.113428,49.3612941],[-123.1110797,49.3602946],[-123.1113036,49.3598699],[-123.1101499,49.3600389],[-123.1075096,49.3587909],[-123.1081104,49.3586334],[-123.1068972,49.3561561],[-123.1071399,49.3552542],[-123.1085897,49.3537213],[-123.1086267,49.3526386],[-123.1102397,49.3522643],[-123.1113027,49.3504372],[-123.1114036,49.3493546],[-123.1128911,49.3488241],[-123.1128346,49.3455971],[-123.1122723,49.3443159],[-123.1116361,49.3443021],[-123.1130783,49.3433891],[-123.1130783,49.3437979],[-123.1141508,49.3434605],[-123.1143188,49.3427566],[-123.1151591,49.3429909],[-123.1148921,49.3435491],[-123.1153012,49.3438395],[-123.1168353,49.3436766],[-123.1167849,49.342207],[-123.1152819,49.3425115]]]},"properties":{"id":"dogal-50","kind":"district","btype":"dogal","name":"Capilano River Regional Park","lab":1}},{"type":"Feature","geometry":{"type":"Point","coordinates":[-123.11544,49.34838]},"properties":{"id":"dogal-lab-50","kind":"district-label","btype":"dogal","name":"Capilano River Regional Park"}},{"type":"Feature","geometry":{"type":"Polygon","coordinates":[[[-122.3911762,49.239938],[-122.396875,49.2399171],[-122.3968366,49.2453586],[-122.3912299,49.245363],[-122.3858569,49.2488886],[-122.3771957,49.2488953],[-122.3771901,49.2452756],[-122.3800327,49.2452737],[-122.3800535,49.2407918],[-122.3828171,49.2407912],[-122.3828189,49.2381333],[-122.39116,49.2381626],[-122.3911762,49.239938]]]},"properties":{"id":"dogal-51","kind":"district","btype":"dogal","name":"Rolley Lake Provincial Park","lab":1}},{"type":"Feature","geometry":{"type":"Point","coordinates":[-122.38845,49.24303]},"properties":{"id":"dogal-lab-51","kind":"district-label","btype":"dogal","name":"Rolley Lake Provincial Park"}},{"type":"Feature","geometry":{"type":"Polygon","coordinates":[[[-122.4833994,49.1472006],[-122.4828489,49.1359784],[-122.4750235,49.1358059],[-122.4751855,49.1327285],[-122.4925426,49.1330997],[-122.4924479,49.1430009],[-122.4887134,49.142892],[-122.4889514,49.1473087],[-122.4833994,49.1472006]]]},"properties":{"id":"dogal-52","kind":"district","btype":"dogal","name":"Nathan Creek Wetlands Park","lab":1}},{"type":"Feature","geometry":{"type":"Point","coordinates":[-122.48775,49.13944]},"properties":{"id":"dogal-lab-52","kind":"district-label","btype":"dogal","name":"Nathan Creek Wetlands Park"}},{"type":"Feature","geometry":{"type":"Polygon","coordinates":[[[-122.2667184,49.3209703],[-122.2667314,49.3023062],[-122.273645,49.3023081],[-122.2736604,49.3037543],[-122.2743177,49.304232],[-122.273945,49.3052461],[-122.2742151,49.3084051],[-122.273771,49.3095987],[-122.2739784,49.311408],[-122.2732522,49.312132],[-122.2732909,49.3132387],[-122.2740022,49.3154021],[-122.275885,49.3183643],[-122.2752372,49.3184322],[-122.2739612,49.3172549],[-122.2726662,49.3173636],[-122.2730521,49.3182476],[-122.273891,49.3182799],[-122.2768577,49.3196028],[-122.2761316,49.3203178],[-122.2761659,49.3209727],[-122.2667184,49.3209703]]]},"properties":{"id":"dogal-53","kind":"district","btype":"dogal","name":"Stave Lake East Recreation Reserve","lab":1}},{"type":"Feature","geometry":{"type":"Point","coordinates":[-122.27017,49.31177]},"properties":{"id":"dogal-lab-53","kind":"district-label","btype":"dogal","name":"Stave Lake East Recreation Reserve"}},{"type":"Feature","geometry":{"type":"Polygon","coordinates":[[[-123.3086629,49.4442613],[-123.3270559,49.4442172],[-123.3270737,49.4465083],[-123.3337834,49.4467663],[-123.3329268,49.447006],[-123.3330151,49.4487375],[-123.3316515,49.4494426],[-123.33143934259977,49.45],[-123.3087002338465,49.45],[-123.3086629,49.4442613]]]},"properties":{"id":"dogal-54","kind":"district","btype":"dogal","name":"Halkett Bay Marine Provincial Park","lab":1}},{"type":"Feature","geometry":{"type":"Point","coordinates":[-123.32083,49.44787]},"properties":{"id":"dogal-lab-54","kind":"district-label","btype":"dogal","name":"Halkett Bay Marine Provincial Park"}},{"type":"Feature","geometry":{"type":"Polygon","coordinates":[[[-122.3293078,49.2864462],[-122.3350202,49.288024],[-122.3391337,49.2882782],[-122.3402362,49.2887084],[-122.3409528,49.2883317],[-122.341253,49.2873762],[-122.3421536,49.2887623],[-122.3402343,49.2919965],[-122.338396,49.2935069],[-122.3337022,49.2952134],[-122.3325962,49.2973526],[-122.332315,49.2992756],[-122.3300442,49.2990076],[-122.3278257,49.2974321],[-122.3263211,49.2958311],[-122.3252934,49.2936182],[-122.3251616,49.2914225],[-122.327178,49.2883646],[-122.3293078,49.2864462]]]},"properties":{"id":"dogal-55","kind":"district","btype":"dogal","name":"Lower Kearsley Recreation Site","lab":1}},{"type":"Feature","geometry":{"type":"Point","coordinates":[-122.33228,49.29275]},"properties":{"id":"dogal-lab-55","kind":"district-label","btype":"dogal","name":"Lower Kearsley Recreation Site"}},{"type":"Feature","geometry":{"type":"Polygon","coordinates":[[[-122.513735,49.1258841],[-122.5146573,49.1261836],[-122.5145355,49.1330472],[-122.4981475,49.1329593],[-122.4980956,49.12579],[-122.513735,49.1258841]]]},"properties":{"id":"dogal-56","kind":"district","btype":"dogal","name":"West Creek Wetlands Regional Park Reserve","lab":1}},{"type":"Feature","geometry":{"type":"Point","coordinates":[-122.50636,49.12957]},"properties":{"id":"dogal-lab-56","kind":"district-label","btype":"dogal","name":"West Creek Wetlands Regional Park Reserve"}},{"type":"Feature","geometry":{"type":"MultiPolygon","coordinates":[[[[-123.0232116,49.2321352],[-123.0159781,49.232766],[-123.012772,49.2325172],[-123.0127188,49.2238338],[-123.0122565,49.2233743],[-123.0127449,49.2220514],[-123.0234162,49.2221664],[-123.0232116,49.2321352]]],[[[-122.7839185,49.2566846],[-122.7842251,49.2558664],[-122.785438,49.2558426],[-122.7854301,49.2567961],[-122.7839185,49.2566846]]]]},"properties":{"id":"dogal-57","kind":"district","btype":"dogal","name":"Central Park","lab":1}},{"type":"Feature","geometry":{"type":"Point","coordinates":[-123.01802,49.22798]},"properties":{"id":"dogal-lab-57","kind":"district-label","btype":"dogal","name":"Central Park"}},{"type":"Feature","geometry":{"type":"MultiPolygon","coordinates":[[[[-122.4027054,49.1513223],[-122.3990065,49.1486376],[-122.3981685,49.1475973],[-122.4034012,49.1478421],[-122.4034008,49.1487564],[-122.407155,49.1488104],[-122.4071438,49.1516308],[-122.4043239,49.1502668],[-122.4030015,49.1512724],[-122.411086,49.1556955],[-122.4027054,49.1513223]]],[[[-122.4545793,49.1675197],[-122.447617,49.1662132],[-122.4431588,49.1649229],[-122.434209,49.1631489],[-122.4287992,49.1616558],[-122.4354245,49.1632332],[-122.4478311,49.1651973],[-122.4559582,49.1674567],[-122.4545793,49.1675197]]],[[[-122.4388508,49.1668181],[-122.4504403,49.16854],[-122.4592205,49.1691093],[-122.4607993,49.1695583],[-122.4582129,49.1699692],[-122.4516461,49.1700487],[-122.4419949,49.1693617],[-122.4376018,49.1686483],[-122.4198037,49.1634277],[-122.4188608,49.1618663],[-122.4197837,49.1616728],[-122.4256699,49.1629179],[-122.4388508,49.1668181]]]]},"properties":{"id":"dogal-58","kind":"district","btype":"dogal","name":"Glen Valley Regional Park","lab":1}},{"type":"Feature","geometry":{"type":"Point","coordinates":[-122.42935,49.16512]},"properties":{"id":"dogal-lab-58","kind":"district-label","btype":"dogal","name":"Glen Valley Regional Park"}},{"type":"Feature","geometry":{"type":"Polygon","coordinates":[[[-123.0594368,49.1267626],[-123.0498173,49.1273698],[-123.049856,49.1270944],[-123.0511692,49.1272067],[-123.0520446,49.126499],[-123.0554345,49.1264284],[-123.0589396,49.1222326],[-123.0619439,49.1203987],[-123.061628,49.1201319],[-123.0637243,49.1180091],[-123.0649718,49.11707],[-123.0676333,49.116392],[-123.0671814,49.1153201],[-123.0718422,49.1162631],[-123.0761884,49.1155385],[-123.0807753,49.115713],[-123.079144,49.1170509],[-123.0749776,49.1191335],[-123.0661304,49.1227744],[-123.0594368,49.1267626]]]},"properties":{"id":"dogal-59","kind":"district","btype":"dogal","name":"Deas Island Regional Park","lab":1}},{"type":"Feature","geometry":{"type":"Point","coordinates":[-123.06506,49.12132]},"properties":{"id":"dogal-lab-59","kind":"district-label","btype":"dogal","name":"Deas Island Regional Park"}},{"type":"Feature","geometry":{"type":"Polygon","coordinates":[[[-122.7691035,49.2857757],[-122.7671983,49.2877039],[-122.7673381,49.2784387],[-122.7783649,49.2785944],[-122.7783286,49.2846458],[-122.7786481,49.2852909],[-122.778073,49.2858172],[-122.7743909,49.2857836],[-122.7725455,49.2880566],[-122.7742621,49.2905814],[-122.7741334,49.2919193],[-122.7745136,49.2931122],[-122.7757993,49.2945315],[-122.7728459,49.2947406],[-122.7728889,49.2938002],[-122.7714126,49.2914267],[-122.7713782,49.2900496],[-122.7701938,49.2891707],[-122.7701473,49.2876277],[-122.7706055,49.2863981],[-122.7701715,49.2859233],[-122.7691035,49.2857757]]]},"properties":{"id":"dogal-60","kind":"district","btype":"dogal","name":"Coquitlam River Park","lab":1}},{"type":"Feature","geometry":{"type":"Point","coordinates":[-122.77188,49.28701]},"properties":{"id":"dogal-lab-60","kind":"district-label","btype":"dogal","name":"Coquitlam River Park"}},{"type":"Feature","geometry":{"type":"Polygon","coordinates":[[[-123.0183069,49.3439723],[-123.0162014,49.3423754],[-123.0161654,49.3402516],[-123.0149213,49.3386434],[-123.0147101,49.3367846],[-123.016733,49.3354179],[-123.0195278,49.3344543],[-123.0197688,49.3336116],[-123.0237874,49.3320462],[-123.0233988,49.3313542],[-123.0243149,49.3307237],[-123.0241652,49.3300279],[-123.0246941,49.3290351],[-123.0233702,49.3275566],[-123.0240455,49.3264878],[-123.0265476,49.3286022],[-123.0263379,49.3299214],[-123.0255068,49.3312933],[-123.0256669,49.3327447],[-123.0238567,49.3335103],[-123.0214806,49.3368009],[-123.019965,49.3374243],[-123.0198587,49.3390319],[-123.0208412,49.3390642],[-123.0202227,49.3414952],[-123.0207797,49.3418214],[-123.0203152,49.3418171],[-123.0202712,49.3425152],[-123.0220954,49.3420337],[-123.0214795,49.3438577],[-123.0232728,49.3447335],[-123.022692,49.3452028],[-123.0229153,49.3461118],[-123.022212,49.3475691],[-123.0227832,49.347505],[-123.022314,49.3481416],[-123.0224483,49.3488306],[-123.0216055,49.3498348],[-123.0231455,49.3523679],[-123.0236949,49.3527757],[-123.024529,49.3527025],[-123.0245377,49.3537832],[-123.0249265,49.3542817],[-123.028091,49.3572576],[-123.0280671,49.3594018],[-123.0274341,49.3598913],[-123.0281764,49.3610019],[-123.0277013,49.3607954],[-123.0268282,49.3589526],[-123.0259301,49.3583669],[-123.0258232,49.357595],[-123.0249215,49.356601],[-123.0227718,49.3556515],[-123.0223491,49.3538255],[-123.0211485,49.3533704],[-123.0192344,49.3516242],[-123.0193697,49.3504912],[-123.0199786,49.349828],[-123.020529,49.350078],[-123.0206808,49.3496732],[-123.0213467,49.3495735],[-123.0201491,49.3494947],[-123.0207083,49.3473211],[-123.0196834,49.3440987],[-123.0183069,49.3439723]]]},"properties":{"id":"dogal-61","kind":"district","btype":"dogal","name":"Lynn Canyon Park","lab":1}},{"type":"Feature","geometry":{"type":"Point","coordinates":[-123.01949,49.34319]},"properties":{"id":"dogal-lab-61","kind":"district-label","btype":"dogal","name":"Lynn Canyon Park"}},{"type":"Feature","geometry":{"type":"MultiPolygon","coordinates":[[[[-122.9876386,49.1840587],[-122.9936313,49.1872247],[-123.002673,49.19452],[-123.0149068,49.1980512],[-123.01606,49.1987221],[-123.0126344,49.1978951],[-123.0126146,49.2001067],[-123.0103135,49.2000587],[-123.0098812,49.1987724],[-123.0088044,49.1977485],[-123.0028972,49.1955724],[-123.0001854,49.1954888],[-122.9974228,49.1966691],[-122.9962917,49.1958294],[-122.9980642,49.1949687],[-122.9986736,49.1954485],[-123.0003362,49.1945818],[-122.9982582,49.1929919],[-122.9988844,49.192223],[-122.9926122,49.187194],[-122.9869413,49.1843789],[-122.9832632,49.18664],[-122.9829479,49.1874925],[-122.9788608,49.1876954],[-122.978548,49.187052],[-122.9794523,49.1865734],[-122.9789647,49.1867656],[-122.9779152,49.1854282],[-122.9776163,49.1855195],[-122.9730317,49.1817173],[-122.9760171,49.1809872],[-122.9810812,49.1811976],[-122.9876386,49.1840587]]],[[[-123.0102026,49.2003051],[-123.012583,49.2002525],[-123.012579,49.2024773],[-123.0102042,49.2021546],[-123.0102026,49.2003051]]],[[[-123.0125468,49.2053053],[-123.0103374,49.2049807],[-123.0102018,49.2022758],[-123.0127024,49.2026694],[-123.0125468,49.2053053]]]]},"properties":{"id":"dogal-62","kind":"district","btype":"dogal","name":"Burnaby Fraser Foreshore Park","lab":1}},{"type":"Feature","geometry":{"type":"Point","coordinates":[-123.01139,49.20123]},"properties":{"id":"dogal-lab-62","kind":"district-label","btype":"dogal","name":"Burnaby Fraser Foreshore Park"}},{"type":"Feature","geometry":{"type":"MultiPolygon","coordinates":[[[[-122.8376119,49.1549663],[-122.8368659,49.1549837],[-122.836858,49.1545573],[-122.834798,49.1545596],[-122.8348053,49.1534728],[-122.8375071,49.1534632],[-122.8362548,49.1528268],[-122.8368,49.1527403],[-122.837004,49.1521827],[-122.8347949,49.1518435],[-122.8348417,49.1494536],[-122.8355075,49.1498381],[-122.8364997,49.1497614],[-122.8362468,49.1499621],[-122.8369341,49.1504665],[-122.8373461,49.1503615],[-122.8372078,49.1508202],[-122.8378373,49.1508828],[-122.8401195,49.1499188],[-122.8401384,49.1518251],[-122.8380326,49.1518398],[-122.8381135,49.1527359],[-122.840193,49.1527072],[-122.8401593,49.1536437],[-122.842869,49.1536346],[-122.8428397,49.1553823],[-122.8376144,49.1553948],[-122.8376119,49.1549663]]],[[[-122.8453624,49.1555851],[-122.8454931,49.1625576],[-122.8348095,49.1626329],[-122.8348055,49.1555322],[-122.8453624,49.1555851]]]]},"properties":{"id":"dogal-63","kind":"district","btype":"dogal","name":"Bear Creek Park","lab":1}},{"type":"Feature","geometry":{"type":"Point","coordinates":[-122.84012,49.15907]},"properties":{"id":"dogal-lab-63","kind":"district-label","btype":"dogal","name":"Bear Creek Park"}},{"type":"Feature","geometry":{"type":"Polygon","coordinates":[[[-123.2550467,49.33827],[-123.2541025,49.3351608],[-123.2551541,49.3339593],[-123.2574243,49.3325598],[-123.2578672,49.3332889],[-123.2594176,49.3325827],[-123.2612698,49.3329288],[-123.2617968,49.3305865],[-123.263835,49.3304461],[-123.2640515,49.3299506],[-123.2649098,49.3297868],[-123.2656411,49.3303683],[-123.2656275,49.3309208],[-123.2667989,49.3307982],[-123.2675636,49.3317149],[-123.2676776,49.3326852],[-123.268657,49.3333401],[-123.2677585,49.334649],[-123.268383,49.3352492],[-123.2680121,49.3357294],[-123.2686326,49.3358797],[-123.2690327,49.3363304],[-123.2686953,49.3365671],[-123.269836,49.3371722],[-123.2690369,49.3382588],[-123.2691253,49.3389738],[-123.2550467,49.33827]]]},"properties":{"id":"dogal-64","kind":"district","btype":"dogal","name":"Lighthouse Park","lab":1}},{"type":"Feature","geometry":{"type":"Point","coordinates":[-123.26142,49.3343]},"properties":{"id":"dogal-lab-64","kind":"district-label","btype":"dogal","name":"Lighthouse Park"}},{"type":"Feature","geometry":{"type":"Polygon","coordinates":[[[-123.3633294,49.4303761],[-123.3681456,49.4301714],[-123.3689249,49.4309671],[-123.369159,49.4313829],[-123.3686115,49.4322075],[-123.3687177,49.4393991],[-123.357486,49.439378],[-123.3572842,49.4344111],[-123.3575673,49.4339444],[-123.3590691,49.4331735],[-123.3595327,49.4333233],[-123.3607848,49.4309749],[-123.3633294,49.4303761]]]},"properties":{"id":"dogal-65","kind":"district","btype":"dogal","name":"Hope Point Recreation Site","lab":1}},{"type":"Feature","geometry":{"type":"Point","coordinates":[-123.36303,49.43689]},"properties":{"id":"dogal-lab-65","kind":"district-label","btype":"dogal","name":"Hope Point Recreation Site"}},{"type":"Feature","geometry":{"type":"Polygon","coordinates":[[[-122.938111,49.268529],[-122.937089,49.2672098],[-122.937118,49.2636294],[-122.9364868,49.2618712],[-122.9370755,49.2610072],[-122.9431933,49.2609559],[-122.9472306,49.26132],[-122.94724,49.2618485],[-122.9481065,49.2618456],[-122.9478251,49.2667047],[-122.945102,49.270201],[-122.9409078,49.269904],[-122.938111,49.268529]]]},"properties":{"id":"dogal-66","kind":"district","btype":"dogal","name":"Squint Lake Park","lab":1}},{"type":"Feature","geometry":{"type":"Point","coordinates":[-122.94251,49.26517]},"properties":{"id":"dogal-lab-66","kind":"district-label","btype":"dogal","name":"Squint Lake Park"}},{"type":"Feature","geometry":{"type":"MultiPolygon","coordinates":[[[[-123.379033,49.3713808],[-123.3776713,49.3711367],[-123.3759748,49.3706375],[-123.3763348,49.3707119],[-123.3765908,49.3705406],[-123.3816574,49.3704878],[-123.3813557,49.3704975],[-123.3803288,49.3707733],[-123.3793803,49.3711493],[-123.379033,49.3713808]]],[[[-123.3642772,49.3711131],[-123.3656537,49.3708079],[-123.3656765,49.3720265],[-123.365046,49.3721355],[-123.3655194,49.3715846],[-123.3649353,49.3709922],[-123.3643098,49.3717691],[-123.3624572,49.3721154],[-123.3642772,49.3711131]]],[[[-123.3746401,49.3726563],[-123.373415,49.3718668],[-123.3718953,49.3719829],[-123.3713284,49.3713978],[-123.3713089,49.3705954],[-123.3726963,49.3705811],[-123.3727091,49.3710532],[-123.3740837,49.3705667],[-123.3763759,49.3705429],[-123.3759555,49.370619],[-123.3746401,49.3726563]]],[[[-123.3632357,49.3759965],[-123.3644882,49.3753939],[-123.3645678,49.3740464],[-123.363483,49.3725447],[-123.3624148,49.3721357],[-123.3637934,49.37217],[-123.3655644,49.3730242],[-123.3646283,49.3731915],[-123.3648858,49.3745761],[-123.3679263,49.3735356],[-123.3707639,49.375251],[-123.3741463,49.3736284],[-123.3741621,49.3729355],[-123.3746639,49.3727089],[-123.3751985,49.3723094],[-123.3750585,49.3720241],[-123.3761646,49.3707332],[-123.3785343,49.3714816],[-123.3791412,49.3713678],[-123.3813629,49.3705066],[-123.3824083,49.37048],[-123.3824068,49.3740978],[-123.3768664,49.3740967],[-123.3768645,49.3777145],[-123.3602419,49.3777097],[-123.3602121,49.3768413],[-123.3627211,49.3769061],[-123.3634375,49.3762619],[-123.3632357,49.3759965]]]]},"properties":{"id":"dogal-67","kind":"district","btype":"dogal","name":"Art Rennison Nature Park","lab":1}},{"type":"Feature","geometry":{"type":"Point","coordinates":[-123.37343,49.37163]},"properties":{"id":"dogal-lab-67","kind":"district-label","btype":"dogal","name":"Art Rennison Nature Park"}},{"type":"Feature","geometry":{"type":"MultiPolygon","coordinates":[[[[-122.573677,49.1717731],[-122.5742782,49.1719787],[-122.5729207,49.1732213],[-122.5738628,49.1736631],[-122.5733456,49.1741267],[-122.5717623,49.1734859],[-122.573677,49.1717731]]],[[[-122.5804,49.1835807],[-122.580082,49.1791633],[-122.5795831,49.1779891],[-122.5773078,49.1760263],[-122.5739445,49.1741214],[-122.5757655,49.1724942],[-122.5839196,49.176852],[-122.5865519,49.1794609],[-122.5873444,49.1807789],[-122.5885962,49.1852681],[-122.5886913,49.1880991],[-122.588351,49.1882125],[-122.5857082,49.1863443],[-122.5804,49.1835807]]]]},"properties":{"id":"dogal-68","kind":"district","btype":"dogal","name":"Brae Island Regional Park","lab":1}},{"type":"Feature","geometry":{"type":"Point","coordinates":[-122.58355,49.18012]},"properties":{"id":"dogal-lab-68","kind":"district-label","btype":"dogal","name":"Brae Island Regional Park"}},{"type":"Feature","geometry":{"type":"MultiPolygon","coordinates":[[[[-123.4153194,49.3356935],[-123.4173044,49.3351622],[-123.417423,49.3370784],[-123.4167638,49.3381174],[-123.416906,49.3392139],[-123.41637,49.3396347],[-123.4162541,49.3405035],[-123.412332,49.3404124],[-123.4100033,49.3377428],[-123.4086693,49.3372332],[-123.4068343,49.3372237],[-123.4068384,49.3346811],[-123.4107341,49.334799],[-123.4123733,49.3355047],[-123.4142065,49.335371],[-123.4153194,49.3356935]]],[[[-123.4068259,49.3421315],[-123.4068324,49.3373397],[-123.4088795,49.3374516],[-123.4099409,49.3379037],[-123.4107518,49.3391179],[-123.4100495,49.3401568],[-123.4101653,49.3416954],[-123.4068259,49.3421315]]],[[[-123.4120494,49.340408],[-123.4163742,49.3406142],[-123.4169278,49.3393669],[-123.4191007,49.339249],[-123.4185198,49.3407483],[-123.420042,49.3419637],[-123.4172007,49.3423534],[-123.4172674,49.34294],[-123.4127274,49.3432178],[-123.4114455,49.3431733],[-123.4104815,49.3422864],[-123.4102288,49.3402392],[-123.4108663,49.3392251],[-123.4120494,49.340408]]]]},"properties":{"id":"dogal-69","kind":"district","btype":"dogal","name":"Conservation Lands at Cape Roger Curtis","lab":1}},{"type":"Feature","geometry":{"type":"Point","coordinates":[-123.41482,49.34136]},"properties":{"id":"dogal-lab-69","kind":"district-label","btype":"dogal","name":"Conservation Lands at Cape Roger Curtis"}},{"type":"Feature","geometry":{"type":"Polygon","coordinates":[[[-123.0439437,49.2812441],[-123.0438683,49.2886042],[-123.0395528,49.2886171],[-123.0329605,49.286613],[-123.0336811,49.2844963],[-123.0320369,49.2832125],[-123.0320075,49.2812774],[-123.0439437,49.2812441]]]},"properties":{"id":"dogal-70","kind":"district","btype":"dogal","name":"Hastings Park","lab":1}},{"type":"Feature","geometry":{"type":"Point","coordinates":[-123.03861,49.28555]},"properties":{"id":"dogal-lab-70","kind":"district-label","btype":"dogal","name":"Hastings Park"}},{"type":"Feature","geometry":{"type":"Polygon","coordinates":[[[-122.7924822,49.314679],[-122.7920059,49.3135138],[-122.7919626,49.3112908],[-122.7908256,49.3109695],[-122.7919699,49.3106577],[-122.7925552,49.3072899],[-122.7921804,49.3071885],[-122.7966812,49.305187],[-122.7962697,49.3042335],[-122.7967546,49.3042042],[-122.7968628,49.3032585],[-122.7993635,49.3024328],[-122.8047374,49.3049798],[-122.804713,49.3058055],[-122.8034795,49.3061394],[-122.803156,49.3046962],[-122.8024557,49.3048225],[-122.8024533,49.3054509],[-122.8014913,49.3050444],[-122.8006513,49.3053135],[-122.8013419,49.307346],[-122.8004159,49.3066572],[-122.7995027,49.3071755],[-122.8001697,49.3088152],[-122.799032,49.3094921],[-122.7992518,49.3109536],[-122.7998828,49.3116622],[-122.7988402,49.3114857],[-122.7976593,49.3125401],[-122.7937106,49.3146813],[-122.7924822,49.314679]]]},"properties":{"id":"dogal-71","kind":"district","btype":"dogal","name":"Ridge Park","lab":1}},{"type":"Feature","geometry":{"type":"Point","coordinates":[-122.79614,49.30808]},"properties":{"id":"dogal-lab-71","kind":"district-label","btype":"dogal","name":"Ridge Park"}},{"type":"Feature","geometry":{"type":"Polygon","coordinates":[[[-122.8125611,49.045859],[-122.823015,49.0458959],[-122.8229665,49.0527375],[-122.8125548,49.0526951],[-122.8125611,49.045859]]]},"properties":{"id":"dogal-72","kind":"district","btype":"dogal","name":"Sunnyside Acres Urban Forest Park","lab":1}},{"type":"Feature","geometry":{"type":"Point","coordinates":[-122.81777,49.0493]},"properties":{"id":"dogal-lab-72","kind":"district-label","btype":"dogal","name":"Sunnyside Acres Urban Forest Park"}},{"type":"Feature","geometry":{"type":"Polygon","coordinates":[[[-123.1242752,49.1702826],[-123.1242508,49.1771078],[-123.1141513,49.1769666],[-123.1141509,49.1703066],[-123.1242752,49.1702826]]]},"properties":{"id":"dogal-73","kind":"district","btype":"dogal","name":"Garden City Lands","lab":1}},{"type":"Feature","geometry":{"type":"Point","coordinates":[-123.11921,49.17364]},"properties":{"id":"dogal-lab-73","kind":"district-label","btype":"dogal","name":"Garden City Lands"}},{"type":"Feature","geometry":{"type":"Polygon","coordinates":[[[-122.8671302,49.2783033],[-122.8600807,49.2783304],[-122.856527,49.2778094],[-122.8565784,49.2761498],[-122.8453631,49.2761215],[-122.8453483,49.2732897],[-122.8546261,49.2733208],[-122.8546038,49.2745027],[-122.8570834,49.2745105],[-122.8596522,49.2734811],[-122.8616787,49.2745778],[-122.8669222,49.2745544],[-122.8671302,49.2783033]]]},"properties":{"id":"dogal-74","kind":"district","btype":"dogal","name":"Moody Centre Heritage Conservation Area","lab":1}},{"type":"Feature","geometry":{"type":"Point","coordinates":[-122.85616,49.27535]},"properties":{"id":"dogal-lab-74","kind":"district-label","btype":"dogal","name":"Moody Centre Heritage Conservation Area"}},{"type":"Feature","geometry":{"type":"MultiPolygon","coordinates":[[[[-122.8206615,49.0376168],[-122.8231625,49.0376222],[-122.8231642,49.0382434],[-122.8124984,49.0382285],[-122.8124629,49.0355939],[-122.8206566,49.0357753],[-122.8206594,49.0368448],[-122.8212604,49.0365925],[-122.8212619,49.0371065],[-122.8206598,49.0369832],[-122.8206615,49.0376168]]],[[[-122.820224,49.0455468],[-122.817384,49.0455524],[-122.8173667,49.0446896],[-122.8135368,49.0446759],[-122.8135259,49.0421582],[-122.8123449,49.0421617],[-122.8123881,49.0385965],[-122.8199345,49.0385172],[-122.820224,49.0455468]]]]},"properties":{"id":"dogal-75","kind":"district","btype":"dogal","name":"South Surrey Athletic Park","lab":1}},{"type":"Feature","geometry":{"type":"Point","coordinates":[-122.81687,49.03691]},"properties":{"id":"dogal-lab-75","kind":"district-label","btype":"dogal","name":"South Surrey Athletic Park"}},{"type":"Feature","geometry":{"type":"Polygon","coordinates":[[[-122.2508394,49.2732827],[-122.2618702,49.273287],[-122.261441,49.273944],[-122.262469,49.275012],[-122.261976,49.276727],[-122.263077,49.27757],[-122.260962,49.278358],[-122.259598,49.27762],[-122.256956,49.27773],[-122.25608,49.278489],[-122.256129,49.278875],[-122.258028,49.279653],[-122.2566859,49.2804734],[-122.2508479,49.2804728],[-122.2508394,49.2732827]]]},"properties":{"id":"dogal-76","kind":"district","btype":"dogal","name":"Cascade Creek Recreation Reserve","lab":1}},{"type":"Feature","geometry":{"type":"Point","coordinates":[-122.25669,49.27715]},"properties":{"id":"dogal-lab-76","kind":"district-label","btype":"dogal","name":"Cascade Creek Recreation Reserve"}},{"type":"Feature","geometry":{"type":"Polygon","coordinates":[[[-123.1181429,49.2411702],[-123.1178724,49.2428867],[-123.1152744,49.2450273],[-123.1117457,49.2449327],[-123.1068573,49.2407884],[-123.1054821,49.2404989],[-123.105625,49.2374135],[-123.1143613,49.2372075],[-123.1145825,49.2390698],[-123.1168856,49.2411344],[-123.1181429,49.2411702]]]},"properties":{"id":"dogal-77","kind":"district","btype":"dogal","name":"Queen Elizabeth Park","lab":1}},{"type":"Feature","geometry":{"type":"Point","coordinates":[-123.11188,49.24096]},"properties":{"id":"dogal-lab-77","kind":"district-label","btype":"dogal","name":"Queen Elizabeth Park"}},{"type":"Feature","geometry":{"type":"Polygon","coordinates":[[[-122.8647599,49.0478499],[-122.8644847,49.0478499],[-122.864453,49.0493978],[-122.8672817,49.0494738],[-122.867138,49.0529116],[-122.8636403,49.0536998],[-122.8632964,49.0531485],[-122.8564863,49.0530341],[-122.8565733,49.0464069],[-122.8632288,49.0464086],[-122.863243,49.0458744],[-122.8645022,49.0458934],[-122.8647599,49.0478499]]]},"properties":{"id":"dogal-78","kind":"district","btype":"dogal","name":"Crescent Park","lab":1}},{"type":"Feature","geometry":{"type":"Point","coordinates":[-122.86186,49.05119]},"properties":{"id":"dogal-lab-78","kind":"district-label","btype":"dogal","name":"Crescent Park"}},{"type":"Feature","geometry":{"type":"Polygon","coordinates":[[[-122.9667689,49.2520476],[-122.9728114,49.2520196],[-122.9728028,49.2534426],[-122.9712578,49.2534482],[-122.971172,49.2551176],[-122.9738928,49.2553249],[-122.9737555,49.2557731],[-122.9766137,49.258686],[-122.9763819,49.2593022],[-122.9777724,49.2602209],[-122.9798323,49.2606298],[-122.9808365,49.2616156],[-122.972674,49.2613916],[-122.9687087,49.2604449],[-122.9691035,49.2590053],[-122.9672667,49.2557115],[-122.9667174,49.2533193],[-122.9667689,49.2520476]]]},"properties":{"id":"dogal-79","kind":"district","btype":"dogal","name":"Burnaby Lake Park","lab":1}},{"type":"Feature","geometry":{"type":"Point","coordinates":[-122.97165,49.25723]},"properties":{"id":"dogal-lab-79","kind":"district-label","btype":"dogal","name":"Burnaby Lake Park"}},{"type":"Feature","geometry":{"type":"Polygon","coordinates":[[[-122.7985799,49.2529919],[-122.7973001,49.2562229],[-122.7973506,49.2569986],[-122.7952757,49.2570045],[-122.7958107,49.2572302],[-122.7962165,49.2582639],[-122.7973868,49.2590409],[-122.7966528,49.259858],[-122.7947278,49.260662],[-122.7882196,49.2607725],[-122.7882648,49.2576682],[-122.7902527,49.2576558],[-122.7902479,49.2553553],[-122.7908311,49.2553534],[-122.7908259,49.2545049],[-122.7902433,49.2545084],[-122.7902405,49.254154],[-122.7919729,49.2534434],[-122.7924967,49.2525482],[-122.7950918,49.2521176],[-122.796653,49.2511486],[-122.7985799,49.2529919]]]},"properties":{"id":"dogal-80","kind":"district","btype":"dogal","name":"Gates Park","lab":1}},{"type":"Feature","geometry":{"type":"Point","coordinates":[-122.79386,49.25579]},"properties":{"id":"dogal-lab-80","kind":"district-label","btype":"dogal","name":"Gates Park"}},{"type":"Feature","geometry":{"type":"Polygon","coordinates":[[[-122.9327318,49.2283107],[-122.9333114,49.2280125],[-122.9339134,49.2284885],[-122.934402,49.2282308],[-122.9341109,49.2292446],[-122.9376042,49.2323777],[-122.9387052,49.232651],[-122.9406947,49.2344519],[-122.9415684,49.2362149],[-122.9414543,49.2367109],[-122.932831,49.236142],[-122.927783,49.2320244],[-122.9312785,49.2300187],[-122.9302629,49.2291464],[-122.932347,49.2280103],[-122.9327318,49.2283107]]]},"properties":{"id":"dogal-81","kind":"district","btype":"dogal","name":"Robert Burnaby Park","lab":1}},{"type":"Feature","geometry":{"type":"Point","coordinates":[-122.9327,49.2322]},"properties":{"id":"dogal-lab-81","kind":"district-label","btype":"dogal","name":"Robert Burnaby Park"}},{"type":"Feature","geometry":{"type":"Polygon","coordinates":[[[-122.787334,49.141877],[-122.7873276,49.1430454],[-122.787649,49.1430511],[-122.7873295,49.148155],[-122.778989,49.1481686],[-122.7790124,49.1408968],[-122.789901,49.1410435],[-122.7876625,49.141158],[-122.7875238,49.1413765],[-122.7880185,49.1414591],[-122.787334,49.141877]]]},"properties":{"id":"dogal-82","kind":"district","btype":"dogal","name":"Fleetwood Park","lab":1}},{"type":"Feature","geometry":{"type":"Point","coordinates":[-122.78324,49.1456]},"properties":{"id":"dogal-lab-82","kind":"district-label","btype":"dogal","name":"Fleetwood Park"}},{"type":"Feature","geometry":{"type":"Polygon","coordinates":[[[-123.0303912,49.3160695],[-123.0328834,49.3160559],[-123.0286869,49.3217914],[-123.0279463,49.3237381],[-123.0231125,49.3271515],[-123.0223213,49.3269007],[-123.0213289,49.3247668],[-123.0199634,49.3245359],[-123.0205667,49.3228247],[-123.0223908,49.3224095],[-123.0223176,49.321654],[-123.023456,49.3219035],[-123.0240358,49.3211172],[-123.0224313,49.320484],[-123.0238344,49.3190046],[-123.0244503,49.3192444],[-123.0249543,49.3186598],[-123.0241464,49.3183216],[-123.0250466,49.3179481],[-123.025278,49.3183136],[-123.0265607,49.3184002],[-123.0275232,49.3174881],[-123.0285076,49.3175736],[-123.0285157,49.3154101],[-123.0302678,49.3152629],[-123.0303912,49.3160695]]]},"properties":{"id":"dogal-83","kind":"district","btype":"dogal","name":"Inter River Park","lab":1}},{"type":"Feature","geometry":{"type":"Point","coordinates":[-123.02641,49.32139]},"properties":{"id":"dogal-lab-83","kind":"district-label","btype":"dogal","name":"Inter River Park"}},{"type":"Feature","geometry":{"type":"Polygon","coordinates":[[[-122.882444,49.3809824],[-122.8839188,49.3809817],[-122.8846719,49.3793318],[-122.8863296,49.3789242],[-122.8863866,49.3784972],[-122.8873536,49.378273],[-122.8876237,49.3774547],[-122.8889798,49.3772761],[-122.8892261,49.3763924],[-122.8904254,49.3766346],[-122.8907014,49.3758028],[-122.8960702,49.3758196],[-122.8960552,49.3818373],[-122.8819762,49.3818741],[-122.882444,49.3809824]]]},"properties":{"id":"dogal-84","kind":"district","btype":"dogal","name":"Thwaytes Landing Regional Park","lab":1}},{"type":"Feature","geometry":{"type":"Point","coordinates":[-122.89121,49.37871]},"properties":{"id":"dogal-lab-84","kind":"district-label","btype":"dogal","name":"Thwaytes Landing Regional Park"}},{"type":"Feature","geometry":{"type":"Polygon","coordinates":[[[-123.2025383,49.2762988],[-123.1999804,49.2754772],[-123.1987061,49.2753404],[-123.198686,49.2757669],[-123.1982254,49.2753876],[-123.1986431,49.2749939],[-123.1983038,49.2746503],[-123.1966357,49.274096],[-123.1963791,49.2732589],[-123.1947713,49.2726198],[-123.1899565,49.2729428],[-123.1899725,49.2715513],[-123.1919331,49.2710796],[-123.1911799,49.2711475],[-123.1911771,49.2701677],[-123.1921119,49.2701723],[-123.1921288,49.2688393],[-123.2013249,49.2689723],[-123.2021584,49.2694928],[-123.2023277,49.2706071],[-123.2023927,49.2696148],[-123.2018519,49.2689825],[-123.2025014,49.2689808],[-123.2026748,49.2712428],[-123.2022092,49.2711455],[-123.2026854,49.2717261],[-123.2026076,49.2756496],[-123.2025383,49.2762988]]]},"properties":{"id":"dogal-85","kind":"district","btype":"dogal","name":"Jericho Beach Park","lab":1}},{"type":"Feature","geometry":{"type":"Point","coordinates":[-123.19632,49.27217]},"properties":{"id":"dogal-lab-85","kind":"district-label","btype":"dogal","name":"Jericho Beach Park"}},{"type":"Feature","geometry":{"type":"Polygon","coordinates":[[[-123.096163,49.1758487],[-123.0938671,49.1751052],[-123.0923865,49.1740671],[-123.0918286,49.1709808],[-123.092048,49.1704732],[-123.1021779,49.1702888],[-123.1021892,49.1768879],[-123.0972426,49.1768541],[-123.096163,49.1758487]]]},"properties":{"id":"dogal-86","kind":"district","btype":"dogal","name":"Richmond Nature Park","lab":1}},{"type":"Feature","geometry":{"type":"Point","coordinates":[-123.09714,49.17252]},"properties":{"id":"dogal-lab-86","kind":"district-label","btype":"dogal","name":"Richmond Nature Park"}},{"type":"Feature","geometry":{"type":"Polygon","coordinates":[[[-123.0337388,48.9971117],[-123.0351119,48.9997924],[-123.0353116,49.0020809],[-123.0189278,49.0020812],[-123.019953,48.9997376],[-123.0337388,48.9971117]]]},"properties":{"id":"dogal-87","kind":"district","btype":"dogal","name":"Maple Beach Tidelands Park","lab":1}},{"type":"Feature","geometry":{"type":"Point","coordinates":[-123.03063,48.99842]},"properties":{"id":"dogal-lab-87","kind":"district-label","btype":"dogal","name":"Maple Beach Tidelands Park"}},{"type":"Feature","geometry":{"type":"Polygon","coordinates":[[[-122.3493742,49.1361948],[-122.3493618,49.1356062],[-122.352125,49.1367826],[-122.3519753,49.1374515],[-122.3536535,49.1380361],[-122.3540275,49.1376191],[-122.3546874,49.1378733],[-122.3547379,49.1408047],[-122.3535532,49.141317],[-122.3535396,49.1405349],[-122.353271,49.140203],[-122.3533836,49.1414021],[-122.3529048,49.1418637],[-122.3505797,49.1420152],[-122.3465855,49.143401],[-122.3465555,49.1421173],[-122.3427553,49.1419154],[-122.3418712,49.1402307],[-122.347135,49.1401872],[-122.3471076,49.1388506],[-122.3457384,49.1388606],[-122.3457281,49.1381793],[-122.3433556,49.1382967],[-122.3436001,49.1365681],[-122.3463266,49.1369852],[-122.3463164,49.1362657],[-122.3493742,49.1361948]]]},"properties":{"id":"dogal-88","kind":"district","btype":"dogal","name":"Silverdale Creek Wetlands","lab":1}},{"type":"Feature","geometry":{"type":"Point","coordinates":[-122.35092,49.13952]},"properties":{"id":"dogal-lab-88","kind":"district-label","btype":"dogal","name":"Silverdale Creek Wetlands"}},{"type":"Feature","geometry":{"type":"Polygon","coordinates":[[[-122.2725491,49.1350199],[-122.2641088,49.1382373],[-122.2549265,49.1399148],[-122.25,49.13836372995411],[-122.25,49.13807570677859],[-122.2547482,49.1397419],[-122.2638608,49.1381883],[-122.2898947,49.1280989],[-122.296179,49.1246985],[-122.2980434,49.1240815],[-122.3010881,49.1220171],[-122.302292,49.1204183],[-122.3040949,49.1191175],[-122.3091512,49.1159729],[-122.3124795,49.1144444],[-122.3135685,49.1129017],[-122.3157347,49.1124623],[-122.3168999,49.1127803],[-122.32118,49.1110493],[-122.3209385,49.1106538],[-122.3214816,49.1102785],[-122.3226995,49.1106669],[-122.3290126,49.108902],[-122.3384814,49.1078026],[-122.3385656,49.1081014],[-122.329032,49.1092433],[-122.3218158,49.111138],[-122.3073899,49.1179494],[-122.3005854,49.1231211],[-122.2905954,49.1282884],[-122.2744083,49.1359841],[-122.2742552,49.1357225],[-122.2735889,49.1360472],[-122.2725491,49.1350199]]]},"properties":{"id":"dogal-89","kind":"district","btype":"dogal","name":"Matsqui Trail Regional Park","lab":1}},{"type":"Feature","geometry":{"type":"Point","coordinates":[-122.2992,49.1236]},"properties":{"id":"dogal-lab-89","kind":"district-label","btype":"dogal","name":"Matsqui Trail Regional Park"}},{"type":"Feature","geometry":{"type":"Polygon","coordinates":[[[-123.08048,49.1772913],[-123.0804658,49.1704517],[-123.0865134,49.1704489],[-123.0877332,49.1717924],[-123.0885364,49.1735999],[-123.0905539,49.1748821],[-123.0891902,49.1762621],[-123.0869213,49.1770599],[-123.08048,49.1772913]]]},"properties":{"id":"dogal-90","kind":"district","btype":"dogal","name":"Richmond Nature Park East","lab":1}},{"type":"Feature","geometry":{"type":"Point","coordinates":[-123.08501,49.17424]},"properties":{"id":"dogal-lab-90","kind":"district-label","btype":"dogal","name":"Richmond Nature Park East"}},{"type":"Feature","geometry":{"type":"MultiPolygon","coordinates":[[[[-122.6017071,49.0093319],[-122.6017201,49.0100137],[-122.6030918,49.0100728],[-122.6031685,49.0129118],[-122.5925389,49.0127618],[-122.5923905,49.009247],[-122.6017071,49.0093319]]],[[[-122.5897043,49.0103057],[-122.589826,49.0124408],[-122.5819636,49.0123512],[-122.5817651,49.0102324],[-122.5897043,49.0103057]]]]},"properties":{"id":"dogal-91","kind":"district","btype":"dogal","name":"South Langley Regional Park","lab":1}},{"type":"Feature","geometry":{"type":"Point","coordinates":[-122.59781,49.01142]},"properties":{"id":"dogal-lab-91","kind":"district-label","btype":"dogal","name":"South Langley Regional Park"}},{"type":"Feature","geometry":{"type":"Polygon","coordinates":[[[-122.7880631,49.2932827],[-122.7815469,49.2924499],[-122.7848879,49.2859168],[-122.7891749,49.2847813],[-122.790734,49.2848333],[-122.7902888,49.2853448],[-122.7902722,49.2864986],[-122.7910971,49.2869056],[-122.7896994,49.28947],[-122.7895955,49.2913818],[-122.7902663,49.2930615],[-122.7895506,49.2930673],[-122.7895645,49.2938956],[-122.7880631,49.2932827]]]},"properties":{"id":"dogal-92","kind":"district","btype":"dogal","name":"Town Centre Park","lab":1}},{"type":"Feature","geometry":{"type":"Point","coordinates":[-122.78706,49.28819]},"properties":{"id":"dogal-lab-92","kind":"district-label","btype":"dogal","name":"Town Centre Park"}},{"type":"Feature","geometry":{"type":"Polygon","coordinates":[[[-122.2859707,49.0668001],[-122.2858146,49.071706],[-122.2851591,49.0745979],[-122.27916,49.0747372],[-122.2790336,49.0667817],[-122.2859707,49.0668001]]]},"properties":{"id":"dogal-93","kind":"district","btype":"dogal","name":"Willband Creek Park and Detention Pond","lab":1}},{"type":"Feature","geometry":{"type":"Point","coordinates":[-122.28248,49.06925]},"properties":{"id":"dogal-lab-93","kind":"district-label","btype":"dogal","name":"Willband Creek Park and Detention Pond"}},{"type":"Feature","geometry":{"type":"MultiPolygon","coordinates":[[[[-122.3181501,49.0419577],[-122.3181126,49.0453713],[-122.3156517,49.0454917],[-122.3152421,49.0473611],[-122.3145797,49.0472133],[-122.3140474,49.0461638],[-122.3106373,49.0471741],[-122.3098462,49.0462201],[-122.3094214,49.0463434],[-122.3089935,49.0458965],[-122.308506,49.0468952],[-122.3074669,49.0473289],[-122.3058817,49.0468155],[-122.306867,49.0467964],[-122.3061295,49.0455696],[-122.3046251,49.0455081],[-122.3046412,49.0432895],[-122.3057114,49.0432676],[-122.3057229,49.043613],[-122.3067749,49.0437936],[-122.3062457,49.0435709],[-122.3067105,49.0426709],[-122.3046582,49.0424946],[-122.3047475,49.042037],[-122.311605,49.0419866],[-122.3116324,49.0431519],[-122.3137097,49.0426214],[-122.314681,49.0432275],[-122.3156459,49.0429354],[-122.315649,49.0419375],[-122.3181501,49.0419577]]],[[[-122.3137518,49.0471785],[-122.3137003,49.047721],[-122.3121848,49.047497],[-122.3121795,49.046748],[-122.3126189,49.0466046],[-122.3137518,49.0471785]]]]},"properties":{"id":"dogal-94","kind":"district","btype":"dogal","name":"Mill Lake Park","lab":1}},{"type":"Feature","geometry":{"type":"Point","coordinates":[-122.31138,49.04458]},"properties":{"id":"dogal-lab-94","kind":"district-label","btype":"dogal","name":"Mill Lake Park"}},{"type":"Feature","geometry":{"type":"MultiPolygon","coordinates":[[[[-122.812327,49.3091226],[-122.8114742,49.3110483],[-122.8106291,49.311214],[-122.8087395,49.3102976],[-122.8101961,49.3089546],[-122.8074185,49.3076643],[-122.8118305,49.307689],[-122.812327,49.3091226]]],[[[-122.8124247,49.3109313],[-122.8052577,49.3160374],[-122.8015717,49.3179577],[-122.800305,49.3179482],[-122.800358,49.3140517],[-122.803734,49.3105461],[-122.8069807,49.3120553],[-122.8082074,49.3109286],[-122.8114443,49.3114302],[-122.8127487,49.3094041],[-122.8137386,49.3095776],[-122.8124247,49.3109313]]]]},"properties":{"id":"dogal-95","kind":"district","btype":"dogal","name":"Eagle Mountain Park","lab":1}},{"type":"Feature","geometry":{"type":"Point","coordinates":[-122.80538,49.31305]},"properties":{"id":"dogal-lab-95","kind":"district-label","btype":"dogal","name":"Eagle Mountain Park"}},{"type":"Feature","geometry":{"type":"MultiPolygon","coordinates":[[[[-123.0944601,49.3242929],[-123.0935353,49.3242526],[-123.0932327,49.3255555],[-123.0939392,49.3255718],[-123.0935538,49.3263712],[-123.0932056,49.3269854],[-123.09242,49.32693],[-123.0917392,49.3277598],[-123.0925653,49.3280386],[-123.0917016,49.3293426],[-123.0926236,49.3309841],[-123.0911837,49.3309837],[-123.0912148,49.3317642],[-123.088485,49.3314921],[-123.0901891,49.3314076],[-123.0900374,49.330505],[-123.0896963,49.3305019],[-123.08975,49.3289045],[-123.0903749,49.3270987],[-123.0917825,49.3258904],[-123.0919542,49.3252583],[-123.0918761,49.324407],[-123.0912587,49.3243509],[-123.0940766,49.3233151],[-123.0944711,49.3233215],[-123.0944601,49.3242929]]],[[[-123.0780049,49.3558466],[-123.0800403,49.35533],[-123.0829534,49.353372],[-123.0833697,49.3536056],[-123.0841722,49.3529591],[-123.083431,49.3525579],[-123.0838547,49.3527261],[-123.0861747,49.3513496],[-123.0864461,49.3502574],[-123.0856795,49.3500782],[-123.0856784,49.3495998],[-123.0850937,49.3495988],[-123.0850871,49.3488961],[-123.0841541,49.3489609],[-123.08421,49.3484504],[-123.0859762,49.3465593],[-123.0858217,49.3461903],[-123.0885254,49.342796],[-123.0906626,49.3408611],[-123.0917361,49.3404157],[-123.092179,49.3388521],[-123.0929034,49.3383896],[-123.0939321,49.3385461],[-123.0938749,49.3388667],[-123.09324,49.3388329],[-123.0923262,49.3405134],[-123.0908824,49.3416289],[-123.0909054,49.3421058],[-123.0920668,49.3419328],[-123.0903636,49.3438804],[-123.0897871,49.3439368],[-123.0885254,49.345687],[-123.0883108,49.3466935],[-123.0888515,49.3467495],[-123.0874954,49.3477112],[-123.086577,49.3517594],[-123.081239,49.3558361],[-123.0822891,49.3574003],[-123.0780049,49.3558466]]],[[[-123.082143,49.3568185],[-123.0825767,49.3564027],[-123.0855912,49.3575083],[-123.0839674,49.3571059],[-123.0830447,49.3575851],[-123.082143,49.3568185]]]]},"properties":{"id":"dogal-96","kind":"district","btype":"dogal","name":"Mosquito Creek Park","lab":1}},{"type":"Feature","geometry":{"type":"Point","coordinates":[-123.08598,49.34808]},"properties":{"id":"dogal-lab-96","kind":"district-label","btype":"dogal","name":"Mosquito Creek Park"}},{"type":"Feature","geometry":{"type":"Polygon","coordinates":[[[-122.9958821,49.2838974],[-122.9975147,49.2837859],[-122.9975408,49.2825879],[-123.0003266,49.2825653],[-123.0003326,49.2819424],[-123.0030388,49.2819514],[-123.0028253,49.288321],[-123.001238,49.2883201],[-123.0012324,49.2900142],[-122.9996209,49.2902981],[-122.9965889,49.2916549],[-122.9968183,49.2859049],[-122.9947169,49.2858603],[-122.9947393,49.2832075],[-122.995589,49.2832365],[-122.9958821,49.2838974]]]},"properties":{"id":"dogal-97","kind":"district","btype":"dogal","name":"Confederation Park","lab":1}},{"type":"Feature","geometry":{"type":"Point","coordinates":[-122.99982,49.28711]},"properties":{"id":"dogal-lab-97","kind":"district-label","btype":"dogal","name":"Confederation Park"}},{"type":"Feature","geometry":{"type":"MultiPolygon","coordinates":[[[[-122.7675906,49.1705326],[-122.7656702,49.170934],[-122.7649444,49.1707616],[-122.7655612,49.1706035],[-122.7653423,49.1702307],[-122.7675919,49.1702161],[-122.7675906,49.1705326]]],[[[-122.7582223,49.1707866],[-122.7585918,49.1711561],[-122.760721,49.1711413],[-122.761149,49.1707644],[-122.7626471,49.1706417],[-122.7625457,49.1702488],[-122.7642042,49.1702375],[-122.7641351,49.170491],[-122.7654194,49.1710416],[-122.765651,49.171815],[-122.7653434,49.1720778],[-122.7653485,49.1717708],[-122.7634116,49.1716938],[-122.763528,49.1721142],[-122.7630664,49.1718998],[-122.7630723,49.173256],[-122.765321,49.1732461],[-122.7653166,49.17466],[-122.7664525,49.1746564],[-122.7664497,49.175418],[-122.7675853,49.1754161],[-122.7675879,49.1758395],[-122.7664544,49.1758334],[-122.7664414,49.1768554],[-122.7630333,49.1768523],[-122.7630351,49.1764059],[-122.7619921,49.1764095],[-122.7619902,49.1768869],[-122.7575834,49.1768903],[-122.7576118,49.1758516],[-122.7567512,49.1756181],[-122.7568805,49.1707928],[-122.7582223,49.1707866]]]]},"properties":{"id":"dogal-98","kind":"district","btype":"dogal","name":"Bothwell Park","lab":1}},{"type":"Feature","geometry":{"type":"Point","coordinates":[-122.76106,49.17396]},"properties":{"id":"dogal-lab-98","kind":"district-label","btype":"dogal","name":"Bothwell Park"}},{"type":"Feature","geometry":{"type":"MultiPolygon","coordinates":[[[[-122.9665722,49.2082597],[-122.9662002,49.2079374],[-122.9639455,49.2067269],[-122.965848,49.2057804],[-122.96712,49.2071004],[-122.9685405,49.2067644],[-122.9683046,49.2076094],[-122.9665722,49.2082597]]],[[[-122.9664151,49.208403],[-122.9656007,49.2087082],[-122.9648737,49.2084865],[-122.9659078,49.207938],[-122.9664151,49.208403]]],[[[-122.9638347,49.2094072],[-122.9684861,49.2076195],[-122.9687382,49.2072604],[-122.9685908,49.2058373],[-122.9761951,49.2051412],[-122.9727145,49.2079311],[-122.9713195,49.2081069],[-122.9715993,49.2083012],[-122.9709873,49.209476],[-122.9694711,49.2106626],[-122.9694294,49.2115623],[-122.967409,49.2115963],[-122.9672846,49.2129241],[-122.9626509,49.2131986],[-122.9626598,49.2136897],[-122.9611374,49.2133364],[-122.9611065,49.2140663],[-122.9599927,49.2127139],[-122.9649883,49.2106854],[-122.9616665,49.2080824],[-122.9638347,49.2094072]]]]},"properties":{"id":"dogal-99","kind":"district","btype":"dogal","name":"Byrne Creek Ravine Park","lab":1}},{"type":"Feature","geometry":{"type":"Point","coordinates":[-122.96722,49.21007]},"properties":{"id":"dogal-lab-99","kind":"district-label","btype":"dogal","name":"Byrne Creek Ravine Park"}},{"type":"Feature","geometry":{"type":"Polygon","coordinates":[[[-122.4779116,49.0205087],[-122.4816297,49.0205003],[-122.4816484,49.0240959],[-122.4741372,49.0241127],[-122.4741282,49.0223772],[-122.4708546,49.0223846],[-122.4708266,49.0170267],[-122.4733558,49.017021],[-122.4733649,49.0187508],[-122.4779024,49.0187406],[-122.4779116,49.0205087]]]},"properties":{"id":"dogal-100","kind":"district","btype":"dogal","name":"Jackman Wetlands Park","lab":1}},{"type":"Feature","geometry":{"type":"Point","coordinates":[-122.47624,49.02144]},"properties":{"id":"dogal-lab-100","kind":"district-label","btype":"dogal","name":"Jackman Wetlands Park"}},{"type":"Feature","geometry":{"type":"Polygon","coordinates":[[[-123.0414844,49.2125816],[-123.0387808,49.212677],[-123.0382163,49.2132333],[-123.0323317,49.2133206],[-123.0322652,49.2127249],[-123.0308753,49.2126228],[-123.0322647,49.2126729],[-123.0322405,49.2115948],[-123.0305524,49.2109027],[-123.0306141,49.2089664],[-123.0310566,49.2081842],[-123.034002,49.2085023],[-123.03893,49.2080081],[-123.0421081,49.2082943],[-123.0414844,49.2125816]]]},"properties":{"id":"dogal-101","kind":"district","btype":"dogal","name":"Everett Crowley Park","lab":1}},{"type":"Feature","geometry":{"type":"Point","coordinates":[-123.03623,49.20993]},"properties":{"id":"dogal-lab-101","kind":"district-label","btype":"dogal","name":"Everett Crowley Park"}},{"type":"Feature","geometry":{"type":"Polygon","coordinates":[[[-122.9803958,49.2887515],[-122.9826621,49.289134],[-122.9816137,49.2884723],[-122.9835237,49.2889947],[-122.9838731,49.2887601],[-122.983091,49.2883277],[-122.9835406,49.2879397],[-122.9844949,49.2884493],[-122.9869298,49.2887268],[-122.9868724,49.2892745],[-122.9881381,49.2893447],[-122.9884232,49.2897558],[-122.9910502,49.2889877],[-122.9924686,49.2880188],[-122.9929535,49.2883435],[-122.9933051,49.2878668],[-122.993841,49.2878748],[-122.9938456,49.2887534],[-122.9943074,49.2889997],[-122.9905276,49.2912486],[-122.9885365,49.2919769],[-122.9871117,49.2921224],[-122.9839948,49.2913997],[-122.9807257,49.2914847],[-122.9807386,49.2918364],[-122.9765452,49.2900677],[-122.9766359,49.2862784],[-122.9778936,49.2864145],[-122.9781041,49.287052],[-122.9803958,49.2887515]]]},"properties":{"id":"dogal-102","kind":"district","btype":"dogal","name":"Capitol Hill Conservation Area","lab":1}},{"type":"Feature","geometry":{"type":"Point","coordinates":[-122.98172,49.2892]},"properties":{"id":"dogal-lab-102","kind":"district-label","btype":"dogal","name":"Capitol Hill Conservation Area"}},{"type":"Feature","geometry":{"type":"Polygon","coordinates":[[[-122.6118154,49.256896],[-122.610047,49.2511611],[-122.6102208,49.2497484],[-122.6120528,49.2497494],[-122.6121488,49.2459578],[-122.6130502,49.2459701],[-122.6121794,49.244828],[-122.6125809,49.2447874],[-122.6131435,49.2452826],[-122.6141146,49.247694],[-122.6136963,49.249772],[-122.6151804,49.2497911],[-122.6147098,49.2512603],[-122.6154829,49.2515666],[-122.615127,49.2527358],[-122.616842,49.2547422],[-122.6173752,49.2548996],[-122.6173622,49.2554872],[-122.6190061,49.2561266],[-122.6191758,49.2569511],[-122.6118154,49.256896]]]},"properties":{"id":"dogal-103","kind":"district","btype":"dogal","name":"North Alouette Regional Greenway","lab":1}},{"type":"Feature","geometry":{"type":"Point","coordinates":[-122.61255,49.25048]},"properties":{"id":"dogal-lab-103","kind":"district-label","btype":"dogal","name":"North Alouette Regional Greenway"}},{"type":"Feature","geometry":{"type":"Polygon","coordinates":[[[-122.8182812,49.2133661],[-122.8166145,49.2130472],[-122.8176053,49.2126541],[-122.8174148,49.2115546],[-122.8182226,49.2108065],[-122.8167444,49.2096675],[-122.8154499,49.2074799],[-122.8172864,49.2067941],[-122.8170689,49.2065855],[-122.8180343,49.2060156],[-122.8188643,49.2060195],[-122.8192462,49.2048093],[-122.8203273,49.2037505],[-122.820334,49.2031652],[-122.8215004,49.2031312],[-122.8215637,49.2024829],[-122.823905,49.2025431],[-122.8238816,49.2029646],[-122.8213295,49.2043319],[-122.8212756,49.2047227],[-122.8223858,49.2048327],[-122.8211464,49.2068269],[-122.8230831,49.2068325],[-122.8238886,49.2079616],[-122.8261214,49.2079392],[-122.8259245,49.2084959],[-122.8243621,49.2098837],[-122.8217606,49.2093623],[-122.821528,49.2101295],[-122.8188514,49.2123172],[-122.8188115,49.2127275],[-122.8192779,49.2127442],[-122.8190872,49.2142116],[-122.8182812,49.2133661]]]},"properties":{"id":"dogal-104","kind":"district","btype":"dogal","name":"Invergarry Park","lab":1}},{"type":"Feature","geometry":{"type":"Point","coordinates":[-122.82096,49.20823]},"properties":{"id":"dogal-lab-104","kind":"district-label","btype":"dogal","name":"Invergarry Park"}},{"type":"Feature","geometry":{"type":"MultiPolygon","coordinates":[[[[-123.2594596,49.360673],[-123.2604321,49.361433],[-123.2580418,49.3606542],[-123.2594596,49.360673]]],[[[-123.2615664,49.3607008],[-123.2622429,49.3617289],[-123.2609849,49.3615566],[-123.2603571,49.3606849],[-123.2615664,49.3607008]]],[[[-123.2627511,49.3612019],[-123.2643181,49.3612984],[-123.2643699,49.3615689],[-123.2631786,49.3617657],[-123.2627511,49.3612019]]],[[[-123.2621705,49.3622755],[-123.2616973,49.3625456],[-123.2614471,49.3621983],[-123.2618065,49.3622419],[-123.2621705,49.3622755]]],[[[-123.2601508,49.3623618],[-123.2601742,49.3619556],[-123.2609238,49.3621157],[-123.2613623,49.3627245],[-123.2601508,49.3623618]]],[[[-123.2595996,49.3617978],[-123.2594705,49.3627713],[-123.25982,49.3630872],[-123.2617591,49.3632752],[-123.2531727,49.3706977],[-123.2529462,49.3621737],[-123.2573192,49.3622224],[-123.2573739,49.3611143],[-123.2595996,49.3617978]]]]},"properties":{"id":"dogal-105","kind":"district","btype":"dogal","name":"Nelson Canyon Park","lab":1}},{"type":"Feature","geometry":{"type":"Point","coordinates":[-123.25527,49.36699]},"properties":{"id":"dogal-lab-105","kind":"district-label","btype":"dogal","name":"Nelson Canyon Park"}},{"type":"Feature","geometry":{"type":"MultiPolygon","coordinates":[[[[-123.0444339,49.0886772],[-123.0427844,49.0886852],[-123.0427663,49.0869801],[-123.0444943,49.0871028],[-123.0444339,49.0886772]]],[[[-123.0741689,49.2400708],[-123.0742727,49.2369134],[-123.0767133,49.2369419],[-123.0761493,49.2400892],[-123.0741689,49.2400708]]],[[[-122.9808406,49.2790562],[-122.9753879,49.2791361],[-122.9753969,49.2802563],[-122.9701319,49.2801567],[-122.9702308,49.2779343],[-122.9732805,49.2798378],[-122.9752575,49.278575],[-122.9734958,49.2774851],[-122.973317,49.2752805],[-122.9808873,49.2755512],[-122.9808406,49.2790562]]]]},"properties":{"id":"dogal-106","kind":"district","btype":"dogal","name":"Kensington Park","lab":1}},{"type":"Feature","geometry":{"type":"Point","coordinates":[-122.97736,49.27771]},"properties":{"id":"dogal-lab-106","kind":"district-label","btype":"dogal","name":"Kensington Park"}},{"type":"Feature","geometry":{"type":"MultiPolygon","coordinates":[[[[-122.6841874,49.0918631],[-122.6840142,49.0913269],[-122.684674,49.0912461],[-122.6856749,49.0921299],[-122.6796697,49.093058],[-122.679619,49.0895892],[-122.6837483,49.0895741],[-122.6837849,49.0919237],[-122.6841874,49.0918631]]],[[[-122.6838806,49.0953712],[-122.6859558,49.0960873],[-122.6908345,49.0953546],[-122.6909287,49.0971042],[-122.6799409,49.0974899],[-122.6796784,49.09334],[-122.6821171,49.092919],[-122.6821708,49.0932361],[-122.6838276,49.0934619],[-122.6838806,49.0953712]]]]},"properties":{"id":"dogal-107","kind":"district","btype":"dogal","name":"Hi-Knoll Park","lab":1}},{"type":"Feature","geometry":{"type":"Point","coordinates":[-122.68171,49.09129]},"properties":{"id":"dogal-lab-107","kind":"district-label","btype":"dogal","name":"Hi-Knoll Park"}},{"type":"Feature","geometry":{"type":"MultiPolygon","coordinates":[[[[-122.6814775,49.0457563],[-122.6813826,49.0522223],[-122.6829019,49.0523728],[-122.6828217,49.0528279],[-122.6804668,49.0528223],[-122.6804475,49.0457909],[-122.6814775,49.0457563]]],[[[-122.6914156,49.0527812],[-122.6830885,49.0527859],[-122.6831791,49.0520751],[-122.6856281,49.0484656],[-122.6857437,49.0458005],[-122.6869439,49.0457527],[-122.686957,49.0485276],[-122.6913971,49.0486181],[-122.6914156,49.0527812]]]]},"properties":{"id":"dogal-108","kind":"district","btype":"dogal","name":"Latimer Pond Park","lab":1}},{"type":"Feature","geometry":{"type":"Point","coordinates":[-122.68788,49.05035]},"properties":{"id":"dogal-lab-108","kind":"district-label","btype":"dogal","name":"Latimer Pond Park"}},{"type":"Feature","geometry":{"type":"Polygon","coordinates":[[[-122.3251914,49.0722557],[-122.3247207,49.0715802],[-122.325581,49.0709196],[-122.3232406,49.0706086],[-122.3227358,49.0694409],[-122.3232651,49.0687062],[-122.3261975,49.0678044],[-122.3306018,49.0684904],[-122.3310724,49.0690499],[-122.3324999,49.0695613],[-122.3322585,49.0703997],[-122.332539,49.0706096],[-122.3337247,49.0701762],[-122.3359095,49.0705321],[-122.3324384,49.0715625],[-122.3310281,49.0743263],[-122.3269113,49.0743045],[-122.3269323,49.0734448],[-122.3270885,49.0737356],[-122.3277728,49.0721308],[-122.3284675,49.0717431],[-122.3278309,49.0717885],[-122.3278966,49.0711898],[-122.3272371,49.0708537],[-122.3276821,49.0713999],[-122.3272939,49.0718627],[-122.3260472,49.0709881],[-122.3251781,49.0715996],[-122.3268697,49.0722631],[-122.3251914,49.0722557]]]},"properties":{"id":"dogal-109","kind":"district","btype":"dogal","name":"Downes Bowl Park","lab":1}},{"type":"Feature","geometry":{"type":"Point","coordinates":[-122.33087,49.07109]},"properties":{"id":"dogal-lab-109","kind":"district-label","btype":"dogal","name":"Downes Bowl Park"}},{"type":"Feature","geometry":{"type":"Polygon","coordinates":[[[-122.9996497,49.3069208],[-123.0008647,49.304404],[-123.0012576,49.3046643],[-123.002659,49.304196],[-123.0026081,49.3029994],[-123.003174,49.3023141],[-123.0065348,49.3022158],[-123.00772,49.3029716],[-123.0076758,49.3024066],[-123.0081901,49.301824],[-123.0079734,49.3071696],[-122.9968015,49.3087137],[-122.9968529,49.3083546],[-122.9996497,49.3069208]]]},"properties":{"id":"dogal-110","kind":"district","btype":"dogal","name":"Maplewood Conservation Area","lab":1}},{"type":"Feature","geometry":{"type":"Point","coordinates":[-123.00411,49.30579]},"properties":{"id":"dogal-lab-110","kind":"district-label","btype":"dogal","name":"Maplewood Conservation Area"}},{"type":"Feature","geometry":{"type":"Polygon","coordinates":[[[-122.9041033,49.2112678],[-122.9119994,49.2175574],[-122.9084241,49.2194545],[-122.9012473,49.2137157],[-122.9009668,49.2112175],[-122.9016204,49.2107183],[-122.9030146,49.2117489],[-122.9041033,49.2112678]]]},"properties":{"id":"dogal-111","kind":"district","btype":"dogal","name":"Queen's Park","lab":1}},{"type":"Feature","geometry":{"type":"Point","coordinates":[-122.90662,49.21564]},"properties":{"id":"dogal-lab-111","kind":"district-label","btype":"dogal","name":"Queen's Park"}},{"type":"Feature","geometry":{"type":"Polygon","coordinates":[[[-122.3269803,49.0669898],[-122.3215369,49.0673345],[-122.321524,49.0602169],[-122.3268509,49.0602841],[-122.3269611,49.0638327],[-122.3277924,49.0651768],[-122.3277681,49.0659259],[-122.3269803,49.0669898]]]},"properties":{"id":"dogal-112","kind":"district","btype":"dogal","name":"Abbotsford Exhibition Park","lab":1}},{"type":"Feature","geometry":{"type":"Point","coordinates":[-122.32422,49.06206]},"properties":{"id":"dogal-lab-112","kind":"district-label","btype":"dogal","name":"Abbotsford Exhibition Park"}},{"type":"Feature","geometry":{"type":"Polygon","coordinates":[[[-122.8722487,49.0566939],[-122.8782185,49.0541228],[-122.8802607,49.0553946],[-122.8810635,49.0545604],[-122.8816068,49.0547919],[-122.8797774,49.0561833],[-122.8819428,49.0575837],[-122.8815941,49.0577046],[-122.8818203,49.0586259],[-122.8833374,49.0593889],[-122.8825951,49.0598113],[-122.8814124,49.0595631],[-122.8801185,49.0598906],[-122.8791116,49.0614903],[-122.8766893,49.0625952],[-122.877457,49.0619992],[-122.8744267,49.0571881],[-122.8722487,49.0566939]]]},"properties":{"id":"dogal-113","kind":"district","btype":"dogal","name":"Blackie Spit Park","lab":1}},{"type":"Feature","geometry":{"type":"Point","coordinates":[-122.87837,49.05817]},"properties":{"id":"dogal-lab-113","kind":"district-label","btype":"dogal","name":"Blackie Spit Park"}},{"type":"Feature","geometry":{"type":"MultiPolygon","coordinates":[[[[-123.4204259,49.338997],[-123.4225098,49.3393465],[-123.4244428,49.3392021],[-123.4215255,49.3414985],[-123.420042,49.3419637],[-123.4185198,49.3407483],[-123.4191007,49.339249],[-123.4204259,49.338997]]],[[[-123.4114455,49.3431733],[-123.4172674,49.34294],[-123.4173183,49.343502],[-123.4150875,49.3440915],[-123.4116913,49.3440586],[-123.4114455,49.3431733]]],[[[-123.4101653,49.3416954],[-123.4112571,49.3431931],[-123.4116014,49.3450392],[-123.4098087,49.345923],[-123.410388,49.3467522],[-123.4096502,49.3479228],[-123.4067971,49.3488275],[-123.4068259,49.3421315],[-123.4101653,49.3416954]]]]},"properties":{"id":"dogal-114","kind":"district","btype":"dogal","name":"Cape Roger Curtis Regional Park Reserve","lab":1}},{"type":"Feature","geometry":{"type":"Point","coordinates":[-123.41394,49.34378]},"properties":{"id":"dogal-lab-114","kind":"district-label","btype":"dogal","name":"Cape Roger Curtis Regional Park Reserve"}},{"type":"Feature","geometry":{"type":"Polygon","coordinates":[[[-122.3089778,49.3065673],[-122.3067791,49.3054207],[-122.30631,49.3045363],[-122.3066972,49.3034143],[-122.3035912,49.3012547],[-122.3059885,49.3019528],[-122.3048601,49.3006858],[-122.3077189,49.3007082],[-122.3070995,49.3012129],[-122.3071557,49.3020948],[-122.3083234,49.3009144],[-122.3105707,49.3011379],[-122.3128129,49.3008042],[-122.3128562,49.3026865],[-122.3140979,49.3013874],[-122.3139413,49.3038788],[-122.3130683,49.3052334],[-122.3110968,49.306526],[-122.3089778,49.3065673]]]},"properties":{"id":"dogal-115","kind":"district","btype":"dogal","name":"Stave Island Recreation Reserve","lab":1}},{"type":"Feature","geometry":{"type":"Point","coordinates":[-122.31029,49.30365]},"properties":{"id":"dogal-lab-115","kind":"district-label","btype":"dogal","name":"Stave Island Recreation Reserve"}},{"type":"Feature","geometry":{"type":"Polygon","coordinates":[[[-122.7573673,49.0239288],[-122.7632459,49.0238967],[-122.7636861,49.0255614],[-122.7642045,49.0256373],[-122.7653831,49.0278941],[-122.7653633,49.0292885],[-122.7583983,49.0292311],[-122.7586151,49.028385],[-122.7573059,49.0283852],[-122.7573673,49.0239288]]]},"properties":{"id":"dogal-116","kind":"district","btype":"dogal","name":"Fergus Watershed Biodiversity Preserve","lab":1}},{"type":"Feature","geometry":{"type":"Point","coordinates":[-122.76106,49.02677]},"properties":{"id":"dogal-lab-116","kind":"district-label","btype":"dogal","name":"Fergus Watershed Biodiversity Preserve"}},{"type":"Feature","geometry":{"type":"Polygon","coordinates":[[[-123.2356502,49.3509122],[-123.2404506,49.3510314],[-123.2404379,49.3516529],[-123.2397505,49.3524592],[-123.241258,49.3525539],[-123.2412183,49.3545881],[-123.2417049,49.3545955],[-123.2407064,49.3546263],[-123.2405423,49.3582423],[-123.2352743,49.3581175],[-123.2356502,49.3509122]]]},"properties":{"id":"dogal-117","kind":"district","btype":"dogal","name":"Cypress Falls Park","lab":1}},{"type":"Feature","geometry":{"type":"Point","coordinates":[-123.23837,49.35357]},"properties":{"id":"dogal-lab-117","kind":"district-label","btype":"dogal","name":"Cypress Falls Park"}},{"type":"Feature","geometry":{"type":"Polygon","coordinates":[[[-122.9349558,49.0789839],[-122.9349559,49.0785461],[-122.9357855,49.0785579],[-122.9358118,49.0775531],[-122.9349858,49.0775553],[-122.9349735,49.076934],[-122.9461064,49.0740417],[-122.9460616,49.0789956],[-122.9349558,49.0789839]]]},"properties":{"id":"dogal-118","kind":"district","btype":"dogal","name":"Delta Heritage Air Park","lab":1}},{"type":"Feature","geometry":{"type":"Point","coordinates":[-122.94332,49.07549]},"properties":{"id":"dogal-lab-118","kind":"district-label","btype":"dogal","name":"Delta Heritage Air Park"}},{"type":"Feature","geometry":{"type":"Polygon","coordinates":[[[-122.3572279,49.2907013],[-122.3482985,49.2912638],[-122.3479574,49.2904045],[-122.3456565,49.2901955],[-122.3445046,49.28954],[-122.3517617,49.2874581],[-122.353522,49.286361],[-122.3562187,49.2854892],[-122.3561212,49.2886782],[-122.3572279,49.2907013]]]},"properties":{"id":"dogal-119","kind":"district","btype":"dogal","name":"Rock Creek Recreation Site","lab":1}},{"type":"Feature","geometry":{"type":"Point","coordinates":[-122.35289,49.28807]},"properties":{"id":"dogal-lab-119","kind":"district-label","btype":"dogal","name":"Rock Creek Recreation Site"}},{"type":"Feature","geometry":{"type":"Polygon","coordinates":[[[-123.1938228,49.1701992],[-123.1937621,49.170711],[-123.194182,49.1707092],[-123.1942181,49.1701989],[-123.1964852,49.1701918],[-123.1964968,49.1706024],[-123.1968233,49.1702144],[-123.1988632,49.1703694],[-123.1998501,49.1718182],[-123.2001222,49.1732122],[-123.1996198,49.1739884],[-123.1998056,49.1742886],[-123.1974327,49.1752607],[-123.1954827,49.1754888],[-123.1917268,49.1748056],[-123.1922129,49.1746274],[-123.1922453,49.1706588],[-123.1926042,49.1706588],[-123.1926042,49.1701974],[-123.1938228,49.1701992]]]},"properties":{"id":"dogal-120","kind":"district","btype":"dogal","name":"Terra Nova Rural Park","lab":1}},{"type":"Feature","geometry":{"type":"Point","coordinates":[-123.19611,49.17252]},"properties":{"id":"dogal-lab-120","kind":"district-label","btype":"dogal","name":"Terra Nova Rural Park"}},{"type":"Feature","geometry":{"type":"Polygon","coordinates":[[[-123.0652094,49.2581248],[-123.0601083,49.258099],[-123.060004,49.2589077],[-123.0583155,49.2581795],[-123.0583578,49.2568277],[-123.0590684,49.2568091],[-123.0590681,49.2527154],[-123.05948,49.2523658],[-123.0660058,49.2541605],[-123.0659237,49.256751],[-123.0652677,49.2568536],[-123.0652094,49.2581248]]]},"properties":{"id":"dogal-121","kind":"district","btype":"dogal","name":"John Hendry Park","lab":1}},{"type":"Feature","geometry":{"type":"Point","coordinates":[-123.06252,49.25546]},"properties":{"id":"dogal-lab-121","kind":"district-label","btype":"dogal","name":"John Hendry Park"}},{"type":"Feature","geometry":{"type":"Polygon","coordinates":[[[-123.0842123,49.329304],[-123.083904,49.3292018],[-123.0842345,49.3288753],[-123.0840374,49.3285052],[-123.0816586,49.3283288],[-123.0818019,49.3233184],[-123.0845113,49.3233346],[-123.0857837,49.3229653],[-123.08579,49.3223243],[-123.08648,49.3223395],[-123.0865628,49.3216771],[-123.0871406,49.3216821],[-123.0870791,49.3211161],[-123.088431,49.3208709],[-123.0884727,49.3202281],[-123.0901057,49.3202405],[-123.089826,49.321113],[-123.0885821,49.322039],[-123.0886213,49.3227409],[-123.0890988,49.3227677],[-123.0891882,49.3233275],[-123.0878951,49.3243651],[-123.0878748,49.3250768],[-123.088273,49.3251802],[-123.086216,49.3263731],[-123.0860285,49.3269317],[-123.0847646,49.3272797],[-123.0853931,49.3273604],[-123.0848534,49.3275951],[-123.0853016,49.3276728],[-123.0849529,49.3281654],[-123.0853474,49.3282981],[-123.0842123,49.329304]]]},"properties":{"id":"dogal-122","kind":"district","btype":"dogal","name":"Mahon Park","lab":1}},{"type":"Feature","geometry":{"type":"Point","coordinates":[-123.08482,49.32472]},"properties":{"id":"dogal-lab-122","kind":"district-label","btype":"dogal","name":"Mahon Park"}},{"type":"Feature","geometry":{"type":"Polygon","coordinates":[[[-122.8846034,49.0981656],[-122.8864342,49.0987568],[-122.8867536,49.0999702],[-122.8860772,49.1001548],[-122.8875555,49.1009624],[-122.8875303,49.1017924],[-122.8855437,49.1025695],[-122.8854244,49.1022493],[-122.8845255,49.1024485],[-122.8845291,49.1017853],[-122.8776472,49.1017929],[-122.877645,49.1021527],[-122.876947,49.102152],[-122.8769464,49.10244],[-122.8767316,49.1017939],[-122.8755145,49.1017946],[-122.8755349,49.1013152],[-122.8747001,49.101315],[-122.8747596,49.0999231],[-122.8776103,49.0999337],[-122.8776163,49.0988821],[-122.8845997,49.098929],[-122.8846034,49.0981656]]]},"properties":{"id":"dogal-123","kind":"district","btype":"dogal","name":"Joe Brown Park","lab":1}},{"type":"Feature","geometry":{"type":"Point","coordinates":[-122.88077,49.10056]},"properties":{"id":"dogal-lab-123","kind":"district-label","btype":"dogal","name":"Joe Brown Park"}},{"type":"Feature","geometry":{"type":"Polygon","coordinates":[[[-123.1428027,49.1696992],[-123.1426012,49.1676722],[-123.1433788,49.1650818],[-123.1409994,49.1649436],[-123.1404541,49.1642182],[-123.1404059,49.1628971],[-123.1465316,49.1628499],[-123.1466307,49.1635543],[-123.1476257,49.1635048],[-123.1475865,49.167673],[-123.1451231,49.1676824],[-123.1456407,49.1696896],[-123.1428027,49.1696992]]]},"properties":{"id":"dogal-124","kind":"district","btype":"dogal","name":"Minoru Park","lab":1}},{"type":"Feature","geometry":{"type":"Point","coordinates":[-123.14529,49.16638]},"properties":{"id":"dogal-lab-124","kind":"district-label","btype":"dogal","name":"Minoru Park"}},{"type":"Feature","geometry":{"type":"MultiPolygon","coordinates":[[[[-122.6656563,49.0654229],[-122.6656448,49.0648485],[-122.664993,49.0648374],[-122.6649907,49.0645064],[-122.6585022,49.0645196],[-122.6585015,49.0610434],[-122.6620238,49.0610434],[-122.6620383,49.06379],[-122.6640905,49.0637757],[-122.6640833,49.0630842],[-122.6663684,49.0630604],[-122.6663973,49.0643199],[-122.6693928,49.0642938],[-122.6693928,49.0654257],[-122.6656563,49.0654229]]],[[[-122.6588642,49.0673358],[-122.6588466,49.0658799],[-122.6663225,49.0658609],[-122.6663311,49.067312],[-122.6588642,49.0673358]]]]},"properties":{"id":"dogal-125","kind":"district","btype":"dogal","name":"Noel Booth Community Park","lab":1}},{"type":"Feature","geometry":{"type":"Point","coordinates":[-122.66259,49.0666]},"properties":{"id":"dogal-lab-125","kind":"district-label","btype":"dogal","name":"Noel Booth Community Park"}},{"type":"Feature","geometry":{"type":"MultiPolygon","coordinates":[[[[-123.1511033,49.3265548],[-123.1398692,49.321945],[-123.1411251,49.3215173],[-123.1431804,49.3215532],[-123.1461675,49.3225487],[-123.1474225,49.3218794],[-123.1485469,49.321641],[-123.1483614,49.3220094],[-123.1494989,49.3230193],[-123.1508315,49.3227847],[-123.1503997,49.3235386],[-123.1524515,49.3262707],[-123.1521001,49.3268177],[-123.1511033,49.3265548]]],[[[-123.1463858,49.3246606],[-123.1506416,49.326492],[-123.1520666,49.3269024],[-123.1516055,49.3274304],[-123.1451063,49.3265191],[-123.1463858,49.3246606]]]]},"properties":{"id":"dogal-126","kind":"district","btype":"dogal","name":"Ambleside Park","lab":1}},{"type":"Feature","geometry":{"type":"Point","coordinates":[-123.14925,49.3249]},"properties":{"id":"dogal-lab-126","kind":"district-label","btype":"dogal","name":"Ambleside Park"}},{"type":"Feature","geometry":{"type":"Polygon","coordinates":[[[-122.8155024,49.255546],[-122.8130292,49.2550222],[-122.8088009,49.2536746],[-122.8087473,49.2526843],[-122.811907,49.2496771],[-122.8154079,49.2485135],[-122.8155024,49.255546]]]},"properties":{"id":"dogal-127","kind":"district","btype":"dogal","name":"Riverview Forest","lab":1}},{"type":"Feature","geometry":{"type":"Point","coordinates":[-122.81289,49.25118]},"properties":{"id":"dogal-lab-127","kind":"district-label","btype":"dogal","name":"Riverview Forest"}},{"type":"Feature","geometry":{"type":"MultiPolygon","coordinates":[[[[-122.7081434,49.1265872],[-122.7094664,49.1266681],[-122.7092691,49.1268882],[-122.7096016,49.1270578],[-122.7124308,49.1279532],[-122.7124255,49.1283408],[-122.7081434,49.1265872]]],[[[-122.7182893,49.1296087],[-122.713615,49.1287196],[-122.7127001,49.1279489],[-122.7167753,49.1285826],[-122.7208896,49.1284787],[-122.7229911,49.1271021],[-122.7256813,49.126791],[-122.7280429,49.1279787],[-122.729979,49.1281101],[-122.731138,49.1290349],[-122.7299613,49.1295689],[-122.7287438,49.1290894],[-122.7284025,49.1295537],[-122.7251793,49.1278245],[-122.7231541,49.1283278],[-122.721381,49.129492],[-122.7185032,49.1293357],[-122.7182893,49.1296087]]],[[[-122.7273815,49.133139],[-122.7277035,49.1329091],[-122.7274431,49.1326825],[-122.7287388,49.1322085],[-122.7302886,49.1300645],[-122.7307715,49.1297519],[-122.7317549,49.1300243],[-122.7317891,49.1332828],[-122.7273815,49.133139]]]]},"properties":{"id":"dogal-128","kind":"district","btype":"dogal","name":"North Creek Park","lab":1}},{"type":"Feature","geometry":{"type":"Point","coordinates":[-122.72801,49.12822]},"properties":{"id":"dogal-lab-128","kind":"district-label","btype":"dogal","name":"North Creek Park"}},{"type":"Feature","geometry":{"type":"MultiPolygon","coordinates":[[[[-122.3493385,49.0603663],[-122.3493446,49.06177],[-122.3500789,49.06177],[-122.3500943,49.062548],[-122.3512755,49.062782],[-122.348388,49.062943],[-122.3482007,49.0632262],[-122.3494837,49.0639971],[-122.3491265,49.0645263],[-122.3495075,49.0655254],[-122.3490548,49.0658695],[-122.3482218,49.0658308],[-122.3468434,49.0628352],[-122.3452737,49.0624634],[-122.3452751,49.0627847],[-122.3450104,49.0625112],[-122.3446822,49.0628095],[-122.3446046,49.0651486],[-122.346305,49.0656422],[-122.3457965,49.0657151],[-122.346014,49.0664276],[-122.3453912,49.0666741],[-122.3449589,49.06587],[-122.3435999,49.0656162],[-122.342493,49.0647488],[-122.3425374,49.0642509],[-122.3420573,49.0641954],[-122.3432129,49.0638814],[-122.34292,49.0634072],[-122.3435011,49.063496],[-122.3436705,49.0629068],[-122.3418949,49.0628676],[-122.3419316,49.0621301],[-122.3431222,49.0616086],[-122.3436461,49.0604994],[-122.3433013,49.0602173],[-122.3451893,49.059759],[-122.3445336,49.0603553],[-122.3493385,49.0603663]]],[[[-122.3423972,49.0658213],[-122.3429846,49.065179],[-122.3435908,49.0662473],[-122.3424291,49.0663002],[-122.3420981,49.0669076],[-122.3423251,49.0673559],[-122.3403258,49.0698589],[-122.3394421,49.0693425],[-122.3398283,49.068952],[-122.3404439,49.0691485],[-122.3413285,49.0678817],[-122.3408784,49.0677953],[-122.3413386,49.0678563],[-122.341932,49.0661803],[-122.341435,49.0660962],[-122.341489,49.0657408],[-122.3423972,49.0658213]]]]},"properties":{"id":"dogal-129","kind":"district","btype":"dogal","name":"Maclure Trail Park","lab":1}},{"type":"Feature","geometry":{"type":"Point","coordinates":[-122.34763,49.06308]},"properties":{"id":"dogal-lab-129","kind":"district-label","btype":"dogal","name":"Maclure Trail Park"}},{"type":"Feature","geometry":{"type":"MultiPolygon","coordinates":[[[[-122.8192487,49.1423085],[-122.8195706,49.1424144],[-122.8192925,49.142983],[-122.8187894,49.1431448],[-122.8190061,49.1440395],[-122.8200119,49.1447214],[-122.8207346,49.14455],[-122.8208004,49.1441794],[-122.8232461,49.1447767],[-122.8232264,49.1460027],[-122.8218351,49.1459133],[-122.8213046,49.1454198],[-122.8201016,49.1458728],[-122.8191664,49.1451789],[-122.818665,49.1454584],[-122.8192159,49.1462367],[-122.8181122,49.1466197],[-122.8183839,49.1471862],[-122.8203609,49.1481522],[-122.8177851,49.1481573],[-122.817778,49.1474644],[-122.81256,49.1474001],[-122.8125519,49.1470376],[-122.817774,49.1470714],[-122.8177666,49.1463414],[-122.8152201,49.1463387],[-122.8178721,49.144363],[-122.8179606,49.1437182],[-122.8174948,49.1433859],[-122.8186356,49.1425767],[-122.8192863,49.141115],[-122.820056,49.1411101],[-122.8192487,49.1423085]]],[[[-122.8175154,49.1488621],[-122.8158953,49.1491961],[-122.8161292,49.149497],[-122.8157633,49.1492346],[-122.813541,49.1500515],[-122.8128387,49.1494198],[-122.8125946,49.150166],[-122.8125501,49.1482819],[-122.817511,49.1483002],[-122.8175154,49.1488621]]],[[[-122.8205151,49.14948],[-122.8205045,49.1503638],[-122.8214547,49.1507618],[-122.8209382,49.1507496],[-122.8211255,49.1513802],[-122.8217621,49.1516459],[-122.8211243,49.1514144],[-122.8211856,49.1521739],[-122.8205396,49.1521737],[-122.8200732,49.1508355],[-122.8196384,49.1508349],[-122.820086,49.1508018],[-122.8200977,49.1501562],[-122.8193024,49.1494813],[-122.8177737,49.1490159],[-122.8177818,49.1483382],[-122.820941,49.1483329],[-122.8232539,49.1490146],[-122.8232449,49.1494973],[-122.8205151,49.14948]]],[[[-122.821342,49.15299],[-122.8211856,49.1521739],[-122.8213471,49.1521744],[-122.821342,49.15299]]]]},"properties":{"id":"dogal-130","kind":"district","btype":"dogal","name":"British Manor Park","lab":1}},{"type":"Feature","geometry":{"type":"Point","coordinates":[-122.81424,49.14922]},"properties":{"id":"dogal-lab-130","kind":"district-label","btype":"dogal","name":"British Manor Park"}},{"type":"Feature","geometry":{"type":"Polygon","coordinates":[[[-123.1967318,49.2346623],[-123.1938783,49.2336538],[-123.1939059,49.2306156],[-123.188521,49.2306228],[-123.1885436,49.2300656],[-123.187,49.2301296],[-123.1873795,49.2275364],[-123.1895092,49.2275609],[-123.1894985,49.226594],[-123.1911669,49.2266132],[-123.1911829,49.2283397],[-123.1969313,49.2305765],[-123.1967318,49.2346623]]]},"properties":{"id":"dogal-131","kind":"district","btype":"dogal","name":"Musqueam Park","lab":1}},{"type":"Feature","geometry":{"type":"Point","coordinates":[-123.19537,49.23214]},"properties":{"id":"dogal-lab-131","kind":"district-label","btype":"dogal","name":"Musqueam Park"}},{"type":"Feature","geometry":{"type":"Polygon","coordinates":[[[-122.3157908,49.3118085],[-122.319483,49.311909],[-122.321138,49.310652],[-122.321989,49.310702],[-122.322245,49.311108],[-122.325857,49.308664],[-122.325418,49.308446],[-122.325548,49.308014],[-122.3306507,49.3060147],[-122.3296663,49.3081787],[-122.3245852,49.3122066],[-122.3176377,49.3133983],[-122.3159262,49.3128497],[-122.3157908,49.3118085]]]},"properties":{"id":"dogal-132","kind":"district","btype":"dogal","name":"Rocky Point Recreation Site","lab":1}},{"type":"Feature","geometry":{"type":"Point","coordinates":[-122.32609,49.30966]},"properties":{"id":"dogal-lab-132","kind":"district-label","btype":"dogal","name":"Rocky Point Recreation Site"}},{"type":"Feature","geometry":{"type":"Polygon","coordinates":[[[-122.8292662,49.1916251],[-122.8293033,49.1938065],[-122.8275691,49.1928801],[-122.8291102,49.1938396],[-122.8321516,49.1938959],[-122.8321342,49.195139],[-122.8271363,49.1951347],[-122.827101,49.1978907],[-122.8248548,49.1982111],[-122.824839,49.1986816],[-122.8232206,49.1986771],[-122.8232186,49.1982494],[-122.8241137,49.1979281],[-122.8241317,49.1970466],[-122.8231657,49.1970509],[-122.8231782,49.196528],[-122.8241417,49.1965233],[-122.8243153,49.1954646],[-122.824195,49.1937765],[-122.8232451,49.193779],[-122.823223,49.1928468],[-122.826713,49.1926192],[-122.8266669,49.1916323],[-122.8292662,49.1916251]]]},"properties":{"id":"dogal-133","kind":"district","btype":"dogal","name":"Hawthorne Rotary Park","lab":1}},{"type":"Feature","geometry":{"type":"Point","coordinates":[-122.82572,49.1953]},"properties":{"id":"dogal-lab-133","kind":"district-label","btype":"dogal","name":"Hawthorne Rotary Park"}},{"type":"Feature","geometry":{"type":"Polygon","coordinates":[[[-122.9886114,49.1982393],[-122.9873451,49.1989504],[-122.9697585,49.1964355],[-122.9704278,49.1953307],[-122.9699313,49.1946028],[-122.9715903,49.1936793],[-122.9736928,49.1942531],[-122.9800773,49.1910386],[-122.982671,49.190539],[-122.9868644,49.1905386],[-122.9883702,49.1898883],[-122.9887027,49.1901146],[-122.9875045,49.1907206],[-122.9830808,49.1907827],[-122.9796193,49.191506],[-122.9741084,49.1943416],[-122.9740258,49.1946796],[-122.9741162,49.1958085],[-122.9758155,49.1971574],[-122.9767228,49.197236],[-122.9790649,49.1960214],[-122.9803114,49.1969684],[-122.9811885,49.1964972],[-122.9820425,49.1970829],[-122.9828452,49.1967301],[-122.9840201,49.1975623],[-122.9847745,49.1973703],[-122.9859285,49.1982846],[-122.9874364,49.1974594],[-122.9886114,49.1982393]]]},"properties":{"id":"dogal-134","kind":"district","btype":"dogal","name":"Marshland Avenue Bog Forest","lab":1}},{"type":"Feature","geometry":{"type":"Point","coordinates":[-122.97212,49.19447]},"properties":{"id":"dogal-lab-134","kind":"district-label","btype":"dogal","name":"Marshland Avenue Bog Forest"}},{"type":"Feature","geometry":{"type":"Polygon","coordinates":[[[-123.0293733,48.9802325],[-123.029445,48.987068],[-123.0286885,48.9873797],[-123.0290258,48.988588],[-123.0279257,48.9885972],[-123.0274465,48.9871472],[-123.0258572,48.9857778],[-123.0258223,48.9847269],[-123.0247774,48.983628],[-123.0252633502907,48.98],[-123.02990578742443,48.98],[-123.0293733,48.9802325]]]},"properties":{"id":"dogal-135","kind":"district","btype":"dogal","name":"Lily Point Marine Reserve","lab":1}},{"type":"Feature","geometry":{"type":"Point","coordinates":[-123.02736,48.98418]},"properties":{"id":"dogal-lab-135","kind":"district-label","btype":"dogal","name":"Lily Point Marine Reserve"}},{"type":"Feature","geometry":{"type":"Polygon","coordinates":[[[-122.6681033,49.1415542],[-122.6680737,49.1466154],[-122.6670748,49.1466129],[-122.6670656,49.1481747],[-122.6651884,49.14817],[-122.6652005,49.1461272],[-122.6616389,49.1460889],[-122.661644,49.1445954],[-122.6637557,49.1444489],[-122.6634425,49.1431213],[-122.6616835,49.1431323],[-122.6617196,49.1420875],[-122.6647372,49.1419089],[-122.6647327,49.1415509],[-122.6681033,49.1415542]]]},"properties":{"id":"dogal-136","kind":"district","btype":"dogal","name":"Willoughby Community Park","lab":1}},{"type":"Feature","geometry":{"type":"Point","coordinates":[-122.66486,49.14534]},"properties":{"id":"dogal-lab-136","kind":"district-label","btype":"dogal","name":"Willoughby Community Park"}},{"type":"Feature","geometry":{"type":"Polygon","coordinates":[[[-122.2681278,49.3674961],[-122.2721263,49.3674972],[-122.2726442,49.3683572],[-122.2719176,49.3690542],[-122.272008,49.3694596],[-122.2726973,49.3703635],[-122.2739419,49.3700205],[-122.2745237,49.3707347],[-122.2742138,49.3712006],[-122.2721394,49.3717542],[-122.2720541,49.372878],[-122.2703665,49.3733442],[-122.2707019,49.374436],[-122.268123,49.3744353],[-122.2681278,49.3674961]]]},"properties":{"id":"dogal-137","kind":"district","btype":"dogal","name":"Cypress Point Recreation Site","lab":1}},{"type":"Feature","geometry":{"type":"Point","coordinates":[-122.27125,49.37097]},"properties":{"id":"dogal-lab-137","kind":"district-label","btype":"dogal","name":"Cypress Point Recreation Site"}},{"type":"Feature","geometry":{"type":"Polygon","coordinates":[[[-123.0818804,49.0961954],[-123.0835059,49.096354],[-123.0861525,49.0943314],[-123.0867399,49.0942788],[-123.0851339,49.0952099],[-123.0887826,49.0932861],[-123.0904862,49.0927127],[-123.0911265,49.0930589],[-123.0917616,49.0927947],[-123.093049,49.0921709],[-123.0925427,49.0915469],[-123.0953191,49.0902486],[-123.095244,49.0906681],[-123.095794,49.0901082],[-123.0954036,49.0922693],[-123.0944936,49.0943655],[-123.088774,49.0969088],[-123.08674,49.0948687],[-123.083243,49.096693],[-123.0818804,49.0961954]]]},"properties":{"id":"dogal-138","kind":"district","btype":"dogal","name":"Ladner Harbour Park","lab":1}},{"type":"Feature","geometry":{"type":"Point","coordinates":[-123.09129,49.09378]},"properties":{"id":"dogal-lab-138","kind":"district-label","btype":"dogal","name":"Ladner Harbour Park"}},{"type":"Feature","geometry":{"type":"Polygon","coordinates":[[[-123.0503963,49.3245259],[-123.0509021,49.3251096],[-123.050941,49.3265272],[-123.0544997,49.3267957],[-123.0545145,49.3273389],[-123.0523641,49.3272767],[-123.0458179,49.3249796],[-123.0403724,49.3184504],[-123.0449294,49.3187694],[-123.0456286,49.3196137],[-123.0458203,49.3206102],[-123.0461881,49.3206359],[-123.0462434,49.3244481],[-123.0503963,49.3245259]]]},"properties":{"id":"dogal-139","kind":"district","btype":"dogal","name":"Loutet Park","lab":1}},{"type":"Feature","geometry":{"type":"Point","coordinates":[-123.045,49.32254]},"properties":{"id":"dogal-lab-139","kind":"district-label","btype":"dogal","name":"Loutet Park"}},{"type":"Feature","geometry":{"type":"Polygon","coordinates":[[[-122.9559979,49.3004513],[-122.9611724,49.3030745],[-122.9624535,49.3033011],[-122.962439,49.3040344],[-122.9551716,49.3040117],[-122.9537875,49.3045702],[-122.9530946,49.3053542],[-122.9521824,49.3048652],[-122.9521605,49.3057336],[-122.9484148,49.305748],[-122.9485344,49.304827],[-122.9526927,49.3035573],[-122.9559979,49.3004513]]]},"properties":{"id":"dogal-140","kind":"district","btype":"dogal","name":"Cates Park/Whey-ah-wichen","lab":1}},{"type":"Feature","geometry":{"type":"Point","coordinates":[-122.95745,49.30319]},"properties":{"id":"dogal-lab-140","kind":"district-label","btype":"dogal","name":"Cates Park/Whey-ah-wichen"}},{"type":"Feature","geometry":{"type":"Polygon","coordinates":[[[-122.3626455,49.217241],[-122.3633848,49.2174573],[-122.3632148,49.2186304],[-122.3607598,49.2198239],[-122.3626084,49.2207577],[-122.3628944,49.2220908],[-122.3615495,49.2234206],[-122.3605688,49.223323],[-122.36041,49.2228472],[-122.359065,49.2233047],[-122.3591686,49.2252268],[-122.3584971,49.2266826],[-122.3565345,49.2289968],[-122.3554044,49.2291127],[-122.3547625,49.2303047],[-122.3552694,49.2283506],[-122.3560455,49.2277065],[-122.3565627,49.2256164],[-122.3571851,49.2250409],[-122.3573458,49.2230038],[-122.3581692,49.2224846],[-122.3583531,49.2208357],[-122.3618532,49.2190614],[-122.3626455,49.217241]]]},"properties":{"id":"dogal-141","kind":"district","btype":"dogal","name":"Hayward Lake Recreation Area","lab":1}},{"type":"Feature","geometry":{"type":"Point","coordinates":[-122.35818,49.22423]},"properties":{"id":"dogal-lab-141","kind":"district-label","btype":"dogal","name":"Hayward Lake Recreation Area"}},{"type":"Feature","geometry":{"type":"MultiPolygon","coordinates":[[[[-122.9305562,49.2900548],[-122.9287023,49.2907546],[-122.9200506,49.2885209],[-122.9201879,49.2882242],[-122.9225053,49.288185],[-122.925887,49.2892598],[-122.9305562,49.2900548]]],[[[-122.9404954,49.2909337],[-122.9390328,49.291283],[-122.9381154,49.2918567],[-122.9368092,49.2919355],[-122.9362365,49.2915972],[-122.9325096,49.2922092],[-122.9313585,49.292132],[-122.9306753,49.2916379],[-122.9267796,49.2922771],[-122.9250186,49.2919097],[-122.9252592,49.292389],[-122.9186088,49.2887552],[-122.9207286,49.2889184],[-122.9327363,49.2918014],[-122.9404954,49.2909337]]]]},"properties":{"id":"dogal-142","kind":"district","btype":"dogal","name":"Barnet Marine Park","lab":1}},{"type":"Feature","geometry":{"type":"Point","coordinates":[-122.92284,49.28993]},"properties":{"id":"dogal-lab-142","kind":"district-label","btype":"dogal","name":"Barnet Marine Park"}},{"type":"Feature","geometry":{"type":"Polygon","coordinates":[[[-122.8727723,49.1402027],[-122.8680847,49.1401825],[-122.8680278,49.135393],[-122.8693189,49.1354382],[-122.8693221,49.1348177],[-122.8734558,49.1348331],[-122.8734524,49.1375723],[-122.8727621,49.1375713],[-122.8727723,49.1402027]]]},"properties":{"id":"dogal-143","kind":"district","btype":"dogal","name":"Newton Athletic Park","lab":1}},{"type":"Feature","geometry":{"type":"Point","coordinates":[-122.87075,49.1365]},"properties":{"id":"dogal-lab-143","kind":"district-label","btype":"dogal","name":"Newton Athletic Park"}},{"type":"Feature","geometry":{"type":"MultiPolygon","coordinates":[[[[-123.1438068,49.2751791],[-123.146132,49.2753597],[-123.1461475,49.2758942],[-123.1444478,49.275804],[-123.1438068,49.2751791]]],[[[-123.143636,49.2752236],[-123.1446642,49.2759594],[-123.1461432,49.2760648],[-123.1460828,49.2780303],[-123.1451282,49.278789],[-123.1428532,49.2785883],[-123.14036,49.2773181],[-123.1406496,49.2771159],[-123.1401361,49.2760977],[-123.1384753,49.2742995],[-123.146225,49.2740135],[-123.1461347,49.275269],[-123.1439817,49.2750486],[-123.1408221,49.276146],[-123.143636,49.2752236]]]]},"properties":{"id":"dogal-144","kind":"district","btype":"dogal","name":"Vanier Park","lab":1}},{"type":"Feature","geometry":{"type":"Point","coordinates":[-123.14327,49.27663]},"properties":{"id":"dogal-lab-144","kind":"district-label","btype":"dogal","name":"Vanier Park"}},{"type":"Feature","geometry":{"type":"Polygon","coordinates":[[[-122.9996889,49.2041577],[-123.0055227,49.2046173],[-123.0055956,49.2078416],[-123.0083946,49.2078997],[-123.0084366,49.2091231],[-123.004765,49.2090979],[-123.0047686,49.2082242],[-122.998795,49.2071643],[-122.9996808,49.2057761],[-122.9996889,49.2041577]]]},"properties":{"id":"dogal-145","kind":"district","btype":"dogal","name":"Riverway Sports Complex","lab":1}},{"type":"Feature","geometry":{"type":"Point","coordinates":[-123.0024,49.20647]},"properties":{"id":"dogal-lab-145","kind":"district-label","btype":"dogal","name":"Riverway Sports Complex"}},{"type":"Feature","geometry":{"type":"Polygon","coordinates":[[[-122.7564064,49.1152233],[-122.7564069,49.1187947],[-122.74921,49.1187719],[-122.7492565,49.1152171],[-122.7564064,49.1152233]]]},"properties":{"id":"dogal-146","kind":"district","btype":"dogal","name":"Cloverdale Athletic Park","lab":1}},{"type":"Feature","geometry":{"type":"Point","coordinates":[-122.75282,49.117]},"properties":{"id":"dogal-lab-146","kind":"district-label","btype":"dogal","name":"Cloverdale Athletic Park"}},{"type":"Feature","geometry":{"type":"Polygon","coordinates":[[[-123.1272841,49.1376954],[-123.1298873,49.1382114],[-123.129919,49.1399823],[-123.1295261,49.1399792],[-123.1295301,49.1407462],[-123.1274994,49.140742],[-123.1270659,49.1393137],[-123.125493,49.1393093],[-123.1255149,49.1407424],[-123.1216831,49.1407291],[-123.1216912,49.1403756],[-123.1210184,49.1403745],[-123.1209307,49.1392154],[-123.1198937,49.1391645],[-123.1198636,49.1374666],[-123.1272841,49.1376954]]]},"properties":{"id":"dogal-147","kind":"district","btype":"dogal","name":"South Arm Community Park","lab":1}},{"type":"Feature","geometry":{"type":"Point","coordinates":[-123.12489,49.13869]},"properties":{"id":"dogal-lab-147","kind":"district-label","btype":"dogal","name":"South Arm Community Park"}},{"type":"Feature","geometry":{"type":"Polygon","coordinates":[[[-123.2853354,49.3769333],[-123.2877687,49.3753031],[-123.2897783,49.3759658],[-123.2894545,49.3770512],[-123.2904438,49.3767709],[-123.2910882,49.3756429],[-123.2908667,49.3750258],[-123.2928624,49.3737955],[-123.293557,49.3725316],[-123.2934739,49.372189],[-123.292581,49.3723575],[-123.2930009,49.3721852],[-123.2927161,49.3719184],[-123.2915062,49.3724215],[-123.289963,49.371259],[-123.2906811,49.3694999],[-123.2919949,49.3687068],[-123.2942118,49.3694362],[-123.2937956,49.3709241],[-123.2949211,49.3724774],[-123.2948291,49.3731503],[-123.2943619,49.374003],[-123.292261,49.3754372],[-123.2918272,49.3767853],[-123.2911683,49.3774643],[-123.289554,49.377917],[-123.2887699,49.3775655],[-123.2884302,49.3765839],[-123.287871,49.3763719],[-123.2865403,49.3773581],[-123.2853354,49.3769333]]]},"properties":{"id":"dogal-148","kind":"district","btype":"dogal","name":"Whytecliff Marine Protected Area","lab":1}},{"type":"Feature","geometry":{"type":"Point","coordinates":[-123.29385,49.37347]},"properties":{"id":"dogal-lab-148","kind":"district-label","btype":"dogal","name":"Whytecliff Marine Protected Area"}},{"type":"Feature","geometry":{"type":"Polygon","coordinates":[[[-122.8452207,49.2791156],[-122.8453465,49.279876],[-122.8443911,49.2803779],[-122.8428287,49.2811384],[-122.8413829,49.2811246],[-122.8385164,49.282461],[-122.8375834,49.2823934],[-122.8374655,49.2814997],[-122.8370569,49.2812179],[-122.8342502,49.2808459],[-122.8348199,49.2811932],[-122.8347008,49.2817811],[-122.8355087,49.2825671],[-122.8351515,49.2830454],[-122.8355142,49.283388],[-122.8346733,49.2841955],[-122.8355973,49.2854281],[-122.8379521,49.2862499],[-122.8379525,49.2868833],[-122.8349783,49.2851628],[-122.8322074,49.2806248],[-122.8380692,49.2807144],[-122.8390138,49.2794139],[-122.8400781,49.27898],[-122.8431157,49.2789828],[-122.8430924,49.2803001],[-122.8439596,49.2800032],[-122.8439889,49.278973],[-122.8452207,49.2791156]]]},"properties":{"id":"dogal-149","kind":"district","btype":"dogal","name":"Inlet Park","lab":1}},{"type":"Feature","geometry":{"type":"Point","coordinates":[-122.83443,49.28281]},"properties":{"id":"dogal-lab-149","kind":"district-label","btype":"dogal","name":"Inlet Park"}},{"type":"Feature","geometry":{"type":"Polygon","coordinates":[[[-122.2890975,49.1417376],[-122.2881584,49.1425763],[-122.2869516,49.1425097],[-122.2872199,49.1414639],[-122.2862328,49.1414639],[-122.2864474,49.1406778],[-122.284366,49.1408182],[-122.284433,49.1403017],[-122.2837974,49.1403023],[-122.2837652,49.1397337],[-122.2824133,49.1396249],[-122.2810931,49.1387329],[-122.2866962,49.1364725],[-122.2906841,49.1396703],[-122.287906,49.1396558],[-122.2882127,49.1413487],[-122.2886381,49.142046],[-122.2890975,49.1417376]]]},"properties":{"id":"dogal-150","kind":"district","btype":"dogal","name":"Fraser River Heritage Park","lab":1}},{"type":"Feature","geometry":{"type":"Point","coordinates":[-122.28591,49.13918]},"properties":{"id":"dogal-lab-150","kind":"district-label","btype":"dogal","name":"Fraser River Heritage Park"}},{"type":"Feature","geometry":{"type":"Polygon","coordinates":[[[-122.5182402,49.43947],[-122.5178543,49.436626],[-122.5184638,49.4363587],[-122.5202023,49.4363029],[-122.5219065,49.4369306],[-122.5233751,49.4376833],[-122.5238641,49.4384679],[-122.5257145,49.4382506],[-122.5241467,49.4406188],[-122.5234958,49.4408771],[-122.5226307,49.4404687],[-122.5221281,49.4410962],[-122.5197321,49.4406636],[-122.5182402,49.43947]]]},"properties":{"id":"dogal-151","kind":"district","btype":"dogal","name":"Little Goose Island Recreation Reserve","lab":1}},{"type":"Feature","geometry":{"type":"Point","coordinates":[-122.52171,49.43897]},"properties":{"id":"dogal-lab-151","kind":"district-label","btype":"dogal","name":"Little Goose Island Recreation Reserve"}},{"type":"Feature","geometry":{"type":"MultiPolygon","coordinates":[[[[-122.8263896,49.1386794],[-122.8277633,49.1382161],[-122.8273907,49.1391227],[-122.8263501,49.1394323],[-122.826193,49.1408769],[-122.824141,49.1408894],[-122.8258068,49.1397781],[-122.8263896,49.1386794]]],[[[-122.8289822,49.1477782],[-122.8314022,49.1481442],[-122.8321191,49.1478498],[-122.8326988,49.149145],[-122.8344037,49.1494437],[-122.834409,49.1505688],[-122.8317526,49.1501284],[-122.8320296,49.1500892],[-122.8312242,49.1491695],[-122.8290465,49.1492695],[-122.8289546,49.1496858],[-122.8289553,49.1492169],[-122.8280574,49.149015],[-122.8278784,49.1480332],[-122.8274081,49.1476528],[-122.8257161,49.1482736],[-122.8260192,49.1479901],[-122.8254792,49.1479043],[-122.8257427,49.1472174],[-122.8253028,49.1464432],[-122.8235927,49.1463785],[-122.8235876,49.1456125],[-122.8241377,49.1459383],[-122.8260537,49.1454837],[-122.8256973,49.1459446],[-122.8261912,49.1463775],[-122.8287596,49.1463559],[-122.8284328,49.1455748],[-122.8278417,49.145475],[-122.827989,49.1449679],[-122.8273372,49.1449154],[-122.8280013,49.1449469],[-122.8279078,49.1436808],[-122.8264399,49.1428022],[-122.8262292,49.1431372],[-122.8263736,49.1427811],[-122.826753,49.1427789],[-122.8263186,49.1425642],[-122.826396,49.1423084],[-122.8260801,49.1422858],[-122.8262038,49.1420889],[-122.8245011,49.1418847],[-122.8242214,49.1410697],[-122.8268894,49.1410532],[-122.8279973,49.1418631],[-122.8259545,49.1418755],[-122.8266445,49.1423844],[-122.8265165,49.1426157],[-122.8279204,49.1427721],[-122.8286283,49.142687],[-122.8285437,49.1424015],[-122.8288221,49.1426763],[-122.8281159,49.143065],[-122.8284734,49.1436776],[-122.8289658,49.1436749],[-122.8289822,49.1477782]]]]},"properties":{"id":"dogal-152","kind":"district","btype":"dogal","name":"John Tompson Park","lab":1}},{"type":"Feature","geometry":{"type":"Point","coordinates":[-122.82533,49.14578]},"properties":{"id":"dogal-lab-152","kind":"district-label","btype":"dogal","name":"John Tompson Park"}},{"type":"Feature","geometry":{"type":"Polygon","coordinates":[[[-122.6294918,49.0914997],[-122.6383918,49.0967096],[-122.6386915,49.0972118],[-122.6323664,49.0933763],[-122.6323681,49.0937393],[-122.6317335,49.0937171],[-122.6310278,49.0930035],[-122.6275129,49.0912673],[-122.6234377,49.0909203],[-122.6234438,49.0903999],[-122.6228155,49.0903979],[-122.6228093,49.0898835],[-122.6191206,49.0899431],[-122.619132,49.0893099],[-122.6172291,49.0888077],[-122.6180046,49.0881893],[-122.618022,49.0876011],[-122.6194318,49.0875988],[-122.6194682,49.0889634],[-122.6204321,49.0889401],[-122.6207948,49.0893271],[-122.6215673,49.0893357],[-122.6215803,49.0889064],[-122.6259474,49.088929],[-122.626171,49.0886472],[-122.6263093,49.0890302],[-122.6279722,49.0890115],[-122.6282924,49.0906113],[-122.6290164,49.0906422],[-122.6296366,49.0911307],[-122.6294918,49.0914997]]]},"properties":{"id":"dogal-153","kind":"district","btype":"dogal","name":"Murrayville Heritage Conservation Area","lab":1}},{"type":"Feature","geometry":{"type":"Point","coordinates":[-122.63014,49.09225]},"properties":{"id":"dogal-lab-153","kind":"district-label","btype":"dogal","name":"Murrayville Heritage Conservation Area"}},{"type":"Feature","geometry":{"type":"Polygon","coordinates":[[[-123.2565763,49.3384567],[-123.2588196,49.3409338],[-123.2558112,49.3403329],[-123.2517005,49.3410187],[-123.2483713,49.3410069],[-123.2484172,49.3404793],[-123.2494176,49.3398895],[-123.2502455,49.3386003],[-123.2498471,49.3378042],[-123.2509039,49.3371663],[-123.253733,49.3374101],[-123.2536545,49.3379617],[-123.2545371,49.338658],[-123.2565763,49.3384567]]]},"properties":{"id":"dogal-154","kind":"district","btype":"dogal","name":"Lower Caulfeild Heritage Conservation Area","lab":1}},{"type":"Feature","geometry":{"type":"Point","coordinates":[-123.25356,49.33927]},"properties":{"id":"dogal-lab-154","kind":"district-label","btype":"dogal","name":"Lower Caulfeild Heritage Conservation Area"}},{"type":"Feature","geometry":{"type":"MultiPolygon","coordinates":[[[[-122.9941211,49.2211698],[-122.9906616,49.2207373],[-122.9887417,49.2203012],[-122.9886909,49.2200067],[-122.9928129,49.2205511],[-122.9928227,49.220848],[-122.9941211,49.2211698]]],[[[-122.9953453,49.2218847],[-122.9942604,49.2211927],[-122.9958255,49.2218463],[-122.9953453,49.2218847]]],[[[-122.9967466,49.2220468],[-122.997135,49.2226937],[-122.9957305,49.2220481],[-122.9967466,49.2220468]]],[[[-122.9972959,49.2224795],[-123.0000505,49.2236739],[-123.0077838,49.2273233],[-123.007509,49.227508],[-123.0012814,49.224737],[-122.9977548,49.2230944],[-122.9972959,49.2224795]]],[[[-123.0102555,49.2287522],[-123.0078241,49.2276594],[-123.0077929,49.2276049],[-123.0081094,49.2274267],[-123.0105106,49.2285284],[-123.0102555,49.2287522]]],[[[-123.0107464,49.2286297],[-123.0125642,49.2297326],[-123.0104684,49.2287791],[-123.0107464,49.2286297]]],[[[-123.0233613,49.2347402],[-123.0189891,49.2327215],[-123.0232939,49.2343145],[-123.0233613,49.2347402]]],[[[-122.9581835,49.2098947],[-122.9577708,49.2100274],[-122.9566831,49.2083209],[-122.9571003,49.2081191],[-122.9581835,49.2098947]]],[[[-122.9617749,49.2146132],[-122.960419,49.2149311],[-122.9587018,49.2136205],[-122.9594983,49.2130912],[-122.9595978,49.2124088],[-122.9578527,49.2101422],[-122.9583198,49.2099797],[-122.9606261,49.2124482],[-122.9599927,49.2127139],[-122.9617749,49.2146132]]],[[[-122.971926,49.2151403],[-122.961146,49.2148232],[-122.961778,49.2147146],[-122.9707589,49.2147763],[-122.9718579,49.2147971],[-122.971926,49.2151403]]],[[[-122.9721151,49.2150519],[-122.9726847,49.2147882],[-122.9726922,49.2152127],[-122.9721151,49.2150519]]],[[[-122.9828352,49.2190677],[-122.9778116,49.2181182],[-122.9776543,49.2176358],[-122.9828106,49.2187831],[-122.9828352,49.2190677]]],[[[-122.9830726,49.218825],[-122.9884297,49.2198777],[-122.9885408,49.2202431],[-122.982988,49.2190962],[-122.9830726,49.218825]]]]},"properties":{"id":"dogal-155","kind":"district","btype":"dogal","name":"BC Parkway","lab":1}},{"type":"Feature","geometry":{"type":"Point","coordinates":[-122.96922,49.21498]},"properties":{"id":"dogal-lab-155","kind":"district-label","btype":"dogal","name":"BC Parkway"}},{"type":"Feature","geometry":{"type":"Polygon","coordinates":[[[-123.4041654,49.3451433],[-123.4016685,49.3478168],[-123.3937493,49.3444576],[-123.3942803,49.3430572],[-123.4041654,49.3451433]]]},"properties":{"id":"dogal-156","kind":"district","btype":"dogal","name":"Fairy Fen Nature Reserve","lab":1}},{"type":"Feature","geometry":{"type":"Point","coordinates":[-123.40072,49.34648]},"properties":{"id":"dogal-lab-156","kind":"district-label","btype":"dogal","name":"Fairy Fen Nature Reserve"}},{"type":"Feature","geometry":{"type":"Polygon","coordinates":[[[-122.338666,49.0701365],[-122.3359095,49.0705321],[-122.3337247,49.0701762],[-122.332539,49.0706096],[-122.3322585,49.0703997],[-122.3324999,49.0695613],[-122.3310724,49.0690499],[-122.3306018,49.0684904],[-122.324254,49.0674255],[-122.3262964,49.0673658],[-122.3272329,49.0669039],[-122.3282414,49.0673248],[-122.3349366,49.0673115],[-122.3349652,49.0684923],[-122.3382005,49.0686723],[-122.3386851,49.0691592],[-122.338666,49.0701365]]]},"properties":{"id":"dogal-157","kind":"district","btype":"dogal","name":"Clearbrook Park","lab":1}},{"type":"Feature","geometry":{"type":"Point","coordinates":[-122.33465,49.06886]},"properties":{"id":"dogal-lab-157","kind":"district-label","btype":"dogal","name":"Clearbrook Park"}},{"type":"Feature","geometry":{"type":"MultiPolygon","coordinates":[[[[-122.6599125,49.0964391],[-122.658443,49.0961992],[-122.6584258,49.0956563],[-122.6569849,49.0956554],[-122.6569587,49.0968717],[-122.6560325,49.0968355],[-122.6541875,49.0983659],[-122.6522768,49.0973423],[-122.6531302,49.097049],[-122.652693,49.0965133],[-122.6554932,49.0960461],[-122.6559224,49.0956703],[-122.6551719,49.0948521],[-122.6540811,49.0944209],[-122.6538579,49.0937434],[-122.6557214,49.0941457],[-122.656282,49.0949864],[-122.6574942,49.0933607],[-122.6573869,49.0926649],[-122.6578683,49.0924263],[-122.6582378,49.0924945],[-122.6581996,49.0941054],[-122.6598973,49.0944982],[-122.6599125,49.0964391]]],[[[-122.6527691,49.0989494],[-122.6509678,49.0988161],[-122.6509495,49.0995413],[-122.6505528,49.099521],[-122.6504356,49.0990678],[-122.6494003,49.0989741],[-122.6493996,49.0965979],[-122.6509311,49.0968844],[-122.6499848,49.0973371],[-122.6504114,49.097627],[-122.6517711,49.0973355],[-122.6535781,49.0983729],[-122.6527691,49.0989494]]]]},"properties":{"id":"dogal-158","kind":"district","btype":"dogal","name":"Nicomekl Floodplain","lab":1}},{"type":"Feature","geometry":{"type":"Point","coordinates":[-122.65775,49.09532]},"properties":{"id":"dogal-lab-158","kind":"district-label","btype":"dogal","name":"Nicomekl Floodplain"}},{"type":"Feature","geometry":{"type":"MultiPolygon","coordinates":[[[[-122.6286044,49.1073501],[-122.624552,49.1074779],[-122.6246644,49.104429],[-122.6288553,49.1044952],[-122.6286044,49.1073501]]],[[[-122.6309028,49.108689],[-122.6294866,49.1080077],[-122.6286497,49.109609],[-122.6266756,49.1096512],[-122.6260426,49.1092228],[-122.6259353,49.1076355],[-122.6287785,49.1076636],[-122.628933,49.107075],[-122.6320513,49.1077472],[-122.6309028,49.108689]]]]},"properties":{"id":"dogal-159","kind":"district","btype":"dogal","name":"McLeod Athletic Park","lab":1}},{"type":"Feature","geometry":{"type":"Point","coordinates":[-122.62667,49.10592]},"properties":{"id":"dogal-lab-159","kind":"district-label","btype":"dogal","name":"McLeod Athletic Park"}},{"type":"Feature","geometry":{"type":"Polygon","coordinates":[[[-122.5771398,49.1715117],[-122.5756184,49.1707544],[-122.5761621,49.170253],[-122.5755019,49.1700162],[-122.5761093,49.1694641],[-122.5733624,49.1681574],[-122.5745243,49.1671001],[-122.5768224,49.1681794],[-122.5760227,49.1688961],[-122.5770532,49.16942],[-122.5802463,49.1665482],[-122.5808183,49.1668182],[-122.5814747,49.166237],[-122.5820851,49.1665265],[-122.5810478,49.167512],[-122.5817456,49.1678533],[-122.5812755,49.1682844],[-122.5823105,49.1688004],[-122.5818976,49.1692015],[-122.5808123,49.1687567],[-122.5800376,49.1694715],[-122.5829912,49.1696322],[-122.5823905,49.1702867],[-122.5816994,49.1708969],[-122.5776723,49.1706252],[-122.5780066,49.1709176],[-122.5778372,49.1714049],[-122.5771398,49.1715117]]]},"properties":{"id":"dogal-160","kind":"district","btype":"dogal","name":"Fort Langley Heritage Conservation Area","lab":1}},{"type":"Feature","geometry":{"type":"Point","coordinates":[-122.5792,49.16885]},"properties":{"id":"dogal-lab-160","kind":"district-label","btype":"dogal","name":"Fort Langley Heritage Conservation Area"}},{"type":"Feature","geometry":{"type":"Polygon","coordinates":[[[-123.2926979,49.3736192],[-123.2916131,49.3733224],[-123.2905423,49.3742802],[-123.2902578,49.3741947],[-123.2905495,49.3738528],[-123.289341,49.3738853],[-123.2852331,49.3768997],[-123.2841494,49.3765185],[-123.2837632,49.3767294],[-123.2834726,49.3762184],[-123.2826089,49.3765834],[-123.2840788,49.3758318],[-123.2857895,49.3737474],[-123.2863999,49.373596],[-123.2872884,49.3725714],[-123.2874005,49.3718603],[-123.289222,49.3710862],[-123.2903101,49.3713202],[-123.2915062,49.3724215],[-123.2931519,49.3724077],[-123.2926979,49.3736192]]]},"properties":{"id":"dogal-161","kind":"district","btype":"dogal","name":"Whytecliff Park","lab":1}},{"type":"Feature","geometry":{"type":"Point","coordinates":[-123.28734,49.37404]},"properties":{"id":"dogal-lab-161","kind":"district-label","btype":"dogal","name":"Whytecliff Park"}},{"type":"Feature","geometry":{"type":"MultiPolygon","coordinates":[[[[-122.823082,49.2969284],[-122.8233738,49.2950028],[-122.8243351,49.2937658],[-122.8244725,49.2929709],[-122.825614,49.2922879],[-122.8261141,49.2900664],[-122.829176,49.2895785],[-122.8299485,49.2890411],[-122.8300085,49.2866953],[-122.8290472,49.2860963],[-122.8292876,49.285738],[-122.8321371,49.28716],[-122.8312967,49.2874323],[-122.8311844,49.2890187],[-122.8301459,49.289976],[-122.8303862,49.2905694],[-122.8287468,49.2901551],[-122.8284893,49.2903454],[-122.8287897,49.2905134],[-122.8270817,49.2914818],[-122.8270302,49.2923775],[-122.826026,49.2928589],[-122.8266847,49.2942565],[-122.8270663,49.2943068],[-122.826953,49.294695],[-122.8261977,49.2946222],[-122.8261633,49.2959488],[-122.8267556,49.2964974],[-122.8258543,49.2967325],[-122.8254252,49.2948069],[-122.8260603,49.2942751],[-122.8259058,49.2938665],[-122.8252449,49.2939449],[-122.8245926,49.2955066],[-122.824608,49.2969008],[-122.823082,49.2969284]]],[[[-122.8227771,49.300991],[-122.8211034,49.3006048],[-122.821275,49.2999835],[-122.8227685,49.2992279],[-122.8227771,49.300991]]]]},"properties":{"id":"dogal-162","kind":"district","btype":"dogal","name":"Noons Creek Park","lab":1}},{"type":"Feature","geometry":{"type":"Point","coordinates":[-122.82689,49.29103]},"properties":{"id":"dogal-lab-162","kind":"district-label","btype":"dogal","name":"Noons Creek Park"}},{"type":"Feature","geometry":{"type":"Polygon","coordinates":[[[-122.7068468,49.1324404],[-122.7068659,49.133365],[-122.7037634,49.1334117],[-122.7036584,49.1309823],[-122.7017238,49.1310126],[-122.7017875,49.1298859],[-122.709757,49.1297786],[-122.7097372,49.1324292],[-122.7068468,49.1324404]]]},"properties":{"id":"dogal-163","kind":"district","btype":"dogal","name":"Clayton Park","lab":1}},{"type":"Feature","geometry":{"type":"Point","coordinates":[-122.70672,49.13172]},"properties":{"id":"dogal-lab-163","kind":"district-label","btype":"dogal","name":"Clayton Park"}},{"type":"Feature","geometry":{"type":"Polygon","coordinates":[[[-122.8747118,49.0907144],[-122.8607512,49.0897727],[-122.8597349,49.087801],[-122.8594645,49.0858597],[-122.8600535,49.0864677],[-122.8615344,49.0868586],[-122.8622451,49.087892],[-122.8654364,49.0881296],[-122.8659483,49.0892246],[-122.8668756,49.0896568],[-122.8679721,49.0894977],[-122.8699951,49.0899921],[-122.8721525,49.0894441],[-122.8747118,49.0907144]]]},"properties":{"id":"dogal-164","kind":"district","btype":"dogal","name":"Mud Bay Park","lab":1}},{"type":"Feature","geometry":{"type":"Point","coordinates":[-122.86294,49.08868]},"properties":{"id":"dogal-lab-164","kind":"district-label","btype":"dogal","name":"Mud Bay Park"}},{"type":"Feature","geometry":{"type":"Polygon","coordinates":[[[-122.4152225,49.1692339],[-122.4096388,49.1665353],[-122.4067781,49.1643734],[-122.4066624,49.1633963],[-122.4089628,49.162768],[-122.407951,49.1619162],[-122.4151946,49.1675765],[-122.4152225,49.1692339]]]},"properties":{"id":"dogal-165","kind":"district","btype":"dogal","name":"Genstar Wetlands Conservation Area","lab":1}},{"type":"Feature","geometry":{"type":"Point","coordinates":[-122.41034,49.16545]},"properties":{"id":"dogal-lab-165","kind":"district-label","btype":"dogal","name":"Genstar Wetlands Conservation Area"}},{"type":"Feature","geometry":{"type":"Polygon","coordinates":[[[-122.3488758,49.0256116],[-122.3495098,49.0252498],[-122.3516713,49.0252676],[-122.3516941,49.0240784],[-122.3520554,49.0240814],[-122.3519877,49.0276073],[-122.3432814,49.0274781],[-122.3432593,49.0247358],[-122.3459089,49.0247995],[-122.346616,49.0255324],[-122.3488758,49.0256116]]]},"properties":{"id":"dogal-166","kind":"district","btype":"dogal","name":"Albert Dyck Memorial Park","lab":1}},{"type":"Feature","geometry":{"type":"Point","coordinates":[-122.34764,49.02654]},"properties":{"id":"dogal-lab-166","kind":"district-label","btype":"dogal","name":"Albert Dyck Memorial Park"}},{"type":"Feature","geometry":{"type":"MultiPolygon","coordinates":[[[[-122.8135968,49.0302113],[-122.8141962,49.0302282],[-122.8141763,49.0297143],[-122.8161198,49.0289264],[-122.8165758,49.0280012],[-122.8182273,49.0280779],[-122.8181595,49.0296496],[-122.8166929,49.0296981],[-122.8168517,49.0310378],[-122.8136097,49.0310619],[-122.8135968,49.0302113]]],[[[-122.817913,49.0310395],[-122.8179438,49.0305668],[-122.8193478,49.0302748],[-122.8193426,49.0310637],[-122.817913,49.0310395]]],[[[-122.3061106,49.1440112],[-122.3094178,49.1440103],[-122.3094846,49.1460749],[-122.3090868,49.1473799],[-122.3060736,49.1473748],[-122.3061106,49.1440112]]]]},"properties":{"id":"dogal-167","kind":"district","btype":"dogal","name":"Centennial Park","lab":1}},{"type":"Feature","geometry":{"type":"Point","coordinates":[-122.30778,49.14504]},"properties":{"id":"dogal-lab-167","kind":"district-label","btype":"dogal","name":"Centennial Park"}},{"type":"Feature","geometry":{"type":"Polygon","coordinates":[[[-123.2132622,49.2769837],[-123.2123528,49.2763998],[-123.2111436,49.2764832],[-123.2106426,49.2756746],[-123.2097495,49.2753806],[-123.2025383,49.2762988],[-123.2027521,49.2718321],[-123.2056046,49.2729356],[-123.2055931,49.2749991],[-123.2100849,49.2745769],[-123.2148831,49.2759536],[-123.2148729,49.2768634],[-123.2132622,49.2769837]]]},"properties":{"id":"dogal-168","kind":"district","btype":"dogal","name":"Locarno Beach Park","lab":1}},{"type":"Feature","geometry":{"type":"Point","coordinates":[-123.20413,49.27376]},"properties":{"id":"dogal-lab-168","kind":"district-label","btype":"dogal","name":"Locarno Beach Park"}},{"type":"Feature","geometry":{"type":"MultiPolygon","coordinates":[[[[-122.6497184,49.1516186],[-122.6495533,49.149914],[-122.6526996,49.149933],[-122.6526773,49.1516554],[-122.6497184,49.1516186]]],[[[-122.6511549,49.1554416],[-122.6511435,49.154444],[-122.648193,49.1543352],[-122.6482595,49.1518383],[-122.6526895,49.1518031],[-122.6526614,49.1540294],[-122.653749,49.1552854],[-122.6511549,49.1554416]]]]},"properties":{"id":"dogal-169","kind":"district","btype":"dogal","name":"Yorkson Community Park","lab":1}},{"type":"Feature","geometry":{"type":"Point","coordinates":[-122.65045,49.15293]},"properties":{"id":"dogal-lab-169","kind":"district-label","btype":"dogal","name":"Yorkson Community Park"}},{"type":"Feature","geometry":{"type":"Polygon","coordinates":[[[-123.0881967,49.1844572],[-123.0879189,49.1839702],[-123.0879111,49.1844979],[-123.08211,49.1844803],[-123.0822651,49.1822835],[-123.0817296,49.1822134],[-123.0823209,49.1814211],[-123.0844292,49.1814292],[-123.0845613,49.1826232],[-123.0852833,49.1828392],[-123.0859515,49.182817],[-123.0859722,49.1823932],[-123.0914189,49.1828108],[-123.0914102,49.1837137],[-123.0908575,49.183705],[-123.090303,49.1844591],[-123.0881967,49.1844572]]]},"properties":{"id":"dogal-170","kind":"district","btype":"dogal","name":"King George Park","lab":1}},{"type":"Feature","geometry":{"type":"Point","coordinates":[-123.0868,49.18327]},"properties":{"id":"dogal-lab-170","kind":"district-label","btype":"dogal","name":"King George Park"}},{"type":"Feature","geometry":{"type":"Polygon","coordinates":[[[-123.1024917,49.344172],[-123.1035313,49.3426793],[-123.1039554,49.342595],[-123.103111,49.3440598],[-123.101509,49.3445421],[-123.1018504,49.3448402],[-123.0999529,49.3460501],[-123.1004236,49.3468984],[-123.0992172,49.3465686],[-123.0991275,49.345959],[-123.0981834,49.3461771],[-123.09778,49.3473066],[-123.0983894,49.348861],[-123.0990331,49.3490623],[-123.0987975,49.3494406],[-123.0998693,49.3509516],[-123.100218,49.3525793],[-123.098699,49.3526167],[-123.0982817,49.3518633],[-123.0977366,49.3519584],[-123.0983998,49.3514011],[-123.0975355,49.3487488],[-123.0968046,49.348857],[-123.096053,49.3502672],[-123.0956775,49.3498671],[-123.0961198,49.3485743],[-123.0967826,49.3482977],[-123.0961578,49.3479384],[-123.0965783,49.3478937],[-123.0961759,49.3468674],[-123.0966847,49.3455962],[-123.0960978,49.3454295],[-123.0957001,49.3460987],[-123.094967,49.3461349],[-123.0949464,49.3468676],[-123.0946567,49.3460697],[-123.0969045,49.3449916],[-123.1006896,49.3445331],[-123.1012323,49.3440402],[-123.1015136,49.3428275],[-123.1015737,49.342313],[-123.1011369,49.3420123],[-123.1019771,49.3419775],[-123.1015317,49.3443113],[-123.1024917,49.344172]]]},"properties":{"id":"dogal-171","kind":"district","btype":"dogal","name":"Mackay Creek Park","lab":1}},{"type":"Feature","geometry":{"type":"Point","coordinates":[-123.09706,49.3471]},"properties":{"id":"dogal-lab-171","kind":"district-label","btype":"dogal","name":"Mackay Creek Park"}},{"type":"Feature","geometry":{"type":"MultiPolygon","coordinates":[[[[-122.8001748,49.2244508],[-122.7987459,49.2246913],[-122.7983616,49.2245647],[-122.7995846,49.2242249],[-122.8001748,49.2244508]]],[[[-122.8057605,49.2254768],[-122.8073012,49.2249577],[-122.8139986,49.2242555],[-122.8152656,49.2254733],[-122.8120986,49.2248491],[-122.806013,49.2259238],[-122.8057605,49.2254768]]],[[[-122.7960073,49.2259712],[-122.8044289,49.2251507],[-122.8053856,49.2260995],[-122.8035063,49.2270175],[-122.8013351,49.2273925],[-122.7980496,49.2269762],[-122.7961101,49.2263181],[-122.7960073,49.2259712]]]]},"properties":{"id":"dogal-172","kind":"district","btype":"dogal","name":"Coquitlam River Wildlife Management Area","lab":1}},{"type":"Feature","geometry":{"type":"Point","coordinates":[-122.80062,49.22621]},"properties":{"id":"dogal-lab-172","kind":"district-label","btype":"dogal","name":"Coquitlam River Wildlife Management Area"}},{"type":"Feature","geometry":{"type":"MultiPolygon","coordinates":[[[[-122.8007904,49.1186986],[-122.7925989,49.1153665],[-122.792615,49.1128349],[-122.7933399,49.1126049],[-122.7930542,49.113229],[-122.7940869,49.1141964],[-122.795082,49.1141903],[-122.7956707,49.1132448],[-122.7964512,49.1141806],[-122.7970681,49.1141736],[-122.7970386,49.1152076],[-122.7980042,49.1154034],[-122.7980083,49.116189],[-122.7983932,49.1161188],[-122.7984897,49.1167394],[-122.8008011,49.1167534],[-122.8007904,49.1186986]]],[[[-122.9098195,49.2120426],[-122.9103586,49.2117136],[-122.9108498,49.2120373],[-122.9102151,49.2124092],[-122.9098195,49.2120426]]]]},"properties":{"id":"dogal-173","kind":"district","btype":"dogal","name":"Sullivan Park","lab":1}},{"type":"Feature","geometry":{"type":"Point","coordinates":[-122.79579,49.11576]},"properties":{"id":"dogal-lab-173","kind":"district-label","btype":"dogal","name":"Sullivan Park"}},{"type":"Feature","geometry":{"type":"Polygon","coordinates":[[[-122.2609316,49.0845631],[-122.2571006,49.0845553],[-122.2570832,49.081996],[-122.2551965,49.0819805],[-122.2551963,49.0814265],[-122.2592768,49.0814169],[-122.2592653,49.0794237],[-122.2610526,49.0796617],[-122.2610407,49.0801729],[-122.262552,49.0810546],[-122.2629726,49.0819766],[-122.260956,49.0819775],[-122.2609316,49.0845631]]]},"properties":{"id":"dogal-174","kind":"district","btype":"dogal","name":"Clayburn Village","lab":1}},{"type":"Feature","geometry":{"type":"Point","coordinates":[-122.25855,49.08199]},"properties":{"id":"dogal-lab-174","kind":"district-label","btype":"dogal","name":"Clayburn Village"}},{"type":"Feature","geometry":{"type":"Polygon","coordinates":[[[-123.0301682,49.3258624],[-123.0311277,49.3279703],[-123.0309258,49.328412],[-123.0312172,49.3280438],[-123.0313265,49.3282736],[-123.0309823,49.3286529],[-123.0310303,49.329953],[-123.0300918,49.3308312],[-123.030168,49.3314816],[-123.0319249,49.3298889],[-123.0313238,49.3274454],[-123.0327352,49.3287341],[-123.0325491,49.3306633],[-123.0305566,49.331869],[-123.0304642,49.3330732],[-123.031644,49.3336688],[-123.0341653,49.3338958],[-123.0338748,49.335106],[-123.0332284,49.3350907],[-123.033416,49.3346841],[-123.0326761,49.3343406],[-123.0298777,49.3340767],[-123.029366,49.3351154],[-123.0290098,49.3351069],[-123.028534,49.3335609],[-123.0286959,49.3331456],[-123.0295504,49.3330169],[-123.028624,49.332701],[-123.0283763,49.3320506],[-123.0299788,49.329692],[-123.0292078,49.327291],[-123.0282717,49.3268071],[-123.0301682,49.3258624]]]},"properties":{"id":"dogal-175","kind":"district","btype":"dogal","name":"Hastings Creek Park","lab":1}},{"type":"Feature","geometry":{"type":"Point","coordinates":[-123.03202,49.33031]},"properties":{"id":"dogal-lab-175","kind":"district-label","btype":"dogal","name":"Hastings Creek Park"}},{"type":"Feature","geometry":{"type":"MultiPolygon","coordinates":[[[[-122.7572455,49.0020883],[-122.7563371,49.0009676],[-122.7573771,49.0020887],[-122.7572455,49.0020883]]],[[[-122.757822,49.0032357],[-122.7608161,49.005436],[-122.7579383,49.0053494],[-122.7572752,49.0040451],[-122.7551699,49.00404],[-122.7551629,49.0020864],[-122.7490613,49.0020886],[-122.7490251,49.0007407],[-122.7538281,49.0006994],[-122.753823,49.0002829],[-122.755258,49.0013046],[-122.7561784,49.0011997],[-122.757822,49.0032357]]],[[[-122.7534472,49.0042162],[-122.7551753,49.0042165],[-122.7551803,49.0047029],[-122.7534508,49.0046931],[-122.7534472,49.0042162]]]]},"properties":{"id":"dogal-176","kind":"district","btype":"dogal","name":"Peace Arch Park","lab":1}},{"type":"Feature","geometry":{"type":"Point","coordinates":[-122.75626,49.00266]},"properties":{"id":"dogal-lab-176","kind":"district-label","btype":"dogal","name":"Peace Arch Park"}}]}