{"type":"FeatureCollection","features":[{"type":"Feature","properties":{"id":"line-m1","kind":"line","lineRef":"metro","ref":"M1","color":"#168388"},"geometry":{"type":"MultiLineString","coordinates":[[[150.90498,-33.69189],[150.9101,-33.69032],[150.91341,-33.69012],[150.91899,-33.68897],[150.91999,-33.68896],[150.92102,-33.68916],[150.92195,-33.68956],[150.92276,-33.69016],[150.92681,-33.69493],[150.92787,-33.6965],[150.92979,-33.70128],[150.93212,-33.70778],[150.93463,-33.7121],[150.93748,-33.71778],[150.94125,-33.72616],[150.94322,-33.72881],[150.94484,-33.73211],[150.94627,-33.73384],[150.94706,-33.73454],[150.94871,-33.73554],[150.95089,-33.73646],[150.953,-33.73704],[150.95496,-33.73735],[150.9574,-33.73745],[150.959,-33.73725],[150.9603,-33.73685],[150.96144,-33.73625],[150.96639,-33.73207],[150.96741,-33.73144],[150.96858,-33.73096],[150.96971,-33.73068],[150.9839,-33.7287],[150.98999,-33.72706],[150.99124,-33.72706],[150.99269,-33.7274],[150.99973,-33.73134],[151.00097,-33.7318],[151.00231,-33.73208],[151.00378,-33.73217],[151.00518,-33.73205],[151.01192,-33.73037],[151.01354,-33.73022],[151.01628,-33.73056],[151.0254,-33.73209],[151.02642,-33.73247],[151.02734,-33.73298],[151.03039,-33.73559],[151.03407,-33.7379],[151.04494,-33.74233],[151.05216,-33.7479],[151.06532,-33.75673],[151.06881,-33.7597],[151.07001,-33.76048],[151.07375,-33.76239],[151.07641,-33.76416],[151.08015,-33.76785],[151.08142,-33.76932],[151.08177,-33.77015],[151.08198,-33.77207],[151.08403,-33.77692],[151.08507,-33.77829],[151.08654,-33.77933],[151.08773,-33.77979],[151.08869,-33.78],[151.0908,-33.78004],[151.09201,-33.77978],[151.10803,-33.77473],[151.10899,-33.77455],[151.11082,-33.77447],[151.11241,-33.77462],[151.11388,-33.77497],[151.11565,-33.77574],[151.11681,-33.77647],[151.13032,-33.7864],[151.13106,-33.7871],[151.13169,-33.78792],[151.1334,-33.7913],[151.1344,-33.79241],[151.13538,-33.79317],[151.13641,-33.79372],[151.13717,-33.79395],[151.1408,-33.79489],[151.14517,-33.79579],[151.14746,-33.79601],[151.14832,-33.79598],[151.15008,-33.79566],[151.15208,-33.79491],[151.15555,-33.79286],[151.15886,-33.79024],[151.16056,-33.7887],[151.16163,-33.78723],[151.16205,-33.78639],[151.16311,-33.78338],[151.16402,-33.78192],[151.16565,-33.78043],[151.1672,-33.77957],[151.16955,-33.77888],[151.17149,-33.77876],[151.17284,-33.77889],[151.17439,-33.77925],[151.17555,-33.77972],[151.17734,-33.78088],[151.17873,-33.78237],[151.17929,-33.78339],[151.17967,-33.78438],[151.18013,-33.78721],[151.18081,-33.78948],[151.18111,-33.80328],[151.18045,-33.80763],[151.1806,-33.80879],[151.18126,-33.81038],[151.18176,-33.81109],[151.1827,-33.81203],[151.1827,-33.81202],[151.1902,-33.81799],[151.19769,-33.82397],[151.20098,-33.82738],[151.20198,-33.828],[151.20496,-33.82917],[151.20584,-33.82962],[151.20689,-33.83051],[151.20771,-33.83179],[151.20797,-33.83272],[151.20799,-33.83373],[151.20691,-33.83891],[151.20645,-33.83986],[151.20593,-33.84061],[151.2036,-33.84303],[151.20317,-33.8438],[151.20297,-33.84456],[151.20303,-33.84564],[151.20391,-33.84797],[151.2041,-33.84935],[151.20396,-33.85043],[151.20251,-33.85545],[151.20276,-33.86047],[151.20288,-33.8613],[151.20317,-33.86192],[151.20381,-33.86256],[151.20448,-33.8629],[151.20561,-33.8631],[151.20811,-33.86286],[151.20884,-33.86299],[151.20963,-33.86334],[151.21018,-33.86379],[151.21062,-33.86441],[151.2108,-33.86494],[151.21084,-33.86561],[151.2104,-33.86874],[151.20962,-33.87071],[151.20936,-33.8719],[151.20882,-33.87653],[151.20903,-33.87988],[151.20872,-33.8812],[151.20818,-33.88211],[151.20082,-33.89143],[151.20026,-33.89232],[151.19989,-33.89326],[151.19971,-33.89424],[151.19975,-33.89545],[151.20091,-33.89927],[151.20112,-33.9008],[151.20075,-33.90244],[151.19975,-33.90398],[151.19914,-33.90456],[151.19799,-33.90531],[151.19369,-33.90715],[151.19209,-33.90756],[151.19006,-33.90765],[151.18198,-33.90712],[151.17932,-33.90732],[151.1773,-33.90775],[151.17563,-33.90833],[151.174,-33.90914],[151.17266,-33.90998],[151.17054,-33.91161],[151.16829,-33.91303]],[[151.16829,-33.91303],[151.17409,-33.90898],[151.17554,-33.90824],[151.17725,-33.90762],[151.17915,-33.90722],[151.18199,-33.90699],[151.19022,-33.90753],[151.19196,-33.90745],[151.19349,-33.90708],[151.1977,-33.90532],[151.19843,-33.9049],[151.19947,-33.90406],[151.20003,-33.90343],[151.20058,-33.90243],[151.20082,-33.90174],[151.20096,-33.90071],[151.20084,-33.89959],[151.19959,-33.89545],[151.19956,-33.89409],[151.19987,-33.89281],[151.20085,-33.89112],[151.20813,-33.88195],[151.20878,-33.88057],[151.20884,-33.87907],[151.20802,-33.87672],[151.2079,-33.87607],[151.20821,-33.87159],[151.20846,-33.87072],[151.20927,-33.86968],[151.20965,-33.86884],[151.2101,-33.86542],[151.21002,-33.86477],[151.20976,-33.86421],[151.20917,-33.86361],[151.20855,-33.86328],[151.20742,-33.86306],[151.20512,-33.8632],[151.20382,-33.86272],[151.20294,-33.86182],[151.20263,-33.86067],[151.20236,-33.85545],[151.20377,-33.85057],[151.20395,-33.84941],[151.20375,-33.84794],[151.20288,-33.84566],[151.20284,-33.84439],[151.20305,-33.84369],[151.20341,-33.84304],[151.20571,-33.84067],[151.20637,-33.8397],[151.20675,-33.83888],[151.20757,-33.83534],[151.20783,-33.83358],[151.20775,-33.8325],[151.20752,-33.83179],[151.20692,-33.83079],[151.2058,-33.82978],[151.20494,-33.8293],[151.20198,-33.82815],[151.20067,-33.82731],[151.19747,-33.82397],[151.19025,-33.81822],[151.18302,-33.81247],[151.18189,-33.81147],[151.18108,-33.8104],[151.18057,-33.80935],[151.18025,-33.80767],[151.18033,-33.80668],[151.18086,-33.80443],[151.18104,-33.80301],[151.18074,-33.78949],[151.17991,-33.78682],[151.17959,-33.78467],[151.17936,-33.78387],[151.17861,-33.78246],[151.17724,-33.78096],[151.17616,-33.7802],[151.17497,-33.7796],[151.17361,-33.77915],[151.17215,-33.77891],[151.17078,-33.77887],[151.16957,-33.77899],[151.16815,-33.77934],[151.16681,-33.77988],[151.16508,-33.78103],[151.16364,-33.78268],[151.16303,-33.78395],[151.16209,-33.78664],[151.16152,-33.78767],[151.16063,-33.78882],[151.15987,-33.78957],[151.1561,-33.7926],[151.15485,-33.79348],[151.1515,-33.79531],[151.14946,-33.79594],[151.14832,-33.79608],[151.147,-33.79614],[151.14532,-33.79595],[151.1402,-33.79489],[151.13713,-33.79409],[151.13534,-33.79331],[151.13428,-33.79248],[151.13355,-33.79169],[151.13279,-33.79052],[151.13178,-33.78835],[151.13093,-33.78717],[151.13019,-33.78646],[151.11671,-33.77654],[151.11496,-33.77553],[151.11334,-33.77495],[151.1108,-33.77458],[151.10808,-33.77485],[151.09312,-33.77957],[151.09087,-33.78017],[151.09005,-33.78026],[151.08857,-33.78017],[151.08722,-33.77984],[151.08634,-33.77944],[151.08481,-33.7783],[151.08388,-33.77701],[151.08127,-33.77131],[151.08095,-33.76944],[151.08056,-33.76855],[151.07645,-33.76435],[151.07364,-33.76246],[151.07051,-33.76089],[151.06891,-33.75992],[151.06544,-33.75699],[151.05206,-33.74799],[151.04551,-33.74284],[151.04356,-33.74181],[151.03392,-33.73797],[151.03005,-33.73553],[151.0272,-33.73304],[151.0255,-33.73224],[151.02229,-33.73163],[151.01367,-33.73034],[151.01169,-33.73054],[151.00528,-33.73216],[151.00405,-33.73229],[151.00224,-33.73221],[151.00067,-33.73184],[150.99964,-33.73145],[150.99263,-33.7275],[150.99149,-33.72721],[150.99032,-33.72715],[150.98895,-33.72738],[150.98449,-33.72873],[150.97095,-33.73064],[150.96858,-33.73108],[150.96678,-33.73194],[150.96193,-33.73608],[150.96079,-33.73677],[150.95933,-33.73731],[150.95808,-33.73754],[150.95524,-33.73751],[150.95335,-33.73724],[150.95129,-33.73673],[150.94915,-33.7359],[150.9473,-33.73488],[150.94661,-33.73436],[150.94483,-33.73234],[150.94313,-33.72885],[150.94119,-33.72618],[150.93743,-33.71781],[150.93459,-33.71213],[150.93209,-33.70787],[150.92976,-33.70139],[150.92793,-33.69672],[150.92696,-33.69522],[150.92286,-33.69033],[150.92212,-33.68973],[150.92107,-33.68925],[150.92001,-33.68903],[150.919,-33.68904],[150.91342,-33.69017],[150.90997,-33.6904],[150.90501,-33.69199]],[[151.16651,-33.91419],[151.16829,-33.91303]]]}},{"type":"Feature","properties":{"id":"badge-m1","kind":"badge","ref":"M1","lineRef":"metro","color":"#168388"},"geometry":{"type":"Point","coordinates":[151.11454,-33.77526]}},{"type":"Feature","properties":{"id":"line-t1","kind":"line","lineRef":"train","ref":"T1","color":"#F99D1C"},"geometry":{"type":"MultiLineString","coordinates":[[[150.6712,-33.74575],[150.67715,-33.74461],[150.67824,-33.74456],[150.67939,-33.74473],[150.68061,-33.74522],[150.68436,-33.74721],[150.68567,-33.74778],[150.69997,-33.75093],[150.70475,-33.75281],[150.70881,-33.75509],[150.71101,-33.75602],[150.71261,-33.7565],[150.72311,-33.75896],[150.72621,-33.75913],[150.73609,-33.75835],[150.74596,-33.75758],[150.74874,-33.75768],[150.74875,-33.75768],[150.76119,-33.75975],[150.77362,-33.76182],[150.77545,-33.76199],[150.778,-33.76251],[150.78977,-33.76446],[150.80154,-33.76642],[150.81331,-33.76837],[150.82508,-33.77033],[150.83685,-33.77228],[150.84023,-33.77235],[150.84311,-33.77192],[150.84753,-33.77058],[150.85622,-33.76767],[150.86492,-33.76475],[150.86741,-33.76403],[150.87127,-33.76344],[150.87519,-33.76332],[150.8801,-33.76373],[150.89278,-33.76589],[150.90546,-33.76805],[150.90926,-33.76893],[150.91183,-33.76981],[150.91316,-33.77047],[150.9164,-33.77247],[150.91915,-33.77364],[150.92067,-33.77403],[150.92239,-33.77429],[150.92413,-33.77437],[150.92592,-33.7743]],[[150.93443,-33.77429],[150.93235,-33.77432],[150.92945,-33.7748],[150.92783,-33.77488],[150.92106,-33.77425],[150.91903,-33.77375],[150.91765,-33.77323],[150.91582,-33.77231],[150.91234,-33.77023],[150.91078,-33.7696],[150.90923,-33.76917],[150.90255,-33.76768],[150.89166,-33.76582],[150.88077,-33.76397],[150.87799,-33.76361],[150.87519,-33.76346],[150.8725,-33.76354],[150.87068,-33.76375],[150.86561,-33.76476],[150.86043,-33.76639],[150.84434,-33.77185],[150.84217,-33.77227],[150.84026,-33.77248],[150.83681,-33.77242],[150.82555,-33.77055],[150.8143,-33.76868],[150.80304,-33.7668],[150.79179,-33.76493],[150.78053,-33.76306],[150.77539,-33.7623],[150.77365,-33.76186],[150.76105,-33.75977],[150.74846,-33.75769],[150.74846,-33.75768],[150.74537,-33.75765],[150.73579,-33.75841],[150.72621,-33.75917],[150.7246,-33.75915],[150.72283,-33.75895],[150.71127,-33.75615],[150.70879,-33.75512],[150.70473,-33.75284],[150.69996,-33.75096],[150.68566,-33.74781],[150.68434,-33.74724],[150.68059,-33.74525],[150.67938,-33.74476],[150.67824,-33.74459],[150.67716,-33.74464],[150.6712,-33.74579]],[[150.78537,-33.60767],[150.77637,-33.60563],[150.76736,-33.6036],[150.75836,-33.60156],[150.75717,-33.60113],[150.75492,-33.60005],[150.75248,-33.59863]],[[150.79084,-33.60987],[150.78973,-33.6095],[150.78729,-33.60834],[150.78537,-33.60767]],[[150.78537,-33.60767],[150.78732,-33.60831],[150.79084,-33.60987]],[[150.82868,-33.62625],[150.82526,-33.62594],[150.82088,-33.62413],[150.82026,-33.62377],[150.81944,-33.623],[150.81854,-33.62181],[150.8163,-33.62004],[150.81572,-33.61944],[150.81335,-33.6159],[150.81248,-33.6149],[150.81142,-33.61398],[150.81049,-33.61344],[150.80956,-33.61315],[150.80474,-33.61249],[150.79244,-33.61028],[150.79084,-33.60987]],[[150.83208,-33.62715],[150.82868,-33.62625]],[[150.82868,-33.62625],[150.83043,-33.62655],[150.83208,-33.62715]],[[150.85891,-33.67599],[150.85708,-33.67024],[150.85684,-33.66865],[150.85659,-33.66785],[150.85597,-33.66675],[150.85372,-33.66399],[150.85321,-33.66307],[150.85263,-33.66161],[150.85224,-33.65957],[150.85185,-33.65259],[150.85151,-33.65119],[150.85091,-33.64983],[150.85007,-33.64857],[150.84499,-33.64211],[150.8399,-33.63564],[150.83482,-33.62918],[150.83345,-33.62794],[150.83208,-33.62715]],[[150.86116,-33.68073],[150.85983,-33.67825],[150.85891,-33.67599]],[[150.85891,-33.67599],[150.85999,-33.6785],[150.86116,-33.68073]],[[150.87215,-33.70098],[150.87214,-33.70098],[150.86848,-33.69423],[150.86482,-33.68748],[150.86116,-33.68073]],[[150.92592,-33.7743],[150.92434,-33.77391],[150.92104,-33.77404],[150.91863,-33.7734],[150.91644,-33.77242],[150.91228,-33.76996],[150.90866,-33.76864],[150.90768,-33.768],[150.90721,-33.7675],[150.90648,-33.76609],[150.90437,-33.7581],[150.90365,-33.75584],[150.90285,-33.75374],[150.9003,-33.74797],[150.90013,-33.7468],[150.90007,-33.74169],[150.89976,-33.74053],[150.8992,-33.73973],[150.89785,-33.73823],[150.89244,-33.73423],[150.89087,-33.73294],[150.88667,-33.72807],[150.88187,-33.72212],[150.87595,-33.71171],[150.87557,-33.71061],[150.87466,-33.70683],[150.87303,-33.70274],[150.87215,-33.70098]],[[150.87215,-33.70098],[150.87327,-33.70305],[150.87421,-33.70528],[150.87601,-33.71169],[150.88193,-33.72209],[150.8909,-33.73292],[150.89787,-33.73821],[150.89923,-33.73971],[150.8998,-33.74052],[150.90012,-33.74169],[150.90027,-33.74713],[150.90049,-33.74835],[150.90291,-33.75378],[150.90369,-33.75583],[150.90457,-33.75867],[150.90643,-33.76578],[150.9072,-33.76726],[150.90793,-33.76804],[150.90865,-33.7685],[150.91249,-33.77001],[150.91646,-33.77239],[150.91918,-33.77355],[150.92145,-33.77403],[150.92448,-33.77374],[150.92723,-33.77411],[150.92863,-33.77411]],[[150.92592,-33.7743],[150.92863,-33.77411]],[[150.93443,-33.77429],[150.93151,-33.77411],[150.92822,-33.77476],[150.92702,-33.77465],[150.92592,-33.7743]],[[150.92863,-33.77411],[150.9327,-33.77398],[150.9359,-33.77417],[150.93764,-33.77449],[150.93879,-33.7749],[150.94296,-33.7768],[150.94503,-33.77809],[150.9469,-33.77962],[150.94847,-33.7813],[150.9495,-33.78271],[150.95055,-33.78457],[150.95145,-33.78667],[150.95172,-33.78782],[150.95253,-33.79512],[150.95291,-33.79652],[150.95331,-33.79745],[150.95408,-33.79875],[150.95533,-33.80029],[150.95697,-33.80172],[150.95773,-33.80222],[150.95933,-33.80299],[150.96027,-33.80328],[150.96465,-33.80404],[150.96633,-33.80448],[150.97078,-33.8064],[150.97533,-33.80797],[150.97784,-33.80822],[150.98208,-33.80776],[150.98375,-33.8077],[150.98556,-33.80786],[150.98769,-33.80826],[150.99132,-33.80979],[150.99287,-33.81069],[150.99408,-33.81172],[150.99505,-33.81328],[150.99572,-33.81404],[150.99656,-33.81474],[150.99737,-33.81522],[150.99894,-33.81579],[151.00374,-33.81684],[151.00486,-33.81732],[151.00588,-33.81798],[151.00711,-33.81931],[151.00772,-33.8207],[151.00786,-33.8221],[151.00725,-33.82489],[151.00727,-33.82663],[151.00756,-33.82782],[151.00817,-33.82924],[151.00905,-33.83065],[151.01081,-33.83213],[151.01668,-33.83565],[151.02164,-33.8389],[151.02435,-33.84105],[151.03305,-33.84926],[151.03582,-33.85294],[151.04172,-33.86137],[151.04299,-33.86258],[151.04442,-33.86339],[151.04625,-33.86407],[151.04806,-33.86434],[151.05645,-33.86452],[151.05955,-33.8639],[151.06264,-33.86379],[151.06547,-33.86396],[151.07209,-33.86506],[151.07433,-33.86498],[151.0778,-33.86458],[151.0791,-33.86464],[151.08061,-33.86493],[151.08577,-33.86643],[151.08683,-33.86686],[151.09213,-33.86973],[151.09571,-33.8725],[151.09813,-33.87491],[151.0994,-33.8758],[151.10092,-33.87646],[151.10501,-33.87715],[151.1079,-33.87801],[151.10914,-33.87853],[151.11034,-33.87927],[151.11393,-33.88199],[151.11786,-33.88437],[151.12034,-33.88561],[151.1306,-33.88911],[151.13293,-33.88955],[151.1369,-33.88977],[151.13801,-33.88994],[151.14915,-33.89361],[151.15237,-33.89405],[151.15605,-33.89358],[151.15732,-33.89359],[151.16059,-33.89447],[151.16145,-33.89457],[151.16567,-33.89409],[151.16756,-33.89407],[151.16929,-33.89446],[151.1723,-33.89557],[151.17448,-33.89682],[151.17613,-33.89744],[151.17731,-33.89761],[151.18097,-33.89769],[151.18218,-33.89761],[151.18391,-33.89728],[151.18943,-33.89541],[151.19449,-33.89397],[151.19621,-33.89324],[151.19775,-33.89239],[151.19962,-33.89091],[151.20231,-33.88783],[151.2057,-33.88528],[151.20754,-33.8832],[151.20809,-33.88194],[151.20858,-33.88],[151.20873,-33.87851],[151.20835,-33.87764],[151.20703,-33.87648],[151.20659,-33.87569],[151.20655,-33.87507],[151.20695,-33.87226],[151.20686,-33.87114],[151.20606,-33.8695],[151.20515,-33.86214],[151.20533,-33.86124],[151.20618,-33.85911],[151.21233,-33.84912],[151.21249,-33.84825],[151.21243,-33.84751],[151.2112,-33.84427],[151.21021,-33.84277],[151.20946,-33.84208],[151.20869,-33.84163],[151.20767,-33.84138],[151.20454,-33.84101],[151.20241,-33.84035],[151.19998,-33.83978],[151.19889,-33.8393],[151.19804,-33.83863],[151.1974,-33.83769],[151.19711,-33.83662],[151.19719,-33.83489],[151.19696,-33.83434],[151.19664,-33.83394],[151.19557,-33.83339],[151.19392,-33.83345],[151.19293,-33.83326],[151.19237,-33.83294],[151.19186,-33.83233],[151.19171,-33.83143],[151.19208,-33.83058],[151.19279,-33.83003],[151.19433,-33.82954],[151.19486,-33.82923],[151.19544,-33.8286],[151.19573,-33.82771],[151.19567,-33.82715],[151.19441,-33.82383],[151.19335,-33.81788],[151.19332,-33.81585],[151.19317,-33.81489],[151.1924,-33.81325],[151.19137,-33.81212],[151.18986,-33.81114],[151.18492,-33.80878],[151.18286,-33.80685],[151.18156,-33.80495],[151.18108,-33.80352],[151.18092,-33.8022],[151.18067,-33.78941],[151.18024,-33.78752],[151.17933,-33.786],[151.17859,-33.78518],[151.17785,-33.78461],[151.17272,-33.78181],[151.17133,-33.78068],[151.17076,-33.77996],[151.17018,-33.77882],[151.16961,-33.77636],[151.16811,-33.77393],[151.1623,-33.76629],[151.15648,-33.75865],[151.15447,-33.75623],[151.15262,-33.7536],[151.15157,-33.75273],[151.14921,-33.75182],[151.14786,-33.75088],[151.14667,-33.74906],[151.14562,-33.74694],[151.14463,-33.74585],[151.14347,-33.74522],[151.14151,-33.7446],[151.13944,-33.74361],[151.13816,-33.74275],[151.13707,-33.74176],[151.12986,-33.73384],[151.12829,-33.73233],[151.12419,-33.72761],[151.12163,-33.72424],[151.11943,-33.72041],[151.1185,-33.71909],[151.11788,-33.71843],[151.11586,-33.71649],[151.11412,-33.71528],[151.10397,-33.70987],[151.09885,-33.70566],[151.09827,-33.7047],[151.09826,-33.70404],[151.09871,-33.70254],[151.09933,-33.69956],[151.10003,-33.69706],[151.10053,-33.69599],[151.10168,-33.6945],[151.10797,-33.68877],[151.10913,-33.68733],[151.11032,-33.68532],[151.11112,-33.68316],[151.1138,-33.67319],[151.11431,-33.67211],[151.11572,-33.67068],[151.1194,-33.66827],[151.12093,-33.66704],[151.12262,-33.66523],[151.124,-33.66335],[151.125,-33.66244],[151.13456,-33.65668],[151.13586,-33.6556],[151.13635,-33.65488],[151.13671,-33.65387],[151.13678,-33.65299],[151.13662,-33.65122],[151.13677,-33.65053],[151.13742,-33.64887],[151.13734,-33.64795],[151.13644,-33.64601],[151.13642,-33.64505],[151.13662,-33.64447],[151.13697,-33.64392],[151.13782,-33.64321],[151.13857,-33.64291],[151.14048,-33.64257],[151.14167,-33.64218],[151.14271,-33.64155],[151.14352,-33.64072],[151.14862,-33.63229],[151.14885,-33.63083],[151.14856,-33.62915],[151.14855,-33.62839],[151.14895,-33.62696],[151.14993,-33.6257],[151.15153,-33.62457]],[[151.15153,-33.62457],[151.14996,-33.62573],[151.14899,-33.62698],[151.14859,-33.62839],[151.14889,-33.63082],[151.14866,-33.63231],[151.14349,-33.64081],[151.14274,-33.64157],[151.14169,-33.64221],[151.14049,-33.6426],[151.13857,-33.64294],[151.13786,-33.64324],[151.13727,-33.64366],[151.13666,-33.64449],[151.13642,-33.64537],[151.13648,-33.646],[151.13738,-33.64794],[151.13745,-33.64887],[151.13673,-33.65085],[151.1367,-33.65167],[151.13695,-33.65304],[151.13689,-33.65374],[151.1364,-33.65489],[151.1359,-33.65562],[151.13458,-33.65671],[151.12467,-33.66274],[151.12403,-33.66337],[151.12227,-33.66571],[151.12096,-33.66706],[151.11942,-33.6683],[151.1161,-33.67046],[151.11512,-33.67137],[151.11436,-33.67234],[151.11368,-33.67378],[151.11116,-33.68316],[151.11036,-33.68532],[151.10917,-33.68734],[151.10796,-33.68883],[151.10195,-33.6943],[151.10078,-33.69566],[151.10003,-33.69735],[151.0983,-33.70405],[151.09831,-33.70469],[151.09888,-33.70564],[151.10382,-33.70959],[151.11414,-33.71526],[151.11557,-33.71621],[151.11749,-33.7179],[151.11917,-33.71994],[151.12253,-33.72546],[151.12422,-33.72759],[151.13065,-33.73466],[151.13709,-33.74174],[151.1371,-33.74174],[151.13819,-33.74273],[151.13946,-33.74357],[151.1435,-33.74518],[151.14464,-33.74583],[151.14548,-33.74667],[151.1467,-33.74904],[151.14789,-33.75085],[151.14923,-33.75179],[151.15159,-33.7527],[151.15266,-33.75358],[151.15807,-33.76067],[151.16349,-33.76776],[151.1689,-33.77485],[151.16971,-33.77633],[151.17013,-33.77853],[151.17039,-33.7792],[151.17136,-33.78065],[151.1728,-33.78182],[151.1776,-33.78432],[151.17844,-33.78495],[151.17938,-33.786],[151.18017,-33.78726],[151.18089,-33.78938],[151.18097,-33.79573],[151.18111,-33.79749],[151.18107,-33.80084],[151.18137,-33.80374],[151.18175,-33.80502],[151.1823,-33.80601],[151.18307,-33.80702],[151.18466,-33.80846],[151.18603,-33.80931],[151.1903,-33.81134],[151.19139,-33.8121],[151.19244,-33.81324],[151.19321,-33.81488],[151.19336,-33.81584],[151.19339,-33.81789],[151.19439,-33.82355],[151.19472,-33.82473],[151.19571,-33.82714],[151.19576,-33.82781],[151.19542,-33.8287],[151.19489,-33.82926],[151.19435,-33.82957],[151.19281,-33.83006],[151.19212,-33.8306],[151.19175,-33.83144],[151.19192,-33.83235],[151.19251,-33.83301],[151.19325,-33.83332],[151.19392,-33.83342],[151.19558,-33.83336],[151.19668,-33.8339],[151.19725,-33.83489],[151.19715,-33.83658],[151.19738,-33.83754],[151.19781,-33.83831],[151.19876,-33.83917],[151.20077,-33.83989],[151.2085,-33.84135],[151.20931,-33.84181],[151.21001,-33.84244],[151.21122,-33.84421],[151.21246,-33.84745],[151.21253,-33.84826],[151.21237,-33.84914],[151.21203,-33.84986],[151.20624,-33.85911],[151.2054,-33.86122],[151.20522,-33.862],[151.20522,-33.86262],[151.20582,-33.86636],[151.20609,-33.86937],[151.20692,-33.8711],[151.20702,-33.87262],[151.20667,-33.87515],[151.20671,-33.87568],[151.20709,-33.87638],[151.20838,-33.8775],[151.20882,-33.87837],[151.20872,-33.87976],[151.20813,-33.88209],[151.20763,-33.88325],[151.20601,-33.88518],[151.20235,-33.88787],[151.19966,-33.89094],[151.19824,-33.89211],[151.19668,-33.89306],[151.19451,-33.894],[151.18925,-33.8955],[151.18391,-33.89732],[151.18219,-33.89765],[151.18097,-33.89772],[151.17731,-33.89765],[151.17612,-33.89747],[151.17473,-33.89698],[151.17228,-33.89561],[151.16928,-33.8945],[151.16755,-33.89411],[151.16518,-33.89416],[151.16255,-33.89456],[151.16144,-33.89461],[151.16058,-33.8945],[151.15838,-33.89384],[151.15692,-33.89361],[151.15566,-33.89366],[151.15281,-33.89408],[151.1514,-33.89402],[151.14915,-33.89364],[151.138,-33.88997],[151.13688,-33.8898],[151.13264,-33.88955],[151.1306,-33.88914],[151.11985,-33.88544],[151.11783,-33.8844],[151.11391,-33.88202],[151.11033,-33.8793],[151.10911,-33.87855],[151.10788,-33.87804],[151.105,-33.87719],[151.1009,-33.87649],[151.09937,-33.87583],[151.0981,-33.87494],[151.09568,-33.87253],[151.09202,-33.8697],[151.08696,-33.86697],[151.08575,-33.86646],[151.0806,-33.86496],[151.07909,-33.86468],[151.0778,-33.86462],[151.07368,-33.86506],[151.07152,-33.86506],[151.0655,-33.86399],[151.06329,-33.86384],[151.05989,-33.8639],[151.05647,-33.86455],[151.04808,-33.86437],[151.04628,-33.86412],[151.04419,-33.86333],[151.04261,-33.86233],[151.04169,-33.86138],[151.03578,-33.85295],[151.03345,-33.8499],[151.02432,-33.84107],[151.02161,-33.83892],[151.01634,-33.83549],[151.01216,-33.83317],[151.00906,-33.83084],[151.00816,-33.82936],[151.0075,-33.82783],[151.00722,-33.82678],[151.00717,-33.82481],[151.00773,-33.82238],[151.00778,-33.82152],[151.00768,-33.8207],[151.00707,-33.81933],[151.00585,-33.81802],[151.00513,-33.8175],[151.00391,-33.81693],[150.99893,-33.81582],[150.99726,-33.8152],[150.99555,-33.814],[150.99388,-33.81181],[150.99277,-33.81082],[150.99166,-33.81011],[150.99041,-33.80952],[150.98747,-33.80845],[150.98552,-33.80799],[150.98375,-33.80783],[150.9821,-33.80788],[150.97784,-33.80835],[150.97508,-33.80806],[150.97215,-33.80715],[150.96628,-33.8046],[150.96463,-33.80416],[150.95974,-33.80327],[150.95695,-33.80204],[150.95585,-33.80121],[150.95515,-33.80041],[150.95368,-33.7984],[150.95296,-33.79703],[150.95238,-33.79513],[150.9516,-33.78889],[150.95095,-33.7861],[150.94995,-33.78374],[150.94835,-33.78137],[150.94679,-33.77971],[150.94543,-33.77856],[150.94393,-33.77752],[150.94234,-33.77662],[150.93853,-33.77498],[150.93701,-33.77463],[150.93443,-33.77429]],[[151.15153,-33.62457],[151.15428,-33.62272]]]}},{"type":"Feature","properties":{"id":"badge-t1","kind":"badge","ref":"T1","lineRef":"train","color":"#F99D1C"},"geometry":{"type":"Point","coordinates":[151.2086,-33.8798]}},{"type":"Feature","properties":{"id":"line-t2","kind":"line","lineRef":"train","ref":"T2","color":"#0098CD"},"geometry":{"type":"MultiLineString","coordinates":[[[150.80362,-33.95364],[150.81106,-33.95486],[150.81823,-33.95491],[150.82091,-33.95457],[150.83203,-33.9518],[150.83419,-33.95168],[150.83649,-33.95203],[150.83801,-33.95257],[150.8393,-33.95327],[150.84042,-33.95413],[150.84128,-33.95506],[150.84211,-33.95634],[150.84393,-33.96087],[150.84449,-33.9618],[150.84551,-33.96301],[150.84708,-33.96429],[150.84992,-33.96616],[150.85269,-33.96769],[150.85509,-33.96847],[150.86711,-33.9712],[150.87913,-33.97394],[150.88532,-33.97638],[150.88636,-33.97649],[150.8873,-33.97641],[150.88881,-33.97581],[150.89195,-33.97321],[150.90015,-33.96596],[150.90834,-33.95872],[150.9102,-33.95668],[150.91109,-33.95534],[150.91162,-33.95416],[150.91178,-33.95297],[150.91169,-33.95084],[150.9122,-33.9492],[150.91321,-33.9476],[150.91467,-33.94597],[150.91546,-33.94481],[150.91906,-33.93765],[150.92265,-33.9305],[150.92404,-33.92853],[150.92814,-33.92384],[150.92939,-33.9228],[150.93176,-33.92128],[150.93284,-33.92025],[150.93346,-33.91946],[150.934,-33.91837],[150.93423,-33.91748],[150.93575,-33.90998],[150.93727,-33.90249],[150.93879,-33.89499],[150.93954,-33.89263],[150.94071,-33.89058],[150.94782,-33.88237],[150.95494,-33.87417],[150.95493,-33.87417],[150.95655,-33.87271],[150.95802,-33.87175],[150.96823,-33.8662],[150.97844,-33.86065],[150.97986,-33.85976],[150.98154,-33.85829],[150.98274,-33.8568],[150.99079,-33.84513],[150.99112,-33.84427],[150.99122,-33.8434],[150.99109,-33.84251],[150.99052,-33.8407],[150.99053,-33.8395],[150.99109,-33.83806],[150.99199,-33.83705],[150.99998,-33.83059],[151.00173,-33.8297],[151.00337,-33.8293],[151.00479,-33.82925],[151.00567,-33.82936],[151.00769,-33.83008],[151.00969,-33.83141]],[[151.01031,-33.83185],[151.00762,-33.83015],[151.00648,-33.82967],[151.00449,-33.8294],[151.00311,-33.8295],[151.00223,-33.8297],[151.00099,-33.83017],[150.99992,-33.83085],[150.99202,-33.83708],[150.99112,-33.83808],[150.99057,-33.8395],[150.99055,-33.8407],[150.99113,-33.84249],[150.99127,-33.84339],[150.99116,-33.84429],[150.99083,-33.84514],[150.98277,-33.85682],[150.98157,-33.85832],[150.98033,-33.85945],[150.97846,-33.86068],[150.96825,-33.86624],[150.95804,-33.87179],[150.95621,-33.87303],[150.95465,-33.87457],[150.9477,-33.88258],[150.94074,-33.8906],[150.93962,-33.89266],[150.93896,-33.89449],[150.9374,-33.90216],[150.93584,-33.90982],[150.93428,-33.91749],[150.93369,-33.91917],[150.93287,-33.92027],[150.93176,-33.92132],[150.92941,-33.92282],[150.92816,-33.92387],[150.92408,-33.92856],[150.92267,-33.93052],[150.91908,-33.93767],[150.9155,-33.94483],[150.91471,-33.94599],[150.91324,-33.94762],[150.9123,-33.94909],[150.91174,-33.95074],[150.91183,-33.95297],[150.91166,-33.95416],[150.91113,-33.95536],[150.91024,-33.95669],[150.90836,-33.95874],[150.90194,-33.96443],[150.89552,-33.97013],[150.8891,-33.97582],[150.88849,-33.97614],[150.88729,-33.97649],[150.88623,-33.97654],[150.88532,-33.97642],[150.87905,-33.97396],[150.86759,-33.97137],[150.85612,-33.96878],[150.85273,-33.96774],[150.85103,-33.96689],[150.84931,-33.96582],[150.84705,-33.96432],[150.84552,-33.96307],[150.84447,-33.96183],[150.84388,-33.96088],[150.84213,-33.95649],[150.84125,-33.95508],[150.84039,-33.95416],[150.83927,-33.9533],[150.83799,-33.9526],[150.83647,-33.95207],[150.8342,-33.95172],[150.83203,-33.95184],[150.82141,-33.95449],[150.81877,-33.9549],[150.81083,-33.95489],[150.80713,-33.9543]],[[151.00969,-33.83141],[151.00906,-33.83084],[151.0084,-33.82986],[151.00767,-33.82826],[151.00727,-33.82705],[151.00717,-33.82481],[151.00778,-33.82191],[151.00774,-33.82105],[151.00746,-33.82006],[151.00684,-33.81901],[151.00585,-33.81802],[151.0048,-33.81733],[151.00357,-33.81683]],[[151.00358,-33.81679],[151.00486,-33.81732],[151.00588,-33.81798],[151.00688,-33.81898],[151.00751,-33.82005],[151.00779,-33.82105],[151.00786,-33.8221],[151.00722,-33.82507],[151.00734,-33.82705],[151.00773,-33.82825],[151.00851,-33.82991],[151.00931,-33.83093],[151.01038,-33.83185]],[[151.20979,-33.87633],[151.21069,-33.8744],[151.21146,-33.87205],[151.21236,-33.86654],[151.21282,-33.86584],[151.21456,-33.86444],[151.21486,-33.86379],[151.21489,-33.86327],[151.21474,-33.86277],[151.21441,-33.86229],[151.21342,-33.86169],[151.20821,-33.86114],[151.20739,-33.86116],[151.20657,-33.86144],[151.20605,-33.86181],[151.20563,-33.8624],[151.20547,-33.86316],[151.20602,-33.86639],[151.20598,-33.86802],[151.20617,-33.86938],[151.20699,-33.87115],[151.20711,-33.87303],[151.20674,-33.87555],[151.20711,-33.87633],[151.20853,-33.8776],[151.20889,-33.87845],[151.20876,-33.87976],[151.20813,-33.88222],[151.20758,-33.88344],[151.20642,-33.88494],[151.2024,-33.88798],[151.19949,-33.89124],[151.19782,-33.89256],[151.19454,-33.89407],[151.18938,-33.89562],[151.18596,-33.89694],[151.18269,-33.89773],[151.17984,-33.89796],[151.17686,-33.89777],[151.17571,-33.8975],[151.17436,-33.89697],[151.17221,-33.89575],[151.1692,-33.89464],[151.16793,-33.89431],[151.16618,-33.89424],[151.16324,-33.89474],[151.16181,-33.89479],[151.16054,-33.89465],[151.15831,-33.89401],[151.15722,-33.89383],[151.15638,-33.89381],[151.15238,-33.89428],[151.14933,-33.89387],[151.14665,-33.89309],[151.13796,-33.89011],[151.13688,-33.88995],[151.13268,-33.88972],[151.13087,-33.88938],[151.12521,-33.8876],[151.12417,-33.8871],[151.11977,-33.88557],[151.11553,-33.88342],[151.11248,-33.88123],[151.11022,-33.87942],[151.10902,-33.87868],[151.1073,-33.87803],[151.10085,-33.87663],[151.09963,-33.87616],[151.09829,-33.87533],[151.09625,-33.87329],[151.09402,-33.87194],[151.09272,-33.87067],[151.08855,-33.86804],[151.08483,-33.86632],[151.08056,-33.86503],[151.07908,-33.86474],[151.0778,-33.86469],[151.07369,-33.86515],[151.07167,-33.86517],[151.06987,-33.86499],[151.06558,-33.86409],[151.06264,-33.8639],[151.05979,-33.86398],[151.05681,-33.86458],[151.0559,-33.86466],[151.04809,-33.86447],[151.04622,-33.86422],[151.04464,-33.86369],[151.04385,-33.86332],[151.0429,-33.86266],[151.04161,-33.86143],[151.0357,-33.85299],[151.03361,-33.85023],[151.03078,-33.84736],[151.02545,-33.84232],[151.02273,-33.83986],[151.02155,-33.83897],[151.01536,-33.83503],[151.01216,-33.83317],[151.01031,-33.83185]],[[151.01038,-33.83185],[151.02158,-33.83895],[151.02428,-33.84111],[151.0334,-33.8499],[151.03574,-33.85298],[151.04165,-33.86141],[151.04292,-33.86264],[151.04457,-33.86362],[151.04608,-33.86415],[151.04816,-33.86442],[151.05634,-33.8646],[151.05959,-33.86397],[151.06265,-33.86387],[151.06545,-33.86404],[151.07162,-33.86513],[151.07369,-33.86511],[151.0778,-33.86465],[151.07965,-33.86479],[151.0811,-33.86514],[151.08572,-33.86656],[151.08798,-33.86758],[151.09245,-33.87043],[151.09433,-33.872],[151.09574,-33.87283],[151.09808,-33.87511],[151.09965,-33.87613],[151.10087,-33.87659],[151.10732,-33.878],[151.10904,-33.87865],[151.11024,-33.8794],[151.1125,-33.8812],[151.11556,-33.88339],[151.12028,-33.88575],[151.13088,-33.88935],[151.13269,-33.88968],[151.13688,-33.88991],[151.13797,-33.89008],[151.14668,-33.89306],[151.1491,-33.89377],[151.15237,-33.89421],[151.15599,-33.89377],[151.15691,-33.89376],[151.15832,-33.89398],[151.16055,-33.89462],[151.16215,-33.89477],[151.16323,-33.89471],[151.1657,-33.89425],[151.16753,-33.89422],[151.16922,-33.8946],[151.17223,-33.89571],[151.17438,-33.89694],[151.1761,-33.89758],[151.17747,-33.89778],[151.18097,-33.89784],[151.18268,-33.89769],[151.18632,-33.89674],[151.19155,-33.89486],[151.19452,-33.89404],[151.19782,-33.89252],[151.19946,-33.89122],[151.20236,-33.88794],[151.20536,-33.88568],[151.20619,-33.88492],[151.20755,-33.88329],[151.20805,-33.8822],[151.20862,-33.88],[151.20877,-33.87843],[151.20835,-33.87755],[151.20705,-33.87642],[151.20665,-33.87569],[151.2066,-33.8752],[151.20695,-33.87224],[151.20687,-33.87119],[151.20674,-33.87072],[151.20605,-33.86948],[151.2059,-33.86792],[151.20592,-33.86675],[151.20542,-33.86318],[151.20557,-33.86243],[151.20598,-33.86183],[151.20658,-33.86139],[151.20738,-33.86113],[151.20815,-33.86109],[151.2135,-33.86164],[151.21455,-33.86223],[151.21486,-33.86262],[151.21507,-33.8632],[151.21504,-33.8639],[151.2147,-33.86455],[151.21303,-33.86591],[151.21261,-33.86649],[151.2117,-33.87269],[151.21148,-33.87328],[151.21069,-33.87451],[151.20983,-33.87634]]]}},{"type":"Feature","properties":{"id":"badge-t2","kind":"badge","ref":"T2","lineRef":"train","color":"#0098CD"},"geometry":{"type":"Point","coordinates":[150.92073,-33.93431]}},{"type":"Feature","properties":{"id":"line-t3","kind":"line","lineRef":"train","ref":"T3","color":"#F37021"},"geometry":{"type":"MultiLineString","coordinates":[[[150.92316,-33.92969],[150.92814,-33.92384],[150.92896,-33.9231],[150.93133,-33.92161],[150.93216,-33.92093],[150.93315,-33.91988],[150.93382,-33.9188],[150.93423,-33.91748],[150.93579,-33.90981],[150.93736,-33.90215],[150.93892,-33.89448],[150.93941,-33.89295],[150.94034,-33.89135],[150.94116,-33.89044],[150.94214,-33.88971],[150.94415,-33.8889],[150.95331,-33.88647],[150.96246,-33.88405],[150.97162,-33.88162],[150.97462,-33.88101],[150.97646,-33.88081],[150.97922,-33.8808],[150.98207,-33.88107],[150.99378,-33.88273],[151.00549,-33.88438],[151.0172,-33.88604],[151.01867,-33.88607],[151.02014,-33.88584],[151.02141,-33.88537],[151.02237,-33.88481],[151.02342,-33.88388],[151.02403,-33.88306],[151.02494,-33.88145],[151.02579,-33.87781],[151.02613,-33.8771],[151.02688,-33.87609],[151.03025,-33.87313],[151.03377,-33.87089],[151.03488,-33.86961],[151.03836,-33.86443],[151.03972,-33.86339],[151.04113,-33.86281],[151.04268,-33.8628],[151.04556,-33.864],[151.04774,-33.8644],[151.05634,-33.8646],[151.05959,-33.86397],[151.06265,-33.86387],[151.06545,-33.86404],[151.07077,-33.86503],[151.07212,-33.86517],[151.07434,-33.86506],[151.07754,-33.86466],[151.07908,-33.86471],[151.08058,-33.86499],[151.08572,-33.86656],[151.08798,-33.86758],[151.09245,-33.87043],[151.09433,-33.872],[151.09574,-33.87283],[151.09808,-33.87511],[151.09965,-33.87613],[151.10087,-33.87659],[151.10732,-33.878],[151.10904,-33.87865],[151.11024,-33.8794],[151.1125,-33.8812],[151.11556,-33.88339],[151.1198,-33.88555],[151.12239,-33.8865],[151.1312,-33.88943],[151.13269,-33.88968],[151.13688,-33.88991],[151.13827,-33.89016],[151.14668,-33.89306],[151.1491,-33.89377],[151.15237,-33.89421],[151.15599,-33.89377],[151.15691,-33.89376],[151.15832,-33.89398],[151.16055,-33.89462],[151.16215,-33.89477],[151.16323,-33.89471],[151.1657,-33.89425],[151.16753,-33.89422],[151.16922,-33.8946],[151.17223,-33.89571],[151.17438,-33.89694],[151.17542,-33.89737],[151.17729,-33.89777],[151.17927,-33.89786],[151.1819,-33.8978],[151.18393,-33.89742],[151.18632,-33.89674],[151.19155,-33.89486],[151.19452,-33.89404],[151.19669,-33.89311],[151.19813,-33.89233],[151.19916,-33.89151],[151.20207,-33.88822],[151.20558,-33.8855],[151.20744,-33.88344],[151.2079,-33.88259],[151.20819,-33.88171],[151.20867,-33.87975],[151.20877,-33.87843],[151.20835,-33.87755],[151.20705,-33.87642],[151.20665,-33.87569],[151.2066,-33.8752],[151.20695,-33.87224],[151.20687,-33.87119],[151.20674,-33.87072],[151.20605,-33.86948],[151.2059,-33.86792],[151.20592,-33.86675],[151.20542,-33.86318],[151.20557,-33.86243],[151.20598,-33.86183],[151.20658,-33.86139],[151.20738,-33.86113],[151.20815,-33.86109],[151.2135,-33.86164],[151.21455,-33.86223],[151.21486,-33.86262],[151.21507,-33.8632],[151.21504,-33.8639],[151.2147,-33.86455],[151.21303,-33.86591],[151.21261,-33.86649],[151.2117,-33.87269],[151.21148,-33.87328],[151.21069,-33.87451],[151.20983,-33.87634]],[[151.20979,-33.87633],[151.21069,-33.8744],[151.21146,-33.87205],[151.21236,-33.86654],[151.21282,-33.86584],[151.21456,-33.86444],[151.21486,-33.86379],[151.21489,-33.86327],[151.21474,-33.86277],[151.21441,-33.86229],[151.21342,-33.86169],[151.20821,-33.86114],[151.20739,-33.86116],[151.20657,-33.86144],[151.20605,-33.86181],[151.20563,-33.8624],[151.20547,-33.86316],[151.20602,-33.86639],[151.20598,-33.86802],[151.20617,-33.86938],[151.20699,-33.87115],[151.20711,-33.87303],[151.20674,-33.87555],[151.20711,-33.87633],[151.20853,-33.8776],[151.20884,-33.87821],[151.20889,-33.87866],[151.20876,-33.87976],[151.20807,-33.88241],[151.20758,-33.88344],[151.20657,-33.88476],[151.20592,-33.88539],[151.2024,-33.88798],[151.19974,-33.89099],[151.19872,-33.89194],[151.19671,-33.89315],[151.19454,-33.89407],[151.19209,-33.89473],[151.18857,-33.89589],[151.18634,-33.89681],[151.18394,-33.89747],[151.18222,-33.89779],[151.18012,-33.89795],[151.17729,-33.8978],[151.17609,-33.89762],[151.17504,-33.89727],[151.17221,-33.89575],[151.16839,-33.8944],[151.16647,-33.89422],[151.16324,-33.89474],[151.16181,-33.89479],[151.16054,-33.89465],[151.15831,-33.89401],[151.15691,-33.8938],[151.15282,-33.89427],[151.15169,-33.89424],[151.1502,-33.89402],[151.14745,-33.89335],[151.13825,-33.89019],[151.13688,-33.88995],[151.13183,-33.8896],[151.12521,-33.8876],[151.12417,-33.8871],[151.11977,-33.88557],[151.11585,-33.8836],[151.11248,-33.88123],[151.11022,-33.87942],[151.10902,-33.87868],[151.1073,-33.87803],[151.10085,-33.87663],[151.09963,-33.87616],[151.09829,-33.87533],[151.09625,-33.87329],[151.09402,-33.87194],[151.09272,-33.87067],[151.08855,-33.86804],[151.08483,-33.86632],[151.08056,-33.86503],[151.07908,-33.86474],[151.0778,-33.86469],[151.07369,-33.86515],[151.07167,-33.86517],[151.06987,-33.86499],[151.06558,-33.86409],[151.06264,-33.8639],[151.05979,-33.86398],[151.05681,-33.86458],[151.0559,-33.86466],[151.04809,-33.86447],[151.04577,-33.8641],[151.04289,-33.86292],[151.0421,-33.86279],[151.04115,-33.86285],[151.03991,-33.86332],[151.0384,-33.86445],[151.03469,-33.86997],[151.03385,-33.87095],[151.03297,-33.87162],[151.03029,-33.87316],[151.02691,-33.87611],[151.02643,-33.8767],[151.02582,-33.87782],[151.025,-33.8815],[151.02432,-33.88293],[151.02345,-33.88393],[151.02223,-33.88495],[151.02106,-33.88557],[151.02015,-33.88587],[151.01854,-33.88611],[151.01716,-33.88606],[151.00546,-33.88441],[150.99377,-33.88275],[150.98207,-33.8811],[150.97975,-33.88086],[150.97763,-33.88083],[150.97407,-33.88115],[150.97162,-33.88165],[150.96247,-33.88408],[150.95331,-33.88651],[150.94416,-33.88894],[150.94252,-33.88955],[150.94151,-33.8902],[150.94062,-33.89105],[150.93962,-33.89266],[150.93908,-33.89406],[150.93909,-33.89406],[150.93745,-33.90208],[150.9358,-33.9101],[150.93416,-33.91812],[150.93415,-33.91812],[150.93385,-33.91897],[150.93269,-33.92053],[150.93131,-33.92171],[150.92904,-33.9232],[150.92681,-33.92575]]]}},{"type":"Feature","properties":{"id":"badge-t3","kind":"badge","ref":"T3","lineRef":"train","color":"#F37021"},"geometry":{"type":"Point","coordinates":[151.07519,-33.86495]}},{"type":"Feature","properties":{"id":"line-t4","kind":"line","lineRef":"train","ref":"T4","color":"#005AA3"},"geometry":{"type":"MultiLineString","coordinates":[[[150.99454,-34.13517],[150.99332,-34.12479],[150.99316,-34.12116],[150.99368,-34.11335],[150.9942,-34.10554],[150.99421,-34.10554],[150.9946,-34.1034],[150.99565,-34.1008],[150.99656,-34.09933],[150.99766,-34.09795],[151.00967,-34.0866],[151.01082,-34.08509],[151.01139,-34.08377],[151.01163,-34.08244],[151.01156,-34.07581],[151.01172,-34.07416],[151.01228,-34.07202],[151.01353,-34.06946],[151.01479,-34.06775],[151.01646,-34.06608],[151.01792,-34.06495],[151.02011,-34.06368],[151.02916,-34.06009],[151.03822,-34.05651],[151.04727,-34.05292],[151.04817,-34.05249],[151.04935,-34.05166],[151.05003,-34.05101],[151.05081,-34.04992],[151.05146,-34.04827],[151.05155,-34.04661],[151.05095,-34.04283],[151.05106,-34.0415],[151.05149,-34.03996],[151.0522,-34.03859],[151.05631,-34.03292]],[[151.05567,-34.03387],[151.05223,-34.03861],[151.05138,-34.04038],[151.05109,-34.0415],[151.05099,-34.04283],[151.05159,-34.04661],[151.05157,-34.04787],[151.05125,-34.04914],[151.05085,-34.04996],[151.05006,-34.05106],[151.04938,-34.05171],[151.04819,-34.05254],[151.04729,-34.05298],[151.03824,-34.05656],[151.02918,-34.06013],[151.02013,-34.06371],[151.01847,-34.06464],[151.0165,-34.0661],[151.01482,-34.06779],[151.01357,-34.06948],[151.01253,-34.0715],[151.01177,-34.07417],[151.0116,-34.07581],[151.01168,-34.08245],[151.01143,-34.08377],[151.01086,-34.0851],[151.0097,-34.08662],[150.99769,-34.09798],[150.99597,-34.10031],[150.9952,-34.10183],[150.99464,-34.10341],[150.99424,-34.10554],[150.99372,-34.11335],[150.9932,-34.12116],[150.99337,-34.12479],[150.99465,-34.13515]],[[151.15179,-34.05794],[151.15108,-34.05444],[151.15064,-34.05342],[151.14995,-34.05273],[151.14728,-34.05084],[151.14558,-34.04876],[151.14427,-34.04784],[151.14287,-34.04735],[151.13918,-34.04672],[151.12531,-34.04192],[151.12098,-34.04158],[151.11953,-34.04131],[151.11836,-34.04082],[151.11579,-34.03934],[151.1091,-34.0374],[151.10651,-34.03689],[151.09353,-34.03526],[151.0805,-34.0348],[151.07106,-34.03505],[151.06753,-34.0358],[151.06158,-34.03599],[151.05885,-34.03684],[151.05777,-34.0369],[151.05657,-34.0365],[151.05573,-34.03573],[151.0555,-34.03525],[151.05542,-34.03469],[151.05567,-34.03387]],[[151.0584,-34.03011],[151.05609,-34.03329]],[[151.05631,-34.03292],[151.06326,-34.02335],[151.06418,-34.02163],[151.06461,-34.02017],[151.06482,-34.01839],[151.06476,-34.01708],[151.06432,-34.01389],[151.0645,-34.0123],[151.06479,-34.01153],[151.06549,-34.01043],[151.0683,-34.00785],[151.06862,-34.00727],[151.06878,-34.00662],[151.06877,-34.00597],[151.06857,-34.00532],[151.06682,-34.00257],[151.06655,-34.0019],[151.06637,-34.00066],[151.06656,-33.99962],[151.06709,-33.99844],[151.06769,-33.99764],[151.07282,-33.9928],[151.07593,-33.9892],[151.07652,-33.98833],[151.07682,-33.98743],[151.07682,-33.98579],[151.07696,-33.98489],[151.07736,-33.98403],[151.07865,-33.98222],[151.07892,-33.98139],[151.07889,-33.97976],[151.07828,-33.97712],[151.0784,-33.97592],[151.07868,-33.97528],[151.07981,-33.97372],[151.08086,-33.97121],[151.08169,-33.96996],[151.08382,-33.96804],[151.08522,-33.9672],[151.08661,-33.96662],[151.09111,-33.96576],[151.09598,-33.96519],[151.09733,-33.96523],[151.09898,-33.9656],[151.10335,-33.96784],[151.10501,-33.96839],[151.10608,-33.9685],[151.10843,-33.96837],[151.10991,-33.96845],[151.11413,-33.96963],[151.11576,-33.96987],[151.11686,-33.96979],[151.1278,-33.96757],[151.12915,-33.96708],[151.13032,-33.96636],[151.13128,-33.96544],[151.13193,-33.96443],[151.13383,-33.95858],[151.13474,-33.95624],[151.13688,-33.95202],[151.14131,-33.94383],[151.1424,-33.94247],[151.14487,-33.94043],[151.14604,-33.93903],[151.14912,-33.93283],[151.14958,-33.9321],[151.1548,-33.92705],[151.15603,-33.92554],[151.15657,-33.92441],[151.15706,-33.92202],[151.15749,-33.92117],[151.15821,-33.92023],[151.15926,-33.91932],[151.16387,-33.91627],[151.1666,-33.91468],[151.16819,-33.91338],[151.17427,-33.90942],[151.17632,-33.9085],[151.18126,-33.90711],[151.18268,-33.90636],[151.18365,-33.9055],[151.18421,-33.90473],[151.18455,-33.90393],[151.18565,-33.8999],[151.18597,-33.89938],[151.18674,-33.89876],[151.18817,-33.89811],[151.18961,-33.89767],[151.19057,-33.89754],[151.19552,-33.89738],[151.19655,-33.89712],[151.19738,-33.89665],[151.19789,-33.89618],[151.19827,-33.89559],[151.19882,-33.89315],[151.19954,-33.89189],[151.2005,-33.89101],[151.20341,-33.88888],[151.20566,-33.88669],[151.20801,-33.88362],[151.20831,-33.8828],[151.2083,-33.88205],[151.20801,-33.88125],[151.2075,-33.88062],[151.20642,-33.87968],[151.20591,-33.87889],[151.20571,-33.8781],[151.20571,-33.87753],[151.20594,-33.87677],[151.20662,-33.87555],[151.20706,-33.8726],[151.20772,-33.87111],[151.20821,-33.86934],[151.20862,-33.86869],[151.20903,-33.86831],[151.20999,-33.86784],[151.21102,-33.86771],[151.21352,-33.86793],[151.21482,-33.86826],[151.21585,-33.86876],[151.2166,-33.86932],[151.21723,-33.87],[151.21903,-33.87256],[151.21974,-33.87315],[151.22064,-33.87363],[151.22608,-33.87623],[151.22721,-33.87655],[151.23181,-33.87726],[151.23267,-33.87762],[151.23478,-33.87887],[151.23799,-33.87958],[151.23933,-33.8802],[151.24046,-33.88108],[151.24218,-33.88283],[151.24274,-33.88374],[151.24302,-33.88493],[151.24297,-33.88768],[151.24332,-33.88861],[151.244,-33.88948],[151.2448,-33.89006],[151.24554,-33.89039],[151.24999,-33.89145]],[[151.24977,-33.89164],[151.24525,-33.89057],[151.24418,-33.88997],[151.24358,-33.88942],[151.24304,-33.88859],[151.24279,-33.88774],[151.24288,-33.88486],[151.24262,-33.88377],[151.24217,-33.88302],[151.24029,-33.8811],[151.23877,-33.88001],[151.23767,-33.87961],[151.23488,-33.879],[151.23275,-33.8777],[151.23163,-33.87724],[151.22626,-33.87641],[151.22161,-33.87428],[151.21923,-33.87281],[151.21688,-33.86977],[151.21606,-33.86912],[151.21492,-33.86852],[151.21347,-33.86812],[151.21107,-33.86789],[151.21006,-33.86802],[151.20921,-33.86841],[151.20839,-33.86929],[151.2078,-33.87119],[151.20723,-33.87244],[151.20668,-33.87553],[151.20601,-33.87689],[151.20587,-33.87766],[151.20594,-33.87843],[151.20622,-33.87913],[151.20778,-33.88074],[151.20819,-33.88133],[151.20844,-33.88217],[151.20841,-33.88287],[151.20802,-33.88388],[151.20575,-33.88683],[151.20322,-33.88923],[151.19983,-33.89173],[151.19927,-33.89251],[151.19891,-33.89329],[151.19834,-33.8956],[151.19793,-33.89622],[151.19718,-33.89686],[151.19628,-33.89726],[151.19535,-33.89745],[151.18986,-33.89767],[151.18851,-33.89804],[151.18679,-33.89877],[151.18617,-33.89924],[151.18568,-33.89991],[151.18463,-33.90379],[151.18425,-33.90475],[151.18368,-33.90552],[151.18298,-33.90619],[151.18075,-33.90745],[151.17675,-33.9084],[151.17429,-33.90944],[151.16822,-33.91341],[151.16663,-33.91471],[151.16389,-33.9163],[151.15929,-33.91934],[151.15824,-33.92025],[151.15769,-33.92094],[151.1571,-33.92203],[151.1566,-33.92444],[151.15597,-33.92569],[151.15443,-33.92757],[151.14962,-33.93212],[151.14814,-33.93493],[151.14749,-33.93663],[151.14586,-33.93936],[151.14491,-33.94045],[151.14244,-33.9425],[151.14135,-33.94385],[151.13784,-33.9503],[151.13712,-33.95199],[151.13601,-33.9538],[151.13479,-33.95625],[151.13387,-33.95859],[151.13197,-33.96445],[151.13131,-33.96546],[151.13035,-33.96639],[151.12856,-33.96737],[151.12453,-33.9684],[151.11687,-33.96982],[151.11559,-33.96994],[151.11395,-33.96974],[151.11138,-33.96883],[151.10991,-33.96848],[151.10843,-33.96841],[151.10608,-33.96854],[151.10454,-33.96832],[151.10268,-33.96769],[151.10036,-33.96627],[151.09897,-33.96564],[151.09733,-33.96527],[151.09599,-33.96523],[151.09111,-33.96579],[151.08684,-33.96658],[151.08548,-33.96712],[151.08425,-33.9678],[151.08308,-33.96866],[151.08214,-33.96956],[151.08074,-33.9716],[151.07986,-33.97373],[151.07872,-33.97529],[151.07844,-33.97593],[151.07832,-33.97711],[151.07905,-33.98015],[151.07906,-33.98125],[151.07871,-33.98224],[151.0774,-33.98405],[151.077,-33.9849],[151.07686,-33.98579],[151.07686,-33.98743],[151.07657,-33.98834],[151.07597,-33.98922],[151.07365,-33.99195],[151.07241,-33.99325],[151.06801,-33.99735],[151.06731,-33.99818],[151.06681,-33.99905],[151.06642,-34.00066],[151.06659,-34.00189],[151.06704,-34.00285],[151.06801,-34.00412],[151.06851,-34.00503],[151.06881,-34.00596],[151.06876,-34.00696],[151.06853,-34.00757],[151.06811,-34.00813],[151.06645,-34.00951],[151.06552,-34.01045],[151.06484,-34.01154],[151.06455,-34.0123],[151.06437,-34.01389],[151.0648,-34.01707],[151.06486,-34.0186],[151.06454,-34.02068],[151.06403,-34.0221],[151.06329,-34.02337],[151.0584,-34.03011]],[[151.0584,-34.03011],[151.05743,-34.0317],[151.05574,-34.03385],[151.05554,-34.03439],[151.05561,-34.03529],[151.05597,-34.03592],[151.05662,-34.03645],[151.05747,-34.03679],[151.05865,-34.03682],[151.0607,-34.03612],[151.06203,-34.03588],[151.06789,-34.03568],[151.07113,-34.03493],[151.08059,-34.03475],[151.08545,-34.03481],[151.09289,-34.03515],[151.10009,-34.03603],[151.10238,-34.0362],[151.10782,-34.03708],[151.11535,-34.03913],[151.11669,-34.03973],[151.11838,-34.04079],[151.11956,-34.04124],[151.12394,-34.04161],[151.12534,-34.04186],[151.13872,-34.04654],[151.14022,-34.04691],[151.14303,-34.04728],[151.14408,-34.04761],[151.14548,-34.04848],[151.14703,-34.05048],[151.14767,-34.05113],[151.15045,-34.05313],[151.15101,-34.05402],[151.1514,-34.05578]]]}},{"type":"Feature","properties":{"id":"badge-t4","kind":"badge","ref":"T4","lineRef":"train","color":"#005AA3"},"geometry":{"type":"Point","coordinates":[151.14613,-33.93885]}},{"type":"Feature","properties":{"id":"line-t5","kind":"line","lineRef":"train","ref":"T5","color":"#C4258F"},"geometry":{"type":"MultiLineString","coordinates":[[[150.78537,-33.60767],[150.77637,-33.60563],[150.76736,-33.6036],[150.75836,-33.60156],[150.75717,-33.60113],[150.75492,-33.60005],[150.75248,-33.59863]],[[150.79084,-33.60987],[150.78973,-33.6095],[150.78729,-33.60834],[150.78537,-33.60767]],[[150.78537,-33.60767],[150.78732,-33.60831],[150.79084,-33.60987]],[[150.82868,-33.62625],[150.82526,-33.62594],[150.82088,-33.62413],[150.82026,-33.62377],[150.81944,-33.623],[150.81854,-33.62181],[150.8163,-33.62004],[150.81572,-33.61944],[150.81335,-33.6159],[150.81248,-33.6149],[150.81142,-33.61398],[150.81049,-33.61344],[150.80956,-33.61315],[150.80474,-33.61249],[150.79244,-33.61028],[150.79084,-33.60987]],[[150.80362,-33.95364],[150.81106,-33.95486],[150.81823,-33.95491],[150.82091,-33.95457],[150.83203,-33.9518],[150.83419,-33.95168],[150.83649,-33.95203],[150.83801,-33.95257],[150.8393,-33.95327],[150.84042,-33.95413],[150.84128,-33.95506],[150.84211,-33.95634],[150.84393,-33.96087],[150.84449,-33.9618],[150.84551,-33.96301],[150.84708,-33.96429],[150.84992,-33.96616],[150.85269,-33.96769],[150.85509,-33.96847],[150.86711,-33.9712],[150.87913,-33.97394],[150.88532,-33.97638],[150.88636,-33.97649],[150.8873,-33.97641],[150.88881,-33.97581],[150.89195,-33.97321],[150.90015,-33.96596],[150.90834,-33.95872],[150.9102,-33.95668],[150.91109,-33.95534],[150.91162,-33.95416],[150.91178,-33.95297],[150.91169,-33.95084],[150.9122,-33.9492],[150.91321,-33.9476],[150.91467,-33.94597],[150.91546,-33.94481],[150.91906,-33.93765],[150.92265,-33.9305],[150.92404,-33.92853],[150.92814,-33.92384],[150.92939,-33.9228],[150.93176,-33.92128],[150.93284,-33.92025],[150.93346,-33.91946],[150.934,-33.91837],[150.93423,-33.91748],[150.93575,-33.90998],[150.93727,-33.90249],[150.93879,-33.89499],[150.93954,-33.89263],[150.94071,-33.89058],[150.94782,-33.88237],[150.95494,-33.87417],[150.95493,-33.87417],[150.95655,-33.87271],[150.95802,-33.87175],[150.96823,-33.8662],[150.97844,-33.86065],[150.97986,-33.85976],[150.98115,-33.85868],[150.98274,-33.8568],[150.99079,-33.84513],[150.99118,-33.84397],[150.99121,-33.84309],[150.99057,-33.841],[150.99049,-33.83979],[150.99079,-33.83861],[150.99148,-33.83754],[151.00057,-33.83028],[151.00264,-33.82949],[151.00574,-33.82917],[151.00662,-33.82871],[151.00714,-33.82792],[151.00717,-33.82481],[151.00773,-33.82238],[151.00778,-33.82136],[151.00746,-33.82006],[151.00659,-33.8187],[151.00535,-33.81764],[151.00415,-33.81702],[150.99845,-33.81569],[150.99687,-33.81499],[150.99603,-33.81442],[150.99529,-33.81373],[150.99413,-33.81211],[150.99336,-33.81128],[150.99166,-33.81011],[150.9896,-33.80917],[150.98716,-33.80835],[150.98552,-33.80799],[150.98324,-33.80782],[150.97784,-33.80835],[150.97651,-33.80828],[150.97473,-33.80798],[150.97215,-33.80715],[150.96734,-33.80502],[150.96572,-33.80442],[150.95974,-33.80327],[150.95741,-33.8023],[150.95619,-33.80151],[150.95536,-33.80067],[150.95395,-33.79881],[150.95277,-33.79655],[150.9523,-33.79464],[150.95158,-33.78873],[150.95095,-33.7861],[150.95019,-33.78418],[150.94903,-33.78227],[150.94763,-33.78055],[150.9459,-33.77893],[150.94393,-33.77752],[150.94185,-33.77638],[150.93902,-33.77516],[150.93756,-33.77473],[150.93544,-33.77439],[150.93151,-33.77411],[150.929,-33.77468],[150.92783,-33.77475],[150.92702,-33.77465],[150.9247,-33.77395],[150.92362,-33.7739],[150.92164,-33.77408],[150.92011,-33.77385],[150.91733,-33.77287],[150.91282,-33.77022],[150.91128,-33.76953],[150.90874,-33.76868],[150.90768,-33.768],[150.90702,-33.76722],[150.90648,-33.76609],[150.90384,-33.75641],[150.90285,-33.75374],[150.9003,-33.74797],[150.90013,-33.7468],[150.90007,-33.74169],[150.89976,-33.74053],[150.8992,-33.73973],[150.89785,-33.73823],[150.89244,-33.73423],[150.89087,-33.73294],[150.88667,-33.72807],[150.88187,-33.72212],[150.87595,-33.71171],[150.87557,-33.71061],[150.87466,-33.70683],[150.87303,-33.70274],[150.87215,-33.70098]],[[150.87215,-33.70098],[150.87327,-33.70305],[150.87421,-33.70528],[150.87601,-33.71169],[150.88193,-33.72209],[150.8909,-33.73292],[150.89787,-33.73821],[150.89923,-33.73971],[150.8998,-33.74052],[150.90012,-33.74169],[150.90027,-33.74713],[150.90049,-33.74835],[150.90291,-33.75378],[150.90388,-33.75639],[150.90653,-33.76608],[150.90702,-33.767],[150.90765,-33.76779],[150.90896,-33.76865],[150.91164,-33.76962],[150.91284,-33.77019],[150.91693,-33.77263],[150.91974,-33.77371],[150.92145,-33.77403],[150.92448,-33.77374],[150.92764,-33.77413],[150.93165,-33.77396],[150.93625,-33.77421],[150.93849,-33.77477],[150.94149,-33.77607],[150.94349,-33.7771],[150.94553,-33.77846],[150.94731,-33.78002],[150.94883,-33.78175],[150.95009,-33.78369],[150.95128,-33.78622],[150.9516,-33.78721],[150.95245,-33.79462],[150.95291,-33.79652],[150.95356,-33.79791],[150.95439,-33.79918],[150.95533,-33.80029],[150.95697,-33.80172],[150.95817,-33.80246],[150.95979,-33.80314],[150.96578,-33.8043],[150.97078,-33.8064],[150.97513,-33.80793],[150.97758,-33.80822],[150.98266,-33.80772],[150.98556,-33.80786],[150.98807,-33.80839],[150.99174,-33.81],[150.99287,-33.81069],[150.99379,-33.81143],[150.99428,-33.81196],[150.9954,-33.8137],[150.99691,-33.81496],[150.99872,-33.81573],[151.00403,-33.81693],[151.00553,-33.81772],[151.00663,-33.81868],[151.00751,-33.82005],[151.00772,-33.8207],[151.00785,-33.82175],[151.00778,-33.82278],[151.00722,-33.82507],[151.00719,-33.82793],[151.00666,-33.82874],[151.00576,-33.82921],[151.00265,-33.82952],[151.00138,-33.82993],[151.0006,-33.83032],[150.99152,-33.83756],[150.99083,-33.83863],[150.99053,-33.8398],[150.99061,-33.84099],[150.99113,-33.84249],[150.99127,-33.84339],[150.99116,-33.84429],[150.99083,-33.84514],[150.98277,-33.85682],[150.98117,-33.85871],[150.97988,-33.85979],[150.97846,-33.86068],[150.96825,-33.86624],[150.95804,-33.87179],[150.95621,-33.87303],[150.95465,-33.87457],[150.9477,-33.88258],[150.94074,-33.8906],[150.94012,-33.89158],[150.93934,-33.8933],[150.93883,-33.895],[150.93727,-33.90271],[150.93572,-33.91041],[150.93416,-33.91812],[150.93415,-33.91812],[150.9337,-33.91924],[150.93269,-33.92053],[150.93183,-33.92132],[150.92883,-33.92339],[150.92524,-33.92773],[150.92339,-33.92945],[150.92267,-33.93052],[150.91908,-33.93767],[150.9155,-33.94483],[150.91471,-33.94599],[150.91324,-33.94762],[150.9123,-33.94909],[150.91174,-33.95074],[150.91183,-33.95297],[150.91166,-33.95416],[150.91113,-33.95536],[150.91024,-33.95669],[150.90836,-33.95874],[150.90194,-33.96443],[150.89552,-33.97013],[150.8891,-33.97582],[150.88849,-33.97614],[150.88729,-33.97649],[150.88623,-33.97654],[150.88532,-33.97642],[150.87905,-33.97396],[150.86759,-33.97137],[150.85612,-33.96878],[150.85273,-33.96774],[150.85103,-33.96689],[150.84931,-33.96582],[150.84705,-33.96432],[150.84552,-33.96307],[150.84447,-33.96183],[150.84388,-33.96088],[150.84213,-33.95649],[150.84125,-33.95508],[150.84039,-33.95416],[150.83927,-33.9533],[150.83799,-33.9526],[150.83647,-33.95207],[150.8342,-33.95172],[150.83203,-33.95184],[150.82141,-33.95449],[150.81877,-33.9549],[150.81083,-33.95489],[150.80713,-33.9543]],[[150.83208,-33.62715],[150.82868,-33.62625]],[[150.82868,-33.62625],[150.83043,-33.62655],[150.83208,-33.62715]],[[150.85891,-33.67599],[150.85708,-33.67024],[150.85684,-33.66865],[150.85659,-33.66785],[150.85597,-33.66675],[150.85372,-33.66399],[150.85321,-33.66307],[150.85263,-33.66161],[150.85224,-33.65957],[150.85185,-33.65259],[150.85151,-33.65119],[150.85091,-33.64983],[150.85007,-33.64857],[150.84499,-33.64211],[150.8399,-33.63564],[150.83482,-33.62918],[150.83345,-33.62794],[150.83208,-33.62715]],[[150.86116,-33.68073],[150.85983,-33.67825],[150.85891,-33.67599]],[[150.85891,-33.67599],[150.85999,-33.6785],[150.86116,-33.68073]],[[150.87215,-33.70098],[150.87214,-33.70098],[150.86848,-33.69423],[150.86482,-33.68748],[150.86116,-33.68073]]]}},{"type":"Feature","properties":{"id":"badge-t5","kind":"badge","ref":"T5","lineRef":"train","color":"#C4258F"},"geometry":{"type":"Point","coordinates":[150.98197,-33.85771]}},{"type":"Feature","properties":{"id":"line-t6","kind":"line","lineRef":"train","ref":"T6","color":"#783D1D"},"geometry":{"type":"MultiLineString","coordinates":[[[151.04183,-33.86279],[151.04095,-33.86289],[151.04021,-33.86316],[151.03864,-33.86421],[151.03469,-33.86997],[151.03385,-33.87095],[151.03297,-33.87162],[151.03029,-33.87316],[151.02691,-33.87611],[151.02643,-33.8767],[151.02582,-33.87782],[151.025,-33.8815],[151.02453,-33.88259],[151.02324,-33.88414],[151.0223,-33.88501],[151.02128,-33.8857],[151.02098,-33.8861],[151.02079,-33.88671],[151.02091,-33.88743],[151.02137,-33.88808],[151.02216,-33.88852],[151.02344,-33.88876],[151.02401,-33.88899],[151.02464,-33.88956],[151.02495,-33.89029],[151.0248,-33.89119],[151.02255,-33.89782],[151.02187,-33.90172],[151.02192,-33.90248],[151.02221,-33.90329],[151.028,-33.91258],[151.0283,-33.91369],[151.02827,-33.91561],[151.0288,-33.91673],[151.02982,-33.91758],[151.03096,-33.91798],[151.03195,-33.91803],[151.03484,-33.91777]],[[151.03485,-33.9179],[151.03201,-33.9181],[151.03101,-33.91806],[151.0298,-33.91761],[151.02876,-33.91675],[151.02823,-33.91561],[151.02823,-33.91342],[151.02796,-33.91259],[151.02217,-33.9033],[151.02191,-33.90264],[151.02183,-33.90172],[151.02251,-33.89781],[151.02376,-33.89386],[151.02476,-33.89119],[151.0249,-33.89029],[151.02461,-33.88958],[151.02399,-33.88903],[151.02344,-33.88879],[151.02209,-33.88853],[151.02136,-33.88812],[151.0209,-33.88752],[151.02075,-33.8867],[151.02108,-33.88586],[151.02319,-33.88412],[151.02451,-33.88234],[151.02503,-33.88115],[151.02579,-33.87781],[151.02613,-33.8771],[151.02688,-33.87609],[151.03025,-33.87313],[151.03145,-33.8723],[151.03307,-33.87141],[151.03409,-33.87059],[151.03488,-33.86961],[151.03861,-33.86418],[151.04016,-33.86315],[151.04113,-33.86281],[151.04183,-33.86279]],[[151.04564,-33.86418],[151.04449,-33.86375],[151.04289,-33.86292],[151.04183,-33.86279]]]}},{"type":"Feature","properties":{"id":"badge-t6","kind":"badge","ref":"T6","lineRef":"train","color":"#783D1D"},"geometry":{"type":"Point","coordinates":[151.02367,-33.88889]}},{"type":"Feature","properties":{"id":"line-t7","kind":"line","lineRef":"train","ref":"T7","color":"#6F818E"},"geometry":{"type":"MultiLineString","coordinates":[[[151.04681,-33.86411],[151.04811,-33.86425],[151.05119,-33.8643],[151.05214,-33.864],[151.05316,-33.86343]],[[151.05316,-33.86343],[151.05425,-33.86294],[151.05918,-33.86163],[151.05991,-33.86125],[151.06043,-33.86071],[151.06158,-33.85888],[151.06328,-33.85701],[151.06558,-33.85418],[151.0684,-33.85235],[151.0689,-33.85151],[151.06892,-33.85092],[151.06877,-33.85037],[151.06778,-33.84901],[151.06751,-33.8484],[151.06753,-33.84781],[151.06783,-33.84733],[151.07124,-33.84602],[151.07222,-33.84611],[151.07314,-33.84668],[151.07362,-33.84749],[151.07381,-33.84815],[151.07375,-33.84885],[151.07337,-33.84958],[151.07271,-33.85013],[151.07068,-33.85111],[151.06561,-33.85421],[151.06204,-33.85862],[151.06043,-33.86113],[151.05964,-33.86155],[151.05443,-33.86292],[151.05316,-33.86343]]]}},{"type":"Feature","properties":{"id":"badge-t7","kind":"badge","ref":"T7","lineRef":"train","color":"#6F818E"},"geometry":{"type":"Point","coordinates":[151.0721,-33.8461]}},{"type":"Feature","properties":{"id":"line-t8","kind":"line","lineRef":"train","ref":"T8","color":"#00954C"},"geometry":{"type":"MultiLineString","coordinates":[[[150.79583,-34.07223],[150.80318,-34.0708],[150.80539,-34.07007],[150.80765,-34.06893],[150.80914,-34.06789],[150.81732,-34.0613],[150.82551,-34.0547],[150.83369,-34.04811],[150.83468,-34.04694],[150.83561,-34.04521],[150.8395,-34.03514],[150.84339,-34.02508],[150.84728,-34.01501],[150.8485,-34.01268],[150.84982,-34.01085],[150.85183,-34.00875],[150.85182,-34.00875],[150.85897,-34.00242],[150.86613,-33.99608],[150.87328,-33.98975],[150.87554,-33.98761],[150.87767,-33.98587],[150.88726,-33.97737],[150.88863,-33.97594],[150.89627,-33.96932],[150.89965,-33.96617],[150.90147,-33.96502],[150.9031,-33.96455],[150.90594,-33.96434],[150.91622,-33.96536],[150.91887,-33.9654],[150.93153,-33.96465],[150.94418,-33.9639],[150.95684,-33.96315],[150.9597,-33.96331],[150.97368,-33.96518],[150.97539,-33.96524],[150.97722,-33.9651],[150.98022,-33.96436],[150.98193,-33.96364],[150.98324,-33.9629],[150.98484,-33.96175],[150.98977,-33.9573],[150.99178,-33.956],[150.99427,-33.95498],[150.99681,-33.95442],[151.0113,-33.95262],[151.01462,-33.95241],[151.0264,-33.95208],[151.03817,-33.95174],[151.04594,-33.95261],[151.0474,-33.95264],[151.04887,-33.95238],[151.06632,-33.94756],[151.06781,-33.94732],[151.06921,-33.94733],[151.07037,-33.94755],[151.07437,-33.94924],[151.07576,-33.94969],[151.0777,-33.94986],[151.07915,-33.94966],[151.09103,-33.94584],[151.09243,-33.94512],[151.09499,-33.94322],[151.09617,-33.94249],[151.10454,-33.93889],[151.10686,-33.93826],[151.11391,-33.93744],[151.11548,-33.93705],[151.11666,-33.9364],[151.11875,-33.93456],[151.11978,-33.93387],[151.12265,-33.93268],[151.12552,-33.93129],[151.12656,-33.93105],[151.12772,-33.931],[151.12893,-33.93116],[151.13133,-33.93182],[151.13306,-33.93188],[151.13438,-33.93161],[151.14296,-33.92896]],[[151.14284,-33.92904],[151.13351,-33.93188],[151.13263,-33.93196],[151.13133,-33.93186],[151.12815,-33.93107],[151.12693,-33.93105],[151.12579,-33.93128],[151.11981,-33.9339],[151.11878,-33.93459],[151.11669,-33.93643],[151.1153,-33.93717],[151.11361,-33.93759],[151.10747,-33.93819],[151.10456,-33.93893],[151.09634,-33.9425],[151.09461,-33.94354],[151.09246,-33.94514],[151.09105,-33.94587],[151.07917,-33.9497],[151.0777,-33.9499],[151.07575,-33.94973],[151.0748,-33.94945],[151.07081,-33.94779],[151.06919,-33.94742],[151.06781,-33.94736],[151.06633,-33.9476],[151.05118,-33.95182],[151.0474,-33.95267],[151.04594,-33.95266],[151.03816,-33.95178],[151.02551,-33.95217],[151.01287,-33.95257],[150.99624,-33.95456],[150.99339,-33.95532],[150.99079,-33.95662],[150.98935,-33.9577],[150.98487,-33.96177],[150.9827,-33.96327],[150.98024,-33.9644],[150.97723,-33.96514],[150.97539,-33.96528],[150.97368,-33.96521],[150.96037,-33.96344],[150.95796,-33.96326],[150.95319,-33.96335],[150.94154,-33.96405],[150.9299,-33.96475],[150.91825,-33.96545],[150.91824,-33.96545],[150.91569,-33.96536],[150.90611,-33.96439],[150.90387,-33.96459],[150.9023,-33.96505],[150.90043,-33.96601],[150.89764,-33.96831],[150.89053,-33.97472],[150.88713,-33.97754],[150.87477,-33.98835],[150.87331,-33.98978],[150.86616,-33.99611],[150.859,-34.00245],[150.85185,-34.00878],[150.84986,-34.01087],[150.84853,-34.01271],[150.84732,-34.01502],[150.84343,-34.02509],[150.83953,-34.03517],[150.83564,-34.04524],[150.83565,-34.04524],[150.83472,-34.04695],[150.83372,-34.04814],[150.82554,-34.05473],[150.81735,-34.06132],[150.80917,-34.06791],[150.80768,-34.06895],[150.80542,-34.0701],[150.80378,-34.07067],[150.79584,-34.07226]],[[151.1526,-33.9286],[151.15178,-33.9288],[151.15084,-33.92882],[151.14745,-33.92826],[151.1463,-33.92822],[151.14494,-33.92844],[151.14284,-33.92904]],[[151.1526,-33.9286],[151.15055,-33.92873],[151.14744,-33.9282],[151.14637,-33.92816],[151.14492,-33.92839],[151.14284,-33.92904]],[[151.14296,-33.92896],[151.14491,-33.92836],[151.1463,-33.92813],[151.14744,-33.92817],[151.15046,-33.92868],[151.15273,-33.92855]],[[151.14296,-33.92896],[151.14493,-33.92829],[151.14613,-33.92808],[151.14747,-33.92811],[151.14995,-33.92855],[151.15098,-33.9286],[151.15255,-33.92845],[151.15359,-33.92799],[151.15464,-33.92705],[151.15589,-33.9254],[151.15635,-33.92436],[151.15686,-33.92233],[151.15718,-33.92155],[151.1578,-33.92059],[151.15882,-33.91955],[151.15882,-33.91956],[151.16652,-33.91446],[151.17422,-33.90936],[151.17583,-33.9086],[151.18165,-33.90681],[151.18263,-33.90631],[151.18339,-33.90565],[151.18412,-33.9047],[151.18466,-33.90324],[151.18543,-33.90013],[151.18626,-33.8985],[151.18727,-33.89728],[151.18875,-33.89618],[151.18956,-33.89575],[151.19236,-33.89477],[151.19499,-33.89402],[151.19837,-33.89236],[151.19948,-33.8914],[151.20214,-33.88828],[151.20652,-33.88503]],[[151.20787,-33.88318],[151.20766,-33.88389],[151.20702,-33.88475],[151.20446,-33.88688],[151.20347,-33.88788],[151.20298,-33.88877],[151.20283,-33.88933],[151.20177,-33.89484],[151.20174,-33.89561],[151.203,-33.90096],[151.20368,-33.90317],[151.20367,-33.90407],[151.2034,-33.90496],[151.20264,-33.90605],[151.20183,-33.90669],[151.20068,-33.90721],[151.19846,-33.90785],[151.19708,-33.90874],[151.18856,-33.9181],[151.18805,-33.91922],[151.18731,-33.92299],[151.18721,-33.92469],[151.1875,-33.92683],[151.18747,-33.92751],[151.18647,-33.93119],[151.18588,-33.93218],[151.18518,-33.93284],[151.18404,-33.93346],[151.18278,-33.93373],[151.18104,-33.93369],[151.17807,-33.93339],[151.17606,-33.9335],[151.17455,-33.93395],[151.17096,-33.93563],[151.17002,-33.93582],[151.1688,-33.93583],[151.16762,-33.93558],[151.16383,-33.93427],[151.16276,-33.93356],[151.16089,-33.93197],[151.15613,-33.92907],[151.15448,-33.92859],[151.1526,-33.9286]],[[151.15273,-33.92855],[151.15453,-33.92856],[151.15637,-33.92914],[151.16102,-33.93201],[151.16303,-33.93372],[151.16385,-33.93424],[151.1673,-33.93543],[151.16866,-33.93577],[151.16989,-33.9358],[151.17111,-33.93553],[151.17433,-33.934],[151.17602,-33.93347],[151.17802,-33.93336],[151.18171,-33.9337],[151.18288,-33.93369],[151.18413,-33.93338],[151.18516,-33.93279],[151.18594,-33.93203],[151.18641,-33.93118],[151.18739,-33.92764],[151.18743,-33.92661],[151.18716,-33.92467],[151.18727,-33.92297],[151.188,-33.91924],[151.18862,-33.91789],[151.19703,-33.90869],[151.19844,-33.9078],[151.20078,-33.90714],[151.2018,-33.90667],[151.20279,-33.90582],[151.20336,-33.90495],[151.20361,-33.90411],[151.20358,-33.90293],[151.20296,-33.90097],[151.20182,-33.89641],[151.20169,-33.89515],[151.20292,-33.88874],[151.20366,-33.88753],[151.20495,-33.8863]],[[151.20495,-33.8863],[151.20233,-33.88819],[151.19942,-33.89151],[151.1984,-33.89238],[151.19501,-33.89405],[151.19183,-33.89496],[151.18958,-33.89578],[151.18878,-33.89621],[151.18731,-33.89731],[151.18629,-33.89852],[151.18547,-33.90013],[151.18432,-33.90439],[151.18361,-33.90548],[151.18265,-33.90634],[151.18106,-33.90715],[151.17631,-33.90846],[151.17425,-33.90938],[151.17425,-33.90939],[151.16655,-33.91448],[151.15885,-33.91958],[151.15796,-33.92045],[151.15712,-33.92173],[151.15631,-33.92463],[151.15571,-33.92576],[151.15467,-33.92707],[151.1538,-33.9279],[151.15273,-33.92855]],[[151.20787,-33.88318],[151.20742,-33.88401],[151.20653,-33.88514],[151.20495,-33.8863]],[[151.20495,-33.8863],[151.20652,-33.88503]],[[151.20652,-33.88503],[151.20739,-33.88399],[151.20796,-33.88285],[151.20946,-33.87707],[151.21069,-33.8744],[151.21146,-33.87205],[151.21236,-33.86654],[151.21282,-33.86584],[151.21446,-33.86456],[151.21482,-33.86395],[151.21489,-33.86327],[151.21474,-33.86277],[151.21441,-33.86229],[151.21376,-33.86181],[151.21275,-33.86158],[151.20778,-33.86112],[151.20657,-33.86144],[151.20605,-33.86181],[151.20572,-33.86223],[151.20547,-33.86316],[151.20602,-33.86639],[151.206,-33.86844],[151.20627,-33.86971],[151.20682,-33.87062],[151.20699,-33.87115],[151.20711,-33.87297],[151.20692,-33.87434]],[[151.2066,-33.8752],[151.20694,-33.87198],[151.20679,-33.87086],[151.20626,-33.86999],[151.20602,-33.86924],[151.20592,-33.86675],[151.20542,-33.86318],[151.20564,-33.86227],[151.20598,-33.86183],[151.20658,-33.86139],[151.20775,-33.86109],[151.21276,-33.86152],[151.21402,-33.86185],[151.21455,-33.86223],[151.21492,-33.86274],[151.21509,-33.86332],[151.21504,-33.8639],[151.21458,-33.86469],[151.21294,-33.86599],[151.21256,-33.86662],[151.2117,-33.87269],[151.2114,-33.87344],[151.21056,-33.87478],[151.20957,-33.87692],[151.20904,-33.87859],[151.20885,-33.87978],[151.20816,-33.88244],[151.20787,-33.88318]]]}},{"type":"Feature","properties":{"id":"badge-t8","kind":"badge","ref":"T8","lineRef":"train","color":"#00954C"},"geometry":{"type":"Point","coordinates":[150.94902,-33.96361]}},{"type":"Feature","properties":{"id":"line-t9","kind":"line","lineRef":"train","ref":"T9","color":"#D11F2F"},"geometry":{"type":"MultiLineString","coordinates":[[[151.15337,-33.75451],[151.15855,-33.76129],[151.16372,-33.76807],[151.1689,-33.77485],[151.16971,-33.77633],[151.17025,-33.77885],[151.17106,-33.7803],[151.17199,-33.78125],[151.1728,-33.78182],[151.17794,-33.78455],[151.17903,-33.78556],[151.18017,-33.78726],[151.18077,-33.78878],[151.18093,-33.78971],[151.18097,-33.79573],[151.18111,-33.79749],[151.18107,-33.80084],[151.18137,-33.80374],[151.18175,-33.80502],[151.1823,-33.80601],[151.18307,-33.80702],[151.18466,-33.80846],[151.18603,-33.80931],[151.1903,-33.81134],[151.19139,-33.8121],[151.19244,-33.81324],[151.19321,-33.81488],[151.19336,-33.81584],[151.19339,-33.81789],[151.19439,-33.82355],[151.19472,-33.82473],[151.19571,-33.82714],[151.19576,-33.82781],[151.19542,-33.8287],[151.19489,-33.82926],[151.19435,-33.82957],[151.19281,-33.83006],[151.19212,-33.8306],[151.19174,-33.83155],[151.19198,-33.83246],[151.19251,-33.83301],[151.19325,-33.83332],[151.19392,-33.83342],[151.19558,-33.83336],[151.19668,-33.8339],[151.19725,-33.83489],[151.19715,-33.83658],[151.19738,-33.83754],[151.19788,-33.83838],[151.1989,-33.83924],[151.20077,-33.83989],[151.20798,-33.84118],[151.20931,-33.84181],[151.2102,-33.84267],[151.21113,-33.84404],[151.21246,-33.84745],[151.21251,-33.84851],[151.21222,-33.84951],[151.20624,-33.85911],[151.20523,-33.8619],[151.20522,-33.86262],[151.20571,-33.8655],[151.20609,-33.86937],[151.20692,-33.8711],[151.20702,-33.87262],[151.20667,-33.87515],[151.20671,-33.87568],[151.20709,-33.87638],[151.2085,-33.87766],[151.20884,-33.87852],[151.20863,-33.88017],[151.20807,-33.88229],[151.20768,-33.88318],[151.20562,-33.88554],[151.20235,-33.88787],[151.1994,-33.89119],[151.1971,-33.89283],[151.19451,-33.894],[151.18935,-33.89555],[151.1863,-33.89671],[151.18267,-33.89766],[151.17896,-33.89782],[151.1761,-33.89755],[151.17441,-33.89692],[151.17225,-33.89568],[151.16923,-33.89456],[151.16754,-33.89418],[151.16518,-33.89426],[151.16183,-33.89471],[151.16056,-33.89458],[151.15833,-33.89395],[151.15691,-33.89373],[151.15578,-33.89376],[151.15281,-33.89416],[151.15022,-33.89393],[151.1487,-33.89364],[151.14563,-33.89266],[151.13858,-33.89018],[151.13688,-33.88988],[151.13245,-33.88962],[151.13042,-33.88918],[151.12079,-33.8859],[151.11893,-33.8851],[151.11565,-33.88329],[151.11296,-33.8815],[151.10985,-33.87908],[151.10821,-33.87825],[151.10475,-33.87728],[151.10088,-33.87656],[151.09967,-33.87609],[151.09835,-33.87528],[151.09605,-33.87301],[151.09407,-33.87176],[151.0919,-33.86982],[151.09155,-33.86929],[151.09053,-33.86585],[151.08867,-33.86049],[151.08806,-33.85905],[151.0865,-33.85354],[151.08558,-33.84837],[151.0853,-33.84388],[151.08542,-33.84034],[151.08601,-33.83578],[151.08791,-33.82661],[151.08838,-33.82366],[151.09011,-33.81565],[151.09017,-33.81368],[151.0897,-33.80983],[151.08974,-33.80872],[151.09004,-33.80747],[151.09104,-33.80512],[151.09114,-33.80396],[151.09082,-33.80267],[151.09032,-33.80184],[151.08984,-33.80131],[151.089,-33.8007],[151.08626,-33.79929],[151.08514,-33.79837],[151.08457,-33.79769],[151.08395,-33.79648],[151.08241,-33.792],[151.08224,-33.79077],[151.08229,-33.7893],[151.08402,-33.77963],[151.08422,-33.7779],[151.0841,-33.77674],[151.08375,-33.77558],[151.08197,-33.77286],[151.08165,-33.77202],[151.0814,-33.77061],[151.08158,-33.76874],[151.08284,-33.7657],[151.08293,-33.76469],[151.08282,-33.764],[151.08072,-33.75791],[151.07984,-33.75669],[151.07893,-33.75594],[151.07773,-33.75525],[151.07626,-33.75481],[151.06843,-33.75369],[151.06727,-33.7532],[151.06658,-33.75259],[151.06613,-33.75183],[151.06597,-33.751],[151.06612,-33.7501],[151.06675,-33.74866],[151.06674,-33.7477],[151.06641,-33.74684],[151.06544,-33.74542],[151.06527,-33.74459],[151.0655,-33.74353],[151.06602,-33.74281],[151.06677,-33.74227],[151.06887,-33.74146],[151.06979,-33.74081],[151.07731,-33.73277],[151.08484,-33.72472],[151.08633,-33.72333],[151.0878,-33.72251],[151.08947,-33.72203],[151.09075,-33.72191],[151.09363,-33.72195],[151.09537,-33.7216],[151.09729,-33.72067],[151.09876,-33.71928],[151.09928,-33.71844],[151.09969,-33.71739],[151.09985,-33.71626],[151.09978,-33.71536],[151.09927,-33.71386],[151.0976,-33.71111],[151.09719,-33.70977],[151.09709,-33.70859],[151.09721,-33.70738],[151.09875,-33.70169]],[[151.09895,-33.70112],[151.09725,-33.70739],[151.09713,-33.7086],[151.09724,-33.70976],[151.09764,-33.7111],[151.09931,-33.71384],[151.09982,-33.71536],[151.09988,-33.71643],[151.09973,-33.71739],[151.0994,-33.71831],[151.0988,-33.71929],[151.09732,-33.7207],[151.09539,-33.72163],[151.09363,-33.72199],[151.09075,-33.72195],[151.08947,-33.72207],[151.08782,-33.72254],[151.08636,-33.72335],[151.08488,-33.72474],[151.07748,-33.73265],[151.07008,-33.74057],[151.06888,-33.7415],[151.06706,-33.74217],[151.06628,-33.74263],[151.06555,-33.74354],[151.06532,-33.74434],[151.06548,-33.7454],[151.06645,-33.74683],[151.06684,-33.74791],[151.06682,-33.74886],[151.06621,-33.75024],[151.06605,-33.751],[151.06618,-33.75183],[151.06682,-33.75279],[151.06758,-33.75333],[151.06844,-33.75366],[151.07587,-33.75471],[151.07775,-33.75522],[151.07896,-33.75591],[151.07987,-33.75667],[151.08093,-33.75825],[151.0828,-33.76367],[151.08297,-33.76469],[151.08279,-33.766],[151.08168,-33.76875],[151.08155,-33.76988],[151.08166,-33.77093],[151.08191,-33.77194],[151.08256,-33.77344],[151.08379,-33.77543],[151.0841,-33.77627],[151.08431,-33.77745],[151.08431,-33.77837],[151.08396,-33.78083],[151.0825,-33.78896],[151.08244,-33.79107],[151.08259,-33.79221],[151.08405,-33.79645],[151.08475,-33.79776],[151.08593,-33.7989],[151.08876,-33.80042],[151.08992,-33.80126],[151.09077,-33.80236],[151.09121,-33.8036],[151.09126,-33.80434],[151.09114,-33.80515],[151.09006,-33.80782],[151.08985,-33.80873],[151.08982,-33.81061],[151.09021,-33.81368],[151.09011,-33.81599],[151.08842,-33.82366],[151.08806,-33.82604],[151.08605,-33.83578],[151.08545,-33.84034],[151.08534,-33.84387],[151.08546,-33.84674],[151.08579,-33.8497],[151.08669,-33.85412],[151.08778,-33.85776],[151.09063,-33.866],[151.09161,-33.86932],[151.09213,-33.86999],[151.09416,-33.87165],[151.09616,-33.87301],[151.09838,-33.87526],[151.09969,-33.87607],[151.10089,-33.87653],[151.10496,-33.8773],[151.10822,-33.87822],[151.10988,-33.87905],[151.11299,-33.88148],[151.11568,-33.88326],[151.11895,-33.88506],[151.1208,-33.88587],[151.12564,-33.88742],[151.13044,-33.88915],[151.13245,-33.88958],[151.13689,-33.88985],[151.13859,-33.89015],[151.14832,-33.89348],[151.15066,-33.89395],[151.15281,-33.89413],[151.15583,-33.89367],[151.15691,-33.89367],[151.15834,-33.89391],[151.16057,-33.89455],[151.16183,-33.89467],[151.16569,-33.89418],[151.16754,-33.89415],[151.16925,-33.89454],[151.17226,-33.89565],[151.17471,-33.89702],[151.17647,-33.89759],[151.17896,-33.89778],[151.18097,-33.89777],[151.1822,-33.8977],[151.18391,-33.89735],[151.19233,-33.89454],[151.19449,-33.89397],[151.19743,-33.89259],[151.19866,-33.89175],[151.19962,-33.89091],[151.20231,-33.88783],[151.20532,-33.88565],[151.20769,-33.88296],[151.20803,-33.88213],[151.20855,-33.88016],[151.20873,-33.87851],[151.20835,-33.87764],[151.20703,-33.87648],[151.20659,-33.87569],[151.20655,-33.87507],[151.20695,-33.87226],[151.20686,-33.87114],[151.20606,-33.8695],[151.20519,-33.86281],[151.20517,-33.86196],[151.20533,-33.86124],[151.20618,-33.85911],[151.21217,-33.84948],[151.21247,-33.84851],[151.2124,-33.84737],[151.21112,-33.84412],[151.21031,-33.84288],[151.20932,-33.84198],[151.20869,-33.84163],[151.20799,-33.84144],[151.2044,-33.84098],[151.20241,-33.84035],[151.19998,-33.83978],[151.19899,-33.83936],[151.19804,-33.83863],[151.1974,-33.83769],[151.19711,-33.83662],[151.19719,-33.83489],[151.19696,-33.83434],[151.19664,-33.83394],[151.19557,-33.83339],[151.19392,-33.83345],[151.19323,-33.83336],[151.19249,-33.83303],[151.19195,-33.83248],[151.1917,-33.83155],[151.19181,-33.83104],[151.19208,-33.83058],[151.19279,-33.83003],[151.19433,-33.82954],[151.19486,-33.82923],[151.19544,-33.8286],[151.19573,-33.82771],[151.19567,-33.82715],[151.19441,-33.82383],[151.19335,-33.81788],[151.19332,-33.81585],[151.19317,-33.81489],[151.1924,-33.81325],[151.19137,-33.81212],[151.18986,-33.81114],[151.18492,-33.80878],[151.18286,-33.80685],[151.18156,-33.80495],[151.18108,-33.80352],[151.18092,-33.8022],[151.18067,-33.78941],[151.18037,-33.78788],[151.17998,-33.78699],[151.17899,-33.78559],[151.17811,-33.7848],[151.176,-33.78352],[151.17272,-33.78181],[151.17133,-33.78068],[151.17076,-33.77996],[151.17018,-33.77882],[151.16961,-33.77636],[151.16811,-33.77393],[151.1623,-33.76629],[151.15648,-33.75865],[151.15447,-33.75623],[151.15283,-33.75386],[151.15239,-33.75335],[151.15157,-33.75273],[151.14921,-33.75182],[151.14786,-33.75088]]]}},{"type":"Feature","properties":{"id":"badge-t9","kind":"badge","ref":"T9","lineRef":"train","color":"#D11F2F"},"geometry":{"type":"Point","coordinates":[151.13267,-33.88959]}},{"type":"Feature","properties":{"id":"line-bmt","kind":"line","lineRef":"train","ref":"BMT","color":"#F99D1C"},"geometry":{"type":"MultiLineString","coordinates":[[[151.20248,-33.88738],[151.19933,-33.89114],[151.19659,-33.89299],[151.19447,-33.89394],[151.19102,-33.89492],[151.18436,-33.89718],[151.18219,-33.89765],[151.17983,-33.89772],[151.17688,-33.89762],[151.17612,-33.89747],[151.17473,-33.89698],[151.17228,-33.89561],[151.16928,-33.8945],[151.16755,-33.89411],[151.16518,-33.89416],[151.16183,-33.89462],[151.16058,-33.8945],[151.15838,-33.89384],[151.15692,-33.89361],[151.15566,-33.89366],[151.15281,-33.89408],[151.15109,-33.89398],[151.14833,-33.89344],[151.13951,-33.89039],[151.138,-33.88997],[151.13688,-33.8898],[151.13264,-33.88955],[151.1306,-33.88914],[151.12033,-33.88564],[151.11783,-33.8844],[151.11391,-33.88202],[151.11033,-33.8793],[151.10911,-33.87855],[151.10788,-33.87804],[151.105,-33.87719],[151.1009,-33.87649],[151.09937,-33.87583],[151.0981,-33.87494],[151.09568,-33.87253],[151.09202,-33.8697],[151.08696,-33.86697],[151.08575,-33.86646],[151.0806,-33.86496],[151.07909,-33.86468],[151.0778,-33.86462],[151.07368,-33.86506],[151.07152,-33.86506],[151.0655,-33.86399],[151.06329,-33.86384],[151.05989,-33.8639],[151.05647,-33.86455],[151.04808,-33.86437],[151.04628,-33.86412],[151.04465,-33.86352],[151.04296,-33.8626],[151.04169,-33.86138],[151.03578,-33.85295],[151.03345,-33.8499],[151.02432,-33.84107],[151.02161,-33.83892],[151.01038,-33.83178],[151.00908,-33.83063],[151.00814,-33.82908],[151.0076,-33.82781],[151.00733,-33.82677],[151.00729,-33.82489],[151.00788,-33.8224],[151.00779,-33.82069],[151.00717,-33.81929],[151.00637,-33.81827],[151.00565,-33.8176],[151.00406,-33.81686],[150.99896,-33.81573],[150.99731,-33.81512],[150.99591,-33.81414],[150.99395,-33.81177],[150.9928,-33.81077],[150.99128,-33.80988],[150.98826,-33.8086],[150.98609,-33.80803],[150.98374,-33.80778],[150.98208,-33.80784],[150.97787,-33.8083],[150.97674,-33.80826],[150.97509,-33.80801],[150.97128,-33.80669],[150.9663,-33.80455],[150.96464,-33.80412],[150.96023,-33.80336],[150.95893,-33.80292],[150.95711,-33.80199],[150.95596,-33.80112],[150.95487,-33.79996],[150.95372,-33.79838],[150.95301,-33.79701],[150.95244,-33.79512],[150.95141,-33.78727],[150.95078,-33.78535],[150.94973,-33.78323],[150.94839,-33.78135],[150.94683,-33.77968],[150.94446,-33.77779],[150.94237,-33.77658],[150.93857,-33.77492],[150.93618,-33.77438],[150.93112,-33.77407],[150.92412,-33.77446],[150.92238,-33.77437],[150.92065,-33.77412],[150.91911,-33.77372],[150.91724,-33.773],[150.9131,-33.77054],[150.91121,-33.76965],[150.90933,-33.76907],[150.90364,-33.76781],[150.89152,-33.76576],[150.8794,-33.76371],[150.87519,-33.76341],[150.87184,-33.76351],[150.86857,-33.76396],[150.86495,-33.76485],[150.85463,-33.7683],[150.84431,-33.77176],[150.84094,-33.77238],[150.83749,-33.77242],[150.82477,-33.77032],[150.81205,-33.76821],[150.79933,-33.76611],[150.78662,-33.764],[150.7739,-33.7619],[150.76118,-33.75979],[150.74846,-33.75769],[150.74846,-33.75768],[150.74537,-33.75765],[150.73579,-33.75841],[150.72621,-33.75917],[150.7246,-33.75915],[150.72283,-33.75895],[150.71157,-33.75624],[150.70879,-33.75512],[150.70473,-33.75284],[150.70107,-33.75134],[150.69831,-33.75054],[150.6861,-33.74796],[150.68478,-33.74746],[150.68019,-33.74506],[150.67876,-33.74465],[150.67716,-33.74464],[150.66799,-33.7464],[150.65882,-33.74817],[150.65549,-33.74854],[150.65425,-33.74836],[150.65296,-33.7478],[150.65206,-33.74702],[150.65105,-33.74535],[150.6504,-33.74465],[150.64955,-33.74421],[150.64813,-33.74402],[150.64704,-33.74425],[150.64632,-33.74467],[150.64433,-33.74648],[150.64378,-33.74726],[150.6436,-33.7479],[150.64362,-33.74855],[150.64481,-33.75105],[150.64493,-33.75187],[150.64487,-33.75247],[150.64434,-33.75388],[150.64379,-33.75464],[150.64225,-33.7563],[150.64176,-33.75762],[150.64181,-33.75873],[150.64262,-33.76119],[150.64254,-33.76182],[150.64198,-33.76343],[150.64197,-33.76424],[150.64219,-33.76489],[150.64307,-33.76629],[150.64324,-33.76709],[150.64307,-33.76798],[150.64227,-33.76933],[150.64209,-33.76994],[150.64215,-33.77089],[150.64274,-33.77293],[150.64286,-33.77382],[150.64266,-33.77545],[150.64212,-33.77668],[150.64134,-33.77748],[150.64036,-33.77794],[150.63934,-33.77807],[150.63745,-33.77795],[150.63534,-33.7783],[150.6336,-33.77811],[150.63272,-33.77816],[150.63122,-33.77868],[150.62932,-33.78004],[150.62843,-33.78027],[150.62731,-33.78017],[150.62611,-33.77954],[150.6246,-33.77806],[150.62267,-33.77711],[150.62212,-33.77659],[150.62173,-33.77597],[150.62157,-33.77514],[150.6217,-33.77439],[150.6228,-33.77281],[150.62311,-33.77211],[150.62309,-33.77111],[150.62294,-33.77064],[150.62248,-33.77],[150.62186,-33.76952],[150.6212,-33.76923],[150.61592,-33.76787],[150.61411,-33.76681],[150.61231,-33.76608],[150.61129,-33.7652],[150.61032,-33.76347],[150.60878,-33.76215],[150.60833,-33.76149],[150.60815,-33.7609],[150.6081,-33.7595],[150.60789,-33.75877],[150.60658,-33.75722],[150.60617,-33.75639],[150.60611,-33.75535],[150.60642,-33.75446],[150.60688,-33.75389],[150.60737,-33.75352],[150.60998,-33.75258],[150.61524,-33.7493],[150.61575,-33.74882],[150.61607,-33.7483],[150.61624,-33.7477],[150.61622,-33.74699],[150.61578,-33.74606],[150.6148,-33.74526],[150.61372,-33.74492],[150.61158,-33.74472],[150.60987,-33.74386],[150.60765,-33.74201],[150.60597,-33.74003],[150.60567,-33.73939],[150.60551,-33.73857],[150.60586,-33.73622],[150.60582,-33.73529],[150.60547,-33.73433],[150.60453,-33.73292],[150.60431,-33.73213],[150.60447,-33.73126],[150.60539,-33.72931],[150.60562,-33.72834],[150.60574,-33.7264],[150.6055,-33.72492],[150.60467,-33.72314],[150.60374,-33.72202],[150.60258,-33.72142],[150.6,-33.72088]],[[150.6,-33.72084],[150.60238,-33.72122],[150.60345,-33.72173],[150.60413,-33.72233],[150.60471,-33.72313],[150.60555,-33.72492],[150.60578,-33.7264],[150.60567,-33.72835],[150.60543,-33.72932],[150.60452,-33.73127],[150.60435,-33.73213],[150.60456,-33.73291],[150.60551,-33.73432],[150.60586,-33.73528],[150.6059,-33.73622],[150.60555,-33.73858],[150.60571,-33.73938],[150.60601,-33.74002],[150.60768,-33.74198],[150.60891,-33.74305],[150.61041,-33.7441],[150.61159,-33.74467],[150.61373,-33.74489],[150.61482,-33.74523],[150.61581,-33.74604],[150.61626,-33.74699],[150.61619,-33.7481],[150.6158,-33.74882],[150.61541,-33.74923],[150.61,-33.75262],[150.60738,-33.75355],[150.60673,-33.75411],[150.60637,-33.75467],[150.60615,-33.75536],[150.60621,-33.75636],[150.60662,-33.75721],[150.60794,-33.75876],[150.60816,-33.75949],[150.6082,-33.76089],[150.60838,-33.76147],[150.60883,-33.76212],[150.61036,-33.76345],[150.61134,-33.76519],[150.61233,-33.76605],[150.61414,-33.76677],[150.61603,-33.76787],[150.62099,-33.76902],[150.62174,-33.76938],[150.6225,-33.76998],[150.6231,-33.77094],[150.6232,-33.77184],[150.62299,-33.77261],[150.62178,-33.77441],[150.62163,-33.77539],[150.6219,-33.7762],[150.62272,-33.77709],[150.62471,-33.77808],[150.62624,-33.77959],[150.62726,-33.78012],[150.62824,-33.78024],[150.6292,-33.78005],[150.6312,-33.77864],[150.63264,-33.77814],[150.6336,-33.77808],[150.63553,-33.77826],[150.63742,-33.77792],[150.63936,-33.77803],[150.64035,-33.77791],[150.64148,-33.77734],[150.64207,-33.77665],[150.64265,-33.77536],[150.64283,-33.77406],[150.64271,-33.77299],[150.64211,-33.77089],[150.64203,-33.77007],[150.64223,-33.76931],[150.64303,-33.76797],[150.6432,-33.76711],[150.64303,-33.7663],[150.64215,-33.7649],[150.64193,-33.76424],[150.64194,-33.76341],[150.64258,-33.76129],[150.64245,-33.76057],[150.64178,-33.75874],[150.64174,-33.75743],[150.64233,-33.75613],[150.64375,-33.75462],[150.64429,-33.75387],[150.64483,-33.75247],[150.6448,-33.75116],[150.64359,-33.74859],[150.64355,-33.74792],[150.64374,-33.74724],[150.64417,-33.74659],[150.64629,-33.74465],[150.64703,-33.74422],[150.64813,-33.74399],[150.64924,-33.74409],[150.65043,-33.74463],[150.6511,-33.74534],[150.65209,-33.747],[150.65299,-33.74777],[150.65426,-33.74832],[150.65556,-33.7485],[150.65917,-33.74807],[150.67667,-33.74469],[150.67768,-33.74456],[150.67877,-33.74461],[150.68021,-33.74502],[150.68479,-33.74743],[150.68612,-33.74793],[150.69839,-33.75052],[150.70053,-33.75111],[150.70475,-33.75281],[150.70881,-33.75509],[150.71161,-33.75622],[150.72279,-33.75891],[150.72431,-33.7591],[150.72621,-33.75913],[150.73609,-33.75835],[150.74596,-33.75758],[150.74874,-33.75768],[150.74875,-33.75768],[150.76139,-33.75978],[150.77404,-33.76188],[150.78668,-33.76398],[150.79933,-33.76607],[150.81197,-33.76817],[150.82462,-33.77027],[150.83726,-33.77237],[150.83882,-33.77244],[150.84093,-33.77235],[150.84428,-33.77173],[150.84429,-33.77173],[150.85461,-33.76827],[150.86493,-33.76481],[150.86811,-33.76401],[150.87183,-33.76347],[150.87519,-33.76337],[150.8794,-33.76367],[150.89153,-33.76573],[150.90365,-33.76778],[150.90929,-33.76903],[150.91122,-33.76962],[150.91312,-33.77051],[150.91684,-33.77276],[150.91858,-33.7735],[150.92025,-33.77399],[150.92195,-33.77429],[150.92351,-33.77441],[150.93112,-33.77402],[150.93618,-33.77434],[150.93858,-33.77489],[150.94189,-33.77631],[150.94448,-33.77776],[150.94642,-33.77926],[150.94843,-33.78133],[150.94976,-33.78322],[150.9507,-33.78506],[150.95145,-33.78725],[150.9524,-33.79463],[150.95287,-33.79653],[150.95351,-33.79792],[150.95434,-33.7992],[150.95562,-33.80075],[150.95688,-33.8018],[150.95864,-33.80276],[150.95976,-33.80319],[150.9612,-33.80354],[150.96464,-33.80408],[150.96631,-33.80453],[150.9713,-33.80666],[150.9751,-33.80797],[150.97653,-33.8082],[150.97786,-33.80826],[150.98208,-33.80781],[150.98374,-33.80775],[150.9861,-33.808],[150.98829,-33.80857],[150.9917,-33.81005],[150.99315,-33.81097],[150.99399,-33.81176],[150.99592,-33.81408],[150.99735,-33.81509],[150.99871,-33.81562],[151.0036,-33.81669],[151.00568,-33.81756],[151.00721,-33.81927],[151.00783,-33.82068],[151.00793,-33.82255],[151.00735,-33.8249],[151.00737,-33.82662],[151.00783,-33.82822],[151.00855,-33.8298],[151.00912,-33.83061],[151.01042,-33.83177],[151.01294,-33.8332],[151.02164,-33.8389],[151.02435,-33.84105],[151.03305,-33.84926],[151.03582,-33.85294],[151.04172,-33.86137],[151.04299,-33.86258],[151.04466,-33.86349],[151.04625,-33.86407],[151.04806,-33.86434],[151.05645,-33.86452],[151.05955,-33.8639],[151.06264,-33.86379],[151.06547,-33.86396],[151.07209,-33.86506],[151.07433,-33.86498],[151.0778,-33.86458],[151.0791,-33.86464],[151.08061,-33.86493],[151.08577,-33.86643],[151.08683,-33.86686],[151.09213,-33.86973],[151.09571,-33.8725],[151.09813,-33.87491],[151.0994,-33.8758],[151.10092,-33.87646],[151.10501,-33.87715],[151.1079,-33.87801],[151.10914,-33.87853],[151.11034,-33.87927],[151.11393,-33.88199],[151.11786,-33.88437],[151.12034,-33.88561],[151.1306,-33.88911],[151.13293,-33.88955],[151.1369,-33.88977],[151.13801,-33.88994],[151.13953,-33.89036],[151.14835,-33.89341],[151.1511,-33.89394],[151.15281,-33.89404],[151.15566,-33.89362],[151.15691,-33.89356],[151.15805,-33.89371],[151.16059,-33.89447],[151.16183,-33.89458],[151.16518,-33.89413],[151.16756,-33.89407],[151.16929,-33.89446],[151.1723,-33.89557],[151.17448,-33.89682],[151.17613,-33.89744],[151.17688,-33.89758],[151.17935,-33.89768],[151.18218,-33.89761],[151.18435,-33.89715],[151.19441,-33.8938],[151.19718,-33.89259],[151.19888,-33.89147],[151.19957,-33.89087],[151.20248,-33.88738]],[[151.20639,-33.88288],[151.20499,-33.88468],[151.20248,-33.88738]],[[151.20621,-33.88278],[151.20248,-33.88738]]]}},{"type":"Feature","properties":{"id":"badge-bmt","kind":"badge","ref":"BMT","lineRef":"train","color":"#F99D1C"},"geometry":{"type":"Point","coordinates":[150.88003,-33.76382]}},{"type":"Feature","properties":{"id":"line-ccn","kind":"line","lineRef":"train","ref":"CCN","color":"#D11F2F"},"geometry":{"type":"MultiLineString","coordinates":[[[151.09254,-33.87011],[151.09113,-33.86916],[151.08961,-33.86848],[151.08627,-33.86664],[151.07966,-33.86476],[151.07754,-33.86462],[151.07433,-33.86502],[151.0721,-33.86509],[151.07034,-33.86491],[151.0655,-33.86399],[151.06265,-33.86383],[151.05968,-33.86392],[151.05647,-33.86455],[151.04808,-33.86437],[151.04628,-33.86412],[151.04375,-33.8631],[151.04261,-33.86233],[151.04169,-33.86138],[151.03578,-33.85295],[151.03345,-33.8499],[151.02432,-33.84107],[151.02161,-33.83892],[151.01038,-33.83178],[151.00908,-33.83063],[151.00814,-33.82908],[151.0076,-33.82781],[151.00733,-33.82677],[151.00729,-33.82489],[151.00788,-33.8224],[151.00779,-33.82069],[151.00717,-33.81929],[151.00637,-33.81827],[151.00565,-33.8176],[151.00406,-33.81686],[150.99896,-33.81573],[150.99731,-33.81512],[150.99591,-33.81414],[150.99395,-33.81177],[150.9928,-33.81077],[150.99128,-33.80988],[150.98826,-33.8086],[150.98609,-33.80803],[150.98374,-33.80778],[150.98208,-33.80784],[150.97787,-33.8083],[150.97534,-33.80806],[150.97399,-33.8077],[150.97128,-33.80669],[150.9663,-33.80455],[150.96464,-33.80412],[150.96023,-33.80336],[150.95812,-33.80254],[150.95685,-33.80182],[150.95559,-33.80077],[150.95399,-33.79879],[150.95301,-33.79701],[150.95244,-33.79512],[150.95141,-33.78727],[150.95078,-33.78535],[150.95001,-33.78372],[150.94908,-33.78225],[150.94768,-33.78052],[150.94593,-33.77889],[150.94446,-33.77779],[150.94237,-33.77658],[150.93905,-33.7751],[150.93653,-33.77443],[150.93181,-33.77408],[150.93074,-33.7742],[150.929,-33.77468],[150.92783,-33.77475],[150.92702,-33.77465],[150.9247,-33.77395],[150.92362,-33.7739],[150.92164,-33.77408],[150.91972,-33.77374],[150.91819,-33.77324],[150.91682,-33.77262],[150.9132,-33.77043],[150.91186,-33.76976],[150.90866,-33.76864],[150.90768,-33.768],[150.9072,-33.76748]],[[150.90732,-33.76742],[150.90793,-33.76804],[150.9087,-33.76852],[150.91187,-33.76972],[150.91322,-33.7704],[150.91693,-33.77263],[150.91974,-33.77371],[150.92145,-33.77403],[150.92448,-33.77374],[150.92764,-33.77413],[150.93201,-33.77396],[150.93653,-33.77425],[150.93849,-33.77477],[150.94149,-33.77607],[150.94451,-33.77773],[150.94646,-33.77922],[150.94775,-33.78048],[150.94917,-33.78221],[150.95009,-33.78369],[150.95128,-33.78622],[150.9516,-33.78721],[150.95253,-33.79512],[150.9531,-33.79699],[150.95408,-33.79875],[150.95533,-33.80029],[150.95697,-33.80172],[150.95817,-33.80246],[150.96027,-33.80328],[150.96465,-33.80404],[150.96633,-33.80448],[150.97078,-33.8064],[150.97435,-33.8077],[150.97571,-33.80805],[150.97842,-33.80819],[150.98208,-33.80776],[150.98375,-33.8077],[150.98556,-33.80786],[150.98769,-33.80826],[150.9913,-33.80985],[150.99283,-33.81075],[150.99399,-33.81176],[150.99592,-33.81408],[150.99735,-33.81509],[150.99871,-33.81562],[151.0036,-33.81669],[151.00568,-33.81756],[151.00721,-33.81927],[151.00783,-33.82068],[151.00793,-33.82255],[151.00735,-33.8249],[151.00737,-33.82662],[151.00783,-33.82822],[151.00855,-33.8298],[151.00912,-33.83061],[151.01042,-33.83177],[151.01294,-33.8332],[151.02164,-33.8389],[151.02435,-33.84105],[151.03305,-33.84926],[151.03582,-33.85294],[151.04172,-33.86137],[151.04264,-33.8623],[151.04376,-33.86306],[151.04625,-33.86407],[151.04806,-33.86434],[151.05645,-33.86452],[151.05955,-33.8639],[151.06264,-33.86379],[151.06547,-33.86396],[151.07209,-33.86506],[151.07433,-33.86498],[151.07731,-33.8646],[151.0791,-33.86464],[151.08061,-33.86493],[151.08626,-33.86661],[151.08963,-33.86845],[151.09116,-33.86913],[151.09223,-33.86981]],[[151.09223,-33.86981],[151.09183,-33.86933],[151.09148,-33.86858],[151.08867,-33.86049],[151.08806,-33.85905],[151.08681,-33.85472],[151.08576,-33.8497],[151.08545,-33.84711],[151.08531,-33.84447],[151.08542,-33.84034],[151.08592,-33.83633],[151.08802,-33.82604],[151.08838,-33.82366],[151.09011,-33.81565],[151.09017,-33.81368],[151.0897,-33.80983],[151.08974,-33.80872],[151.09004,-33.80747],[151.09104,-33.80512],[151.09114,-33.80396],[151.09082,-33.80267],[151.09032,-33.80184],[151.08984,-33.80131],[151.089,-33.8007],[151.08626,-33.79929],[151.08514,-33.79837],[151.08457,-33.79769],[151.08395,-33.79648],[151.08241,-33.792],[151.08224,-33.79077],[151.08229,-33.7893],[151.08402,-33.77963],[151.08422,-33.7779],[151.0841,-33.77674],[151.08375,-33.77558],[151.08197,-33.77286],[151.08165,-33.77202],[151.0814,-33.77061],[151.08158,-33.76874],[151.08284,-33.7657],[151.08293,-33.76469],[151.08282,-33.764],[151.08072,-33.75791],[151.07984,-33.75669],[151.07893,-33.75594],[151.07773,-33.75525],[151.07626,-33.75481],[151.06843,-33.75369],[151.06727,-33.7532],[151.06658,-33.75259],[151.06613,-33.75183],[151.06597,-33.751],[151.06612,-33.7501],[151.06675,-33.74866],[151.06678,-33.74792],[151.06641,-33.74684],[151.06544,-33.74542],[151.06528,-33.74434],[151.06564,-33.74328],[151.06625,-33.74261],[151.06704,-33.74213],[151.06887,-33.74146],[151.06979,-33.74081],[151.07731,-33.73277],[151.08484,-33.72472],[151.08633,-33.72333],[151.0878,-33.72251],[151.08947,-33.72203],[151.09075,-33.72191],[151.09363,-33.72195],[151.09537,-33.7216],[151.09729,-33.72067],[151.09876,-33.71928],[151.09928,-33.71844],[151.09969,-33.71739],[151.09985,-33.71626],[151.09978,-33.71536],[151.09927,-33.71386],[151.09747,-33.71091],[151.09713,-33.70978],[151.09701,-33.7086],[151.09709,-33.70757],[151.09829,-33.70264],[151.09994,-33.69706],[151.10071,-33.69562],[151.10173,-33.69436],[151.10575,-33.69086]],[[151.09223,-33.86981],[151.0961,-33.87283]],[[151.18925,-33.8955],[151.18436,-33.89718],[151.18264,-33.89758],[151.1804,-33.89773],[151.17688,-33.89762],[151.17576,-33.89737],[151.17473,-33.89698],[151.17228,-33.89561],[151.16928,-33.8945],[151.16797,-33.89416],[151.16709,-33.89407],[151.16568,-33.89412],[151.16183,-33.89462],[151.16058,-33.8945],[151.15838,-33.89384],[151.15692,-33.89361],[151.15566,-33.89366],[151.15281,-33.89408],[151.15109,-33.89398],[151.14833,-33.89344],[151.13951,-33.89039],[151.138,-33.88997],[151.13688,-33.8898],[151.13293,-33.88958],[151.131,-33.88925],[151.12082,-33.88583],[151.11897,-33.88502],[151.11391,-33.88202],[151.10991,-33.87901],[151.10825,-33.87817],[151.10479,-33.87714],[151.1009,-33.87649],[151.09972,-33.87602],[151.09842,-33.87521],[151.09607,-33.87286],[151.09254,-33.87011]],[[151.09901,-33.7009],[151.09725,-33.70739],[151.09713,-33.7086],[151.09724,-33.70976],[151.09764,-33.7111],[151.09931,-33.71384],[151.09982,-33.71536],[151.09988,-33.71643],[151.09973,-33.71739],[151.0994,-33.71831],[151.0988,-33.71929],[151.09732,-33.7207],[151.09539,-33.72163],[151.09363,-33.72199],[151.09075,-33.72195],[151.08947,-33.72207],[151.08782,-33.72254],[151.08636,-33.72335],[151.08488,-33.72474],[151.07735,-33.73278],[151.06982,-33.74083],[151.06888,-33.7415],[151.06706,-33.74217],[151.06606,-33.74284],[151.06555,-33.74354],[151.06532,-33.74459],[151.06548,-33.7454],[151.06645,-33.74683],[151.06684,-33.74791],[151.06682,-33.74886],[151.06621,-33.75024],[151.06605,-33.751],[151.06618,-33.75183],[151.06662,-33.75258],[151.0673,-33.75317],[151.06844,-33.75366],[151.07626,-33.75478],[151.07775,-33.75522],[151.07912,-33.75602],[151.08013,-33.75696],[151.08076,-33.7579],[151.0828,-33.76367],[151.08297,-33.76469],[151.08287,-33.76571],[151.08179,-33.76837],[151.08156,-33.7695],[151.08157,-33.77025],[151.08201,-33.77219],[151.08256,-33.77344],[151.08358,-33.775],[151.08396,-33.77586],[151.08421,-33.77673],[151.08433,-33.7779],[151.08386,-33.78142],[151.0825,-33.78896],[151.08244,-33.79107],[151.08259,-33.79221],[151.08405,-33.79645],[151.08475,-33.79776],[151.08593,-33.7989],[151.08876,-33.80042],[151.08992,-33.80126],[151.09091,-33.80264],[151.09125,-33.80396],[151.09123,-33.80474],[151.09104,-33.80548],[151.09006,-33.80782],[151.08985,-33.80873],[151.08982,-33.81061],[151.09023,-33.81424],[151.09005,-33.81634],[151.08837,-33.82389],[151.08806,-33.82604],[151.08605,-33.83578],[151.0857,-33.838],[151.08535,-33.84269],[151.08558,-33.848],[151.08615,-33.85174],[151.08701,-33.8553],[151.09164,-33.86889],[151.0924,-33.8699],[151.09497,-33.87181],[151.0961,-33.87283]],[[151.0961,-33.87283],[151.09813,-33.87491],[151.09974,-33.87599],[151.10131,-33.87655],[151.10522,-33.87721],[151.1079,-33.87801],[151.10914,-33.87853],[151.11034,-33.87927],[151.11393,-33.88199],[151.11786,-33.88437],[151.12034,-33.88561],[151.1306,-33.88911],[151.13293,-33.88955],[151.1369,-33.88977],[151.13801,-33.88994],[151.14874,-33.89352],[151.1514,-33.89399],[151.15237,-33.89405],[151.15605,-33.89358],[151.15732,-33.89359],[151.16059,-33.89447],[151.16145,-33.89457],[151.16567,-33.89409],[151.1671,-33.89403],[151.16798,-33.89413],[151.16929,-33.89446],[151.1723,-33.89557],[151.17513,-33.89711],[151.17613,-33.89744],[151.17731,-33.89761],[151.1804,-33.8977],[151.18264,-33.89755],[151.18435,-33.89715],[151.18943,-33.89541]],[[151.18983,-33.89531],[151.19488,-33.89382],[151.19663,-33.89304],[151.19832,-33.89201],[151.19962,-33.89091],[151.20231,-33.88783],[151.20553,-33.88545],[151.20749,-33.88326],[151.20788,-33.88255],[151.20858,-33.88],[151.20873,-33.87851],[151.20835,-33.87764],[151.20703,-33.87648],[151.20659,-33.87569],[151.20655,-33.87507],[151.20695,-33.87226],[151.20686,-33.87114],[151.20606,-33.8695],[151.20515,-33.86214],[151.20533,-33.86124],[151.20618,-33.85911],[151.21233,-33.84912],[151.21249,-33.84825],[151.21243,-33.84751],[151.2112,-33.84427],[151.21021,-33.84277],[151.20946,-33.84208],[151.20869,-33.84163],[151.20767,-33.84138],[151.20454,-33.84101],[151.20241,-33.84035],[151.19998,-33.83978],[151.19889,-33.8393],[151.19804,-33.83863],[151.1974,-33.83769],[151.19711,-33.83662],[151.19719,-33.83489],[151.19696,-33.83434],[151.19664,-33.83394],[151.19557,-33.83339],[151.19392,-33.83345],[151.19293,-33.83326],[151.19237,-33.83294],[151.19186,-33.83233],[151.19171,-33.83143],[151.19208,-33.83058],[151.19279,-33.83003],[151.19433,-33.82954],[151.19486,-33.82923],[151.19544,-33.8286],[151.19573,-33.82771],[151.19567,-33.82715],[151.19441,-33.82383],[151.19335,-33.81788],[151.19332,-33.81585],[151.19317,-33.81489],[151.1924,-33.81325],[151.19137,-33.81212],[151.18986,-33.81114],[151.18492,-33.80878],[151.18286,-33.80685],[151.18156,-33.80495],[151.18108,-33.80352],[151.18092,-33.8022],[151.18067,-33.78941],[151.18024,-33.78752],[151.17933,-33.786],[151.17859,-33.78518],[151.17785,-33.78461],[151.17272,-33.78181],[151.17133,-33.78068],[151.17076,-33.77996],[151.17018,-33.77882],[151.16961,-33.77636],[151.16811,-33.77393],[151.1623,-33.76629],[151.15648,-33.75865],[151.15447,-33.75623],[151.15262,-33.7536],[151.15157,-33.75273],[151.14921,-33.75182],[151.14786,-33.75088],[151.14667,-33.74906],[151.14562,-33.74694],[151.14463,-33.74585],[151.14347,-33.74522],[151.14151,-33.7446],[151.13944,-33.74361],[151.13816,-33.74275],[151.13707,-33.74176],[151.12986,-33.73384],[151.12829,-33.73233],[151.12419,-33.72761],[151.12163,-33.72424],[151.11943,-33.72041],[151.1185,-33.71909],[151.11788,-33.71843],[151.11586,-33.71649],[151.11412,-33.71528],[151.10416,-33.71],[151.09885,-33.70566],[151.09839,-33.70503],[151.09823,-33.70438],[151.09901,-33.7009]],[[151.10068,-33.69583],[151.10007,-33.69707],[151.09923,-33.7001]],[[151.09923,-33.7001],[151.10003,-33.69706],[151.10093,-33.69537],[151.10192,-33.69427],[151.10575,-33.69086]],[[151.21087,-33.55],[151.2092,-33.55061],[151.20838,-33.55072],[151.20772,-33.55063],[151.20637,-33.55015],[151.20511,-33.5502],[151.20452,-33.55045],[151.20344,-33.55135],[151.20253,-33.5518],[151.20163,-33.55194],[151.19933,-33.55191],[151.19775,-33.5525],[151.19677,-33.5532],[151.1964,-33.55385],[151.19637,-33.55475],[151.19669,-33.55545],[151.19766,-33.55668],[151.1978,-33.55718],[151.19779,-33.55776],[151.19689,-33.55953],[151.19679,-33.5602],[151.19684,-33.56129],[151.19668,-33.56187],[151.19638,-33.56235],[151.19503,-33.56368],[151.19477,-33.56421],[151.1946,-33.56483],[151.19475,-33.56661],[151.19468,-33.56741],[151.19359,-33.5696],[151.1922,-33.5756],[151.19195,-33.57617],[151.19141,-33.57679],[151.19099,-33.57707],[151.18752,-33.57883],[151.18251,-33.58261],[151.18127,-33.58291],[151.17901,-33.58269],[151.17789,-33.58307],[151.17722,-33.58364],[151.17613,-33.58536],[151.17467,-33.58658],[151.17414,-33.58718],[151.17308,-33.589],[151.17211,-33.59032],[151.17185,-33.59097],[151.17173,-33.59198],[151.17189,-33.59611],[151.17177,-33.59668],[151.17148,-33.59719],[151.17075,-33.59782],[151.16986,-33.59815],[151.169,-33.5982],[151.16776,-33.59804],[151.16666,-33.59823],[151.16589,-33.59868],[151.16526,-33.59952],[151.16512,-33.6004],[151.16533,-33.60193],[151.16512,-33.60297],[151.16456,-33.60391],[151.16165,-33.60753],[151.16095,-33.6088],[151.16052,-33.61031],[151.15975,-33.61588],[151.15922,-33.61746],[151.15846,-33.61886],[151.15747,-33.62017],[151.15625,-33.62137],[151.1533,-33.62353],[151.15028,-33.62546],[151.14918,-33.62664],[151.14872,-33.62767],[151.14859,-33.62839],[151.14889,-33.63082],[151.14866,-33.63231],[151.14403,-33.64005],[151.14331,-33.64104],[151.14241,-33.64181],[151.1413,-33.64237],[151.13857,-33.64294],[151.13786,-33.64324],[151.13727,-33.64366],[151.13666,-33.64449],[151.13642,-33.64537],[151.13648,-33.646],[151.13727,-33.64763],[151.13747,-33.64856],[151.13739,-33.64916],[151.1368,-33.65053],[151.13669,-33.65116],[151.13694,-33.65288],[151.13689,-33.65374],[151.13619,-33.65523],[151.13563,-33.65591],[151.13498,-33.65644],[151.12467,-33.66274],[151.12403,-33.66337],[151.12227,-33.66571],[151.12096,-33.66706],[151.11942,-33.6683],[151.1161,-33.67046],[151.11499,-33.67151],[151.11427,-33.67249],[151.11373,-33.67361],[151.11099,-33.68373],[151.10983,-33.68633],[151.1088,-33.68784],[151.10764,-33.68918],[151.10195,-33.6943],[151.10068,-33.69583]],[[151.10068,-33.69583],[151.10003,-33.69735],[151.0983,-33.70405],[151.09831,-33.70469],[151.09871,-33.70545],[151.10382,-33.70959],[151.11414,-33.71526],[151.11557,-33.71621],[151.11749,-33.7179],[151.11917,-33.71994],[151.12253,-33.72546],[151.12422,-33.72759],[151.13065,-33.73466],[151.13709,-33.74174],[151.1371,-33.74174],[151.13819,-33.74273],[151.13946,-33.74357],[151.1435,-33.74518],[151.14464,-33.74583],[151.14548,-33.74667],[151.1467,-33.74904],[151.14789,-33.75085],[151.14923,-33.75179],[151.15159,-33.7527],[151.15266,-33.75358],[151.15807,-33.76067],[151.16349,-33.76776],[151.1689,-33.77485],[151.16971,-33.77633],[151.17013,-33.77853],[151.17039,-33.7792],[151.17136,-33.78065],[151.1728,-33.78182],[151.1776,-33.78432],[151.17844,-33.78495],[151.17938,-33.786],[151.18017,-33.78726],[151.18089,-33.78938],[151.18097,-33.79573],[151.18111,-33.79749],[151.18107,-33.80084],[151.18137,-33.80374],[151.18175,-33.80502],[151.1823,-33.80601],[151.18307,-33.80702],[151.18466,-33.80846],[151.18603,-33.80931],[151.1903,-33.81134],[151.19139,-33.8121],[151.19244,-33.81324],[151.19321,-33.81488],[151.19336,-33.81584],[151.19339,-33.81789],[151.19439,-33.82355],[151.19472,-33.82473],[151.19571,-33.82714],[151.19576,-33.82781],[151.19542,-33.8287],[151.19489,-33.82926],[151.19435,-33.82957],[151.19281,-33.83006],[151.19212,-33.8306],[151.19175,-33.83144],[151.19192,-33.83235],[151.19251,-33.83301],[151.19325,-33.83332],[151.19392,-33.83342],[151.19558,-33.83336],[151.19668,-33.8339],[151.19725,-33.83489],[151.19715,-33.83658],[151.19738,-33.83754],[151.19781,-33.83831],[151.19876,-33.83917],[151.20077,-33.83989],[151.2085,-33.84135],[151.20931,-33.84181],[151.21001,-33.84244],[151.2113,-33.84437],[151.21246,-33.84745],[151.21253,-33.84826],[151.21237,-33.84914],[151.21203,-33.84986],[151.20624,-33.85911],[151.2054,-33.86122],[151.20522,-33.862],[151.20522,-33.86262],[151.20582,-33.86636],[151.20609,-33.86937],[151.20692,-33.8711],[151.20702,-33.87262],[151.20667,-33.87515],[151.20671,-33.87568],[151.20709,-33.87638],[151.20838,-33.8775],[151.20882,-33.87837],[151.20867,-33.88],[151.20799,-33.8825],[151.20758,-33.88333],[151.20601,-33.88518],[151.20235,-33.88787],[151.19966,-33.89094],[151.19824,-33.89211],[151.19668,-33.89306],[151.19451,-33.894],[151.18925,-33.8955]],[[151.10575,-33.69086],[151.10738,-33.68939],[151.10865,-33.68797],[151.10946,-33.68685],[151.11032,-33.68532],[151.11112,-33.68316],[151.1138,-33.67319],[151.11417,-33.67234],[151.11468,-33.67163],[151.11606,-33.67043],[151.1194,-33.66827],[151.12093,-33.66704],[151.12262,-33.66523],[151.124,-33.66335],[151.125,-33.66244],[151.13456,-33.65668],[151.13559,-33.65589],[151.13615,-33.65522],[151.13657,-33.65438],[151.13674,-33.6537],[151.13678,-33.65299],[151.13661,-33.65155],[151.13668,-33.65085],[151.13726,-33.64945],[151.13743,-33.64857],[151.13734,-33.64795],[151.13666,-33.64664],[151.13639,-33.64569],[151.13642,-33.64505],[151.13678,-33.64419],[151.13724,-33.64364],[151.13782,-33.64321],[151.13857,-33.64291],[151.14129,-33.64234],[151.14238,-33.64178],[151.14328,-33.64102],[151.14399,-33.64004],[151.14862,-33.63229],[151.14885,-33.63083],[151.14856,-33.62915],[151.14855,-33.62839],[151.14867,-33.62766],[151.14914,-33.62662],[151.15025,-33.62544],[151.15621,-33.62135],[151.15728,-33.62032],[151.15843,-33.61885],[151.15921,-33.61737],[151.15971,-33.61587],[151.16048,-33.61033],[151.16092,-33.60876],[151.16162,-33.60751],[151.16454,-33.60388],[151.16508,-33.60297],[151.16528,-33.60193],[151.16508,-33.6004],[151.1652,-33.59954],[151.16584,-33.59865],[151.16664,-33.59819],[151.16777,-33.598],[151.16921,-33.59818],[151.16986,-33.59811],[151.17084,-33.59772],[151.17153,-33.59704],[151.17186,-33.5961],[151.17169,-33.59173],[151.1718,-33.59096],[151.17206,-33.59031],[151.17304,-33.58898],[151.1741,-33.58717],[151.17463,-33.58657],[151.17608,-33.58536],[151.17719,-33.58361],[151.17787,-33.58304],[151.1791,-33.58264],[151.18127,-33.58287],[151.18248,-33.58258],[151.18749,-33.57881],[151.19096,-33.57705],[151.19166,-33.57651],[151.19191,-33.57616],[151.19214,-33.57559],[151.19355,-33.56959],[151.19463,-33.5674],[151.19471,-33.56661],[151.19456,-33.56482],[151.19472,-33.5642],[151.19498,-33.56367],[151.19634,-33.56233],[151.19664,-33.56185],[151.1968,-33.56129],[151.19675,-33.5602],[151.19685,-33.55953],[151.19774,-33.55779],[151.19776,-33.55718],[151.19762,-33.55668],[151.19665,-33.55546],[151.19632,-33.55476],[151.19635,-33.55385],[151.19674,-33.55317],[151.19771,-33.55247],[151.19933,-33.55187],[151.20163,-33.55191],[151.20265,-33.55173],[151.2034,-33.55134],[151.20425,-33.55057],[151.20523,-33.55013],[151.20637,-33.55012],[151.20779,-33.55061],[151.20858,-33.55068],[151.21077,-33.55]],[[151.18943,-33.89541],[151.1948,-33.89367],[151.19718,-33.89259],[151.1979,-33.89213],[151.19957,-33.89087],[151.20174,-33.88814],[151.20314,-33.88666],[151.20415,-33.88585]],[[151.20415,-33.88585],[151.20292,-33.88695],[151.19933,-33.89114],[151.19703,-33.89275],[151.19447,-33.89394],[151.18983,-33.89531]],[[151.20415,-33.88585],[151.20552,-33.88492],[151.20668,-33.88347]],[[151.20415,-33.88585],[151.20538,-33.88471],[151.20645,-33.88335]]]}},{"type":"Feature","properties":{"id":"badge-ccn","kind":"badge","ref":"CCN","lineRef":"train","color":"#D11F2F"},"geometry":{"type":"Point","coordinates":[151.18096,-33.79494]}},{"type":"Feature","properties":{"id":"line-sco","kind":"line","lineRef":"train","ref":"SCO","color":"#005AA3"},"geometry":{"type":"MultiLineString","coordinates":[[[151.20486,-33.88541],[151.2033,-33.88656],[151.20177,-33.88816],[151.19981,-33.89066],[151.19849,-33.89178],[151.19703,-33.89275],[151.19349,-33.89424],[151.19201,-33.89513],[151.18919,-33.89619],[151.1871,-33.89755],[151.18616,-33.89873],[151.18536,-33.90041],[151.18493,-33.90238],[151.18432,-33.90439],[151.18361,-33.90548],[151.18265,-33.90634],[151.18106,-33.90715],[151.17631,-33.90846],[151.17425,-33.90938],[151.17425,-33.90939],[151.16674,-33.91434],[151.15922,-33.91929],[151.15817,-33.92021],[151.15743,-33.92117],[151.15701,-33.922],[151.15664,-33.9243],[151.15597,-33.92569],[151.15443,-33.92757],[151.15288,-33.92905],[151.15132,-33.9303],[151.14954,-33.93207],[151.14906,-33.93281],[151.146,-33.93901],[151.14483,-33.9404],[151.14203,-33.94278],[151.14063,-33.9448],[151.13469,-33.95623],[151.13253,-33.96205],[151.13217,-33.96367],[151.13189,-33.96441],[151.13096,-33.96572],[151.12992,-33.96658],[151.12852,-33.9673],[151.12661,-33.96779],[151.11685,-33.96974],[151.11561,-33.96981],[151.11392,-33.96953],[151.10992,-33.9684],[151.10513,-33.96838],[151.10374,-33.96793],[151.09897,-33.96564],[151.09733,-33.96527],[151.09599,-33.96523],[151.09111,-33.96579],[151.08662,-33.96665],[151.08524,-33.96724],[151.08404,-33.96794],[151.08308,-33.96866],[151.08194,-33.9698],[151.08074,-33.9716],[151.07986,-33.97373],[151.07872,-33.97529],[151.07844,-33.97593],[151.07832,-33.97711],[151.07905,-33.98015],[151.07906,-33.98125],[151.07871,-33.98224],[151.0774,-33.98405],[151.077,-33.9849],[151.07686,-33.98579],[151.07686,-33.98743],[151.07657,-33.98834],[151.07597,-33.98922],[151.07365,-33.99195],[151.07241,-33.99325],[151.06801,-33.99735],[151.06731,-33.99818],[151.06681,-33.99905],[151.06642,-34.00066],[151.06659,-34.00189],[151.06704,-34.00285],[151.06844,-34.00486],[151.06881,-34.00596],[151.06883,-34.00662],[151.06866,-34.00729],[151.06833,-34.00787],[151.06552,-34.01045],[151.06484,-34.01154],[151.06455,-34.0123],[151.06437,-34.01389],[151.06487,-34.01829],[151.06474,-34.0197],[151.06439,-34.02115],[151.06403,-34.0221],[151.06329,-34.02337],[151.0633,-34.02337],[151.05791,-34.03078],[151.05252,-34.03819],[151.05152,-34.03998],[151.05109,-34.0415],[151.05099,-34.04283],[151.05159,-34.04661],[151.05157,-34.04787],[151.05125,-34.04914],[151.05062,-34.05033],[151.04938,-34.05171],[151.04775,-34.05278],[151.03893,-34.05625],[151.0301,-34.05972],[151.02128,-34.06319],[151.01847,-34.06464],[151.01604,-34.06651],[151.01455,-34.06811],[151.01357,-34.06948],[151.01275,-34.07098],[151.012,-34.07308],[151.0116,-34.07581],[151.01168,-34.08245],[151.01143,-34.08377],[151.01075,-34.0853],[151.0097,-34.08662],[150.9981,-34.09754],[150.99659,-34.09934],[150.99543,-34.10132],[150.99464,-34.10341],[150.99424,-34.10554],[150.99372,-34.11335],[150.9932,-34.12116],[150.99337,-34.12479],[150.99485,-34.1371],[150.99444,-34.13977],[150.99451,-34.14031],[150.9957,-34.14266],[150.99582,-34.1433],[150.99501,-34.15]],[[150.99493,-34.15],[150.99579,-34.14337],[150.99562,-34.14257],[150.99467,-34.1409],[150.99442,-34.13995],[150.99481,-34.1371],[150.99443,-34.13464],[150.99438,-34.13326],[150.99332,-34.12479],[150.99316,-34.12116],[150.99368,-34.11335],[150.9942,-34.10554],[150.99421,-34.10554],[150.9946,-34.1034],[150.99539,-34.10131],[150.99656,-34.09933],[150.99807,-34.09752],[151.00967,-34.0866],[151.01071,-34.08528],[151.01139,-34.08377],[151.01163,-34.08244],[151.01156,-34.07581],[151.01196,-34.07307],[151.01271,-34.07097],[151.01353,-34.06946],[151.01479,-34.06775],[151.01601,-34.06648],[151.01792,-34.06495],[151.02067,-34.06341],[151.02068,-34.06341],[151.0297,-34.05985],[151.03871,-34.05628],[151.04773,-34.05272],[151.04935,-34.05166],[151.05058,-34.05028],[151.05121,-34.0491],[151.05153,-34.04784],[151.05155,-34.04661],[151.05095,-34.04283],[151.05113,-34.0411],[151.05169,-34.0395],[151.05249,-34.03817],[151.05788,-34.03076],[151.06326,-34.02335],[151.06399,-34.02209],[151.06435,-34.02115],[151.0647,-34.01969],[151.06483,-34.01812],[151.06432,-34.01389],[151.0645,-34.0123],[151.06479,-34.01153],[151.06549,-34.01043],[151.0683,-34.00785],[151.06862,-34.00727],[151.06878,-34.00662],[151.06877,-34.00597],[151.06857,-34.00532],[151.06682,-34.00257],[151.06655,-34.0019],[151.06637,-34.00066],[151.06665,-33.99937],[151.06709,-33.99844],[151.06769,-33.99764],[151.07282,-33.9928],[151.07593,-33.9892],[151.07652,-33.98833],[151.07682,-33.98743],[151.07682,-33.98579],[151.07696,-33.98489],[151.07736,-33.98403],[151.07865,-33.98222],[151.07892,-33.98139],[151.07889,-33.97976],[151.07828,-33.97712],[151.0784,-33.97592],[151.07868,-33.97528],[151.07981,-33.97372],[151.08063,-33.97167],[151.08145,-33.97024],[151.08275,-33.96891],[151.08382,-33.96804],[151.08522,-33.9672],[151.08661,-33.96662],[151.09111,-33.96576],[151.09598,-33.96516],[151.09734,-33.9652],[151.099,-33.96557],[151.10289,-33.96731],[151.10416,-33.96804],[151.10503,-33.96833],[151.10607,-33.96842],[151.10842,-33.96829],[151.10993,-33.96836],[151.11488,-33.96963],[151.11599,-33.96977],[151.11684,-33.96971],[151.1221,-33.96867],[151.12409,-33.96814],[151.1273,-33.9676],[151.12867,-33.9672],[151.1299,-33.96656],[151.13093,-33.9657],[151.13167,-33.96473],[151.13213,-33.96369],[151.13255,-33.96186],[151.13304,-33.96074],[151.1345,-33.95655],[151.13668,-33.95196],[151.13753,-33.95061],[151.14059,-33.9448],[151.142,-33.94277],[151.1448,-33.94038],[151.14575,-33.9393],[151.14663,-33.93775],[151.14716,-33.93619],[151.148,-33.93488],[151.1495,-33.93206],[151.1548,-33.92705],[151.15603,-33.92554],[151.15661,-33.92424],[151.15696,-33.922],[151.15739,-33.92115],[151.15814,-33.92018],[151.15919,-33.91926],[151.1667,-33.91431],[151.17422,-33.90936],[151.17583,-33.9086],[151.18165,-33.90681],[151.18263,-33.90631],[151.18357,-33.90546],[151.18428,-33.90437],[151.18489,-33.90238],[151.18532,-33.9004],[151.18612,-33.89871],[151.18707,-33.89753],[151.18917,-33.89604],[151.19206,-33.89498],[151.19323,-33.8943],[151.19655,-33.89293],[151.19888,-33.89147],[151.19974,-33.89068],[151.20174,-33.88814],[151.20314,-33.88666],[151.20387,-33.88602],[151.20486,-33.88541]],[[151.20668,-33.88347],[151.20568,-33.88476],[151.20514,-33.88522]],[[151.20514,-33.88522],[151.20665,-33.88346]]]}},{"type":"Feature","properties":{"id":"badge-sco","kind":"badge","ref":"SCO","lineRef":"train","color":"#005AA3"},"geometry":{"type":"Point","coordinates":[151.07104,-33.99448]}},{"type":"Feature","properties":{"id":"line-shl","kind":"line","lineRef":"train","ref":"SHL","color":"#008A45"},"geometry":{"type":"MultiLineString","coordinates":[[[150.80033,-34.07141],[150.79184,-34.07303],[150.78921,-34.07396],[150.78682,-34.07533],[150.78408,-34.0778],[150.781,-34.07998],[150.77898,-34.08099],[150.76235,-34.08486],[150.75946,-34.08581],[150.75772,-34.08664],[150.7557,-34.08787],[150.75416,-34.08907],[150.75219,-34.09107],[150.75147,-34.09199],[150.74633,-34.10004],[150.74557,-34.10155],[150.74523,-34.10254],[150.74327,-34.11218],[150.74285,-34.11498],[150.74288,-34.11584],[150.74308,-34.1167],[150.74438,-34.11968],[150.74476,-34.12086],[150.74493,-34.1225],[150.7447,-34.12433],[150.74399,-34.12622],[150.74005,-34.13329],[150.73805,-34.1376],[150.73716,-34.13989],[150.73565,-34.14385],[150.73522,-34.14546],[150.73494,-34.1475],[150.73488,-34.15]],[[150.73484,-34.15],[150.73501,-34.14638],[150.73542,-34.14446],[150.73591,-34.14306],[150.73837,-34.13674],[150.7406,-34.13211],[150.7441,-34.12591],[150.74472,-34.12402],[150.74487,-34.12235],[150.74467,-34.12071],[150.743,-34.11659],[150.74278,-34.11502],[150.74289,-34.11383],[150.74521,-34.10248],[150.7456,-34.10136],[150.74621,-34.10018],[150.75199,-34.09118],[150.75395,-34.08911],[150.75549,-34.08792],[150.75772,-34.08657],[150.75984,-34.08562],[150.76218,-34.08482],[150.77879,-34.08099],[150.77995,-34.08053],[150.7812,-34.07979],[150.78387,-34.0779],[150.78678,-34.07526],[150.78917,-34.0739],[150.7921,-34.07294],[150.80033,-34.07141]],[[150.81394,-34.06422],[150.80871,-34.06826],[150.80657,-34.06957],[150.80378,-34.07067],[150.80033,-34.07141]]]}},{"type":"Feature","properties":{"id":"badge-shl","kind":"badge","ref":"SHL","lineRef":"train","color":"#008A45"},"geometry":{"type":"Point","coordinates":[150.74926,-34.09543]}},{"type":"Feature","properties":{"id":"line-l1","kind":"line","lineRef":"tram","ref":"L1","color":"#BE1622"},"geometry":{"type":"MultiLineString","coordinates":[[[151.20644,-33.88222],[151.20627,-33.88197],[151.20707,-33.88093],[151.20722,-33.88035],[151.20711,-33.88015],[151.20496,-33.87961],[151.20115,-33.87914],[151.20062,-33.8789],[151.19933,-33.87674],[151.19825,-33.87455],[151.19803,-33.8729],[151.19823,-33.87082],[151.19793,-33.86987],[151.19729,-33.86921],[151.19605,-33.86864],[151.19477,-33.86716],[151.19405,-33.86691],[151.19299,-33.86698],[151.19198,-33.86749],[151.19139,-33.86804],[151.19114,-33.86859],[151.19109,-33.86916],[151.19126,-33.86985],[151.1917,-33.87045],[151.19334,-33.87144],[151.19414,-33.87233],[151.19446,-33.87329],[151.1942,-33.87421],[151.19359,-33.87486],[151.19282,-33.87532],[151.19087,-33.8758],[151.18875,-33.87694],[151.18814,-33.87715],[151.18683,-33.87717],[151.17979,-33.87541],[151.17772,-33.87548],[151.17683,-33.87529],[151.17589,-33.87462],[151.17538,-33.87356],[151.17492,-33.87302],[151.17347,-33.8721],[151.17247,-33.87187],[151.17134,-33.87212],[151.1692,-33.87359],[151.16818,-33.87395],[151.1621,-33.87437],[151.16037,-33.87487],[151.15852,-33.87506],[151.15406,-33.875],[151.15121,-33.87551],[151.15051,-33.87589],[151.148,-33.87799],[151.14755,-33.87873],[151.14688,-33.88039],[151.14548,-33.88215],[151.14519,-33.88317],[151.14505,-33.88613],[151.14532,-33.88823],[151.14524,-33.88993],[151.14514,-33.8908],[151.14481,-33.89192],[151.14443,-33.89262],[151.14271,-33.89486],[151.14245,-33.89558],[151.14226,-33.89672],[151.1419,-33.8975],[151.14137,-33.89803],[151.13939,-33.89935],[151.13885,-33.89987],[151.13825,-33.90103],[151.13813,-33.90204],[151.13844,-33.90386],[151.14001,-33.9064],[151.1402,-33.90696],[151.14014,-33.90789],[151.13967,-33.90891]],[[151.13967,-33.90891],[151.14015,-33.90768],[151.14015,-33.90692],[151.13996,-33.9064],[151.1384,-33.90386],[151.13808,-33.90205],[151.13821,-33.90102],[151.13883,-33.89985],[151.13936,-33.89932],[151.14134,-33.898],[151.14187,-33.89748],[151.14217,-33.89685],[151.14243,-33.89543],[151.14266,-33.89484],[151.14423,-33.89282],[151.14478,-33.89191],[151.14519,-33.89012],[151.14526,-33.88805],[151.14501,-33.88605],[151.14515,-33.88314],[151.14544,-33.88212],[151.14684,-33.88039],[151.14752,-33.87871],[151.14797,-33.87798],[151.14976,-33.87643],[151.15109,-33.87552],[151.15395,-33.87498],[151.15905,-33.87497],[151.16042,-33.87483],[151.16203,-33.87432],[151.16818,-33.8739],[151.16897,-33.87367],[151.17134,-33.87207],[151.17258,-33.87183],[151.17359,-33.87211],[151.1749,-33.87295],[151.17534,-33.87342],[151.17593,-33.8746],[151.17685,-33.87526],[151.17771,-33.87544],[151.1798,-33.87537],[151.18691,-33.87715],[151.18813,-33.87711],[151.18872,-33.87691],[151.19082,-33.87578],[151.19294,-33.87523],[151.19348,-33.87489],[151.19413,-33.87423],[151.19441,-33.87331],[151.19415,-33.87244],[151.19333,-33.87149],[151.19148,-33.87028],[151.19113,-33.86965],[151.19104,-33.86917],[151.19109,-33.86858],[151.19134,-33.86802],[151.19195,-33.86747],[151.19298,-33.86694],[151.19405,-33.86687],[151.19481,-33.86714],[151.19607,-33.8686],[151.19733,-33.86917],[151.19798,-33.86987],[151.19828,-33.87082],[151.19807,-33.87282],[151.19832,-33.87457],[151.19938,-33.87672],[151.2007,-33.87894],[151.20105,-33.87908],[151.20508,-33.8796],[151.20822,-33.88033],[151.20831,-33.88053],[151.20786,-33.88204],[151.20737,-33.88262],[151.20676,-33.8824]]]}},{"type":"Feature","properties":{"id":"badge-l1","kind":"badge","ref":"L1","lineRef":"tram","color":"#BE1622"},"geometry":{"type":"Point","coordinates":[151.1723,-33.87188]}},{"type":"Feature","properties":{"id":"line-l2","kind":"line","lineRef":"tram","ref":"L2","color":"#DD1E25"},"geometry":{"type":"MultiLineString","coordinates":[[[151.21014,-33.86157],[151.20835,-33.8614],[151.2076,-33.86257],[151.20696,-33.86881],[151.20702,-33.87291],[151.20685,-33.8743],[151.20486,-33.88103],[151.205,-33.88124],[151.20811,-33.88307],[151.20818,-33.88354],[151.20701,-33.88507],[151.20702,-33.88567],[151.2086,-33.88667],[151.21112,-33.88772],[151.21486,-33.88951],[151.2193,-33.8902],[151.22112,-33.89113],[151.22135,-33.8915],[151.22177,-33.89331],[151.22291,-33.90078],[151.22317,-33.9014],[151.22576,-33.90363],[151.22783,-33.90474],[151.23085,-33.90593],[151.23124,-33.90651],[151.23309,-33.90751],[151.23383,-33.90817],[151.23485,-33.91003],[151.23565,-33.91104],[151.23476,-33.91599],[151.23484,-33.9162],[151.24057,-33.9171]],[[151.24056,-33.91716],[151.23479,-33.91623],[151.23472,-33.91603],[151.23559,-33.91113],[151.23481,-33.91009],[151.23377,-33.90815],[151.23306,-33.90752],[151.23119,-33.90652],[151.23076,-33.90597],[151.22798,-33.90487],[151.22574,-33.90365],[151.22312,-33.90138],[151.22287,-33.90078],[151.22163,-33.89294],[151.22131,-33.8915],[151.2211,-33.89116],[151.2193,-33.89023],[151.21485,-33.88954],[151.21112,-33.88776],[151.20858,-33.88669],[151.20698,-33.88567],[151.20697,-33.88507],[151.20812,-33.88356],[151.20808,-33.88308],[151.20493,-33.88124],[151.20482,-33.88104],[151.2068,-33.87436],[151.20699,-33.87294],[151.20693,-33.86881],[151.20755,-33.86261],[151.20832,-33.86135],[151.21015,-33.86147]]]}},{"type":"Feature","properties":{"id":"badge-l2","kind":"badge","ref":"L2","lineRef":"tram","color":"#DD1E25"},"geometry":{"type":"Point","coordinates":[151.2181,-33.89004]}},{"type":"Feature","properties":{"id":"line-l3","kind":"line","lineRef":"tram","ref":"L3","color":"#781140"},"geometry":{"type":"MultiLineString","coordinates":[[[151.21014,-33.86157],[151.20835,-33.8614],[151.2076,-33.86257],[151.20696,-33.86881],[151.20702,-33.87291],[151.20685,-33.8743],[151.20487,-33.88109],[151.20811,-33.88307],[151.20818,-33.88354],[151.207,-33.88509],[151.20699,-33.88559],[151.20717,-33.88581],[151.20864,-33.88669],[151.21112,-33.88772],[151.21486,-33.88951],[151.21935,-33.89021],[151.22096,-33.89101],[151.22127,-33.89132],[151.22177,-33.89331],[151.22271,-33.89924],[151.22253,-33.90022],[151.22275,-33.90159],[151.22408,-33.90476],[151.22333,-33.90982],[151.22322,-33.91144],[151.22356,-33.91206],[151.22528,-33.91377],[151.22609,-33.9172],[151.22709,-33.92265],[151.22799,-33.92423],[151.22956,-33.92515]],[[151.22884,-33.925],[151.22789,-33.92417],[151.22696,-33.92247],[151.2262,-33.91812],[151.22524,-33.91377],[151.22349,-33.91204],[151.22318,-33.91145],[151.22326,-33.90981],[151.224,-33.90466],[151.22272,-33.90158],[151.22248,-33.90018],[151.22268,-33.89925],[151.22163,-33.89294],[151.22125,-33.89135],[151.22094,-33.89104],[151.21935,-33.89024],[151.21485,-33.88954],[151.21112,-33.88776],[151.20858,-33.88669],[151.20712,-33.88582],[151.20694,-33.88557],[151.20697,-33.88507],[151.20812,-33.88356],[151.20808,-33.88308],[151.20483,-33.8811],[151.20541,-33.87926],[151.20562,-33.8781],[151.2068,-33.87436],[151.20699,-33.87294],[151.20693,-33.86881],[151.20755,-33.86261],[151.20832,-33.86135],[151.21015,-33.86147]]]}},{"type":"Feature","properties":{"id":"badge-l3","kind":"badge","ref":"L3","lineRef":"tram","color":"#781140"},"geometry":{"type":"Point","coordinates":[151.21765,-33.88995]}},{"type":"Feature","properties":{"id":"line-l4","kind":"line","lineRef":"tram","ref":"L4","color":"#BB2043"},"geometry":{"type":"MultiLineString","coordinates":[[[150.98758,-33.80757],[150.98837,-33.80641],[150.99246,-33.8023],[150.99272,-33.80232],[150.9936,-33.80294],[150.99398,-33.80303],[150.99793,-33.80157],[150.99947,-33.80143],[151.00077,-33.80167],[151.00396,-33.80037],[151.00423,-33.80036],[151.00484,-33.80129],[151.00581,-33.80349],[151.00583,-33.80584],[151.00516,-33.80958],[151.00387,-33.81224],[151.00299,-33.81484],[151.00305,-33.81505],[151.01164,-33.817],[151.01191,-33.81687],[151.01218,-33.81608],[151.01244,-33.81598],[151.01427,-33.81658],[151.01608,-33.81744],[151.01732,-33.81768],[151.01771,-33.81713],[151.018,-33.81706],[151.02264,-33.81812],[151.02375,-33.81881],[151.02411,-33.81883],[151.02431,-33.81863],[151.02543,-33.81549],[151.02746,-33.81207],[151.03013,-33.8089],[151.03172,-33.80505],[151.03205,-33.80454],[151.03272,-33.80402],[151.03551,-33.80274],[151.03804,-33.80194],[151.03863,-33.80149],[151.03961,-33.8003],[151.03985,-33.79978],[151.03994,-33.79922],[151.03952,-33.79752],[151.03954,-33.7969],[151.03975,-33.79639],[151.04218,-33.79297],[151.04275,-33.79256],[151.0447,-33.79161],[151.04515,-33.79116],[151.04544,-33.79063],[151.04555,-33.79006],[151.04547,-33.78948],[151.04448,-33.78681],[151.04458,-33.78605],[151.04531,-33.78431]],[[151.04531,-33.78431],[151.0446,-33.78612],[151.04452,-33.78681],[151.04551,-33.78946],[151.04559,-33.79006],[151.04548,-33.79064],[151.04518,-33.79118],[151.04473,-33.79164],[151.04278,-33.79259],[151.04222,-33.79299],[151.03978,-33.7964],[151.03958,-33.79692],[151.03955,-33.79743],[151.03997,-33.79922],[151.03989,-33.79979],[151.03964,-33.80033],[151.03868,-33.8015],[151.03806,-33.80197],[151.03553,-33.80277],[151.03274,-33.80405],[151.03208,-33.80456],[151.03176,-33.80507],[151.03015,-33.80893],[151.0275,-33.81209],[151.02546,-33.81552],[151.02434,-33.81868],[151.02412,-33.81888],[151.02381,-33.81887],[151.02263,-33.81815],[151.01803,-33.8171],[151.01774,-33.81717],[151.01734,-33.81772],[151.01607,-33.81747],[151.01425,-33.81661],[151.01252,-33.81603],[151.0122,-33.81612],[151.01194,-33.81692],[151.01167,-33.81704],[151.00299,-33.81506],[151.00295,-33.81483],[151.00384,-33.81224],[151.00513,-33.80956],[151.00576,-33.80615],[151.00584,-33.80439],[151.00575,-33.80344],[151.00484,-33.80137],[151.00422,-33.80041],[151.00397,-33.80041],[151.00077,-33.80171],[150.99942,-33.80146],[150.99788,-33.80161],[150.99395,-33.80308],[150.99359,-33.80301],[150.99269,-33.80239],[150.99244,-33.80238],[150.9884,-33.80643],[150.98764,-33.8076]],[[151.04531,-33.78431],[151.04563,-33.78364],[151.04656,-33.7826]]]}},{"type":"Feature","properties":{"id":"badge-l4","kind":"badge","ref":"L4","lineRef":"tram","color":"#BB2043"},"geometry":{"type":"Point","coordinates":[151.01763,-33.81724]}},{"type":"Feature","properties":{"id":"line-f1","kind":"line","lineRef":"ferry","ref":"F1","color":"#00774B"},"geometry":{"type":"LineString","coordinates":[[151.2114,-33.86069],[151.2113,-33.86068],[151.21132,-33.86052],[151.21154,-33.85987],[151.21132,-33.85929],[151.21199,-33.85846],[151.21362,-33.85543],[151.21412,-33.85476],[151.2145,-33.85456],[151.22237,-33.85435],[151.22933,-33.8539],[151.23292,-33.85393],[151.23467,-33.85409],[151.24468,-33.85569],[151.24944,-33.85619],[151.25127,-33.85609],[151.25287,-33.85567],[151.25367,-33.85523],[151.25477,-33.85436],[151.25669,-33.85262],[151.25862,-33.85027],[151.26046,-33.84672],[151.26369,-33.83915],[151.27353,-33.82943],[151.27502,-33.82757],[151.27552,-33.82584],[151.27702,-33.8187],[151.28072,-33.80569],[151.28161,-33.80351],[151.28363,-33.80043],[151.28371,-33.80045]]}},{"type":"Feature","properties":{"id":"badge-f1","kind":"badge","ref":"F1","lineRef":"ferry","color":"#00774B"},"geometry":{"type":"Point","coordinates":[151.25938,-33.84881]}},{"type":"Feature","properties":{"id":"line-f2","kind":"line","lineRef":"ferry","ref":"F2","color":"#144734"},"geometry":{"type":"LineString","coordinates":[[151.2111,-33.8606],[151.21119,-33.86061],[151.21135,-33.8601],[151.21132,-33.85929],[151.21188,-33.85845],[151.21318,-33.85559],[151.21401,-33.85434],[151.21472,-33.8542],[151.22182,-33.85376],[151.22472,-33.85343],[151.23425,-33.85125],[151.23491,-33.85095],[151.23585,-33.85031],[151.2396,-33.84639]]}},{"type":"Feature","properties":{"id":"badge-f2","kind":"badge","ref":"F2","lineRef":"ferry","color":"#144734"},"geometry":{"type":"Point","coordinates":[151.22433,-33.85347]}},{"type":"Feature","properties":{"id":"line-f3","kind":"line","lineRef":"ferry","ref":"F3","color":"#648C3C"},"geometry":{"type":"MultiLineString","coordinates":[[[151.19859,-33.85867],[151.19724,-33.85604],[151.19678,-33.85543],[151.19341,-33.85296],[151.19239,-33.85168],[151.19101,-33.8493],[151.18932,-33.84753],[151.18845,-33.8468],[151.18577,-33.84539],[151.18177,-33.84426],[151.17948,-33.84405],[151.1757,-33.84428],[151.17344,-33.84548],[151.1727,-33.84544],[151.17119,-33.84506],[151.16972,-33.84487],[151.16218,-33.84638],[151.16019,-33.84643],[151.15856,-33.84604],[151.1572,-33.84542],[151.15668,-33.84464],[151.1546,-33.84067],[151.15371,-33.84006],[151.15265,-33.83993],[151.15079,-33.84026],[151.14707,-33.84172],[151.14602,-33.84202],[151.14389,-33.84204],[151.14196,-33.84221],[151.14178,-33.84255],[151.14179,-33.84302],[151.14257,-33.84411],[151.14269,-33.84452],[151.14263,-33.84495],[151.14222,-33.84533],[151.1358,-33.84586],[151.13461,-33.84568],[151.13363,-33.84529],[151.13151,-33.84349],[151.1299,-33.84328],[151.12797,-33.8436],[151.12617,-33.84291],[151.12457,-33.84251],[151.12368,-33.84201],[151.12234,-33.84086],[151.1213,-33.84041],[151.11956,-33.84036],[151.1169,-33.84067],[151.11588,-33.84052],[151.11486,-33.84001],[151.11218,-33.83709],[151.11125,-33.83674],[151.1085,-33.83645],[151.10745,-33.83609],[151.10679,-33.8356],[151.10501,-33.83372],[151.10303,-33.83234],[151.10197,-33.83181],[151.10101,-33.83166],[151.10034,-33.83074],[151.09847,-33.82727],[151.09718,-33.82547],[151.09552,-33.82347],[151.09481,-33.82293],[151.09378,-33.8224],[151.09023,-33.82131],[151.08302,-33.8214],[151.0806,-33.82195],[151.07934,-33.82203],[151.07835,-33.8218],[151.0766,-33.82081],[151.07449,-33.81993],[151.07371,-33.81974],[151.07299,-33.81974],[151.07206,-33.81998],[151.07139,-33.82034],[151.06798,-33.82275],[151.06623,-33.82382],[151.06525,-33.82427],[151.0642,-33.82452],[151.06233,-33.82448],[151.05865,-33.82383],[151.05328,-33.82411],[151.04941,-33.82407],[151.04874,-33.82382],[151.04812,-33.82321],[151.04451,-33.8186],[151.04374,-33.818],[151.0418,-33.81772],[151.04004,-33.81776],[151.03895,-33.81807],[151.03741,-33.819],[151.03615,-33.81915],[151.0291,-33.81789],[151.02699,-33.81737],[151.02663,-33.81714],[151.02633,-33.81671],[151.02638,-33.81542],[151.02625,-33.81493],[151.02582,-33.81464],[151.02508,-33.81442],[151.02301,-33.81417],[151.02191,-33.81419],[151.01864,-33.81572],[151.01743,-33.81599],[151.01592,-33.81608],[151.01396,-33.81575],[151.01223,-33.81514],[151.01059,-33.81389]],[[151.19859,-33.85867],[151.19803,-33.85621],[151.198,-33.85555],[151.19827,-33.85447],[151.19904,-33.85384],[151.20048,-33.85315],[151.20339,-33.85239],[151.20756,-33.8517],[151.20856,-33.85159],[151.20957,-33.85167],[151.21037,-33.85197],[151.21098,-33.85248],[151.21176,-33.85357],[151.21206,-33.85474],[151.21132,-33.85929],[151.21095,-33.85979],[151.21071,-33.86055],[151.21061,-33.86054]],[[151.20042,-33.86417],[151.20019,-33.86395],[151.19859,-33.85867]]]}},{"type":"Feature","properties":{"id":"badge-f3","kind":"badge","ref":"F3","lineRef":"ferry","color":"#648C3C"},"geometry":{"type":"Point","coordinates":[151.10632,-33.83511]}},{"type":"Feature","properties":{"id":"line-f4","kind":"line","lineRef":"ferry","ref":"F4","color":"#BFD730"},"geometry":{"type":"MultiLineString","coordinates":[[[151.20008,-33.86432],[151.20004,-33.86479],[151.19918,-33.86657],[151.19886,-33.8682]],[[151.20008,-33.86432],[151.20007,-33.86336],[151.19859,-33.85867],[151.19768,-33.85747],[151.19706,-33.8571],[151.19624,-33.85683],[151.19656,-33.85673],[151.19716,-33.85569],[151.198,-33.8546],[151.19946,-33.85359],[151.20426,-33.85134],[151.20521,-33.85078],[151.20584,-33.85031],[151.20664,-33.84946],[151.20679,-33.84902],[151.20669,-33.84887],[151.20697,-33.84862],[151.20795,-33.84865],[151.21045,-33.84931],[151.21189,-33.85119],[151.21284,-33.85309],[151.21293,-33.85376],[151.21231,-33.85546],[151.21132,-33.85929],[151.21071,-33.86055],[151.21061,-33.86054]]]}},{"type":"Feature","properties":{"id":"badge-f4","kind":"badge","ref":"F4","lineRef":"ferry","color":"#BFD730"},"geometry":{"type":"Point","coordinates":[151.20474,-33.85106]}},{"type":"Feature","properties":{"id":"line-f5","kind":"line","lineRef":"ferry","ref":"F5","color":"#286142"},"geometry":{"type":"MultiLineString","coordinates":[[[151.21092,-33.86058],[151.21082,-33.86057],[151.21088,-33.86032],[151.21124,-33.85975],[151.21259,-33.8555],[151.2133,-33.85369],[151.21399,-33.85339],[151.21963,-33.85316],[151.22064,-33.85288],[151.22092,-33.85231],[151.22042,-33.85035],[151.22049,-33.84939]],[[151.22049,-33.84939],[151.22094,-33.84811],[151.2209,-33.84712],[151.22059,-33.84653],[151.21892,-33.84484],[151.21836,-33.84334],[151.21847,-33.8429],[151.21914,-33.84238],[151.21936,-33.84238],[151.21996,-33.8429],[151.22143,-33.84323],[151.2217,-33.8434],[151.22124,-33.84747],[151.22103,-33.84833],[151.22049,-33.84939]]]}},{"type":"Feature","properties":{"id":"badge-f5","kind":"badge","ref":"F5","lineRef":"ferry","color":"#286142"},"geometry":{"type":"Point","coordinates":[151.21505,-33.85335]}},{"type":"Feature","properties":{"id":"line-f6","kind":"line","lineRef":"ferry","ref":"F6","color":"#00AB51"},"geometry":{"type":"LineString","coordinates":[[151.2111,-33.8606],[151.21119,-33.86061],[151.21126,-33.86032],[151.21132,-33.85929],[151.21179,-33.85839],[151.21346,-33.8543],[151.21377,-33.85401],[151.22048,-33.85339],[151.22196,-33.85301],[151.2234,-33.85217],[151.22796,-33.84873],[151.229,-33.8483],[151.23099,-33.84802],[151.23153,-33.84902],[151.23229,-33.84971],[151.23298,-33.84984],[151.23342,-33.84975],[151.234,-33.84941],[151.23426,-33.84877],[151.23418,-33.84792],[151.2325,-33.84383],[151.23244,-33.84341],[151.23256,-33.84324],[151.23204,-33.84294],[151.23178,-33.84224],[151.23046,-33.84073],[151.23071,-33.84036],[151.23089,-33.83946],[151.2311,-33.83908],[151.23174,-33.83856],[151.23224,-33.83845]]}},{"type":"Feature","properties":{"id":"badge-f6","kind":"badge","ref":"F6","lineRef":"ferry","color":"#00AB51"},"geometry":{"type":"Point","coordinates":[151.22688,-33.84955]}},{"type":"Feature","properties":{"id":"line-f7","kind":"line","lineRef":"ferry","ref":"F7","color":"#00B189"},"geometry":{"type":"MultiLineString","coordinates":[[[151.21195,-33.86068],[151.21186,-33.86067],[151.21195,-33.85995],[151.21132,-33.85929],[151.21221,-33.85854],[151.21418,-33.85574],[151.2147,-33.85541],[151.21541,-33.85532],[151.22342,-33.85594],[151.22547,-33.85619],[151.22749,-33.8566],[151.23101,-33.85761],[151.23359,-33.85852],[151.23423,-33.859],[151.23567,-33.86063],[151.23715,-33.8629]],[[151.23715,-33.8629],[151.23957,-33.86641],[151.24006,-33.86616],[151.24095,-33.86598],[151.24175,-33.86606],[151.24265,-33.8664]],[[151.23715,-33.8629],[151.23878,-33.86453],[151.24023,-33.86535],[151.24212,-33.86601],[151.24265,-33.8664]],[[151.24265,-33.8664],[151.24296,-33.8669],[151.24318,-33.86772],[151.24341,-33.86971],[151.24271,-33.8728]]]}},{"type":"Feature","properties":{"id":"badge-f7","kind":"badge","ref":"F7","lineRef":"ferry","color":"#00B189"},"geometry":{"type":"Point","coordinates":[151.22368,-33.85597]}},{"type":"Feature","properties":{"id":"line-f8","kind":"line","lineRef":"ferry","ref":"F8","color":"#55622B"},"geometry":{"type":"LineString","coordinates":[[151.21042,-33.86052],[151.21037,-33.86038],[151.21057,-33.86001],[151.21132,-33.85929],[151.2113,-33.85837],[151.2117,-33.85451],[151.21144,-33.85362],[151.21101,-33.85295],[151.21049,-33.85239],[151.21,-33.85207],[151.20861,-33.85185],[151.20241,-33.8529],[151.20079,-33.85336],[151.19881,-33.85435],[151.19767,-33.85457],[151.19629,-33.85453],[151.19384,-33.85379],[151.19179,-33.8535],[151.19112,-33.85355],[151.18786,-33.85454],[151.18707,-33.85463],[151.1863,-33.85453],[151.18967,-33.85343],[151.19053,-33.8531],[151.19107,-33.85275],[151.19142,-33.85169],[151.1914,-33.84997],[151.19018,-33.84866],[151.18854,-33.84718],[151.18793,-33.8468],[151.18646,-33.84637],[151.18517,-33.84497],[151.18109,-33.84338],[151.18065,-33.84287],[151.18067,-33.84201],[151.17913,-33.84162],[151.17745,-33.84064],[151.17643,-33.83951],[151.17616,-33.83891],[151.17596,-33.84229],[151.17575,-33.8431],[151.17522,-33.84381],[151.17376,-33.84485],[151.17344,-33.84548]]}},{"type":"Feature","properties":{"id":"badge-f8","kind":"badge","ref":"F8","lineRef":"ferry","color":"#55622B"},"geometry":{"type":"Point","coordinates":[151.18698,-33.85431]}},{"type":"Feature","properties":{"id":"line-f9","kind":"line","lineRef":"ferry","ref":"F9","color":"#65B32E"},"geometry":{"type":"LineString","coordinates":[[151.21195,-33.86068],[151.21186,-33.86067],[151.21185,-33.86],[151.21132,-33.85929],[151.2121,-33.85849],[151.21382,-33.85569],[151.21411,-33.85542],[151.21463,-33.85523],[151.21543,-33.85518],[151.22792,-33.85605],[151.23125,-33.8565],[151.23438,-33.85738],[151.24553,-33.86139],[151.24705,-33.86168],[151.25288,-33.8619],[151.25544,-33.86215],[151.25637,-33.86228],[151.25768,-33.86271],[151.25868,-33.86351],[151.25972,-33.86507],[151.26079,-33.86723],[151.26213,-33.87058],[151.26148,-33.86786],[151.26048,-33.85547],[151.26046,-33.8544],[151.26067,-33.85256],[151.26088,-33.85177],[151.2614,-33.85069],[151.26201,-33.84994],[151.26277,-33.84927],[151.2656,-33.84755],[151.26735,-33.84666],[151.27028,-33.84548],[151.27223,-33.84487],[151.2742,-33.84444],[151.28098,-33.84353]]}},{"type":"Feature","properties":{"id":"badge-f9","kind":"badge","ref":"F9","lineRef":"ferry","color":"#65B32E"},"geometry":{"type":"Point","coordinates":[151.25749,-33.86265]}},{"type":"Feature","properties":{"id":"line-f10","kind":"line","lineRef":"ferry","ref":"F10","color":"#469B3B"},"geometry":{"type":"MultiLineString","coordinates":[[[151.18775,-33.86562],[151.18655,-33.86703],[151.18606,-33.86786],[151.18538,-33.86988],[151.1856,-33.87092],[151.18524,-33.87138]],[[151.18775,-33.86562],[151.191,-33.86464],[151.19066,-33.86443],[151.19015,-33.8634],[151.1902,-33.86308]],[[151.1902,-33.86308],[151.18919,-33.86395],[151.18775,-33.86562]],[[151.20042,-33.86417],[151.20019,-33.86395],[151.20007,-33.86336],[151.19933,-33.86268],[151.19721,-33.86143],[151.19609,-33.86101],[151.19495,-33.86108],[151.19086,-33.86263],[151.1902,-33.86308]]]}},{"type":"Feature","properties":{"id":"badge-f10","kind":"badge","ref":"F10","lineRef":"ferry","color":"#469B3B"},"geometry":{"type":"Point","coordinates":[151.19572,-33.86103]}},{"type":"Feature","properties":{"id":"line-b1","kind":"line","lineRef":"bus","ref":"B1","color":"#FFB81C"},"geometry":{"type":"MultiLineString","coordinates":[[[151.29719,-33.71243],[151.29733,-33.71289],[151.29753,-33.71674],[151.29944,-33.72747],[151.30033,-33.72988],[151.30207,-33.73385],[151.30289,-33.74013],[151.30378,-33.74254],[151.30353,-33.74344],[151.30264,-33.7445],[151.30201,-33.7448],[151.29618,-33.74479],[151.29431,-33.74522],[151.29272,-33.74575],[151.29106,-33.74709],[151.28878,-33.75121],[151.28447,-33.75429],[151.28085,-33.75851],[151.27921,-33.7595],[151.27706,-33.76112],[151.27593,-33.76131],[151.27299,-33.76116],[151.27229,-33.76142],[151.27196,-33.76175],[151.27132,-33.76426],[151.27022,-33.76537],[151.26821,-33.76806],[151.26652,-33.76962],[151.26595,-33.77079],[151.26606,-33.77357],[151.26703,-33.77739],[151.26787,-33.78155],[151.26715,-33.78495],[151.2662,-33.78795],[151.26554,-33.78855],[151.26468,-33.78885],[151.25968,-33.78863],[151.25812,-33.78897],[151.25675,-33.78964],[151.25572,-33.79051],[151.25436,-33.79206],[151.25388,-33.79278],[151.25355,-33.79361],[151.25247,-33.79773],[151.25207,-33.79847],[151.2513,-33.799],[151.24713,-33.80043],[151.24646,-33.80109],[151.24612,-33.80411],[151.24689,-33.80698],[151.24686,-33.80759],[151.24633,-33.80875],[151.2441,-33.81129],[151.24411,-33.81164],[151.24472,-33.81204],[151.24483,-33.81247],[151.24412,-33.81325],[151.24389,-33.81426],[151.24339,-33.81503],[151.24315,-33.8159],[151.24318,-33.81627],[151.2438,-33.81771],[151.24404,-33.81869],[151.24388,-33.81978],[151.24397,-33.82115],[151.24375,-33.82245],[151.24356,-33.82277],[151.24092,-33.82458],[151.23893,-33.82441],[151.23633,-33.8244],[151.23493,-33.82464],[151.23344,-33.82548],[151.23088,-33.82786],[151.22861,-33.82895],[151.22713,-33.83003],[151.22341,-33.83154],[151.2224,-33.83159],[151.21827,-33.8301],[151.21702,-33.83009],[151.21504,-33.82984],[151.21464,-33.82985],[151.21437,-33.83008],[151.21437,-33.83075],[151.21335,-33.83192],[151.21322,-33.83193],[151.21274,-33.83259],[151.21182,-33.83473],[151.21153,-33.83598],[151.21143,-33.83743],[151.2111,-33.83837],[151.21089,-33.8395],[151.21087,-33.84105],[151.21113,-33.84238],[151.21265,-33.84713],[151.21279,-33.84796],[151.21274,-33.84874],[151.21249,-33.84957],[151.20649,-33.85937],[151.20586,-33.86143],[151.20527,-33.86288],[151.20562,-33.86508]],[[151.20562,-33.86508],[151.20485,-33.86513],[151.20475,-33.86425],[151.20431,-33.8633],[151.20438,-33.8628],[151.20538,-33.861],[151.20575,-33.85991],[151.20643,-33.85903],[151.21209,-33.84993],[151.21253,-33.8489],[151.21262,-33.84806],[151.21249,-33.84716],[151.21117,-33.84336],[151.21088,-33.84282]],[[151.21052,-33.8423],[151.21017,-33.8416],[151.21001,-33.84005],[151.21078,-33.83555],[151.21133,-33.83383],[151.21287,-33.83094],[151.21323,-33.82959],[151.21487,-33.8297],[151.21585,-33.82927],[151.21703,-33.82944],[151.22233,-33.83147],[151.22319,-33.83149],[151.22701,-33.83001],[151.22859,-33.82886],[151.23071,-33.82785],[151.2314,-33.82734],[151.23342,-33.82538],[151.23478,-33.82461],[151.23611,-33.82432],[151.24078,-33.82446],[151.24351,-33.82267],[151.24387,-33.82114],[151.24375,-33.8197],[151.24394,-33.81872],[151.24375,-33.81787],[151.24311,-33.81637],[151.24306,-33.81576],[151.24329,-33.81501],[151.24376,-33.81431],[151.24402,-33.81322],[151.24471,-33.81248],[151.24466,-33.81214],[151.244,-33.81166],[151.24397,-33.81129],[151.24625,-33.80872],[151.24667,-33.80783],[151.24671,-33.80704],[151.24602,-33.80412],[151.24638,-33.80107],[151.24708,-33.80036],[151.25114,-33.79898],[151.25204,-33.79835],[151.2524,-33.79761],[151.25342,-33.79359],[151.25374,-33.79281],[151.25422,-33.79204],[151.25571,-33.79036],[151.25664,-33.78958],[151.25836,-33.78878],[151.25971,-33.78852],[151.2647,-33.78875],[151.26537,-33.78853],[151.26608,-33.78792],[151.26712,-33.78467],[151.26777,-33.78165],[151.26694,-33.77741],[151.26596,-33.77354],[151.26584,-33.77072],[151.26631,-33.76972],[151.26818,-33.76792],[151.2698,-33.76573],[151.27116,-33.76427],[151.27141,-33.76377],[151.27185,-33.76169],[151.2723,-33.76129],[151.27299,-33.76108],[151.27619,-33.76121],[151.27704,-33.76102],[151.2792,-33.75938],[151.28069,-33.75844],[151.28443,-33.75417],[151.28867,-33.75116],[151.29096,-33.74702],[151.29258,-33.74573],[151.29393,-33.74521],[151.29601,-33.74472],[151.30203,-33.74468],[151.30243,-33.74445],[151.30348,-33.74309],[151.3036,-33.74264],[151.30275,-33.74002],[151.30193,-33.73385],[151.30018,-33.72991],[151.29931,-33.72751],[151.29741,-33.71672],[151.29719,-33.71243]],[[151.30438,-33.67766],[151.30379,-33.67807],[151.30337,-33.67858],[151.30286,-33.67948],[151.30278,-33.68012],[151.30473,-33.68768],[151.30526,-33.69066],[151.30526,-33.69133],[151.30492,-33.69211],[151.30104,-33.69718],[151.30002,-33.69995],[151.29785,-33.70298],[151.29717,-33.70637],[151.29619,-33.70929],[151.2962,-33.71028],[151.29654,-33.71121]],[[151.29654,-33.71121],[151.2958,-33.70992],[151.29707,-33.70638],[151.29777,-33.70295],[151.29999,-33.69977],[151.30066,-33.69768],[151.30094,-33.69714],[151.30482,-33.69202],[151.30509,-33.69142],[151.30514,-33.69068],[151.30465,-33.68793],[151.3026,-33.67986],[151.30278,-33.67917],[151.30355,-33.67809],[151.30428,-33.67754],[151.3053,-33.67718]]]}},{"type":"Feature","properties":{"id":"badge-b1","kind":"badge","ref":"B1","lineRef":"bus","color":"#FFB81C"},"geometry":{"type":"Point","coordinates":[151.25635,-33.78998]}},{"type":"Feature","properties":{"id":"stn-0","kind":"node","name":"St Leonards","lineRef":"train","lab":1,"color":"#F99D1C"},"geometry":{"type":"Point","coordinates":[151.19419,-33.82244]}},{"type":"Feature","properties":{"id":"stn-1","kind":"node","name":"Green Square","lineRef":"train","lab":1,"color":"#00954C"},"geometry":{"type":"Point","coordinates":[151.20244,-33.9062]}},{"type":"Feature","properties":{"id":"stn-2","kind":"node","name":"Edgecliff","lineRef":"train","lab":1,"color":"#005AA3"},"geometry":{"type":"Point","coordinates":[151.23614,-33.87924]}},{"type":"Feature","properties":{"id":"stn-3","kind":"node","name":"Rooty Hill","lineRef":"train","lab":1,"color":"#F99D1C"},"geometry":{"type":"Point","coordinates":[150.84501,-33.77152]}},{"type":"Feature","properties":{"id":"stn-4","kind":"node","name":"Lidcombe","lineRef":"train","lab":1,"color":"#0098CD"},"geometry":{"type":"Point","coordinates":[151.04524,-33.86381]}},{"type":"Feature","properties":{"id":"stn-5","kind":"node","name":"Flemington","lineRef":"train","lab":1,"color":"#F37021"},"geometry":{"type":"Point","coordinates":[151.06995,-33.86488]}},{"type":"Feature","properties":{"id":"stn-6","kind":"node","name":"Waterfall","lineRef":"train","lab":1,"color":"#005AA3"},"geometry":{"type":"Point","coordinates":[150.99446,-34.13445]}},{"type":"Feature","properties":{"id":"stn-9","kind":"node","name":"Clyde","lineRef":"train","lab":1,"color":"#F99D1C"},"geometry":{"type":"Point","coordinates":[151.01707,-33.83597]}},{"type":"Feature","properties":{"id":"stn-11","kind":"node","name":"Warrawee","lineRef":"train","lab":1,"color":"#F99D1C"},"geometry":{"type":"Point","coordinates":[151.12171,-33.7242]}},{"type":"Feature","properties":{"id":"stn-12","kind":"node","name":"Waitara","lineRef":"train","lab":1,"color":"#F99D1C"},"geometry":{"type":"Point","coordinates":[151.10429,-33.70999]}},{"type":"Feature","properties":{"id":"stn-13","kind":"node","name":"Concord West","lineRef":"train","lab":1,"color":"#D11F2F"},"geometry":{"type":"Point","coordinates":[151.08561,-33.8484]}},{"type":"Feature","properties":{"id":"stn-14","kind":"node","name":"Richmond","lineRef":"train","lab":1,"color":"#F99D1C"},"geometry":{"type":"Point","coordinates":[150.75265,-33.59884]}},{"type":"Feature","properties":{"id":"stn-15","kind":"node","name":"Thornleigh","lineRef":"train","lab":1,"color":"#D11F2F"},"geometry":{"type":"Point","coordinates":[151.07839,-33.73182]}},{"type":"Feature","properties":{"id":"stn-16","kind":"node","name":"Pennant Hills","lineRef":"train","lab":1,"color":"#D11F2F"},"geometry":{"type":"Point","coordinates":[151.07256,-33.73792]}},{"type":"Feature","properties":{"id":"stn-17","kind":"node","name":"Normanhurst","lineRef":"train","lab":1,"color":"#D11F2F"},"geometry":{"type":"Point","coordinates":[151.09705,-33.72085]}},{"type":"Feature","properties":{"id":"stn-18","kind":"node","name":"Cabramatta","lineRef":"train","lab":1,"color":"#F37021"},"geometry":{"type":"Point","coordinates":[150.93881,-33.895]}},{"type":"Feature","properties":{"id":"stn-19","kind":"node","name":"Turramurra","lineRef":"train","lab":1,"color":"#F99D1C"},"geometry":{"type":"Point","coordinates":[151.12838,-33.73231]}},{"type":"Feature","properties":{"id":"stn-20","kind":"node","name":"Yallamundi","lineRef":"tram","lab":1,"color":"#BB2043"},"geometry":{"type":"Point","coordinates":[151.02927,-33.80996]}},{"type":"Feature","properties":{"id":"stn-21","kind":"node","name":"Dundas","lineRef":"tram","lab":1,"color":"#BB2043"},"geometry":{"type":"Point","coordinates":[151.03322,-33.80381]}},{"type":"Feature","properties":{"id":"stn-22","kind":"node","name":"Telopea","lineRef":"tram","lab":1,"color":"#BB2043"},"geometry":{"type":"Point","coordinates":[151.04114,-33.7944]}},{"type":"Feature","properties":{"id":"stn-23","kind":"node","name":"Carlingford","lineRef":"tram","lab":1,"color":"#BB2043"},"geometry":{"type":"Point","coordinates":[151.04718,-33.78197]}},{"type":"Feature","properties":{"id":"stn-24","kind":"node","name":"Blacktown","lineRef":"train","lab":1,"color":"#F99D1C"},"geometry":{"type":"Point","coordinates":[150.90741,-33.76845]}},{"type":"Feature","properties":{"id":"stn-25","kind":"node","name":"Auburn","lineRef":"train","lab":1,"color":"#F99D1C"},"geometry":{"type":"Point","coordinates":[151.03283,-33.84929]}},{"type":"Feature","properties":{"id":"stn-26","kind":"node","name":"Rosehill Gardens","lineRef":"tram","lab":1,"color":"#BB2043"},"geometry":{"type":"Point","coordinates":[151.02449,-33.81814]}},{"type":"Feature","properties":{"id":"stn-27","kind":"node","name":"Domestic Airport","lineRef":"train","lab":1,"color":"#00954C"},"geometry":{"type":"Point","coordinates":[151.18087,-33.93363]}},{"type":"Feature","properties":{"id":"stn-28","kind":"node","name":"Fairfield","lineRef":"train","lab":1,"color":"#0098CD"},"geometry":{"type":"Point","coordinates":[150.957,-33.87242]}},{"type":"Feature","properties":{"id":"stn-30","kind":"node","name":"Burwood","lineRef":"train","lab":1,"color":"#D11F2F"},"geometry":{"type":"Point","coordinates":[151.10404,-33.87714]}},{"type":"Feature","properties":{"id":"stn-31","kind":"node","name":"Wentworthville","lineRef":"train","lab":1,"color":"#F99D1C"},"geometry":{"type":"Point","coordinates":[150.97266,-33.80718]}},{"type":"Feature","properties":{"id":"stn-32","kind":"node","name":"Menangle","lineRef":"train","lab":1,"color":"#008A45"},"geometry":{"type":"Point","coordinates":[150.74438,-34.1253]}},{"type":"Feature","properties":{"id":"stn-33","kind":"node","name":"Carlton","lineRef":"train","lab":1,"color":"#005AA3"},"geometry":{"type":"Point","coordinates":[151.1245,-33.96824]}},{"type":"Feature","properties":{"id":"stn-34","kind":"node","name":"Miranda","lineRef":"train","lab":1,"color":"#005AA3"},"geometry":{"type":"Point","coordinates":[151.1027,-34.03631]}},{"type":"Feature","properties":{"id":"stn-35","kind":"node","name":"Menangle Park","lineRef":"train","lab":1,"color":"#008A45"},"geometry":{"type":"Point","coordinates":[150.74496,-34.10365]}},{"type":"Feature","properties":{"id":"stn-36","kind":"node","name":"Kings Cross","lineRef":"train","lab":1,"color":"#005AA3"},"geometry":{"type":"Point","coordinates":[151.22223,-33.87449]}},{"type":"Feature","properties":{"id":"stn-37","kind":"node","name":"Artarmon","lineRef":"train","lab":1,"color":"#F99D1C"},"geometry":{"type":"Point","coordinates":[151.18514,-33.80886]}},{"type":"Feature","properties":{"id":"stn-38","kind":"node","name":"International Airport","lineRef":"train","lab":1,"color":"#00954C"},"geometry":{"type":"Point","coordinates":[151.16587,-33.93497]}},{"type":"Feature","properties":{"id":"stn-39","kind":"node","name":"Windsor","lineRef":"train","lab":1,"color":"#F99D1C"},"geometry":{"type":"Point","coordinates":[150.81105,-33.61369]}},{"type":"Feature","properties":{"id":"stn-40","kind":"node","name":"Kingsgrove","lineRef":"train","lab":1,"color":"#00954C"},"geometry":{"type":"Point","coordinates":[151.10063,-33.94057]}},{"type":"Feature","properties":{"id":"stn-41","kind":"node","name":"Doonside","lineRef":"train","lab":1,"color":"#F99D1C"},"geometry":{"type":"Point","coordinates":[150.86838,-33.76399]}},{"type":"Feature","properties":{"id":"stn-42","kind":"node","name":"Kogarah","lineRef":"train","lab":1,"color":"#005AA3"},"geometry":{"type":"Point","coordinates":[151.13257,-33.96216]}},{"type":"Feature","properties":{"id":"stn-45","kind":"node","name":"Engadine","lineRef":"train","lab":1,"color":"#005AA3"},"geometry":{"type":"Point","coordinates":[151.01473,-34.06786]}},{"type":"Feature","properties":{"id":"stn-46","kind":"node","name":"Milsons Point","lineRef":"train","lab":1,"color":"#F99D1C"},"geometry":{"type":"Point","coordinates":[151.21179,-33.84586]}},{"type":"Feature","properties":{"id":"stn-47","kind":"node","name":"Wollstonecraft","lineRef":"train","lab":1,"color":"#D11F2F"},"geometry":{"type":"Point","coordinates":[151.19173,-33.83171]}},{"type":"Feature","properties":{"id":"stn-48","kind":"node","name":"Como","lineRef":"train","lab":1,"color":"#005AA3"},"geometry":{"type":"Point","coordinates":[151.06806,-34.00435]}},{"type":"Feature","properties":{"id":"stn-49","kind":"node","name":"Heathcote","lineRef":"train","lab":1,"color":"#005AA3"},"geometry":{"type":"Point","coordinates":[151.00826,-34.08796]}},{"type":"Feature","properties":{"id":"stn-50","kind":"node","name":"Mortdale","lineRef":"train","lab":1,"color":"#005AA3"},"geometry":{"type":"Point","coordinates":[151.08113,-33.97085]}},{"type":"Feature","properties":{"id":"stn-51","kind":"node","name":"Penshurst","lineRef":"train","lab":1,"color":"#005AA3"},"geometry":{"type":"Point","coordinates":[151.08918,-33.96616]}},{"type":"Feature","properties":{"id":"stn-52","kind":"node","name":"Allawah","lineRef":"train","lab":1,"color":"#005AA3"},"geometry":{"type":"Point","coordinates":[151.11451,-33.96969]}},{"type":"Feature","properties":{"id":"stn-53","kind":"node","name":"St Peters","lineRef":"train","lab":1,"color":"#005AA3"},"geometry":{"type":"Point","coordinates":[151.18067,-33.90729]}},{"type":"Feature","properties":{"id":"stn-54","kind":"node","name":"Bardwell Park","lineRef":"train","lab":1,"color":"#00954C"},"geometry":{"type":"Point","coordinates":[151.12488,-33.9316]}},{"type":"Feature","properties":{"id":"stn-55","kind":"node","name":"Loftus","lineRef":"train","lab":1,"color":"#005AA3"},"geometry":{"type":"Point","coordinates":[151.05135,-34.04534]}},{"type":"Feature","properties":{"id":"stn-56","kind":"node","name":"Ashfield","lineRef":"train","lab":1,"color":"#F37021"},"geometry":{"type":"Point","coordinates":[151.12582,-33.88766]}},{"type":"Feature","properties":{"id":"stn-57","kind":"node","name":"Asquith","lineRef":"train","lab":1,"color":"#F99D1C"},"geometry":{"type":"Point","coordinates":[151.10808,-33.68868]}},{"type":"Feature","properties":{"id":"stn-58","kind":"node","name":"Beecroft","lineRef":"train","lab":1,"color":"#D11F2F"},"geometry":{"type":"Point","coordinates":[151.06639,-33.74963]}},{"type":"Feature","properties":{"id":"stn-59","kind":"node","name":"Cheltenham","lineRef":"train","lab":1,"color":"#D11F2F"},"geometry":{"type":"Point","coordinates":[151.07856,-33.75568]}},{"type":"Feature","properties":{"id":"stn-60","kind":"node","name":"Denistone","lineRef":"train","lab":1,"color":"#D11F2F"},"geometry":{"type":"Point","coordinates":[151.08736,-33.79985]}},{"type":"Feature","properties":{"id":"stn-61","kind":"node","name":"Eastwood","lineRef":"train","lab":1,"color":"#D11F2F"},"geometry":{"type":"Point","coordinates":[151.08226,-33.79013]}},{"type":"Feature","properties":{"id":"stn-62","kind":"node","name":"Gordon","lineRef":"train","lab":1,"color":"#D11F2F"},"geometry":{"type":"Point","coordinates":[151.15433,-33.7558]}},{"type":"Feature","properties":{"id":"stn-63","kind":"node","name":"Mount Kuring-gai","lineRef":"train","lab":1,"color":"#D11F2F"},"geometry":{"type":"Point","coordinates":[151.13687,-33.65317]}},{"type":"Feature","properties":{"id":"stn-64","kind":"node","name":"Petersham","lineRef":"train","lab":1,"color":"#0098CD"},"geometry":{"type":"Point","coordinates":[151.15537,-33.89391]}},{"type":"Feature","properties":{"id":"stn-65","kind":"node","name":"Summer Hill","lineRef":"train","lab":1,"color":"#0098CD"},"geometry":{"type":"Point","coordinates":[151.13872,-33.89046]}},{"type":"Feature","properties":{"id":"stn-66","kind":"node","name":"West Ryde","lineRef":"train","lab":1,"color":"#D11F2F"},"geometry":{"type":"Point","coordinates":[151.09029,-33.80704]}},{"type":"Feature","properties":{"id":"stn-67","kind":"node","name":"Blaxland","lineRef":"train","lab":1,"color":"#F99D1C"},"geometry":{"type":"Point","coordinates":[150.60962,-33.74363]}},{"type":"Feature","properties":{"id":"stn-68","kind":"node","name":"Campbelltown","lineRef":"train","lab":1,"color":"#00954C"},"geometry":{"type":"Point","coordinates":[150.81439,-34.06363]}},{"type":"Feature","properties":{"id":"stn-69","kind":"node","name":"Clarendon","lineRef":"train","lab":1,"color":"#F99D1C"},"geometry":{"type":"Point","coordinates":[150.78799,-33.60862]}},{"type":"Feature","properties":{"id":"stn-70","kind":"node","name":"East Richmond","lineRef":"train","lab":1,"color":"#F99D1C"},"geometry":{"type":"Point","coordinates":[150.75918,-33.6018]}},{"type":"Feature","properties":{"id":"stn-71","kind":"node","name":"Emu Plains","lineRef":"train","lab":1,"color":"#F99D1C"},"geometry":{"type":"Point","coordinates":[150.67158,-33.7457]}},{"type":"Feature","properties":{"id":"stn-72","kind":"node","name":"Glenbrook","lineRef":"train","lab":1,"color":"#F99D1C"},"geometry":{"type":"Point","coordinates":[150.62073,-33.76903]}},{"type":"Feature","properties":{"id":"stn-73","kind":"node","name":"Holsworthy","lineRef":"train","lab":1,"color":"#00954C"},"geometry":{"type":"Point","coordinates":[150.95647,-33.96322]}},{"type":"Feature","properties":{"id":"stn-74","kind":"node","name":"Ingleburn","lineRef":"train","lab":1,"color":"#00954C"},"geometry":{"type":"Point","coordinates":[150.8649,-33.99719]}},{"type":"Feature","properties":{"id":"stn-75","kind":"node","name":"Kingswood","lineRef":"train","lab":1,"color":"#F99D1C"},"geometry":{"type":"Point","coordinates":[150.72001,-33.75829]}},{"type":"Feature","properties":{"id":"stn-76","kind":"node","name":"Kirrawee","lineRef":"train","lab":1,"color":"#005AA3"},"geometry":{"type":"Point","coordinates":[151.07191,-34.03495]}},{"type":"Feature","properties":{"id":"stn-77","kind":"node","name":"Lapstone","lineRef":"train","lab":1,"color":"#F99D1C"},"geometry":{"type":"Point","coordinates":[150.64273,-33.77377]}},{"type":"Feature","properties":{"id":"stn-78","kind":"node","name":"Leumeah","lineRef":"train","lab":1,"color":"#00954C"},"geometry":{"type":"Point","coordinates":[150.83051,-34.05076]}},{"type":"Feature","properties":{"id":"stn-79","kind":"node","name":"Macarthur","lineRef":"train","lab":1,"color":"#00954C"},"geometry":{"type":"Point","coordinates":[150.79719,-34.07199]}},{"type":"Feature","properties":{"id":"stn-80","kind":"node","name":"Marayong","lineRef":"train","lab":1,"color":"#F99D1C"},"geometry":{"type":"Point","coordinates":[150.90019,-33.74618]}},{"type":"Feature","properties":{"id":"stn-81","kind":"node","name":"Merrylands","lineRef":"train","lab":1,"color":"#0098CD"},"geometry":{"type":"Point","coordinates":[150.99233,-33.83681]}},{"type":"Feature","properties":{"id":"stn-82","kind":"node","name":"Minto","lineRef":"train","lab":1,"color":"#00954C"},"geometry":{"type":"Point","coordinates":[150.84258,-34.02724]}},{"type":"Feature","properties":{"id":"stn-83","kind":"node","name":"Mount Druitt","lineRef":"train","lab":1,"color":"#F99D1C"},"geometry":{"type":"Point","coordinates":[150.8202,-33.76958]}},{"type":"Feature","properties":{"id":"stn-84","kind":"node","name":"Mulgrave","lineRef":"train","lab":1,"color":"#F99D1C"},"geometry":{"type":"Point","coordinates":[150.83048,-33.62664]}},{"type":"Feature","properties":{"id":"stn-85","kind":"node","name":"Padstow","lineRef":"train","lab":1,"color":"#00954C"},"geometry":{"type":"Point","coordinates":[151.03233,-33.9519]}},{"type":"Feature","properties":{"id":"stn-86","kind":"node","name":"Pendle Hill","lineRef":"train","lab":1,"color":"#F99D1C"},"geometry":{"type":"Point","coordinates":[150.95645,-33.8015]}},{"type":"Feature","properties":{"id":"stn-87","kind":"node","name":"Quakers Hill","lineRef":"train","lab":1,"color":"#F99D1C"},"geometry":{"type":"Point","coordinates":[150.88648,-33.72773]}},{"type":"Feature","properties":{"id":"stn-88","kind":"node","name":"Revesby","lineRef":"train","lab":1,"color":"#00954C"},"geometry":{"type":"Point","coordinates":[151.01491,-33.95253]}},{"type":"Feature","properties":{"id":"stn-89","kind":"node","name":"Riverstone","lineRef":"train","lab":1,"color":"#F99D1C"},"geometry":{"type":"Point","coordinates":[150.86029,-33.67912]}},{"type":"Feature","properties":{"id":"stn-90","kind":"node","name":"Riverwood","lineRef":"train","lab":1,"color":"#00954C"},"geometry":{"type":"Point","coordinates":[151.05212,-33.95151]}},{"type":"Feature","properties":{"id":"stn-91","kind":"node","name":"St Marys","lineRef":"train","lab":1,"color":"#F99D1C"},"geometry":{"type":"Point","coordinates":[150.77516,-33.76209]}},{"type":"Feature","properties":{"id":"stn-92","kind":"node","name":"Tempe","lineRef":"train","lab":1,"color":"#005AA3"},"geometry":{"type":"Point","coordinates":[151.15643,-33.92454]}},{"type":"Feature","properties":{"id":"stn-93","kind":"node","name":"Toongabbie","lineRef":"train","lab":1,"color":"#F99D1C"},"geometry":{"type":"Point","coordinates":[150.95146,-33.78747]}},{"type":"Feature","properties":{"id":"stn-94","kind":"node","name":"Turrella","lineRef":"train","lab":1,"color":"#00954C"},"geometry":{"type":"Point","coordinates":[151.13996,-33.92992]}},{"type":"Feature","properties":{"id":"stn-95","kind":"node","name":"Vineyard","lineRef":"train","lab":1,"color":"#F99D1C"},"geometry":{"type":"Point","coordinates":[150.85112,-33.6504]}},{"type":"Feature","properties":{"id":"stn-96","kind":"node","name":"Warrimoo","lineRef":"train","lab":1,"color":"#F99D1C"},"geometry":{"type":"Point","coordinates":[150.60235,-33.72129]}},{"type":"Feature","properties":{"id":"stn-97","kind":"node","name":"Werrington","lineRef":"train","lab":1,"color":"#F99D1C"},"geometry":{"type":"Point","coordinates":[150.75794,-33.75922]}},{"type":"Feature","properties":{"id":"stn-98","kind":"node","name":"Wolli Creek","lineRef":"train","lab":1,"color":"#00954C"},"geometry":{"type":"Point","coordinates":[151.15399,-33.92852]}},{"type":"Feature","properties":{"id":"stn-99","kind":"node","name":"Berowra","lineRef":"train","lab":1,"color":"#F99D1C"},"geometry":{"type":"Point","coordinates":[151.15317,-33.62354]}},{"type":"Feature","properties":{"id":"stn-100","kind":"node","name":"Birrong","lineRef":"train","lab":1,"color":"#783D1D"},"geometry":{"type":"Point","coordinates":[151.02403,-33.89332]}},{"type":"Feature","properties":{"id":"stn-101","kind":"node","name":"Canley Vale","lineRef":"train","lab":1,"color":"#0098CD"},"geometry":{"type":"Point","coordinates":[150.94366,-33.8872]}},{"type":"Feature","properties":{"id":"stn-102","kind":"node","name":"Carramar","lineRef":"train","lab":1,"color":"#F37021"},"geometry":{"type":"Point","coordinates":[150.96151,-33.88432]}},{"type":"Feature","properties":{"id":"stn-103","kind":"node","name":"Glenfield","lineRef":"train","lab":1,"color":"#0098CD"},"geometry":{"type":"Point","coordinates":[150.89309,-33.97224]}},{"type":"Feature","properties":{"id":"stn-104","kind":"node","name":"Guildford","lineRef":"train","lab":1,"color":"#0098CD"},"geometry":{"type":"Point","coordinates":[150.98449,-33.85432]}},{"type":"Feature","properties":{"id":"stn-105","kind":"node","name":"Leightonfield","lineRef":"train","lab":1,"color":"#F37021"},"geometry":{"type":"Point","coordinates":[150.98523,-33.88152]}},{"type":"Feature","properties":{"id":"stn-106","kind":"node","name":"Macquarie Fields","lineRef":"train","lab":1,"color":"#00954C"},"geometry":{"type":"Point","coordinates":[150.8789,-33.98479]}},{"type":"Feature","properties":{"id":"stn-107","kind":"node","name":"Sefton","lineRef":"train","lab":1,"color":"#F37021"},"geometry":{"type":"Point","coordinates":[151.01148,-33.88526]}},{"type":"Feature","properties":{"id":"stn-108","kind":"node","name":"Wahroonga","lineRef":"train","lab":1,"color":"#F99D1C"},"geometry":{"type":"Point","coordinates":[151.117,-33.71754]}},{"type":"Feature","properties":{"id":"stn-109","kind":"node","name":"Warwick Farm","lineRef":"train","lab":1,"color":"#C4258F"},"geometry":{"type":"Point","coordinates":[150.9351,-33.91333]}},{"type":"Feature","properties":{"id":"stn-110","kind":"node","name":"Waverton","lineRef":"train","lab":1,"color":"#F99D1C"},"geometry":{"type":"Point","coordinates":[151.19765,-33.83809]}},{"type":"Feature","properties":{"id":"stn-112","kind":"node","name":"Yennora","lineRef":"train","lab":1,"color":"#0098CD"},"geometry":{"type":"Point","coordinates":[150.97115,-33.86463]}},{"type":"Feature","properties":{"id":"stn-113","kind":"node","name":"Schofields","lineRef":"train","lab":1,"color":"#F99D1C"},"geometry":{"type":"Point","coordinates":[150.87377,-33.70433]}},{"type":"Feature","properties":{"id":"stn-114","kind":"node","name":"Chester Hill","lineRef":"train","lab":1,"color":"#F37021"},"geometry":{"type":"Point","coordinates":[150.99942,-33.88354]}},{"type":"Feature","properties":{"id":"stn-115","kind":"node","name":"Rhodes","lineRef":"train","lab":1,"color":"#D11F2F"},"geometry":{"type":"Point","coordinates":[151.08706,-33.8304]}},{"type":"Feature","properties":{"id":"stn-116","kind":"node","name":"Marion","lineRef":"tram","lab":1,"color":"#BE1622"},"geometry":{"type":"Point","coordinates":[151.14512,-33.88397]}},{"type":"Feature","properties":{"id":"stn-117","kind":"node","name":"Taverners Hill","lineRef":"tram","lab":1,"color":"#BE1622"},"geometry":{"type":"Point","coordinates":[151.14526,-33.88916]}},{"type":"Feature","properties":{"id":"stn-118","kind":"node","name":"Hawthorne","lineRef":"tram","lab":1,"color":"#BE1622"},"geometry":{"type":"Point","coordinates":[151.14723,-33.87957]}},{"type":"Feature","properties":{"id":"stn-119","kind":"node","name":"Leichhardt North","lineRef":"tram","lab":1,"color":"#BE1622"},"geometry":{"type":"Point","coordinates":[151.15414,-33.87498]}},{"type":"Feature","properties":{"id":"stn-120","kind":"node","name":"Edmondson Park","lineRef":"train","lab":1,"color":"#0098CD"},"geometry":{"type":"Point","coordinates":[150.85863,-33.96927]}},{"type":"Feature","properties":{"id":"stn-121","kind":"node","name":"Yagoona","lineRef":"train","lab":1,"color":"#783D1D"},"geometry":{"type":"Point","coordinates":[151.02431,-33.90675]}},{"type":"Feature","properties":{"id":"stn-122","kind":"node","name":"Hornsby","lineRef":"train","lab":1,"color":"#F99D1C"},"geometry":{"type":"Point","coordinates":[151.09839,-33.70348]}},{"type":"Feature","properties":{"id":"stn-123","kind":"node","name":"Casula","lineRef":"train","lab":1,"color":"#0098CD"},"geometry":{"type":"Point","coordinates":[150.91184,-33.95016]}},{"type":"Feature","properties":{"id":"stn-124","kind":"node","name":"Granville","lineRef":"train","lab":1,"color":"#F99D1C"},"geometry":{"type":"Point","coordinates":[151.01241,-33.83309]}},{"type":"Feature","properties":{"id":"stn-125","kind":"node","name":"Newtown","lineRef":"train","lab":1,"color":"#F37021"},"geometry":{"type":"Point","coordinates":[151.17961,-33.89792]}},{"type":"Feature","properties":{"id":"stn-126","kind":"node","name":"Macdonaldtown","lineRef":"train","lab":1,"color":"#F37021"},"geometry":{"type":"Point","coordinates":[151.18589,-33.89691]}},{"type":"Feature","properties":{"id":"stn-127","kind":"node","name":"North Sydney","lineRef":"train","lab":1,"color":"#F99D1C"},"geometry":{"type":"Point","coordinates":[151.20746,-33.84121]}},{"type":"Feature","properties":{"id":"stn-128","kind":"node","name":"Seven Hills","lineRef":"train","lab":1,"color":"#F99D1C"},"geometry":{"type":"Point","coordinates":[150.93626,-33.77437]}},{"type":"Feature","properties":{"id":"stn-129","kind":"node","name":"Dulwich Hill","lineRef":"tram","lab":1,"color":"#BE1622"},"geometry":{"type":"Point","coordinates":[151.14005,-33.91031]}},{"type":"Feature","properties":{"id":"stn-130","kind":"node","name":"Dulwich Grove","lineRef":"tram","lab":1,"color":"#BE1622"},"geometry":{"type":"Point","coordinates":[151.13905,-33.90503]}},{"type":"Feature","properties":{"id":"stn-131","kind":"node","name":"Arlington","lineRef":"tram","lab":1,"color":"#BE1622"},"geometry":{"type":"Point","coordinates":[151.1381,-33.90189]}},{"type":"Feature","properties":{"id":"stn-132","kind":"node","name":"Waratah Mills","lineRef":"tram","lab":1,"color":"#BE1622"},"geometry":{"type":"Point","coordinates":[151.14015,-33.89879]}},{"type":"Feature","properties":{"id":"stn-133","kind":"node","name":"Lewisham West","lineRef":"tram","lab":1,"color":"#BE1622"},"geometry":{"type":"Point","coordinates":[151.14341,-33.89384]}},{"type":"Feature","properties":{"id":"stn-134","kind":"node","name":"Lilyfield","lineRef":"tram","lab":1,"color":"#BE1622"},"geometry":{"type":"Point","coordinates":[151.16507,-33.87417]}},{"type":"Feature","properties":{"id":"stn-135","kind":"node","name":"Rozelle Bay","lineRef":"tram","lab":1,"color":"#BE1622"},"geometry":{"type":"Point","coordinates":[151.17272,-33.87187]}},{"type":"Feature","properties":{"id":"stn-136","kind":"node","name":"Jubilee Park","lineRef":"tram","lab":1,"color":"#BE1622"},"geometry":{"type":"Point","coordinates":[151.17872,-33.87543]}},{"type":"Feature","properties":{"id":"stn-137","kind":"node","name":"Wentworth Park","lineRef":"tram","lab":1,"color":"#BE1622"},"geometry":{"type":"Point","coordinates":[151.19404,-33.87439]}},{"type":"Feature","properties":{"id":"stn-138","kind":"node","name":"Bank Street","lineRef":"tram","lab":1,"color":"#BE1622"},"geometry":{"type":"Point","coordinates":[151.19244,-33.87094]}},{"type":"Feature","properties":{"id":"stn-139","kind":"node","name":"John Street Square","lineRef":"tram","lab":1,"color":"#BE1622"},"geometry":{"type":"Point","coordinates":[151.19204,-33.86743]}},{"type":"Feature","properties":{"id":"stn-140","kind":"node","name":"The Star","lineRef":"tram","lab":1,"color":"#BE1622"},"geometry":{"type":"Point","coordinates":[151.19529,-33.86766]}},{"type":"Feature","properties":{"id":"stn-141","kind":"node","name":"Pyrmont Bay","lineRef":"tram","lab":1,"color":"#BE1622"},"geometry":{"type":"Point","coordinates":[151.19758,-33.86943]}},{"type":"Feature","properties":{"id":"stn-142","kind":"node","name":"Convention","lineRef":"tram","lab":1,"color":"#BE1622"},"geometry":{"type":"Point","coordinates":[151.19807,-33.87258]}},{"type":"Feature","properties":{"id":"stn-143","kind":"node","name":"Exhibition Centre","lineRef":"tram","lab":1,"color":"#BE1622"},"geometry":{"type":"Point","coordinates":[151.19965,-33.87725]}},{"type":"Feature","properties":{"id":"stn-144","kind":"node","name":"Paddy's Markets","lineRef":"tram","lab":1,"color":"#BE1622"},"geometry":{"type":"Point","coordinates":[151.20272,-33.87932]}},{"type":"Feature","properties":{"id":"stn-145","kind":"node","name":"Capitol Square","lineRef":"tram","lab":1,"color":"#BE1622"},"geometry":{"type":"Point","coordinates":[151.20567,-33.8798]}},{"type":"Feature","properties":{"id":"stn-146","kind":"node","name":"Central Grand Concourse","lineRef":"tram","lab":1,"color":"#BE1622"},"geometry":{"type":"Point","coordinates":[151.20672,-33.88241]}},{"type":"Feature","properties":{"id":"stn-149","kind":"node","name":"Meadowbank","lineRef":"train","lab":1,"color":"#D11F2F"},"geometry":{"type":"Point","coordinates":[151.0901,-33.81591]}},{"type":"Feature","properties":{"id":"stn-150","kind":"node","name":"Roseville","lineRef":"train","lab":1,"color":"#D11F2F"},"geometry":{"type":"Point","coordinates":[151.17755,-33.78437]}},{"type":"Feature","properties":{"id":"stn-151","kind":"node","name":"Lindfield","lineRef":"train","lab":1,"color":"#F99D1C"},"geometry":{"type":"Point","coordinates":[151.16921,-33.77561]}},{"type":"Feature","properties":{"id":"stn-152","kind":"node","name":"Croydon","lineRef":"train","lab":1,"color":"#D11F2F"},"geometry":{"type":"Point","coordinates":[151.1156,-33.88323]}},{"type":"Feature","properties":{"id":"stn-153","kind":"node","name":"North Strathfield","lineRef":"train","lab":1,"color":"#D11F2F"},"geometry":{"type":"Point","coordinates":[151.08813,-33.85902]}},{"type":"Feature","properties":{"id":"stn-154","kind":"node","name":"Mascot","lineRef":"train","lab":1,"color":"#00954C"},"geometry":{"type":"Point","coordinates":[151.18727,-33.92319]}},{"type":"Feature","properties":{"id":"stn-155","kind":"node","name":"Narwee","lineRef":"train","lab":1,"color":"#00954C"},"geometry":{"type":"Point","coordinates":[151.07026,-33.94758]}},{"type":"Feature","properties":{"id":"stn-156","kind":"node","name":"Panania","lineRef":"train","lab":1,"color":"#00954C"},"geometry":{"type":"Point","coordinates":[150.99784,-33.95434]}},{"type":"Feature","properties":{"id":"stn-157","kind":"node","name":"East Hills","lineRef":"train","lab":1,"color":"#00954C"},"geometry":{"type":"Point","coordinates":[150.98463,-33.96185]}},{"type":"Feature","properties":{"id":"stn-159","kind":"node","name":"Bexley North","lineRef":"train","lab":1,"color":"#00954C"},"geometry":{"type":"Point","coordinates":[151.11349,-33.93755]}},{"type":"Feature","properties":{"id":"stn-160","kind":"node","name":"Beverly Hills","lineRef":"train","lab":1,"color":"#00954C"},"geometry":{"type":"Point","coordinates":[151.08105,-33.94908]}},{"type":"Feature","properties":{"id":"stn-162","kind":"node","name":"Liverpool","lineRef":"train","lab":1,"color":"#0098CD"},"geometry":{"type":"Point","coordinates":[150.92764,-33.92454]}},{"type":"Feature","properties":{"id":"stn-163","kind":"node","name":"Harris Park","lineRef":"train","lab":1,"color":"#F99D1C"},"geometry":{"type":"Point","coordinates":[151.00765,-33.82334]}},{"type":"Feature","properties":{"id":"stn-164","kind":"node","name":"Westmead","lineRef":"train","lab":1,"color":"#F99D1C"},"geometry":{"type":"Point","coordinates":[150.98802,-33.8085]}},{"type":"Feature","properties":{"id":"stn-165","kind":"node","name":"Homebush","lineRef":"train","lab":1,"color":"#F99D1C"},"geometry":{"type":"Point","coordinates":[151.08646,-33.86681]}},{"type":"Feature","properties":{"id":"stn-166","kind":"node","name":"Stanmore","lineRef":"train","lab":1,"color":"#0098CD"},"geometry":{"type":"Point","coordinates":[151.16391,-33.89451]}},{"type":"Feature","properties":{"id":"stn-167","kind":"node","name":"Lewisham","lineRef":"train","lab":1,"color":"#0098CD"},"geometry":{"type":"Point","coordinates":[151.14763,-33.89337]}},{"type":"Feature","properties":{"id":"stn-168","kind":"node","name":"Woolooware","lineRef":"train","lab":1,"color":"#005AA3"},"geometry":{"type":"Point","coordinates":[151.14409,-34.04766]}},{"type":"Feature","properties":{"id":"stn-169","kind":"node","name":"Caringbah","lineRef":"train","lab":1,"color":"#005AA3"},"geometry":{"type":"Point","coordinates":[151.12274,-34.0416]}},{"type":"Feature","properties":{"id":"stn-170","kind":"node","name":"Gymea","lineRef":"train","lab":1,"color":"#005AA3"},"geometry":{"type":"Point","coordinates":[151.08551,-34.03489]}},{"type":"Feature","properties":{"id":"stn-171","kind":"node","name":"Cronulla","lineRef":"train","lab":1,"color":"#005AA3"},"geometry":{"type":"Point","coordinates":[151.15146,-34.05573]}},{"type":"Feature","properties":{"id":"stn-172","kind":"node","name":"Banksia","lineRef":"train","lab":1,"color":"#005AA3"},"geometry":{"type":"Point","coordinates":[151.14041,-33.94534]}},{"type":"Feature","properties":{"id":"stn-173","kind":"node","name":"Rockdale","lineRef":"train","lab":1,"color":"#005AA3"},"geometry":{"type":"Point","coordinates":[151.13685,-33.95187]}},{"type":"Feature","properties":{"id":"stn-174","kind":"node","name":"Arncliffe","lineRef":"train","lab":1,"color":"#005AA3"},"geometry":{"type":"Point","coordinates":[151.14735,-33.93644]}},{"type":"Feature","properties":{"id":"stn-175","kind":"node","name":"Oatley","lineRef":"train","lab":1,"color":"#005AA3"},"geometry":{"type":"Point","coordinates":[151.07903,-33.98052]}},{"type":"Feature","properties":{"id":"stn-176","kind":"node","name":"Jannali","lineRef":"train","lab":1,"color":"#005AA3"},"geometry":{"type":"Point","coordinates":[151.06463,-34.01595]}},{"type":"Feature","properties":{"id":"stn-177","kind":"node","name":"Sutherland","lineRef":"train","lab":1,"color":"#005AA3"},"geometry":{"type":"Point","coordinates":[151.05727,-34.03163]}},{"type":"Feature","properties":{"id":"stn-178","kind":"node","name":"Penrith","lineRef":"train","lab":1,"color":"#F99D1C"},"geometry":{"type":"Point","coordinates":[150.69609,-33.74999]}},{"type":"Feature","properties":{"id":"stn-179","kind":"node","name":"Mount Colah","lineRef":"train","lab":1,"color":"#F99D1C"},"geometry":{"type":"Point","coordinates":[151.11453,-33.67197]}},{"type":"Feature","properties":{"id":"stn-180","kind":"node","name":"Pymble","lineRef":"train","lab":1,"color":"#F99D1C"},"geometry":{"type":"Point","coordinates":[151.14197,-33.7447]}},{"type":"Feature","properties":{"id":"stn-181","kind":"node","name":"Berala","lineRef":"train","lab":1,"color":"#783D1D"},"geometry":{"type":"Point","coordinates":[151.03229,-33.87192]}},{"type":"Feature","properties":{"id":"stn-182","kind":"node","name":"Regents Park","lineRef":"train","lab":1,"color":"#783D1D"},"geometry":{"type":"Point","coordinates":[151.02428,-33.88284]}},{"type":"Feature","properties":{"id":"stn-183","kind":"node","name":"Villawood","lineRef":"train","lab":1,"color":"#F37021"},"geometry":{"type":"Point","coordinates":[150.97616,-33.88088]}},{"type":"Feature","properties":{"id":"stn-184","kind":"node","name":"Bankstown","lineRef":"train","lab":1,"color":"#783D1D"},"geometry":{"type":"Point","coordinates":[151.03464,-33.91784]}},{"type":"Feature","properties":{"id":"stn-185","kind":"node","name":"Erskineville","lineRef":"train","lab":1,"color":"#00954C"},"geometry":{"type":"Point","coordinates":[151.18527,-33.90095]}},{"type":"Feature","properties":{"id":"stn-186","kind":"node","name":"Tramway Avenue","lineRef":"tram","lab":1,"color":"#BB2043"},"geometry":{"type":"Point","coordinates":[151.01851,-33.81721]}},{"type":"Feature","properties":{"id":"stn-187","kind":"node","name":"Robin Thomas","lineRef":"tram","lab":1,"color":"#BB2043"},"geometry":{"type":"Point","coordinates":[151.0112,-33.81692]}},{"type":"Feature","properties":{"id":"stn-188","kind":"node","name":"Parramatta Square","lineRef":"tram","lab":1,"color":"#BB2043"},"geometry":{"type":"Point","coordinates":[151.00513,-33.81555]}},{"type":"Feature","properties":{"id":"stn-189","kind":"node","name":"Church Street","lineRef":"tram","lab":1,"color":"#BB2043"},"geometry":{"type":"Point","coordinates":[151.00362,-33.81295]}},{"type":"Feature","properties":{"id":"stn-190","kind":"node","name":"Prince Alfred Square","lineRef":"tram","lab":1,"color":"#BB2043"},"geometry":{"type":"Point","coordinates":[151.00526,-33.80907]}},{"type":"Feature","properties":{"id":"stn-191","kind":"node","name":"Fennell Street","lineRef":"tram","lab":1,"color":"#BB2043"},"geometry":{"type":"Point","coordinates":[151.00583,-33.80519]}},{"type":"Feature","properties":{"id":"stn-192","kind":"node","name":"Benaud Oval","lineRef":"tram","lab":1,"color":"#BB2043"},"geometry":{"type":"Point","coordinates":[151.00456,-33.80081]}},{"type":"Feature","properties":{"id":"stn-193","kind":"node","name":"Ngara","lineRef":"tram","lab":1,"color":"#BB2043"},"geometry":{"type":"Point","coordinates":[151.00138,-33.80146]}},{"type":"Feature","properties":{"id":"stn-194","kind":"node","name":"Childrens Hospital","lineRef":"tram","lab":1,"color":"#BB2043"},"geometry":{"type":"Point","coordinates":[150.99304,-33.80259]}},{"type":"Feature","properties":{"id":"stn-195","kind":"node","name":"Westmead Hospital","lineRef":"tram","lab":1,"color":"#BB2043"},"geometry":{"type":"Point","coordinates":[150.99008,-33.80471]}},{"type":"Feature","properties":{"id":"stn-196","kind":"node","name":"Olympic Park","lineRef":"train","lab":1,"color":"#6F818E"},"geometry":{"type":"Point","coordinates":[151.06951,-33.84654]}},{"type":"Feature","properties":{"id":"stn-197","kind":"node","name":"Museum","lineRef":"train","lab":1,"color":"#0098CD"},"geometry":{"type":"Point","coordinates":[151.21,-33.8759]}},{"type":"Feature","properties":{"id":"stn-198","kind":"node","name":"Leppington","lineRef":"train","lab":1,"color":"#0098CD"},"geometry":{"type":"Point","coordinates":[150.80806,-33.95439]}},{"type":"Feature","properties":{"id":"stn-200","kind":"node","name":"North Ryde","lineRef":"metro","lab":1,"color":"#168388"},"geometry":{"type":"Point","coordinates":[151.13807,-33.79442]}},{"type":"Feature","properties":{"id":"stn-201","kind":"node","name":"Macquarie Park","lineRef":"metro","lab":1,"color":"#168388"},"geometry":{"type":"Point","coordinates":[151.12829,-33.78513]}},{"type":"Feature","properties":{"id":"stn-202","kind":"node","name":"Macquarie University","lineRef":"metro","lab":1,"color":"#168388"},"geometry":{"type":"Point","coordinates":[151.1182,-33.77741]}},{"type":"Feature","properties":{"id":"stn-203","kind":"node","name":"Cherrybrook","lineRef":"metro","lab":1,"color":"#168388"},"geometry":{"type":"Point","coordinates":[151.03188,-33.73658]}},{"type":"Feature","properties":{"id":"stn-204","kind":"node","name":"Castle Hill","lineRef":"metro","lab":1,"color":"#168388"},"geometry":{"type":"Point","coordinates":[151.00781,-33.73148]}},{"type":"Feature","properties":{"id":"stn-205","kind":"node","name":"Hills Showground","lineRef":"metro","lab":1,"color":"#168388"},"geometry":{"type":"Point","coordinates":[150.98739,-33.7278]}},{"type":"Feature","properties":{"id":"stn-206","kind":"node","name":"Norwest","lineRef":"metro","lab":1,"color":"#168388"},"geometry":{"type":"Point","coordinates":[150.96398,-33.73426]}},{"type":"Feature","properties":{"id":"stn-207","kind":"node","name":"Bella Vista","lineRef":"metro","lab":1,"color":"#168388"},"geometry":{"type":"Point","coordinates":[150.94399,-33.73062]}},{"type":"Feature","properties":{"id":"stn-208","kind":"node","name":"Kellyville","lineRef":"metro","lab":1,"color":"#168388"},"geometry":{"type":"Point","coordinates":[150.93508,-33.71312]}},{"type":"Feature","properties":{"id":"stn-209","kind":"node","name":"Rouse Hill","lineRef":"metro","lab":1,"color":"#168388"},"geometry":{"type":"Point","coordinates":[150.92414,-33.69181]}},{"type":"Feature","properties":{"id":"stn-210","kind":"node","name":"Tallawong","lineRef":"metro","lab":1,"color":"#168388"},"geometry":{"type":"Point","coordinates":[150.90553,-33.69175]}},{"type":"Feature","properties":{"id":"stn-212","kind":"node","name":"Chinatown","lineRef":"tram","lab":1,"color":"#DD1E25"},"geometry":{"type":"Point","coordinates":[151.20556,-33.87861]}},{"type":"Feature","properties":{"id":"stn-213","kind":"node","name":"Haymarket","lineRef":"tram","lab":1,"color":"#DD1E25"},"geometry":{"type":"Point","coordinates":[151.20536,-33.88145]}},{"type":"Feature","properties":{"id":"stn-214","kind":"node","name":"Moore Park","lineRef":"tram","lab":1,"color":"#DD1E25"},"geometry":{"type":"Point","coordinates":[151.22181,-33.89363]}},{"type":"Feature","properties":{"id":"stn-215","kind":"node","name":"Randwick","lineRef":"tram","lab":1,"color":"#DD1E25"},"geometry":{"type":"Point","coordinates":[151.24055,-33.91713]}},{"type":"Feature","properties":{"id":"stn-216","kind":"node","name":"Surry Hills","lineRef":"tram","lab":1,"color":"#DD1E25"},"geometry":{"type":"Point","coordinates":[151.21187,-33.8881]}},{"type":"Feature","properties":{"id":"stn-217","kind":"node","name":"Royal Randwick","lineRef":"tram","lab":1,"color":"#DD1E25"},"geometry":{"type":"Point","coordinates":[151.22885,-33.90517]}},{"type":"Feature","properties":{"id":"stn-218","kind":"node","name":"Wansey Road","lineRef":"tram","lab":1,"color":"#DD1E25"},"geometry":{"type":"Point","coordinates":[151.2352,-33.9105]}},{"type":"Feature","properties":{"id":"stn-219","kind":"node","name":"UNSW High Street","lineRef":"tram","lab":1,"color":"#DD1E25"},"geometry":{"type":"Point","coordinates":[151.23554,-33.91638]}},{"type":"Feature","properties":{"id":"stn-220","kind":"node","name":"QVB","lineRef":"tram","lab":1,"color":"#DD1E25"},"geometry":{"type":"Point","coordinates":[151.20697,-33.87157]}},{"type":"Feature","properties":{"id":"stn-221","kind":"node","name":"Bridge Street","lineRef":"tram","lab":1,"color":"#DD1E25"},"geometry":{"type":"Point","coordinates":[151.20746,-33.86413]}},{"type":"Feature","properties":{"id":"stn-222","kind":"node","name":"Central Chalmers Street","lineRef":"tram","lab":1,"color":"#DD1E25"},"geometry":{"type":"Point","coordinates":[151.20766,-33.88421]}},{"type":"Feature","properties":{"id":"stn-223","kind":"node","name":"ES Marks","lineRef":"tram","lab":1,"color":"#781140"},"geometry":{"type":"Point","coordinates":[151.22396,-33.90563]}},{"type":"Feature","properties":{"id":"stn-224","kind":"node","name":"UNSW Anzac Parade","lineRef":"tram","lab":1,"color":"#781140"},"geometry":{"type":"Point","coordinates":[151.2259,-33.91668]}},{"type":"Feature","properties":{"id":"stn-225","kind":"node","name":"Kensington","lineRef":"tram","lab":1,"color":"#781140"},"geometry":{"type":"Point","coordinates":[151.22335,-33.90941]}},{"type":"Feature","properties":{"id":"stn-226","kind":"node","name":"Kingsford","lineRef":"tram","lab":1,"color":"#781140"},"geometry":{"type":"Point","coordinates":[151.22687,-33.92179]}},{"type":"Feature","properties":{"id":"stn-227","kind":"node","name":"Killara","lineRef":"train","lab":1,"color":"#F99D1C"},"geometry":{"type":"Point","coordinates":[151.16169,-33.76549]}},{"type":"Feature","properties":{"id":"stn-228","kind":"node","name":"St James","lineRef":"train","lab":1,"color":"#00954C"},"geometry":{"type":"Point","coordinates":[151.21182,-33.8709]}},{"type":"Feature","properties":{"id":"stn-229","kind":"node","name":"Glebe","lineRef":"tram","lab":1,"color":"#BE1622"},"geometry":{"type":"Point","coordinates":[151.18742,-33.87721]}},{"type":"Feature","properties":{"id":"stn-230","kind":"node","name":"Crows Nest","lineRef":"metro","lab":1,"color":"#168388"},"geometry":{"type":"Point","coordinates":[151.19925,-33.82574]}},{"type":"Feature","properties":{"id":"stn-231","kind":"node","name":"Victoria Cross","lineRef":"metro","lab":1,"color":"#168388"},"geometry":{"type":"Point","coordinates":[151.20776,-33.8362]}},{"type":"Feature","properties":{"id":"stn-232","kind":"node","name":"Barangaroo","lineRef":"metro","lab":1,"color":"#168388"},"geometry":{"type":"Point","coordinates":[151.20254,-33.85968]}},{"type":"Feature","properties":{"id":"stn-233","kind":"node","name":"Gadigal","lineRef":"metro","lab":1,"color":"#168388"},"geometry":{"type":"Point","coordinates":[151.20863,-33.87384]}},{"type":"Feature","properties":{"id":"stn-234","kind":"node","name":"Waterloo","lineRef":"metro","lab":1,"color":"#168388"},"geometry":{"type":"Point","coordinates":[151.20032,-33.89771]}},{"type":"Feature","properties":{"id":"stn-235","kind":"node","name":"Cowan","lineRef":"train","lab":1,"color":"#D11F2F"},"geometry":{"type":"Point","coordinates":[151.17169,-33.59311]}},{"type":"Feature","properties":{"id":"stn-236","kind":"stop","name":"Circular Quay 5A","lineRef":"ferry","lab":1,"color":"#648C3C"},"geometry":{"type":"Point","coordinates":[151.21061,-33.86054]}},{"type":"Feature","properties":{"id":"stn-237","kind":"stop","name":"Balmain East Wharf","lineRef":"ferry","lab":1,"color":"#BFD730"},"geometry":{"type":"Point","coordinates":[151.19624,-33.85683]}},{"type":"Feature","properties":{"id":"stn-238","kind":"stop","name":"Circular Quay 4B","lineRef":"ferry","lab":1,"color":"#286142"},"geometry":{"type":"Point","coordinates":[151.21092,-33.86058]}},{"type":"Feature","properties":{"id":"stn-239","kind":"stop","name":"Circular Quay 3B","lineRef":"ferry","lab":1,"color":"#00774B"},"geometry":{"type":"Point","coordinates":[151.2114,-33.86069]}},{"type":"Feature","properties":{"id":"stn-240","kind":"stop","name":"Kurraba Point","lineRef":"ferry","lab":1,"color":"#286142"},"geometry":{"type":"Point","coordinates":[151.2217,-33.8434]}},{"type":"Feature","properties":{"id":"stn-241","kind":"stop","name":"Circular Quay 6A","lineRef":"ferry","lab":1,"color":"#55622B"},"geometry":{"type":"Point","coordinates":[151.21012,-33.8605]}},{"type":"Feature","properties":{"id":"stn-242","kind":"stop","name":"Circular Quay 2B","lineRef":"ferry","lab":1,"color":"#00B189"},"geometry":{"type":"Point","coordinates":[151.21195,-33.86068]}},{"type":"Feature","properties":{"id":"stn-243","kind":"stop","name":"Sydney Olympic Park","lineRef":"ferry","lab":1,"color":"#648C3C"},"geometry":{"type":"Point","coordinates":[151.07884,-33.82195]}},{"type":"Feature","properties":{"id":"stn-244","kind":"stop","name":"Tramway Museum","lineRef":"train","lab":1,"color":"#005AA3"},"geometry":{"type":"Point","coordinates":[151.05235,-34.045]}},{"type":"Feature","properties":{"id":"stn-245","kind":"stop","name":"Jefferys Street","lineRef":"bus","lab":1,"color":"#FFB81C"},"geometry":{"type":"Point","coordinates":[151.21399,-33.84998]}},{"type":"Feature","properties":{"id":"stn-246","kind":"stop","name":"Beulah Street Wharf","lineRef":"ferry","lab":1,"color":"#286142"},"geometry":{"type":"Point","coordinates":[151.21707,-33.85182]}},{"type":"Feature","properties":{"id":"stn-247","kind":"stop","name":"Drummoyne Ferry Wharf","lineRef":"ferry","lab":1,"color":"#648C3C"},"geometry":{"type":"Point","coordinates":[151.1572,-33.84542]}},{"type":"Feature","properties":{"id":"stn-248","kind":"stop","name":"Kissing Point","lineRef":"ferry","lab":1,"color":"#648C3C"},"geometry":{"type":"Point","coordinates":[151.10197,-33.83181]}},{"type":"Feature","properties":{"id":"stn-249","kind":"stop","name":"Abbotsford","lineRef":"ferry","lab":1,"color":"#648C3C"},"geometry":{"type":"Point","coordinates":[151.12825,-33.84362]}},{"type":"Feature","properties":{"id":"stn-250","kind":"stop","name":"Darling Harbour Wharf 3","lineRef":"ferry","lab":1,"color":"#BFD730"},"geometry":{"type":"Point","coordinates":[151.20069,-33.86689]}},{"type":"Feature","properties":{"id":"stn-251","kind":"stop","name":"Cabarita","lineRef":"ferry","lab":1,"color":"#648C3C"},"geometry":{"type":"Point","coordinates":[151.1169,-33.84067]}},{"type":"Feature","properties":{"id":"stn-252","kind":"stop","name":"Huntleys Point","lineRef":"ferry","lab":1,"color":"#648C3C"},"geometry":{"type":"Point","coordinates":[151.14196,-33.84221]}},{"type":"Feature","properties":{"id":"stn-253","kind":"stop","name":"Cockatoo Island","lineRef":"ferry","lab":1,"color":"#648C3C"},"geometry":{"type":"Point","coordinates":[151.17344,-33.84548]}},{"type":"Feature","properties":{"id":"stn-254","kind":"stop","name":"Waratah Loop (Sutherland)","lineRef":"train","lab":1,"color":"#005AA3"},"geometry":{"type":"Point","coordinates":[151.05452,-34.03632]}},{"type":"Feature","properties":{"id":"stn-255","kind":"stop","name":"Loftus Oval","lineRef":"train","lab":1,"color":"#005AA3"},"geometry":{"type":"Point","coordinates":[151.05207,-34.05122]}},{"type":"Feature","properties":{"id":"stn-256","kind":"stop","name":"Woolwich Wharf","lineRef":"ferry","lab":1,"color":"#55622B"},"geometry":{"type":"Point","coordinates":[151.17616,-33.83891]}},{"type":"Feature","properties":{"id":"stn-257","kind":"stop","name":"Birchgrove","lineRef":"ferry","lab":1,"color":"#55622B"},"geometry":{"type":"Point","coordinates":[151.18646,-33.84637]}},{"type":"Feature","properties":{"id":"stn-258","kind":"stop","name":"TAFE Crossing","lineRef":"train","lab":1,"color":"#005AA3"},"geometry":{"type":"Point","coordinates":[151.05341,-34.04126]}},{"type":"Feature","properties":{"id":"stn-259","kind":"stop","name":"McMahons Point Wharf","lineRef":"ferry","lab":1,"color":"#BFD730"},"geometry":{"type":"Point","coordinates":[151.20669,-33.84887]}},{"type":"Feature","properties":{"id":"stn-260","kind":"stop","name":"Rose Bay Wharf","lineRef":"ferry","lab":1,"color":"#65B32E"},"geometry":{"type":"Point","coordinates":[151.26213,-33.87058]}},{"type":"Feature","properties":{"id":"stn-261","kind":"stop","name":"Darling Point","lineRef":"ferry","lab":1,"color":"#00B189"},"geometry":{"type":"Point","coordinates":[151.23957,-33.86641]}},{"type":"Feature","properties":{"id":"stn-262","kind":"stop","name":"Garden Island","lineRef":"ferry","lab":1,"color":"#00B189"},"geometry":{"type":"Point","coordinates":[151.22996,-33.85811]}},{"type":"Feature","properties":{"id":"stn-263","kind":"stop","name":"Rydalmere Ferry Wharf","lineRef":"ferry","lab":1,"color":"#648C3C"},"geometry":{"type":"Point","coordinates":[151.04374,-33.818]}},{"type":"Feature","properties":{"id":"stn-264","kind":"stop","name":"Casino Wharf","lineRef":"tram","lab":1,"color":"#BE1622"},"geometry":{"type":"Point","coordinates":[151.19635,-33.867]}},{"type":"Feature","properties":{"id":"stn-265","kind":"stop","name":"Kirribilli","lineRef":"ferry","lab":1,"color":"#286142"},"geometry":{"type":"Point","coordinates":[151.22049,-33.84939]}},{"type":"Feature","properties":{"id":"stn-266","kind":"stop","name":"Watsons Bay Wharf","lineRef":"ferry","lab":1,"color":"#65B32E"},"geometry":{"type":"Point","coordinates":[151.28098,-33.84353]}},{"type":"Feature","properties":{"id":"stn-267","kind":"stop","name":"Manly Fast Ferry terminal (Circular Quay)","lineRef":"ferry","lab":1,"color":"#00774B"},"geometry":{"type":"Point","coordinates":[151.2841,-33.80056]}},{"type":"Feature","properties":{"id":"stn-268","kind":"stop","name":"Manly Wharf 3","lineRef":"ferry","lab":1,"color":"#00774B"},"geometry":{"type":"Point","coordinates":[151.2847,-33.80072]}},{"type":"Feature","properties":{"id":"stn-269","kind":"stop","name":"Darling Harbour, King St Wharf 5","lineRef":"ferry","lab":1,"color":"#BFD730"},"geometry":{"type":"Point","coordinates":[151.20095,-33.86761]}},{"type":"Feature","properties":{"id":"stn-270","kind":"stop","name":"Neutral Bay","lineRef":"ferry","lab":1,"color":"#286142"},"geometry":{"type":"Point","coordinates":[151.21936,-33.84238]}},{"type":"Feature","properties":{"id":"stn-271","kind":"stop","name":"Taronga Zoo","lineRef":"ferry","lab":1,"color":"#144734"},"geometry":{"type":"Point","coordinates":[151.2396,-33.84639]}},{"type":"Feature","properties":{"id":"stn-272","kind":"stop","name":"Chiswick","lineRef":"ferry","lab":1,"color":"#648C3C"},"geometry":{"type":"Point","coordinates":[151.14185,-33.8454]}},{"type":"Feature","properties":{"id":"stn-273","kind":"stop","name":"Greenwich Point Wharf","lineRef":"ferry","lab":1,"color":"#55622B"},"geometry":{"type":"Point","coordinates":[151.18067,-33.84201]}},{"type":"Feature","properties":{"id":"stn-275","kind":"stop","name":"Balmain","lineRef":"ferry","lab":1,"color":"#55622B"},"geometry":{"type":"Point","coordinates":[151.1863,-33.85453]}},{"type":"Feature","properties":{"id":"stn-276","kind":"stop","name":"Balmain Wharf, Yeend St","lineRef":"ferry","lab":1,"color":"#55622B"},"geometry":{"type":"Point","coordinates":[151.18871,-33.8534]}},{"type":"Feature","properties":{"id":"stn-277","kind":"stop","name":"Pyrmont Bay Wharf","lineRef":"ferry","lab":1,"color":"#BFD730"},"geometry":{"type":"Point","coordinates":[151.19886,-33.8682]}},{"type":"Feature","properties":{"id":"stn-279","kind":"stop","name":"Darling Harbour Wharf 1","lineRef":"ferry","lab":1,"color":"#BFD730"},"geometry":{"type":"Point","coordinates":[151.20075,-33.86613]}},{"type":"Feature","properties":{"id":"stn-280","kind":"stop","name":"Manly Wharf","lineRef":"ferry","lab":1,"color":"#00774B"},"geometry":{"type":"Point","coordinates":[151.28371,-33.80045]}},{"type":"Feature","properties":{"id":"stn-281","kind":"stop","name":"Barangaroo, Wharf 1, Sida A","lineRef":"ferry","lab":1,"color":"#648C3C"},"geometry":{"type":"Point","coordinates":[151.20042,-33.86417]}},{"type":"Feature","properties":{"id":"stn-282","kind":"stop","name":"Fort Denison","lineRef":"ferry","lab":1,"color":"#00774B"},"geometry":{"type":"Point","coordinates":[151.22543,-33.85455]}},{"type":"Feature","properties":{"id":"stn-284","kind":"stop","name":"Blackwattle Bay Wharf","lineRef":"ferry","lab":1,"color":"#469B3B"},"geometry":{"type":"Point","coordinates":[151.18524,-33.87138]}},{"type":"Feature","properties":{"id":"stn-285","kind":"stop","name":"Pirrama Park Wharf","lineRef":"ferry","lab":1,"color":"#469B3B"},"geometry":{"type":"Point","coordinates":[151.191,-33.86464]}},{"type":"Feature","properties":{"id":"stn-286","kind":"stop","name":"Clarke Road Wharf","lineRef":"ferry","lab":1,"color":"#55622B"},"geometry":{"type":"Point","coordinates":[151.17432,-33.84124]}},{"type":"Feature","properties":{"id":"stn-287","kind":"stop","name":"Darling Harbour, King St Wharf 6","lineRef":"ferry","lab":1,"color":"#BFD730"},"geometry":{"type":"Point","coordinates":[151.20116,-33.86788]}},{"type":"Feature","properties":{"id":"stn-288","kind":"stop","name":"Darling Harbour, King St Wharf 4","lineRef":"ferry","lab":1,"color":"#BFD730"},"geometry":{"type":"Point","coordinates":[151.20101,-33.86724]}},{"type":"Feature","properties":{"id":"stn-289","kind":"stop","name":"Darling Harbour, King St Wharf 2","lineRef":"ferry","lab":1,"color":"#BFD730"},"geometry":{"type":"Point","coordinates":[151.20093,-33.86648]}},{"type":"Feature","properties":{"id":"stn-291","kind":"stop","name":"Railway Square","lineRef":"train","lab":1,"color":"#005AA3"},"geometry":{"type":"Point","coordinates":[151.05197,-34.04631]}},{"type":"Feature","properties":{"id":"stn-292","kind":"stop","name":"Lakewood Park","lineRef":"train","lab":1,"color":"#005AA3"},"geometry":{"type":"Point","coordinates":[151.05176,-34.04604]}},{"type":"Feature","properties":{"id":"stn-293","kind":"stop","name":"Barangaroo, Wharf 1, Side B","lineRef":"ferry","lab":1,"color":"#648C3C"},"geometry":{"type":"Point","coordinates":[151.20039,-33.86439]}},{"type":"Feature","properties":{"id":"stn-294","kind":"stop","name":"Barangaroo, Wharf 2, Side A","lineRef":"ferry","lab":1,"color":"#BFD730"},"geometry":{"type":"Point","coordinates":[151.20049,-33.86476]}},{"type":"Feature","properties":{"id":"stn-295","kind":"stop","name":"Barangaroo, Wharf 2, Side B","lineRef":"ferry","lab":1,"color":"#BFD730"},"geometry":{"type":"Point","coordinates":[151.20045,-33.86498]}},{"type":"Feature","properties":{"id":"stn-296","kind":"stop","name":"Milsons Point Wharf","lineRef":"ferry","lab":1,"color":"#BFD730"},"geometry":{"type":"Point","coordinates":[151.21086,-33.84959]}},{"type":"Feature","properties":{"id":"stn-297","kind":"stop","name":"Circular Quay, Eastern Pontoon","lineRef":"ferry","lab":1,"color":"#00B189"},"geometry":{"type":"Point","coordinates":[151.21255,-33.86008]}},{"type":"Feature","properties":{"id":"stn-298","kind":"stop","name":"Circular Quay 6B","lineRef":"ferry","lab":1,"color":"#55622B"},"geometry":{"type":"Point","coordinates":[151.20992,-33.86048]}},{"type":"Feature","properties":{"id":"stn-299","kind":"stop","name":"Circular Quay 2A","lineRef":"ferry","lab":1,"color":"#00B189"},"geometry":{"type":"Point","coordinates":[151.21214,-33.86068]}},{"type":"Feature","properties":{"id":"stn-300","kind":"stop","name":"Circular Quay 5B","lineRef":"ferry","lab":1,"color":"#55622B"},"geometry":{"type":"Point","coordinates":[151.21042,-33.86052]}},{"type":"Feature","properties":{"id":"stn-301","kind":"stop","name":"Circular Quay 4A","lineRef":"ferry","lab":1,"color":"#144734"},"geometry":{"type":"Point","coordinates":[151.2111,-33.8606]}},{"type":"Feature","properties":{"id":"stn-302","kind":"stop","name":"Double Bay","lineRef":"ferry","lab":1,"color":"#00B189"},"geometry":{"type":"Point","coordinates":[151.24266,-33.87278]}},{"type":"Feature","properties":{"id":"stn-303","kind":"stop","name":"Circular Quay 3A","lineRef":"ferry","lab":1,"color":"#00774B"},"geometry":{"type":"Point","coordinates":[151.21162,-33.86071]}},{"type":"Feature","properties":{"id":"stn-304","kind":"stop","name":"Rose Bay Public Wharf","lineRef":"ferry","lab":1,"color":"#65B32E"},"geometry":{"type":"Point","coordinates":[151.2621,-33.871]}},{"type":"Feature","properties":{"id":"stn-305","kind":"stop","name":"Parramatta Ferry Wharf","lineRef":"ferry","lab":1,"color":"#648C3C"},"geometry":{"type":"Point","coordinates":[151.01054,-33.81389]}},{"type":"Feature","properties":{"id":"hub-central","kind":"hub","name":"Central","subKey":"sy.hub.central","lab":1,"modes":["metro","train","tram"]},"geometry":{"type":"Point","coordinates":[151.20597,-33.88388]}},{"type":"Feature","properties":{"id":"hub-townhall","kind":"hub","name":"Town Hall","subKey":"sy.hub.townhall","lab":1,"modes":["train"]},"geometry":{"type":"Point","coordinates":[151.20685,-33.87357]}},{"type":"Feature","properties":{"id":"hub-wynyard","kind":"hub","name":"Wynyard","subKey":"sy.hub.wynyard","lab":1,"modes":["train","bus"]},"geometry":{"type":"Point","coordinates":[151.20581,-33.86599]}},{"type":"Feature","properties":{"id":"hub-circularquay","kind":"hub","name":"Circular Quay","subKey":"sy.hub.circularquay","lab":1,"modes":["train","ferry"]},"geometry":{"type":"Point","coordinates":[151.21072,-33.86136]}},{"type":"Feature","properties":{"id":"hub-martinplace","kind":"hub","name":"Martin Place","subKey":"sy.hub.martinplace","lab":1,"modes":["metro","train"]},"geometry":{"type":"Point","coordinates":[151.21076,-33.86782]}},{"type":"Feature","properties":{"id":"hub-redfern","kind":"hub","name":"Redfern","subKey":"sy.hub.redfern","lab":1,"modes":["train"]},"geometry":{"type":"Point","coordinates":[151.19833,-33.89229]}},{"type":"Feature","properties":{"id":"hub-strathfield","kind":"hub","name":"Strathfield","subKey":"sy.hub.strathfield","lab":1,"modes":["train"]},"geometry":{"type":"Point","coordinates":[151.09423,-33.8717]}},{"type":"Feature","properties":{"id":"hub-parramatta","kind":"hub","name":"Parramatta","subKey":"sy.hub.parramatta","lab":1,"modes":["train","tram"]},"geometry":{"type":"Point","coordinates":[151.0054,-33.81751]}},{"type":"Feature","properties":{"id":"hub-chatswood","kind":"hub","name":"Chatswood","subKey":"sy.hub.chatswood","lab":1,"modes":["metro","train"]},"geometry":{"type":"Point","coordinates":[151.18094,-33.79748]}},{"type":"Feature","properties":{"id":"hub-sydenham","kind":"hub","name":"Sydenham","subKey":"sy.hub.sydenham","lab":1,"modes":["metro","train"]},"geometry":{"type":"Point","coordinates":[151.16611,-33.91474]}},{"type":"Feature","properties":{"id":"hub-bondijunction","kind":"hub","name":"Bondi Junction","subKey":"sy.hub.bondijunction","lab":1,"modes":["train"]},"geometry":{"type":"Point","coordinates":[151.24846,-33.89124]}},{"type":"Feature","properties":{"id":"hub-epping","kind":"hub","name":"Epping","subKey":"sy.hub.epping","lab":1,"modes":["metro","train"]},"geometry":{"type":"Point","coordinates":[151.08209,-33.77286]}},{"type":"Feature","properties":{"id":"hub-hurstville","kind":"hub","name":"Hurstville","subKey":"sy.hub.hurstville","lab":1,"modes":["train"]},"geometry":{"type":"Point","coordinates":[151.10257,-33.9674]}}]}