{"type":"FeatureCollection","features":[{"type":"Feature","properties":{"id":"line-50","kind":"line","lineRef":"metro","ref":"50","color":"#29AB4D"},"geometry":{"type":"MultiLineString","coordinates":[[[4.98916,52.29641],[4.97959,52.29631],[4.97769,52.29621],[4.96658,52.29436],[4.96572,52.29435],[4.96469,52.29447],[4.96387,52.2947],[4.96302,52.29507],[4.96218,52.29575],[4.96027,52.29797],[4.95794,52.30052],[4.95561,52.30307],[4.95328,52.30561],[4.95095,52.30816],[4.94862,52.31071],[4.94629,52.31326],[4.94396,52.3158],[4.94163,52.31835],[4.9393,52.3209],[4.93599,52.32415],[4.93524,52.325],[4.93281,52.32726],[4.92763,52.33273],[4.92715,52.33309],[4.92621,52.33349],[4.92495,52.33369],[4.92342,52.33354],[4.91557,52.33111],[4.91404,52.33072],[4.90734,52.32999],[4.90614,52.32996],[4.90436,52.33029],[4.90178,52.33141],[4.89587,52.33429],[4.89241,52.33621],[4.88871,52.33808],[4.88655,52.33887],[4.8842,52.33938],[4.88153,52.33954],[4.87172,52.33924],[4.86141,52.33875],[4.8533,52.33815],[4.84483,52.33779],[4.84194,52.33804],[4.83984,52.33845],[4.83793,52.33895],[4.83646,52.33969],[4.83568,52.34038],[4.83516,52.34118],[4.8349,52.34203],[4.83466,52.3438],[4.83456,52.34675],[4.8344,52.34801],[4.83434,52.35036],[4.83441,52.35215],[4.83425,52.35421],[4.83448,52.35779],[4.83416,52.36064],[4.83401,52.36696],[4.83427,52.36892],[4.83471,52.37099],[4.83568,52.37337],[4.83604,52.37451],[4.83739,52.37774],[4.83842,52.37989],[4.83972,52.38343],[4.83972,52.38443],[4.83915,52.38641],[4.83903,52.38725],[4.83896,52.38979],[4.83904,52.39158],[4.83937,52.39229],[4.84031,52.39332],[4.84234,52.39451],[4.84344,52.39495],[4.84501,52.39517],[4.8506,52.3951]],[[4.8506,52.39523],[4.84467,52.3952],[4.84345,52.39499],[4.8423,52.39455],[4.84026,52.39334],[4.83931,52.39231],[4.83897,52.39158],[4.83875,52.38981],[4.83879,52.38824],[4.83903,52.38664],[4.83969,52.3843],[4.83966,52.38343],[4.8348,52.37164],[4.83451,52.37058],[4.83413,52.36845],[4.83393,52.36664],[4.83386,52.3646],[4.83396,52.36137],[4.83426,52.35781],[4.83419,52.3535],[4.83445,52.34495],[4.83481,52.34225],[4.83502,52.34138],[4.83562,52.34036],[4.83658,52.33949],[4.83781,52.3388],[4.83929,52.33829],[4.84238,52.33781],[4.8439,52.3377],[4.8485,52.3379],[4.85311,52.3381],[4.85771,52.3383],[4.86232,52.3385],[4.86693,52.33871],[4.87153,52.33891],[4.87614,52.33911],[4.88074,52.33931],[4.88243,52.33929],[4.88472,52.33904],[4.88695,52.33858],[4.8886,52.33799],[4.89584,52.33426],[4.90233,52.33111],[4.90449,52.3302],[4.90614,52.32992],[4.90735,52.32995],[4.91389,52.33065],[4.9211,52.33261],[4.92342,52.33338],[4.92478,52.33346],[4.92593,52.33326],[4.92694,52.3328],[4.92803,52.33189],[4.93308,52.32648],[4.93452,52.32512],[4.93585,52.32413],[4.93825,52.32184],[4.94577,52.31351],[4.94807,52.311],[4.95038,52.3085],[4.95268,52.30599],[4.95498,52.30349],[4.95728,52.30098],[4.95959,52.29848],[4.96189,52.29597],[4.96298,52.29505],[4.96371,52.29471],[4.96467,52.29443],[4.96561,52.29431],[4.96659,52.29431],[4.97696,52.29603],[4.97862,52.29622],[4.98168,52.2963],[4.9893,52.29627]],[[4.83391,52.3656],[4.83389,52.36442],[4.83402,52.36442],[4.83398,52.3656],[4.83391,52.3656]],[[4.83423,52.35343],[4.83427,52.35217],[4.83437,52.35217],[4.83436,52.35303],[4.8343,52.35344],[4.83423,52.35343]],[[4.83456,52.34598],[4.8345,52.34707],[4.83448,52.3472],[4.83439,52.3472],[4.83443,52.34593],[4.83456,52.34598]],[[4.83483,52.37163],[4.83494,52.37161],[4.8354,52.3727],[4.83526,52.37273],[4.83483,52.37163]],[[4.83847,52.38034],[4.83801,52.37926],[4.83814,52.37924],[4.83855,52.38032],[4.83847,52.38034]],[[4.8388,52.38842],[4.83897,52.38842],[4.83894,52.38956],[4.83878,52.38956],[4.8388,52.38842]],[[4.85664,52.3384],[4.85665,52.33834],[4.85623,52.33829],[4.85896,52.33849],[4.85664,52.3384]],[[4.87376,52.33911],[4.87591,52.33913],[4.87376,52.33904],[4.87376,52.33911]],[[4.8742,52.33931],[4.8762,52.33933],[4.8742,52.33931]],[[4.89009,52.33738],[4.8887,52.33807],[4.88862,52.33801],[4.89024,52.33723],[4.89003,52.33734],[4.89009,52.33738]],[[4.91868,52.33207],[4.91695,52.33156],[4.91868,52.33207]],[[4.91878,52.33196],[4.91704,52.33144],[4.91878,52.33196]],[[4.9292,52.33066],[4.9293,52.33069],[4.93052,52.32936],[4.93037,52.32937],[4.9292,52.33066]],[[4.92941,52.33073],[4.9295,52.33076],[4.93072,52.32943],[4.93055,52.32948],[4.92941,52.33073]],[[4.93607,52.3241],[4.93743,52.32289],[4.93607,52.3241]],[[4.93718,52.32278],[4.93724,52.32281],[4.93594,52.32395],[4.93718,52.32278]],[[4.94077,52.3191],[4.94071,52.31916],[4.94088,52.31915],[4.94207,52.31784],[4.94196,52.3178],[4.94077,52.3191]],[[4.94743,52.31197],[4.94855,52.31076],[4.94839,52.3107],[4.94726,52.31192],[4.94743,52.31197]],[[4.95147,52.30744],[4.9529,52.30594],[4.95283,52.30592],[4.95147,52.30744]],[[4.95922,52.29891],[4.96044,52.29759],[4.96057,52.29763],[4.95936,52.29896],[4.95922,52.29891]],[[4.97514,52.29581],[4.9725,52.29536],[4.97254,52.29529],[4.97592,52.29587],[4.97589,52.29593],[4.97514,52.29581]],[[4.98996,52.2964],[4.98799,52.29638],[4.98752,52.29629],[4.98997,52.29629],[4.98996,52.2964]]]}},{"type":"Feature","properties":{"id":"badge-50","kind":"badge","ref":"50","color":"#29AB4D","lineRef":"metro"},"geometry":{"type":"Point","coordinates":[4.88153,52.33954]}},{"type":"Feature","properties":{"id":"line-51","kind":"line","lineRef":"metro","ref":"51","color":"#F69931"},"geometry":{"type":"MultiLineString","coordinates":[[[4.90087,52.37736],[4.90225,52.37671],[4.90287,52.37624],[4.90338,52.37557],[4.90353,52.37472],[4.90339,52.37418],[4.90313,52.37374],[4.90145,52.37224],[4.90062,52.37084],[4.90031,52.36993],[4.90033,52.36951],[4.9005,52.36902],[4.9009,52.3684],[4.90147,52.36787],[4.90465,52.36604],[4.90549,52.36527],[4.90705,52.36256],[4.91113,52.35592],[4.91362,52.35151],[4.91416,52.35079],[4.91634,52.34842],[4.91849,52.34484],[4.91895,52.34348],[4.91967,52.34196],[4.92137,52.33937],[4.92329,52.33706],[4.92358,52.33632],[4.92361,52.3348],[4.92316,52.33393],[4.92237,52.33327],[4.92113,52.33273],[4.91666,52.33139],[4.91417,52.33075],[4.90772,52.33003],[4.90614,52.32996],[4.90436,52.33029],[4.90178,52.33141],[4.89587,52.33429],[4.89241,52.33621],[4.88871,52.33808],[4.88624,52.33896],[4.88398,52.33941],[4.88153,52.33954],[4.87172,52.33924],[4.86141,52.33875],[4.8533,52.33815],[4.84513,52.33779],[4.84164,52.33809],[4.83793,52.33895],[4.83673,52.33951],[4.83584,52.34021],[4.83516,52.34118],[4.83487,52.34225],[4.83466,52.3438],[4.83456,52.34675],[4.8344,52.34801],[4.83434,52.35036],[4.83441,52.35215],[4.83425,52.35421],[4.83448,52.35779],[4.83416,52.36064],[4.83399,52.36664],[4.83419,52.36844],[4.83471,52.37099],[4.83568,52.37337],[4.83604,52.37451],[4.83739,52.37774],[4.83842,52.37989],[4.83972,52.38343],[4.83972,52.38443],[4.83915,52.38641],[4.83903,52.38725],[4.83896,52.38979],[4.83904,52.39158],[4.83937,52.39229],[4.84031,52.39332],[4.84234,52.39451],[4.84344,52.39495],[4.84501,52.39517],[4.8506,52.3951]],[[4.8506,52.39523],[4.84467,52.3952],[4.84345,52.39499],[4.8423,52.39455],[4.84026,52.39334],[4.83931,52.39231],[4.83897,52.39158],[4.83875,52.38981],[4.83879,52.38824],[4.83903,52.38664],[4.83969,52.3843],[4.83966,52.38343],[4.83473,52.3714],[4.83402,52.36771],[4.83386,52.36473],[4.83396,52.36137],[4.83426,52.35781],[4.83419,52.3535],[4.83443,52.34537],[4.83485,52.34203],[4.83521,52.34096],[4.83598,52.33998],[4.83713,52.33914],[4.83843,52.33855],[4.84035,52.33808],[4.84269,52.33777],[4.84421,52.3377],[4.85982,52.33845],[4.88074,52.33931],[4.88243,52.33929],[4.8844,52.33908],[4.88664,52.33866],[4.88854,52.33802],[4.89584,52.33426],[4.90233,52.33111],[4.90449,52.3302],[4.90614,52.32992],[4.90799,52.33002],[4.91432,52.33073],[4.92118,52.3327],[4.92258,52.33334],[4.92322,52.33392],[4.92364,52.33466],[4.9237,52.33593],[4.92352,52.33674],[4.92333,52.33714],[4.92164,52.33911],[4.92053,52.34077],[4.91922,52.34323],[4.91867,52.34468],[4.91639,52.34843],[4.9157,52.34927],[4.91421,52.35081],[4.91367,52.35152],[4.91271,52.3535],[4.90543,52.36546],[4.9046,52.3662],[4.90148,52.36797],[4.90101,52.36838],[4.90064,52.3689],[4.90044,52.36974],[4.90065,52.37055],[4.90159,52.3722],[4.90325,52.37382],[4.90351,52.37433],[4.90359,52.37476],[4.9035,52.37542],[4.90305,52.37613],[4.90214,52.37688],[4.90105,52.37751]],[[4.83391,52.3656],[4.83389,52.36442],[4.83402,52.36442],[4.83398,52.3656],[4.83391,52.3656]],[[4.83423,52.35343],[4.83427,52.35217],[4.83437,52.35217],[4.83436,52.35303],[4.8343,52.35344],[4.83423,52.35343]],[[4.83456,52.34598],[4.8345,52.34707],[4.83448,52.3472],[4.83439,52.3472],[4.83443,52.34593],[4.83456,52.34598]],[[4.83483,52.37163],[4.83494,52.37161],[4.8354,52.3727],[4.83526,52.37273],[4.83483,52.37163]],[[4.83847,52.38034],[4.83801,52.37926],[4.83814,52.37924],[4.83855,52.38032],[4.83847,52.38034]],[[4.8388,52.38842],[4.83897,52.38842],[4.83894,52.38956],[4.83878,52.38956],[4.8388,52.38842]],[[4.85664,52.3384],[4.85665,52.33834],[4.85623,52.33829],[4.85896,52.33849],[4.85664,52.3384]],[[4.87376,52.33911],[4.87591,52.33913],[4.87376,52.33904],[4.87376,52.33911]],[[4.8742,52.33931],[4.8762,52.33933],[4.8742,52.33931]],[[4.89009,52.33738],[4.8887,52.33807],[4.88862,52.33801],[4.89024,52.33723],[4.89003,52.33734],[4.89009,52.33738]],[[4.90119,52.37183],[4.90057,52.37071],[4.90071,52.37068],[4.90131,52.3718],[4.90119,52.37183]],[[4.90193,52.37689],[4.90202,52.37695],[4.90104,52.3775],[4.90088,52.37736],[4.90193,52.37689]],[[4.90286,52.36716],[4.90278,52.36711],[4.90428,52.36628],[4.90436,52.36633],[4.90286,52.36716]],[[4.90745,52.36191],[4.90737,52.36189],[4.90804,52.36081],[4.90813,52.36083],[4.90745,52.36191]],[[4.90756,52.36194],[4.90824,52.36086],[4.90832,52.36088],[4.90763,52.36196],[4.90756,52.36194]],[[4.91253,52.35355],[4.91262,52.35357],[4.91176,52.355],[4.91168,52.35498],[4.91253,52.35355]],[[4.91822,52.34556],[4.91686,52.34772],[4.91822,52.34556]],[[4.91868,52.33207],[4.91695,52.33156],[4.91868,52.33207]],[[4.91878,52.33196],[4.91704,52.33144],[4.91878,52.33196]],[[4.92082,52.34015],[4.92069,52.34013],[4.91992,52.34143],[4.92082,52.34015]],[[4.92106,52.34022],[4.92092,52.34018],[4.92018,52.3415],[4.92106,52.34022]]]}},{"type":"Feature","properties":{"id":"badge-51","kind":"badge","ref":"51","color":"#F69931","lineRef":"metro"},"geometry":{"type":"Point","coordinates":[4.88624,52.33896]}},{"type":"Feature","properties":{"id":"line-52","kind":"line","lineRef":"metro","ref":"52","color":"#00ADEF"},"geometry":{"type":"MultiLineString","coordinates":[[[4.87441,52.33921],[4.8771,52.33931]],[[4.8771,52.33931],[4.88307,52.33936],[4.88493,52.3391],[4.88768,52.33845],[4.8887,52.33832],[4.88942,52.33835],[4.89014,52.3385],[4.89079,52.33876],[4.89125,52.33906],[4.89168,52.33957],[4.89183,52.34014],[4.89086,52.34433],[4.8915,52.34937],[4.89145,52.35087]],[[4.89145,52.35087],[4.89143,52.34996],[4.89073,52.34463],[4.89178,52.34013],[4.8916,52.33954],[4.89116,52.33904],[4.89062,52.33872],[4.88999,52.33849],[4.88864,52.33836],[4.8877,52.33849],[4.88495,52.33914],[4.88308,52.3394],[4.8771,52.33931]],[[4.89122,52.35252],[4.89044,52.3545],[4.89038,52.35514],[4.89079,52.35773],[4.89093,52.3597],[4.89306,52.36563],[4.89347,52.36714],[4.8934,52.36779],[4.8927,52.36884],[4.89256,52.36937],[4.8929,52.37105],[4.89297,52.37241],[4.89334,52.37316],[4.8964,52.37561],[4.89861,52.37685],[4.90153,52.37976],[4.90358,52.38128],[4.90517,52.38215],[4.91008,52.38446],[4.91793,52.38841],[4.92008,52.38968],[4.92105,52.39049],[4.92181,52.3913],[4.92417,52.39478],[4.92589,52.39675],[4.92736,52.39805],[4.93259,52.40206]],[[4.9324,52.40216],[4.92704,52.39786],[4.92584,52.39676],[4.92411,52.3948],[4.92175,52.39132],[4.92058,52.39017],[4.91627,52.38764],[4.91219,52.38557],[4.90592,52.38259],[4.90351,52.3813],[4.90156,52.37987],[4.89873,52.37705],[4.89805,52.37659],[4.89627,52.37565],[4.8932,52.37319],[4.89284,52.37248],[4.8927,52.37121],[4.89235,52.36942],[4.89252,52.36885],[4.89324,52.36784],[4.89334,52.36748],[4.89332,52.36709],[4.89303,52.366],[4.89195,52.36283],[4.89107,52.36074],[4.89057,52.35916],[4.89004,52.35616],[4.89015,52.35522],[4.89122,52.35252]],[[4.89125,52.34214],[4.89154,52.34087]],[[4.89174,52.34089],[4.89143,52.34215]],[[4.9328,52.40234],[4.93271,52.40238],[4.93152,52.40144],[4.93159,52.40141]],[[4.9328,52.40234],[4.93288,52.4023],[4.93169,52.40136],[4.93159,52.40141]],[[4.8742,52.33922],[4.87655,52.33935],[4.8742,52.33922]],[[4.89087,52.36009],[4.89126,52.36119],[4.89139,52.36117],[4.891,52.36008],[4.89087,52.36009]],[[4.89245,52.36996],[4.89262,52.36995],[4.89288,52.37107],[4.8927,52.37108],[4.89245,52.36996]],[[4.91769,52.38841],[4.919,52.38918],[4.91917,52.38912],[4.91778,52.38835],[4.91769,52.38841]]]}},{"type":"Feature","properties":{"id":"badge-52","kind":"badge","ref":"52","color":"#00ADEF","lineRef":"metro"},"geometry":{"type":"Point","coordinates":[4.8932,52.37319]}},{"type":"Feature","properties":{"id":"line-53","kind":"line","lineRef":"metro","ref":"53","color":"#FF0000"},"geometry":{"type":"MultiLineString","coordinates":[[[4.90087,52.37736],[4.90199,52.37685],[4.90276,52.37634],[4.90336,52.37561],[4.90354,52.3749],[4.90343,52.37429],[4.90317,52.37379],[4.90141,52.37219],[4.90048,52.37057],[4.90033,52.37011],[4.90031,52.36965],[4.90066,52.36872],[4.90105,52.36824],[4.90157,52.3678],[4.90465,52.36604],[4.90549,52.36527],[4.90705,52.36256],[4.91113,52.35592],[4.91362,52.35151],[4.91416,52.35079],[4.91634,52.34842],[4.91849,52.34484],[4.91901,52.34335],[4.92013,52.34099],[4.92148,52.33901],[4.92564,52.33412],[4.92867,52.33142],[4.93315,52.32654],[4.93431,52.32547],[4.93549,52.32466],[4.93679,52.32417],[4.93822,52.32397],[4.93982,52.32411],[4.94086,52.32441],[4.94405,52.32588],[4.94748,52.32707],[4.95008,52.32815],[4.95325,52.32923],[4.95828,52.33078],[4.95952,52.33106],[4.9604,52.33113],[4.96131,52.33109],[4.96237,52.33088],[4.96365,52.33034],[4.96914,52.32726],[4.97091,52.32588],[4.97315,52.32343],[4.97539,52.32097],[4.97762,52.31852],[4.97986,52.31607],[4.9821,52.31361],[4.98434,52.31116]],[[4.98424,52.3115],[4.98208,52.31376],[4.9812,52.31486],[4.97276,52.32407],[4.97116,52.32572],[4.96983,52.32685],[4.9691,52.32734],[4.96537,52.32951],[4.96381,52.33057],[4.96252,52.3311],[4.96164,52.33127],[4.96044,52.33132],[4.95952,52.33123],[4.95833,52.33093],[4.95423,52.32962],[4.94491,52.32635],[4.94129,52.32465],[4.93979,52.32417],[4.9384,52.32403],[4.93682,52.32422],[4.93553,52.3247],[4.93435,52.3255],[4.9332,52.32656],[4.92824,52.33196],[4.9265,52.33408],[4.92243,52.33853],[4.92131,52.33989],[4.91944,52.34281],[4.91867,52.34468],[4.91639,52.34843],[4.9157,52.34927],[4.91421,52.35081],[4.91367,52.35152],[4.91271,52.3535],[4.90543,52.36546],[4.9046,52.3662],[4.90152,52.36794],[4.90075,52.36871],[4.90054,52.36914],[4.90044,52.36963],[4.90063,52.3705],[4.90159,52.3722],[4.90325,52.37382],[4.90351,52.37433],[4.90359,52.37476],[4.9035,52.37542],[4.90305,52.37613],[4.90214,52.37688],[4.90105,52.37751]],[[4.90119,52.37183],[4.90057,52.37071],[4.90071,52.37068],[4.90131,52.3718],[4.90119,52.37183]],[[4.90193,52.37689],[4.90202,52.37695],[4.90104,52.3775],[4.90088,52.37736],[4.90193,52.37689]],[[4.90286,52.36716],[4.90278,52.36711],[4.90428,52.36628],[4.90436,52.36633],[4.90286,52.36716]],[[4.90745,52.36191],[4.90737,52.36189],[4.90804,52.36081],[4.90813,52.36083],[4.90745,52.36191]],[[4.90756,52.36194],[4.90824,52.36086],[4.90832,52.36088],[4.90763,52.36196],[4.90756,52.36194]],[[4.91253,52.35355],[4.91262,52.35357],[4.91176,52.355],[4.91168,52.35498],[4.91253,52.35355]],[[4.91822,52.34556],[4.91686,52.34772],[4.91822,52.34556]],[[4.92082,52.34015],[4.92069,52.34013],[4.91992,52.34143],[4.92082,52.34015]],[[4.92106,52.34022],[4.92092,52.34018],[4.92018,52.3415],[4.92106,52.34022]],[[4.9292,52.33066],[4.9293,52.33069],[4.93052,52.32936],[4.93037,52.32937],[4.9292,52.33066]],[[4.92941,52.33073],[4.9295,52.33076],[4.93072,52.32943],[4.93055,52.32948],[4.92941,52.33073]],[[4.96825,52.32782],[4.96631,52.32894],[4.96623,52.32888],[4.96818,52.32777],[4.96825,52.32782]],[[4.97366,52.32305],[4.97246,52.32435],[4.97223,52.32458],[4.97214,52.32455],[4.97355,52.32301],[4.97366,52.32305]],[[4.97857,52.3175],[4.97979,52.31614],[4.97994,52.31619],[4.97869,52.31754],[4.97857,52.3175]],[[4.98373,52.31201],[4.98364,52.31198],[4.9847,52.31079],[4.98481,52.31083],[4.98373,52.31201]]]}},{"type":"Feature","properties":{"id":"badge-53","kind":"badge","ref":"53","color":"#FF0000","lineRef":"metro"},"geometry":{"type":"Point","coordinates":[4.92867,52.33142]}},{"type":"Feature","properties":{"id":"line-54","kind":"line","lineRef":"metro","ref":"54","color":"#E8B800"},"geometry":{"type":"MultiLineString","coordinates":[[[4.9893,52.29627],[4.98168,52.2963],[4.97862,52.29622],[4.97696,52.29603],[4.96638,52.2943],[4.96525,52.29434],[4.96414,52.29456],[4.96298,52.29505],[4.96229,52.29557],[4.95982,52.29825],[4.95736,52.30092],[4.95489,52.3036],[4.95242,52.30628],[4.94996,52.30895],[4.94749,52.31163],[4.93825,52.32184],[4.93585,52.32413],[4.93452,52.32512],[4.93308,52.32648],[4.92899,52.33084],[4.92622,52.33351],[4.9224,52.33787],[4.92116,52.33943],[4.91987,52.34148],[4.91895,52.34348],[4.91849,52.34484],[4.91634,52.34842],[4.91416,52.35079],[4.91362,52.35151],[4.91113,52.35592],[4.90705,52.36256],[4.90549,52.36527],[4.90465,52.36604],[4.90151,52.36785],[4.90095,52.36835],[4.90056,52.36889],[4.90031,52.36976],[4.9005,52.37061],[4.90141,52.37219],[4.90317,52.37379],[4.90343,52.37429],[4.90354,52.3749],[4.90336,52.37561],[4.90276,52.37634],[4.90199,52.37685],[4.90087,52.37736]],[[4.90105,52.37751],[4.90214,52.37688],[4.90305,52.37613],[4.9035,52.37542],[4.90359,52.37476],[4.90351,52.37433],[4.90325,52.37382],[4.90159,52.3722],[4.90065,52.37055],[4.90044,52.36974],[4.90064,52.3689],[4.90101,52.36838],[4.90148,52.36797],[4.9046,52.3662],[4.90521,52.3657],[4.90555,52.36529],[4.91271,52.3535],[4.91367,52.35152],[4.91421,52.35081],[4.9157,52.34927],[4.91639,52.34843],[4.91867,52.34468],[4.91944,52.34281],[4.92131,52.33989],[4.92243,52.33853],[4.93183,52.32827],[4.9353,52.32493],[4.93599,52.32415],[4.9393,52.3209],[4.94162,52.31835],[4.94394,52.31581],[4.94627,52.31326],[4.94859,52.31071],[4.95091,52.30817],[4.95323,52.30562],[4.95555,52.30307],[4.95788,52.30052],[4.9602,52.29798],[4.96252,52.29543],[4.96321,52.29497],[4.96427,52.29457],[4.96514,52.2944],[4.9663,52.29435],[4.9673,52.29444],[4.97311,52.29549],[4.97769,52.29621],[4.97959,52.29631],[4.98916,52.29641]],[[4.90119,52.37183],[4.90057,52.37071],[4.90071,52.37068],[4.90131,52.3718],[4.90119,52.37183]],[[4.90193,52.37689],[4.90202,52.37695],[4.90104,52.3775],[4.90088,52.37736],[4.90193,52.37689]],[[4.90286,52.36716],[4.90278,52.36711],[4.90428,52.36628],[4.90436,52.36633],[4.90286,52.36716]],[[4.90745,52.36191],[4.90737,52.36189],[4.90804,52.36081],[4.90813,52.36083],[4.90745,52.36191]],[[4.90756,52.36194],[4.90824,52.36086],[4.90832,52.36088],[4.90763,52.36196],[4.90756,52.36194]],[[4.91253,52.35355],[4.91262,52.35357],[4.91176,52.355],[4.91168,52.35498],[4.91253,52.35355]],[[4.91822,52.34556],[4.91686,52.34772],[4.91822,52.34556]],[[4.92082,52.34015],[4.92069,52.34013],[4.91992,52.34143],[4.92082,52.34015]],[[4.92106,52.34022],[4.92092,52.34018],[4.92018,52.3415],[4.92106,52.34022]],[[4.9292,52.33066],[4.9293,52.33069],[4.93052,52.32936],[4.93037,52.32937],[4.9292,52.33066]],[[4.92941,52.33073],[4.9295,52.33076],[4.93072,52.32943],[4.93055,52.32948],[4.92941,52.33073]],[[4.93607,52.3241],[4.93743,52.32289],[4.93607,52.3241]],[[4.93718,52.32278],[4.93724,52.32281],[4.93594,52.32395],[4.93718,52.32278]],[[4.94077,52.3191],[4.94071,52.31916],[4.94088,52.31915],[4.94207,52.31784],[4.94196,52.3178],[4.94077,52.3191]],[[4.94743,52.31197],[4.94855,52.31076],[4.94839,52.3107],[4.94726,52.31192],[4.94743,52.31197]],[[4.95147,52.30744],[4.9529,52.30594],[4.95283,52.30592],[4.95147,52.30744]],[[4.95922,52.29891],[4.96044,52.29759],[4.96057,52.29763],[4.95936,52.29896],[4.95922,52.29891]],[[4.97514,52.29581],[4.9725,52.29536],[4.97254,52.29529],[4.97592,52.29587],[4.97589,52.29593],[4.97514,52.29581]],[[4.98996,52.2964],[4.98799,52.29638],[4.98752,52.29629],[4.98997,52.29629],[4.98996,52.2964]]]}},{"type":"Feature","properties":{"id":"badge-54","kind":"badge","ref":"54","color":"#E8B800","lineRef":"metro"},"geometry":{"type":"Point","coordinates":[4.92243,52.33853]}},{"type":"Feature","properties":{"id":"line-1","kind":"line","lineRef":"tram","ref":"1","color":"#4E79A7"},"geometry":{"type":"MultiLineString","coordinates":[[[4.93732,52.37661],[4.93739,52.37642],[4.93793,52.37591],[4.94015,52.374],[4.9401,52.37376],[4.93532,52.37316],[4.93349,52.37259],[4.92568,52.3678],[4.9254,52.36733],[4.92503,52.36701],[4.92391,52.3665],[4.92059,52.36446],[4.91912,52.36382],[4.9187,52.36345],[4.90517,52.3606],[4.90086,52.35983],[4.89671,52.35932],[4.8903,52.35963],[4.88941,52.35988],[4.88385,52.36252],[4.88319,52.36337],[4.88278,52.3637],[4.88215,52.36371],[4.88032,52.36293],[4.88005,52.36299],[4.87901,52.36365],[4.87864,52.36372],[4.86862,52.36102],[4.86172,52.35941],[4.8555,52.35776],[4.85353,52.35825],[4.85213,52.35808],[4.84395,52.35801],[4.8425,52.35818],[4.84111,52.35798],[4.81831,52.35773],[4.8158,52.35753],[4.80962,52.35627],[4.80948,52.3561],[4.8095,52.35596],[4.81033,52.35439],[4.81011,52.35417],[4.80531,52.35319],[4.80051,52.3522],[4.79572,52.35122],[4.79092,52.35023],[4.78612,52.34925],[4.7745,52.35387]],[[4.77476,52.35373],[4.78611,52.34922],[4.79093,52.35021],[4.79575,52.3512],[4.80057,52.35218],[4.80539,52.35317],[4.81021,52.35416],[4.81036,52.35425],[4.81039,52.3544],[4.80955,52.35599],[4.80966,52.35625],[4.8158,52.3575],[4.81832,52.35769],[4.84086,52.35795],[4.8425,52.35779],[4.84396,52.35798],[4.85218,52.35805],[4.85353,52.35822],[4.85514,52.35776],[4.85553,52.35773],[4.86185,52.35942],[4.86826,52.3609],[4.87863,52.36369],[4.87899,52.36363],[4.88002,52.36297],[4.88037,52.36289],[4.88217,52.36368],[4.88276,52.36367],[4.88319,52.3633],[4.88382,52.3625],[4.8894,52.35986],[4.8903,52.35961],[4.89674,52.3593],[4.90063,52.35977],[4.90519,52.36058],[4.91873,52.36344],[4.91919,52.36382],[4.92061,52.36444],[4.92393,52.36648],[4.92512,52.36703],[4.92548,52.36737],[4.92572,52.36779],[4.93365,52.37262],[4.93545,52.37315],[4.94,52.37366],[4.94022,52.37376],[4.94023,52.374],[4.93942,52.37462],[4.93745,52.37642],[4.93735,52.37682]]]}},{"type":"Feature","properties":{"id":"badge-1","kind":"badge","ref":"1","color":"#4E79A7","lineRef":"tram"},"geometry":{"type":"Point","coordinates":[4.88037,52.36289]}},{"type":"Feature","properties":{"id":"line-2","kind":"line","lineRef":"tram","ref":"2","color":"#4E79A7"},"geometry":{"type":"MultiLineString","coordinates":[[[4.80367,52.34493],[4.81105,52.34636],[4.82078,52.34651],[4.82728,52.34685],[4.82756,52.34708],[4.82744,52.35119],[4.82772,52.35141],[4.84917,52.3516],[4.84944,52.35153],[4.84956,52.3512],[4.84981,52.35107],[4.85165,52.35101],[4.85351,52.35079],[4.85428,52.35085],[4.86186,52.35285],[4.86281,52.35318],[4.86352,52.35321],[4.86412,52.35352],[4.86726,52.35429],[4.8678,52.35455],[4.86793,52.35477],[4.86796,52.35516],[4.86821,52.35533],[4.88345,52.35945],[4.88363,52.35959],[4.88364,52.35975],[4.88228,52.36166],[4.88102,52.36232],[4.88073,52.36265],[4.88069,52.36285],[4.88089,52.36308],[4.88254,52.36386],[4.88319,52.36442],[4.88537,52.36545]],[[4.88537,52.36545],[4.88306,52.36436],[4.8825,52.36388],[4.88084,52.3631],[4.88064,52.36289],[4.88064,52.36271],[4.88093,52.36235],[4.88227,52.36161],[4.88356,52.35979],[4.88358,52.35962],[4.88343,52.35948],[4.86811,52.35532],[4.86791,52.35516],[4.86788,52.35476],[4.86777,52.35457],[4.86723,52.3543],[4.86504,52.35371],[4.86412,52.35356],[4.8635,52.35324],[4.86276,52.3532],[4.86179,52.35286],[4.85433,52.35089],[4.85351,52.35081],[4.85177,52.35104],[4.85054,52.35106],[4.85038,52.35113],[4.85023,52.35151],[4.84921,52.35163],[4.82772,52.35143],[4.82747,52.35134],[4.82738,52.35119],[4.8275,52.34708],[4.82728,52.34689],[4.82064,52.34654],[4.81105,52.34639],[4.80412,52.34504]],[[4.88537,52.36545],[4.88786,52.36663],[4.88962,52.36725],[4.88965,52.36753],[4.88886,52.36814],[4.8888,52.36832],[4.88923,52.36873],[4.88942,52.3696],[4.89067,52.37138],[4.89061,52.37314],[4.89097,52.37396],[4.89215,52.37523],[4.89487,52.37696],[4.89569,52.37767],[4.89704,52.37804]],[[4.89704,52.37804],[4.89562,52.37766],[4.89484,52.37698],[4.89343,52.37615],[4.89187,52.37508],[4.89095,52.37399],[4.89056,52.37313],[4.89063,52.37138],[4.88936,52.36956],[4.88918,52.36874],[4.88874,52.36833],[4.88881,52.36812],[4.88957,52.36755],[4.88963,52.36742],[4.88957,52.36727],[4.88801,52.3667],[4.88537,52.36545]],[[4.89704,52.37804],[4.89781,52.37875],[4.89824,52.379],[4.89887,52.37873],[4.89943,52.37822],[4.89934,52.37806],[4.89832,52.37744],[4.89796,52.37752],[4.89734,52.37797],[4.89704,52.37804]]]}},{"type":"Feature","properties":{"id":"badge-2","kind":"badge","ref":"2","color":"#4E79A7","lineRef":"tram"},"geometry":{"type":"Point","coordinates":[4.8635,52.35324]}},{"type":"Feature","properties":{"id":"line-4","kind":"line","lineRef":"tram","ref":"4","color":"#4E79A7"},"geometry":{"type":"MultiLineString","coordinates":[[[4.89788,52.36491],[4.89742,52.36617],[4.89713,52.36626],[4.89585,52.36629],[4.89374,52.3669],[4.8936,52.36704],[4.8935,52.36745],[4.89248,52.3683],[4.89217,52.36866],[4.89204,52.36912],[4.89267,52.37088],[4.89295,52.37258],[4.89344,52.37335],[4.8981,52.37691],[4.89854,52.37698],[4.89917,52.37675],[4.90174,52.377],[4.90196,52.37709],[4.90207,52.3773],[4.90199,52.37744],[4.90175,52.37756],[4.89981,52.37787],[4.89907,52.37764],[4.8964,52.3757],[4.89337,52.37333],[4.8929,52.37259],[4.89278,52.37147],[4.8926,52.37077],[4.892,52.36913],[4.89213,52.36866],[4.89253,52.36821],[4.89344,52.36746],[4.89357,52.367],[4.89374,52.36687],[4.89582,52.36627],[4.89708,52.36623],[4.89736,52.36615],[4.89788,52.36491]],[[4.89885,52.3624],[4.89842,52.36352]],[[4.8994,52.361],[4.89952,52.3605],[4.8988,52.35966],[4.89873,52.35945],[4.89916,52.35841],[4.8993,52.35773],[4.89981,52.35661],[4.90248,52.3533],[4.90277,52.35282],[4.90513,52.34641],[4.90494,52.34627],[4.90389,52.34606],[4.90304,52.34536],[4.8938,52.34201],[4.89248,52.34186],[4.89238,52.34173],[4.89188,52.33773],[4.89006,52.33657],[4.88925,52.33648],[4.88913,52.33629],[4.88928,52.33614],[4.88972,52.33615],[4.89102,52.33719],[4.89194,52.33772],[4.89243,52.34167],[4.89254,52.34184],[4.8936,52.34191],[4.89467,52.34228],[4.90308,52.34534],[4.90392,52.34602],[4.90499,52.34624],[4.90518,52.34638],[4.90281,52.35283],[4.90252,52.35332],[4.89983,52.35663],[4.89933,52.35774],[4.89919,52.35841],[4.89877,52.35946],[4.89885,52.35966],[4.89956,52.36052],[4.8994,52.361]],[[4.8941,52.37389],[4.8934,52.37341],[4.8941,52.37389]],[[4.89614,52.36629],[4.89706,52.36627],[4.89614,52.36629]],[[4.89703,52.36622],[4.89614,52.36618],[4.89703,52.36622]]]}},{"type":"Feature","properties":{"id":"badge-4","kind":"badge","ref":"4","color":"#4E79A7","lineRef":"tram"},"geometry":{"type":"Point","coordinates":[4.88928,52.33614]}},{"type":"Feature","properties":{"id":"line-5","kind":"line","lineRef":"tram","ref":"5","color":"#4E79A7"},"geometry":{"type":"MultiLineString","coordinates":[[[4.86709,52.30127],[4.86976,52.30062],[4.87022,52.30073],[4.8707,52.3012],[4.87192,52.303],[4.87231,52.30391],[4.87242,52.3045],[4.87256,52.30749],[4.8726,52.31074],[4.87223,52.31244],[4.86979,52.31779],[4.86931,52.31974],[4.86889,52.3277],[4.86885,52.33762],[4.86873,52.33795],[4.8685,52.34036],[4.86863,52.34053],[4.8689,52.34062],[4.87653,52.34092],[4.87691,52.34106],[4.87697,52.34125],[4.8766,52.3449],[4.87724,52.34901],[4.87863,52.35034],[4.87924,52.35143],[4.88214,52.35267],[4.88229,52.35286],[4.87874,52.35794],[4.87873,52.3581],[4.87894,52.35824],[4.8834,52.35943],[4.88365,52.35965],[4.88228,52.36166],[4.88102,52.36232],[4.88073,52.36265],[4.88068,52.3628],[4.88076,52.36298],[4.88186,52.36354],[4.88195,52.36377],[4.88045,52.36492],[4.88015,52.36538],[4.87969,52.36653],[4.87574,52.37211],[4.87637,52.37417],[4.87891,52.37811],[4.87883,52.37833],[4.87797,52.37857],[4.87782,52.37876],[4.87917,52.38099],[4.8792,52.38131],[4.87904,52.38196],[4.87503,52.38438],[4.87454,52.38446],[4.87187,52.38438],[4.87169,52.38446],[4.87152,52.38476],[4.87132,52.38482],[4.86993,52.38459],[4.8698,52.3844],[4.86992,52.38413],[4.87014,52.38405],[4.87232,52.38439],[4.87491,52.38439],[4.87899,52.38195],[4.87916,52.38131],[4.8791,52.38091],[4.87775,52.37874],[4.87791,52.37856],[4.87872,52.37834],[4.87884,52.37815],[4.87633,52.37418],[4.8757,52.3721],[4.87954,52.36668],[4.88011,52.36536],[4.88042,52.3649],[4.88188,52.36378],[4.88177,52.36354],[4.88073,52.36302],[4.88063,52.36285],[4.88067,52.36267],[4.88103,52.36228],[4.88222,52.36167],[4.88359,52.35969],[4.88338,52.35946],[4.87888,52.35825],[4.87867,52.35809],[4.87869,52.35794],[4.88223,52.35285],[4.88209,52.35268],[4.87921,52.35144],[4.87859,52.35034],[4.8772,52.34901],[4.87655,52.34484],[4.87691,52.34125],[4.87685,52.34109],[4.87641,52.34094],[4.8688,52.34063],[4.86846,52.34043],[4.8688,52.33568],[4.86883,52.32786],[4.86918,52.32024],[4.86935,52.31911],[4.86972,52.31778],[4.87192,52.31301],[4.87242,52.31111],[4.8725,52.31016],[4.87241,52.30584],[4.87235,52.3047],[4.87199,52.30345],[4.87098,52.30173],[4.87026,52.30081],[4.87003,52.30069],[4.8697,52.30067],[4.86713,52.30132]],[[4.86656,52.30141],[4.86762,52.30118],[4.86656,52.30141]],[[4.86872,52.33691],[4.8688,52.33691],[4.86878,52.33755],[4.86871,52.33755],[4.86872,52.33691]],[[4.86877,52.33226],[4.86875,52.33292],[4.86877,52.33226]],[[4.86891,52.33226],[4.86889,52.33292],[4.86891,52.33226]],[[4.86892,52.32482],[4.86886,52.32572],[4.86892,52.32482]],[[4.86894,52.33692],[4.86887,52.33755],[4.86888,52.33692],[4.86894,52.33692]],[[4.86903,52.3257],[4.86909,52.32483],[4.86903,52.3257]],[[4.8692,52.32168],[4.86918,52.32226],[4.86908,52.32225],[4.86911,52.32167],[4.8692,52.32168]],[[4.87041,52.31627],[4.87081,52.31557],[4.87071,52.31555],[4.87041,52.31627]],[[4.87194,52.30307],[4.87218,52.3036],[4.87208,52.30361],[4.87173,52.30289],[4.87181,52.30287],[4.87194,52.30307]],[[4.87245,52.31119],[4.87246,52.31147],[4.87219,52.31214],[4.87245,52.31119]],[[4.87246,52.30792],[4.87256,52.30792],[4.87257,52.30851],[4.87247,52.30851],[4.87246,52.30792]]]}},{"type":"Feature","properties":{"id":"badge-5","kind":"badge","ref":"5","color":"#4E79A7","lineRef":"tram"},"geometry":{"type":"Point","coordinates":[4.86993,52.38459]}},{"type":"Feature","properties":{"id":"line-6","kind":"line","lineRef":"tram","ref":"6","color":"#4E79A7"},"geometry":{"type":"MultiLineString","coordinates":[[[4.83271,52.28],[4.83217,52.28105],[4.8321,52.28148],[4.83229,52.28193],[4.83306,52.28298],[4.83357,52.28357],[4.83418,52.28398],[4.83509,52.2843],[4.83606,52.28441],[4.84059,52.28388],[4.84649,52.28304],[4.84719,52.28277],[4.84883,52.28123],[4.84948,52.28089],[4.85504,52.28009],[4.8556,52.28008],[4.85621,52.28021],[4.85672,52.28049],[4.85739,52.2812],[4.85863,52.28339],[4.85949,52.28469],[4.86017,52.28562],[4.86123,52.28662],[4.86231,52.2884],[4.86416,52.29078],[4.87189,52.30295],[4.87237,52.30414],[4.87262,52.30918],[4.87256,52.31105],[4.87208,52.31286],[4.86979,52.31779],[4.86946,52.31887],[4.86928,52.32],[4.86889,52.3277],[4.86885,52.33762],[4.86873,52.33795],[4.8685,52.34036],[4.86863,52.34053],[4.8689,52.34062],[4.87397,52.34082]],[[4.87319,52.34082],[4.8688,52.34063],[4.86856,52.34055],[4.86845,52.34037],[4.8688,52.33568],[4.86883,52.32786],[4.86918,52.32024],[4.86935,52.31911],[4.86972,52.31778],[4.87192,52.31301],[4.87242,52.31111],[4.87249,52.30991],[4.87235,52.3047],[4.87214,52.30383],[4.87178,52.30304],[4.86905,52.29882],[4.86438,52.29129],[4.862,52.28808],[4.86106,52.2866],[4.86022,52.28578],[4.85943,52.28471],[4.85749,52.28147],[4.85661,52.28054],[4.85608,52.28023],[4.8556,52.28013],[4.85487,52.28015],[4.84953,52.28093],[4.84878,52.28135],[4.84721,52.28283],[4.84642,52.28314],[4.83628,52.28448],[4.8354,52.2844],[4.83443,52.28415],[4.83359,52.28369],[4.83309,52.28321],[4.83223,52.28206],[4.83202,52.28157],[4.83208,52.28111],[4.83265,52.28]],[[4.83229,52.28208],[4.83269,52.28263],[4.83277,52.28261],[4.83229,52.28208]],[[4.84596,52.28319],[4.84594,52.28313],[4.845,52.28326],[4.84596,52.28319]],[[4.8512,52.28067],[4.85225,52.28055],[4.8512,52.28067]],[[4.85222,52.28046],[4.85116,52.28058],[4.85222,52.28046]],[[4.85693,52.28082],[4.85703,52.28081],[4.85748,52.28137],[4.85693,52.28082]],[[4.86336,52.28984],[4.86344,52.28982],[4.86424,52.29099],[4.86336,52.28984]],[[4.86722,52.29582],[4.86732,52.2958],[4.86799,52.29686],[4.86791,52.29688],[4.86722,52.29582]],[[4.86872,52.33691],[4.8688,52.33691],[4.86878,52.33755],[4.86871,52.33755],[4.86872,52.33691]],[[4.86877,52.33226],[4.86875,52.33292],[4.86877,52.33226]],[[4.86891,52.33226],[4.86889,52.33292],[4.86891,52.33226]],[[4.86892,52.32482],[4.86886,52.32572],[4.86892,52.32482]],[[4.86894,52.33692],[4.86887,52.33755],[4.86888,52.33692],[4.86894,52.33692]],[[4.86903,52.3257],[4.86909,52.32483],[4.86903,52.3257]],[[4.8692,52.32168],[4.86918,52.32226],[4.86908,52.32225],[4.86911,52.32167],[4.8692,52.32168]],[[4.87041,52.31627],[4.87081,52.31557],[4.87071,52.31555],[4.87041,52.31627]],[[4.87194,52.30307],[4.87218,52.3036],[4.87208,52.30361],[4.87173,52.30289],[4.87181,52.30287],[4.87194,52.30307]],[[4.87245,52.31119],[4.87246,52.31147],[4.87219,52.31214],[4.87245,52.31119]],[[4.87246,52.30792],[4.87256,52.30792],[4.87257,52.30851],[4.87247,52.30851],[4.87246,52.30792]]]}},{"type":"Feature","properties":{"id":"badge-6","kind":"badge","ref":"6","color":"#4E79A7","lineRef":"tram"},"geometry":{"type":"Point","coordinates":[4.85949,52.28469]}},{"type":"Feature","properties":{"id":"line-7","kind":"line","lineRef":"tram","ref":"7","color":"#4E79A7"},"geometry":{"type":"MultiLineString","coordinates":[[[4.8182,52.37258],[4.8185,52.37265],[4.81864,52.37302],[4.81856,52.3732],[4.81821,52.37348],[4.81819,52.3736],[4.81889,52.37527],[4.81953,52.37563],[4.81925,52.37616],[4.82135,52.38118],[4.82156,52.38134],[4.84492,52.37775],[4.84596,52.37784],[4.84619,52.37768],[4.8482,52.37397],[4.8506,52.36924],[4.85085,52.36912],[4.85138,52.36915],[4.85162,52.369],[4.85305,52.36589],[4.85314,52.36445],[4.85332,52.36427],[4.85554,52.36427],[4.85677,52.36463],[4.85926,52.3648],[4.86065,52.3644],[4.86096,52.36438],[4.86755,52.36595],[4.87384,52.36771],[4.87786,52.36872],[4.87814,52.36859],[4.87954,52.36668],[4.88011,52.36536],[4.8805,52.36481],[4.88187,52.36384],[4.88286,52.36362],[4.88379,52.36252],[4.88954,52.3598],[4.89048,52.35958],[4.89211,52.35948],[4.89652,52.35929],[4.89773,52.35937],[4.90276,52.36011],[4.9111,52.36181],[4.91124,52.36191],[4.91128,52.36206],[4.91067,52.36316],[4.91095,52.36416],[4.91062,52.36512],[4.91317,52.36797],[4.91303,52.36812],[4.91122,52.36874],[4.91082,52.36875],[4.91054,52.36867],[4.90937,52.3674],[4.90953,52.36718],[4.91149,52.3665],[4.91163,52.36638],[4.91056,52.36509],[4.91091,52.36416],[4.91061,52.36315],[4.91122,52.36208],[4.9112,52.36193],[4.91106,52.36183],[4.90275,52.36013],[4.89762,52.35938],[4.8965,52.35932],[4.8921,52.3595],[4.89052,52.35961],[4.88957,52.35982],[4.88382,52.36254],[4.88293,52.36362],[4.88189,52.36386],[4.88053,52.36483],[4.88015,52.36538],[4.87969,52.36653],[4.87818,52.36863],[4.8779,52.36876],[4.87382,52.36774],[4.86753,52.36597],[4.86103,52.36443],[4.86063,52.36443],[4.85929,52.36483],[4.85676,52.36465],[4.85546,52.36429],[4.85335,52.36429],[4.85318,52.36445],[4.85311,52.36589],[4.85165,52.36905],[4.8514,52.36919],[4.85085,52.36916],[4.85062,52.36931],[4.84998,52.37068],[4.84625,52.37769],[4.846,52.37789],[4.84493,52.37778],[4.82158,52.38138],[4.82132,52.38124],[4.8192,52.37617],[4.81854,52.37579],[4.81881,52.37524],[4.81781,52.37279],[4.81791,52.37265],[4.8182,52.37258]]]}},{"type":"Feature","properties":{"id":"badge-7","kind":"badge","ref":"7","color":"#4E79A7","lineRef":"tram"},"geometry":{"type":"Point","coordinates":[4.91082,52.36875]}},{"type":"Feature","properties":{"id":"line-12","kind":"line","lineRef":"tram","ref":"12","color":"#4E79A7"},"geometry":{"type":"MultiLineString","coordinates":[[[4.87527,52.37848],[4.87067,52.37148],[4.87037,52.37077],[4.8704,52.37004],[4.87071,52.36932],[4.87305,52.36593],[4.88222,52.35299],[4.88396,52.35241],[4.88622,52.35223],[4.88703,52.35223],[4.89081,52.35273],[4.89111,52.35267],[4.89135,52.35207],[4.89134,52.35142],[4.89157,52.35063],[4.89113,52.34725],[4.89118,52.34709],[4.8914,52.34699],[4.90156,52.34647],[4.90273,52.34648],[4.90409,52.34612],[4.91729,52.34796],[4.91762,52.34786],[4.91816,52.34712],[4.91857,52.34711],[4.91903,52.34728],[4.91902,52.34745],[4.91863,52.34807],[4.91812,52.34822],[4.91698,52.34795],[4.90412,52.34616],[4.90209,52.34672],[4.89147,52.34727],[4.89128,52.34733],[4.8912,52.3475],[4.89161,52.35063],[4.89138,52.35143],[4.89139,52.35207],[4.89112,52.35271],[4.89084,52.35277],[4.88705,52.35226],[4.88622,52.35225],[4.88396,52.35244],[4.88223,52.35302],[4.87574,52.36212],[4.87077,52.36929],[4.87047,52.36992],[4.8704,52.37074],[4.87069,52.37145],[4.87541,52.3786]]]}},{"type":"Feature","properties":{"id":"badge-12","kind":"badge","ref":"12","color":"#4E79A7","lineRef":"tram"},"geometry":{"type":"Point","coordinates":[4.91903,52.34728]}},{"type":"Feature","properties":{"id":"line-13","kind":"line","lineRef":"tram","ref":"13","color":"#4E79A7"},"geometry":{"type":"MultiLineString","coordinates":[[[4.80291,52.37728],[4.81825,52.37576],[4.81897,52.3754],[4.81979,52.37557],[4.83824,52.37268],[4.83847,52.37243],[4.83744,52.36989],[4.83767,52.36971],[4.83933,52.36949],[4.84108,52.36939],[4.8464,52.36941],[4.85688,52.37116],[4.85961,52.3715],[4.86307,52.37089],[4.86478,52.3702],[4.86564,52.36998],[4.86625,52.37002],[4.87014,52.37085],[4.87034,52.37072],[4.8704,52.37004],[4.87071,52.36932],[4.87205,52.36738],[4.8724,52.36729],[4.87769,52.36872],[4.87789,52.36884],[4.87788,52.36902],[4.87574,52.37211],[4.87635,52.37412],[4.88246,52.38372],[4.884,52.38546],[4.8856,52.38786],[4.88547,52.38802],[4.8851,52.38809],[4.88472,52.38798],[4.88398,52.38667],[4.88407,52.38654],[4.88446,52.38641],[4.8845,52.38624],[4.88242,52.38373],[4.87631,52.37413],[4.8757,52.3721],[4.87715,52.37005],[4.87781,52.36903],[4.87783,52.36887],[4.87761,52.36873],[4.87237,52.36732],[4.87206,52.36743],[4.87077,52.36929],[4.87047,52.36992],[4.8704,52.37074],[4.87016,52.37088],[4.86617,52.37003],[4.86564,52.37001],[4.86307,52.37091],[4.85962,52.37153],[4.85687,52.37119],[4.84639,52.36944],[4.84108,52.36942],[4.83933,52.36951],[4.83777,52.36972],[4.83751,52.36988],[4.83852,52.37243],[4.83849,52.37258],[4.83826,52.37271],[4.8198,52.37561],[4.81915,52.37601],[4.81817,52.3758],[4.80339,52.37726]]]}},{"type":"Feature","properties":{"id":"badge-13","kind":"badge","ref":"13","color":"#4E79A7","lineRef":"tram"},"geometry":{"type":"Point","coordinates":[4.88398,52.38667]}},{"type":"Feature","properties":{"id":"line-14","kind":"line","lineRef":"tram","ref":"14","color":"#4E79A7"},"geometry":{"type":"MultiLineString","coordinates":[[[4.89835,52.36624],[4.89594,52.36628],[4.89379,52.36688],[4.8936,52.36704],[4.8935,52.36745],[4.8923,52.36849],[4.89207,52.36886],[4.89204,52.36912],[4.89267,52.37088],[4.89292,52.3725],[4.89344,52.37335],[4.8981,52.37691],[4.89854,52.37698],[4.89917,52.37675],[4.90193,52.37707],[4.90206,52.37725],[4.90204,52.37739],[4.90156,52.37765],[4.89997,52.37791],[4.89943,52.37781],[4.89907,52.37764],[4.8964,52.3757],[4.89337,52.37333],[4.8929,52.37259],[4.89278,52.37147],[4.8926,52.37077],[4.89199,52.36909],[4.89203,52.36885],[4.89226,52.36848],[4.89344,52.36746],[4.89357,52.367],[4.89374,52.36687],[4.89595,52.36625],[4.89835,52.36624]],[[4.89917,52.36621],[4.90022,52.3662],[4.90133,52.36646],[4.90161,52.36661],[4.90302,52.36786],[4.90477,52.3681],[4.90737,52.36724],[4.90855,52.36739],[4.9092,52.36729],[4.91823,52.36418],[4.91893,52.36358],[4.9198,52.36338],[4.92021,52.36306],[4.92044,52.36299],[4.92317,52.36316],[4.92332,52.36333],[4.92314,52.36373],[4.92323,52.36392],[4.92521,52.36508],[4.92683,52.36585],[4.93205,52.36603],[4.93938,52.3638],[4.93952,52.3636],[4.93958,52.36203],[4.9397,52.36176],[4.93992,52.36167],[4.94662,52.36263],[4.94695,52.3629],[4.94764,52.36469],[4.9482,52.36514],[4.95206,52.3652]],[[4.95106,52.36525],[4.95026,52.36516],[4.94829,52.36519],[4.94802,52.3651],[4.94756,52.36464],[4.94688,52.36286],[4.94651,52.36263],[4.93997,52.36171],[4.93972,52.3618],[4.93961,52.36204],[4.93956,52.36361],[4.93938,52.36383],[4.93206,52.36607],[4.92681,52.36587],[4.92449,52.36472],[4.9223,52.36333],[4.92163,52.36312],[4.92049,52.36301],[4.92022,52.36309],[4.91981,52.36342],[4.91899,52.3636],[4.91823,52.3642],[4.90915,52.36734],[4.90844,52.36741],[4.90739,52.36727],[4.90483,52.36813],[4.90305,52.3679],[4.90132,52.36648],[4.9003,52.36624],[4.89917,52.36621]],[[4.8941,52.37389],[4.8934,52.37341],[4.8941,52.37389]],[[4.89614,52.36629],[4.89706,52.36627],[4.89614,52.36629]],[[4.89703,52.36622],[4.89614,52.36618],[4.89703,52.36622]],[[4.95186,52.3653],[4.95091,52.36526],[4.95186,52.3653]],[[4.95218,52.36518],[4.95223,52.36521],[4.95085,52.36512],[4.95218,52.36518]]]}},{"type":"Feature","properties":{"id":"badge-14","kind":"badge","ref":"14","color":"#4E79A7","lineRef":"tram"},"geometry":{"type":"Point","coordinates":[4.90156,52.37765]}},{"type":"Feature","properties":{"id":"line-17","kind":"line","lineRef":"tram","ref":"17","color":"#4E79A7"},"geometry":{"type":"MultiLineString","coordinates":[[[4.78649,52.35545],[4.80291,52.35875],[4.80326,52.35897],[4.80321,52.35961],[4.80338,52.3598],[4.80674,52.3605],[4.80715,52.36033],[4.80918,52.35657],[4.8094,52.3564],[4.80972,52.35633],[4.81554,52.35746],[4.81787,52.35768],[4.84086,52.35795],[4.8425,52.35779],[4.84396,52.35798],[4.85252,52.35807],[4.85335,52.3582],[4.85352,52.35837],[4.85336,52.35905],[4.85319,52.36404],[4.85339,52.36422],[4.85554,52.36427],[4.85677,52.36463],[4.85926,52.3648],[4.86065,52.3644],[4.86096,52.36438],[4.86755,52.36595],[4.87201,52.36717],[4.87228,52.36705],[4.87525,52.36283],[4.87552,52.3628],[4.87863,52.36369],[4.87899,52.36363],[4.88002,52.36297],[4.88037,52.36289],[4.8825,52.36384],[4.88319,52.36442],[4.88537,52.36545]],[[4.88537,52.36545],[4.88306,52.36436],[4.88246,52.36386],[4.88035,52.36293],[4.88005,52.36299],[4.87901,52.36365],[4.87864,52.36372],[4.87555,52.36283],[4.87527,52.36286],[4.87229,52.36709],[4.87202,52.3672],[4.86753,52.36597],[4.86103,52.36443],[4.86063,52.36443],[4.85918,52.36483],[4.85676,52.36465],[4.85546,52.36429],[4.85338,52.36425],[4.85314,52.36405],[4.8533,52.35893],[4.85315,52.35872],[4.85247,52.3582],[4.85213,52.35808],[4.84395,52.35801],[4.8425,52.35818],[4.84111,52.35798],[4.81787,52.35771],[4.81554,52.35749],[4.8097,52.35636],[4.80923,52.35658],[4.80719,52.36035],[4.80672,52.36052],[4.80335,52.35983],[4.80316,52.35963],[4.80322,52.35899],[4.80294,52.35879],[4.78702,52.35558]],[[4.88537,52.36545],[4.88786,52.36663],[4.88962,52.36725],[4.88965,52.36753],[4.88886,52.36814],[4.8888,52.36832],[4.88923,52.36873],[4.88942,52.3696],[4.89067,52.37138],[4.89061,52.37314],[4.89097,52.37396],[4.89215,52.37523],[4.89487,52.37696],[4.89569,52.37767],[4.89704,52.37804]],[[4.89704,52.37804],[4.89562,52.37766],[4.89484,52.37698],[4.89343,52.37615],[4.89187,52.37508],[4.89095,52.37399],[4.89056,52.37313],[4.89063,52.37138],[4.88936,52.36956],[4.88918,52.36874],[4.88874,52.36833],[4.88881,52.36812],[4.88957,52.36755],[4.88963,52.36742],[4.88957,52.36727],[4.88801,52.3667],[4.88537,52.36545]],[[4.89704,52.37804],[4.89783,52.37877],[4.89814,52.37886],[4.89869,52.37865],[4.89925,52.37812],[4.89906,52.37787],[4.89853,52.3775],[4.89829,52.37744],[4.89796,52.37752],[4.89728,52.378],[4.89704,52.37804]]]}},{"type":"Feature","properties":{"id":"badge-17","kind":"badge","ref":"17","color":"#4E79A7","lineRef":"tram"},"geometry":{"type":"Point","coordinates":[4.85319,52.36404]}},{"type":"Feature","properties":{"id":"line-19","kind":"line","lineRef":"tram","ref":"19","color":"#4E79A7"},"geometry":{"type":"MultiLineString","coordinates":[[[4.93424,52.36117],[4.93409,52.36104],[4.93405,52.36047],[4.93349,52.36019],[4.93312,52.36026],[4.93261,52.3608]],[[4.93424,52.36117],[4.93634,52.36117],[4.93956,52.36162],[4.9397,52.36178],[4.9396,52.36215],[4.93954,52.36368],[4.93929,52.36387],[4.93394,52.36543],[4.93206,52.36607],[4.92701,52.36591],[4.92645,52.36573],[4.92449,52.36472],[4.9223,52.36333],[4.92163,52.36312],[4.92043,52.36302],[4.91981,52.36342],[4.91894,52.36353],[4.91838,52.36334],[4.90517,52.3606],[4.90095,52.35984],[4.89752,52.35937],[4.89637,52.35932],[4.8921,52.3595],[4.89052,52.35961],[4.88969,52.35978],[4.88385,52.36252],[4.88293,52.36362],[4.88189,52.36386],[4.88063,52.36473],[4.88015,52.36538],[4.87969,52.36653],[4.87804,52.36873],[4.87761,52.36873],[4.87226,52.36732],[4.87206,52.36743],[4.87067,52.36946],[4.87041,52.37016],[4.8704,52.37071],[4.87024,52.37086],[4.86996,52.37088],[4.86617,52.37003],[4.86564,52.37001],[4.86307,52.37091],[4.85967,52.3716],[4.8595,52.37178],[4.85926,52.37249],[4.85755,52.37797],[4.85687,52.379],[4.85601,52.37983],[4.85511,52.38044],[4.85163,52.38243],[4.84765,52.38419],[4.84753,52.38436],[4.8475,52.38566],[4.84737,52.38582],[4.84698,52.38591],[4.84562,52.38588],[4.84496,52.38617],[4.84372,52.38609],[4.83945,52.38608],[4.83925,52.38623],[4.83912,52.38702],[4.83911,52.3874],[4.83922,52.3877],[4.83917,52.38846],[4.8389,52.3886],[4.83817,52.38861],[4.83783,52.38843],[4.83814,52.38694],[4.83863,52.38609],[4.83897,52.38602],[4.84319,52.38605],[4.8449,52.38614],[4.84559,52.38585],[4.84724,52.38583],[4.84745,52.38566],[4.84746,52.3844],[4.8476,52.38417],[4.85152,52.38244],[4.85487,52.38054],[4.85597,52.37981],[4.85687,52.37893],[4.85755,52.37786],[4.85921,52.37248],[4.85945,52.37177],[4.85962,52.37159],[4.86307,52.37089],[4.86478,52.3702],[4.86564,52.36998],[4.86625,52.37002],[4.8699,52.37084],[4.8702,52.37083],[4.87034,52.37072],[4.8704,52.37004],[4.87063,52.36945],[4.87205,52.36738],[4.87224,52.36729],[4.87763,52.3687],[4.878,52.36868],[4.87954,52.36668],[4.88013,52.36532],[4.88066,52.36467],[4.88187,52.36384],[4.88286,52.36362],[4.88382,52.3625],[4.88968,52.35975],[4.89048,52.35958],[4.89176,52.3595],[4.89622,52.3593],[4.89735,52.35933],[4.9009,52.35981],[4.90494,52.36053],[4.91836,52.36331],[4.91897,52.3635],[4.91976,52.3634],[4.92044,52.36299],[4.92305,52.36313],[4.92331,52.3633],[4.92314,52.36373],[4.92323,52.36392],[4.92521,52.36508],[4.92646,52.36571],[4.92702,52.36588],[4.93213,52.36602],[4.93392,52.3654],[4.93921,52.36386],[4.93951,52.36365],[4.93956,52.36215],[4.93965,52.36181],[4.93955,52.36167],[4.93646,52.36121],[4.93424,52.36117]]]}},{"type":"Feature","properties":{"id":"badge-19","kind":"badge","ref":"19","color":"#4E79A7","lineRef":"tram"},"geometry":{"type":"Point","coordinates":[4.83817,52.38861]}},{"type":"Feature","properties":{"id":"line-24","kind":"line","lineRef":"tram","ref":"24","color":"#4E79A7"},"geometry":{"type":"MultiLineString","coordinates":[[[4.86598,52.33523],[4.85769,52.3352],[4.85737,52.33531],[4.8573,52.33882],[4.8576,52.33933],[4.8576,52.34044],[4.85776,52.34143],[4.85667,52.34465],[4.85668,52.3449],[4.85705,52.34506],[4.86768,52.34651],[4.87662,52.34688],[4.87682,52.34695],[4.87692,52.34707],[4.87724,52.34901],[4.87863,52.35034],[4.87917,52.35137],[4.88214,52.35267],[4.88228,52.35283],[4.87871,52.35802],[4.87894,52.35824],[4.8834,52.35943],[4.88363,52.35959],[4.88362,52.35978],[4.88228,52.36166],[4.88096,52.36238],[4.88071,52.36268],[4.88071,52.3629],[4.88089,52.36308],[4.88254,52.36386],[4.88319,52.36442],[4.88537,52.36545]],[[4.88537,52.36545],[4.88306,52.36436],[4.8825,52.36388],[4.88084,52.3631],[4.88064,52.36289],[4.88064,52.36271],[4.88093,52.36235],[4.88222,52.36167],[4.88356,52.35979],[4.88358,52.35962],[4.88333,52.35944],[4.87888,52.35825],[4.87866,52.35802],[4.88223,52.35283],[4.88209,52.35268],[4.87912,52.35137],[4.87859,52.35034],[4.8772,52.34901],[4.87688,52.3471],[4.87679,52.34698],[4.87655,52.34691],[4.86766,52.34654],[4.85691,52.34507],[4.8566,52.3449],[4.8566,52.34465],[4.85771,52.34143],[4.85756,52.34051],[4.85755,52.33934],[4.85724,52.33881],[4.85726,52.33541],[4.85733,52.33526],[4.85763,52.33517],[4.86173,52.33514],[4.86639,52.3352]],[[4.88537,52.36545],[4.88786,52.36663],[4.88962,52.36725],[4.88965,52.36753],[4.88886,52.36814],[4.8888,52.36832],[4.88923,52.36873],[4.88942,52.3696],[4.89067,52.37138],[4.89061,52.37314],[4.89097,52.37396],[4.89215,52.37523],[4.89487,52.37696],[4.89569,52.37767],[4.89704,52.37804]],[[4.89704,52.37804],[4.89562,52.37766],[4.89484,52.37698],[4.89343,52.37615],[4.89187,52.37508],[4.89095,52.37399],[4.89056,52.37313],[4.89063,52.37138],[4.88936,52.36956],[4.88918,52.36874],[4.88874,52.36833],[4.88881,52.36812],[4.88957,52.36755],[4.88963,52.36742],[4.88957,52.36727],[4.88801,52.3667],[4.88537,52.36545]],[[4.89704,52.37804],[4.89781,52.37875],[4.89818,52.37897],[4.89881,52.3787],[4.89938,52.37819],[4.89929,52.37803],[4.89832,52.37744],[4.89796,52.37752],[4.89734,52.37797],[4.89704,52.37804]],[[4.89168,52.37491],[4.89117,52.37438],[4.89168,52.37491]]]}},{"type":"Feature","properties":{"id":"badge-24","kind":"badge","ref":"24","color":"#4E79A7","lineRef":"tram"},"geometry":{"type":"Point","coordinates":[4.8772,52.34901]}},{"type":"Feature","properties":{"id":"line-25","kind":"line","lineRef":"tram","ref":"25","color":"#4E79A7"},"geometry":{"type":"MultiLineString","coordinates":[[[4.95106,52.36525],[4.95026,52.36516],[4.94829,52.36519],[4.94802,52.3651],[4.94756,52.36464],[4.94688,52.36286],[4.94651,52.36263],[4.93997,52.36171],[4.93972,52.3618],[4.93961,52.36204],[4.93956,52.36361],[4.93929,52.36387],[4.93394,52.36543],[4.93206,52.36607],[4.92681,52.36587],[4.92449,52.36472],[4.92246,52.36342],[4.92191,52.36319],[4.92043,52.36302],[4.91981,52.36342],[4.91899,52.36353],[4.91479,52.36257],[4.91473,52.36235],[4.91639,52.35944],[4.91621,52.3593],[4.91555,52.35912],[4.91502,52.35874],[4.90713,52.35672],[4.90671,52.35628],[4.90467,52.35592],[4.89948,52.35429],[4.89493,52.35334],[4.88691,52.35225],[4.88422,52.3524],[4.88248,52.35281],[4.87921,52.35144],[4.87862,52.35037],[4.8773,52.34916],[4.87716,52.34891],[4.87655,52.34484],[4.87691,52.34125],[4.87685,52.34109],[4.87641,52.34094],[4.8688,52.34063],[4.86846,52.34043],[4.8688,52.33568],[4.86883,52.32786],[4.86918,52.32024],[4.86935,52.31911],[4.86972,52.31778],[4.87192,52.31301],[4.87242,52.31111],[4.87249,52.30991],[4.87237,52.30487],[4.87214,52.30383],[4.87178,52.30304],[4.86905,52.29882],[4.86438,52.29129],[4.862,52.28808],[4.86106,52.2866],[4.86022,52.28578],[4.85943,52.28471],[4.85749,52.28147],[4.85661,52.28054],[4.85608,52.28023],[4.8556,52.28013],[4.85487,52.28015],[4.84953,52.28093],[4.84878,52.28135],[4.84721,52.28283],[4.84642,52.28314],[4.83628,52.28448],[4.8354,52.2844],[4.83443,52.28415],[4.83359,52.28369],[4.83309,52.28321],[4.83223,52.28206],[4.83202,52.28157],[4.83208,52.28111],[4.83265,52.28]],[[4.83271,52.28],[4.83217,52.28105],[4.8321,52.28148],[4.83229,52.28193],[4.83306,52.28298],[4.83357,52.28357],[4.83418,52.28398],[4.83509,52.2843],[4.83606,52.28441],[4.84059,52.28388],[4.84649,52.28304],[4.84719,52.28277],[4.84883,52.28123],[4.84948,52.28089],[4.85504,52.28009],[4.8556,52.28008],[4.85621,52.28021],[4.85672,52.28049],[4.85739,52.2812],[4.85863,52.28339],[4.85949,52.28469],[4.86017,52.28562],[4.86123,52.28662],[4.86231,52.2884],[4.86416,52.29078],[4.87189,52.30295],[4.87231,52.30391],[4.87242,52.3045],[4.87262,52.30918],[4.87256,52.31105],[4.87208,52.31286],[4.86979,52.31779],[4.86946,52.31887],[4.86928,52.32],[4.86889,52.3277],[4.86885,52.33762],[4.86873,52.33795],[4.8685,52.34036],[4.86863,52.34053],[4.8689,52.34062],[4.87653,52.34092],[4.87691,52.34106],[4.87697,52.34125],[4.8766,52.3449],[4.8772,52.3489],[4.87739,52.34919],[4.87863,52.35034],[4.87928,52.35146],[4.88249,52.35278],[4.88422,52.35237],[4.88692,52.35222],[4.89533,52.35339],[4.89938,52.35423],[4.90472,52.3559],[4.90677,52.35627],[4.90716,52.3567],[4.91506,52.35872],[4.91557,52.3591],[4.91635,52.35932],[4.91645,52.35944],[4.91477,52.36235],[4.91487,52.36257],[4.91902,52.36351],[4.9198,52.36338],[4.92021,52.36306],[4.92044,52.36299],[4.92312,52.36314],[4.92332,52.36333],[4.92314,52.36373],[4.92323,52.36392],[4.92521,52.36508],[4.92683,52.36585],[4.93205,52.36603],[4.93392,52.3654],[4.93921,52.36386],[4.93952,52.36363],[4.93958,52.36203],[4.9397,52.36176],[4.93992,52.36167],[4.94662,52.36263],[4.94695,52.3629],[4.94764,52.36469],[4.9482,52.36514],[4.95206,52.3652]],[[4.83229,52.28208],[4.83269,52.28263],[4.83277,52.28261],[4.83229,52.28208]],[[4.84596,52.28319],[4.84594,52.28313],[4.845,52.28326],[4.84596,52.28319]],[[4.8512,52.28067],[4.85225,52.28055],[4.8512,52.28067]],[[4.85222,52.28046],[4.85116,52.28058],[4.85222,52.28046]],[[4.85693,52.28082],[4.85703,52.28081],[4.85748,52.28137],[4.85693,52.28082]],[[4.86336,52.28984],[4.86344,52.28982],[4.86424,52.29099],[4.86336,52.28984]],[[4.86722,52.29582],[4.86732,52.2958],[4.86799,52.29686],[4.86791,52.29688],[4.86722,52.29582]],[[4.86872,52.33691],[4.8688,52.33691],[4.86878,52.33755],[4.86871,52.33755],[4.86872,52.33691]],[[4.86877,52.33226],[4.86875,52.33292],[4.86877,52.33226]],[[4.86891,52.33226],[4.86889,52.33292],[4.86891,52.33226]],[[4.86892,52.32482],[4.86886,52.32572],[4.86892,52.32482]],[[4.86894,52.33692],[4.86887,52.33755],[4.86888,52.33692],[4.86894,52.33692]],[[4.86903,52.3257],[4.86909,52.32483],[4.86903,52.3257]],[[4.8692,52.32168],[4.86918,52.32226],[4.86908,52.32225],[4.86911,52.32167],[4.8692,52.32168]],[[4.87041,52.31627],[4.87081,52.31557],[4.87071,52.31555],[4.87041,52.31627]],[[4.87194,52.30307],[4.87218,52.3036],[4.87208,52.30361],[4.87173,52.30289],[4.87181,52.30287],[4.87194,52.30307]],[[4.87245,52.31119],[4.87246,52.31147],[4.87219,52.31214],[4.87245,52.31119]],[[4.87246,52.30792],[4.87256,52.30792],[4.87257,52.30851],[4.87247,52.30851],[4.87246,52.30792]],[[4.95186,52.3653],[4.95091,52.36526],[4.95186,52.3653]],[[4.95218,52.36518],[4.95223,52.36521],[4.95085,52.36512],[4.95218,52.36518]]]}},{"type":"Feature","properties":{"id":"badge-25","kind":"badge","ref":"25","color":"#4E79A7","lineRef":"tram"},"geometry":{"type":"Point","coordinates":[4.87697,52.34125]}},{"type":"Feature","properties":{"id":"line-26","kind":"line","lineRef":"tram","ref":"26","color":"#4E79A7"},"geometry":{"type":"MultiLineString","coordinates":[[[5.00315,52.35096],[5.00391,52.35081],[5.00508,52.35116]],[[4.90261,52.37908],[4.90254,52.37895],[4.90262,52.37885],[4.9039,52.37835],[4.90466,52.37816],[4.9096,52.3775],[4.91409,52.3771],[4.92136,52.37614],[4.92774,52.37516],[4.92944,52.37476],[4.93331,52.37324],[4.9359,52.37235],[4.9371,52.37208],[4.93889,52.37195],[4.94046,52.37198],[4.95209,52.37325],[4.95437,52.37332],[4.95571,52.37323],[4.95748,52.37295],[4.96376,52.37147],[4.96505,52.37099],[4.97062,52.36804],[4.97219,52.36732],[4.9737,52.36642],[4.97567,52.36553],[4.97911,52.36371],[4.98255,52.36189],[4.98599,52.36007],[4.98943,52.35825],[4.99286,52.35644],[4.9963,52.35462],[4.99974,52.3528],[5.00318,52.35098],[5.00356,52.35085],[5.00397,52.35085],[5.00498,52.35116],[5.00514,52.35133],[5.00506,52.35149],[5.00323,52.35245],[5.00288,52.35241],[5.00203,52.35184],[5.00157,52.35189],[4.99788,52.35384],[4.99418,52.3558],[4.99049,52.35775],[4.98679,52.3597],[4.9831,52.36165],[4.9794,52.36361],[4.97571,52.36556],[4.97375,52.36644],[4.97231,52.3673],[4.97045,52.36817],[4.96493,52.3711],[4.96386,52.37149],[4.95749,52.37299],[4.95604,52.37323],[4.95437,52.37336],[4.95209,52.37328],[4.94052,52.37202],[4.93884,52.37198],[4.93711,52.37211],[4.93568,52.37246],[4.93178,52.37382],[4.9297,52.37472],[4.92837,52.37508],[4.91782,52.37666],[4.91289,52.37727],[4.90952,52.37754],[4.90531,52.3781],[4.90487,52.37825],[4.90429,52.37863],[4.90306,52.37908],[4.90261,52.37908]],[[4.90315,52.37909],[4.90404,52.37877],[4.90315,52.37909]],[[4.93331,52.37323],[4.93364,52.37293],[4.93417,52.37293],[4.93331,52.37323]],[[4.93445,52.37308],[4.93447,52.37303],[4.93434,52.37306],[4.93428,52.37297],[4.93301,52.37346],[4.93445,52.37308]],[[4.96823,52.36928],[4.96891,52.36892],[4.96823,52.36928]],[[4.96825,52.36935],[4.969,52.36899],[4.96825,52.36935]],[[4.98015,52.36311],[4.97939,52.36347],[4.98015,52.36311]]]}},{"type":"Feature","properties":{"id":"badge-26","kind":"badge","ref":"26","color":"#4E79A7","lineRef":"tram"},"geometry":{"type":"Point","coordinates":[5.00514,52.35133]}},{"type":"Feature","properties":{"id":"line-27","kind":"line","lineRef":"tram","ref":"27","color":"#4E79A7"},"geometry":{"type":"MultiLineString","coordinates":[[[4.78649,52.35545],[4.80291,52.35875],[4.80326,52.35897],[4.80321,52.35961],[4.80338,52.3598],[4.80674,52.3605],[4.80715,52.36033],[4.80918,52.35657],[4.8094,52.3564],[4.80972,52.35633],[4.81554,52.35746],[4.81787,52.35768],[4.84086,52.35795],[4.8425,52.35779],[4.84396,52.35798],[4.85218,52.35805]],[[4.85099,52.35807],[4.84395,52.35801],[4.8425,52.35818],[4.84111,52.35798],[4.81787,52.35771],[4.81554,52.35749],[4.8097,52.35636],[4.80923,52.35658],[4.80719,52.36035],[4.80672,52.36052],[4.80335,52.35983],[4.80316,52.35963],[4.80322,52.35899],[4.80294,52.35879],[4.78702,52.35558]]]}},{"type":"Feature","properties":{"id":"badge-27","kind":"badge","ref":"27","color":"#4E79A7","lineRef":"tram"},"geometry":{"type":"Point","coordinates":[4.8094,52.3564]}},{"type":"Feature","properties":{"id":"line-29","kind":"line","lineRef":"tram","ref":"29","color":"#4E79A7"},"geometry":{"type":"MultiLineString","coordinates":[[[4.9269,52.35744],[4.92818,52.35536],[4.92852,52.35503],[4.93202,52.35284],[4.93552,52.35065],[4.93901,52.34846],[4.94251,52.34626],[4.94601,52.34407],[4.94951,52.34188],[4.95244,52.34027],[4.9536,52.3398],[4.9562,52.33919],[4.95887,52.33868],[4.96011,52.33855],[4.96171,52.33815],[4.9661,52.33739],[4.96886,52.33668]],[[4.96886,52.33668],[4.96607,52.33743],[4.96168,52.33819],[4.96021,52.33857],[4.95876,52.33873],[4.95616,52.33924],[4.95363,52.33983],[4.95265,52.34023],[4.94955,52.34191],[4.94614,52.34404],[4.94273,52.34618],[4.93932,52.34831],[4.9359,52.35044],[4.93249,52.35258],[4.92908,52.35471],[4.92822,52.35538],[4.92723,52.35701]],[[4.96886,52.33668],[4.96987,52.3371],[4.97075,52.33687],[4.97089,52.33672],[4.97068,52.33639],[4.97036,52.33628],[4.96886,52.33668]]]}},{"type":"Feature","properties":{"id":"badge-29","kind":"badge","ref":"29","color":"#4E79A7","lineRef":"tram"},"geometry":{"type":"Point","coordinates":[4.94951,52.34188]}},{"type":"Feature","properties":{"id":"hub-0","kind":"hub","name":"Amsterdam Centraal","subKey":"hub.centraal","lab":1},"geometry":{"type":"Point","coordinates":[4.9007,52.3789]}},{"type":"Feature","properties":{"id":"hub-1","kind":"hub","name":"Amsterdam Zuid","subKey":"hub.zuid","lab":1},"geometry":{"type":"Point","coordinates":[4.8726,52.339]}},{"type":"Feature","properties":{"id":"hub-2","kind":"hub","name":"Sloterdijk","subKey":"hub.sloterdijk","lab":1},"geometry":{"type":"Point","coordinates":[4.8378,52.3889]}},{"type":"Feature","properties":{"id":"hub-3","kind":"hub","name":"Amstel","subKey":"hub.amstel","lab":1},"geometry":{"type":"Point","coordinates":[4.9176,52.3467]}},{"type":"Feature","properties":{"id":"hub-4","kind":"hub","name":"Bijlmer ArenA","subKey":"hub.bijlmer","lab":1},"geometry":{"type":"Point","coordinates":[4.9471,52.3122]}},{"type":"Feature","properties":{"id":"hub-5","kind":"hub","name":"Weesperplein","subKey":"hub.weesperplein","lab":1},"geometry":{"type":"Point","coordinates":[4.9083,52.3617]}},{"type":"Feature","properties":{"id":"hub-6","kind":"hub","name":"Lelylaan","subKey":"hub.lelylaan","lab":1},"geometry":{"type":"Point","coordinates":[4.8353,52.3576]}},{"type":"Feature","properties":{"id":"hub-7","kind":"hub","name":"De Pijp","subKey":"hub.depijp","lab":1},"geometry":{"type":"Point","coordinates":[4.8917,52.3556]}},{"type":"Feature","properties":{"id":"stn-1","kind":"node","name":"Diemen Zuid","color":"#FF0000","lineRef":"metro","lab":1},"geometry":{"type":"Point","coordinates":[4.95606,52.33026]}},{"type":"Feature","properties":{"id":"stn-2","kind":"stop","name":"Surinameplein","color":"#4E79A7","lineRef":"tram","lab":1},"geometry":{"type":"Point","coordinates":[4.85218,52.35805]}},{"type":"Feature","properties":{"id":"stn-3","kind":"stop","name":"Alexanderplein","color":"#4E79A7","lineRef":"tram","lab":1},"geometry":{"type":"Point","coordinates":[4.91936,52.3635]}},{"type":"Feature","properties":{"id":"stn-4","kind":"stop","name":"Meester Visserplein","color":"#4E79A7","lineRef":"tram","lab":1},"geometry":{"type":"Point","coordinates":[4.90536,52.36796]}},{"type":"Feature","properties":{"id":"stn-5","kind":"stop","name":"Nassaukade","color":"#4E79A7","lineRef":"tram","lab":1},"geometry":{"type":"Point","coordinates":[4.8792,52.38131]}},{"type":"Feature","properties":{"id":"stn-6","kind":"stop","name":"Zoutkeetsgracht","color":"#4E79A7","lineRef":"tram","lab":1},"geometry":{"type":"Point","coordinates":[4.88514,52.38808]}},{"type":"Feature","properties":{"id":"stn-7","kind":"stop","name":"Van Limburg Stirumplein","color":"#4E79A7","lineRef":"tram","lab":1},"geometry":{"type":"Point","coordinates":[4.87492,52.38442]}},{"type":"Feature","properties":{"id":"stn-8","kind":"stop","name":"Dam","color":"#4E79A7","lineRef":"tram","lab":1},"geometry":{"type":"Point","coordinates":[4.89364,52.37353]}},{"type":"Feature","properties":{"id":"stn-9","kind":"stop","name":"Roelof Hartplein","color":"#4E79A7","lineRef":"tram","lab":1},"geometry":{"type":"Point","coordinates":[4.88209,52.35312]}},{"type":"Feature","properties":{"id":"stn-10","kind":"stop","name":"Concertgebouw","color":"#4E79A7","lineRef":"tram","lab":1},"geometry":{"type":"Point","coordinates":[4.87964,52.3567]}},{"type":"Feature","properties":{"id":"stn-11","kind":"stop","name":"Frederik Hendrikplantsoen","color":"#4E79A7","lineRef":"tram","lab":1},"geometry":{"type":"Point","coordinates":[4.87527,52.37848]}},{"type":"Feature","properties":{"id":"stn-12","kind":"stop","name":"Hugo de Grootplein","color":"#4E79A7","lineRef":"tram","lab":1},"geometry":{"type":"Point","coordinates":[4.87295,52.37501]}},{"type":"Feature","properties":{"id":"stn-14","kind":"node","name":"Wibautstraat","color":"#E8B800","lineRef":"metro","lab":1},"geometry":{"type":"Point","coordinates":[4.91205,52.35459]}},{"type":"Feature","properties":{"id":"stn-15","kind":"stop","name":"Zeeburgerdijk","color":"#4E79A7","lineRef":"tram","lab":1},"geometry":{"type":"Point","coordinates":[4.9325,52.36591]}},{"type":"Feature","properties":{"id":"stn-16","kind":"stop","name":"Pontanusstraat","color":"#4E79A7","lineRef":"tram","lab":1},"geometry":{"type":"Point","coordinates":[4.9272,52.36592]}},{"type":"Feature","properties":{"id":"stn-17","kind":"stop","name":"Waterlooplein","color":"#4E79A7","lineRef":"tram","lab":1},"geometry":{"type":"Point","coordinates":[4.90198,52.36699]}},{"type":"Feature","properties":{"id":"stn-18","kind":"stop","name":"Mauritskade","color":"#4E79A7","lineRef":"tram","lab":1},"geometry":{"type":"Point","coordinates":[4.92064,52.36302]}},{"type":"Feature","properties":{"id":"stn-19","kind":"stop","name":"Rijksmuseum","color":"#4E79A7","lineRef":"tram","lab":1},"geometry":{"type":"Point","coordinates":[4.8871,52.36097]}},{"type":"Feature","properties":{"id":"stn-20","kind":"node","name":"Zuid","color":"#F69931","lineRef":"metro","lab":1},"geometry":{"type":"Point","coordinates":[4.87398,52.33904]}},{"type":"Feature","properties":{"id":"stn-21","kind":"node","name":"Amstelveenseweg","color":"#29AB4D","lineRef":"metro","lab":1},"geometry":{"type":"Point","coordinates":[4.85758,52.3384]}},{"type":"Feature","properties":{"id":"stn-22","kind":"node","name":"Station Sloterdijk","color":"#29AB4D","lineRef":"metro","lab":1},"geometry":{"type":"Point","coordinates":[4.83898,52.38904]}},{"type":"Feature","properties":{"id":"stn-23","kind":"node","name":"Isolatorweg","color":"#29AB4D","lineRef":"metro","lab":1},"geometry":{"type":"Point","coordinates":[4.8506,52.3951]}},{"type":"Feature","properties":{"id":"stn-24","kind":"node","name":"De Vlugtlaan","color":"#F69931","lineRef":"metro","lab":1},"geometry":{"type":"Point","coordinates":[4.83806,52.37946]}},{"type":"Feature","properties":{"id":"stn-25","kind":"node","name":"Jan van Galenstraat","color":"#F69931","lineRef":"metro","lab":1},"geometry":{"type":"Point","coordinates":[4.83529,52.37266]}},{"type":"Feature","properties":{"id":"stn-26","kind":"node","name":"Postjesweg","color":"#29AB4D","lineRef":"metro","lab":1},"geometry":{"type":"Point","coordinates":[4.83386,52.3646]}},{"type":"Feature","properties":{"id":"stn-27","kind":"node","name":"Heemstedestraat","color":"#29AB4D","lineRef":"metro","lab":1},"geometry":{"type":"Point","coordinates":[4.8344,52.35233]}},{"type":"Feature","properties":{"id":"stn-28","kind":"node","name":"Henk Sneevlietweg","color":"#F69931","lineRef":"metro","lab":1},"geometry":{"type":"Point","coordinates":[4.83439,52.34638]}},{"type":"Feature","properties":{"id":"stn-29","kind":"node","name":"Centraal Station","color":"#E8B800","lineRef":"metro","lab":1},"geometry":{"type":"Point","coordinates":[4.90105,52.37751]}},{"type":"Feature","properties":{"id":"stn-30","kind":"node","name":"Strandvliet","color":"#29AB4D","lineRef":"metro","lab":1},"geometry":{"type":"Point","coordinates":[4.9414,52.31861]}},{"type":"Feature","properties":{"id":"stn-31","kind":"node","name":"Bijlmer ArenA","color":"#29AB4D","lineRef":"metro","lab":1},"geometry":{"type":"Point","coordinates":[4.94762,52.31181]}},{"type":"Feature","properties":{"id":"stn-32","kind":"node","name":"Amsterdam Holendrecht","color":"#E8B800","lineRef":"metro","lab":1},"geometry":{"type":"Point","coordinates":[4.96017,52.29799]}},{"type":"Feature","properties":{"id":"stn-33","kind":"node","name":"Gein","color":"#29AB4D","lineRef":"metro","lab":1},"geometry":{"type":"Point","coordinates":[4.98916,52.29641]}},{"type":"Feature","properties":{"id":"stn-34","kind":"node","name":"Bullewijk","color":"#29AB4D","lineRef":"metro","lab":1},"geometry":{"type":"Point","coordinates":[4.95213,52.30687]}},{"type":"Feature","properties":{"id":"stn-35","kind":"node","name":"Venserpolder","color":"#FF0000","lineRef":"metro","lab":1},"geometry":{"type":"Point","coordinates":[4.94641,52.32672]}},{"type":"Feature","properties":{"id":"stn-36","kind":"node","name":"Verrijn Stuartweg","color":"#FF0000","lineRef":"metro","lab":1},"geometry":{"type":"Point","coordinates":[4.96721,52.32829]}},{"type":"Feature","properties":{"id":"stn-37","kind":"node","name":"Ganzenhoef","color":"#FF0000","lineRef":"metro","lab":1},"geometry":{"type":"Point","coordinates":[4.97285,52.32372]}},{"type":"Feature","properties":{"id":"stn-38","kind":"node","name":"Kraaiennest","color":"#FF0000","lineRef":"metro","lab":1},"geometry":{"type":"Point","coordinates":[4.97901,52.31698]}},{"type":"Feature","properties":{"id":"stn-39","kind":"node","name":"Gaasperplas","color":"#FF0000","lineRef":"metro","lab":1},"geometry":{"type":"Point","coordinates":[4.98434,52.31116]}},{"type":"Feature","properties":{"id":"stn-40","kind":"stop","name":"Rietlandpark","color":"#4E79A7","lineRef":"tram","lab":1},"geometry":{"type":"Point","coordinates":[4.93483,52.37301]}},{"type":"Feature","properties":{"id":"stn-41","kind":"stop","name":"Hoofddorpplein","color":"#4E79A7","lineRef":"tram","lab":1},"geometry":{"type":"Point","coordinates":[4.85017,52.35153]}},{"type":"Feature","properties":{"id":"stn-43","kind":"stop","name":"Flevopark","color":"#4E79A7","lineRef":"tram","lab":1},"geometry":{"type":"Point","coordinates":[4.95206,52.3652]}},{"type":"Feature","properties":{"id":"stn-44","kind":"stop","name":"Oranjebaan","color":"#4E79A7","lineRef":"tram","lab":1},"geometry":{"type":"Point","coordinates":[4.87176,52.30301]}},{"type":"Feature","properties":{"id":"stn-45","kind":"stop","name":"Ouderkerkerlaan","color":"#4E79A7","lineRef":"tram","lab":1},"geometry":{"type":"Point","coordinates":[4.86778,52.2965]}},{"type":"Feature","properties":{"id":"stn-46","kind":"stop","name":"Heemstedestraat","color":"#4E79A7","lineRef":"tram","lab":1},"geometry":{"type":"Point","coordinates":[4.83429,52.35149]}},{"type":"Feature","properties":{"id":"stn-47","kind":"stop","name":"Louwesweg","color":"#4E79A7","lineRef":"tram","lab":1},"geometry":{"type":"Point","coordinates":[4.82426,52.34669]}},{"type":"Feature","properties":{"id":"stn-48","kind":"stop","name":"Prinses Irenestraat","color":"#4E79A7","lineRef":"tram","lab":1},"geometry":{"type":"Point","coordinates":[4.87678,52.34262]}},{"type":"Feature","properties":{"id":"stn-49","kind":"stop","name":"Europaplein","color":"#4E79A7","lineRef":"tram","lab":1},"geometry":{"type":"Point","coordinates":[4.8922,52.34023]}},{"type":"Feature","properties":{"id":"stn-51","kind":"stop","name":"Laan van Vlaanderen","color":"#4E79A7","lineRef":"tram","lab":1},"geometry":{"type":"Point","coordinates":[4.81569,52.34644]}},{"type":"Feature","properties":{"id":"stn-52","kind":"stop","name":"Centrum Nieuw Sloten","color":"#4E79A7","lineRef":"tram","lab":1},"geometry":{"type":"Point","coordinates":[4.81105,52.34639]}},{"type":"Feature","properties":{"id":"stn-53","kind":"stop","name":"Oudenaardeplantsoen","color":"#4E79A7","lineRef":"tram","lab":1},"geometry":{"type":"Point","coordinates":[4.80367,52.34493]}},{"type":"Feature","properties":{"id":"stn-55","kind":"node","name":"Van der Madeweg","color":"#FF0000","lineRef":"metro","lab":1},"geometry":{"type":"Point","coordinates":[4.93052,52.32945]}},{"type":"Feature","properties":{"id":"stn-56","kind":"stop","name":"Muziekgebouw","color":"#4E79A7","lineRef":"tram","lab":1},"geometry":{"type":"Point","coordinates":[4.91343,52.37721]}},{"type":"Feature","properties":{"id":"stn-57","kind":"stop","name":"Brink","color":"#4E79A7","lineRef":"tram","lab":1},"geometry":{"type":"Point","coordinates":[4.8517,52.28055]}},{"type":"Feature","properties":{"id":"stn-58","kind":"stop","name":"Poortwachter","color":"#4E79A7","lineRef":"tram","lab":1},"geometry":{"type":"Point","coordinates":[4.84589,52.28313]}},{"type":"Feature","properties":{"id":"stn-59","kind":"stop","name":"Derkinderenstraat","color":"#4E79A7","lineRef":"tram","lab":1},"geometry":{"type":"Point","coordinates":[4.84013,52.35794]}},{"type":"Feature","properties":{"id":"stn-60","kind":"stop","name":"Station Lelylaan","color":"#4E79A7","lineRef":"tram","lab":1},"geometry":{"type":"Point","coordinates":[4.83456,52.35788]}},{"type":"Feature","properties":{"id":"stn-61","kind":"stop","name":"Postjesweg","color":"#4E79A7","lineRef":"tram","lab":1},"geometry":{"type":"Point","coordinates":[4.85318,52.36477]}},{"type":"Feature","properties":{"id":"stn-62","kind":"stop","name":"Meer en Vaart","color":"#4E79A7","lineRef":"tram","lab":1},"geometry":{"type":"Point","coordinates":[4.81075,52.35651]}},{"type":"Feature","properties":{"id":"stn-64","kind":"stop","name":"Westlandgracht","color":"#4E79A7","lineRef":"tram","lab":1},"geometry":{"type":"Point","coordinates":[4.84563,52.35157]}},{"type":"Feature","properties":{"id":"stn-65","kind":"stop","name":"Cornelis Schuytstraat","color":"#4E79A7","lineRef":"tram","lab":1},"geometry":{"type":"Point","coordinates":[4.87078,52.35603]}},{"type":"Feature","properties":{"id":"stn-66","kind":"stop","name":"Museumplein","color":"#4E79A7","lineRef":"tram","lab":1},"geometry":{"type":"Point","coordinates":[4.88124,52.35885]}},{"type":"Feature","properties":{"id":"stn-69","kind":"stop","name":"Meent","color":"#4E79A7","lineRef":"tram","lab":1},"geometry":{"type":"Point","coordinates":[4.85696,52.2809]}},{"type":"Feature","properties":{"id":"stn-70","kind":"stop","name":"Amstelveen Stadshart","color":"#4E79A7","lineRef":"tram","lab":1},"geometry":{"type":"Point","coordinates":[4.86709,52.30127]}},{"type":"Feature","properties":{"id":"stn-71","kind":"stop","name":"Parnassusweg","color":"#4E79A7","lineRef":"tram","lab":1},"geometry":{"type":"Point","coordinates":[4.8687,52.33697]}},{"type":"Feature","properties":{"id":"stn-72","kind":"stop","name":"Admiraal Helfrichstraat","color":"#4E79A7","lineRef":"tram","lab":1},"geometry":{"type":"Point","coordinates":[4.84466,52.36943]}},{"type":"Feature","properties":{"id":"stn-73","kind":"stop","name":"Lambertus Zijlplein","color":"#4E79A7","lineRef":"tram","lab":1},"geometry":{"type":"Point","coordinates":[4.80291,52.37728]}},{"type":"Feature","properties":{"id":"stn-74","kind":"stop","name":"Brinkstraat","color":"#4E79A7","lineRef":"tram","lab":1},"geometry":{"type":"Point","coordinates":[4.94747,52.34322]}},{"type":"Feature","properties":{"id":"stn-75","kind":"stop","name":"Osdorpplein West","color":"#4E79A7","lineRef":"tram","lab":1},"geometry":{"type":"Point","coordinates":[4.80323,52.35912]}},{"type":"Feature","properties":{"id":"stn-76","kind":"stop","name":"Bilderdijkstraat","color":"#4E79A7","lineRef":"tram","lab":1},"geometry":{"type":"Point","coordinates":[4.87081,52.37105]}},{"type":"Feature","properties":{"id":"stn-77","kind":"stop","name":"Azartplein","color":"#4E79A7","lineRef":"tram","lab":1},"geometry":{"type":"Point","coordinates":[4.93735,52.37682]}},{"type":"Feature","properties":{"id":"stn-79","kind":"stop","name":"Minervaplein","color":"#4E79A7","lineRef":"tram","lab":1},"geometry":{"type":"Point","coordinates":[4.87303,52.34677]}},{"type":"Feature","properties":{"id":"stn-80","kind":"stop","name":"Beethovenstraat","color":"#4E79A7","lineRef":"tram","lab":1},"geometry":{"type":"Point","coordinates":[4.87628,52.34687]}},{"type":"Feature","properties":{"id":"stn-81","kind":"stop","name":"Gerrit van der Veenstraat","color":"#4E79A7","lineRef":"tram","lab":1},"geometry":{"type":"Point","coordinates":[4.87719,52.34882]}},{"type":"Feature","properties":{"id":"stn-83","kind":"stop","name":"Station Zuid","color":"#4E79A7","lineRef":"tram","lab":1},"geometry":{"type":"Point","coordinates":[4.87397,52.34082]}},{"type":"Feature","properties":{"id":"stn-85","kind":"stop","name":"Van Boshuizenstraat","color":"#4E79A7","lineRef":"tram","lab":1},"geometry":{"type":"Point","coordinates":[4.86897,52.32489]}},{"type":"Feature","properties":{"id":"stn-86","kind":"stop","name":"Uilenstede","color":"#4E79A7","lineRef":"tram","lab":1},"geometry":{"type":"Point","coordinates":[4.86907,52.32194]}},{"type":"Feature","properties":{"id":"stn-88","kind":"stop","name":"Olympiaplein","color":"#4E79A7","lineRef":"tram","lab":1},"geometry":{"type":"Point","coordinates":[4.86586,52.3463]}},{"type":"Feature","properties":{"id":"stn-89","kind":"stop","name":"Keizersgracht","color":"#4E79A7","lineRef":"tram","lab":1},"geometry":{"type":"Point","coordinates":[4.89832,52.36383]}},{"type":"Feature","properties":{"id":"stn-90","kind":"stop","name":"Frederiksplein","color":"#4E79A7","lineRef":"tram","lab":1},"geometry":{"type":"Point","coordinates":[4.89908,52.35994]}},{"type":"Feature","properties":{"id":"stn-91","kind":"stop","name":"Albert Cuypstraat","color":"#4E79A7","lineRef":"tram","lab":1},"geometry":{"type":"Point","coordinates":[4.8994,52.35758]}},{"type":"Feature","properties":{"id":"stn-92","kind":"stop","name":"Waalstraat","color":"#4E79A7","lineRef":"tram","lab":1},"geometry":{"type":"Point","coordinates":[4.90111,52.34465]}},{"type":"Feature","properties":{"id":"stn-94","kind":"stop","name":"Maasstraat","color":"#4E79A7","lineRef":"tram","lab":1},"geometry":{"type":"Point","coordinates":[4.89627,52.34286]}},{"type":"Feature","properties":{"id":"stn-96","kind":"stop","name":"Dintelstraat","color":"#4E79A7","lineRef":"tram","lab":1},"geometry":{"type":"Point","coordinates":[4.893,52.34193]}},{"type":"Feature","properties":{"id":"stn-97","kind":"stop","name":"Station RAI","color":"#4E79A7","lineRef":"tram","lab":1},"geometry":{"type":"Point","coordinates":[4.89055,52.3369]}},{"type":"Feature","properties":{"id":"stn-98","kind":"stop","name":"Van Woustraat","color":"#4E79A7","lineRef":"tram","lab":1},"geometry":{"type":"Point","coordinates":[4.90086,52.35469]}},{"type":"Feature","properties":{"id":"stn-100","kind":"stop","name":"Hoogte Kadijk","color":"#4E79A7","lineRef":"tram","lab":1},"geometry":{"type":"Point","coordinates":[4.92481,52.36687]}},{"type":"Feature","properties":{"id":"stn-101","kind":"stop","name":"Osdorpplein Oost","color":"#4E79A7","lineRef":"tram","lab":1},"geometry":{"type":"Point","coordinates":[4.80775,52.35933]}},{"type":"Feature","properties":{"id":"stn-102","kind":"stop","name":"Prinsengracht","color":"#4E79A7","lineRef":"tram","lab":1},"geometry":{"type":"Point","coordinates":[4.88438,52.365]}},{"type":"Feature","properties":{"id":"stn-104","kind":"stop","name":"IJburg","color":"#4E79A7","lineRef":"tram","lab":1},"geometry":{"type":"Point","coordinates":[5.00483,52.35111]}},{"type":"Feature","properties":{"id":"stn-105","kind":"stop","name":"Olympiaweg","color":"#4E79A7","lineRef":"tram","lab":1},"geometry":{"type":"Point","coordinates":[4.85834,52.34527]}},{"type":"Feature","properties":{"id":"stn-106","kind":"stop","name":"Centraal Station","color":"#4E79A7","lineRef":"tram","lab":1},"geometry":{"type":"Point","coordinates":[4.90038,52.37789]}},{"type":"Feature","properties":{"id":"stn-108","kind":"stop","name":"Weesperplein","color":"#4E79A7","lineRef":"tram","lab":1},"geometry":{"type":"Point","coordinates":[4.90712,52.361]}},{"type":"Feature","properties":{"id":"stn-110","kind":"stop","name":"Wibautstraat","color":"#4E79A7","lineRef":"tram","lab":1},"geometry":{"type":"Point","coordinates":[4.90936,52.35729]}},{"type":"Feature","properties":{"id":"stn-111","kind":"stop","name":"Muiderpoortstation","color":"#4E79A7","lineRef":"tram","lab":1},"geometry":{"type":"Point","coordinates":[4.93285,52.36121]}},{"type":"Feature","properties":{"id":"stn-112","kind":"node","name":"Overamstel","color":"#29AB4D","lineRef":"metro","lab":1},"geometry":{"type":"Point","coordinates":[4.91763,52.33173]}},{"type":"Feature","properties":{"id":"stn-113","kind":"stop","name":"Amsteldijk","color":"#4E79A7","lineRef":"tram","lab":1},"geometry":{"type":"Point","coordinates":[4.911,52.34711]}},{"type":"Feature","properties":{"id":"stn-116","kind":"stop","name":"Scheldestraat","color":"#4E79A7","lineRef":"tram","lab":1},"geometry":{"type":"Point","coordinates":[4.89153,52.34726]}},{"type":"Feature","properties":{"id":"stn-117","kind":"stop","name":"Wiltzanghlaan","color":"#4E79A7","lineRef":"tram","lab":1},"geometry":{"type":"Point","coordinates":[4.85085,52.3828]}},{"type":"Feature","properties":{"id":"stn-118","kind":"stop","name":"Bos en Lommerweg","color":"#4E79A7","lineRef":"tram","lab":1},"geometry":{"type":"Point","coordinates":[4.8539,52.38112]}},{"type":"Feature","properties":{"id":"stn-119","kind":"stop","name":"Karel Doormanstraat","color":"#4E79A7","lineRef":"tram","lab":1},"geometry":{"type":"Point","coordinates":[4.85697,52.37887]}},{"type":"Feature","properties":{"id":"stn-120","kind":"stop","name":"De Rijpstraat","color":"#4E79A7","lineRef":"tram","lab":1},"geometry":{"type":"Point","coordinates":[4.85772,52.37736]}},{"type":"Feature","properties":{"id":"stn-121","kind":"stop","name":"Jan van Galenstraat","color":"#4E79A7","lineRef":"tram","lab":1},"geometry":{"type":"Point","coordinates":[4.85847,52.37513]}},{"type":"Feature","properties":{"id":"stn-123","kind":"stop","name":"Admiraal De Ruijterweg","color":"#4E79A7","lineRef":"tram","lab":1},"geometry":{"type":"Point","coordinates":[4.86001,52.3715]}},{"type":"Feature","properties":{"id":"stn-124","kind":"stop","name":"Willem de Zwijgerlaan","color":"#4E79A7","lineRef":"tram","lab":1},"geometry":{"type":"Point","coordinates":[4.86363,52.37069]}},{"type":"Feature","properties":{"id":"stn-125","kind":"stop","name":"C. van Eesterenlaan","color":"#4E79A7","lineRef":"tram","lab":1},"geometry":{"type":"Point","coordinates":[4.93885,52.37357]}},{"type":"Feature","properties":{"id":"stn-127","kind":"stop","name":"Korte 's-Gravesandestraat","color":"#4E79A7","lineRef":"tram","lab":1},"geometry":{"type":"Point","coordinates":[4.91359,52.36235]}},{"type":"Feature","properties":{"id":"stn-128","kind":"stop","name":"Vijzelgracht","color":"#4E79A7","lineRef":"tram","lab":1},"geometry":{"type":"Point","coordinates":[4.8921,52.35951]}},{"type":"Feature","properties":{"id":"stn-129","kind":"stop","name":"Marnixplein","color":"#4E79A7","lineRef":"tram","lab":1},"geometry":{"type":"Point","coordinates":[4.87842,52.37737]}},{"type":"Feature","properties":{"id":"stn-130","kind":"stop","name":"De Wittenkade","color":"#4E79A7","lineRef":"tram","lab":1},"geometry":{"type":"Point","coordinates":[4.87702,52.38322]}},{"type":"Feature","properties":{"id":"stn-131","kind":"stop","name":"Van Hallstraat","color":"#4E79A7","lineRef":"tram","lab":1},"geometry":{"type":"Point","coordinates":[4.86985,52.38426]}},{"type":"Feature","properties":{"id":"stn-132","kind":"stop","name":"Arent Krijtsstraat","color":"#4E79A7","lineRef":"tram","lab":1},"geometry":{"type":"Point","coordinates":[4.95558,52.33938]}},{"type":"Feature","properties":{"id":"stn-133","kind":"stop","name":"Hugo de Vrieslaan","color":"#4E79A7","lineRef":"tram","lab":1},"geometry":{"type":"Point","coordinates":[4.93541,52.35072]}},{"type":"Feature","properties":{"id":"stn-134","kind":"stop","name":"Hogeweg","color":"#4E79A7","lineRef":"tram","lab":1},"geometry":{"type":"Point","coordinates":[4.93087,52.35357]}},{"type":"Feature","properties":{"id":"stn-135","kind":"stop","name":"Oostpoort","color":"#4E79A7","lineRef":"tram","lab":1},"geometry":{"type":"Point","coordinates":[4.92723,52.35701]}},{"type":"Feature","properties":{"id":"stn-136","kind":"stop","name":"Artis","color":"#4E79A7","lineRef":"tram","lab":1},"geometry":{"type":"Point","coordinates":[4.91096,52.36672]}},{"type":"Feature","properties":{"id":"stn-137","kind":"stop","name":"Insulindeweg","color":"#4E79A7","lineRef":"tram","lab":1},"geometry":{"type":"Point","coordinates":[4.94763,52.36476]}},{"type":"Feature","properties":{"id":"stn-138","kind":"stop","name":"Soembawastraat","color":"#4E79A7","lineRef":"tram","lab":1},"geometry":{"type":"Point","coordinates":[4.9441,52.36227]}},{"type":"Feature","properties":{"id":"stn-139","kind":"stop","name":"Molukkenstraat","color":"#4E79A7","lineRef":"tram","lab":1},"geometry":{"type":"Point","coordinates":[4.94018,52.36173]}},{"type":"Feature","properties":{"id":"stn-140","kind":"stop","name":"Beukenweg","color":"#4E79A7","lineRef":"tram","lab":1},"geometry":{"type":"Point","coordinates":[4.91674,52.35907]}},{"type":"Feature","properties":{"id":"stn-142","kind":"stop","name":"Nieuwe Willemsstraat","color":"#4E79A7","lineRef":"tram","lab":1},"geometry":{"type":"Point","coordinates":[4.88096,52.38139]}},{"type":"Feature","properties":{"id":"stn-143","kind":"stop","name":"Matterhorn","color":"#4E79A7","lineRef":"tram","lab":1},"geometry":{"type":"Point","coordinates":[4.77476,52.35373]}},{"type":"Feature","properties":{"id":"stn-144","kind":"stop","name":"Pilatus","color":"#4E79A7","lineRef":"tram","lab":1},"geometry":{"type":"Point","coordinates":[4.7771,52.35283]}},{"type":"Feature","properties":{"id":"stn-145","kind":"stop","name":"Inaristraat","color":"#4E79A7","lineRef":"tram","lab":1},"geometry":{"type":"Point","coordinates":[4.78366,52.3502]}},{"type":"Feature","properties":{"id":"stn-146","kind":"stop","name":"Ecuplein","color":"#4E79A7","lineRef":"tram","lab":1},"geometry":{"type":"Point","coordinates":[4.78887,52.34981]}},{"type":"Feature","properties":{"id":"stn-147","kind":"stop","name":"Baden Powellweg","color":"#4E79A7","lineRef":"tram","lab":1},"geometry":{"type":"Point","coordinates":[4.79511,52.35104]}},{"type":"Feature","properties":{"id":"stn-148","kind":"stop","name":"Hoekenes","color":"#4E79A7","lineRef":"tram","lab":1},"geometry":{"type":"Point","coordinates":[4.80252,52.35254]}},{"type":"Feature","properties":{"id":"stn-149","kind":"stop","name":"Louis Davidsstraat","color":"#4E79A7","lineRef":"tram","lab":1},"geometry":{"type":"Point","coordinates":[4.80909,52.35393]}},{"type":"Feature","properties":{"id":"stn-152","kind":"stop","name":"Corantijnstraat","color":"#4E79A7","lineRef":"tram","lab":1},"geometry":{"type":"Point","coordinates":[4.8533,52.36173]}},{"type":"Feature","properties":{"id":"stn-153","kind":"stop","name":"Witte de Withstraat","color":"#4E79A7","lineRef":"tram","lab":1},"geometry":{"type":"Point","coordinates":[4.85918,52.3648]}},{"type":"Feature","properties":{"id":"stn-154","kind":"stop","name":"Nicolaas Beetsstraat","color":"#4E79A7","lineRef":"tram","lab":1},"geometry":{"type":"Point","coordinates":[4.86536,52.36541]}},{"type":"Feature","properties":{"id":"stn-157","kind":"stop","name":"Rhijnvis Feithstraat","color":"#4E79A7","lineRef":"tram","lab":1},"geometry":{"type":"Point","coordinates":[4.86035,52.35905]}},{"type":"Feature","properties":{"id":"stn-160","kind":"stop","name":"Doctor H. Colijnstraat","color":"#4E79A7","lineRef":"tram","lab":1},"geometry":{"type":"Point","coordinates":[4.80719,52.37685]}},{"type":"Feature","properties":{"id":"stn-161","kind":"stop","name":"Burgemeester Van Leeuwenlaan","color":"#4E79A7","lineRef":"tram","lab":1},"geometry":{"type":"Point","coordinates":[4.81196,52.37638]}},{"type":"Feature","properties":{"id":"stn-162","kind":"stop","name":"Slotermeerlaan","color":"#4E79A7","lineRef":"tram","lab":1},"geometry":{"type":"Point","coordinates":[4.8176,52.37586]}},{"type":"Feature","properties":{"id":"stn-163","kind":"stop","name":"Burgemeester Rendorpstraat","color":"#4E79A7","lineRef":"tram","lab":1},"geometry":{"type":"Point","coordinates":[4.8277,52.37436]}},{"type":"Feature","properties":{"id":"stn-166","kind":"stop","name":"Jan Tooropstraat","color":"#4E79A7","lineRef":"tram","lab":1},"geometry":{"type":"Point","coordinates":[4.83813,52.37163]}},{"type":"Feature","properties":{"id":"stn-167","kind":"stop","name":"Jan Voermanstraat","color":"#4E79A7","lineRef":"tram","lab":1},"geometry":{"type":"Point","coordinates":[4.83846,52.3696]}},{"type":"Feature","properties":{"id":"stn-168","kind":"stop","name":"Mercatorplein","color":"#4E79A7","lineRef":"tram","lab":1},"geometry":{"type":"Point","coordinates":[4.8508,52.37015]}},{"type":"Feature","properties":{"id":"stn-169","kind":"stop","name":"Marco Polostraat","color":"#4E79A7","lineRef":"tram","lab":1},"geometry":{"type":"Point","coordinates":[4.85549,52.37096]}},{"type":"Feature","properties":{"id":"stn-170","kind":"stop","name":"Burgemeester Roëllstraat","color":"#4E79A7","lineRef":"tram","lab":1},"geometry":{"type":"Point","coordinates":[4.81854,52.37458]}},{"type":"Feature","properties":{"id":"stn-175","kind":"stop","name":"Tweede Van der Helststraat","color":"#4E79A7","lineRef":"tram","lab":1},"geometry":{"type":"Point","coordinates":[4.89493,52.35333]}},{"type":"Feature","properties":{"id":"stn-177","kind":"stop","name":"Amstelveenseweg","color":"#4E79A7","lineRef":"tram","lab":1},"geometry":{"type":"Point","coordinates":[4.8573,52.33823]}},{"type":"Feature","properties":{"id":"stn-178","kind":"stop","name":"IJsbaanpad","color":"#4E79A7","lineRef":"tram","lab":1},"geometry":{"type":"Point","coordinates":[4.85775,52.34161]}},{"type":"Feature","properties":{"id":"stn-180","kind":"stop","name":"Olympisch Stadion","color":"#4E79A7","lineRef":"tram","lab":1},"geometry":{"type":"Point","coordinates":[4.85684,52.34402]}},{"type":"Feature","properties":{"id":"stn-181","kind":"stop","name":"Elandsgracht","color":"#4E79A7","lineRef":"tram","lab":1},"geometry":{"type":"Point","coordinates":[4.87754,52.36952]}},{"type":"Feature","properties":{"id":"stn-182","kind":"stop","name":"Kruislaan","color":"#4E79A7","lineRef":"tram","lab":1},"geometry":{"type":"Point","coordinates":[4.93989,52.34793]}},{"type":"Feature","properties":{"id":"stn-183","kind":"stop","name":"Bos en Lommerplein","color":"#4E79A7","lineRef":"tram","lab":1},"geometry":{"type":"Point","coordinates":[4.84642,52.37719]}},{"type":"Feature","properties":{"id":"stn-184","kind":"stop","name":"Johan Huizingalaan","color":"#4E79A7","lineRef":"tram","lab":1},"geometry":{"type":"Point","coordinates":[4.8275,52.3491]}},{"type":"Feature","properties":{"id":"stn-187","kind":"stop","name":"Burgemeester Fockstraat","color":"#4E79A7","lineRef":"tram","lab":1},"geometry":{"type":"Point","coordinates":[4.83128,52.37989]}},{"type":"Feature","properties":{"id":"stn-188","kind":"stop","name":"Burgemeester de Vlugtlaan","color":"#4E79A7","lineRef":"tram","lab":1},"geometry":{"type":"Point","coordinates":[4.83829,52.37876]}},{"type":"Feature","properties":{"id":"stn-189","kind":"stop","name":"Plein '40-'45","color":"#4E79A7","lineRef":"tram","lab":1},"geometry":{"type":"Point","coordinates":[4.82116,52.38084]}},{"type":"Feature","properties":{"id":"stn-191","kind":"stop","name":"Rozengracht","color":"#4E79A7","lineRef":"tram","lab":1},"geometry":{"type":"Point","coordinates":[4.8759,52.37265]}},{"type":"Feature","properties":{"id":"stn-192","kind":"stop","name":"Marnixstraat","color":"#4E79A7","lineRef":"tram","lab":1},"geometry":{"type":"Point","coordinates":[4.87634,52.37234]}},{"type":"Feature","properties":{"id":"stn-195","kind":"stop","name":"Burgemeester Eliasstraat","color":"#4E79A7","lineRef":"tram","lab":1},"geometry":{"type":"Point","coordinates":[4.82581,52.38075]}},{"type":"Feature","properties":{"id":"stn-199","kind":"stop","name":"VUmc Hoofdingang","color":"#4E79A7","lineRef":"tram","lab":1},"geometry":{"type":"Point","coordinates":[4.86006,52.3352]}},{"type":"Feature","properties":{"id":"stn-204","kind":"stop","name":"Zeilstraat","color":"#4E79A7","lineRef":"tram","lab":1},"geometry":{"type":"Point","coordinates":[4.85673,52.35124]}},{"type":"Feature","properties":{"id":"stn-208","kind":"stop","name":"Nieuwezijds Kolk","color":"#4E79A7","lineRef":"tram","lab":1},"geometry":{"type":"Point","coordinates":[4.89468,52.37683]}},{"type":"Feature","properties":{"id":"stn-211","kind":"stop","name":"Kattenburgerstraat","color":"#4E79A7","lineRef":"tram","lab":1},"geometry":{"type":"Point","coordinates":[4.92206,52.37607]}},{"type":"Feature","properties":{"id":"stn-212","kind":"stop","name":"Zuiderzeeweg","color":"#4E79A7","lineRef":"tram","lab":1},"geometry":{"type":"Point","coordinates":[4.9617,52.372]}},{"type":"Feature","properties":{"id":"stn-216","kind":"stop","name":"Victorieplein","color":"#4E79A7","lineRef":"tram","lab":1},"geometry":{"type":"Point","coordinates":[4.90567,52.34637]}},{"type":"Feature","properties":{"id":"stn-218","kind":"stop","name":"1e C. Huygensstraat","color":"#4E79A7","lineRef":"tram","lab":1},"geometry":{"type":"Point","coordinates":[4.87471,52.36262]}},{"type":"Feature","properties":{"id":"stn-219","kind":"stop","name":"Camperstraat","color":"#4E79A7","lineRef":"tram","lab":1},"geometry":{"type":"Point","coordinates":[4.91348,52.35833]}},{"type":"Feature","properties":{"id":"stn-221","kind":"stop","name":"De Boelelaan/VU","color":"#4E79A7","lineRef":"tram","lab":1},"geometry":{"type":"Point","coordinates":[4.86598,52.33523]}},{"type":"Feature","properties":{"id":"stn-222","kind":"stop","name":"De Clercqstraat","color":"#4E79A7","lineRef":"tram","lab":1},"geometry":{"type":"Point","coordinates":[4.87055,52.37125]}},{"type":"Feature","properties":{"id":"stn-223","kind":"stop","name":"Sloterpark","color":"#4E79A7","lineRef":"tram","lab":1},"geometry":{"type":"Point","coordinates":[4.81861,52.37287]}},{"type":"Feature","properties":{"id":"stn-224","kind":"stop","name":"Amstelkade","color":"#4E79A7","lineRef":"tram","lab":1},"geometry":{"type":"Point","coordinates":[4.90404,52.34941]}},{"type":"Feature","properties":{"id":"stn-226","kind":"stop","name":"Leidseplein","color":"#4E79A7","lineRef":"tram","lab":1},"geometry":{"type":"Point","coordinates":[4.88306,52.36345]}},{"type":"Feature","properties":{"id":"stn-227","kind":"stop","name":"Jan Pieter Heijestraat","color":"#4E79A7","lineRef":"tram","lab":1},"geometry":{"type":"Point","coordinates":[4.86662,52.36053]}},{"type":"Feature","properties":{"id":"stn-228","kind":"stop","name":"Delflandlaan","color":"#4E79A7","lineRef":"tram","lab":1},"geometry":{"type":"Point","coordinates":[4.84164,52.35154]}},{"type":"Feature","properties":{"id":"stn-236","kind":"stop","name":"A. J. Ernststraat","color":"#4E79A7","lineRef":"tram","lab":1},"geometry":{"type":"Point","coordinates":[4.86887,52.33259]}},{"type":"Feature","properties":{"id":"stn-239","kind":"stop","name":"Sacharovlaan","color":"#4E79A7","lineRef":"tram","lab":1},"geometry":{"type":"Point","coordinates":[4.83232,52.28219]}},{"type":"Feature","properties":{"id":"stn-240","kind":"stop","name":"Dijkgraafplein","color":"#4E79A7","lineRef":"tram","lab":1},"geometry":{"type":"Point","coordinates":[4.78702,52.35558]}},{"type":"Feature","properties":{"id":"stn-242","kind":"stop","name":"Valeriusplein","color":"#4E79A7","lineRef":"tram","lab":1},"geometry":{"type":"Point","coordinates":[4.86335,52.35318]}},{"type":"Feature","properties":{"id":"stn-247","kind":"stop","name":"Station Sloterdijk","color":"#4E79A7","lineRef":"tram","lab":1},"geometry":{"type":"Point","coordinates":[4.83922,52.38797]}},{"type":"Feature","properties":{"id":"stn-250","kind":"stop","name":"Bloemgracht","color":"#4E79A7","lineRef":"tram","lab":1},"geometry":{"type":"Point","coordinates":[4.87638,52.37428]}},{"type":"Feature","properties":{"id":"stn-251","kind":"stop","name":"Kinkerstraat","color":"#4E79A7","lineRef":"tram","lab":1},"geometry":{"type":"Point","coordinates":[4.8723,52.36708]}},{"type":"Feature","properties":{"id":"stn-256","kind":"stop","name":"Rokin","color":"#4E79A7","lineRef":"tram","lab":1},"geometry":{"type":"Point","coordinates":[4.89213,52.36946]}},{"type":"Feature","properties":{"id":"stn-258","kind":"stop","name":"Rembrandtplein","color":"#4E79A7","lineRef":"tram","lab":1},"geometry":{"type":"Point","coordinates":[4.89642,52.36626]}},{"type":"Feature","properties":{"id":"stn-263","kind":"stop","name":"Ceintuurbaan","color":"#4E79A7","lineRef":"tram","lab":1},"geometry":{"type":"Point","coordinates":[4.90107,52.35503]}},{"type":"Feature","properties":{"id":"stn-264","kind":"stop","name":"Lutmastraat","color":"#4E79A7","lineRef":"tram","lab":1},"geometry":{"type":"Point","coordinates":[4.90332,52.35145]}},{"type":"Feature","properties":{"id":"stn-267","kind":"stop","name":"Plantage Lepellaan","color":"#4E79A7","lineRef":"tram","lab":1},"geometry":{"type":"Point","coordinates":[4.91553,52.3651]}},{"type":"Feature","properties":{"id":"stn-278","kind":"stop","name":"Koningsplein","color":"#4E79A7","lineRef":"tram","lab":1},"geometry":{"type":"Point","coordinates":[4.88899,52.36804]}},{"type":"Feature","properties":{"id":"stn-279","kind":"stop","name":"Bob Haarmslaan","color":"#4E79A7","lineRef":"tram","lab":1},"geometry":{"type":"Point","coordinates":[4.96887,52.36896]}},{"type":"Feature","properties":{"id":"stn-280","kind":"stop","name":"Diemerparklaan","color":"#4E79A7","lineRef":"tram","lab":1},"geometry":{"type":"Point","coordinates":[4.99462,52.35552]}},{"type":"Feature","properties":{"id":"stn-283","kind":"stop","name":"Lumièrestraat","color":"#4E79A7","lineRef":"tram","lab":1},"geometry":{"type":"Point","coordinates":[5.00023,52.3526]}},{"type":"Feature","properties":{"id":"stn-286","kind":"stop","name":"Molenwerf","color":"#4E79A7","lineRef":"tram","lab":1},"geometry":{"type":"Point","coordinates":[4.84608,52.38589]}},{"type":"Feature","properties":{"id":"stn-287","kind":"stop","name":"Javaplein","color":"#4E79A7","lineRef":"tram","lab":1},"geometry":{"type":"Point","coordinates":[4.93857,52.36405]}},{"type":"Feature","properties":{"id":"stn-290","kind":"stop","name":"Steigereiland","color":"#4E79A7","lineRef":"tram","lab":1},"geometry":{"type":"Point","coordinates":[4.98101,52.36271]}},{"type":"Feature","properties":{"id":"stn-292","kind":"stop","name":"Paleisstraat","color":"#4E79A7","lineRef":"tram","lab":1},"geometry":{"type":"Point","coordinates":[4.89065,52.37236]}},{"type":"Feature","properties":{"id":"stn-296","kind":"node","name":"Rokin","color":"#00ADEF","lineRef":"metro","lab":1},"geometry":{"type":"Point","coordinates":[4.89256,52.37054]}},{"type":"Feature","properties":{"id":"stn-301","kind":"stop","name":"Drentepark","color":"#4E79A7","lineRef":"tram","lab":1},"geometry":{"type":"Point","coordinates":[4.8898,52.33622]}},{"type":"Feature","properties":{"id":"stn-307","kind":"stop","name":"De Pijp","color":"#4E79A7","lineRef":"tram","lab":1},"geometry":{"type":"Point","coordinates":[4.8906,52.35271]}},{"type":"Feature","properties":{"id":"stn-308","kind":"stop","name":"Overtoom","color":"#4E79A7","lineRef":"tram","lab":1},"geometry":{"type":"Point","coordinates":[4.87509,52.36301]}},{"type":"Feature","properties":{"id":"stn-311","kind":"stop","name":"Van Baerlestraat","color":"#4E79A7","lineRef":"tram","lab":1},"geometry":{"type":"Point","coordinates":[4.87832,52.35845]}},{"type":"Feature","properties":{"id":"stn-314","kind":"stop","name":"Vennepluimstraat","color":"#4E79A7","lineRef":"tram","lab":1},"geometry":{"type":"Point","coordinates":[4.9905,52.3577]}},{"type":"Feature","properties":{"id":"stn-327","kind":"stop","name":"Curaçaostraat","color":"#4E79A7","lineRef":"tram","lab":1},"geometry":{"type":"Point","coordinates":[4.8507,52.35862]}},{"type":"Feature","properties":{"id":"stn-336","kind":"stop","name":"Stadionweg","color":"#4E79A7","lineRef":"tram","lab":1},"geometry":{"type":"Point","coordinates":[4.87686,52.34667]}},{"type":"Feature","properties":{"id":"stn-370","kind":"stop","name":"Erasmusgracht","color":"#4E79A7","lineRef":"tram","lab":1},"geometry":{"type":"Point","coordinates":[4.84697,52.37633]}},{"type":"Feature","properties":{"id":"stn-371","kind":"stop","name":"W. Schoutenstraat","color":"#4E79A7","lineRef":"tram","lab":1},"geometry":{"type":"Point","coordinates":[4.8526,52.367]}},{"type":"Feature","properties":{"id":"stn-379","kind":"node","name":"Amsterdam Sloterdijk","color":"#29AB4D","lineRef":"metro","lab":1},"geometry":{"type":"Point","coordinates":[4.83811,52.38903]}},{"type":"Feature","properties":{"id":"stn-380","kind":"node","name":"Amsterdam Bijlmer ArenA","color":"#E8B800","lineRef":"metro","lab":1},"geometry":{"type":"Point","coordinates":[4.94709,52.31224]}},{"type":"Feature","properties":{"id":"stn-383","kind":"node","name":"Noord","color":"#00ADEF","lineRef":"metro","lab":1},"geometry":{"type":"Point","coordinates":[4.93259,52.40206]}},{"type":"Feature","properties":{"id":"stn-385","kind":"node","name":"Noorderpark","color":"#00ADEF","lineRef":"metro","lab":1},"geometry":{"type":"Point","coordinates":[4.91829,52.38859]}},{"type":"Feature","properties":{"id":"stn-387","kind":"node","name":"Amstelstation","color":"#F69931","lineRef":"metro","lab":1},"geometry":{"type":"Point","coordinates":[4.91741,52.34664]}},{"type":"Feature","properties":{"id":"stn-389","kind":"node","name":"Amsterdam Amstel","color":"#E8B800","lineRef":"metro","lab":1},"geometry":{"type":"Point","coordinates":[4.91756,52.34647]}},{"type":"Feature","properties":{"id":"stn-391","kind":"node","name":"Reigersbos","color":"#29AB4D","lineRef":"metro","lab":1},"geometry":{"type":"Point","coordinates":[4.97442,52.29565]}},{"type":"Feature","properties":{"id":"stn-396","kind":"node","name":"Duivendrecht","color":"#E8B800","lineRef":"metro","lab":1},"geometry":{"type":"Point","coordinates":[4.93653,52.32358]}},{"type":"Feature","properties":{"id":"stn-397","kind":"node","name":"Amsterdam RAI","color":"#F69931","lineRef":"metro","lab":1},"geometry":{"type":"Point","coordinates":[4.89023,52.33703]}},{"type":"Feature","properties":{"id":"stn-402","kind":"node","name":"Station Diemen Zuid","color":"#FF0000","lineRef":"metro","lab":1},"geometry":{"type":"Point","coordinates":[4.95677,52.33031]}},{"type":"Feature","properties":{"id":"stn-410","kind":"node","name":"Spaklerweg","color":"#F69931","lineRef":"metro","lab":1},"geometry":{"type":"Point","coordinates":[4.92061,52.34019]}},{"type":"Feature","properties":{"id":"stn-422","kind":"node","name":"Nieuwmarkt","color":"#F69931","lineRef":"metro","lab":1},"geometry":{"type":"Point","coordinates":[4.90088,52.37132]}},{"type":"Feature","properties":{"id":"stn-425","kind":"stop","name":"Amsterdam Lelylaan","color":"#4E79A7","lineRef":"tram","lab":1},"geometry":{"type":"Point","coordinates":[4.83403,52.35784]}},{"type":"Feature","properties":{"id":"stn-426","kind":"node","name":"Lelylaan","color":"#29AB4D","lineRef":"metro","lab":1},"geometry":{"type":"Point","coordinates":[4.83425,52.35806]}},{"type":"Feature","properties":{"id":"stn-437","kind":"stop","name":"Onderuit","color":"#4E79A7","lineRef":"tram","lab":1},"geometry":{"type":"Point","coordinates":[4.87244,52.30821]}},{"type":"Feature","properties":{"id":"stn-439","kind":"stop","name":"Zonnestein","color":"#4E79A7","lineRef":"tram","lab":1},"geometry":{"type":"Point","coordinates":[4.87237,52.31183]}},{"type":"Feature","properties":{"id":"stn-443","kind":"node","name":"Holendrecht","color":"#29AB4D","lineRef":"metro","lab":1},"geometry":{"type":"Point","coordinates":[4.95996,52.29809]}},{"type":"Feature","properties":{"id":"stn-446","kind":"node","name":"Amsterdam Centraal","color":"#00ADEF","lineRef":"metro","lab":1},"geometry":{"type":"Point","coordinates":[4.90058,52.3789]}},{"type":"Feature","properties":{"id":"stn-450","kind":"node","name":"Marie Heinekenplein","color":"#00ADEF","lineRef":"metro","lab":1},"geometry":{"type":"Point","coordinates":[4.8907,52.357]}},{"type":"Feature","properties":{"id":"stn-451","kind":"node","name":"Muntplein","color":"#00ADEF","lineRef":"metro","lab":1},"geometry":{"type":"Point","coordinates":[4.89313,52.36627]}},{"type":"Feature","properties":{"id":"stn-455","kind":"node","name":"Station RAI","color":"#29AB4D","lineRef":"metro","lab":1},"geometry":{"type":"Point","coordinates":[4.88954,52.33769]}},{"type":"Feature","properties":{"id":"stn-458","kind":"node","name":"Amsterdam Zuid","color":"#29AB4D","lineRef":"metro","lab":1},"geometry":{"type":"Point","coordinates":[4.87319,52.33881]}},{"type":"Feature","properties":{"id":"stn-462","kind":"node","name":"Europaplein","color":"#00ADEF","lineRef":"metro","lab":1},"geometry":{"type":"Point","coordinates":[4.89143,52.34192]}},{"type":"Feature","properties":{"id":"stn-467","kind":"stop","name":"Sniep","color":"#4E79A7","lineRef":"tram","lab":1},"geometry":{"type":"Point","coordinates":[4.96972,52.33643]}},{"type":"Feature","properties":{"id":"stn-468","kind":"stop","name":"Amstelstation","color":"#4E79A7","lineRef":"tram","lab":1},"geometry":{"type":"Point","coordinates":[4.91789,52.34745]}},{"type":"Feature","properties":{"id":"stn-470","kind":"node","name":"De Pijp","color":"#00ADEF","lineRef":"metro","lab":1},"geometry":{"type":"Point","coordinates":[4.89069,52.35398]}},{"type":"Feature","properties":{"id":"stn-471","kind":"node","name":"Vijzelgracht","color":"#00ADEF","lineRef":"metro","lab":1},"geometry":{"type":"Point","coordinates":[4.89116,52.36082]}},{"type":"Feature","properties":{"id":"stn-480","kind":"stop","name":"Diemerbrug","color":"#4E79A7","lineRef":"tram","lab":1},"geometry":{"type":"Point","coordinates":[4.9613,52.33824]}},{"type":"Feature","properties":{"id":"stn-482","kind":"stop","name":"Sportlaan","color":"#4E79A7","lineRef":"tram","lab":1},"geometry":{"type":"Point","coordinates":[4.8633,52.28978]}},{"type":"Feature","properties":{"id":"stn-484","kind":"stop","name":"Kronenburg","color":"#4E79A7","lineRef":"tram","lab":1},"geometry":{"type":"Point","coordinates":[4.87067,52.3159]}},{"type":"Feature","properties":{"id":"stn-497","kind":"stop","name":"Hoofdweg","color":"#4E79A7","lineRef":"tram","lab":1},"geometry":{"type":"Point","coordinates":[4.85398,52.36425]}},{"type":"Feature","properties":{"id":"stn-500","kind":"node","name":"Waterlooplein","color":"#FF0000","lineRef":"metro","lab":1},"geometry":{"type":"Point","coordinates":[4.90361,52.36663]}},{"type":"Feature","properties":{"id":"stn-503","kind":"node","name":"Weesperplein","color":"#F69931","lineRef":"metro","lab":1},"geometry":{"type":"Point","coordinates":[4.90792,52.36133]}},{"type":"Feature","properties":{"id":"stn-513","kind":"stop","name":"v. Hilligaertstraat","color":"#4E79A7","lineRef":"tram","lab":1},"geometry":{"type":"Point","coordinates":[4.89144,52.34931]}},{"type":"Feature","properties":{"id":"stn-525","kind":"stop","name":"Roetersstraat","color":"#4E79A7","lineRef":"tram","lab":1},"geometry":{"type":"Point","coordinates":[4.911,52.36257]}},{"type":"Feature","properties":{"id":"stn-527","kind":"stop","name":"Plantage Parklaan","color":"#4E79A7","lineRef":"tram","lab":1},"geometry":{"type":"Point","coordinates":[4.90946,52.36754]}},{"type":"Feature","properties":{"id":"stn-528","kind":"stop","name":"Artis/Holocaustmuseum","color":"#4E79A7","lineRef":"tram","lab":1},"geometry":{"type":"Point","coordinates":[4.91244,52.36715]}},{"type":"Feature","properties":{"id":"stn-530","kind":"stop","name":"Czaar Peterstraat","color":"#4E79A7","lineRef":"tram","lab":1},"geometry":{"type":"Point","coordinates":[4.92778,52.36905]}}]}