{"type":"FeatureCollection","features":[{"type":"Feature","properties":{"id":"ih-eczane-0","kind":"poi","name":"MediosApotheke Hackescher Markt","theme":"eczane","lab":1},"geometry":{"type":"Point","coordinates":[13.40324,52.52459]}},{"type":"Feature","properties":{"id":"ih-eczane-1","kind":"poi","name":"Markt Apotheke","theme":"eczane","lab":1},"geometry":{"type":"Point","coordinates":[13.2612,52.30138]}},{"type":"Feature","properties":{"id":"ih-eczane-2","kind":"poi","name":"Fontane-Apotheke","theme":"eczane","lab":1},"geometry":{"type":"Point","coordinates":[13.32492,52.50158]}},{"type":"Feature","properties":{"id":"ih-eczane-3","kind":"poi","name":"Brunnen-Apotheke","theme":"eczane","lab":1},"geometry":{"type":"Point","coordinates":[13.10072,52.38922]}},{"type":"Feature","properties":{"id":"ih-eczane-4","kind":"poi","name":"Nordland Apotheke","theme":"eczane","lab":1},"geometry":{"type":"Point","coordinates":[13.38412,52.5307]}},{"type":"Feature","properties":{"id":"ih-eczane-5","kind":"poi","name":"Bezirksapotheke am Roten Rathaus","theme":"eczane","lab":1},"geometry":{"type":"Point","coordinates":[13.41089,52.51978]}},{"type":"Feature","properties":{"id":"ih-eczane-6","kind":"poi","name":"Fischerinsel-Apotheke","theme":"eczane","lab":1},"geometry":{"type":"Point","coordinates":[13.40535,52.51338]}},{"type":"Feature","properties":{"id":"ih-eczane-7","kind":"poi","name":"Apotheke Schönow","theme":"eczane","lab":1},"geometry":{"type":"Point","coordinates":[13.53718,52.67641]}},{"type":"Feature","properties":{"id":"ih-eczane-8","kind":"poi","name":"Skarabäus-Apotheke","theme":"eczane","lab":1},"geometry":{"type":"Point","coordinates":[13.55581,52.52047]}},{"type":"Feature","properties":{"id":"ih-eczane-9","kind":"poi","name":"Apotheke Neu-Zittau","theme":"eczane","lab":1},"geometry":{"type":"Point","coordinates":[13.74058,52.38884]}},{"type":"Feature","properties":{"id":"ih-eczane-10","kind":"poi","name":"Wildenbruch Apotheke","theme":"eczane","lab":1},"geometry":{"type":"Point","coordinates":[13.44015,52.48189]}},{"type":"Feature","properties":{"id":"ih-eczane-11","kind":"poi","name":"Grüne Apotheke","theme":"eczane","lab":1},"geometry":{"type":"Point","coordinates":[13.45673,52.49071]}},{"type":"Feature","properties":{"id":"ih-eczane-12","kind":"poi","name":"Georginen-Apotheke","theme":"eczane","lab":1},"geometry":{"type":"Point","coordinates":[13.61218,52.51115]}},{"type":"Feature","properties":{"id":"ih-eczane-13","kind":"poi","name":"Neue Medikus Apotheke","theme":"eczane","lab":1},"geometry":{"type":"Point","coordinates":[13.59204,52.50714]}},{"type":"Feature","properties":{"id":"ih-eczane-14","kind":"poi","name":"Giebelsee-Apotheke","theme":"eczane","lab":1},"geometry":{"type":"Point","coordinates":[13.78891,52.52683]}},{"type":"Feature","properties":{"id":"ih-eczane-15","kind":"poi","name":"Rats-Apotheke","theme":"eczane","lab":1},"geometry":{"type":"Point","coordinates":[13.77264,52.52402]}},{"type":"Feature","properties":{"id":"ih-eczane-16","kind":"poi","name":"Rosegger-Apotheke","theme":"eczane","lab":1},"geometry":{"type":"Point","coordinates":[13.44518,52.47895]}},{"type":"Feature","properties":{"id":"ih-eczane-17","kind":"poi","name":"Apotheke am Markt","theme":"eczane","lab":1},"geometry":{"type":"Point","coordinates":[13.23483,52.60757]}},{"type":"Feature","properties":{"id":"ih-eczane-18","kind":"poi","name":"Apotheke am Engelbecken","theme":"eczane","lab":1},"geometry":{"type":"Point","coordinates":[13.4141,52.50758]}},{"type":"Feature","properties":{"id":"ih-eczane-19","kind":"poi","name":"Kastanien Apotheke","theme":"eczane","lab":1},"geometry":{"type":"Point","coordinates":[13.75364,52.45047]}},{"type":"Feature","properties":{"id":"ih-eczane-20","kind":"poi","name":"Die Dorotheen Apotheke","theme":"eczane","lab":1},"geometry":{"type":"Point","coordinates":[13.2166,52.42714]}},{"type":"Feature","properties":{"id":"ih-eczane-21","kind":"poi","name":"Kolberger Apotheke","theme":"eczane","lab":1},"geometry":{"type":"Point","coordinates":[13.3736,52.54399]}},{"type":"Feature","properties":{"id":"ih-eczane-22","kind":"poi","name":"Hauptstadt Apotheke","theme":"eczane","lab":1},"geometry":{"type":"Point","coordinates":[13.19817,52.53209]}},{"type":"Feature","properties":{"id":"ih-eczane-23","kind":"poi","name":"Löwen-Apotheke","theme":"eczane","lab":1},"geometry":{"type":"Point","coordinates":[13.05755,52.40018]}},{"type":"Feature","properties":{"id":"ih-eczane-24","kind":"poi","name":"Adler-Apotheke","theme":"eczane","lab":1},"geometry":{"type":"Point","coordinates":[13.70012,52.47669]}},{"type":"Feature","properties":{"id":"ih-eczane-25","kind":"poi","name":"Spandauer Apotheke","theme":"eczane","lab":1},"geometry":{"type":"Point","coordinates":[13.20596,52.54291]}},{"type":"Feature","properties":{"id":"ih-eczane-26","kind":"poi","name":"Stern Apotheke","theme":"eczane","lab":1},"geometry":{"type":"Point","coordinates":[13.48864,52.46712]}},{"type":"Feature","properties":{"id":"ih-eczane-27","kind":"poi","name":"Alhorn-Apotheken \"Cecilie\"","theme":"eczane","lab":1},"geometry":{"type":"Point","coordinates":[13.05821,52.40463]}},{"type":"Feature","properties":{"id":"ih-eczane-28","kind":"poi","name":"Wilhelm-Apotheke","theme":"eczane","lab":1},"geometry":{"type":"Point","coordinates":[13.05798,52.39955]}},{"type":"Feature","properties":{"id":"ih-eczane-29","kind":"poi","name":"Linden-Apotheke","theme":"eczane","lab":1},"geometry":{"type":"Point","coordinates":[13.09129,52.39197]}},{"type":"Feature","properties":{"id":"ih-eczane-30","kind":"poi","name":"Tulpen-Apotheke","theme":"eczane","lab":1},"geometry":{"type":"Point","coordinates":[13.39975,52.41632]}},{"type":"Feature","properties":{"id":"ih-eczane-31","kind":"poi","name":"Atlas-Apotheke","theme":"eczane","lab":1},"geometry":{"type":"Point","coordinates":[13.18712,52.54739]}},{"type":"Feature","properties":{"id":"ih-eczane-32","kind":"poi","name":"Apotheke Babelsberg","theme":"eczane","lab":1},"geometry":{"type":"Point","coordinates":[13.10801,52.38565]}},{"type":"Feature","properties":{"id":"ih-eczane-33","kind":"poi","name":"Drei Eichen Apotheke","theme":"eczane","lab":1},"geometry":{"type":"Point","coordinates":[13.10411,52.39154]}},{"type":"Feature","properties":{"id":"ih-eczane-34","kind":"poi","name":"Pharmland-Apotheke","theme":"eczane","lab":1},"geometry":{"type":"Point","coordinates":[13.49697,52.4997]}},{"type":"Feature","properties":{"id":"ih-eczane-35","kind":"poi","name":"Helianthus-Apotheke","theme":"eczane","lab":1},"geometry":{"type":"Point","coordinates":[13.33085,52.46758]}},{"type":"Feature","properties":{"id":"ih-eczane-36","kind":"poi","name":"Burger Apotheke","theme":"eczane","lab":1},"geometry":{"type":"Point","coordinates":[13.328,52.46723]}},{"type":"Feature","properties":{"id":"ih-eczane-37","kind":"poi","name":"Pegasus Apotheke","theme":"eczane","lab":1},"geometry":{"type":"Point","coordinates":[13.07578,52.55934]}},{"type":"Feature","properties":{"id":"ih-eczane-38","kind":"poi","name":"Nowawes Apotheke","theme":"eczane","lab":1},"geometry":{"type":"Point","coordinates":[13.09026,52.39581]}},{"type":"Feature","properties":{"id":"ih-eczane-39","kind":"poi","name":"Ahorn Apotheke","theme":"eczane","lab":1},"geometry":{"type":"Point","coordinates":[13.34281,52.48019]}},{"type":"Feature","properties":{"id":"ih-eczane-40","kind":"poi","name":"Plantagen-Apotheke","theme":"eczane","lab":1},"geometry":{"type":"Point","coordinates":[13.10247,52.39485]}},{"type":"Feature","properties":{"id":"ih-eczane-41","kind":"poi","name":"Berliner Bär-Apotheke","theme":"eczane","lab":1},"geometry":{"type":"Point","coordinates":[13.51281,52.50579]}},{"type":"Feature","properties":{"id":"ih-eczane-42","kind":"poi","name":"Pankow-Apotheke","theme":"eczane","lab":1},"geometry":{"type":"Point","coordinates":[13.41551,52.56678]}},{"type":"Feature","properties":{"id":"ih-eczane-43","kind":"poi","name":"Albrecht-Apotheke Steglitz","theme":"eczane","lab":1},"geometry":{"type":"Point","coordinates":[13.31986,52.45653]}},{"type":"Feature","properties":{"id":"ih-eczane-44","kind":"poi","name":"Easy Apotheke","theme":"eczane","lab":1},"geometry":{"type":"Point","coordinates":[13.53627,52.43328]}},{"type":"Feature","properties":{"id":"ih-eczane-45","kind":"poi","name":"Aesculap Apotheke","theme":"eczane","lab":1},"geometry":{"type":"Point","coordinates":[13.53738,52.43175]}},{"type":"Feature","properties":{"id":"ih-eczane-46","kind":"poi","name":"Gertruden-Apotheke","theme":"eczane","lab":1},"geometry":{"type":"Point","coordinates":[13.32841,52.42858]}},{"type":"Feature","properties":{"id":"ih-eczane-47","kind":"poi","name":"Sonnen Apotheke","theme":"eczane","lab":1},"geometry":{"type":"Point","coordinates":[13.10324,52.34943]}},{"type":"Feature","properties":{"id":"ih-eczane-48","kind":"poi","name":"Cecilien-Apotheke","theme":"eczane","lab":1},"geometry":{"type":"Point","coordinates":[13.59171,52.52078]}},{"type":"Feature","properties":{"id":"ih-eczane-49","kind":"poi","name":"Apotheke am Strausberger Platz","theme":"eczane","lab":1},"geometry":{"type":"Point","coordinates":[13.42922,52.51778]}},{"type":"Feature","properties":{"id":"ih-eczane-50","kind":"poi","name":"Apotheke Carmer-7","theme":"eczane","lab":1},"geometry":{"type":"Point","coordinates":[13.32345,52.50689]}},{"type":"Feature","properties":{"id":"ih-eczane-51","kind":"poi","name":"Dorotheenstadt Apotheke","theme":"eczane","lab":1},"geometry":{"type":"Point","coordinates":[13.38796,52.51856]}},{"type":"Feature","properties":{"id":"ih-eczane-52","kind":"poi","name":"Ost-Apotheke","theme":"eczane","lab":1},"geometry":{"type":"Point","coordinates":[13.07719,52.39463]}},{"type":"Feature","properties":{"id":"ih-eczane-53","kind":"poi","name":"Pelikan-Apotheke","theme":"eczane","lab":1},"geometry":{"type":"Point","coordinates":[13.5859,52.68235]}},{"type":"Feature","properties":{"id":"ih-eczane-54","kind":"poi","name":"easyApotheke","theme":"eczane","lab":1},"geometry":{"type":"Point","coordinates":[13.29278,52.49772]}},{"type":"Feature","properties":{"id":"ih-eczane-55","kind":"poi","name":"Engel Apotheke","theme":"eczane","lab":1},"geometry":{"type":"Point","coordinates":[13.20695,52.56185]}},{"type":"Feature","properties":{"id":"ih-eczane-56","kind":"poi","name":"Polimedica-Apotheke","theme":"eczane","lab":1},"geometry":{"type":"Point","coordinates":[13.55826,52.50534]}},{"type":"Feature","properties":{"id":"ih-eczane-57","kind":"poi","name":"Phönix-Apotheke","theme":"eczane","lab":1},"geometry":{"type":"Point","coordinates":[13.57954,52.45928]}},{"type":"Feature","properties":{"id":"ih-eczane-58","kind":"poi","name":"Apotheke an der Oper","theme":"eczane","lab":1},"geometry":{"type":"Point","coordinates":[13.30832,52.51149]}},{"type":"Feature","properties":{"id":"ih-eczane-59","kind":"poi","name":"Minerva-Apotheke","theme":"eczane","lab":1},"geometry":{"type":"Point","coordinates":[13.30552,52.51117]}},{"type":"Feature","properties":{"id":"ih-eczane-60","kind":"poi","name":"Bong-Apotheke","theme":"eczane","lab":1},"geometry":{"type":"Point","coordinates":[13.30547,52.50962]}},{"type":"Feature","properties":{"id":"ih-eczane-61","kind":"poi","name":"Goethe Apotheke","theme":"eczane","lab":1},"geometry":{"type":"Point","coordinates":[13.30672,52.50903]}},{"type":"Feature","properties":{"id":"ih-eczane-62","kind":"poi","name":"Herz Apotheke","theme":"eczane","lab":1},"geometry":{"type":"Point","coordinates":[13.3828,52.55144]}},{"type":"Feature","properties":{"id":"ih-eczane-63","kind":"poi","name":"Aponeo","theme":"eczane","lab":1},"geometry":{"type":"Point","coordinates":[13.49677,52.51204]}},{"type":"Feature","properties":{"id":"ih-eczane-64","kind":"poi","name":"Central-Apotheke","theme":"eczane","lab":1},"geometry":{"type":"Point","coordinates":[13.31565,52.44142]}},{"type":"Feature","properties":{"id":"ih-eczane-65","kind":"poi","name":"Apotheke in Drewitz","theme":"eczane","lab":1},"geometry":{"type":"Point","coordinates":[13.14117,52.36944]}},{"type":"Feature","properties":{"id":"ih-eczane-66","kind":"poi","name":"Wilhelm Busch Apotheke","theme":"eczane","lab":1},"geometry":{"type":"Point","coordinates":[13.43849,52.47731]}},{"type":"Feature","properties":{"id":"ih-eczane-67","kind":"poi","name":"Hindenburg-Apotheke","theme":"eczane","lab":1},"geometry":{"type":"Point","coordinates":[13.44967,52.4741]}},{"type":"Feature","properties":{"id":"ih-eczane-68","kind":"poi","name":"Glasow-Apotheke","theme":"eczane","lab":1},"geometry":{"type":"Point","coordinates":[13.43364,52.46395]}},{"type":"Feature","properties":{"id":"ih-eczane-69","kind":"poi","name":"Palmen-Apotheke","theme":"eczane","lab":1},"geometry":{"type":"Point","coordinates":[13.44486,52.49972]}},{"type":"Feature","properties":{"id":"ih-eczane-70","kind":"poi","name":"Krumme Lanke Apotheke","theme":"eczane","lab":1},"geometry":{"type":"Point","coordinates":[13.24087,52.44215]}},{"type":"Feature","properties":{"id":"ih-eczane-71","kind":"poi","name":"Rusche-Apotheke","theme":"eczane","lab":1},"geometry":{"type":"Point","coordinates":[13.48536,52.51521]}},{"type":"Feature","properties":{"id":"ih-eczane-72","kind":"poi","name":"Sterndamm-Apotheke","theme":"eczane","lab":1},"geometry":{"type":"Point","coordinates":[13.50949,52.45256]}},{"type":"Feature","properties":{"id":"ih-eczane-73","kind":"poi","name":"Adler Apotheke","theme":"eczane","lab":1},"geometry":{"type":"Point","coordinates":[13.54322,52.43602]}},{"type":"Feature","properties":{"id":"ih-eczane-74","kind":"poi","name":"Zieten Apotheke","theme":"eczane","lab":1},"geometry":{"type":"Point","coordinates":[13.38479,52.49812]}},{"type":"Feature","properties":{"id":"ih-eczane-75","kind":"poi","name":"Paul-Lincke-Apotheke","theme":"eczane","lab":1},"geometry":{"type":"Point","coordinates":[13.41994,52.49666]}},{"type":"Feature","properties":{"id":"ih-eczane-76","kind":"poi","name":"Hohenzollern-Apotheke","theme":"eczane","lab":1},"geometry":{"type":"Point","coordinates":[13.19733,52.52411]}},{"type":"Feature","properties":{"id":"ih-eczane-77","kind":"poi","name":"Europa Apotheke","theme":"eczane","lab":1},"geometry":{"type":"Point","coordinates":[13.4407,52.5164]}},{"type":"Feature","properties":{"id":"ih-eczane-78","kind":"poi","name":"Stolpe-Apotheke","theme":"eczane","lab":1},"geometry":{"type":"Point","coordinates":[13.14565,52.41575]}},{"type":"Feature","properties":{"id":"ih-eczane-79","kind":"poi","name":"Albrecht-Apotheke","theme":"eczane","lab":1},"geometry":{"type":"Point","coordinates":[13.38514,52.46099]}},{"type":"Feature","properties":{"id":"ih-eczane-80","kind":"poi","name":"Sano Apotheke","theme":"eczane","lab":1},"geometry":{"type":"Point","coordinates":[13.5759,52.44731]}},{"type":"Feature","properties":{"id":"ih-eczane-81","kind":"poi","name":"Hohenzollerndamm Apotheke","theme":"eczane","lab":1},"geometry":{"type":"Point","coordinates":[13.29756,52.48667]}},{"type":"Feature","properties":{"id":"ih-eczane-82","kind":"poi","name":"Apotheke im Forum Köpenick","theme":"eczane","lab":1},"geometry":{"type":"Point","coordinates":[13.57863,52.45812]}},{"type":"Feature","properties":{"id":"ih-eczane-83","kind":"poi","name":"Apotheke am Fuchsbau","theme":"eczane","lab":1},"geometry":{"type":"Point","coordinates":[13.22421,52.41336]}},{"type":"Feature","properties":{"id":"ih-eczane-84","kind":"poi","name":"Lessing Apotheke","theme":"eczane","lab":1},"geometry":{"type":"Point","coordinates":[13.37017,52.54209]}},{"type":"Feature","properties":{"id":"ih-eczane-85","kind":"poi","name":"Apotheke im Karstadt Hermannplatz","theme":"eczane","lab":1},"geometry":{"type":"Point","coordinates":[13.42389,52.48748]}},{"type":"Feature","properties":{"id":"ih-eczane-86","kind":"poi","name":"Apotheke am Rathaus","theme":"eczane","lab":1},"geometry":{"type":"Point","coordinates":[13.47879,52.51616]}},{"type":"Feature","properties":{"id":"ih-eczane-87","kind":"poi","name":"Apotheke am Schlaatz","theme":"eczane","lab":1},"geometry":{"type":"Point","coordinates":[13.09413,52.37713]}},{"type":"Feature","properties":{"id":"ih-eczane-88","kind":"poi","name":"Raphael-Apotheke","theme":"eczane","lab":1},"geometry":{"type":"Point","coordinates":[13.25727,52.51919]}},{"type":"Feature","properties":{"id":"ih-eczane-89","kind":"poi","name":"Apotheke am S-Bahnhof Storkower Straße","theme":"eczane","lab":1},"geometry":{"type":"Point","coordinates":[13.46231,52.52393]}},{"type":"Feature","properties":{"id":"ih-eczane-90","kind":"poi","name":"Käthe-Kollwitz-Apotheke","theme":"eczane","lab":1},"geometry":{"type":"Point","coordinates":[13.40538,52.33433]}},{"type":"Feature","properties":{"id":"ih-eczane-91","kind":"poi","name":"Althoff-Apotheke","theme":"eczane","lab":1},"geometry":{"type":"Point","coordinates":[13.32995,52.45801]}},{"type":"Feature","properties":{"id":"ih-eczane-92","kind":"poi","name":"Dr. Krachts Apotheke","theme":"eczane","lab":1},"geometry":{"type":"Point","coordinates":[13.33202,52.46812]}},{"type":"Feature","properties":{"id":"ih-eczane-93","kind":"poi","name":"Suarez-Apotheke","theme":"eczane","lab":1},"geometry":{"type":"Point","coordinates":[13.29757,52.51038]}},{"type":"Feature","properties":{"id":"ih-eczane-94","kind":"poi","name":"Goeben-Apotheke","theme":"eczane","lab":1},"geometry":{"type":"Point","coordinates":[13.36672,52.4932]}},{"type":"Feature","properties":{"id":"ih-eczane-95","kind":"poi","name":"Heide-Apotheke","theme":"eczane","lab":1},"geometry":{"type":"Point","coordinates":[13.57496,52.48704]}},{"type":"Feature","properties":{"id":"ih-eczane-96","kind":"poi","name":"Elefanten-Apotheke","theme":"eczane","lab":1},"geometry":{"type":"Point","coordinates":[13.548,52.43823]}},{"type":"Feature","properties":{"id":"ih-eczane-97","kind":"poi","name":"Apotheke im Bahnhof","theme":"eczane","lab":1},"geometry":{"type":"Point","coordinates":[13.06603,52.39247]}},{"type":"Feature","properties":{"id":"ih-eczane-98","kind":"poi","name":"Lindauer-Apotheke","theme":"eczane","lab":1},"geometry":{"type":"Point","coordinates":[13.35945,52.57366]}},{"type":"Feature","properties":{"id":"ih-eczane-99","kind":"poi","name":"Germania Apotheke","theme":"eczane","lab":1},"geometry":{"type":"Point","coordinates":[13.32234,52.4589]}},{"type":"Feature","properties":{"id":"ih-eczane-100","kind":"poi","name":"Grüne Apotheke Lichtenrade","theme":"eczane","lab":1},"geometry":{"type":"Point","coordinates":[13.40224,52.41199]}},{"type":"Feature","properties":{"id":"ih-eczane-101","kind":"poi","name":"Apotheke Zum Goldenen Hirsch","theme":"eczane","lab":1},"geometry":{"type":"Point","coordinates":[13.05192,52.39955]}},{"type":"Feature","properties":{"id":"ih-eczane-102","kind":"poi","name":"Storchen Apotheke","theme":"eczane","lab":1},"geometry":{"type":"Point","coordinates":[13.71422,52.47394]}},{"type":"Feature","properties":{"id":"ih-eczane-103","kind":"poi","name":"Neue Apotheke","theme":"eczane","lab":1},"geometry":{"type":"Point","coordinates":[13.41133,52.361]}},{"type":"Feature","properties":{"id":"ih-eczane-104","kind":"poi","name":"Horus Apotheke","theme":"eczane","lab":1},"geometry":{"type":"Point","coordinates":[13.06428,52.40139]}},{"type":"Feature","properties":{"id":"ih-eczane-105","kind":"poi","name":"Apotheke im Albrecht von Graefe-Haus","theme":"eczane","lab":1},"geometry":{"type":"Point","coordinates":[13.06683,52.40355]}},{"type":"Feature","properties":{"id":"ih-eczane-106","kind":"poi","name":"Apotheke im Sonnengarten","theme":"eczane","lab":1},"geometry":{"type":"Point","coordinates":[13.32336,52.63114]}},{"type":"Feature","properties":{"id":"ih-eczane-107","kind":"poi","name":"Falken-Apotheke","theme":"eczane","lab":1},"geometry":{"type":"Point","coordinates":[13.5139,52.46441]}},{"type":"Feature","properties":{"id":"ih-eczane-108","kind":"poi","name":"Apotheke Schönwalde","theme":"eczane","lab":1},"geometry":{"type":"Point","coordinates":[13.13569,52.60042]}},{"type":"Feature","properties":{"id":"ih-eczane-109","kind":"poi","name":"Süd-Apotheke","theme":"eczane","lab":1},"geometry":{"type":"Point","coordinates":[13.60076,52.47663]}},{"type":"Feature","properties":{"id":"ih-eczane-110","kind":"poi","name":"Prinzen Apotheke","theme":"eczane","lab":1},"geometry":{"type":"Point","coordinates":[13.58976,52.51307]}},{"type":"Feature","properties":{"id":"ih-eczane-111","kind":"poi","name":"Borussia-Apotheke","theme":"eczane","lab":1},"geometry":{"type":"Point","coordinates":[13.29565,52.51363]}},{"type":"Feature","properties":{"id":"ih-eczane-112","kind":"poi","name":"WitzlebenApotheke24","theme":"eczane","lab":1},"geometry":{"type":"Point","coordinates":[13.28276,52.51031]}},{"type":"Feature","properties":{"id":"ih-eczane-113","kind":"poi","name":"WitzlebenApotheke26","theme":"eczane","lab":1},"geometry":{"type":"Point","coordinates":[13.28143,52.51023]}},{"type":"Feature","properties":{"id":"ih-eczane-114","kind":"poi","name":"Sonnen-Apotheke","theme":"eczane","lab":1},"geometry":{"type":"Point","coordinates":[13.60134,52.4805]}},{"type":"Feature","properties":{"id":"ih-eczane-115","kind":"poi","name":"Apotheke am Ravensberg","theme":"eczane","lab":1},"geometry":{"type":"Point","coordinates":[13.09342,52.36344]}},{"type":"Feature","properties":{"id":"ih-eczane-116","kind":"poi","name":"Stadt-Apotheke","theme":"eczane","lab":1},"geometry":{"type":"Point","coordinates":[13.57472,52.44492]}},{"type":"Feature","properties":{"id":"ih-eczane-117","kind":"poi","name":"Königswald Apotheke","theme":"eczane","lab":1},"geometry":{"type":"Point","coordinates":[13.10085,52.46994]}},{"type":"Feature","properties":{"id":"ih-eczane-118","kind":"poi","name":"Fritz Apotheke","theme":"eczane","lab":1},"geometry":{"type":"Point","coordinates":[13.38873,52.43708]}},{"type":"Feature","properties":{"id":"ih-eczane-119","kind":"poi","name":"Central Apotheke","theme":"eczane","lab":1},"geometry":{"type":"Point","coordinates":[13.2684,52.53691]}},{"type":"Feature","properties":{"id":"ih-market-0","kind":"poi","name":"Aldi","theme":"market","lab":1},"geometry":{"type":"Point","coordinates":[13.36064,52.49402]}},{"type":"Feature","properties":{"id":"ih-market-1","kind":"poi","name":"PENNY","theme":"market","lab":1},"geometry":{"type":"Point","coordinates":[13.52397,52.48218]}},{"type":"Feature","properties":{"id":"ih-market-2","kind":"poi","name":"Lidl","theme":"market","lab":1},"geometry":{"type":"Point","coordinates":[13.3331,52.43033]}},{"type":"Feature","properties":{"id":"ih-market-3","kind":"poi","name":"REWE","theme":"market","lab":1},"geometry":{"type":"Point","coordinates":[13.33025,52.42946]}},{"type":"Feature","properties":{"id":"ih-market-4","kind":"poi","name":"Denns BioMarkt","theme":"market","lab":1},"geometry":{"type":"Point","coordinates":[13.4521,52.51021]}},{"type":"Feature","properties":{"id":"ih-market-5","kind":"poi","name":"Netto Marken-Discount","theme":"market","lab":1},"geometry":{"type":"Point","coordinates":[13.40737,52.50982]}},{"type":"Feature","properties":{"id":"ih-market-6","kind":"poi","name":"Ledo","theme":"market","lab":1},"geometry":{"type":"Point","coordinates":[13.30984,52.47942]}},{"type":"Feature","properties":{"id":"ih-market-7","kind":"poi","name":"kiezmarkt","theme":"market","lab":1},"geometry":{"type":"Point","coordinates":[13.31248,52.57168]}},{"type":"Feature","properties":{"id":"ih-market-8","kind":"poi","name":"nah & gut","theme":"market","lab":1},"geometry":{"type":"Point","coordinates":[13.31693,52.5664]}},{"type":"Feature","properties":{"id":"ih-market-9","kind":"poi","name":"Nahkauf","theme":"market","lab":1},"geometry":{"type":"Point","coordinates":[13.32114,52.57049]}},{"type":"Feature","properties":{"id":"ih-market-10","kind":"poi","name":"nah und gut","theme":"market","lab":1},"geometry":{"type":"Point","coordinates":[13.32288,52.4914]}},{"type":"Feature","properties":{"id":"ih-market-11","kind":"poi","name":"NORMA","theme":"market","lab":1},"geometry":{"type":"Point","coordinates":[13.54031,52.52654]}},{"type":"Feature","properties":{"id":"ih-market-12","kind":"poi","name":"Kaufland","theme":"market","lab":1},"geometry":{"type":"Point","coordinates":[13.2553,52.3032]}},{"type":"Feature","properties":{"id":"ih-market-13","kind":"poi","name":"EDEKA Brandenburger Straße","theme":"market","lab":1},"geometry":{"type":"Point","coordinates":[13.05666,52.40054]}},{"type":"Feature","properties":{"id":"ih-market-14","kind":"poi","name":"Edeka Leher","theme":"market","lab":1},"geometry":{"type":"Point","coordinates":[13.71498,52.43157]}},{"type":"Feature","properties":{"id":"ih-market-15","kind":"poi","name":"EDEKA Thaut","theme":"market","lab":1},"geometry":{"type":"Point","coordinates":[13.47096,52.51006]}},{"type":"Feature","properties":{"id":"ih-market-16","kind":"poi","name":"EDEKA","theme":"market","lab":1},"geometry":{"type":"Point","coordinates":[13.46213,52.47012]}},{"type":"Feature","properties":{"id":"ih-market-17","kind":"poi","name":"REWE City","theme":"market","lab":1},"geometry":{"type":"Point","coordinates":[13.3118,52.46864]}},{"type":"Feature","properties":{"id":"ih-market-18","kind":"poi","name":"E-Center","theme":"market","lab":1},"geometry":{"type":"Point","coordinates":[13.23539,52.60826]}},{"type":"Feature","properties":{"id":"ih-market-19","kind":"poi","name":"Keilermarkt - Nah und gut","theme":"market","lab":1},"geometry":{"type":"Point","coordinates":[13.24828,52.60974]}},{"type":"Feature","properties":{"id":"ih-market-20","kind":"poi","name":"Edeka Ungefroren","theme":"market","lab":1},"geometry":{"type":"Point","coordinates":[13.40601,52.51368]}},{"type":"Feature","properties":{"id":"ih-market-21","kind":"poi","name":"EDEKA Yilmaz","theme":"market","lab":1},"geometry":{"type":"Point","coordinates":[13.48586,52.46387]}},{"type":"Feature","properties":{"id":"ih-market-22","kind":"poi","name":"EDEKA Y.Reichelt","theme":"market","lab":1},"geometry":{"type":"Point","coordinates":[13.33434,52.5208]}},{"type":"Feature","properties":{"id":"ih-market-23","kind":"poi","name":"Edeka Wittenbergplatz","theme":"market","lab":1},"geometry":{"type":"Point","coordinates":[13.34363,52.5026]}},{"type":"Feature","properties":{"id":"ih-market-24","kind":"poi","name":"EDEKA Gabler","theme":"market","lab":1},"geometry":{"type":"Point","coordinates":[13.09203,52.39184]}},{"type":"Feature","properties":{"id":"ih-market-25","kind":"poi","name":"EDEKA Lindenberg","theme":"market","lab":1},"geometry":{"type":"Point","coordinates":[13.36549,52.56081]}},{"type":"Feature","properties":{"id":"ih-market-26","kind":"poi","name":"EDEKA Iden","theme":"market","lab":1},"geometry":{"type":"Point","coordinates":[13.33528,52.59475]}},{"type":"Feature","properties":{"id":"ih-market-27","kind":"poi","name":"Edeka Neue Kantstraße","theme":"market","lab":1},"geometry":{"type":"Point","coordinates":[13.29307,52.50655]}},{"type":"Feature","properties":{"id":"ih-market-28","kind":"poi","name":"HIT Ullrich","theme":"market","lab":1},"geometry":{"type":"Point","coordinates":[13.32513,52.46104]}},{"type":"Feature","properties":{"id":"ih-market-29","kind":"poi","name":"EDEKA Martin-Luther-Straße","theme":"market","lab":1},"geometry":{"type":"Point","coordinates":[13.34478,52.492]}},{"type":"Feature","properties":{"id":"ih-market-30","kind":"poi","name":"Bio Company","theme":"market","lab":1},"geometry":{"type":"Point","coordinates":[13.30747,52.50472]}},{"type":"Feature","properties":{"id":"ih-market-31","kind":"poi","name":"EDEKA Kelz","theme":"market","lab":1},"geometry":{"type":"Point","coordinates":[13.44068,52.51605]}},{"type":"Feature","properties":{"id":"ih-market-32","kind":"poi","name":"Alnatura Super Natur Markt","theme":"market","lab":1},"geometry":{"type":"Point","coordinates":[13.4137,52.55171]}},{"type":"Feature","properties":{"id":"ih-market-33","kind":"poi","name":"Edeka Center","theme":"market","lab":1},"geometry":{"type":"Point","coordinates":[13.21972,52.40334]}},{"type":"Feature","properties":{"id":"ih-market-34","kind":"poi","name":"Edeka Siegler","theme":"market","lab":1},"geometry":{"type":"Point","coordinates":[13.35683,52.48566]}},{"type":"Feature","properties":{"id":"ih-market-35","kind":"poi","name":"Netto","theme":"market","lab":1},"geometry":{"type":"Point","coordinates":[13.48634,52.61737]}},{"type":"Feature","properties":{"id":"ih-market-36","kind":"poi","name":"Edeka Peth","theme":"market","lab":1},"geometry":{"type":"Point","coordinates":[13.45885,52.54983]}},{"type":"Feature","properties":{"id":"ih-market-37","kind":"poi","name":"Edeka Ostseestraße","theme":"market","lab":1},"geometry":{"type":"Point","coordinates":[13.44297,52.54653]}},{"type":"Feature","properties":{"id":"ih-market-38","kind":"poi","name":"nah und gut Bülow","theme":"market","lab":1},"geometry":{"type":"Point","coordinates":[13.4198,52.54208]}},{"type":"Feature","properties":{"id":"ih-market-39","kind":"poi","name":"LPG BioMarkt","theme":"market","lab":1},"geometry":{"type":"Point","coordinates":[13.42409,52.49712]}},{"type":"Feature","properties":{"id":"ih-market-40","kind":"poi","name":"Kraut & Rüben","theme":"market","lab":1},"geometry":{"type":"Point","coordinates":[13.42314,52.50062]}},{"type":"Feature","properties":{"id":"ih-market-41","kind":"poi","name":"Taste Hellas","theme":"market","lab":1},"geometry":{"type":"Point","coordinates":[13.38364,52.45653]}},{"type":"Feature","properties":{"id":"ih-market-42","kind":"poi","name":"Edeka Prang","theme":"market","lab":1},"geometry":{"type":"Point","coordinates":[13.38612,52.44535]}},{"type":"Feature","properties":{"id":"ih-market-43","kind":"poi","name":"nah und gut Brabanski","theme":"market","lab":1},"geometry":{"type":"Point","coordinates":[13.38319,52.46531]}},{"type":"Feature","properties":{"id":"ih-market-44","kind":"poi","name":"NP","theme":"market","lab":1},"geometry":{"type":"Point","coordinates":[13.74526,52.54377]}},{"type":"Feature","properties":{"id":"ih-market-45","kind":"poi","name":"Edeka Focke","theme":"market","lab":1},"geometry":{"type":"Point","coordinates":[13.35473,52.49177]}},{"type":"Feature","properties":{"id":"ih-market-46","kind":"poi","name":"EDEKA Heppner","theme":"market","lab":1},"geometry":{"type":"Point","coordinates":[13.3232,52.45907]}},{"type":"Feature","properties":{"id":"ih-market-47","kind":"poi","name":"REWE M. Görlitz-Krüger","theme":"market","lab":1},"geometry":{"type":"Point","coordinates":[13.3078,52.47281]}},{"type":"Feature","properties":{"id":"ih-market-48","kind":"poi","name":"EDEKA Brabanski","theme":"market","lab":1},"geometry":{"type":"Point","coordinates":[13.33713,52.47133]}},{"type":"Feature","properties":{"id":"ih-market-49","kind":"poi","name":"Nah & Frisch","theme":"market","lab":1},"geometry":{"type":"Point","coordinates":[13.29908,52.48761]}},{"type":"Feature","properties":{"id":"ih-market-50","kind":"poi","name":"Edeka Center Tempelhof","theme":"market","lab":1},"geometry":{"type":"Point","coordinates":[13.38715,52.45594]}},{"type":"Feature","properties":{"id":"ih-market-51","kind":"poi","name":"Bolu","theme":"market","lab":1},"geometry":{"type":"Point","coordinates":[13.38406,52.55071]}},{"type":"Feature","properties":{"id":"ih-market-52","kind":"poi","name":"Eurogida","theme":"market","lab":1},"geometry":{"type":"Point","coordinates":[13.42067,52.49929]}},{"type":"Feature","properties":{"id":"ih-market-53","kind":"poi","name":"...nah und gut","theme":"market","lab":1},"geometry":{"type":"Point","coordinates":[13.43633,52.42432]}},{"type":"Feature","properties":{"id":"ih-market-54","kind":"poi","name":"Netto City","theme":"market","lab":1},"geometry":{"type":"Point","coordinates":[13.05848,52.4008]}},{"type":"Feature","properties":{"id":"ih-market-55","kind":"poi","name":"Edeka Reichsstraße","theme":"market","lab":1},"geometry":{"type":"Point","coordinates":[13.26568,52.51296]}},{"type":"Feature","properties":{"id":"ih-market-56","kind":"poi","name":"Edeka Laurman","theme":"market","lab":1},"geometry":{"type":"Point","coordinates":[13.26157,52.51697]}},{"type":"Feature","properties":{"id":"ih-market-57","kind":"poi","name":"Edeka Gäth","theme":"market","lab":1},"geometry":{"type":"Point","coordinates":[13.33999,52.45066]}},{"type":"Feature","properties":{"id":"ih-market-58","kind":"poi","name":"Penny Leibnizstraße","theme":"market","lab":1},"geometry":{"type":"Point","coordinates":[13.31461,52.50952]}},{"type":"Feature","properties":{"id":"ih-market-59","kind":"poi","name":"Edeka Am Brunsi","theme":"market","lab":1},"geometry":{"type":"Point","coordinates":[13.16767,52.53381]}},{"type":"Feature","properties":{"id":"ih-market-60","kind":"poi","name":"EDEKA Siebert","theme":"market","lab":1},"geometry":{"type":"Point","coordinates":[13.4092,52.48917]}},{"type":"Feature","properties":{"id":"ih-market-61","kind":"poi","name":"EDEKA P. Erler","theme":"market","lab":1},"geometry":{"type":"Point","coordinates":[13.28704,52.63289]}},{"type":"Feature","properties":{"id":"ih-market-62","kind":"poi","name":"EDEKA Colombino","theme":"market","lab":1},"geometry":{"type":"Point","coordinates":[13.2908,52.63295]}},{"type":"Feature","properties":{"id":"ih-market-63","kind":"poi","name":"Asia Markt","theme":"market","lab":1},"geometry":{"type":"Point","coordinates":[13.4148,52.51918]}},{"type":"Feature","properties":{"id":"ih-market-64","kind":"poi","name":"Mein Markt","theme":"market","lab":1},"geometry":{"type":"Point","coordinates":[13.44699,52.5162]}},{"type":"Feature","properties":{"id":"ih-market-65","kind":"poi","name":"EDEKA Yaras","theme":"market","lab":1},"geometry":{"type":"Point","coordinates":[13.38912,52.43499]}},{"type":"Feature","properties":{"id":"ih-market-66","kind":"poi","name":"SuperCoop","theme":"market","lab":1},"geometry":{"type":"Point","coordinates":[13.35848,52.55336]}},{"type":"Feature","properties":{"id":"ih-market-67","kind":"poi","name":"Go Asia","theme":"market","lab":1},"geometry":{"type":"Point","coordinates":[13.38777,52.52142]}},{"type":"Feature","properties":{"id":"ih-market-68","kind":"poi","name":"Edeka Fromm","theme":"market","lab":1},"geometry":{"type":"Point","coordinates":[13.34766,52.55267]}},{"type":"Feature","properties":{"id":"ih-market-69","kind":"poi","name":"Centro Italia","theme":"market","lab":1},"geometry":{"type":"Point","coordinates":[13.37732,52.42838]}},{"type":"Feature","properties":{"id":"ih-market-70","kind":"poi","name":"nahcity Duong","theme":"market","lab":1},"geometry":{"type":"Point","coordinates":[13.4324,52.53606]}},{"type":"Feature","properties":{"id":"ih-market-71","kind":"poi","name":"EDEKA Nemitz-Pollmann","theme":"market","lab":1},"geometry":{"type":"Point","coordinates":[13.32284,52.63139]}},{"type":"Feature","properties":{"id":"ih-market-72","kind":"poi","name":"EDEKA Kiezmarkt","theme":"market","lab":1},"geometry":{"type":"Point","coordinates":[13.39178,52.52783]}},{"type":"Feature","properties":{"id":"ih-market-73","kind":"poi","name":"Wurzelwerk Bioladen","theme":"market","lab":1},"geometry":{"type":"Point","coordinates":[13.46805,52.51133]}},{"type":"Feature","properties":{"id":"ih-market-74","kind":"poi","name":"EDEKA Friedrich","theme":"market","lab":1},"geometry":{"type":"Point","coordinates":[13.58673,52.52326]}},{"type":"Feature","properties":{"id":"ih-market-75","kind":"poi","name":"HIT","theme":"market","lab":1},"geometry":{"type":"Point","coordinates":[13.38391,52.51177]}},{"type":"Feature","properties":{"id":"ih-market-76","kind":"poi","name":"EDEKA Stadie","theme":"market","lab":1},"geometry":{"type":"Point","coordinates":[13.1972,52.54251]}},{"type":"Feature","properties":{"id":"ih-market-77","kind":"poi","name":"Rewe Marcel Weyermann","theme":"market","lab":1},"geometry":{"type":"Point","coordinates":[13.4367,52.53634]}},{"type":"Feature","properties":{"id":"ih-market-78","kind":"poi","name":"EDEKA Zahl","theme":"market","lab":1},"geometry":{"type":"Point","coordinates":[13.30707,52.51698]}},{"type":"Feature","properties":{"id":"ih-market-79","kind":"poi","name":"Edeka Henning","theme":"market","lab":1},"geometry":{"type":"Point","coordinates":[13.41836,52.53628]}},{"type":"Feature","properties":{"id":"ih-market-80","kind":"poi","name":"EDEKA Wilmersdorfer Straße","theme":"market","lab":1},"geometry":{"type":"Point","coordinates":[13.3053,52.50974]}},{"type":"Feature","properties":{"id":"ih-market-81","kind":"poi","name":"Edeka Schmitt","theme":"market","lab":1},"geometry":{"type":"Point","coordinates":[13.4105,52.56719]}},{"type":"Feature","properties":{"id":"ih-market-82","kind":"poi","name":"Dr. Pogo","theme":"market","lab":1},"geometry":{"type":"Point","coordinates":[13.44315,52.47397]}},{"type":"Feature","properties":{"id":"ih-market-83","kind":"poi","name":"REWE voll pflanzlich","theme":"market","lab":1},"geometry":{"type":"Point","coordinates":[13.44994,52.50771]}},{"type":"Feature","properties":{"id":"ih-market-84","kind":"poi","name":"EDEKA Meissner an der Nolle","theme":"market","lab":1},"geometry":{"type":"Point","coordinates":[13.35456,52.49893]}},{"type":"Feature","properties":{"id":"ih-market-85","kind":"poi","name":"EDEKA Jost","theme":"market","lab":1},"geometry":{"type":"Point","coordinates":[13.32031,52.5061]}},{"type":"Feature","properties":{"id":"ih-market-86","kind":"poi","name":"Edeka Bergmannstraße","theme":"market","lab":1},"geometry":{"type":"Point","coordinates":[13.38842,52.48968]}},{"type":"Feature","properties":{"id":"ih-market-87","kind":"poi","name":"Biotopia","theme":"market","lab":1},"geometry":{"type":"Point","coordinates":[13.44087,52.4989]}},{"type":"Feature","properties":{"id":"ih-market-88","kind":"poi","name":"EDEKA Rübel","theme":"market","lab":1},"geometry":{"type":"Point","coordinates":[13.30326,52.62257]}},{"type":"Feature","properties":{"id":"ih-market-89","kind":"poi","name":"Indomarkt","theme":"market","lab":1},"geometry":{"type":"Point","coordinates":[13.36952,52.54255]}},{"type":"Feature","properties":{"id":"ih-market-90","kind":"poi","name":"nah & gut Mund","theme":"market","lab":1},"geometry":{"type":"Point","coordinates":[13.14192,52.37016]}},{"type":"Feature","properties":{"id":"ih-market-91","kind":"poi","name":"EDEKA Residenzstraße","theme":"market","lab":1},"geometry":{"type":"Point","coordinates":[13.36139,52.56697]}},{"type":"Feature","properties":{"id":"ih-market-92","kind":"poi","name":"ALDI Nord","theme":"market","lab":1},"geometry":{"type":"Point","coordinates":[13.39373,52.33285]}},{"type":"Feature","properties":{"id":"ih-market-93","kind":"poi","name":"EDEKA Meinke","theme":"market","lab":1},"geometry":{"type":"Point","coordinates":[13.0904,52.39599]}},{"type":"Feature","properties":{"id":"ih-market-94","kind":"poi","name":"Mitte Meer","theme":"market","lab":1},"geometry":{"type":"Point","coordinates":[13.3693,52.48483]}},{"type":"Feature","properties":{"id":"ih-market-95","kind":"poi","name":"Penny Underground","theme":"market","lab":1},"geometry":{"type":"Point","coordinates":[13.35936,52.546]}},{"type":"Feature","properties":{"id":"ih-market-96","kind":"poi","name":"Mix Markt","theme":"market","lab":1},"geometry":{"type":"Point","coordinates":[13.15549,52.53267]}},{"type":"Feature","properties":{"id":"ih-market-97","kind":"poi","name":"Edeka Center Specht","theme":"market","lab":1},"geometry":{"type":"Point","coordinates":[13.25719,52.303]}},{"type":"Feature","properties":{"id":"ih-market-98","kind":"poi","name":"nah & gut Walter","theme":"market","lab":1},"geometry":{"type":"Point","coordinates":[13.68466,52.47342]}},{"type":"Feature","properties":{"id":"ih-market-99","kind":"poi","name":"Edeka Sapphire","theme":"market","lab":1},"geometry":{"type":"Point","coordinates":[13.37875,52.53425]}},{"type":"Feature","properties":{"id":"ih-market-100","kind":"poi","name":"EDEKA Burau","theme":"market","lab":1},"geometry":{"type":"Point","coordinates":[13.32678,52.47975]}},{"type":"Feature","properties":{"id":"ih-market-101","kind":"poi","name":"Kefan","theme":"market","lab":1},"geometry":{"type":"Point","coordinates":[13.50372,52.56496]}},{"type":"Feature","properties":{"id":"ih-market-102","kind":"poi","name":"EDEKA Müller","theme":"market","lab":1},"geometry":{"type":"Point","coordinates":[13.11745,52.39053]}},{"type":"Feature","properties":{"id":"ih-market-103","kind":"poi","name":"EDEKA Zum Teufelssee","theme":"market","lab":1},"geometry":{"type":"Point","coordinates":[13.09068,52.36016]}},{"type":"Feature","properties":{"id":"ih-market-104","kind":"poi","name":"REWE l. Schilling","theme":"market","lab":1},"geometry":{"type":"Point","coordinates":[13.42527,52.45857]}},{"type":"Feature","properties":{"id":"ih-market-105","kind":"poi","name":"Supercoop Friedenau","theme":"market","lab":1},"geometry":{"type":"Point","coordinates":[13.322,52.46721]}},{"type":"Feature","properties":{"id":"ih-market-106","kind":"poi","name":"EDEKA Schnelle","theme":"market","lab":1},"geometry":{"type":"Point","coordinates":[13.46673,52.49674]}},{"type":"Feature","properties":{"id":"ih-market-107","kind":"poi","name":"Edeka Schaaf","theme":"market","lab":1},"geometry":{"type":"Point","coordinates":[13.42068,52.51746]}},{"type":"Feature","properties":{"id":"ih-market-108","kind":"poi","name":"Firangi","theme":"market","lab":1},"geometry":{"type":"Point","coordinates":[13.51377,52.45514]}},{"type":"Feature","properties":{"id":"ih-market-109","kind":"poi","name":"EDEKA Görse & Meichsner","theme":"market","lab":1},"geometry":{"type":"Point","coordinates":[13.333,52.4771]}},{"type":"Feature","properties":{"id":"ih-market-110","kind":"poi","name":"EDEKA Meissner","theme":"market","lab":1},"geometry":{"type":"Point","coordinates":[13.31432,52.51182]}},{"type":"Feature","properties":{"id":"ih-market-111","kind":"poi","name":"Penny am Lichtenrader Tor","theme":"market","lab":1},"geometry":{"type":"Point","coordinates":[13.40574,52.40409]}},{"type":"Feature","properties":{"id":"ih-market-112","kind":"poi","name":"Edeka Schlender","theme":"market","lab":1},"geometry":{"type":"Point","coordinates":[13.06237,52.39811]}},{"type":"Feature","properties":{"id":"ih-market-113","kind":"poi","name":"Edeka Marienburger Straße","theme":"market","lab":1},"geometry":{"type":"Point","coordinates":[13.42618,52.53399]}},{"type":"Feature","properties":{"id":"ih-market-114","kind":"poi","name":"Edeka Treugut","theme":"market","lab":1},"geometry":{"type":"Point","coordinates":[13.3631,52.49794]}},{"type":"Feature","properties":{"id":"ih-market-115","kind":"poi","name":"Edeka Lenkeit","theme":"market","lab":1},"geometry":{"type":"Point","coordinates":[13.40934,52.43953]}},{"type":"Feature","properties":{"id":"ih-market-116","kind":"poi","name":"PENNY Dardanellenweg","theme":"market","lab":1},"geometry":{"type":"Point","coordinates":[13.40784,52.44466]}},{"type":"Feature","properties":{"id":"ih-market-117","kind":"poi","name":"EDEKA Gayermann","theme":"market","lab":1},"geometry":{"type":"Point","coordinates":[13.40621,52.4154]}},{"type":"Feature","properties":{"id":"ih-market-118","kind":"poi","name":"Asia24","theme":"market","lab":1},"geometry":{"type":"Point","coordinates":[13.4887,52.52766]}},{"type":"Feature","properties":{"id":"ih-market-119","kind":"poi","name":"nah und gut Janoschek","theme":"market","lab":1},"geometry":{"type":"Point","coordinates":[13.35007,52.40849]}},{"type":"Feature","properties":{"id":"ih-yakit-0","kind":"poi","name":"Aral","theme":"yakit","lab":1},"geometry":{"type":"Point","coordinates":[13.3456,52.54631]}},{"type":"Feature","properties":{"id":"ih-yakit-1","kind":"poi","name":"Bavaria petrol","theme":"yakit","lab":1},"geometry":{"type":"Point","coordinates":[13.2945,52.50197]}},{"type":"Feature","properties":{"id":"ih-yakit-2","kind":"poi","name":"Esso","theme":"yakit","lab":1},"geometry":{"type":"Point","coordinates":[13.1917,52.43464]}},{"type":"Feature","properties":{"id":"ih-yakit-3","kind":"poi","name":"Star","theme":"yakit","lab":1},"geometry":{"type":"Point","coordinates":[13.30296,52.51896]}},{"type":"Feature","properties":{"id":"ih-yakit-4","kind":"poi","name":"HEM","theme":"yakit","lab":1},"geometry":{"type":"Point","coordinates":[13.30649,52.57758]}},{"type":"Feature","properties":{"id":"ih-yakit-5","kind":"poi","name":"JET","theme":"yakit","lab":1},"geometry":{"type":"Point","coordinates":[13.55011,52.55199]}},{"type":"Feature","properties":{"id":"ih-yakit-6","kind":"poi","name":"Aral Tankstelle","theme":"yakit","lab":1},"geometry":{"type":"Point","coordinates":[13.49856,52.31828]}},{"type":"Feature","properties":{"id":"ih-yakit-7","kind":"poi","name":"Shell","theme":"yakit","lab":1},"geometry":{"type":"Point","coordinates":[13.63243,52.31245]}},{"type":"Feature","properties":{"id":"ih-yakit-8","kind":"poi","name":"TotalEnergies","theme":"yakit","lab":1},"geometry":{"type":"Point","coordinates":[13.46809,52.54756]}},{"type":"Feature","properties":{"id":"ih-yakit-9","kind":"poi","name":"sun","theme":"yakit","lab":1},"geometry":{"type":"Point","coordinates":[13.33196,52.59871]}},{"type":"Feature","properties":{"id":"ih-yakit-10","kind":"poi","name":"AGIP ENI","theme":"yakit","lab":1},"geometry":{"type":"Point","coordinates":[13.36493,52.42746]}},{"type":"Feature","properties":{"id":"ih-yakit-11","kind":"poi","name":"Tamoil","theme":"yakit","lab":1},"geometry":{"type":"Point","coordinates":[13.73793,52.47254]}},{"type":"Feature","properties":{"id":"ih-yakit-12","kind":"poi","name":"SB Tank","theme":"yakit","lab":1},"geometry":{"type":"Point","coordinates":[13.54037,52.52143]}},{"type":"Feature","properties":{"id":"ih-yakit-13","kind":"poi","name":"Agip","theme":"yakit","lab":1},"geometry":{"type":"Point","coordinates":[13.58747,52.5824]}},{"type":"Feature","properties":{"id":"ih-yakit-14","kind":"poi","name":"Sprint","theme":"yakit","lab":1},"geometry":{"type":"Point","coordinates":[13.19111,52.53599]}},{"type":"Feature","properties":{"id":"ih-yakit-15","kind":"poi","name":"Total","theme":"yakit","lab":1},"geometry":{"type":"Point","coordinates":[13.47866,52.4838]}},{"type":"Feature","properties":{"id":"ih-yakit-16","kind":"poi","name":"T-Tankstelle","theme":"yakit","lab":1},"geometry":{"type":"Point","coordinates":[13.75108,52.42662]}},{"type":"Feature","properties":{"id":"ih-yakit-17","kind":"poi","name":"SB-Tank","theme":"yakit","lab":1},"geometry":{"type":"Point","coordinates":[13.58787,52.50543]}},{"type":"Feature","properties":{"id":"ih-yakit-18","kind":"poi","name":"Total Alt Mahlsdorf","theme":"yakit","lab":1},"geometry":{"type":"Point","coordinates":[13.62432,52.50436]}},{"type":"Feature","properties":{"id":"ih-yakit-19","kind":"poi","name":"Agip Stolper Heide","theme":"yakit","lab":1},"geometry":{"type":"Point","coordinates":[13.2434,52.6407]}},{"type":"Feature","properties":{"id":"ih-yakit-20","kind":"poi","name":"Orlen","theme":"yakit","lab":1},"geometry":{"type":"Point","coordinates":[13.69309,52.543]}},{"type":"Feature","properties":{"id":"ih-yakit-21","kind":"poi","name":"Total Altlandsberg","theme":"yakit","lab":1},"geometry":{"type":"Point","coordinates":[13.71393,52.55656]}},{"type":"Feature","properties":{"id":"ih-yakit-22","kind":"poi","name":"Aral PKW","theme":"yakit","lab":1},"geometry":{"type":"Point","coordinates":[13.66288,52.31439]}},{"type":"Feature","properties":{"id":"ih-yakit-23","kind":"poi","name":"Erdgastankstelle","theme":"yakit","lab":1},"geometry":{"type":"Point","coordinates":[13.11208,52.36681]}},{"type":"Feature","properties":{"id":"ih-yakit-24","kind":"poi","name":"OIL! Tankstelle","theme":"yakit","lab":1},"geometry":{"type":"Point","coordinates":[13.5689,52.67349]}},{"type":"Feature","properties":{"id":"ih-yakit-25","kind":"poi","name":"Total Access","theme":"yakit","lab":1},"geometry":{"type":"Point","coordinates":[13.26246,52.51486]}},{"type":"Feature","properties":{"id":"ih-yakit-26","kind":"poi","name":"Total Station","theme":"yakit","lab":1},"geometry":{"type":"Point","coordinates":[13.44116,52.53078]}},{"type":"Feature","properties":{"id":"ih-yakit-27","kind":"poi","name":"Q1","theme":"yakit","lab":1},"geometry":{"type":"Point","coordinates":[13.40986,52.5819]}},{"type":"Feature","properties":{"id":"ih-yakit-28","kind":"poi","name":"Bft","theme":"yakit","lab":1},"geometry":{"type":"Point","coordinates":[13.14932,52.45767]}},{"type":"Feature","properties":{"id":"ih-yakit-29","kind":"poi","name":"BarMal Gas GmbH (LPG)","theme":"yakit","lab":1},"geometry":{"type":"Point","coordinates":[13.37384,52.64104]}},{"type":"Feature","properties":{"id":"ih-yakit-30","kind":"poi","name":"Autogas Summt","theme":"yakit","lab":1},"geometry":{"type":"Point","coordinates":[13.36969,52.68805]}},{"type":"Feature","properties":{"id":"ih-yakit-31","kind":"poi","name":"Shell Tankstelle","theme":"yakit","lab":1},"geometry":{"type":"Point","coordinates":[13.31367,52.30918]}},{"type":"Feature","properties":{"id":"ih-yakit-32","kind":"poi","name":"Tankpool24","theme":"yakit","lab":1},"geometry":{"type":"Point","coordinates":[13.11384,52.35826]}},{"type":"Feature","properties":{"id":"ih-yakit-33","kind":"poi","name":"TopTank","theme":"yakit","lab":1},"geometry":{"type":"Point","coordinates":[13.39661,52.42325]}},{"type":"Feature","properties":{"id":"ih-yakit-34","kind":"poi","name":"Elan","theme":"yakit","lab":1},"geometry":{"type":"Point","coordinates":[13.4327,52.55834]}},{"type":"Feature","properties":{"id":"ih-yakit-35","kind":"poi","name":"BarMalGas GmbH","theme":"yakit","lab":1},"geometry":{"type":"Point","coordinates":[13.38118,52.44033]}},{"type":"Feature","properties":{"id":"ih-yakit-36","kind":"poi","name":"Autogas 24h","theme":"yakit","lab":1},"geometry":{"type":"Point","coordinates":[13.42451,52.45197]}},{"type":"Feature","properties":{"id":"ih-yakit-37","kind":"poi","name":"Aral ADS","theme":"yakit","lab":1},"geometry":{"type":"Point","coordinates":[13.78019,52.489]}},{"type":"Feature","properties":{"id":"ih-yakit-38","kind":"poi","name":"Autogas Blumberg","theme":"yakit","lab":1},"geometry":{"type":"Point","coordinates":[13.60959,52.60342]}},{"type":"Feature","properties":{"id":"ih-yakit-39","kind":"poi","name":"AdBlue Zapfsäule","theme":"yakit","lab":1},"geometry":{"type":"Point","coordinates":[13.11656,52.35744]}},{"type":"Feature","properties":{"id":"ih-yakit-40","kind":"poi","name":"Hans Engelke Energie","theme":"yakit","lab":1},"geometry":{"type":"Point","coordinates":[13.42221,52.45865]}},{"type":"Feature","properties":{"id":"ih-yakit-41","kind":"poi","name":"Nordtanke","theme":"yakit","lab":1},"geometry":{"type":"Point","coordinates":[13.3144,52.57731]}},{"type":"Feature","properties":{"id":"ih-yakit-42","kind":"poi","name":"1. FC Union Zapfstelle","theme":"yakit","lab":1},"geometry":{"type":"Point","coordinates":[13.51303,52.45378]}},{"type":"Feature","properties":{"id":"ih-yakit-43","kind":"poi","name":"Kaufland","theme":"yakit","lab":1},"geometry":{"type":"Point","coordinates":[13.59443,52.54948]}},{"type":"Feature","properties":{"id":"ih-yakit-44","kind":"poi","name":"Esso Tankstelle","theme":"yakit","lab":1},"geometry":{"type":"Point","coordinates":[13.59779,52.68355]}},{"type":"Feature","properties":{"id":"ih-yakit-45","kind":"poi","name":"team","theme":"yakit","lab":1},"geometry":{"type":"Point","coordinates":[13.68583,52.52739]}},{"type":"Feature","properties":{"id":"ih-yakit-46","kind":"poi","name":"hoyer Automaten-Tankstelle","theme":"yakit","lab":1},"geometry":{"type":"Point","coordinates":[13.27099,52.34838]}},{"type":"Feature","properties":{"id":"ih-yakit-47","kind":"poi","name":"Aral LKW","theme":"yakit","lab":1},"geometry":{"type":"Point","coordinates":[13.66284,52.31465]}},{"type":"Feature","properties":{"id":"ih-yakit-48","kind":"poi","name":"H2 Tankstelle","theme":"yakit","lab":1},"geometry":{"type":"Point","coordinates":[13.52733,52.37057]}},{"type":"Feature","properties":{"id":"ih-yakit-49","kind":"poi","name":"LIQVIS LNG","theme":"yakit","lab":1},"geometry":{"type":"Point","coordinates":[13.79731,52.38873]}},{"type":"Feature","properties":{"id":"ih-yakit-50","kind":"poi","name":"Hoyer Automatenstation","theme":"yakit","lab":1},"geometry":{"type":"Point","coordinates":[13.79255,52.38782]}},{"type":"Feature","properties":{"id":"ih-yakit-51","kind":"poi","name":"Total Brandenburger Straße","theme":"yakit","lab":1},"geometry":{"type":"Point","coordinates":[13.24335,52.31191]}},{"type":"Feature","properties":{"id":"ih-yakit-52","kind":"poi","name":"Greenline Tankstelle","theme":"yakit","lab":1},"geometry":{"type":"Point","coordinates":[13.27401,52.31419]}},{"type":"Feature","properties":{"id":"ih-yakit-53","kind":"poi","name":"ARAL Truck Station","theme":"yakit","lab":1},"geometry":{"type":"Point","coordinates":[13.47088,52.31912]}},{"type":"Feature","properties":{"id":"ih-yakit-54","kind":"poi","name":"BTO Betriebstankstelle Ost","theme":"yakit","lab":1},"geometry":{"type":"Point","coordinates":[13.52154,52.36387]}},{"type":"Feature","properties":{"id":"ih-yakit-55","kind":"poi","name":"Kaufland-Tankstelle","theme":"yakit","lab":1},"geometry":{"type":"Point","coordinates":[13.07989,52.53095]}},{"type":"Feature","properties":{"id":"ih-yakit-56","kind":"poi","name":"HEM Tankstelle","theme":"yakit","lab":1},"geometry":{"type":"Point","coordinates":[13.5163,52.39949]}},{"type":"Feature","properties":{"id":"ih-yakit-57","kind":"poi","name":"AS24","theme":"yakit","lab":1},"geometry":{"type":"Point","coordinates":[13.21845,52.66852]}},{"type":"Feature","properties":{"id":"ih-yakit-58","kind":"poi","name":"Total Energies","theme":"yakit","lab":1},"geometry":{"type":"Point","coordinates":[13.2242,52.415]}},{"type":"Feature","properties":{"id":"ih-yakit-59","kind":"poi","name":"Spreves","theme":"yakit","lab":1},"geometry":{"type":"Point","coordinates":[13.57847,52.45206]}},{"type":"Feature","properties":{"id":"ih-yakit-60","kind":"poi","name":"BEHALA","theme":"yakit","lab":1},"geometry":{"type":"Point","coordinates":[13.34175,52.53697]}},{"type":"Feature","properties":{"id":"ih-yakit-61","kind":"poi","name":"Flüssiggasvertrieb E. Scholz","theme":"yakit","lab":1},"geometry":{"type":"Point","coordinates":[13.08777,52.38769]}},{"type":"Feature","properties":{"id":"ih-yakit-62","kind":"poi","name":"Autogas Fernholz Apparat...","theme":"yakit","lab":1},"geometry":{"type":"Point","coordinates":[13.2852,52.522]}},{"type":"Feature","properties":{"id":"ih-yakit-63","kind":"poi","name":"Grit Jarling","theme":"yakit","lab":1},"geometry":{"type":"Point","coordinates":[13.57495,52.50507]}},{"type":"Feature","properties":{"id":"ih-yakit-64","kind":"poi","name":"BarMal Gas GmbH","theme":"yakit","lab":1},"geometry":{"type":"Point","coordinates":[13.45,52.61793]}},{"type":"Feature","properties":{"id":"ih-yakit-65","kind":"poi","name":"Südring Autoservice Lange","theme":"yakit","lab":1},"geometry":{"type":"Point","coordinates":[13.28282,52.31484]}},{"type":"Feature","properties":{"id":"ih-yakit-66","kind":"poi","name":"Autohaus KIA","theme":"yakit","lab":1},"geometry":{"type":"Point","coordinates":[13.05689,52.55079]}},{"type":"Feature","properties":{"id":"ih-yakit-67","kind":"poi","name":"Streiber & Beetz","theme":"yakit","lab":1},"geometry":{"type":"Point","coordinates":[13.28439,52.59512]}},{"type":"Feature","properties":{"id":"ih-yakit-68","kind":"poi","name":"Hager Autogas Service","theme":"yakit","lab":1},"geometry":{"type":"Point","coordinates":[13.31511,52.58384]}},{"type":"Feature","properties":{"id":"ih-yakit-69","kind":"poi","name":"Jens Kaltenbach","theme":"yakit","lab":1},"geometry":{"type":"Point","coordinates":[13.58277,52.66848]}},{"type":"Feature","properties":{"id":"ih-yakit-70","kind":"poi","name":"Autohaus Sommer e.K.","theme":"yakit","lab":1},"geometry":{"type":"Point","coordinates":[13.20879,52.392]}},{"type":"Feature","properties":{"id":"ih-yakit-71","kind":"poi","name":"PROGAS GmbH & Co KG","theme":"yakit","lab":1},"geometry":{"type":"Point","coordinates":[13.6442,52.5072]}},{"type":"Feature","properties":{"id":"ih-yakit-72","kind":"poi","name":"Westfehling","theme":"yakit","lab":1},"geometry":{"type":"Point","coordinates":[13.35032,52.53537]}},{"type":"Feature","properties":{"id":"ih-yakit-73","kind":"poi","name":"Propan Geppert","theme":"yakit","lab":1},"geometry":{"type":"Point","coordinates":[13.37064,52.43527]}},{"type":"Feature","properties":{"id":"ih-yakit-74","kind":"poi","name":"Oehlmann Campingwelt Freizeitmarkt","theme":"yakit","lab":1},"geometry":{"type":"Point","coordinates":[13.54363,52.62216]}},{"type":"Feature","properties":{"id":"ih-yakit-75","kind":"poi","name":"Wasch- und Tankcenter","theme":"yakit","lab":1},"geometry":{"type":"Point","coordinates":[13.60028,52.68598]}},{"type":"Feature","properties":{"id":"ih-yakit-76","kind":"poi","name":"GO","theme":"yakit","lab":1},"geometry":{"type":"Point","coordinates":[13.72045,52.39648]}},{"type":"Feature","properties":{"id":"ih-yakit-77","kind":"poi","name":"Gebäude F","theme":"yakit","lab":1},"geometry":{"type":"Point","coordinates":[13.50445,52.52019]}},{"type":"Feature","properties":{"id":"ih-yakit-78","kind":"poi","name":"clean car","theme":"yakit","lab":1},"geometry":{"type":"Point","coordinates":[13.23267,52.52729]}},{"type":"Feature","properties":{"id":"ih-yakit-79","kind":"poi","name":"CleanCar","theme":"yakit","lab":1},"geometry":{"type":"Point","coordinates":[13.5528,52.4311]}},{"type":"Feature","properties":{"id":"ih-yakit-80","kind":"poi","name":"BarMalGas Dahlewitz","theme":"yakit","lab":1},"geometry":{"type":"Point","coordinates":[13.44883,52.31796]}},{"type":"Feature","properties":{"id":"ih-yakit-81","kind":"poi","name":"Greenline","theme":"yakit","lab":1},"geometry":{"type":"Point","coordinates":[13.63742,52.5103]}},{"type":"Feature","properties":{"id":"ih-kiralik-arac-0","kind":"poi","name":"Sixt","theme":"kiralik-arac","lab":1},"geometry":{"type":"Point","coordinates":[13.38941,52.5104]}},{"type":"Feature","properties":{"id":"ih-kiralik-arac-1","kind":"poi","name":"Europcar","theme":"kiralik-arac","lab":1},"geometry":{"type":"Point","coordinates":[13.442,52.4656]}},{"type":"Feature","properties":{"id":"ih-kiralik-arac-2","kind":"poi","name":"Avis","theme":"kiralik-arac","lab":1},"geometry":{"type":"Point","coordinates":[13.33977,52.50509]}},{"type":"Feature","properties":{"id":"ih-kiralik-arac-3","kind":"poi","name":"Hertz","theme":"kiralik-arac","lab":1},"geometry":{"type":"Point","coordinates":[13.39029,52.50933]}},{"type":"Feature","properties":{"id":"ih-kiralik-arac-4","kind":"poi","name":"Enterprise","theme":"kiralik-arac","lab":1},"geometry":{"type":"Point","coordinates":[13.13359,52.36953]}},{"type":"Feature","properties":{"id":"ih-kiralik-arac-5","kind":"poi","name":"STARCAR","theme":"kiralik-arac","lab":1},"geometry":{"type":"Point","coordinates":[13.44486,52.56532]}},{"type":"Feature","properties":{"id":"ih-kiralik-arac-6","kind":"poi","name":"Alamo","theme":"kiralik-arac","lab":1},"geometry":{"type":"Point","coordinates":[13.34055,52.50503]}},{"type":"Feature","properties":{"id":"ih-kiralik-arac-7","kind":"poi","name":"Besch Autovermietung Baumaschinen","theme":"kiralik-arac","lab":1},"geometry":{"type":"Point","coordinates":[13.51591,52.60045]}},{"type":"Feature","properties":{"id":"ih-kiralik-arac-8","kind":"poi","name":"Berlin Truck Center","theme":"kiralik-arac","lab":1},"geometry":{"type":"Point","coordinates":[13.30377,52.55314]}},{"type":"Feature","properties":{"id":"ih-kiralik-arac-9","kind":"poi","name":"Avis / Budget","theme":"kiralik-arac","lab":1},"geometry":{"type":"Point","coordinates":[13.33078,52.45348]}},{"type":"Feature","properties":{"id":"ih-kiralik-arac-10","kind":"poi","name":"Interline Berlin","theme":"kiralik-arac","lab":1},"geometry":{"type":"Point","coordinates":[13.38884,52.51917]}},{"type":"Feature","properties":{"id":"ih-kiralik-arac-11","kind":"poi","name":"MB Rent","theme":"kiralik-arac","lab":1},"geometry":{"type":"Point","coordinates":[13.32943,52.51528]}},{"type":"Feature","properties":{"id":"ih-kiralik-arac-12","kind":"poi","name":"Charly Drives","theme":"kiralik-arac","lab":1},"geometry":{"type":"Point","coordinates":[13.38993,52.50845]}},{"type":"Feature","properties":{"id":"ih-kiralik-arac-13","kind":"poi","name":"Budget","theme":"kiralik-arac","lab":1},"geometry":{"type":"Point","coordinates":[13.44229,52.46534]}},{"type":"Feature","properties":{"id":"ih-kiralik-arac-14","kind":"poi","name":"VW FS - Autovermietung","theme":"kiralik-arac","lab":1},"geometry":{"type":"Point","coordinates":[13.28248,52.41608]}},{"type":"Feature","properties":{"id":"ih-kiralik-arac-15","kind":"poi","name":"Mietwagen Berlin Tempelhof im Hause Volkswagen Automobile","theme":"kiralik-arac","lab":1},"geometry":{"type":"Point","coordinates":[13.40456,52.46427]}},{"type":"Feature","properties":{"id":"ih-kiralik-arac-16","kind":"poi","name":"Jelbi-Station Daumstr./Rhenaniastr.","theme":"kiralik-arac","lab":1},"geometry":{"type":"Point","coordinates":[13.22624,52.55414]}},{"type":"Feature","properties":{"id":"ih-kiralik-arac-17","kind":"poi","name":"Rabih Berlin","theme":"kiralik-arac","lab":1},"geometry":{"type":"Point","coordinates":[13.42644,52.47883]}},{"type":"Feature","properties":{"id":"ih-kiralik-arac-18","kind":"poi","name":"Jelbi","theme":"kiralik-arac","lab":1},"geometry":{"type":"Point","coordinates":[13.37675,52.52779]}},{"type":"Feature","properties":{"id":"ih-kiralik-arac-19","kind":"poi","name":"Besch Rent","theme":"kiralik-arac","lab":1},"geometry":{"type":"Point","coordinates":[13.50258,52.63671]}},{"type":"Feature","properties":{"id":"ih-kiralik-arac-20","kind":"poi","name":"Quad Berlin Brandenburg","theme":"kiralik-arac","lab":1},"geometry":{"type":"Point","coordinates":[13.65003,52.5006]}},{"type":"Feature","properties":{"id":"ih-kiralik-arac-21","kind":"poi","name":"McRent","theme":"kiralik-arac","lab":1},"geometry":{"type":"Point","coordinates":[13.51948,52.39307]}},{"type":"Feature","properties":{"id":"ih-kiralik-arac-22","kind":"poi","name":"Avis / Budget Autovermietung","theme":"kiralik-arac","lab":1},"geometry":{"type":"Point","coordinates":[13.47031,52.53857]}},{"type":"Feature","properties":{"id":"ih-kiralik-arac-23","kind":"poi","name":"Rent-a-Bulli","theme":"kiralik-arac","lab":1},"geometry":{"type":"Point","coordinates":[13.47479,52.50726]}},{"type":"Feature","properties":{"id":"ih-kiralik-arac-24","kind":"poi","name":"allround","theme":"kiralik-arac","lab":1},"geometry":{"type":"Point","coordinates":[13.30136,52.51408]}},{"type":"Feature","properties":{"id":"ih-kiralik-arac-25","kind":"poi","name":"Köhrich Autovermietung","theme":"kiralik-arac","lab":1},"geometry":{"type":"Point","coordinates":[13.30778,52.51137]}},{"type":"Feature","properties":{"id":"ih-kiralik-arac-26","kind":"poi","name":"Triple One","theme":"kiralik-arac","lab":1},"geometry":{"type":"Point","coordinates":[13.29641,52.50122]}},{"type":"Feature","properties":{"id":"ih-kiralik-arac-27","kind":"poi","name":"Allround Autovermietung","theme":"kiralik-arac","lab":1},"geometry":{"type":"Point","coordinates":[13.39959,52.45255]}},{"type":"Feature","properties":{"id":"ih-kiralik-arac-28","kind":"poi","name":"m2rent","theme":"kiralik-arac","lab":1},"geometry":{"type":"Point","coordinates":[13.53262,52.43494]}},{"type":"Feature","properties":{"id":"ih-kiralik-arac-29","kind":"poi","name":"Westfehling","theme":"kiralik-arac","lab":1},"geometry":{"type":"Point","coordinates":[13.35029,52.53542]}},{"type":"Feature","properties":{"id":"ih-kiralik-arac-30","kind":"poi","name":"Bernhard Mühlbauer Oldtimervermietung","theme":"kiralik-arac","lab":1},"geometry":{"type":"Point","coordinates":[13.56555,52.40196]}},{"type":"Feature","properties":{"id":"ih-kiralik-arac-31","kind":"poi","name":"Lex - Autovermietung Transport- und Vermiet GmbH","theme":"kiralik-arac","lab":1},"geometry":{"type":"Point","coordinates":[13.75801,52.49636]}},{"type":"Feature","properties":{"id":"ih-kiralik-arac-32","kind":"poi","name":"BulliHoliday Wohnmobilvermietung","theme":"kiralik-arac","lab":1},"geometry":{"type":"Point","coordinates":[13.45262,52.52303]}},{"type":"Feature","properties":{"id":"ih-kiralik-arac-33","kind":"poi","name":"Touralarm","theme":"kiralik-arac","lab":1},"geometry":{"type":"Point","coordinates":[13.43899,52.55358]}},{"type":"Feature","properties":{"id":"ih-kiralik-arac-34","kind":"poi","name":"RR Rental","theme":"kiralik-arac","lab":1},"geometry":{"type":"Point","coordinates":[13.3194,52.50002]}},{"type":"Feature","properties":{"id":"ih-kiralik-arac-35","kind":"poi","name":"Aniro","theme":"kiralik-arac","lab":1},"geometry":{"type":"Point","coordinates":[13.42368,52.50721]}},{"type":"Feature","properties":{"id":"ih-kiralik-arac-36","kind":"poi","name":"ALLROUND Autovermietung GmbH","theme":"kiralik-arac","lab":1},"geometry":{"type":"Point","coordinates":[13.53627,52.53124]}},{"type":"Feature","properties":{"id":"ih-kiralik-arac-37","kind":"poi","name":"Jelbi-Station U Jakob-Kaiser-Platz","theme":"kiralik-arac","lab":1},"geometry":{"type":"Point","coordinates":[13.29492,52.53635]}},{"type":"Feature","properties":{"id":"ih-kiralik-arac-38","kind":"poi","name":"Supreme Black Rental Cars","theme":"kiralik-arac","lab":1},"geometry":{"type":"Point","coordinates":[13.4067,52.5074]}},{"type":"Feature","properties":{"id":"ih-kiralik-arac-39","kind":"poi","name":"Reagan Akorli","theme":"kiralik-arac","lab":1},"geometry":{"type":"Point","coordinates":[13.34399,52.55378]}},{"type":"Feature","properties":{"id":"ih-kiralik-arac-40","kind":"poi","name":"Jelbi-Station U Haselhorst","theme":"kiralik-arac","lab":1},"geometry":{"type":"Point","coordinates":[13.23266,52.5387]}},{"type":"Feature","properties":{"id":"ih-kiralik-arac-41","kind":"poi","name":"Jelbi-Station S+U Lichtenberg","theme":"kiralik-arac","lab":1},"geometry":{"type":"Point","coordinates":[13.50101,52.51078]}},{"type":"Feature","properties":{"id":"ih-kiralik-arac-42","kind":"poi","name":"Unfallgutachter","theme":"kiralik-arac","lab":1},"geometry":{"type":"Point","coordinates":[13.30222,52.50892]}},{"type":"Feature","properties":{"id":"ih-kiralik-arac-43","kind":"poi","name":"Bus Center M&M","theme":"kiralik-arac","lab":1},"geometry":{"type":"Point","coordinates":[13.32855,52.45376]}},{"type":"Feature","properties":{"id":"ih-kiralik-arac-44","kind":"poi","name":"Roadstars maxima","theme":"kiralik-arac","lab":1},"geometry":{"type":"Point","coordinates":[13.3177,52.45397]}},{"type":"Feature","properties":{"id":"ih-kiralik-arac-45","kind":"poi","name":"Hannes Camper Berlin","theme":"kiralik-arac","lab":1},"geometry":{"type":"Point","coordinates":[13.38962,52.32752]}},{"type":"Feature","properties":{"id":"ih-kiralik-arac-46","kind":"poi","name":"Aznur","theme":"kiralik-arac","lab":1},"geometry":{"type":"Point","coordinates":[13.33431,52.50171]}},{"type":"Feature","properties":{"id":"ih-kiralik-arac-47","kind":"poi","name":"Berlin Drivers","theme":"kiralik-arac","lab":1},"geometry":{"type":"Point","coordinates":[13.35401,52.52674]}},{"type":"Feature","properties":{"id":"ih-kiralik-arac-48","kind":"poi","name":"CMAT Vermietung GmbH,","theme":"kiralik-arac","lab":1},"geometry":{"type":"Point","coordinates":[13.57748,52.54736]}},{"type":"Feature","properties":{"id":"ih-kutuphane-0","kind":"poi","name":"Ibero-Amerikanisches Institut","theme":"kutuphane","lab":1},"geometry":{"type":"Point","coordinates":[13.3697,52.50681]}},{"type":"Feature","properties":{"id":"ih-kutuphane-1","kind":"poi","name":"Stadt- und Landesbibliothek Potsdam","theme":"kutuphane","lab":1},"geometry":{"type":"Point","coordinates":[13.05929,52.39719]}},{"type":"Feature","properties":{"id":"ih-kutuphane-2","kind":"poi","name":"Kurt-Tucholsky-Bibliothek","theme":"kutuphane","lab":1},"geometry":{"type":"Point","coordinates":[13.43217,52.53288]}},{"type":"Feature","properties":{"id":"ih-kutuphane-3","kind":"poi","name":"Bibliothek des Deutschen Bundestages","theme":"kutuphane","lab":1},"geometry":{"type":"Point","coordinates":[13.3773,52.52024]}},{"type":"Feature","properties":{"id":"ih-kutuphane-4","kind":"poi","name":"Umweltbibliothek","theme":"kutuphane","lab":1},"geometry":{"type":"Point","coordinates":[13.28265,52.49218]}},{"type":"Feature","properties":{"id":"ih-kutuphane-5","kind":"poi","name":"Stadtteilbibliothek Kladow","theme":"kutuphane","lab":1},"geometry":{"type":"Point","coordinates":[13.14299,52.45326]}},{"type":"Feature","properties":{"id":"ih-kutuphane-6","kind":"poi","name":"Theodor-Fontane-Archiv","theme":"kutuphane","lab":1},"geometry":{"type":"Point","coordinates":[13.06335,52.41754]}},{"type":"Feature","properties":{"id":"ih-kutuphane-7","kind":"poi","name":"Stadtteilbibliothek Haselhorst","theme":"kutuphane","lab":1},"geometry":{"type":"Point","coordinates":[13.23905,52.54293]}},{"type":"Feature","properties":{"id":"ih-kutuphane-8","kind":"poi","name":"Bildagentur für Kunst, Kultur und Geschichte","theme":"kutuphane","lab":1},"geometry":{"type":"Point","coordinates":[13.41031,52.51289]}},{"type":"Feature","properties":{"id":"ih-kutuphane-9","kind":"poi","name":"Bibliothek des Deutschen Zentralinstituts für Soziale Fragen","theme":"kutuphane","lab":1},"geometry":{"type":"Point","coordinates":[13.29241,52.46534]}},{"type":"Feature","properties":{"id":"ih-kutuphane-10","kind":"poi","name":"Amerika-Gedenkbibliothek","theme":"kutuphane","lab":1},"geometry":{"type":"Point","coordinates":[13.39251,52.49659]}},{"type":"Feature","properties":{"id":"ih-kutuphane-11","kind":"poi","name":"Moses Mendelssohn Zentrum für europäisch-jüdische Studien - Bibliothek","theme":"kutuphane","lab":1},"geometry":{"type":"Point","coordinates":[13.05721,52.3968]}},{"type":"Feature","properties":{"id":"ih-kutuphane-12","kind":"poi","name":"Universitätsbibliothek TU Berlin (Zentralbibliothek)","theme":"kutuphane","lab":1},"geometry":{"type":"Point","coordinates":[13.33071,52.51043]}},{"type":"Feature","properties":{"id":"ih-kutuphane-13","kind":"poi","name":"Jacob-und-Wilhelm-Grimm-Zentrum","theme":"kutuphane","lab":1},"geometry":{"type":"Point","coordinates":[13.39103,52.52057]}},{"type":"Feature","properties":{"id":"ih-kutuphane-14","kind":"poi","name":"Bezirkszentralbibliothek Eva-Maria-Buch-Haus","theme":"kutuphane","lab":1},"geometry":{"type":"Point","coordinates":[13.38788,52.46379]}},{"type":"Feature","properties":{"id":"ih-kutuphane-15","kind":"poi","name":"Schiller-Bibliothek","theme":"kutuphane","lab":1},"geometry":{"type":"Point","coordinates":[13.35734,52.5465]}},{"type":"Feature","properties":{"id":"ih-kutuphane-16","kind":"poi","name":"Philologische Bibliothek","theme":"kutuphane","lab":1},"geometry":{"type":"Point","coordinates":[13.28825,52.45191]}},{"type":"Feature","properties":{"id":"ih-kutuphane-17","kind":"poi","name":"Thomas-Dehler-Bibliothek","theme":"kutuphane","lab":1},"geometry":{"type":"Point","coordinates":[13.34576,52.48819]}},{"type":"Feature","properties":{"id":"ih-kutuphane-18","kind":"poi","name":"Gottfried-Benn-Bibliothek","theme":"kutuphane","lab":1},"geometry":{"type":"Point","coordinates":[13.25549,52.43209]}},{"type":"Feature","properties":{"id":"ih-kutuphane-19","kind":"poi","name":"Humboldt-Universität zu Berlin Universitätsbibliothek Zweigbibliothek Theologie","theme":"kutuphane","lab":1},"geometry":{"type":"Point","coordinates":[13.40137,52.52112]}},{"type":"Feature","properties":{"id":"ih-kutuphane-20","kind":"poi","name":"Leibniz-Institut für Astrophysik Potsdam (AIP) Bibliothek","theme":"kutuphane","lab":1},"geometry":{"type":"Point","coordinates":[13.10233,52.40431]}},{"type":"Feature","properties":{"id":"ih-kutuphane-21","kind":"poi","name":"Bibliothek für Bildungsgeschichtliche Forschung","theme":"kutuphane","lab":1},"geometry":{"type":"Point","coordinates":[13.448,52.50512]}},{"type":"Feature","properties":{"id":"ih-kutuphane-22","kind":"poi","name":"Mittelpunktbibliothek Treptow","theme":"kutuphane","lab":1},"geometry":{"type":"Point","coordinates":[13.5142,52.45402]}},{"type":"Feature","properties":{"id":"ih-kutuphane-23","kind":"poi","name":"Bruno-Lösche-Bibliothek","theme":"kutuphane","lab":1},"geometry":{"type":"Point","coordinates":[13.34751,52.53124]}},{"type":"Feature","properties":{"id":"ih-kutuphane-24","kind":"poi","name":"Anton-Saefkow-Bibliothek","theme":"kutuphane","lab":1},"geometry":{"type":"Point","coordinates":[13.47084,52.53078]}},{"type":"Feature","properties":{"id":"ih-kutuphane-25","kind":"poi","name":"Stadtbibliothek","theme":"kutuphane","lab":1},"geometry":{"type":"Point","coordinates":[13.26146,52.30108]}},{"type":"Feature","properties":{"id":"ih-kutuphane-26","kind":"poi","name":"Stadtteilbibliothek Erich Weinert","theme":"kutuphane","lab":1},"geometry":{"type":"Point","coordinates":[13.53871,52.52816]}},{"type":"Feature","properties":{"id":"ih-kutuphane-27","kind":"poi","name":"Stadtteilbibliothek Halemweg","theme":"kutuphane","lab":1},"geometry":{"type":"Point","coordinates":[13.28719,52.5375]}},{"type":"Feature","properties":{"id":"ih-kutuphane-28","kind":"poi","name":"Bezirkszentralbibliothek Spandau","theme":"kutuphane","lab":1},"geometry":{"type":"Point","coordinates":[13.20139,52.53613]}},{"type":"Feature","properties":{"id":"ih-kutuphane-29","kind":"poi","name":"Bezirkszentralbibliothek Mark Twain","theme":"kutuphane","lab":1},"geometry":{"type":"Point","coordinates":[13.5567,52.54722]}},{"type":"Feature","properties":{"id":"ih-kutuphane-30","kind":"poi","name":"Bezirkszentralbibliothek Philipp Schaeffer","theme":"kutuphane","lab":1},"geometry":{"type":"Point","coordinates":[13.3987,52.53161]}},{"type":"Feature","properties":{"id":"ih-kutuphane-31","kind":"poi","name":"Stadtteilbibliothek Mahlsdorf","theme":"kutuphane","lab":1},"geometry":{"type":"Point","coordinates":[13.61279,52.50555]}},{"type":"Feature","properties":{"id":"ih-kutuphane-32","kind":"poi","name":"Wolfdietrich-Schnurre-Bibliothek","theme":"kutuphane","lab":1},"geometry":{"type":"Point","coordinates":[13.45284,52.54774]}},{"type":"Feature","properties":{"id":"ih-kutuphane-33","kind":"poi","name":"Stadtteilbibliothek Karow","theme":"kutuphane","lab":1},"geometry":{"type":"Point","coordinates":[13.4917,52.61655]}},{"type":"Feature","properties":{"id":"ih-kutuphane-34","kind":"poi","name":"Bibliothek","theme":"kutuphane","lab":1},"geometry":{"type":"Point","coordinates":[13.6161,52.60428]}},{"type":"Feature","properties":{"id":"ih-kutuphane-35","kind":"poi","name":"Bettina von Arnim Bibliothek","theme":"kutuphane","lab":1},"geometry":{"type":"Point","coordinates":[13.41409,52.54926]}},{"type":"Feature","properties":{"id":"ih-kutuphane-36","kind":"poi","name":"Egon-Erwin-Kisch-Bibliothek","theme":"kutuphane","lab":1},"geometry":{"type":"Point","coordinates":[13.48137,52.51344]}},{"type":"Feature","properties":{"id":"ih-kutuphane-37","kind":"poi","name":"Helene-Nathan-Bibliothek","theme":"kutuphane","lab":1},"geometry":{"type":"Point","coordinates":[13.43277,52.48196]}},{"type":"Feature","properties":{"id":"ih-kutuphane-38","kind":"poi","name":"Ingeborg-Drewitz-Bibliothek","theme":"kutuphane","lab":1},"geometry":{"type":"Point","coordinates":[13.31963,52.45778]}},{"type":"Feature","properties":{"id":"ih-kutuphane-39","kind":"poi","name":"Johannes-Bobrowski-Bibliothek","theme":"kutuphane","lab":1},"geometry":{"type":"Point","coordinates":[13.6214,52.4548]}},{"type":"Feature","properties":{"id":"ih-kutuphane-40","kind":"poi","name":"Stadtteilbibliothek Lichenrade","theme":"kutuphane","lab":1},"geometry":{"type":"Point","coordinates":[13.39738,52.38792]}},{"type":"Feature","properties":{"id":"ih-kutuphane-41","kind":"poi","name":"Heinrich-Schulz-Bibliothek","theme":"kutuphane","lab":1},"geometry":{"type":"Point","coordinates":[13.30887,52.51711]}},{"type":"Feature","properties":{"id":"ih-kutuphane-42","kind":"poi","name":"Friedrich-von-Raumer-Bibliothek","theme":"kutuphane","lab":1},"geometry":{"type":"Point","coordinates":[13.38276,52.48519]}},{"type":"Feature","properties":{"id":"ih-kutuphane-43","kind":"poi","name":"Bibliothek Buch","theme":"kutuphane","lab":1},"geometry":{"type":"Point","coordinates":[13.49388,52.63564]}},{"type":"Feature","properties":{"id":"ih-kutuphane-44","kind":"poi","name":"Comicbibliothek Renate","theme":"kutuphane","lab":1},"geometry":{"type":"Point","coordinates":[13.39373,52.52614]}},{"type":"Feature","properties":{"id":"ih-kutuphane-45","kind":"poi","name":"Heinrich-Böll-Bibliothek","theme":"kutuphane","lab":1},"geometry":{"type":"Point","coordinates":[13.44085,52.54182]}},{"type":"Feature","properties":{"id":"ih-kutuphane-46","kind":"poi","name":"Adolf-Reichwein-Bibliothek","theme":"kutuphane","lab":1},"geometry":{"type":"Point","coordinates":[13.28789,52.47758]}},{"type":"Feature","properties":{"id":"ih-kutuphane-47","kind":"poi","name":"Bodo-Uhse-Bibliothek","theme":"kutuphane","lab":1},"geometry":{"type":"Point","coordinates":[13.52092,52.49786]}},{"type":"Feature","properties":{"id":"ih-kutuphane-48","kind":"poi","name":"Janusz-Korczak-Bibliothek","theme":"kutuphane","lab":1},"geometry":{"type":"Point","coordinates":[13.41236,52.56845]}},{"type":"Feature","properties":{"id":"ih-kutuphane-49","kind":"poi","name":"Ingeborg-Bachmann-Bibliothek","theme":"kutuphane","lab":1},"geometry":{"type":"Point","coordinates":[13.294,52.51455]}},{"type":"Feature","properties":{"id":"ih-kutuphane-50","kind":"poi","name":"Öffentliche Bibliothek Kleinmachnow","theme":"kutuphane","lab":1},"geometry":{"type":"Point","coordinates":[13.21991,52.40323]}},{"type":"Feature","properties":{"id":"ih-kutuphane-51","kind":"poi","name":"Bibliothek der Freien","theme":"kutuphane","lab":1},"geometry":{"type":"Point","coordinates":[13.42548,52.5287]}},{"type":"Feature","properties":{"id":"ih-kutuphane-52","kind":"poi","name":"Archiv für Alternativkultur","theme":"kutuphane","lab":1},"geometry":{"type":"Point","coordinates":[13.39576,52.51274]}},{"type":"Feature","properties":{"id":"ih-kutuphane-53","kind":"poi","name":"Johanna-Moosdorf-Bibliothek","theme":"kutuphane","lab":1},"geometry":{"type":"Point","coordinates":[13.25861,52.51066]}},{"type":"Feature","properties":{"id":"ih-kutuphane-54","kind":"poi","name":"Kunstbibliothek","theme":"kutuphane","lab":1},"geometry":{"type":"Point","coordinates":[13.36694,52.50851]}},{"type":"Feature","properties":{"id":"ih-kutuphane-55","kind":"poi","name":"Institut Français Berlin, Mediathek","theme":"kutuphane","lab":1},"geometry":{"type":"Point","coordinates":[13.32487,52.50213]}},{"type":"Feature","properties":{"id":"ih-kutuphane-56","kind":"poi","name":"Archiv der Jugendkulturen","theme":"kutuphane","lab":1},"geometry":{"type":"Point","coordinates":[13.38969,52.48648]}},{"type":"Feature","properties":{"id":"ih-kutuphane-57","kind":"poi","name":"Anna-Ditzen-Bibliothek","theme":"kutuphane","lab":1},"geometry":{"type":"Point","coordinates":[13.70477,52.52128]}},{"type":"Feature","properties":{"id":"ih-kutuphane-58","kind":"poi","name":"Bibliothek Tiergarten-Süd","theme":"kutuphane","lab":1},"geometry":{"type":"Point","coordinates":[13.36343,52.50376]}},{"type":"Feature","properties":{"id":"ih-kutuphane-59","kind":"poi","name":"Anna-Seghers-Bibliothek","theme":"kutuphane","lab":1},"geometry":{"type":"Point","coordinates":[13.50612,52.56498]}},{"type":"Feature","properties":{"id":"ih-kutuphane-60","kind":"poi","name":"DESY Bibliothek","theme":"kutuphane","lab":1},"geometry":{"type":"Point","coordinates":[13.63298,52.34562]}},{"type":"Feature","properties":{"id":"ih-kutuphane-61","kind":"poi","name":"Stadtbibliothek Falkensee","theme":"kutuphane","lab":1},"geometry":{"type":"Point","coordinates":[13.09197,52.56288]}},{"type":"Feature","properties":{"id":"ih-kutuphane-62","kind":"poi","name":"Bibliothek der Stiftung Topographie des Terrors","theme":"kutuphane","lab":1},"geometry":{"type":"Point","coordinates":[13.3839,52.50674]}},{"type":"Feature","properties":{"id":"ih-kutuphane-63","kind":"poi","name":"Bibliothek Am Wasserturm","theme":"kutuphane","lab":1},"geometry":{"type":"Point","coordinates":[13.4195,52.53316]}},{"type":"Feature","properties":{"id":"ih-kutuphane-64","kind":"poi","name":"Hansabibliothek","theme":"kutuphane","lab":1},"geometry":{"type":"Point","coordinates":[13.34275,52.51709]}},{"type":"Feature","properties":{"id":"ih-kutuphane-65","kind":"poi","name":"Charité Medizinische Bibliothek Campus Mitte","theme":"kutuphane","lab":1},"geometry":{"type":"Point","coordinates":[13.38016,52.52616]}},{"type":"Feature","properties":{"id":"ih-kutuphane-66","kind":"poi","name":"Stadtteilbibliothek Frohnau","theme":"kutuphane","lab":1},"geometry":{"type":"Point","coordinates":[13.29514,52.63544]}},{"type":"Feature","properties":{"id":"ih-kutuphane-67","kind":"poi","name":"Bibliothek des Wissenschaftsparks Albert Einstein","theme":"kutuphane","lab":1},"geometry":{"type":"Point","coordinates":[13.06591,52.37941]}},{"type":"Feature","properties":{"id":"ih-kutuphane-68","kind":"poi","name":"ICI Berlin","theme":"kutuphane","lab":1},"geometry":{"type":"Point","coordinates":[13.41078,52.53218]}},{"type":"Feature","properties":{"id":"ih-kutuphane-69","kind":"poi","name":"Stadtteilbibliothek Kaulsdorf","theme":"kutuphane","lab":1},"geometry":{"type":"Point","coordinates":[13.59289,52.52936]}},{"type":"Feature","properties":{"id":"ih-kutuphane-70","kind":"poi","name":"Stadtteilbibliothek Heerstraße","theme":"kutuphane","lab":1},"geometry":{"type":"Point","coordinates":[13.16541,52.5224]}},{"type":"Feature","properties":{"id":"ih-kutuphane-71","kind":"poi","name":"Gertrud-Junge-Bibliothek","theme":"kutuphane","lab":1},"geometry":{"type":"Point","coordinates":[13.46207,52.42567]}},{"type":"Feature","properties":{"id":"ih-kutuphane-72","kind":"poi","name":"Gertrud-Haß-Bibliothek","theme":"kutuphane","lab":1},"geometry":{"type":"Point","coordinates":[13.49432,52.41894]}},{"type":"Feature","properties":{"id":"ih-kutuphane-73","kind":"poi","name":"HWR Bibliothek Campus Lichtenberg","theme":"kutuphane","lab":1},"geometry":{"type":"Point","coordinates":[13.52638,52.50795]}},{"type":"Feature","properties":{"id":"ih-kutuphane-74","kind":"poi","name":"Stadtbibliothek Velten","theme":"kutuphane","lab":1},"geometry":{"type":"Point","coordinates":[13.17756,52.68915]}},{"type":"Feature","properties":{"id":"ih-kutuphane-75","kind":"poi","name":"Humboldt-Bibliothek","theme":"kutuphane","lab":1},"geometry":{"type":"Point","coordinates":[13.2806,52.59194]}},{"type":"Feature","properties":{"id":"ih-kutuphane-76","kind":"poi","name":"Theodor-Heuss-Bibliothek","theme":"kutuphane","lab":1},"geometry":{"type":"Point","coordinates":[13.35054,52.48405]}},{"type":"Feature","properties":{"id":"ih-kutuphane-77","kind":"poi","name":"Dietrich-Bonhoeffer-Bibliothek","theme":"kutuphane","lab":1},"geometry":{"type":"Point","coordinates":[13.32004,52.48715]}},{"type":"Feature","properties":{"id":"ih-kutuphane-78","kind":"poi","name":"Stadtteilbibliothek Reinickendorf Ost","theme":"kutuphane","lab":1},"geometry":{"type":"Point","coordinates":[13.35964,52.56583]}},{"type":"Feature","properties":{"id":"ih-kutuphane-79","kind":"poi","name":"Stadtbibliothek \"Heinrich von Kleist\"","theme":"kutuphane","lab":1},"geometry":{"type":"Point","coordinates":[13.57398,52.56827]}},{"type":"Feature","properties":{"id":"ih-muze-0","kind":"poi","name":"Stasimuseum","theme":"muze","lab":1},"geometry":{"type":"Point","coordinates":[13.48748,52.51451]}},{"type":"Feature","properties":{"id":"ih-muze-1","kind":"poi","name":"Deutschlandmuseum","theme":"muze","lab":1},"geometry":{"type":"Point","coordinates":[13.37843,52.50879]}},{"type":"Feature","properties":{"id":"ih-muze-2","kind":"poi","name":"Enthüllt. Berlin und seine Denkmäler","theme":"muze","lab":1},"geometry":{"type":"Point","coordinates":[13.21385,52.54122]}},{"type":"Feature","properties":{"id":"ih-muze-3","kind":"poi","name":"Anti-Kriegs-Museum","theme":"muze","lab":1},"geometry":{"type":"Point","coordinates":[13.34795,52.54602]}},{"type":"Feature","properties":{"id":"ih-muze-4","kind":"poi","name":"NANO – Wissenschaft begreifen","theme":"muze","lab":1},"geometry":{"type":"Point","coordinates":[13.06403,52.39775]}},{"type":"Feature","properties":{"id":"ih-muze-5","kind":"poi","name":"Berliner Unterwelten-Museum","theme":"muze","lab":1},"geometry":{"type":"Point","coordinates":[13.38925,52.54781]}},{"type":"Feature","properties":{"id":"ih-muze-6","kind":"poi","name":"Museum für Naturkunde","theme":"muze","lab":1},"geometry":{"type":"Point","coordinates":[13.37912,52.53049]}},{"type":"Feature","properties":{"id":"ih-muze-7","kind":"poi","name":"FHXB Friedrichshain-Kreuzberg Museum","theme":"muze","lab":1},"geometry":{"type":"Point","coordinates":[13.41822,52.5006]}},{"type":"Feature","properties":{"id":"ih-muze-8","kind":"poi","name":"Keramik-Museum Berlin","theme":"muze","lab":1},"geometry":{"type":"Point","coordinates":[13.30403,52.51719]}},{"type":"Feature","properties":{"id":"ih-muze-9","kind":"poi","name":"Geschichtsspeicher Fichtebunker","theme":"muze","lab":1},"geometry":{"type":"Point","coordinates":[13.4129,52.49034]}},{"type":"Feature","properties":{"id":"ih-muze-10","kind":"poi","name":"Gedenkstätte Lindenstraße 54/55","theme":"muze","lab":1},"geometry":{"type":"Point","coordinates":[13.05222,52.40046]}},{"type":"Feature","properties":{"id":"ih-muze-11","kind":"poi","name":"Computerspielemuseum","theme":"muze","lab":1},"geometry":{"type":"Point","coordinates":[13.44195,52.51758]}},{"type":"Feature","properties":{"id":"ih-muze-12","kind":"poi","name":"Berliner U-Bahn-Museum","theme":"muze","lab":1},"geometry":{"type":"Point","coordinates":[13.24997,52.51735]}},{"type":"Feature","properties":{"id":"ih-muze-13","kind":"poi","name":"Zille-Museum","theme":"muze","lab":1},"geometry":{"type":"Point","coordinates":[13.40614,52.5164]}},{"type":"Feature","properties":{"id":"ih-muze-14","kind":"poi","name":"Berliner Medizinhistorisches Museum der Charité","theme":"muze","lab":1},"geometry":{"type":"Point","coordinates":[13.37452,52.52614]}},{"type":"Feature","properties":{"id":"ih-muze-15","kind":"poi","name":"C/O Berlin","theme":"muze","lab":1},"geometry":{"type":"Point","coordinates":[13.33063,52.50659]}},{"type":"Feature","properties":{"id":"ih-muze-16","kind":"poi","name":"Deutsches Historisches Museum","theme":"muze","lab":1},"geometry":{"type":"Point","coordinates":[13.39702,52.51775]}},{"type":"Feature","properties":{"id":"ih-muze-17","kind":"poi","name":"Brandenburg Museum für Zukunft, Gegenwart und Geschichte","theme":"muze","lab":1},"geometry":{"type":"Point","coordinates":[13.05664,52.39598]}},{"type":"Feature","properties":{"id":"ih-muze-18","kind":"poi","name":"Filmmuseum Potsdam","theme":"muze","lab":1},"geometry":{"type":"Point","coordinates":[13.05777,52.39524]}},{"type":"Feature","properties":{"id":"ih-muze-19","kind":"poi","name":"Rotkreuz-Museum","theme":"muze","lab":1},"geometry":{"type":"Point","coordinates":[13.32687,52.4743]}},{"type":"Feature","properties":{"id":"ih-muze-20","kind":"poi","name":"Steglitz Museum","theme":"muze","lab":1},"geometry":{"type":"Point","coordinates":[13.30267,52.43726]}},{"type":"Feature","properties":{"id":"ih-muze-21","kind":"poi","name":"Naturkundemuseum","theme":"muze","lab":1},"geometry":{"type":"Point","coordinates":[13.0508,52.39588]}},{"type":"Feature","properties":{"id":"ih-muze-22","kind":"poi","name":"Samurai Museum Berlin","theme":"muze","lab":1},"geometry":{"type":"Point","coordinates":[13.39533,52.52681]}},{"type":"Feature","properties":{"id":"ih-muze-23","kind":"poi","name":"Potsdam Museum - Forum für Kunst und Geschichte","theme":"muze","lab":1},"geometry":{"type":"Point","coordinates":[13.06199,52.3958]}},{"type":"Feature","properties":{"id":"ih-muze-24","kind":"poi","name":"Kindl - Zentrum für zeitgenössische Kunst","theme":"muze","lab":1},"geometry":{"type":"Point","coordinates":[13.43127,52.47946]}},{"type":"Feature","properties":{"id":"ih-muze-25","kind":"poi","name":"Jan Bouman Haus","theme":"muze","lab":1},"geometry":{"type":"Point","coordinates":[13.05925,52.40273]}},{"type":"Feature","properties":{"id":"ih-muze-26","kind":"poi","name":"Sammlung Scharf-Gerstenberg","theme":"muze","lab":1},"geometry":{"type":"Point","coordinates":[13.29671,52.51912]}},{"type":"Feature","properties":{"id":"ih-muze-27","kind":"poi","name":"Abguss-Sammlung Antiker Plastik","theme":"muze","lab":1},"geometry":{"type":"Point","coordinates":[13.29702,52.51881]}},{"type":"Feature","properties":{"id":"ih-muze-28","kind":"poi","name":"Humboldt Forum","theme":"muze","lab":1},"geometry":{"type":"Point","coordinates":[13.40123,52.51703]}},{"type":"Feature","properties":{"id":"ih-muze-29","kind":"poi","name":"Militär-Historisches Museum Berlin-Gatow","theme":"muze","lab":1},"geometry":{"type":"Point","coordinates":[13.13868,52.47193]}},{"type":"Feature","properties":{"id":"ih-muze-30","kind":"poi","name":"Haus des Papiers","theme":"muze","lab":1},"geometry":{"type":"Point","coordinates":[13.40329,52.51045]}},{"type":"Feature","properties":{"id":"ih-muze-31","kind":"poi","name":"Waisenhaus-Museum Potsdam","theme":"muze","lab":1},"geometry":{"type":"Point","coordinates":[13.05192,52.39627]}},{"type":"Feature","properties":{"id":"ih-muze-32","kind":"poi","name":"Käthe-Kollwitz-Museum Berlin","theme":"muze","lab":1},"geometry":{"type":"Point","coordinates":[13.29209,52.52054]}},{"type":"Feature","properties":{"id":"ih-muze-33","kind":"poi","name":"Berlin Story Bunker","theme":"muze","lab":1},"geometry":{"type":"Point","coordinates":[13.38035,52.5029]}},{"type":"Feature","properties":{"id":"ih-muze-34","kind":"poi","name":"Stabi Kulturwerk","theme":"muze","lab":1},"geometry":{"type":"Point","coordinates":[13.39156,52.51795]}},{"type":"Feature","properties":{"id":"ih-muze-35","kind":"poi","name":"Mythos Germania","theme":"muze","lab":1},"geometry":{"type":"Point","coordinates":[13.38747,52.54937]}},{"type":"Feature","properties":{"id":"ih-muze-36","kind":"poi","name":"Radiomuseum Berlin in Brandenburg","theme":"muze","lab":1},"geometry":{"type":"Point","coordinates":[13.67866,52.61613]}},{"type":"Feature","properties":{"id":"ih-muze-37","kind":"poi","name":"Lernort Keibelstraße","theme":"muze","lab":1},"geometry":{"type":"Point","coordinates":[13.41654,52.52437]}},{"type":"Feature","properties":{"id":"ih-muze-38","kind":"poi","name":"Werkstatt Exilmuseum","theme":"muze","lab":1},"geometry":{"type":"Point","coordinates":[13.32694,52.5017]}},{"type":"Feature","properties":{"id":"ih-muze-39","kind":"poi","name":"Neuer Pavillon","theme":"muze","lab":1},"geometry":{"type":"Point","coordinates":[13.29923,52.52132]}},{"type":"Feature","properties":{"id":"ih-muze-40","kind":"poi","name":"Nikolaikirche","theme":"muze","lab":1},"geometry":{"type":"Point","coordinates":[13.40751,52.51682]}},{"type":"Feature","properties":{"id":"ih-muze-41","kind":"poi","name":"Topographie des Terrors","theme":"muze","lab":1},"geometry":{"type":"Point","coordinates":[13.38434,52.50619]}},{"type":"Feature","properties":{"id":"ih-muze-42","kind":"poi","name":"Mausoleum Charlottenburg","theme":"muze","lab":1},"geometry":{"type":"Point","coordinates":[13.2918,52.52426]}},{"type":"Feature","properties":{"id":"ih-muze-43","kind":"poi","name":"Museum für Fotografie","theme":"muze","lab":1},"geometry":{"type":"Point","coordinates":[13.33207,52.50814]}},{"type":"Feature","properties":{"id":"ih-muze-44","kind":"poi","name":"Knoblauchhaus","theme":"muze","lab":1},"geometry":{"type":"Point","coordinates":[13.40699,52.51644]}},{"type":"Feature","properties":{"id":"ih-muze-45","kind":"poi","name":"Museumsdorf Düppel","theme":"muze","lab":1},"geometry":{"type":"Point","coordinates":[13.23368,52.42514]}},{"type":"Feature","properties":{"id":"ih-muze-46","kind":"poi","name":"Deutsches Technikmuseum","theme":"muze","lab":1},"geometry":{"type":"Point","coordinates":[13.3765,52.49721]}},{"type":"Feature","properties":{"id":"ih-muze-47","kind":"poi","name":"Berlinische Galerie","theme":"muze","lab":1},"geometry":{"type":"Point","coordinates":[13.39823,52.5039]}},{"type":"Feature","properties":{"id":"ih-muze-48","kind":"poi","name":"Schmetterlingshorst","theme":"muze","lab":1},"geometry":{"type":"Point","coordinates":[13.6095,52.4126]}},{"type":"Feature","properties":{"id":"ih-muze-49","kind":"poi","name":"Haus der Wannseekonferenz","theme":"muze","lab":1},"geometry":{"type":"Point","coordinates":[13.1656,52.43293]}},{"type":"Feature","properties":{"id":"ih-muze-50","kind":"poi","name":"Alter Speicher","theme":"muze","lab":1},"geometry":{"type":"Point","coordinates":[13.49081,52.66483]}},{"type":"Feature","properties":{"id":"ih-muze-51","kind":"poi","name":"Wilhelm-Foerster-Sternwarte","theme":"muze","lab":1},"geometry":{"type":"Point","coordinates":[13.35129,52.45741]}},{"type":"Feature","properties":{"id":"ih-muze-52","kind":"poi","name":"Georg-Kolbe-Museum","theme":"muze","lab":1},"geometry":{"type":"Point","coordinates":[13.25478,52.50991]}},{"type":"Feature","properties":{"id":"ih-muze-53","kind":"poi","name":"Science Center Spectrum","theme":"muze","lab":1},"geometry":{"type":"Point","coordinates":[13.3794,52.49812]}},{"type":"Feature","properties":{"id":"ih-muze-54","kind":"poi","name":"Checkpoint Bravo","theme":"muze","lab":1},"geometry":{"type":"Point","coordinates":[13.19193,52.40736]}},{"type":"Feature","properties":{"id":"ih-muze-55","kind":"poi","name":"Museum in der Kulturbrauerei","theme":"muze","lab":1},"geometry":{"type":"Point","coordinates":[13.41374,52.54029]}},{"type":"Feature","properties":{"id":"ih-muze-56","kind":"poi","name":"Ofen- und Keramikmuseum","theme":"muze","lab":1},"geometry":{"type":"Point","coordinates":[13.17108,52.68914]}},{"type":"Feature","properties":{"id":"ih-muze-57","kind":"poi","name":"Effizienzhaus-Plus mit Elektromobilität","theme":"muze","lab":1},"geometry":{"type":"Point","coordinates":[13.32934,52.50908]}},{"type":"Feature","properties":{"id":"ih-muze-58","kind":"poi","name":"Dokumentationszentrum NS-Zwangsarbeit","theme":"muze","lab":1},"geometry":{"type":"Point","coordinates":[13.51876,52.45262]}},{"type":"Feature","properties":{"id":"ih-muze-59","kind":"poi","name":"Industriesalon Schöneweide","theme":"muze","lab":1},"geometry":{"type":"Point","coordinates":[13.51799,52.46033]}},{"type":"Feature","properties":{"id":"ih-muze-60","kind":"poi","name":"Museum Barberini","theme":"muze","lab":1},"geometry":{"type":"Point","coordinates":[13.06223,52.39522]}},{"type":"Feature","properties":{"id":"ih-muze-61","kind":"poi","name":"Gaslaternen-Freilichtmuseum","theme":"muze","lab":1},"geometry":{"type":"Point","coordinates":[13.33699,52.51253]}},{"type":"Feature","properties":{"id":"ih-muze-62","kind":"poi","name":"Ephraim-Palais","theme":"muze","lab":1},"geometry":{"type":"Point","coordinates":[13.40714,52.51587]}},{"type":"Feature","properties":{"id":"ih-muze-63","kind":"poi","name":"Mitte Museum","theme":"muze","lab":1},"geometry":{"type":"Point","coordinates":[13.38013,52.55105]}},{"type":"Feature","properties":{"id":"ih-muze-64","kind":"poi","name":"Futurium","theme":"muze","lab":1},"geometry":{"type":"Point","coordinates":[13.37445,52.52401]}},{"type":"Feature","properties":{"id":"ih-muze-65","kind":"poi","name":"Gedenkstätte Deutscher Widerstand","theme":"muze","lab":1},"geometry":{"type":"Point","coordinates":[13.36299,52.50761]}},{"type":"Feature","properties":{"id":"ih-muze-66","kind":"poi","name":"Dokumentationszentrum Flucht, Vertreibung, Versöhnung","theme":"muze","lab":1},"geometry":{"type":"Point","coordinates":[13.38221,52.50487]}},{"type":"Feature","properties":{"id":"ih-muze-67","kind":"poi","name":"Heimatmuseum Erkner","theme":"muze","lab":1},"geometry":{"type":"Point","coordinates":[13.75166,52.41299]}},{"type":"Feature","properties":{"id":"ih-muze-68","kind":"poi","name":"Gerhart-Hauptmann-Museum","theme":"muze","lab":1},"geometry":{"type":"Point","coordinates":[13.75475,52.41877]}},{"type":"Feature","properties":{"id":"ih-muze-69","kind":"poi","name":"Feuerwehrmuseum Berlin","theme":"muze","lab":1},"geometry":{"type":"Point","coordinates":[13.28631,52.58631]}},{"type":"Feature","properties":{"id":"ih-muze-70","kind":"poi","name":"Museum für Kommunikation","theme":"muze","lab":1},"geometry":{"type":"Point","coordinates":[13.38726,52.50993]}},{"type":"Feature","properties":{"id":"ih-muze-71","kind":"poi","name":"Heimatmuseum Köpenick","theme":"muze","lab":1},"geometry":{"type":"Point","coordinates":[13.5791,52.44536]}},{"type":"Feature","properties":{"id":"ih-muze-72","kind":"poi","name":"museum Fluxus+","theme":"muze","lab":1},"geometry":{"type":"Point","coordinates":[13.07328,52.40227]}},{"type":"Feature","properties":{"id":"ih-muze-73","kind":"poi","name":"Erinnerungsstätte Notaufnahmelager Marienfelde","theme":"muze","lab":1},"geometry":{"type":"Point","coordinates":[13.36845,52.4204]}},{"type":"Feature","properties":{"id":"ih-muze-74","kind":"poi","name":"Sender- und Funktechnikmuseum","theme":"muze","lab":1},"geometry":{"type":"Point","coordinates":[13.6207,52.30428]}},{"type":"Feature","properties":{"id":"ih-muze-75","kind":"poi","name":"Mori-Ôgai-Gedenkstätte","theme":"muze","lab":1},"geometry":{"type":"Point","coordinates":[13.38,52.52192]}},{"type":"Feature","properties":{"id":"ih-muze-76","kind":"poi","name":"Heimatmuseum Zehlendorf","theme":"muze","lab":1},"geometry":{"type":"Point","coordinates":[13.2603,52.43545]}},{"type":"Feature","properties":{"id":"ih-muze-77","kind":"poi","name":"Hugenottenmuseum Berlin","theme":"muze","lab":1},"geometry":{"type":"Point","coordinates":[13.39243,52.51429]}},{"type":"Feature","properties":{"id":"ih-muze-78","kind":"poi","name":"Anna-Seghers-Gedenkstätte","theme":"muze","lab":1},"geometry":{"type":"Point","coordinates":[13.54072,52.43817]}},{"type":"Feature","properties":{"id":"ih-muze-79","kind":"poi","name":"Das Verborgene Museum  (geschlossen)","theme":"muze","lab":1},"geometry":{"type":"Point","coordinates":[13.31846,52.50804]}},{"type":"Feature","properties":{"id":"ih-muze-80","kind":"poi","name":"Museum Pankow","theme":"muze","lab":1},"geometry":{"type":"Point","coordinates":[13.42024,52.53332]}},{"type":"Feature","properties":{"id":"ih-muze-81","kind":"poi","name":"Anne Frank Zentrum","theme":"muze","lab":1},"geometry":{"type":"Point","coordinates":[13.40192,52.52449]}},{"type":"Feature","properties":{"id":"ih-muze-82","kind":"poi","name":"Bezirksmuseum Marzahn-Hellersdorf, Haus 2","theme":"muze","lab":1},"geometry":{"type":"Point","coordinates":[13.56191,52.54349]}},{"type":"Feature","properties":{"id":"ih-muze-83","kind":"poi","name":"Mauermuseum","theme":"muze","lab":1},"geometry":{"type":"Point","coordinates":[13.39068,52.50719]}},{"type":"Feature","properties":{"id":"ih-muze-84","kind":"poi","name":"DDR-Museumswohnung WBS 70","theme":"muze","lab":1},"geometry":{"type":"Point","coordinates":[13.593,52.5343]}},{"type":"Feature","properties":{"id":"ih-muze-85","kind":"poi","name":"Museum der Unerhörten Dinge","theme":"muze","lab":1},"geometry":{"type":"Point","coordinates":[13.35868,52.48699]}},{"type":"Feature","properties":{"id":"ih-muze-86","kind":"poi","name":"Schwules Museum *","theme":"muze","lab":1},"geometry":{"type":"Point","coordinates":[13.35822,52.50425]}},{"type":"Feature","properties":{"id":"ih-muze-87","kind":"poi","name":"Ramones Museum","theme":"muze","lab":1},"geometry":{"type":"Point","coordinates":[13.44309,52.48248]}},{"type":"Feature","properties":{"id":"ih-muze-88","kind":"poi","name":"Trabi Museum","theme":"muze","lab":1},"geometry":{"type":"Point","coordinates":[13.38865,52.50745]}},{"type":"Feature","properties":{"id":"ih-muze-89","kind":"poi","name":"Deutsches Spionagemuseum","theme":"muze","lab":1},"geometry":{"type":"Point","coordinates":[13.37929,52.50901]}},{"type":"Feature","properties":{"id":"ih-muze-90","kind":"poi","name":"Museum Europäischer Kulturen","theme":"muze","lab":1},"geometry":{"type":"Point","coordinates":[13.29264,52.45556]}},{"type":"Feature","properties":{"id":"ih-muze-91","kind":"poi","name":"Wassersportmuseum","theme":"muze","lab":1},"geometry":{"type":"Point","coordinates":[13.58745,52.41198]}},{"type":"Feature","properties":{"id":"ih-muze-92","kind":"poi","name":"Museum der Stille","theme":"muze","lab":1},"geometry":{"type":"Point","coordinates":[13.39369,52.52757]}},{"type":"Feature","properties":{"id":"ih-muze-93","kind":"poi","name":"Lapidarium Köllnischer Park","theme":"muze","lab":1},"geometry":{"type":"Point","coordinates":[13.41433,52.51305]}},{"type":"Feature","properties":{"id":"ih-muze-94","kind":"poi","name":"Urban Nation","theme":"muze","lab":1},"geometry":{"type":"Point","coordinates":[13.35665,52.49867]}},{"type":"Feature","properties":{"id":"ih-muze-95","kind":"poi","name":"David Hasselhoff Museum","theme":"muze","lab":1},"geometry":{"type":"Point","coordinates":[13.402,52.53014]}},{"type":"Feature","properties":{"id":"ih-muze-96","kind":"poi","name":"Jagdschloss Grunewald","theme":"muze","lab":1},"geometry":{"type":"Point","coordinates":[13.26151,52.46737]}},{"type":"Feature","properties":{"id":"ih-muze-97","kind":"poi","name":"Alice – Museum für Kinder","theme":"muze","lab":1},"geometry":{"type":"Point","coordinates":[13.5501,52.461]}},{"type":"Feature","properties":{"id":"ih-muze-98","kind":"poi","name":"Museum des Kapitalismus","theme":"muze","lab":1},"geometry":{"type":"Point","coordinates":[13.43484,52.50432]}},{"type":"Feature","properties":{"id":"ih-muze-99","kind":"poi","name":"Tempelhof Museum","theme":"muze","lab":1},"geometry":{"type":"Point","coordinates":[13.38548,52.43957]}},{"type":"Feature","properties":{"id":"ih-muze-100","kind":"poi","name":"MACHmit! Museum für Kinder","theme":"muze","lab":1},"geometry":{"type":"Point","coordinates":[13.42267,52.54053]}},{"type":"Feature","properties":{"id":"ih-muze-101","kind":"poi","name":"Architekturmuseum","theme":"muze","lab":1},"geometry":{"type":"Point","coordinates":[13.32382,52.51361]}},{"type":"Feature","properties":{"id":"ih-muze-102","kind":"poi","name":"The Wall Museum","theme":"muze","lab":1},"geometry":{"type":"Point","coordinates":[13.44528,52.50282]}},{"type":"Feature","properties":{"id":"ih-muze-103","kind":"poi","name":"Kurt Mühlenhaupt Museum","theme":"muze","lab":1},"geometry":{"type":"Point","coordinates":[13.38853,52.48769]}},{"type":"Feature","properties":{"id":"ih-muze-104","kind":"poi","name":"Museum Schloß Friedrichsfelde","theme":"muze","lab":1},"geometry":{"type":"Point","coordinates":[13.52343,52.50467]}},{"type":"Feature","properties":{"id":"ih-muze-105","kind":"poi","name":"Rixdorfer Schmiede","theme":"muze","lab":1},"geometry":{"type":"Point","coordinates":[13.44616,52.47416]}},{"type":"Feature","properties":{"id":"ih-muze-106","kind":"poi","name":"Erlebnis Europa","theme":"muze","lab":1},"geometry":{"type":"Point","coordinates":[13.38042,52.51677]}},{"type":"Feature","properties":{"id":"ih-muze-107","kind":"poi","name":"Werkbundarchiv - Museum der Dinge","theme":"muze","lab":1},"geometry":{"type":"Point","coordinates":[13.3998,52.5115]}},{"type":"Feature","properties":{"id":"ih-muze-108","kind":"poi","name":"Museum der Staatlichen Münze Berlin","theme":"muze","lab":1},"geometry":{"type":"Point","coordinates":[13.33032,52.57274]}},{"type":"Feature","properties":{"id":"ih-muze-109","kind":"poi","name":"Neues Museum","theme":"muze","lab":1},"geometry":{"type":"Point","coordinates":[13.39774,52.52018]}},{"type":"Feature","properties":{"id":"ih-muze-110","kind":"poi","name":"Musikinstrumenten-Museum","theme":"muze","lab":1},"geometry":{"type":"Point","coordinates":[13.37084,52.51049]}},{"type":"Feature","properties":{"id":"ih-muze-111","kind":"poi","name":"Kupferstichkabinett","theme":"muze","lab":1},"geometry":{"type":"Point","coordinates":[13.36666,52.50841]}},{"type":"Feature","properties":{"id":"ih-muze-112","kind":"poi","name":"Schloss Schönhausen","theme":"muze","lab":1},"geometry":{"type":"Point","coordinates":[13.40569,52.57835]}},{"type":"Feature","properties":{"id":"ih-muze-113","kind":"poi","name":"Neue Nationalgalerie","theme":"muze","lab":1},"geometry":{"type":"Point","coordinates":[13.36758,52.50698]}},{"type":"Feature","properties":{"id":"ih-muze-114","kind":"poi","name":"Stadtgeschichtliches Museum Spandau","theme":"muze","lab":1},"geometry":{"type":"Point","coordinates":[13.21354,52.54063]}},{"type":"Feature","properties":{"id":"ih-muze-115","kind":"poi","name":"Gründerzeitmuseum im Gutshaus Mahlsdorf","theme":"muze","lab":1},"geometry":{"type":"Point","coordinates":[13.61393,52.50249]}},{"type":"Feature","properties":{"id":"ih-muze-116","kind":"poi","name":"Liebermann-Villa","theme":"muze","lab":1},"geometry":{"type":"Point","coordinates":[13.16489,52.42877]}},{"type":"Feature","properties":{"id":"ih-muze-117","kind":"poi","name":"Museum Neukölln","theme":"muze","lab":1},"geometry":{"type":"Point","coordinates":[13.43778,52.44597]}},{"type":"Feature","properties":{"id":"ih-muze-118","kind":"poi","name":"SA-Gefängnis Papestraße","theme":"muze","lab":1},"geometry":{"type":"Point","coordinates":[13.37001,52.47556]}},{"type":"Feature","properties":{"id":"ih-muze-119","kind":"poi","name":"Haus am Waldsee","theme":"muze","lab":1},"geometry":{"type":"Point","coordinates":[13.23851,52.44207]}},{"type":"Feature","properties":{"id":"ih-muze-120","kind":"poi","name":"Bezirksmuseum Marzahn-Hellersdorf, Haus 1","theme":"muze","lab":1},"geometry":{"type":"Point","coordinates":[13.56101,52.54315]}},{"type":"Feature","properties":{"id":"ih-muze-121","kind":"poi","name":"Kunsthaus Dahlem","theme":"muze","lab":1},"geometry":{"type":"Point","coordinates":[13.2741,52.46635]}},{"type":"Feature","properties":{"id":"ih-muze-122","kind":"poi","name":"Steintor (Heimatmuseum Bernau)","theme":"muze","lab":1},"geometry":{"type":"Point","coordinates":[13.59196,52.67853]}},{"type":"Feature","properties":{"id":"ih-muze-123","kind":"poi","name":"Direktorenhaus Berlin","theme":"muze","lab":1},"geometry":{"type":"Point","coordinates":[13.40958,52.51517]}},{"type":"Feature","properties":{"id":"ih-muze-124","kind":"poi","name":"Schloss Biesdorf","theme":"muze","lab":1},"geometry":{"type":"Point","coordinates":[13.55763,52.50982]}},{"type":"Feature","properties":{"id":"ih-muze-125","kind":"poi","name":"Energie-Museum","theme":"muze","lab":1},"geometry":{"type":"Point","coordinates":[13.32997,52.44345]}},{"type":"Feature","properties":{"id":"ih-muze-126","kind":"poi","name":"Gedenkstätte Berliner Mauer (Dokumentationszentrum)","theme":"muze","lab":1},"geometry":{"type":"Point","coordinates":[13.38954,52.5353]}},{"type":"Feature","properties":{"id":"ih-muze-127","kind":"poi","name":"Clara-Zetkin-Gedenkstätte","theme":"muze","lab":1},"geometry":{"type":"Point","coordinates":[13.29092,52.69142]}},{"type":"Feature","properties":{"id":"ih-muze-128","kind":"poi","name":"Deutsches Blinden-Museum","theme":"muze","lab":1},"geometry":{"type":"Point","coordinates":[13.31508,52.4558]}},{"type":"Feature","properties":{"id":"ih-muze-129","kind":"poi","name":"Lepsiushaus Potsdam","theme":"muze","lab":1},"geometry":{"type":"Point","coordinates":[13.06373,52.41843]}},{"type":"Feature","properties":{"id":"ih-hastane-0","kind":"poi","name":"Vivantes Humboldt-Klinikum","theme":"hastane","lab":1},"geometry":{"type":"Point","coordinates":[13.3078,52.58974]}},{"type":"Feature","properties":{"id":"ih-hastane-1","kind":"poi","name":"Evangelisches Waldkrankenhaus Spandau","theme":"hastane","lab":1},"geometry":{"type":"Point","coordinates":[13.15606,52.56254]}},{"type":"Feature","properties":{"id":"ih-hastane-2","kind":"poi","name":"Helios Klinikum Emil von Behring","theme":"hastane","lab":1},"geometry":{"type":"Point","coordinates":[13.25418,52.42271]}},{"type":"Feature","properties":{"id":"ih-hastane-3","kind":"poi","name":"Krankenhaus Waldfriede","theme":"hastane","lab":1},"geometry":{"type":"Point","coordinates":[13.23987,52.4445]}},{"type":"Feature","properties":{"id":"ih-hastane-4","kind":"poi","name":"DRK Kliniken Berlin - Köpenick","theme":"hastane","lab":1},"geometry":{"type":"Point","coordinates":[13.59573,52.44011]}},{"type":"Feature","properties":{"id":"ih-hastane-5","kind":"poi","name":"Auguste-Viktoria-Klinikum","theme":"hastane","lab":1},"geometry":{"type":"Point","coordinates":[13.34655,52.46208]}},{"type":"Feature","properties":{"id":"ih-hastane-6","kind":"poi","name":"Sana Klinikum Lichtenberg","theme":"hastane","lab":1},"geometry":{"type":"Point","coordinates":[13.49543,52.5133]}},{"type":"Feature","properties":{"id":"ih-hastane-7","kind":"poi","name":"Vivantes Wenckebach-Klinikum","theme":"hastane","lab":1},"geometry":{"type":"Point","coordinates":[13.39022,52.45902]}},{"type":"Feature","properties":{"id":"ih-hastane-8","kind":"poi","name":"DRK Kliniken Berlin Westend","theme":"hastane","lab":1},"geometry":{"type":"Point","coordinates":[13.27729,52.52026]}},{"type":"Feature","properties":{"id":"ih-hastane-9","kind":"poi","name":"Klinikum Ernst von Bergmann","theme":"hastane","lab":1},"geometry":{"type":"Point","coordinates":[13.06613,52.40121]}},{"type":"Feature","properties":{"id":"ih-hastane-10","kind":"poi","name":"Sankt Gertrauden-Krankenhaus","theme":"hastane","lab":1},"geometry":{"type":"Point","coordinates":[13.31721,52.48035]}},{"type":"Feature","properties":{"id":"ih-hastane-11","kind":"poi","name":"Martin-Luther-Krankenhaus","theme":"hastane","lab":1},"geometry":{"type":"Point","coordinates":[13.29188,52.49072]}},{"type":"Feature","properties":{"id":"ih-hastane-12","kind":"poi","name":"Vivantes Klinikum - Neukölln","theme":"hastane","lab":1},"geometry":{"type":"Point","coordinates":[13.45888,52.43726]}},{"type":"Feature","properties":{"id":"ih-hastane-13","kind":"poi","name":"Paulinen Krankenhaus","theme":"hastane","lab":1},"geometry":{"type":"Point","coordinates":[13.23353,52.50778]}},{"type":"Feature","properties":{"id":"ih-hastane-14","kind":"poi","name":"Unfallkrankenhaus Berlin","theme":"hastane","lab":1},"geometry":{"type":"Point","coordinates":[13.56851,52.51914]}},{"type":"Feature","properties":{"id":"ih-hastane-15","kind":"poi","name":"Vivantes Klinikum Kaulsdorf","theme":"hastane","lab":1},"geometry":{"type":"Point","coordinates":[13.59386,52.50671]}},{"type":"Feature","properties":{"id":"ih-hastane-16","kind":"poi","name":"HELIOS Klinikum Berlin Buch","theme":"hastane","lab":1},"geometry":{"type":"Point","coordinates":[13.50829,52.6312]}},{"type":"Feature","properties":{"id":"ih-hastane-17","kind":"poi","name":"Malteser-Krankenhaus","theme":"hastane","lab":1},"geometry":{"type":"Point","coordinates":[13.25189,52.50882]}},{"type":"Feature","properties":{"id":"ih-hastane-18","kind":"poi","name":"Vivantes Klinikum am Urban","theme":"hastane","lab":1},"geometry":{"type":"Point","coordinates":[13.40859,52.49396]}},{"type":"Feature","properties":{"id":"ih-hastane-19","kind":"poi","name":"Heinrich-Heine-Klinik","theme":"hastane","lab":1},"geometry":{"type":"Point","coordinates":[13.05477,52.44636]}},{"type":"Feature","properties":{"id":"ih-hastane-20","kind":"poi","name":"Vivantes Klinikum Spandau","theme":"hastane","lab":1},"geometry":{"type":"Point","coordinates":[13.20696,52.54962]}},{"type":"Feature","properties":{"id":"ih-hastane-21","kind":"poi","name":"Campus Charité Mitte","theme":"hastane","lab":1},"geometry":{"type":"Point","coordinates":[13.37789,52.52576]}},{"type":"Feature","properties":{"id":"ih-hastane-22","kind":"poi","name":"Arona Klinik für Altersmedizin","theme":"hastane","lab":1},"geometry":{"type":"Point","coordinates":[13.56402,52.51554]}},{"type":"Feature","properties":{"id":"ih-hastane-23","kind":"poi","name":"Klinikum im Friedrichshain","theme":"hastane","lab":1},"geometry":{"type":"Point","coordinates":[13.43948,52.52553]}},{"type":"Feature","properties":{"id":"ih-hastane-24","kind":"poi","name":"Jüdisches Krankenhaus Berlin","theme":"hastane","lab":1},"geometry":{"type":"Point","coordinates":[13.37036,52.55541]}},{"type":"Feature","properties":{"id":"ih-hastane-25","kind":"poi","name":"Charité Campus Virchow Klinikum","theme":"hastane","lab":1},"geometry":{"type":"Point","coordinates":[13.34286,52.54215]}},{"type":"Feature","properties":{"id":"ih-hastane-26","kind":"poi","name":"St. Hedwig-Krankenhaus","theme":"hastane","lab":1},"geometry":{"type":"Point","coordinates":[13.39671,52.52601]}},{"type":"Feature","properties":{"id":"ih-hastane-27","kind":"poi","name":"Bundeswehrkrankenhaus Berlin","theme":"hastane","lab":1},"geometry":{"type":"Point","coordinates":[13.37135,52.53566]}},{"type":"Feature","properties":{"id":"ih-hastane-28","kind":"poi","name":"Gemeinschaftskrankenhaus Havelhöhe","theme":"hastane","lab":1},"geometry":{"type":"Point","coordinates":[13.16295,52.46215]}},{"type":"Feature","properties":{"id":"ih-hastane-29","kind":"poi","name":"Evangelisches Krankenhaus Ludwigsfelde-Teltow","theme":"hastane","lab":1},"geometry":{"type":"Point","coordinates":[13.25787,52.31077]}},{"type":"Feature","properties":{"id":"ih-hastane-30","kind":"poi","name":"Krankenhaus Hedwigshöhe","theme":"hastane","lab":1},"geometry":{"type":"Point","coordinates":[13.57005,52.40607]}},{"type":"Feature","properties":{"id":"ih-hastane-31","kind":"poi","name":"Oberlinklinik","theme":"hastane","lab":1},"geometry":{"type":"Point","coordinates":[13.08912,52.39405]}},{"type":"Feature","properties":{"id":"ih-hastane-32","kind":"poi","name":"St. Joseph Krankenhaus","theme":"hastane","lab":1},"geometry":{"type":"Point","coordinates":[13.37296,52.4781]}},{"type":"Feature","properties":{"id":"ih-hastane-33","kind":"poi","name":"Park-Klinik Weißensee","theme":"hastane","lab":1},"geometry":{"type":"Point","coordinates":[13.45071,52.55549]}},{"type":"Feature","properties":{"id":"ih-hastane-34","kind":"poi","name":"Immanuel Krankenhaus Berlin","theme":"hastane","lab":1},"geometry":{"type":"Point","coordinates":[13.164,52.41949]}},{"type":"Feature","properties":{"id":"ih-hastane-35","kind":"poi","name":"Hausarztpraxis-Bernau","theme":"hastane","lab":1},"geometry":{"type":"Point","coordinates":[13.58446,52.6769]}},{"type":"Feature","properties":{"id":"ih-hastane-36","kind":"poi","name":"DRK Kliniken Berlin Mitte","theme":"hastane","lab":1},"geometry":{"type":"Point","coordinates":[13.37523,52.55736]}},{"type":"Feature","properties":{"id":"ih-hastane-37","kind":"poi","name":"Oberberg Fachklinik","theme":"hastane","lab":1},"geometry":{"type":"Point","coordinates":[13.33346,52.49862]}},{"type":"Feature","properties":{"id":"ih-hastane-38","kind":"poi","name":"Klinik am Roseneck","theme":"hastane","lab":1},"geometry":{"type":"Point","coordinates":[13.28145,52.47925]}},{"type":"Feature","properties":{"id":"ih-hastane-39","kind":"poi","name":"Evangelisches Geriatriezentrum Berlin","theme":"hastane","lab":1},"geometry":{"type":"Point","coordinates":[13.36379,52.55452]}},{"type":"Feature","properties":{"id":"ih-hastane-40","kind":"poi","name":"Hospiz Schöneberg-Steglitz","theme":"hastane","lab":1},"geometry":{"type":"Point","coordinates":[13.33477,52.45674]}},{"type":"Feature","properties":{"id":"ih-hastane-41","kind":"poi","name":"Friedrich von Bodelschwingh-Klinik","theme":"hastane","lab":1},"geometry":{"type":"Point","coordinates":[13.32973,52.48962]}},{"type":"Feature","properties":{"id":"ih-hastane-42","kind":"poi","name":"Asklepios Klinik Birkenwerder","theme":"hastane","lab":1},"geometry":{"type":"Point","coordinates":[13.29847,52.69196]}},{"type":"Feature","properties":{"id":"ih-hastane-43","kind":"poi","name":"MEDIAN-Klinik Hoppegarten","theme":"hastane","lab":1},"geometry":{"type":"Point","coordinates":[13.66037,52.50458]}},{"type":"Feature","properties":{"id":"ih-hastane-44","kind":"poi","name":"Evangelisches Krankenhaus Hubertus","theme":"hastane","lab":1},"geometry":{"type":"Point","coordinates":[13.21945,52.43087]}},{"type":"Feature","properties":{"id":"ih-hastane-45","kind":"poi","name":"Sana Krankenhaus Gottesfriede Woltersdorf","theme":"hastane","lab":1},"geometry":{"type":"Point","coordinates":[13.76221,52.44763]}},{"type":"Feature","properties":{"id":"ih-hastane-46","kind":"poi","name":"Alexianer St. Joseph Krankenhaus Berlin-Weißensee","theme":"hastane","lab":1},"geometry":{"type":"Point","coordinates":[13.46913,52.55055]}},{"type":"Feature","properties":{"id":"ih-hastane-47","kind":"poi","name":"Achenbach Krankenhaus Königs Wusterhausen","theme":"hastane","lab":1},"geometry":{"type":"Point","coordinates":[13.6278,52.30347]}},{"type":"Feature","properties":{"id":"ih-hastane-48","kind":"poi","name":"Evangelische Elisabeth Klinik","theme":"hastane","lab":1},"geometry":{"type":"Point","coordinates":[13.36419,52.50421]}},{"type":"Feature","properties":{"id":"ih-hastane-49","kind":"poi","name":"Klinik Schöneberg","theme":"hastane","lab":1},"geometry":{"type":"Point","coordinates":[13.34466,52.49864]}},{"type":"Feature","properties":{"id":"ih-hastane-50","kind":"poi","name":"Klinik für MIC Minimal Invasive Chirurgie","theme":"hastane","lab":1},"geometry":{"type":"Point","coordinates":[13.21804,52.43083]}},{"type":"Feature","properties":{"id":"ih-hastane-51","kind":"poi","name":"St. Gertrauden - Alexianer Berlin Gertrauden Standort Charlottenburg","theme":"hastane","lab":1},"geometry":{"type":"Point","coordinates":[13.2892,52.52297]}},{"type":"Feature","properties":{"id":"ih-hastane-52","kind":"poi","name":"Notaufnahme Park-Klinik Weißensee","theme":"hastane","lab":1},"geometry":{"type":"Point","coordinates":[13.45058,52.55501]}},{"type":"Feature","properties":{"id":"ih-hastane-53","kind":"poi","name":"Klinik am See","theme":"hastane","lab":1},"geometry":{"type":"Point","coordinates":[13.77107,52.45269]}},{"type":"Feature","properties":{"id":"ih-hastane-54","kind":"poi","name":"Immanuel Klinik Rüdersdorf","theme":"hastane","lab":1},"geometry":{"type":"Point","coordinates":[13.77292,52.45462]}},{"type":"Feature","properties":{"id":"ih-hastane-55","kind":"poi","name":"Dominikus-Krankenhaus","theme":"hastane","lab":1},"geometry":{"type":"Point","coordinates":[13.29399,52.62469]}},{"type":"Feature","properties":{"id":"ih-hastane-56","kind":"poi","name":"Kliniken im Theodor-Wenzel-Werk","theme":"hastane","lab":1},"geometry":{"type":"Point","coordinates":[13.20521,52.42263]}},{"type":"Feature","properties":{"id":"ih-hastane-57","kind":"poi","name":"Maria Heimsuchung Caritas Klinikum Pankow","theme":"hastane","lab":1},"geometry":{"type":"Point","coordinates":[13.41412,52.57099]}},{"type":"Feature","properties":{"id":"ih-hastane-58","kind":"poi","name":"Ernst von Bergmann Klinikum - Psychiatrie, Psychotherapie","theme":"hastane","lab":1},"geometry":{"type":"Point","coordinates":[13.13655,52.38467]}},{"type":"Feature","properties":{"id":"ih-hastane-59","kind":"poi","name":"Ida-Wolff-Krankenhaus","theme":"hastane","lab":1},"geometry":{"type":"Point","coordinates":[13.45787,52.43433]}},{"type":"Feature","properties":{"id":"ih-hastane-60","kind":"poi","name":"Immanuel Klinikum Bernau Herzzentrum Brandenburg","theme":"hastane","lab":1},"geometry":{"type":"Point","coordinates":[13.58266,52.68318]}},{"type":"Feature","properties":{"id":"ih-hastane-61","kind":"poi","name":"Oberhavelklinik Hennigsdorf","theme":"hastane","lab":1},"geometry":{"type":"Point","coordinates":[13.19092,52.65577]}},{"type":"Feature","properties":{"id":"ih-hastane-62","kind":"poi","name":"Krankenhaus Bethel","theme":"hastane","lab":1},"geometry":{"type":"Point","coordinates":[13.32661,52.43243]}},{"type":"Feature","properties":{"id":"ih-hastane-63","kind":"poi","name":"Sankt-Marien-Krankenhaus","theme":"hastane","lab":1},"geometry":{"type":"Point","coordinates":[13.34919,52.42438]}}]}