{"type":"FeatureCollection","features":[{"type":"Feature","properties":{"id":"ke-tarihi-0","kind":"poi","name":"Topographie des Terrors","theme":"tarihi","lab":1},"geometry":{"type":"Point","coordinates":[13.38434,52.50619]}},{"type":"Feature","properties":{"id":"ke-tarihi-1","kind":"poi","name":"Nikolaikirche","theme":"tarihi","lab":1},"geometry":{"type":"Point","coordinates":[13.40751,52.51682]}},{"type":"Feature","properties":{"id":"ke-tarihi-2","kind":"poi","name":"Schloss Charlottenburg","theme":"tarihi","lab":1},"geometry":{"type":"Point","coordinates":[13.29534,52.52065]}},{"type":"Feature","properties":{"id":"ke-tarihi-3","kind":"poi","name":"Berliner Fernsehturm","theme":"modern","lab":1},"geometry":{"type":"Point","coordinates":[13.40942,52.52082]}},{"type":"Feature","properties":{"id":"ke-tarihi-4","kind":"poi","name":"Checkpoint Charlie","theme":"tarihi","lab":1},"geometry":{"type":"Point","coordinates":[13.39038,52.50743]}},{"type":"Feature","properties":{"id":"ke-tarihi-5","kind":"poi","name":"Sri Ganesha Hindu Tempel","theme":"tarihi","lab":1},"geometry":{"type":"Point","coordinates":[13.42077,52.48678]}},{"type":"Feature","properties":{"id":"ke-tarihi-6","kind":"poi","name":"Mirenhaus Kleiner Ravensberg","theme":"tarihi","lab":1},"geometry":{"type":"Point","coordinates":[13.06529,52.36055]}},{"type":"Feature","properties":{"id":"ke-tarihi-7","kind":"poi","name":"Berlin Dungeon","theme":"tarihi","lab":1},"geometry":{"type":"Point","coordinates":[13.40348,52.52141]}},{"type":"Feature","properties":{"id":"ke-tarihi-8","kind":"poi","name":"Schule bei der Botschaft der Russischen Föderation","theme":"tarihi","lab":1},"geometry":{"type":"Point","coordinates":[13.38455,52.51552]}},{"type":"Feature","properties":{"id":"ke-tarihi-9","kind":"poi","name":"Kinderheim AHAWAH","theme":"tarihi","lab":1},"geometry":{"type":"Point","coordinates":[13.39487,52.52659]}},{"type":"Feature","properties":{"id":"ke-tarihi-10","kind":"poi","name":"Ephraim-Palais","theme":"tarihi","lab":1},"geometry":{"type":"Point","coordinates":[13.40714,52.51587]}},{"type":"Feature","properties":{"id":"ke-tarihi-11","kind":"poi","name":"Stadtbad Oderberger Straße","theme":"tarihi","lab":1},"geometry":{"type":"Point","coordinates":[13.41039,52.53782]}},{"type":"Feature","properties":{"id":"ke-tarihi-12","kind":"poi","name":"Walter Lübcke","theme":"tarihi","lab":1},"geometry":{"type":"Point","coordinates":[13.35158,52.5061]}},{"type":"Feature","properties":{"id":"ke-tarihi-13","kind":"poi","name":"Mahnmal für die im Nationalsozialismus verfolgten und ermordeten Zeugen Jehovas","theme":"tarihi","lab":1},"geometry":{"type":"Point","coordinates":[13.37,52.51304]}},{"type":"Feature","properties":{"id":"ke-tarihi-14","kind":"poi","name":"Neuer Pavillon","theme":"tarihi","lab":1},"geometry":{"type":"Point","coordinates":[13.29923,52.52132]}},{"type":"Feature","properties":{"id":"ke-tarihi-15","kind":"poi","name":"Alter Friedhof Klein-Glienicke","theme":"tarihi","lab":1},"geometry":{"type":"Point","coordinates":[13.09986,52.41317]}},{"type":"Feature","properties":{"id":"ke-tarihi-16","kind":"poi","name":"Kleines Schloss / Damenhaus","theme":"tarihi","lab":1},"geometry":{"type":"Point","coordinates":[13.08784,52.40708]}},{"type":"Feature","properties":{"id":"ke-tarihi-17","kind":"poi","name":"Schlosskirche Buch","theme":"tarihi","lab":1},"geometry":{"type":"Point","coordinates":[13.4985,52.63541]}},{"type":"Feature","properties":{"id":"ke-tarihi-18","kind":"poi","name":"Heilandskirche am Port von Sacrow","theme":"tarihi","lab":1},"geometry":{"type":"Point","coordinates":[13.09647,52.42463]}},{"type":"Feature","properties":{"id":"ke-tarihi-19","kind":"poi","name":"Villa Quandt","theme":"tarihi","lab":1},"geometry":{"type":"Point","coordinates":[13.0634,52.41763]}},{"type":"Feature","properties":{"id":"ke-tarihi-20","kind":"poi","name":"Dorfkirche Alt-Tegel","theme":"tarihi","lab":1},"geometry":{"type":"Point","coordinates":[13.2773,52.58803]}},{"type":"Feature","properties":{"id":"ke-tarihi-21","kind":"poi","name":"St. Antonius-Kirche","theme":"tarihi","lab":1},"geometry":{"type":"Point","coordinates":[13.44271,52.51318]}},{"type":"Feature","properties":{"id":"ke-tarihi-22","kind":"poi","name":"Mausoleum Charlottenburg","theme":"tarihi","lab":1},"geometry":{"type":"Point","coordinates":[13.2918,52.52426]}},{"type":"Feature","properties":{"id":"ke-tarihi-23","kind":"poi","name":"Kirche am Lietzensee","theme":"tarihi","lab":1},"geometry":{"type":"Point","coordinates":[13.28734,52.50431]}},{"type":"Feature","properties":{"id":"ke-tarihi-24","kind":"poi","name":"Maria, Hilfe der Christen","theme":"tarihi","lab":1},"geometry":{"type":"Point","coordinates":[13.19855,52.54036]}},{"type":"Feature","properties":{"id":"ke-tarihi-26","kind":"poi","name":"Sitz des Präsidenten und der Hauptverwaltung der Stiftung Preußischer Kulturbesitz","theme":"tarihi","lab":1},"geometry":{"type":"Point","coordinates":[13.35516,52.5067]}},{"type":"Feature","properties":{"id":"ke-tarihi-27","kind":"poi","name":"Einsteinturm","theme":"tarihi","lab":1},"geometry":{"type":"Point","coordinates":[13.06386,52.37885]}},{"type":"Feature","properties":{"id":"ke-tarihi-28","kind":"poi","name":"Lutherkirche","theme":"tarihi","lab":1},"geometry":{"type":"Point","coordinates":[13.20456,52.5483]}},{"type":"Feature","properties":{"id":"ke-tarihi-29","kind":"poi","name":"Herz-Jesu-Kirche","theme":"tarihi","lab":1},"geometry":{"type":"Point","coordinates":[13.40956,52.53068]}},{"type":"Feature","properties":{"id":"ke-tarihi-30","kind":"poi","name":"Alte Pfarrkirche Mahlsdorf","theme":"tarihi","lab":1},"geometry":{"type":"Point","coordinates":[13.61244,52.5061]}},{"type":"Feature","properties":{"id":"ke-tarihi-31","kind":"poi","name":"Museumsdorf Düppel","theme":"tarihi","lab":1},"geometry":{"type":"Point","coordinates":[13.23368,52.42514]}},{"type":"Feature","properties":{"id":"ke-tarihi-32","kind":"poi","name":"St. Augustinus-Kirche","theme":"tarihi","lab":1},"geometry":{"type":"Point","coordinates":[13.40681,52.55016]}},{"type":"Feature","properties":{"id":"ke-tarihi-33","kind":"poi","name":"Haus der Befreiung","theme":"tarihi","lab":1},"geometry":{"type":"Point","coordinates":[13.57832,52.54817]}},{"type":"Feature","properties":{"id":"ke-tarihi-34","kind":"poi","name":"Emmaus-Kirche","theme":"tarihi","lab":1},"geometry":{"type":"Point","coordinates":[13.25125,52.44873]}},{"type":"Feature","properties":{"id":"ke-tarihi-35","kind":"poi","name":"Gedenkstätte Günter Litfin","theme":"tarihi","lab":1},"geometry":{"type":"Point","coordinates":[13.36931,52.53372]}},{"type":"Feature","properties":{"id":"ke-tarihi-36","kind":"poi","name":"Ev. Kirche Zur frohen Botschaft","theme":"tarihi","lab":1},"geometry":{"type":"Point","coordinates":[13.52842,52.48531]}},{"type":"Feature","properties":{"id":"ke-tarihi-37","kind":"poi","name":"St. Thomas von Aquin","theme":"tarihi","lab":1},"geometry":{"type":"Point","coordinates":[13.31305,52.51024]}},{"type":"Feature","properties":{"id":"ke-tarihi-38","kind":"poi","name":"Schlosskirche","theme":"tarihi","lab":1},"geometry":{"type":"Point","coordinates":[13.72672,52.56725]}},{"type":"Feature","properties":{"id":"ke-tarihi-39","kind":"poi","name":"Neukölln-Mittenwalder Eisenbahn","theme":"tarihi","lab":1},"geometry":{"type":"Point","coordinates":[13.47521,52.41955]}},{"type":"Feature","properties":{"id":"ke-tarihi-40","kind":"poi","name":"Mevlana-Moschee","theme":"tarihi","lab":1},"geometry":{"type":"Point","coordinates":[13.42019,52.49946]}},{"type":"Feature","properties":{"id":"ke-tarihi-41","kind":"poi","name":"Evangeliumskirche","theme":"tarihi","lab":1},"geometry":{"type":"Point","coordinates":[13.37617,52.56969]}},{"type":"Feature","properties":{"id":"ke-tarihi-42","kind":"poi","name":"Christuskirche","theme":"tarihi","lab":1},"geometry":{"type":"Point","coordinates":[13.44884,52.51905]}},{"type":"Feature","properties":{"id":"ke-tarihi-43","kind":"poi","name":"Dorfkirche Friedrichsfelde","theme":"tarihi","lab":1},"geometry":{"type":"Point","coordinates":[13.51928,52.50594]}},{"type":"Feature","properties":{"id":"ke-tarihi-44","kind":"poi","name":"Dorfkirche","theme":"tarihi","lab":1},"geometry":{"type":"Point","coordinates":[13.31797,52.61504]}},{"type":"Feature","properties":{"id":"ke-tarihi-45","kind":"poi","name":"Dorfkirche Nudow","theme":"tarihi","lab":1},"geometry":{"type":"Point","coordinates":[13.16235,52.32778]}},{"type":"Feature","properties":{"id":"ke-tarihi-46","kind":"poi","name":"Dorfkirche Fahlhorst","theme":"tarihi","lab":1},"geometry":{"type":"Point","coordinates":[13.16116,52.30793]}},{"type":"Feature","properties":{"id":"ke-tarihi-47","kind":"poi","name":"Alte Pfarrkirche Lichtenberg","theme":"tarihi","lab":1},"geometry":{"type":"Point","coordinates":[13.4799,52.52121]}},{"type":"Feature","properties":{"id":"ke-tarihi-48","kind":"poi","name":"Alter Speicher","theme":"tarihi","lab":1},"geometry":{"type":"Point","coordinates":[13.49081,52.66483]}},{"type":"Feature","properties":{"id":"ke-tarihi-49","kind":"poi","name":"Thomaskirche","theme":"tarihi","lab":1},"geometry":{"type":"Point","coordinates":[13.33608,52.58092]}},{"type":"Feature","properties":{"id":"ke-tarihi-50","kind":"poi","name":"Evangelisches Gemeindezentrum Marzahn/Nord","theme":"tarihi","lab":1},"geometry":{"type":"Point","coordinates":[13.56598,52.55801]}},{"type":"Feature","properties":{"id":"ke-tarihi-51","kind":"poi","name":"Jüdischer Friedhof","theme":"tarihi","lab":1},"geometry":{"type":"Point","coordinates":[13.05784,52.41741]}},{"type":"Feature","properties":{"id":"ke-tarihi-52","kind":"poi","name":"St. Nikolaus","theme":"tarihi","lab":1},"geometry":{"type":"Point","coordinates":[13.45144,52.51547]}},{"type":"Feature","properties":{"id":"ke-tarihi-53","kind":"poi","name":"Pfingstkirche","theme":"tarihi","lab":1},"geometry":{"type":"Point","coordinates":[13.44974,52.52104]}},{"type":"Feature","properties":{"id":"ke-tarihi-54","kind":"poi","name":"Krankenhauskirche im Wuhlgarten","theme":"tarihi","lab":1},"geometry":{"type":"Point","coordinates":[13.57036,52.51673]}},{"type":"Feature","properties":{"id":"ke-tarihi-55","kind":"poi","name":"Omar-Ibn-Al-Khattab-Moschee","theme":"tarihi","lab":1},"geometry":{"type":"Point","coordinates":[13.42683,52.49881]}},{"type":"Feature","properties":{"id":"ke-tarihi-56","kind":"poi","name":"Kirche Ahrensfelde","theme":"tarihi","lab":1},"geometry":{"type":"Point","coordinates":[13.57635,52.57604]}},{"type":"Feature","properties":{"id":"ke-tarihi-57","kind":"poi","name":"Dorfkirche Alt-Wittenau","theme":"tarihi","lab":1},"geometry":{"type":"Point","coordinates":[13.32544,52.59227]}},{"type":"Feature","properties":{"id":"ke-tarihi-58","kind":"poi","name":"Dorfkirche Groß Glienicke","theme":"tarihi","lab":1},"geometry":{"type":"Point","coordinates":[13.10782,52.46895]}},{"type":"Feature","properties":{"id":"ke-tarihi-59","kind":"poi","name":"Andreas-Kirche","theme":"tarihi","lab":1},"geometry":{"type":"Point","coordinates":[13.15421,52.42516]}},{"type":"Feature","properties":{"id":"ke-tarihi-60","kind":"poi","name":"Sankt Konrad","theme":"tarihi","lab":1},"geometry":{"type":"Point","coordinates":[13.34345,52.46843]}},{"type":"Feature","properties":{"id":"ke-tarihi-61","kind":"poi","name":"Kirche Staaken-Gartenstadt","theme":"tarihi","lab":1},"geometry":{"type":"Point","coordinates":[13.14549,52.54121]}},{"type":"Feature","properties":{"id":"ke-tarihi-62","kind":"poi","name":"St. Lukas-Kirche","theme":"tarihi","lab":1},"geometry":{"type":"Point","coordinates":[13.38015,52.50512]}},{"type":"Feature","properties":{"id":"ke-tarihi-63","kind":"poi","name":"Gemeindezentrum Am Fennpfuhl","theme":"tarihi","lab":1},"geometry":{"type":"Point","coordinates":[13.47759,52.52901]}},{"type":"Feature","properties":{"id":"ke-tarihi-64","kind":"poi","name":"Zuversichtskirche","theme":"tarihi","lab":1},"geometry":{"type":"Point","coordinates":[13.14977,52.5335]}},{"type":"Feature","properties":{"id":"ke-tarihi-65","kind":"poi","name":"Dorfkirche Gatow","theme":"tarihi","lab":1},"geometry":{"type":"Point","coordinates":[13.18166,52.48652]}},{"type":"Feature","properties":{"id":"ke-tarihi-66","kind":"poi","name":"Evangelische Kirche","theme":"tarihi","lab":1},"geometry":{"type":"Point","coordinates":[13.46833,52.55477]}},{"type":"Feature","properties":{"id":"ke-tarihi-68","kind":"poi","name":"Kapelle Fichtenau","theme":"tarihi","lab":1},"geometry":{"type":"Point","coordinates":[13.70014,52.46642]}},{"type":"Feature","properties":{"id":"ke-tarihi-69","kind":"poi","name":"Svenska kyrkan i Berlin","theme":"tarihi","lab":1},"geometry":{"type":"Point","coordinates":[13.32903,52.48786]}},{"type":"Feature","properties":{"id":"ke-tarihi-71","kind":"poi","name":"Dorfkirche Alt-Buckow","theme":"tarihi","lab":1},"geometry":{"type":"Point","coordinates":[13.43091,52.4219]}},{"type":"Feature","properties":{"id":"ke-tarihi-72","kind":"poi","name":"Theaterschiff Potsdam","theme":"tarihi","lab":1},"geometry":{"type":"Point","coordinates":[13.07611,52.40252]}},{"type":"Feature","properties":{"id":"ke-tarihi-73","kind":"poi","name":"Motorwerk Berlin","theme":"tarihi","lab":1},"geometry":{"type":"Point","coordinates":[13.46177,52.56359]}},{"type":"Feature","properties":{"id":"ke-tarihi-74","kind":"poi","name":"Dorfkirche Alt-Kladow","theme":"tarihi","lab":1},"geometry":{"type":"Point","coordinates":[13.14496,52.45287]}},{"type":"Feature","properties":{"id":"ke-tarihi-75","kind":"poi","name":"Philippuskapelle","theme":"tarihi","lab":1},"geometry":{"type":"Point","coordinates":[13.51808,52.53653]}},{"type":"Feature","properties":{"id":"ke-tarihi-76","kind":"poi","name":"All Saints","theme":"tarihi","lab":1},"geometry":{"type":"Point","coordinates":[13.26671,52.45605]}},{"type":"Feature","properties":{"id":"ke-tarihi-77","kind":"poi","name":"Refraktorgebäude","theme":"tarihi","lab":1},"geometry":{"type":"Point","coordinates":[13.06423,52.37974]}},{"type":"Feature","properties":{"id":"ke-tarihi-78","kind":"poi","name":"Golgatha-Kirche","theme":"tarihi","lab":1},"geometry":{"type":"Point","coordinates":[13.39072,52.52905]}},{"type":"Feature","properties":{"id":"ke-tarihi-79","kind":"poi","name":"Zwangsarbeiterlager Kaulsdorf","theme":"tarihi","lab":1},"geometry":{"type":"Point","coordinates":[13.56808,52.47572]}},{"type":"Feature","properties":{"id":"ke-tarihi-80","kind":"poi","name":"Philologische Bibliothek","theme":"tarihi","lab":1},"geometry":{"type":"Point","coordinates":[13.28825,52.45191]}},{"type":"Feature","properties":{"id":"ke-tarihi-81","kind":"poi","name":"Hephatha-Kirche","theme":"tarihi","lab":1},"geometry":{"type":"Point","coordinates":[13.44624,52.44172]}},{"type":"Feature","properties":{"id":"ke-tarihi-82","kind":"poi","name":"Dorfkirche Beiersdorf","theme":"tarihi","lab":1},"geometry":{"type":"Point","coordinates":[13.78238,52.69363]}},{"type":"Feature","properties":{"id":"ke-tarihi-83","kind":"poi","name":"Bockwindmühle Marzahn","theme":"tarihi","lab":1},"geometry":{"type":"Point","coordinates":[13.56354,52.54403]}},{"type":"Feature","properties":{"id":"ke-tarihi-84","kind":"poi","name":"Evangelische Kirchengemeinde Mariendorf-Ost","theme":"tarihi","lab":1},"geometry":{"type":"Point","coordinates":[13.40331,52.44701]}},{"type":"Feature","properties":{"id":"ke-tarihi-85","kind":"poi","name":"Konrad Zuse","theme":"tarihi","lab":1},"geometry":{"type":"Point","coordinates":[13.34722,52.52277]}},{"type":"Feature","properties":{"id":"ke-tarihi-86","kind":"poi","name":"Luftbrückendenkmal","theme":"tarihi","lab":1},"geometry":{"type":"Point","coordinates":[13.3874,52.48414]}},{"type":"Feature","properties":{"id":"ke-tarihi-87","kind":"poi","name":"Zentralpunkt Rauenberg","theme":"tarihi","lab":1},"geometry":{"type":"Point","coordinates":[13.36632,52.45191]}},{"type":"Feature","properties":{"id":"ke-tarihi-88","kind":"poi","name":"Dicke Marie","theme":"tarihi","lab":1},"geometry":{"type":"Point","coordinates":[13.26485,52.59357]}},{"type":"Feature","properties":{"id":"ke-tarihi-89","kind":"poi","name":"Nationaldenkmal für die Befreiungskriege","theme":"tarihi","lab":1},"geometry":{"type":"Point","coordinates":[13.38148,52.48765]}},{"type":"Feature","properties":{"id":"ke-tarihi-90","kind":"poi","name":"Dampflok 50 3707-2","theme":"tarihi","lab":1},"geometry":{"type":"Point","coordinates":[13.35843,52.46038]}},{"type":"Feature","properties":{"id":"ke-tarihi-91","kind":"poi","name":"Fontäne im Fennpfuhl","theme":"tarihi","lab":1},"geometry":{"type":"Point","coordinates":[13.47399,52.52829]}},{"type":"Feature","properties":{"id":"ke-tarihi-92","kind":"poi","name":"Gedenkstätte KZ Sachsenhausen, Außenstelle Falkensee","theme":"tarihi","lab":1},"geometry":{"type":"Point","coordinates":[13.13649,52.5564]}},{"type":"Feature","properties":{"id":"ke-tarihi-93","kind":"poi","name":"Weltfriedensglocke","theme":"tarihi","lab":1},"geometry":{"type":"Point","coordinates":[13.43402,52.52685]}},{"type":"Feature","properties":{"id":"ke-tarihi-94","kind":"poi","name":"Denkmal für die Maueropfer in Berlin-Treptow","theme":"tarihi","lab":1},"geometry":{"type":"Point","coordinates":[13.4711,52.47666]}},{"type":"Feature","properties":{"id":"ke-tarihi-95","kind":"poi","name":"Reiterstandbild Friedrich II. von Preußen","theme":"tarihi","lab":1},"geometry":{"type":"Point","coordinates":[13.39274,52.51726]}},{"type":"Feature","properties":{"id":"ke-tarihi-96","kind":"poi","name":"Schiller-Denkmal","theme":"tarihi","lab":1},"geometry":{"type":"Point","coordinates":[13.39265,52.51364]}},{"type":"Feature","properties":{"id":"ke-tarihi-97","kind":"poi","name":"Büste Karl Marx","theme":"tarihi","lab":1},"geometry":{"type":"Point","coordinates":[13.42906,52.51797]}},{"type":"Feature","properties":{"id":"ke-tarihi-98","kind":"poi","name":"Denkmal zur Erinnerung an die Bücherverbrennung","theme":"tarihi","lab":1},"geometry":{"type":"Point","coordinates":[13.39392,52.5165]}},{"type":"Feature","properties":{"id":"ke-tarihi-99","kind":"poi","name":"Kriegerdenkmal","theme":"tarihi","lab":1},"geometry":{"type":"Point","coordinates":[13.57666,52.57562]}},{"type":"Feature","properties":{"id":"ke-tarihi-100","kind":"poi","name":"Friedrich II. von Preußen","theme":"tarihi","lab":1},"geometry":{"type":"Point","coordinates":[13.43445,52.52581]}},{"type":"Feature","properties":{"id":"ke-tarihi-101","kind":"poi","name":"Otto von Bismarck","theme":"tarihi","lab":1},"geometry":{"type":"Point","coordinates":[13.34975,52.51589]}},{"type":"Feature","properties":{"id":"ke-tarihi-102","kind":"poi","name":"Sendemast auf dem Funkerberg","theme":"tarihi","lab":1},"geometry":{"type":"Point","coordinates":[13.61729,52.30531]}},{"type":"Feature","properties":{"id":"ke-tarihi-103","kind":"poi","name":"Block der Frauen","theme":"tarihi","lab":1},"geometry":{"type":"Point","coordinates":[13.40507,52.52107]}},{"type":"Feature","properties":{"id":"ke-tarihi-104","kind":"poi","name":"Karl-Liebknecht-Denkmal","theme":"tarihi","lab":1},"geometry":{"type":"Point","coordinates":[13.34128,52.51246]}},{"type":"Feature","properties":{"id":"ke-tarihi-105","kind":"poi","name":"Rosa-Luxemburg-Denkmal","theme":"tarihi","lab":1},"geometry":{"type":"Point","coordinates":[13.34336,52.50893]}},{"type":"Feature","properties":{"id":"ke-tarihi-106","kind":"poi","name":"Rousseau-Säule","theme":"tarihi","lab":1},"geometry":{"type":"Point","coordinates":[13.35787,52.51233]}},{"type":"Feature","properties":{"id":"ke-tarihi-107","kind":"poi","name":"Königin Luise","theme":"tarihi","lab":1},"geometry":{"type":"Point","coordinates":[13.36455,52.5108]}},{"type":"Feature","properties":{"id":"ke-tarihi-108","kind":"poi","name":"Beethoven-Haydn-Mozart-Denkmal","theme":"tarihi","lab":1},"geometry":{"type":"Point","coordinates":[13.37034,52.51375]}},{"type":"Feature","properties":{"id":"ke-tarihi-109","kind":"poi","name":"Kriegerdenkmal für die Gefallenen des Ersten Weltkrieges","theme":"tarihi","lab":1},"geometry":{"type":"Point","coordinates":[13.28741,52.45819]}},{"type":"Feature","properties":{"id":"ke-tarihi-110","kind":"poi","name":"Gedenkstein Sinti und Roma","theme":"tarihi","lab":1},"geometry":{"type":"Point","coordinates":[13.54365,52.5489]}},{"type":"Feature","properties":{"id":"ke-tarihi-111","kind":"poi","name":"Albrecht von Roon","theme":"tarihi","lab":1},"geometry":{"type":"Point","coordinates":[13.34916,52.51532]}},{"type":"Feature","properties":{"id":"ke-tarihi-112","kind":"poi","name":"Helmuth Karl Bernhard von Moltke","theme":"tarihi","lab":1},"geometry":{"type":"Point","coordinates":[13.35064,52.51544]}},{"type":"Feature","properties":{"id":"ke-tarihi-113","kind":"poi","name":"Johann Wolfgang von Goethe","theme":"tarihi","lab":1},"geometry":{"type":"Point","coordinates":[13.37637,52.5138]}},{"type":"Feature","properties":{"id":"ke-tarihi-114","kind":"poi","name":"Sowjetischer Soldat","theme":"tarihi","lab":1},"geometry":{"type":"Point","coordinates":[13.37193,52.51662]}},{"type":"Feature","properties":{"id":"ke-tarihi-115","kind":"poi","name":"Lortzing-Denkmal","theme":"tarihi","lab":1},"geometry":{"type":"Point","coordinates":[13.35754,52.51282]}},{"type":"Feature","properties":{"id":"ke-tarihi-116","kind":"poi","name":"Gerhard von Scharnhorst","theme":"tarihi","lab":1},"geometry":{"type":"Point","coordinates":[13.39537,52.51714]}},{"type":"Feature","properties":{"id":"ke-tarihi-117","kind":"poi","name":"Friedrich Wilhelm Bülow","theme":"tarihi","lab":1},"geometry":{"type":"Point","coordinates":[13.39549,52.51715]}},{"type":"Feature","properties":{"id":"ke-tarihi-118","kind":"poi","name":"August von Gneisenau","theme":"tarihi","lab":1},"geometry":{"type":"Point","coordinates":[13.39558,52.51657]}},{"type":"Feature","properties":{"id":"ke-tarihi-119","kind":"poi","name":"Sowjetisches Ehrenmal","theme":"tarihi","lab":1},"geometry":{"type":"Point","coordinates":[13.49561,52.63548]}},{"type":"Feature","properties":{"id":"ke-tarihi-120","kind":"poi","name":"Otto-Lilienthal-Denkmal","theme":"tarihi","lab":1},"geometry":{"type":"Point","coordinates":[13.31649,52.43365]}},{"type":"Feature","properties":{"id":"ke-tarihi-121","kind":"poi","name":"Konfuzius","theme":"tarihi","lab":1},"geometry":{"type":"Point","coordinates":[13.57708,52.53687]}},{"type":"Feature","properties":{"id":"ke-tarihi-122","kind":"poi","name":"Reststück der Berliner Mauer","theme":"tarihi","lab":1},"geometry":{"type":"Point","coordinates":[13.13498,52.39856]}},{"type":"Feature","properties":{"id":"ke-tarihi-123","kind":"poi","name":"Hans Scharoun","theme":"tarihi","lab":1},"geometry":{"type":"Point","coordinates":[13.20966,52.42353]}},{"type":"Feature","properties":{"id":"ke-tarihi-124","kind":"poi","name":"St. Wilhelm","theme":"tarihi","lab":1},"geometry":{"type":"Point","coordinates":[13.19542,52.52251]}},{"type":"Feature","properties":{"id":"ke-tarihi-125","kind":"poi","name":"Denkmal für die Opfer des Nationalsozialismus","theme":"tarihi","lab":1},"geometry":{"type":"Point","coordinates":[13.32402,52.59016]}},{"type":"Feature","properties":{"id":"ke-tarihi-126","kind":"poi","name":"Gedenkstätte für die Interbrigadisten im Spanischen Bürgerkrieg","theme":"tarihi","lab":1},"geometry":{"type":"Point","coordinates":[13.42973,52.52602]}},{"type":"Feature","properties":{"id":"ke-tarihi-127","kind":"poi","name":"Chinesisches Parasol","theme":"tarihi","lab":1},"geometry":{"type":"Point","coordinates":[13.06273,52.41063]}},{"type":"Feature","properties":{"id":"ke-tarihi-128","kind":"poi","name":"Christian Beuth","theme":"tarihi","lab":1},"geometry":{"type":"Point","coordinates":[13.39872,52.51664]}},{"type":"Feature","properties":{"id":"ke-tarihi-129","kind":"poi","name":"Albrecht Thaer","theme":"tarihi","lab":1},"geometry":{"type":"Point","coordinates":[13.39848,52.5166]}},{"type":"Feature","properties":{"id":"ke-tarihi-130","kind":"poi","name":"Karl Friedrich Schinkel","theme":"tarihi","lab":1},"geometry":{"type":"Point","coordinates":[13.39863,52.51656]}},{"type":"Feature","properties":{"id":"ke-tarihi-131","kind":"poi","name":"Baumdank-Denkmal","theme":"tarihi","lab":1},"geometry":{"type":"Point","coordinates":[13.35791,52.51183]}},{"type":"Feature","properties":{"id":"ke-tarihi-132","kind":"poi","name":"Evangelische Weihnachtskirche","theme":"tarihi","lab":1},"geometry":{"type":"Point","coordinates":[13.23712,52.54717]}},{"type":"Feature","properties":{"id":"ke-tarihi-133","kind":"poi","name":"Gefallenendenkmal","theme":"tarihi","lab":1},"geometry":{"type":"Point","coordinates":[13.55883,52.54385]}},{"type":"Feature","properties":{"id":"ke-tarihi-134","kind":"poi","name":"Schildhorndenkmal","theme":"tarihi","lab":1},"geometry":{"type":"Point","coordinates":[13.19527,52.49614]}},{"type":"Feature","properties":{"id":"ke-tarihi-135","kind":"poi","name":"Karl-Marx-Erinnerungsstätte","theme":"tarihi","lab":1},"geometry":{"type":"Point","coordinates":[13.47132,52.49356]}},{"type":"Feature","properties":{"id":"ke-tarihi-136","kind":"poi","name":"Das Gewehr zerbrechen","theme":"tarihi","lab":1},"geometry":{"type":"Point","coordinates":[13.34851,52.54597]}},{"type":"Feature","properties":{"id":"ke-tarihi-137","kind":"poi","name":"Mahnmal für die Opfer des Faschismus","theme":"tarihi","lab":1},"geometry":{"type":"Point","coordinates":[13.05949,52.39799]}},{"type":"Feature","properties":{"id":"ke-tarihi-138","kind":"poi","name":"Kreuz zum Gedenken an den 17. Juni 1953","theme":"tarihi","lab":1},"geometry":{"type":"Point","coordinates":[13.37923,52.48827]}},{"type":"Feature","properties":{"id":"ke-tarihi-139","kind":"poi","name":"Konrad-Adenauer-Skulptur","theme":"tarihi","lab":1},"geometry":{"type":"Point","coordinates":[13.30724,52.50044]}},{"type":"Feature","properties":{"id":"ke-tarihi-140","kind":"poi","name":"Ewige Flamme","theme":"tarihi","lab":1},"geometry":{"type":"Point","coordinates":[13.27321,52.50943]}},{"type":"Feature","properties":{"id":"ke-tarihi-141","kind":"poi","name":"Heinrich Friedrich Karl vom und zum Stein","theme":"tarihi","lab":1},"geometry":{"type":"Point","coordinates":[13.38137,52.5073]}},{"type":"Feature","properties":{"id":"ke-tarihi-142","kind":"poi","name":"Magnus-Hirschfeld-Gedenktafel","theme":"tarihi","lab":1},"geometry":{"type":"Point","coordinates":[13.36209,52.51864]}},{"type":"Feature","properties":{"id":"ke-tarihi-143","kind":"poi","name":"Friedrich Wilhelm IV. von Preußen","theme":"tarihi","lab":1},"geometry":{"type":"Point","coordinates":[13.39859,52.5206]}},{"type":"Feature","properties":{"id":"ke-tarihi-144","kind":"poi","name":"Denkmal für die Gefallenen der Gemeinde Bohnsdorf","theme":"tarihi","lab":1},"geometry":{"type":"Point","coordinates":[13.5564,52.39966]}},{"type":"Feature","properties":{"id":"ke-tarihi-145","kind":"poi","name":"Fahne der Einheit","theme":"tarihi","lab":1},"geometry":{"type":"Point","coordinates":[13.3748,52.51842]}},{"type":"Feature","properties":{"id":"ke-tarihi-146","kind":"poi","name":"Hermann Schulze-Delitzsch Denkmal","theme":"tarihi","lab":1},"geometry":{"type":"Point","coordinates":[13.41395,52.51145]}},{"type":"Feature","properties":{"id":"ke-tarihi-147","kind":"poi","name":"Senefelder-Denkmal","theme":"tarihi","lab":1},"geometry":{"type":"Point","coordinates":[13.41272,52.53194]}},{"type":"Feature","properties":{"id":"ke-tarihi-148","kind":"poi","name":"Kriegerdenkmal Viktoria (1890)","theme":"tarihi","lab":1},"geometry":{"type":"Point","coordinates":[13.58547,52.68032]}},{"type":"Feature","properties":{"id":"ke-tarihi-149","kind":"poi","name":"Goldstatue / Venus","theme":"tarihi","lab":1},"geometry":{"type":"Point","coordinates":[13.4001,52.58021]}},{"type":"Feature","properties":{"id":"ke-tarihi-150","kind":"poi","name":"Denkmal für Gefallene der Roten Armee (1947)","theme":"tarihi","lab":1},"geometry":{"type":"Point","coordinates":[13.58497,52.67988]}},{"type":"Feature","properties":{"id":"ke-tarihi-151","kind":"poi","name":"Kurt-Schumacher-Denkmal","theme":"tarihi","lab":1},"geometry":{"type":"Point","coordinates":[13.32687,52.56404]}},{"type":"Feature","properties":{"id":"ke-tarihi-152","kind":"poi","name":"Zwangsarbeiter- Denkmal","theme":"tarihi","lab":1},"geometry":{"type":"Point","coordinates":[13.54255,52.54904]}},{"type":"Feature","properties":{"id":"ke-tarihi-153","kind":"poi","name":"Gedenkstein Albert Krieger","theme":"tarihi","lab":1},"geometry":{"type":"Point","coordinates":[13.52516,52.46655]}},{"type":"Feature","properties":{"id":"ke-tarihi-154","kind":"poi","name":"Trümmerschutt-Stele","theme":"tarihi","lab":1},"geometry":{"type":"Point","coordinates":[13.36438,52.54445]}},{"type":"Feature","properties":{"id":"ke-tarihi-155","kind":"poi","name":"Blutmauer","theme":"tarihi","lab":1},"geometry":{"type":"Point","coordinates":[13.47867,52.51431]}},{"type":"Feature","properties":{"id":"ke-tarihi-156","kind":"poi","name":"Artur Becker","theme":"tarihi","lab":1},"geometry":{"type":"Point","coordinates":[13.49538,52.54605]}},{"type":"Feature","properties":{"id":"ke-tarihi-157","kind":"poi","name":"Historischer Hafen Berlin","theme":"tarihi","lab":1},"geometry":{"type":"Point","coordinates":[13.41152,52.51353]}},{"type":"Feature","properties":{"id":"ke-tarihi-158","kind":"poi","name":"Mahnmal zur Erinnerung an die Deportation jüdischer Bürger","theme":"tarihi","lab":1},"geometry":{"type":"Point","coordinates":[13.34388,52.53587]}},{"type":"Feature","properties":{"id":"ke-tarihi-159","kind":"poi","name":"Käthe Kollwitz Denkmal","theme":"tarihi","lab":1},"geometry":{"type":"Point","coordinates":[13.41736,52.53638]}},{"type":"Feature","properties":{"id":"ke-tarihi-160","kind":"poi","name":"Jahn-Denkmal","theme":"tarihi","lab":1},"geometry":{"type":"Point","coordinates":[13.41968,52.48604]}},{"type":"Feature","properties":{"id":"ke-tarihi-161","kind":"poi","name":"Holländisches Viertel","theme":"tarihi","lab":1},"geometry":{"type":"Point","coordinates":[13.06055,52.40299]}},{"type":"Feature","properties":{"id":"ke-tarihi-162","kind":"poi","name":"Deserteurdenkmal","theme":"tarihi","lab":1},"geometry":{"type":"Point","coordinates":[13.05871,52.39772]}},{"type":"Feature","properties":{"id":"ke-tarihi-163","kind":"poi","name":"ehemaliger Standort der Potsdamer Synagoge","theme":"tarihi","lab":1},"geometry":{"type":"Point","coordinates":[13.06017,52.39811]}},{"type":"Feature","properties":{"id":"ke-tarihi-164","kind":"poi","name":"Kleistgrab","theme":"tarihi","lab":1},"geometry":{"type":"Point","coordinates":[13.17189,52.41881]}},{"type":"Feature","properties":{"id":"ke-tarihi-165","kind":"poi","name":"Pelikan","theme":"tarihi","lab":1},"geometry":{"type":"Point","coordinates":[13.38614,52.52493]}},{"type":"Feature","properties":{"id":"ke-tarihi-166","kind":"poi","name":"Albert Einstein","theme":"tarihi","lab":1},"geometry":{"type":"Point","coordinates":[13.34725,52.52286]}},{"type":"Feature","properties":{"id":"ke-tarihi-167","kind":"poi","name":"Otto Suhr","theme":"tarihi","lab":1},"geometry":{"type":"Point","coordinates":[13.40497,52.50509]}},{"type":"Feature","properties":{"id":"ke-tarihi-168","kind":"poi","name":"Den Opfern von Faschismus und Krieg","theme":"tarihi","lab":1},"geometry":{"type":"Point","coordinates":[13.70209,52.43875]}},{"type":"Feature","properties":{"id":"ke-tarihi-169","kind":"poi","name":"Den Opfern des Stalinismus","theme":"tarihi","lab":1},"geometry":{"type":"Point","coordinates":[13.32562,52.50901]}},{"type":"Feature","properties":{"id":"ke-tarihi-170","kind":"poi","name":"Werner von Siemens","theme":"tarihi","lab":1},"geometry":{"type":"Point","coordinates":[13.32653,52.51349]}},{"type":"Feature","properties":{"id":"ke-tarihi-171","kind":"poi","name":"Gedenkstein für abgerissene Synagoge","theme":"tarihi","lab":1},"geometry":{"type":"Point","coordinates":[13.34224,52.48978]}},{"type":"Feature","properties":{"id":"ke-tarihi-172","kind":"poi","name":"Mahnmal (Hinrichtungsstätte der NS-Militärjustiz)","theme":"tarihi","lab":1},"geometry":{"type":"Point","coordinates":[13.22934,52.51755]}},{"type":"Feature","properties":{"id":"ke-tarihi-173","kind":"poi","name":"Gedenkstätte 17. Juni 1953","theme":"tarihi","lab":1},"geometry":{"type":"Point","coordinates":[13.19839,52.42166]}},{"type":"Feature","properties":{"id":"ke-tarihi-174","kind":"poi","name":"Kronprinzenbuche","theme":"tarihi","lab":1},"geometry":{"type":"Point","coordinates":[13.15581,52.59078]}},{"type":"Feature","properties":{"id":"ke-tarihi-175","kind":"poi","name":"Benedikt Waldeck","theme":"tarihi","lab":1},"geometry":{"type":"Point","coordinates":[13.40275,52.50605]}},{"type":"Feature","properties":{"id":"ke-tarihi-176","kind":"poi","name":"Gedenkstein Euthanasieopfer 1940-1941","theme":"tarihi","lab":1},"geometry":{"type":"Point","coordinates":[13.56591,52.5139]}},{"type":"Feature","properties":{"id":"ke-tarihi-177","kind":"poi","name":"Gedenktafel Gemeinschaftsgrab","theme":"tarihi","lab":1},"geometry":{"type":"Point","coordinates":[13.57052,52.51566]}},{"type":"Feature","properties":{"id":"ke-tarihi-178","kind":"poi","name":"Erich Weinert","theme":"tarihi","lab":1},"geometry":{"type":"Point","coordinates":[13.43148,52.55024]}},{"type":"Feature","properties":{"id":"ke-tarihi-179","kind":"poi","name":"Ludwig Mies van der Rohe","theme":"tarihi","lab":1},"geometry":{"type":"Point","coordinates":[13.34649,52.52286]}},{"type":"Feature","properties":{"id":"ke-tarihi-180","kind":"poi","name":"Walter Rathenau","theme":"tarihi","lab":1},"geometry":{"type":"Point","coordinates":[13.34661,52.52285]}},{"type":"Feature","properties":{"id":"ke-tarihi-181","kind":"poi","name":"Albrecht Haushofer","theme":"tarihi","lab":1},"geometry":{"type":"Point","coordinates":[13.34637,52.52288]}},{"type":"Feature","properties":{"id":"ke-tarihi-182","kind":"poi","name":"Mahnmal Gestapo-Lager Wuhlheide","theme":"tarihi","lab":1},"geometry":{"type":"Point","coordinates":[13.53135,52.49796]}},{"type":"Feature","properties":{"id":"ke-tarihi-183","kind":"poi","name":"Gotthold Ephraim Lessing","theme":"tarihi","lab":1},"geometry":{"type":"Point","coordinates":[13.37495,52.51205]}},{"type":"Feature","properties":{"id":"ke-tarihi-184","kind":"poi","name":"Obelisk","theme":"tarihi","lab":1},"geometry":{"type":"Point","coordinates":[13.06118,52.39586]}},{"type":"Feature","properties":{"id":"ke-tarihi-185","kind":"poi","name":"Kirche Falkenberg","theme":"tarihi","lab":1},"geometry":{"type":"Point","coordinates":[13.53765,52.57018]}},{"type":"Feature","properties":{"id":"ke-tarihi-186","kind":"poi","name":"Begräbnisstätte von Humboldt/von Holwede","theme":"tarihi","lab":1},"geometry":{"type":"Point","coordinates":[13.53809,52.57053]}},{"type":"Feature","properties":{"id":"ke-tarihi-187","kind":"poi","name":"Für Kriegsopfer","theme":"tarihi","lab":1},"geometry":{"type":"Point","coordinates":[13.53794,52.57068]}},{"type":"Feature","properties":{"id":"ke-tarihi-188","kind":"poi","name":"Rudolf-Virchow-Denkmal","theme":"tarihi","lab":1},"geometry":{"type":"Point","coordinates":[13.37936,52.52271]}},{"type":"Feature","properties":{"id":"ke-tarihi-189","kind":"poi","name":"Leopold I. von Anhalt-Dessau","theme":"tarihi","lab":1},"geometry":{"type":"Point","coordinates":[13.38369,52.51152]}},{"type":"Feature","properties":{"id":"ke-tarihi-190","kind":"poi","name":"Kurt Christoph von Schwerin","theme":"tarihi","lab":1},"geometry":{"type":"Point","coordinates":[13.38579,52.51198]}},{"type":"Feature","properties":{"id":"ke-tarihi-191","kind":"poi","name":"Jakob von Keith","theme":"tarihi","lab":1},"geometry":{"type":"Point","coordinates":[13.38467,52.51168]}},{"type":"Feature","properties":{"id":"ke-tarihi-192","kind":"poi","name":"Friedrich Wilhelm von Seydlitz","theme":"tarihi","lab":1},"geometry":{"type":"Point","coordinates":[13.38463,52.51175]}},{"type":"Feature","properties":{"id":"ke-tarihi-193","kind":"poi","name":"Trümmerfrauen Denkmal","theme":"tarihi","lab":1},"geometry":{"type":"Point","coordinates":[13.41396,52.48736]}},{"type":"Feature","properties":{"id":"ke-tarihi-194","kind":"poi","name":"Notstandsarbeiter","theme":"tarihi","lab":1},"geometry":{"type":"Point","coordinates":[13.35621,52.52697]}},{"type":"Feature","properties":{"id":"ke-tarihi-195","kind":"poi","name":"Heiliger Georg","theme":"tarihi","lab":1},"geometry":{"type":"Point","coordinates":[13.4056,52.51627]}},{"type":"Feature","properties":{"id":"ke-tarihi-196","kind":"poi","name":"Berlin","theme":"tarihi","lab":1},"geometry":{"type":"Point","coordinates":[13.19641,52.41869]}},{"type":"Feature","properties":{"id":"ke-tarihi-197","kind":"poi","name":"Schlacht bei Großbeeren","theme":"tarihi","lab":1},"geometry":{"type":"Point","coordinates":[13.29759,52.3572]}},{"type":"Feature","properties":{"id":"ke-tarihi-198","kind":"poi","name":"Kriegerdenkmal am Zickenplatz","theme":"tarihi","lab":1},"geometry":{"type":"Point","coordinates":[13.26605,52.4018]}},{"type":"Feature","properties":{"id":"ke-tarihi-199","kind":"poi","name":"Gedenkstein Opfer der NS-Herrschaft","theme":"tarihi","lab":1},"geometry":{"type":"Point","coordinates":[13.25984,52.43436]}},{"type":"Feature","properties":{"id":"ke-tarihi-200","kind":"poi","name":"Synagoge der Jüdischen Gemeinde Hohenschönhausen","theme":"tarihi","lab":1},"geometry":{"type":"Point","coordinates":[13.48596,52.5405]}},{"type":"Feature","properties":{"id":"ke-tarihi-201","kind":"poi","name":"Borussia","theme":"tarihi","lab":1},"geometry":{"type":"Point","coordinates":[13.31275,52.49251]}},{"type":"Feature","properties":{"id":"ke-tarihi-202","kind":"poi","name":"Reiterstandbild des Großen Kurfürsten","theme":"tarihi","lab":1},"geometry":{"type":"Point","coordinates":[13.29577,52.52055]}},{"type":"Feature","properties":{"id":"ke-tarihi-203","kind":"poi","name":"Prinz Albrecht von Preußen","theme":"tarihi","lab":1},"geometry":{"type":"Point","coordinates":[13.29602,52.51905]}},{"type":"Feature","properties":{"id":"ke-tarihi-204","kind":"poi","name":"Der Tod des Demonstranten","theme":"tarihi","lab":1},"geometry":{"type":"Point","coordinates":[13.30903,52.51199]}},{"type":"Feature","properties":{"id":"ke-tarihi-205","kind":"poi","name":"Friedrich I.","theme":"tarihi","lab":1},"geometry":{"type":"Point","coordinates":[13.33147,52.51304]}},{"type":"Feature","properties":{"id":"ke-tarihi-206","kind":"poi","name":"Sophie Charlotte","theme":"tarihi","lab":1},"geometry":{"type":"Point","coordinates":[13.33142,52.51342]}},{"type":"Feature","properties":{"id":"ke-tarihi-207","kind":"poi","name":"Leo Friedländer","theme":"tarihi","lab":1},"geometry":{"type":"Point","coordinates":[13.33416,52.48962]}},{"type":"Feature","properties":{"id":"ke-tarihi-208","kind":"poi","name":"ChristusKirche Berlin-Mitte","theme":"tarihi","lab":1},"geometry":{"type":"Point","coordinates":[13.39953,52.53636]}},{"type":"Feature","properties":{"id":"ke-tarihi-209","kind":"poi","name":"Karl Liebknecht","theme":"tarihi","lab":1},"geometry":{"type":"Point","coordinates":[13.44026,52.51296]}},{"type":"Feature","properties":{"id":"ke-tarihi-210","kind":"poi","name":"Hans Hahn","theme":"tarihi","lab":1},"geometry":{"type":"Point","coordinates":[13.33646,52.50403]}},{"type":"Feature","properties":{"id":"ke-tarihi-211","kind":"poi","name":"Wasserspiele","theme":"tarihi","lab":1},"geometry":{"type":"Point","coordinates":[13.47178,52.52936]}},{"type":"Feature","properties":{"id":"ke-tarihi-212","kind":"poi","name":"Ev. Kirchengem. Hermsdorf","theme":"tarihi","lab":1},"geometry":{"type":"Point","coordinates":[13.31107,52.61753]}},{"type":"Feature","properties":{"id":"ke-tarihi-213","kind":"poi","name":"Mahnmal Deportation ehemalige Synagoge","theme":"tarihi","lab":1},"geometry":{"type":"Point","coordinates":[13.33284,52.5214]}},{"type":"Feature","properties":{"id":"ke-tarihi-214","kind":"poi","name":"Gedenkstein für die 96 ermordeten Reichstagsabgeordneten","theme":"tarihi","lab":1},"geometry":{"type":"Point","coordinates":[13.37462,52.51796]}},{"type":"Feature","properties":{"id":"ke-tarihi-215","kind":"poi","name":"Kriegergruppendenkmal","theme":"tarihi","lab":1},"geometry":{"type":"Point","coordinates":[13.36157,52.51665]}},{"type":"Feature","properties":{"id":"ke-tarihi-216","kind":"poi","name":"Der Rufer","theme":"tarihi","lab":1},"geometry":{"type":"Point","coordinates":[13.3741,52.51604]}},{"type":"Feature","properties":{"id":"ke-tarihi-217","kind":"poi","name":"von-Bredow-Denkmal","theme":"tarihi","lab":1},"geometry":{"type":"Point","coordinates":[13.34984,52.51726]}},{"type":"Feature","properties":{"id":"ke-tarihi-218","kind":"poi","name":"Gedenkstätte für den Gefreiten Will","theme":"tarihi","lab":1},"geometry":{"type":"Point","coordinates":[13.361,52.51749]}},{"type":"Feature","properties":{"id":"ke-tarihi-219","kind":"poi","name":"Günter Bannat","theme":"tarihi","lab":1},"geometry":{"type":"Point","coordinates":[13.32906,52.51405]}},{"type":"Feature","properties":{"id":"ke-tarihi-220","kind":"poi","name":"Böse Wolke","theme":"tarihi","lab":1},"geometry":{"type":"Point","coordinates":[13.6891,52.43091]}},{"type":"Feature","properties":{"id":"ke-tarihi-221","kind":"poi","name":"Sally Epstein","theme":"tarihi","lab":1},"geometry":{"type":"Point","coordinates":[13.40904,52.52735]}},{"type":"Feature","properties":{"id":"ke-tarihi-222","kind":"poi","name":"8. Mai 1945","theme":"tarihi","lab":1},"geometry":{"type":"Point","coordinates":[13.50685,52.52603]}},{"type":"Feature","properties":{"id":"ke-tarihi-223","kind":"poi","name":"Wilhelm Spindler","theme":"tarihi","lab":1},"geometry":{"type":"Point","coordinates":[13.55873,52.45285]}},{"type":"Feature","properties":{"id":"ke-tarihi-224","kind":"poi","name":"Friedrich der Große","theme":"tarihi","lab":1},"geometry":{"type":"Point","coordinates":[13.29856,52.5206]}},{"type":"Feature","properties":{"id":"ke-tarihi-225","kind":"poi","name":"Flora","theme":"tarihi","lab":1},"geometry":{"type":"Point","coordinates":[13.29418,52.52038]}},{"type":"Feature","properties":{"id":"ke-tarihi-226","kind":"poi","name":"Pomona","theme":"tarihi","lab":1},"geometry":{"type":"Point","coordinates":[13.29309,52.52031]}},{"type":"Feature","properties":{"id":"ke-tarihi-227","kind":"poi","name":"Goethestein","theme":"tarihi","lab":1},"geometry":{"type":"Point","coordinates":[13.3387,52.54683]}},{"type":"Feature","properties":{"id":"ke-tarihi-228","kind":"poi","name":"Wandervogel Gedenkstein","theme":"tarihi","lab":1},"geometry":{"type":"Point","coordinates":[13.33089,52.44819]}},{"type":"Feature","properties":{"id":"ke-tarihi-229","kind":"poi","name":"Wandervogel Gedenktafel","theme":"tarihi","lab":1},"geometry":{"type":"Point","coordinates":[13.32056,52.4571]}},{"type":"Feature","properties":{"id":"ke-tarihi-230","kind":"poi","name":"Der Gefesselte","theme":"tarihi","lab":1},"geometry":{"type":"Point","coordinates":[13.31925,52.45584]}},{"type":"Feature","properties":{"id":"ke-tarihi-231","kind":"poi","name":"Leid an der Mauer","theme":"tarihi","lab":1},"geometry":{"type":"Point","coordinates":[13.31894,52.45553]}},{"type":"Feature","properties":{"id":"ke-tarihi-232","kind":"poi","name":"Wilhelm von Siemens Gedenktafel","theme":"tarihi","lab":1},"geometry":{"type":"Point","coordinates":[13.26332,52.54312]}},{"type":"Feature","properties":{"id":"ke-tarihi-233","kind":"poi","name":"Georg-Hermann-Gedenkstein","theme":"tarihi","lab":1},"geometry":{"type":"Point","coordinates":[13.32672,52.46973]}},{"type":"Feature","properties":{"id":"ke-tarihi-234","kind":"poi","name":"Gedenktafel für Kurt Schneider","theme":"tarihi","lab":1},"geometry":{"type":"Point","coordinates":[13.4817,52.51528]}},{"type":"Feature","properties":{"id":"ke-tarihi-235","kind":"poi","name":"Stanislaus Graf von Nayhauss-Cormons","theme":"tarihi","lab":1},"geometry":{"type":"Point","coordinates":[13.33762,52.47491]}},{"type":"Feature","properties":{"id":"ke-tarihi-236","kind":"poi","name":"Louise H. von Oranien","theme":"tarihi","lab":1},"geometry":{"type":"Point","coordinates":[13.2901,52.49719]}},{"type":"Feature","properties":{"id":"ke-tarihi-237","kind":"poi","name":"ehem. KZ-Außenlager Lichterfelde","theme":"tarihi","lab":1},"geometry":{"type":"Point","coordinates":[13.30231,52.42016]}},{"type":"Feature","properties":{"id":"ke-tarihi-238","kind":"poi","name":"Margarethe Basch","theme":"tarihi","lab":1},"geometry":{"type":"Point","coordinates":[13.30341,52.50206]}},{"type":"Feature","properties":{"id":"ke-tarihi-239","kind":"poi","name":"Tuilerien-Säule","theme":"tarihi","lab":1},"geometry":{"type":"Point","coordinates":[13.17228,52.44616]}},{"type":"Feature","properties":{"id":"ke-tarihi-240","kind":"poi","name":"Walther Rathenau","theme":"tarihi","lab":1},"geometry":{"type":"Point","coordinates":[13.27642,52.49048]}},{"type":"Feature","properties":{"id":"ke-tarihi-241","kind":"poi","name":"Sowjetisches Ehrenmal und Soldatenfriedhof","theme":"tarihi","lab":1},"geometry":{"type":"Point","coordinates":[13.7887,52.42355]}},{"type":"Feature","properties":{"id":"ke-tarihi-242","kind":"poi","name":"Preußisches Kriegerdenkmal","theme":"tarihi","lab":1},"geometry":{"type":"Point","coordinates":[13.62514,52.45063]}},{"type":"Feature","properties":{"id":"ke-tarihi-243","kind":"poi","name":"Alte Hakeburg","theme":"tarihi","lab":1},"geometry":{"type":"Point","coordinates":[13.22317,52.39388]}},{"type":"Feature","properties":{"id":"ke-tarihi-244","kind":"poi","name":"Meilenstein","theme":"tarihi","lab":1},"geometry":{"type":"Point","coordinates":[13.26007,52.52192]}},{"type":"Feature","properties":{"id":"ke-tarihi-245","kind":"poi","name":"Franziskanerkloster","theme":"tarihi","lab":1},"geometry":{"type":"Point","coordinates":[13.39456,52.56594]}},{"type":"Feature","properties":{"id":"ke-tarihi-246","kind":"poi","name":"Albrecht von Graefe","theme":"tarihi","lab":1},"geometry":{"type":"Point","coordinates":[13.37922,52.52361]}},{"type":"Feature","properties":{"id":"ke-tarihi-247","kind":"poi","name":"Burgsdorff-Lärche","theme":"tarihi","lab":1},"geometry":{"type":"Point","coordinates":[13.24354,52.59535]}},{"type":"Feature","properties":{"id":"ke-tarihi-248","kind":"poi","name":"The Day The Wall Came Down","theme":"tarihi","lab":1},"geometry":{"type":"Point","coordinates":[13.2724,52.45464]}},{"type":"Feature","properties":{"id":"ke-tarihi-249","kind":"poi","name":"Radrennbahn Schöneberg","theme":"tarihi","lab":1},"geometry":{"type":"Point","coordinates":[13.35616,52.47428]}},{"type":"Feature","properties":{"id":"ke-tarihi-250","kind":"poi","name":"Fritz Schloß","theme":"tarihi","lab":1},"geometry":{"type":"Point","coordinates":[13.35632,52.52953]}},{"type":"Feature","properties":{"id":"ke-tarihi-251","kind":"poi","name":"Frieda Rosenthal","theme":"tarihi","lab":1},"geometry":{"type":"Point","coordinates":[13.49939,52.51392]}},{"type":"Feature","properties":{"id":"ke-tarihi-252","kind":"poi","name":"Max Fürst","theme":"tarihi","lab":1},"geometry":{"type":"Point","coordinates":[13.41161,52.52808]}},{"type":"Feature","properties":{"id":"ke-tarihi-253","kind":"poi","name":"Malcha Gutmann","theme":"tarihi","lab":1},"geometry":{"type":"Point","coordinates":[13.42355,52.54125]}},{"type":"Feature","properties":{"id":"ke-tarihi-254","kind":"poi","name":"Nathan Gutmann","theme":"tarihi","lab":1},"geometry":{"type":"Point","coordinates":[13.42356,52.54124]}},{"type":"Feature","properties":{"id":"ke-tarihi-255","kind":"poi","name":"Margarete Cohn","theme":"tarihi","lab":1},"geometry":{"type":"Point","coordinates":[13.33089,52.50389]}},{"type":"Feature","properties":{"id":"ke-tarihi-256","kind":"poi","name":"Arthur Drucker","theme":"tarihi","lab":1},"geometry":{"type":"Point","coordinates":[13.42719,52.481]}},{"type":"Feature","properties":{"id":"ke-tarihi-257","kind":"poi","name":"Rosalie Drucker","theme":"tarihi","lab":1},"geometry":{"type":"Point","coordinates":[13.42718,52.481]}},{"type":"Feature","properties":{"id":"ke-tarihi-258","kind":"poi","name":"Alfred Bergmann","theme":"tarihi","lab":1},"geometry":{"type":"Point","coordinates":[13.32604,52.50692]}},{"type":"Feature","properties":{"id":"ke-tarihi-259","kind":"poi","name":"Jenny Glück","theme":"tarihi","lab":1},"geometry":{"type":"Point","coordinates":[13.41049,52.52495]}},{"type":"Feature","properties":{"id":"ke-tarihi-260","kind":"poi","name":"Julius Prager","theme":"tarihi","lab":1},"geometry":{"type":"Point","coordinates":[13.41685,52.53273]}},{"type":"Feature","properties":{"id":"ke-tarihi-261","kind":"poi","name":"Rosa Prager","theme":"tarihi","lab":1},"geometry":{"type":"Point","coordinates":[13.41685,52.53274]}},{"type":"Feature","properties":{"id":"ke-tarihi-262","kind":"poi","name":"Grete Hoffmann","theme":"tarihi","lab":1},"geometry":{"type":"Point","coordinates":[13.42235,52.5404]}},{"type":"Feature","properties":{"id":"ke-tarihi-263","kind":"poi","name":"Louis Hoffmann","theme":"tarihi","lab":1},"geometry":{"type":"Point","coordinates":[13.42235,52.54041]}},{"type":"Feature","properties":{"id":"ke-tarihi-264","kind":"poi","name":"Elfriede Redlich","theme":"tarihi","lab":1},"geometry":{"type":"Point","coordinates":[13.42236,52.54041]}},{"type":"Feature","properties":{"id":"ke-tarihi-265","kind":"poi","name":"Adolf Aufrecht","theme":"tarihi","lab":1},"geometry":{"type":"Point","coordinates":[13.33429,52.46909]}},{"type":"Feature","properties":{"id":"ke-tarihi-266","kind":"poi","name":"Bertha Pohl","theme":"tarihi","lab":1},"geometry":{"type":"Point","coordinates":[13.31888,52.47178]}},{"type":"Feature","properties":{"id":"ke-tarihi-267","kind":"poi","name":"Charlotte Hirschberg","theme":"tarihi","lab":1},"geometry":{"type":"Point","coordinates":[13.31829,52.47267]}},{"type":"Feature","properties":{"id":"ke-tarihi-268","kind":"poi","name":"Ernst Hirschberg","theme":"tarihi","lab":1},"geometry":{"type":"Point","coordinates":[13.31838,52.47265]}},{"type":"Feature","properties":{"id":"ke-tarihi-269","kind":"poi","name":"Else Bock","theme":"tarihi","lab":1},"geometry":{"type":"Point","coordinates":[13.31802,52.47269]}},{"type":"Feature","properties":{"id":"ke-tarihi-270","kind":"poi","name":"Inge Hirschberg","theme":"tarihi","lab":1},"geometry":{"type":"Point","coordinates":[13.31833,52.47266]}},{"type":"Feature","properties":{"id":"ke-tarihi-271","kind":"poi","name":"Rebecca Aufrecht","theme":"tarihi","lab":1},"geometry":{"type":"Point","coordinates":[13.33424,52.46909]}},{"type":"Feature","properties":{"id":"ke-tarihi-272","kind":"poi","name":"Paula Dienstag","theme":"tarihi","lab":1},"geometry":{"type":"Point","coordinates":[13.31995,52.50899]}},{"type":"Feature","properties":{"id":"ke-tarihi-273","kind":"poi","name":"Erika Becker","theme":"tarihi","lab":1},"geometry":{"type":"Point","coordinates":[13.41572,52.54727]}},{"type":"Feature","properties":{"id":"ke-tarihi-274","kind":"poi","name":"Helene Becker","theme":"tarihi","lab":1},"geometry":{"type":"Point","coordinates":[13.41573,52.54727]}},{"type":"Feature","properties":{"id":"ke-tarihi-275","kind":"poi","name":"Agnes-Kraus-Gedenkstein","theme":"tarihi","lab":1},"geometry":{"type":"Point","coordinates":[13.50319,52.4981]}},{"type":"Feature","properties":{"id":"ke-tarihi-276","kind":"poi","name":"Gedenkstein Alexander Futran","theme":"tarihi","lab":1},"geometry":{"type":"Point","coordinates":[13.57873,52.44712]}},{"type":"Feature","properties":{"id":"ke-tarihi-277","kind":"poi","name":"Josef Nawrocki","theme":"tarihi","lab":1},"geometry":{"type":"Point","coordinates":[13.41621,52.53192]}},{"type":"Feature","properties":{"id":"ke-tarihi-278","kind":"poi","name":"Röschen Wollstein","theme":"tarihi","lab":1},"geometry":{"type":"Point","coordinates":[13.421,52.50971]}},{"type":"Feature","properties":{"id":"ke-tarihi-279","kind":"poi","name":"Leo Rosshändler","theme":"tarihi","lab":1},"geometry":{"type":"Point","coordinates":[13.41981,52.52557]}},{"type":"Feature","properties":{"id":"ke-tarihi-280","kind":"poi","name":"Manja Rosshändler","theme":"tarihi","lab":1},"geometry":{"type":"Point","coordinates":[13.41978,52.52557]}},{"type":"Feature","properties":{"id":"ke-tarihi-281","kind":"poi","name":"Paul Rosshändler","theme":"tarihi","lab":1},"geometry":{"type":"Point","coordinates":[13.41979,52.52558]}},{"type":"Feature","properties":{"id":"ke-tarihi-282","kind":"poi","name":"Erika Jakubowski","theme":"tarihi","lab":1},"geometry":{"type":"Point","coordinates":[13.42483,52.52947]}},{"type":"Feature","properties":{"id":"ke-tarihi-283","kind":"poi","name":"Adolf Jacks","theme":"tarihi","lab":1},"geometry":{"type":"Point","coordinates":[13.42262,52.52768]}},{"type":"Feature","properties":{"id":"ke-tarihi-284","kind":"poi","name":"Egon Jacks","theme":"tarihi","lab":1},"geometry":{"type":"Point","coordinates":[13.42263,52.52769]}},{"type":"Feature","properties":{"id":"ke-tarihi-287","kind":"poi","name":"Rosa Katz","theme":"tarihi","lab":1},"geometry":{"type":"Point","coordinates":[13.42265,52.5277]}},{"type":"Feature","properties":{"id":"ke-tarihi-288","kind":"poi","name":"Emil Bab","theme":"tarihi","lab":1},"geometry":{"type":"Point","coordinates":[13.42179,52.53449]}},{"type":"Feature","properties":{"id":"ke-tarihi-289","kind":"poi","name":"Preußensäule","theme":"tarihi","lab":1},"geometry":{"type":"Point","coordinates":[13.51826,52.50582]}},{"type":"Feature","properties":{"id":"ke-tarihi-290","kind":"poi","name":"Erinnerung","theme":"tarihi","lab":1},"geometry":{"type":"Point","coordinates":[13.33523,52.51685]}},{"type":"Feature","properties":{"id":"ke-tarihi-291","kind":"poi","name":"Der archaische Erzengel von Heiligensee","theme":"tarihi","lab":1},"geometry":{"type":"Point","coordinates":[13.26634,52.58957]}},{"type":"Feature","properties":{"id":"ke-tarihi-292","kind":"poi","name":"English Phone Booth/ BücherboXX","theme":"tarihi","lab":1},"geometry":{"type":"Point","coordinates":[13.31435,52.48993]}},{"type":"Feature","properties":{"id":"ke-tarihi-293","kind":"poi","name":"Clara Zetkin","theme":"tarihi","lab":1},"geometry":{"type":"Point","coordinates":[13.57045,52.56579]}},{"type":"Feature","properties":{"id":"ke-tarihi-294","kind":"poi","name":"Alfred Cohn","theme":"tarihi","lab":1},"geometry":{"type":"Point","coordinates":[13.33746,52.47056]}},{"type":"Feature","properties":{"id":"ke-tarihi-295","kind":"poi","name":"Paul Abraham","theme":"tarihi","lab":1},"geometry":{"type":"Point","coordinates":[13.41187,52.54321]}},{"type":"Feature","properties":{"id":"ke-tarihi-296","kind":"poi","name":"Heinrich-Heine-Denkmal","theme":"tarihi","lab":1},"geometry":{"type":"Point","coordinates":[13.26383,52.30171]}},{"type":"Feature","properties":{"id":"ke-tarihi-297","kind":"poi","name":"Stundeneiche","theme":"tarihi","lab":1},"geometry":{"type":"Point","coordinates":[13.26038,52.30117]}},{"type":"Feature","properties":{"id":"ke-tarihi-298","kind":"poi","name":"Michaelsdenkmal","theme":"tarihi","lab":1},"geometry":{"type":"Point","coordinates":[13.0936,52.40727]}},{"type":"Feature","properties":{"id":"ke-tarihi-299","kind":"poi","name":"Gedenkstele für Chris Gueffroy","theme":"tarihi","lab":1},"geometry":{"type":"Point","coordinates":[13.46889,52.45892]}},{"type":"Feature","properties":{"id":"ke-tarihi-300","kind":"poi","name":"Anna Hirschberg","theme":"tarihi","lab":1},"geometry":{"type":"Point","coordinates":[13.40888,52.56627]}},{"type":"Feature","properties":{"id":"ke-tarihi-301","kind":"poi","name":"Heinz Hirschberg","theme":"tarihi","lab":1},"geometry":{"type":"Point","coordinates":[13.4089,52.56628]}},{"type":"Feature","properties":{"id":"ke-tarihi-302","kind":"poi","name":"Löwenstatue","theme":"tarihi","lab":1},"geometry":{"type":"Point","coordinates":[13.31157,52.51815]}},{"type":"Feature","properties":{"id":"ke-tarihi-303","kind":"poi","name":"Gedenkanlage für die gefallenen Kämpfer gegen den Kapp-Putsch","theme":"tarihi","lab":1},"geometry":{"type":"Point","coordinates":[13.54581,52.44255]}},{"type":"Feature","properties":{"id":"ke-tarihi-304","kind":"poi","name":"Zur Erinnerung an den 8. Mai 1945","theme":"tarihi","lab":1},"geometry":{"type":"Point","coordinates":[13.54274,52.43467]}},{"type":"Feature","properties":{"id":"ke-modern-1","kind":"poi","name":"Kabarett-Theater Distel","theme":"modern","lab":1},"geometry":{"type":"Point","coordinates":[13.38851,52.52067]}},{"type":"Feature","properties":{"id":"ke-modern-2","kind":"poi","name":"Sophiensæle","theme":"modern","lab":1},"geometry":{"type":"Point","coordinates":[13.4016,52.52588]}},{"type":"Feature","properties":{"id":"ke-modern-3","kind":"poi","name":"Berliner Kriminaltheater","theme":"modern","lab":1},"geometry":{"type":"Point","coordinates":[13.43995,52.5182]}},{"type":"Feature","properties":{"id":"ke-modern-4","kind":"poi","name":"Schaubühne am Lehniner Platz","theme":"modern","lab":1},"geometry":{"type":"Point","coordinates":[13.30227,52.49866]}},{"type":"Feature","properties":{"id":"ke-modern-5","kind":"poi","name":"Deutsche Oper Berlin","theme":"modern","lab":1},"geometry":{"type":"Point","coordinates":[13.30838,52.51214]}},{"type":"Feature","properties":{"id":"ke-modern-6","kind":"poi","name":"Komische Oper Berlin","theme":"modern","lab":1},"geometry":{"type":"Point","coordinates":[13.38699,52.51566]}},{"type":"Feature","properties":{"id":"ke-modern-7","kind":"poi","name":"Kleines Theater","theme":"modern","lab":1},"geometry":{"type":"Point","coordinates":[13.32232,52.47336]}},{"type":"Feature","properties":{"id":"ke-modern-8","kind":"poi","name":"Neuköllner Oper","theme":"modern","lab":1},"geometry":{"type":"Point","coordinates":[13.43933,52.47756]}},{"type":"Feature","properties":{"id":"ke-modern-9","kind":"poi","name":"Theater im Palais","theme":"modern","lab":1},"geometry":{"type":"Point","coordinates":[13.3955,52.51852]}},{"type":"Feature","properties":{"id":"ke-modern-10","kind":"poi","name":"Vagantenbühne","theme":"modern","lab":1},"geometry":{"type":"Point","coordinates":[13.32857,52.50612]}},{"type":"Feature","properties":{"id":"ke-modern-11","kind":"poi","name":"Chamäleon","theme":"modern","lab":1},"geometry":{"type":"Point","coordinates":[13.40208,52.52404]}},{"type":"Feature","properties":{"id":"ke-modern-12","kind":"poi","name":"Renaissance-Theater Berlin","theme":"modern","lab":1},"geometry":{"type":"Point","coordinates":[13.3235,52.51034]}},{"type":"Feature","properties":{"id":"ke-modern-13","kind":"poi","name":"BKA-Theater","theme":"modern","lab":1},"geometry":{"type":"Point","coordinates":[13.3877,52.49364]}},{"type":"Feature","properties":{"id":"ke-modern-14","kind":"poi","name":"Die Stachelschweine","theme":"modern","lab":1},"geometry":{"type":"Point","coordinates":[13.33749,52.50437]}},{"type":"Feature","properties":{"id":"ke-modern-15","kind":"poi","name":"Centre Français de Berlin","theme":"modern","lab":1},"geometry":{"type":"Point","coordinates":[13.33911,52.55839]}},{"type":"Feature","properties":{"id":"ke-modern-16","kind":"poi","name":"Theater am Potsdamer Platz","theme":"modern","lab":1},"geometry":{"type":"Point","coordinates":[13.37212,52.50722]}},{"type":"Feature","properties":{"id":"ke-modern-17","kind":"poi","name":"Hamburger Bahnhof - Nationalgalerie der Gegenwart","theme":"modern","lab":1},"geometry":{"type":"Point","coordinates":[13.37204,52.52844]}},{"type":"Feature","properties":{"id":"ke-modern-18","kind":"poi","name":"Tempodrom","theme":"modern","lab":1},"geometry":{"type":"Point","coordinates":[13.38118,52.50161]}},{"type":"Feature","properties":{"id":"ke-modern-19","kind":"poi","name":"Garn Theater","theme":"modern","lab":1},"geometry":{"type":"Point","coordinates":[13.37639,52.48704]}},{"type":"Feature","properties":{"id":"ke-modern-20","kind":"poi","name":"Kissenbrunnen (Plastik)","theme":"modern","lab":1},"geometry":{"type":"Point","coordinates":[13.4209,52.60684]}},{"type":"Feature","properties":{"id":"ke-modern-21","kind":"poi","name":"Theater im Delphi","theme":"modern","lab":1},"geometry":{"type":"Point","coordinates":[13.43116,52.5519]}},{"type":"Feature","properties":{"id":"ke-modern-22","kind":"poi","name":"Galerie Futura","theme":"modern","lab":1},"geometry":{"type":"Point","coordinates":[13.4516,52.49716]}},{"type":"Feature","properties":{"id":"ke-modern-23","kind":"poi","name":"KunstHaus Potsdam","theme":"modern","lab":1},"geometry":{"type":"Point","coordinates":[13.05113,52.40614]}},{"type":"Feature","properties":{"id":"ke-modern-24","kind":"poi","name":"PalaisPopulaire","theme":"modern","lab":1},"geometry":{"type":"Point","coordinates":[13.39615,52.51715]}},{"type":"Feature","properties":{"id":"ke-modern-25","kind":"poi","name":"Stage Bluemax Theater","theme":"modern","lab":1},"geometry":{"type":"Point","coordinates":[13.37334,52.50693]}},{"type":"Feature","properties":{"id":"ke-modern-26","kind":"poi","name":"Bärenzwinger","theme":"modern","lab":1},"geometry":{"type":"Point","coordinates":[13.41446,52.51279]}},{"type":"Feature","properties":{"id":"ke-modern-27","kind":"poi","name":"Lapidarium","theme":"modern","lab":1},"geometry":{"type":"Point","coordinates":[13.3776,52.50167]}},{"type":"Feature","properties":{"id":"ke-modern-28","kind":"poi","name":"Altstadttheater Köpenick","theme":"modern","lab":1},"geometry":{"type":"Point","coordinates":[13.57787,52.4459]}},{"type":"Feature","properties":{"id":"ke-modern-29","kind":"poi","name":"GRIPS Theater","theme":"modern","lab":1},"geometry":{"type":"Point","coordinates":[13.34142,52.51867]}},{"type":"Feature","properties":{"id":"ke-modern-30","kind":"poi","name":"Haus der Berliner Festspiele","theme":"modern","lab":1},"geometry":{"type":"Point","coordinates":[13.32869,52.49854]}},{"type":"Feature","properties":{"id":"ke-modern-32","kind":"poi","name":"Nikolaisaal","theme":"modern","lab":1},"geometry":{"type":"Point","coordinates":[13.05532,52.39813]}},{"type":"Feature","properties":{"id":"ke-modern-33","kind":"poi","name":"Capitain Petzel","theme":"modern","lab":1},"geometry":{"type":"Point","coordinates":[13.42519,52.51986]}},{"type":"Feature","properties":{"id":"ke-modern-34","kind":"poi","name":"Bar jeder Vernunft","theme":"modern","lab":1},"geometry":{"type":"Point","coordinates":[13.32959,52.49801]}},{"type":"Feature","properties":{"id":"ke-modern-36","kind":"poi","name":"Universität der Künste Konzertsaal","theme":"modern","lab":1},"geometry":{"type":"Point","coordinates":[13.32808,52.50893]}},{"type":"Feature","properties":{"id":"ke-modern-37","kind":"poi","name":"Schinkelpavillon","theme":"modern","lab":1},"geometry":{"type":"Point","coordinates":[13.39694,52.51635]}},{"type":"Feature","properties":{"id":"ke-modern-38","kind":"poi","name":"Stage Theater des Westens","theme":"modern","lab":1},"geometry":{"type":"Point","coordinates":[13.32898,52.50592]}},{"type":"Feature","properties":{"id":"ke-modern-39","kind":"poi","name":"ZK/U","theme":"modern","lab":1},"geometry":{"type":"Point","coordinates":[13.33653,52.53388]}},{"type":"Feature","properties":{"id":"ke-modern-41","kind":"poi","name":"Tipi am Kanzleramt","theme":"modern","lab":1},"geometry":{"type":"Point","coordinates":[13.36725,52.51841]}},{"type":"Feature","properties":{"id":"ke-modern-46","kind":"poi","name":"Zirkus Mond","theme":"modern","lab":1},"geometry":{"type":"Point","coordinates":[13.4325,52.54228]}},{"type":"Feature","properties":{"id":"ke-modern-47","kind":"poi","name":"Shakespeare Company Berlin","theme":"modern","lab":1},"geometry":{"type":"Point","coordinates":[13.34985,52.45652]}},{"type":"Feature","properties":{"id":"ke-modern-48","kind":"poi","name":"Friedrichstadt-Palast","theme":"modern","lab":1},"geometry":{"type":"Point","coordinates":[13.38888,52.52392]}},{"type":"Feature","properties":{"id":"ke-modern-49","kind":"poi","name":"Quatsch Comedy Club","theme":"modern","lab":1},"geometry":{"type":"Point","coordinates":[13.38862,52.52362]}},{"type":"Feature","properties":{"id":"ke-modern-50","kind":"poi","name":"Die Wühlmäuse","theme":"modern","lab":1},"geometry":{"type":"Point","coordinates":[13.27075,52.50887]}},{"type":"Feature","properties":{"id":"ke-modern-51","kind":"poi","name":"HAU 2 (Hebbel am Ufer)","theme":"modern","lab":1},"geometry":{"type":"Point","coordinates":[13.38587,52.49911]}},{"type":"Feature","properties":{"id":"ke-modern-52","kind":"poi","name":"Richard Wagner","theme":"modern","lab":1},"geometry":{"type":"Point","coordinates":[13.36187,52.51007]}},{"type":"Feature","properties":{"id":"ke-modern-53","kind":"poi","name":"Flensburger Löwe","theme":"modern","lab":1},"geometry":{"type":"Point","coordinates":[13.16499,52.43388]}},{"type":"Feature","properties":{"id":"ke-modern-54","kind":"poi","name":"Begegnung","theme":"modern","lab":1},"geometry":{"type":"Point","coordinates":[13.47316,52.52873]}},{"type":"Feature","properties":{"id":"ke-modern-55","kind":"poi","name":"Friedrich Wilhelm III. von Preußen","theme":"modern","lab":1},"geometry":{"type":"Point","coordinates":[13.36449,52.51157]}},{"type":"Feature","properties":{"id":"ke-modern-56","kind":"poi","name":"Büffeljagd","theme":"modern","lab":1},"geometry":{"type":"Point","coordinates":[13.3485,52.51332]}},{"type":"Feature","properties":{"id":"ke-modern-57","kind":"poi","name":"Eberjagd","theme":"modern","lab":1},"geometry":{"type":"Point","coordinates":[13.34862,52.51327]}},{"type":"Feature","properties":{"id":"ke-modern-58","kind":"poi","name":"Fuchsjagd","theme":"modern","lab":1},"geometry":{"type":"Point","coordinates":[13.34631,52.51156]}},{"type":"Feature","properties":{"id":"ke-modern-59","kind":"poi","name":"Wilhelm von Preußen","theme":"modern","lab":1},"geometry":{"type":"Point","coordinates":[13.36532,52.51044]}},{"type":"Feature","properties":{"id":"ke-modern-60","kind":"poi","name":"Löwengruppe","theme":"modern","lab":1},"geometry":{"type":"Point","coordinates":[13.37564,52.51493]}},{"type":"Feature","properties":{"id":"ke-modern-62","kind":"poi","name":"Theater an der Parkaue","theme":"modern","lab":1},"geometry":{"type":"Point","coordinates":[13.4772,52.51699]}},{"type":"Feature","properties":{"id":"ke-modern-63","kind":"poi","name":"T-Werk","theme":"modern","lab":1},"geometry":{"type":"Point","coordinates":[13.0725,52.40225]}},{"type":"Feature","properties":{"id":"ke-modern-64","kind":"poi","name":"Für Bettina und Achim von Arnim","theme":"modern","lab":1},"geometry":{"type":"Point","coordinates":[13.40948,52.55192]}},{"type":"Feature","properties":{"id":"ke-modern-65","kind":"poi","name":"Berlin","theme":"modern","lab":1},"geometry":{"type":"Point","coordinates":[13.33865,52.50338]}},{"type":"Feature","properties":{"id":"ke-modern-66","kind":"poi","name":"Amazone zu Pferde","theme":"modern","lab":1},"geometry":{"type":"Point","coordinates":[13.36918,52.51468]}},{"type":"Feature","properties":{"id":"ke-modern-67","kind":"poi","name":"Sonnenuhr","theme":"modern","lab":1},"geometry":{"type":"Point","coordinates":[13.42729,52.54369]}},{"type":"Feature","properties":{"id":"ke-modern-68","kind":"poi","name":"Kesselhaus Kulturbrauerei","theme":"modern","lab":1},"geometry":{"type":"Point","coordinates":[13.41367,52.53923]}},{"type":"Feature","properties":{"id":"ke-modern-69","kind":"poi","name":"Deutsches Theater","theme":"modern","lab":1},"geometry":{"type":"Point","coordinates":[13.38191,52.52435]}},{"type":"Feature","properties":{"id":"ke-modern-70","kind":"poi","name":"Der seltene Fang","theme":"modern","lab":1},"geometry":{"type":"Point","coordinates":[13.38197,52.48965]}},{"type":"Feature","properties":{"id":"ke-modern-71","kind":"poi","name":"Wir haben Gesichter","theme":"modern","lab":1},"geometry":{"type":"Point","coordinates":[13.38242,52.48943]}},{"type":"Feature","properties":{"id":"ke-modern-72","kind":"poi","name":"Pionierleiter mit jungen Pionieren","theme":"modern","lab":1},"geometry":{"type":"Point","coordinates":[13.54338,52.45975]}},{"type":"Feature","properties":{"id":"ke-modern-73","kind":"poi","name":"Schreitendes Mädchen","theme":"modern","lab":1},"geometry":{"type":"Point","coordinates":[13.19345,52.51318]}},{"type":"Feature","properties":{"id":"ke-modern-74","kind":"poi","name":"Large Divided Oval: Butterfly","theme":"modern","lab":1},"geometry":{"type":"Point","coordinates":[13.36437,52.51793]}},{"type":"Feature","properties":{"id":"ke-modern-75","kind":"poi","name":"Aus der Asche unserer Toten","theme":"modern","lab":1},"geometry":{"type":"Point","coordinates":[13.5458,52.46554]}},{"type":"Feature","properties":{"id":"ke-modern-76","kind":"poi","name":"Knabe mit Fisch","theme":"modern","lab":1},"geometry":{"type":"Point","coordinates":[13.43679,52.53882]}},{"type":"Feature","properties":{"id":"ke-modern-77","kind":"poi","name":"Theater Rambazamba","theme":"modern","lab":1},"geometry":{"type":"Point","coordinates":[13.41364,52.5399]}},{"type":"Feature","properties":{"id":"ke-modern-78","kind":"poi","name":"Walrosse","theme":"modern","lab":1},"geometry":{"type":"Point","coordinates":[13.4044,52.54617]}},{"type":"Feature","properties":{"id":"ke-modern-80","kind":"poi","name":"\"Inge\"","theme":"modern","lab":1},"geometry":{"type":"Point","coordinates":[13.40789,52.57853]}},{"type":"Feature","properties":{"id":"ke-modern-81","kind":"poi","name":"Mann mit Ziege","theme":"modern","lab":1},"geometry":{"type":"Point","coordinates":[13.59059,52.677]}},{"type":"Feature","properties":{"id":"ke-modern-82","kind":"poi","name":"Hauptmann von Köpenick","theme":"modern","lab":1},"geometry":{"type":"Point","coordinates":[13.57474,52.44578]}},{"type":"Feature","properties":{"id":"ke-modern-83","kind":"poi","name":"Blauer Obelisk","theme":"modern","lab":1},"geometry":{"type":"Point","coordinates":[13.27216,52.50936]}},{"type":"Feature","properties":{"id":"ke-modern-85","kind":"poi","name":"Thron","theme":"modern","lab":1},"geometry":{"type":"Point","coordinates":[13.07015,52.39534]}},{"type":"Feature","properties":{"id":"ke-modern-86","kind":"poi","name":"Gorilla Bobby","theme":"modern","lab":1},"geometry":{"type":"Point","coordinates":[13.33928,52.50625]}},{"type":"Feature","properties":{"id":"ke-modern-87","kind":"poi","name":"Wilder Eber","theme":"modern","lab":1},"geometry":{"type":"Point","coordinates":[13.28982,52.47051]}},{"type":"Feature","properties":{"id":"ke-modern-88","kind":"poi","name":"Nichtgeburtstagsbrunnen","theme":"modern","lab":1},"geometry":{"type":"Point","coordinates":[13.38995,52.5015]}},{"type":"Feature","properties":{"id":"ke-modern-89","kind":"poi","name":"Der Sieger","theme":"modern","lab":1},"geometry":{"type":"Point","coordinates":[13.26055,52.51639]}},{"type":"Feature","properties":{"id":"ke-modern-90","kind":"poi","name":"Der Ringer","theme":"modern","lab":1},"geometry":{"type":"Point","coordinates":[13.25926,52.50886]}},{"type":"Feature","properties":{"id":"ke-modern-91","kind":"poi","name":"Richtkrone","theme":"modern","lab":1},"geometry":{"type":"Point","coordinates":[13.54412,52.52548]}},{"type":"Feature","properties":{"id":"ke-modern-92","kind":"poi","name":"Rossebändiger","theme":"modern","lab":1},"geometry":{"type":"Point","coordinates":[13.35782,52.49193]}},{"type":"Feature","properties":{"id":"ke-modern-93","kind":"poi","name":"Bär","theme":"modern","lab":1},"geometry":{"type":"Point","coordinates":[13.42179,52.54893]}},{"type":"Feature","properties":{"id":"ke-modern-94","kind":"poi","name":"Comeniusdenkmal","theme":"modern","lab":1},"geometry":{"type":"Point","coordinates":[13.4425,52.47512]}},{"type":"Feature","properties":{"id":"ke-modern-95","kind":"poi","name":"Neuer Berliner Kunstverein","theme":"modern","lab":1},"geometry":{"type":"Point","coordinates":[13.38605,52.52791]}},{"type":"Feature","properties":{"id":"ke-modern-96","kind":"poi","name":"Pendelobelisk","theme":"modern","lab":1},"geometry":{"type":"Point","coordinates":[13.33097,52.50323]}},{"type":"Feature","properties":{"id":"ke-modern-97","kind":"poi","name":"Riding Bikes","theme":"modern","lab":1},"geometry":{"type":"Point","coordinates":[13.37526,52.5082]}},{"type":"Feature","properties":{"id":"ke-modern-98","kind":"poi","name":"Uhr der fließenden Zeit","theme":"modern","lab":1},"geometry":{"type":"Point","coordinates":[13.33755,52.50461]}},{"type":"Feature","properties":{"id":"ke-modern-99","kind":"poi","name":"Die Sieben Schwaben","theme":"modern","lab":1},"geometry":{"type":"Point","coordinates":[13.31476,52.49057]}},{"type":"Feature","properties":{"id":"ke-modern-100","kind":"poi","name":"Ballhaus Naunynstraße","theme":"modern","lab":1},"geometry":{"type":"Point","coordinates":[13.42132,52.502]}},{"type":"Feature","properties":{"id":"ke-modern-101","kind":"poi","name":"Familie Grün","theme":"modern","lab":1},"geometry":{"type":"Point","coordinates":[13.05192,52.39996]}},{"type":"Feature","properties":{"id":"ke-modern-102","kind":"poi","name":"Zimmer 16","theme":"modern","lab":1},"geometry":{"type":"Point","coordinates":[13.40143,52.5655]}},{"type":"Feature","properties":{"id":"ke-modern-103","kind":"poi","name":"Stier","theme":"modern","lab":1},"geometry":{"type":"Point","coordinates":[13.36963,52.45872]}},{"type":"Feature","properties":{"id":"ke-modern-104","kind":"poi","name":"Heimathafen Neukölln","theme":"modern","lab":1},"geometry":{"type":"Point","coordinates":[13.43992,52.47702]}},{"type":"Feature","properties":{"id":"ke-modern-105","kind":"poi","name":"Mutter mit Kind","theme":"modern","lab":1},"geometry":{"type":"Point","coordinates":[13.43909,52.52756]}},{"type":"Feature","properties":{"id":"ke-modern-106","kind":"poi","name":"Brücken der Begegnung","theme":"modern","lab":1},"geometry":{"type":"Point","coordinates":[13.30619,52.50804]}},{"type":"Feature","properties":{"id":"ke-modern-107","kind":"poi","name":"Der gestürzte Krieger","theme":"modern","lab":1},"geometry":{"type":"Point","coordinates":[13.32886,52.50521]}},{"type":"Feature","properties":{"id":"ke-modern-108","kind":"poi","name":"Hans Joachim von Zieten","theme":"modern","lab":1},"geometry":{"type":"Point","coordinates":[13.38439,52.51166]}},{"type":"Feature","properties":{"id":"ke-modern-109","kind":"poi","name":"Perspektiven","theme":"modern","lab":1},"geometry":{"type":"Point","coordinates":[13.28003,52.4477]}},{"type":"Feature","properties":{"id":"ke-modern-110","kind":"poi","name":"Versus","theme":"modern","lab":1},"geometry":{"type":"Point","coordinates":[13.29299,52.49728]}},{"type":"Feature","properties":{"id":"ke-modern-111","kind":"poi","name":"Flamme","theme":"modern","lab":1},"geometry":{"type":"Point","coordinates":[13.32302,52.51324]}},{"type":"Feature","properties":{"id":"ke-modern-112","kind":"poi","name":"Obelisk am Henriettenplatz","theme":"modern","lab":1},"geometry":{"type":"Point","coordinates":[13.2906,52.49729]}},{"type":"Feature","properties":{"id":"ke-modern-113","kind":"poi","name":"Interior Space","theme":"modern","lab":1},"geometry":{"type":"Point","coordinates":[13.29759,52.45579]}},{"type":"Feature","properties":{"id":"ke-modern-114","kind":"poi","name":"Doppelgängeradmiral","theme":"modern","lab":1},"geometry":{"type":"Point","coordinates":[13.41642,52.49723]}},{"type":"Feature","properties":{"id":"ke-modern-115","kind":"poi","name":"Ballhaus Ost","theme":"modern","lab":1},"geometry":{"type":"Point","coordinates":[13.41531,52.543]}},{"type":"Feature","properties":{"id":"ke-modern-116","kind":"poi","name":"Balanceakt","theme":"modern","lab":1},"geometry":{"type":"Point","coordinates":[13.3986,52.50802]}},{"type":"Feature","properties":{"id":"ke-modern-117","kind":"poi","name":"Ausland","theme":"modern","lab":1},"geometry":{"type":"Point","coordinates":[13.41948,52.54484]}},{"type":"Feature","properties":{"id":"ke-modern-118","kind":"poi","name":"AVUS Motorradfahrer Denkmal (Ewald Kluge und Ernst Jakob Henne)","theme":"modern","lab":1},"geometry":{"type":"Point","coordinates":[13.27851,52.50328]}},{"type":"Feature","properties":{"id":"ke-modern-119","kind":"poi","name":"Fischreiterin","theme":"modern","lab":1},"geometry":{"type":"Point","coordinates":[13.32448,52.49711]}},{"type":"Feature","properties":{"id":"ke-modern-120","kind":"poi","name":"Mind the gap","theme":"modern","lab":1},"geometry":{"type":"Point","coordinates":[13.39788,52.55461]}},{"type":"Feature","properties":{"id":"ke-doga-0","kind":"poi","name":"Gärten der Welt","theme":"doga","lab":1},"geometry":{"type":"Point","coordinates":[13.57468,52.53726]}},{"type":"Feature","properties":{"id":"ke-doga-1","kind":"poi","name":"Skywalk Marzahner Promenade","theme":"doga","lab":1},"geometry":{"type":"Point","coordinates":[13.5586,52.54682]}},{"type":"Feature","properties":{"id":"ke-doga-2","kind":"poi","name":"Cheruskerpark","theme":"doga","lab":1},"geometry":{"type":"Point","coordinates":[13.35825,52.48214]}},{"type":"Feature","properties":{"id":"ke-doga-3","kind":"poi","name":"Hans-Baluschek-Park","theme":"doga","lab":1},"geometry":{"type":"Point","coordinates":[13.35971,52.46726]}},{"type":"Feature","properties":{"id":"ke-doga-4","kind":"poi","name":"Späth-Arboretum","theme":"doga","lab":1},"geometry":{"type":"Point","coordinates":[13.47447,52.45474]}},{"type":"Feature","properties":{"id":"ke-doga-5","kind":"poi","name":"Wasserwerk Johannisthal","theme":"doga","lab":1},"geometry":{"type":"Point","coordinates":[13.49174,52.44271]}},{"type":"Feature","properties":{"id":"ke-doga-6","kind":"poi","name":"Botanischer Volkspark Blankenfelde-Pankow","theme":"doga","lab":1},"geometry":{"type":"Point","coordinates":[13.39477,52.60515]}},{"type":"Feature","properties":{"id":"ke-doga-7","kind":"poi","name":"Kleiner-Spreewald-Park","theme":"doga","lab":1},"geometry":{"type":"Point","coordinates":[13.69628,52.47265]}},{"type":"Feature","properties":{"id":"ke-doga-8","kind":"poi","name":"Ursula-Mamlok-Park","theme":"doga","lab":1},"geometry":{"type":"Point","coordinates":[13.35553,52.49603]}},{"type":"Feature","properties":{"id":"ke-doga-9","kind":"poi","name":"Comenius-Garten","theme":"doga","lab":1},"geometry":{"type":"Point","coordinates":[13.44287,52.475]}},{"type":"Feature","properties":{"id":"ke-doga-10","kind":"poi","name":"Werner-Klemke-Park","theme":"doga","lab":1},"geometry":{"type":"Point","coordinates":[13.45604,52.55442]}},{"type":"Feature","properties":{"id":"ke-doga-11","kind":"poi","name":"Park Babelsberg","theme":"doga","lab":1},"geometry":{"type":"Point","coordinates":[13.08979,52.40335]}},{"type":"Feature","properties":{"id":"ke-doga-12","kind":"poi","name":"Botanischer Garten","theme":"doga","lab":1},"geometry":{"type":"Point","coordinates":[13.30525,52.45433]}},{"type":"Feature","properties":{"id":"ke-doga-13","kind":"poi","name":"Flatowturm","theme":"doga","lab":1},"geometry":{"type":"Point","coordinates":[13.08659,52.40314]}},{"type":"Feature","properties":{"id":"ke-doga-14","kind":"poi","name":"Mauerpark","theme":"doga","lab":1},"geometry":{"type":"Point","coordinates":[13.40227,52.54377]}},{"type":"Feature","properties":{"id":"ke-doga-15","kind":"poi","name":"Garten des zusammenfließenden Wassers","theme":"doga","lab":1},"geometry":{"type":"Point","coordinates":[13.58029,52.53844]}},{"type":"Feature","properties":{"id":"ke-doga-16","kind":"poi","name":"Aussichtsturm Kranichsberg","theme":"doga","lab":1},"geometry":{"type":"Point","coordinates":[13.77458,52.44339]}},{"type":"Feature","properties":{"id":"ke-doga-17","kind":"poi","name":"Kiezpark Fortuna","theme":"doga","lab":1},"geometry":{"type":"Point","coordinates":[13.57303,52.55765]}},{"type":"Feature","properties":{"id":"ke-doga-18","kind":"poi","name":"Inselgarten","theme":"doga","lab":1},"geometry":{"type":"Point","coordinates":[13.36076,52.4855]}},{"type":"Feature","properties":{"id":"ke-doga-19","kind":"poi","name":"Urban Gardening Adlershof","theme":"doga","lab":1},"geometry":{"type":"Point","coordinates":[13.52946,52.43266]}},{"type":"Feature","properties":{"id":"ke-doga-20","kind":"poi","name":"Michaelkirchplatz","theme":"doga","lab":1},"geometry":{"type":"Point","coordinates":[13.41925,52.50711]}},{"type":"Feature","properties":{"id":"ke-doga-21","kind":"poi","name":"Krimhildpark","theme":"doga","lab":1},"geometry":{"type":"Point","coordinates":[13.60867,52.67666]}},{"type":"Feature","properties":{"id":"ke-doga-22","kind":"poi","name":"Nanowald","theme":"doga","lab":1},"geometry":{"type":"Point","coordinates":[13.42018,52.4703]}},{"type":"Feature","properties":{"id":"ke-doga-23","kind":"poi","name":"Volkspark Lichtenrade","theme":"doga","lab":1},"geometry":{"type":"Point","coordinates":[13.41478,52.39337]}},{"type":"Feature","properties":{"id":"ke-doga-24","kind":"poi","name":"Teufelsberg","theme":"doga","lab":1},"geometry":{"type":"Point","coordinates":[13.24295,52.49772]}},{"type":"Feature","properties":{"id":"ke-doga-25","kind":"poi","name":"Gosenberge","theme":"doga","lab":1},"geometry":{"type":"Point","coordinates":[13.69538,52.38298]}},{"type":"Feature","properties":{"id":"ke-doga-26","kind":"poi","name":"Stahlberg","theme":"doga","lab":1},"geometry":{"type":"Point","coordinates":[13.76869,52.35347]}},{"type":"Feature","properties":{"id":"ke-doga-27","kind":"poi","name":"Kleinziethener Berg","theme":"doga","lab":1},"geometry":{"type":"Point","coordinates":[13.42965,52.37329]}},{"type":"Feature","properties":{"id":"ke-doga-28","kind":"poi","name":"Biesdorfer Höhe","theme":"doga","lab":1},"geometry":{"type":"Point","coordinates":[13.57236,52.50767]}},{"type":"Feature","properties":{"id":"ke-doga-29","kind":"poi","name":"Kienberg","theme":"doga","lab":1},"geometry":{"type":"Point","coordinates":[13.58139,52.53469]}},{"type":"Feature","properties":{"id":"ke-doga-30","kind":"poi","name":"Hahneberg","theme":"doga","lab":1},"geometry":{"type":"Point","coordinates":[13.15008,52.51808]}},{"type":"Feature","properties":{"id":"ke-doga-31","kind":"poi","name":"Windmühlenberg","theme":"doga","lab":1},"geometry":{"type":"Point","coordinates":[13.17794,52.48599]}},{"type":"Feature","properties":{"id":"ke-doga-32","kind":"poi","name":"Großer Müggelberg","theme":"doga","lab":1},"geometry":{"type":"Point","coordinates":[13.64265,52.41677]}},{"type":"Feature","properties":{"id":"ke-doga-33","kind":"poi","name":"Schmulangsberg","theme":"doga","lab":1},"geometry":{"type":"Point","coordinates":[13.69123,52.31007]}},{"type":"Feature","properties":{"id":"ke-doga-34","kind":"poi","name":"Ehrenpfortenberg","theme":"doga","lab":1},"geometry":{"type":"Point","coordinates":[13.27141,52.61395]}},{"type":"Feature","properties":{"id":"ke-doga-35","kind":"poi","name":"Havelberg","theme":"doga","lab":1},"geometry":{"type":"Point","coordinates":[13.20137,52.46395]}},{"type":"Feature","properties":{"id":"ke-doga-36","kind":"poi","name":"Funkerberg","theme":"doga","lab":1},"geometry":{"type":"Point","coordinates":[13.61604,52.30458]}},{"type":"Feature","properties":{"id":"ke-doga-37","kind":"poi","name":"Kesselberg","theme":"doga","lab":1},"geometry":{"type":"Point","coordinates":[13.73603,52.38038]}},{"type":"Feature","properties":{"id":"ke-doga-38","kind":"poi","name":"Paschenberg","theme":"doga","lab":1},"geometry":{"type":"Point","coordinates":[13.71642,52.37631]}},{"type":"Feature","properties":{"id":"ke-doga-39","kind":"poi","name":"Hirschberg","theme":"doga","lab":1},"geometry":{"type":"Point","coordinates":[13.11582,52.40727]}},{"type":"Feature","properties":{"id":"ke-doga-40","kind":"poi","name":"Böttcherberg","theme":"doga","lab":1},"geometry":{"type":"Point","coordinates":[13.1054,52.41165]}},{"type":"Feature","properties":{"id":"ke-doga-41","kind":"poi","name":"Mathiasberg","theme":"doga","lab":1},"geometry":{"type":"Point","coordinates":[13.15293,52.66815]}},{"type":"Feature","properties":{"id":"ke-doga-42","kind":"poi","name":"Krengelsberge","theme":"doga","lab":1},"geometry":{"type":"Point","coordinates":[13.78479,52.36367]}},{"type":"Feature","properties":{"id":"ke-doga-43","kind":"poi","name":"Spitzer Berg","theme":"doga","lab":1},"geometry":{"type":"Point","coordinates":[13.58398,52.6385]}},{"type":"Feature","properties":{"id":"ke-doga-44","kind":"poi","name":"Drachenberg","theme":"doga","lab":1},"geometry":{"type":"Point","coordinates":[13.24824,52.50237]}},{"type":"Feature","properties":{"id":"ke-doga-45","kind":"poi","name":"Fichtenberg","theme":"doga","lab":1},"geometry":{"type":"Point","coordinates":[13.31007,52.45823]}},{"type":"Feature","properties":{"id":"ke-doga-46","kind":"poi","name":"Großer Ahrensfelder Berg","theme":"doga","lab":1},"geometry":{"type":"Point","coordinates":[13.58179,52.55631]}},{"type":"Feature","properties":{"id":"ke-doga-47","kind":"poi","name":"Püttberge","theme":"doga","lab":1},"geometry":{"type":"Point","coordinates":[13.71288,52.44036]}},{"type":"Feature","properties":{"id":"ke-doga-48","kind":"poi","name":"Seddinberg","theme":"doga","lab":1},"geometry":{"type":"Point","coordinates":[13.67153,52.40118]}},{"type":"Feature","properties":{"id":"ke-doga-49","kind":"poi","name":"Kranichsberg","theme":"doga","lab":1},"geometry":{"type":"Point","coordinates":[13.7744,52.44339]}},{"type":"Feature","properties":{"id":"ke-doga-50","kind":"poi","name":"Galgenberg","theme":"doga","lab":1},"geometry":{"type":"Point","coordinates":[13.62104,52.33137]}},{"type":"Feature","properties":{"id":"ke-doga-51","kind":"poi","name":"Weinberg","theme":"doga","lab":1},"geometry":{"type":"Point","coordinates":[13.60927,52.32246]}},{"type":"Feature","properties":{"id":"ke-doga-52","kind":"poi","name":"Lauseberg","theme":"doga","lab":1},"geometry":{"type":"Point","coordinates":[13.61841,52.31488]}},{"type":"Feature","properties":{"id":"ke-doga-53","kind":"poi","name":"Großer Ravensberg","theme":"doga","lab":1},"geometry":{"type":"Point","coordinates":[13.06697,52.35085]}},{"type":"Feature","properties":{"id":"ke-doga-54","kind":"poi","name":"Pfingstberg","theme":"doga","lab":1},"geometry":{"type":"Point","coordinates":[13.05864,52.41899]}},{"type":"Feature","properties":{"id":"ke-doga-55","kind":"poi","name":"Schwarzer Berg","theme":"doga","lab":1},"geometry":{"type":"Point","coordinates":[13.07568,52.42872]}},{"type":"Feature","properties":{"id":"ke-doga-56","kind":"poi","name":"Zedlitzberg","theme":"doga","lab":1},"geometry":{"type":"Point","coordinates":[13.08682,52.43968]}},{"type":"Feature","properties":{"id":"ke-doga-57","kind":"poi","name":"Rehberg","theme":"doga","lab":1},"geometry":{"type":"Point","coordinates":[13.0593,52.45188]}},{"type":"Feature","properties":{"id":"ke-doga-58","kind":"poi","name":"Groß Kienitzer Berge","theme":"doga","lab":1},"geometry":{"type":"Point","coordinates":[13.47305,52.33797]}},{"type":"Feature","properties":{"id":"ke-doga-59","kind":"poi","name":"Mosaik","theme":"doga","lab":1},"geometry":{"type":"Point","coordinates":[13.41251,52.56355]}},{"type":"Feature","properties":{"id":"ke-doga-60","kind":"poi","name":"Schäferberg","theme":"doga","lab":1},"geometry":{"type":"Point","coordinates":[13.12779,52.4171]}},{"type":"Feature","properties":{"id":"ke-doga-61","kind":"poi","name":"Stolper Berge","theme":"doga","lab":1},"geometry":{"type":"Point","coordinates":[13.1215,52.41956]}},{"type":"Feature","properties":{"id":"ke-doga-62","kind":"poi","name":"Dörferblick","theme":"doga","lab":1},"geometry":{"type":"Point","coordinates":[13.48095,52.39732]}},{"type":"Feature","properties":{"id":"ke-doga-63","kind":"poi","name":"Murellenberg","theme":"doga","lab":1},"geometry":{"type":"Point","coordinates":[13.22845,52.51715]}},{"type":"Feature","properties":{"id":"ke-doga-64","kind":"poi","name":"Zehnruthenberg","theme":"doga","lab":1},"geometry":{"type":"Point","coordinates":[13.13988,52.68766]}},{"type":"Feature","properties":{"id":"ke-doga-65","kind":"poi","name":"Moritz-Berg","theme":"doga","lab":1},"geometry":{"type":"Point","coordinates":[13.12507,52.40335]}},{"type":"Feature","properties":{"id":"ke-doga-66","kind":"poi","name":"Mörderberg","theme":"doga","lab":1},"geometry":{"type":"Point","coordinates":[13.46538,52.58215]}},{"type":"Feature","properties":{"id":"ke-doga-67","kind":"poi","name":"Orientalischer Garten","theme":"doga","lab":1},"geometry":{"type":"Point","coordinates":[13.57563,52.53979]}},{"type":"Feature","properties":{"id":"ke-doga-68","kind":"poi","name":"Kreuzberg","theme":"doga","lab":1},"geometry":{"type":"Point","coordinates":[13.38152,52.48774]}},{"type":"Feature","properties":{"id":"ke-doga-69","kind":"poi","name":"Großer Bunkerberg","theme":"doga","lab":1},"geometry":{"type":"Point","coordinates":[13.43215,52.52637]}},{"type":"Feature","properties":{"id":"ke-doga-70","kind":"poi","name":"Falkenberg","theme":"doga","lab":1},"geometry":{"type":"Point","coordinates":[13.56984,52.40706]}},{"type":"Feature","properties":{"id":"ke-doga-71","kind":"poi","name":"Rixdorfer Höhe","theme":"doga","lab":1},"geometry":{"type":"Point","coordinates":[13.41229,52.48459]}},{"type":"Feature","properties":{"id":"ke-doga-72","kind":"poi","name":"Fliegeberg","theme":"doga","lab":1},"geometry":{"type":"Point","coordinates":[13.32898,52.41419]}},{"type":"Feature","properties":{"id":"ke-doga-73","kind":"poi","name":"Kleiner Ravensberg","theme":"doga","lab":1},"geometry":{"type":"Point","coordinates":[13.06591,52.36059]}},{"type":"Feature","properties":{"id":"ke-doga-74","kind":"poi","name":"Apolloberg","theme":"doga","lab":1},"geometry":{"type":"Point","coordinates":[13.26648,52.60807]}},{"type":"Feature","properties":{"id":"ke-doga-75","kind":"poi","name":"Reichstagskuppel","theme":"doga","lab":1},"geometry":{"type":"Point","coordinates":[13.37611,52.51859]}},{"type":"Feature","properties":{"id":"ke-doga-76","kind":"poi","name":"Arkenberge","theme":"doga","lab":1},"geometry":{"type":"Point","coordinates":[13.4048,52.63817]}},{"type":"Feature","properties":{"id":"ke-doga-77","kind":"poi","name":"Brauhausberg","theme":"doga","lab":1},"geometry":{"type":"Point","coordinates":[13.06324,52.3846]}},{"type":"Feature","properties":{"id":"ke-doga-78","kind":"poi","name":"Karlsberg","theme":"doga","lab":1},"geometry":{"type":"Point","coordinates":[13.19865,52.47849]}},{"type":"Feature","properties":{"id":"ke-doga-79","kind":"poi","name":"Telegrafenberg","theme":"doga","lab":1},"geometry":{"type":"Point","coordinates":[13.06421,52.38064]}},{"type":"Feature","properties":{"id":"ke-doga-80","kind":"poi","name":"Rollberg","theme":"doga","lab":1},"geometry":{"type":"Point","coordinates":[13.39964,52.59828]}},{"type":"Feature","properties":{"id":"ke-doga-81","kind":"poi","name":"Eichberg","theme":"doga","lab":1},"geometry":{"type":"Point","coordinates":[13.11044,52.31431]}},{"type":"Feature","properties":{"id":"ke-doga-82","kind":"poi","name":"Saarmunder Berg","theme":"doga","lab":1},"geometry":{"type":"Point","coordinates":[13.11106,52.30991]}},{"type":"Feature","properties":{"id":"ke-doga-83","kind":"poi","name":"Insulaner","theme":"doga","lab":1},"geometry":{"type":"Point","coordinates":[13.35155,52.45742]}},{"type":"Feature","properties":{"id":"ke-doga-84","kind":"poi","name":"Humboldthöhe","theme":"doga","lab":1},"geometry":{"type":"Point","coordinates":[13.38478,52.54733]}},{"type":"Feature","properties":{"id":"ke-doga-85","kind":"poi","name":"Berliner Balkon","theme":"doga","lab":1},"geometry":{"type":"Point","coordinates":[13.60614,52.50292]}},{"type":"Feature","properties":{"id":"ke-doga-86","kind":"poi","name":"Teichberg","theme":"doga","lab":1},"geometry":{"type":"Point","coordinates":[13.4877,52.60498]}},{"type":"Feature","properties":{"id":"ke-doga-87","kind":"poi","name":"Krampnitzberg","theme":"doga","lab":1},"geometry":{"type":"Point","coordinates":[13.07008,52.46438]}},{"type":"Feature","properties":{"id":"ke-doga-88","kind":"poi","name":"Champagner-Berg","theme":"doga","lab":1},"geometry":{"type":"Point","coordinates":[13.09476,52.50966]}},{"type":"Feature","properties":{"id":"ke-doga-89","kind":"poi","name":"Rosengarten","theme":"doga","lab":1},"geometry":{"type":"Point","coordinates":[13.44439,52.51753]}},{"type":"Feature","properties":{"id":"ke-doga-90","kind":"poi","name":"Wolkenhain","theme":"doga","lab":1},"geometry":{"type":"Point","coordinates":[13.58109,52.53483]}},{"type":"Feature","properties":{"id":"ke-doga-91","kind":"poi","name":"Grenzberge","theme":"doga","lab":1},"geometry":{"type":"Point","coordinates":[13.73249,52.44284]}},{"type":"Feature","properties":{"id":"ke-doga-92","kind":"poi","name":"Moorlinse Buch","theme":"doga","lab":1},"geometry":{"type":"Point","coordinates":[13.48595,52.63353]}},{"type":"Feature","properties":{"id":"ke-doga-93","kind":"poi","name":"Dählingsberg","theme":"doga","lab":1},"geometry":{"type":"Point","coordinates":[13.43104,52.63326]}},{"type":"Feature","properties":{"id":"ke-doga-94","kind":"poi","name":"Rauhe Berge","theme":"doga","lab":1},"geometry":{"type":"Point","coordinates":[13.35072,52.45437]}},{"type":"Feature","properties":{"id":"ke-doga-95","kind":"poi","name":"Stener Berg","theme":"doga","lab":1},"geometry":{"type":"Point","coordinates":[13.51269,52.63878]}},{"type":"Feature","properties":{"id":"ke-doga-96","kind":"poi","name":"Marienhöhe","theme":"doga","lab":1},"geometry":{"type":"Point","coordinates":[13.36615,52.45192]}},{"type":"Feature","properties":{"id":"ke-doga-97","kind":"poi","name":"Herzberg","theme":"doga","lab":1},"geometry":{"type":"Point","coordinates":[13.51301,52.52872]}},{"type":"Feature","properties":{"id":"ke-doga-98","kind":"poi","name":"Rhododendronhain","theme":"doga","lab":1},"geometry":{"type":"Point","coordinates":[13.57738,52.53895]}},{"type":"Feature","properties":{"id":"ke-doga-99","kind":"poi","name":"Schlachtensee","theme":"doga","lab":1},"geometry":{"type":"Point","coordinates":[13.21367,52.44126]}},{"type":"Feature","properties":{"id":"ke-doga-100","kind":"poi","name":"Koenigssee","theme":"doga","lab":1},"geometry":{"type":"Point","coordinates":[13.27265,52.48856]}},{"type":"Feature","properties":{"id":"ke-doga-101","kind":"poi","name":"Fennsee","theme":"doga","lab":1},"geometry":{"type":"Point","coordinates":[13.31434,52.48363]}},{"type":"Feature","properties":{"id":"ke-doga-102","kind":"poi","name":"Lietzensee","theme":"doga","lab":1},"geometry":{"type":"Point","coordinates":[13.28963,52.50639]}},{"type":"Feature","properties":{"id":"ke-doga-103","kind":"poi","name":"Dianasee","theme":"doga","lab":1},"geometry":{"type":"Point","coordinates":[13.26767,52.48653]}},{"type":"Feature","properties":{"id":"ke-doga-104","kind":"poi","name":"Hundekehlesee","theme":"doga","lab":1},"geometry":{"type":"Point","coordinates":[13.25877,52.4823]}},{"type":"Feature","properties":{"id":"ke-doga-105","kind":"poi","name":"Grunewaldsee","theme":"doga","lab":1},"geometry":{"type":"Point","coordinates":[13.26219,52.47052]}},{"type":"Feature","properties":{"id":"ke-doga-106","kind":"poi","name":"Preußenpark","theme":"doga","lab":1},"geometry":{"type":"Point","coordinates":[13.31251,52.49254]}},{"type":"Feature","properties":{"id":"ke-doga-107","kind":"poi","name":"Kleiner Wannsee","theme":"doga","lab":1},"geometry":{"type":"Point","coordinates":[13.16389,52.41608]}},{"type":"Feature","properties":{"id":"ke-doga-108","kind":"poi","name":"Stölpchensee","theme":"doga","lab":1},"geometry":{"type":"Point","coordinates":[13.14068,52.40898]}},{"type":"Feature","properties":{"id":"ke-doga-109","kind":"poi","name":"Glienicker See","theme":"doga","lab":1},"geometry":{"type":"Point","coordinates":[13.09394,52.41114]}},{"type":"Feature","properties":{"id":"ke-doga-110","kind":"poi","name":"Großer Wannsee","theme":"doga","lab":1},"geometry":{"type":"Point","coordinates":[13.17251,52.42784]}},{"type":"Feature","properties":{"id":"ke-doga-111","kind":"poi","name":"Pohlesee","theme":"doga","lab":1},"geometry":{"type":"Point","coordinates":[13.15044,52.41141]}},{"type":"Feature","properties":{"id":"ke-doga-112","kind":"poi","name":"Machnower See","theme":"doga","lab":1},"geometry":{"type":"Point","coordinates":[13.22142,52.39742]}},{"type":"Feature","properties":{"id":"ke-doga-113","kind":"poi","name":"Krumme Lanke","theme":"doga","lab":1},"geometry":{"type":"Point","coordinates":[13.2351,52.45146]}},{"type":"Feature","properties":{"id":"ke-doga-114","kind":"poi","name":"Waldsee","theme":"doga","lab":1},"geometry":{"type":"Point","coordinates":[13.23477,52.44129]}},{"type":"Feature","properties":{"id":"ke-doga-115","kind":"poi","name":"Plötzensee","theme":"doga","lab":1},"geometry":{"type":"Point","coordinates":[13.32986,52.54428]}},{"type":"Feature","properties":{"id":"ke-doga-116","kind":"poi","name":"Grimnitzsee","theme":"doga","lab":1},"geometry":{"type":"Point","coordinates":[13.20015,52.51475]}},{"type":"Feature","properties":{"id":"ke-doga-117","kind":"poi","name":"Ottopark","theme":"doga","lab":1},"geometry":{"type":"Point","coordinates":[13.33708,52.52561]}},{"type":"Feature","properties":{"id":"ke-doga-118","kind":"poi","name":"Mendelssohn-Bartholdy-Park","theme":"doga","lab":1},"geometry":{"type":"Point","coordinates":[13.37669,52.50294]}},{"type":"Feature","properties":{"id":"ke-doga-119","kind":"poi","name":"Fauler See","theme":"doga","lab":1},"geometry":{"type":"Point","coordinates":[13.34222,52.51448]}},{"type":"Feature","properties":{"id":"ke-doga-120","kind":"poi","name":"Breitkopfbecken","theme":"doga","lab":1},"geometry":{"type":"Point","coordinates":[13.36303,52.57284]}},{"type":"Feature","properties":{"id":"ke-doga-121","kind":"poi","name":"Viktoriapark","theme":"doga","lab":1},"geometry":{"type":"Point","coordinates":[13.38081,52.48747]}},{"type":"Feature","properties":{"id":"ke-doga-122","kind":"poi","name":"Tempelhofer Hafen","theme":"doga","lab":1},"geometry":{"type":"Point","coordinates":[13.38632,52.455]}},{"type":"Feature","properties":{"id":"ke-doga-123","kind":"poi","name":"Möwensee","theme":"doga","lab":1},"geometry":{"type":"Point","coordinates":[13.33387,52.55376]}},{"type":"Feature","properties":{"id":"ke-doga-124","kind":"poi","name":"Entenpfuhl","theme":"doga","lab":1},"geometry":{"type":"Point","coordinates":[13.33023,52.55594]}},{"type":"Feature","properties":{"id":"ke-doga-125","kind":"poi","name":"Sperlingsee","theme":"doga","lab":1},"geometry":{"type":"Point","coordinates":[13.33132,52.5553]}},{"type":"Feature","properties":{"id":"ke-doga-126","kind":"poi","name":"Carl-von-Ossietzky-Park","theme":"doga","lab":1},"geometry":{"type":"Point","coordinates":[13.35501,52.52251]}},{"type":"Feature","properties":{"id":"ke-doga-127","kind":"poi","name":"Teufelssee","theme":"doga","lab":1},"geometry":{"type":"Point","coordinates":[13.2336,52.49115]}},{"type":"Feature","properties":{"id":"ke-doga-128","kind":"poi","name":"Karpfenteich","theme":"doga","lab":1},"geometry":{"type":"Point","coordinates":[13.47166,52.48455]}},{"type":"Feature","properties":{"id":"ke-doga-129","kind":"poi","name":"Treptower Park","theme":"doga","lab":1},"geometry":{"type":"Point","coordinates":[13.47105,52.48835]}},{"type":"Feature","properties":{"id":"ke-doga-130","kind":"poi","name":"Urbanhafen","theme":"doga","lab":1},"geometry":{"type":"Point","coordinates":[13.40987,52.4958]}},{"type":"Feature","properties":{"id":"ke-doga-131","kind":"poi","name":"Fennpfuhl","theme":"doga","lab":1},"geometry":{"type":"Point","coordinates":[13.47489,52.52938]}},{"type":"Feature","properties":{"id":"ke-doga-132","kind":"poi","name":"Biesdorfer Baggersee","theme":"doga","lab":1},"geometry":{"type":"Point","coordinates":[13.54871,52.50346]}},{"type":"Feature","properties":{"id":"ke-doga-133","kind":"poi","name":"Unionplatz","theme":"doga","lab":1},"geometry":{"type":"Point","coordinates":[13.33812,52.53335]}},{"type":"Feature","properties":{"id":"ke-doga-134","kind":"poi","name":"Unionpark","theme":"doga","lab":1},"geometry":{"type":"Point","coordinates":[13.33783,52.53162]}},{"type":"Feature","properties":{"id":"ke-doga-135","kind":"poi","name":"Eyke-von-Repkow-Platz","theme":"doga","lab":1},"geometry":{"type":"Point","coordinates":[13.33277,52.51885]}},{"type":"Feature","properties":{"id":"ke-doga-136","kind":"poi","name":"Pekinger Platz","theme":"doga","lab":1},"geometry":{"type":"Point","coordinates":[13.35413,52.54005]}},{"type":"Feature","properties":{"id":"ke-doga-137","kind":"poi","name":"Goslarer Platz","theme":"doga","lab":1},"geometry":{"type":"Point","coordinates":[13.31431,52.52514]}},{"type":"Feature","properties":{"id":"ke-doga-138","kind":"poi","name":"Rüdesheimer Platz","theme":"doga","lab":1},"geometry":{"type":"Point","coordinates":[13.31564,52.47306]}},{"type":"Feature","properties":{"id":"ke-doga-139","kind":"poi","name":"Tiefer See","theme":"doga","lab":1},"geometry":{"type":"Point","coordinates":[13.07846,52.40253]}},{"type":"Feature","properties":{"id":"ke-doga-140","kind":"poi","name":"Aradosee","theme":"doga","lab":1},"geometry":{"type":"Point","coordinates":[13.08304,52.38762]}},{"type":"Feature","properties":{"id":"ke-doga-141","kind":"poi","name":"Nordhafen","theme":"doga","lab":1},"geometry":{"type":"Point","coordinates":[13.3635,52.53678]}},{"type":"Feature","properties":{"id":"ke-doga-142","kind":"poi","name":"Malchower See","theme":"doga","lab":1},"geometry":{"type":"Point","coordinates":[13.48824,52.57416]}},{"type":"Feature","properties":{"id":"ke-doga-143","kind":"poi","name":"Orankesee","theme":"doga","lab":1},"geometry":{"type":"Point","coordinates":[13.48227,52.54878]}},{"type":"Feature","properties":{"id":"ke-doga-144","kind":"poi","name":"NSG Fauler See","theme":"doga","lab":1},"geometry":{"type":"Point","coordinates":[13.49141,52.5541]}},{"type":"Feature","properties":{"id":"ke-doga-145","kind":"poi","name":"Universum Landes-Ausstellungs-Park","theme":"doga","lab":1},"geometry":{"type":"Point","coordinates":[13.36497,52.52327]}},{"type":"Feature","properties":{"id":"ke-doga-146","kind":"poi","name":"Ziegeleisee","theme":"doga","lab":1},"geometry":{"type":"Point","coordinates":[13.33486,52.61705]}},{"type":"Feature","properties":{"id":"ke-doga-147","kind":"poi","name":"Köppchensee","theme":"doga","lab":1},"geometry":{"type":"Point","coordinates":[13.37076,52.62556]}},{"type":"Feature","properties":{"id":"ke-doga-148","kind":"poi","name":"Volkspark Mariendorf","theme":"doga","lab":1},"geometry":{"type":"Point","coordinates":[13.39274,52.4425]}},{"type":"Feature","properties":{"id":"ke-doga-149","kind":"poi","name":"Hochmeisterplatz","theme":"doga","lab":1},"geometry":{"type":"Point","coordinates":[13.30061,52.49579]}},{"type":"Feature","properties":{"id":"ke-doga-150","kind":"poi","name":"Großer Spektesee","theme":"doga","lab":1},"geometry":{"type":"Point","coordinates":[13.16492,52.54492]}},{"type":"Feature","properties":{"id":"ke-doga-151","kind":"poi","name":"Laßzinssee","theme":"doga","lab":1},"geometry":{"type":"Point","coordinates":[13.16205,52.59736]}},{"type":"Feature","properties":{"id":"ke-doga-152","kind":"poi","name":"Nordhafen Spandau","theme":"doga","lab":1},"geometry":{"type":"Point","coordinates":[13.2124,52.55474]}},{"type":"Feature","properties":{"id":"ke-doga-153","kind":"poi","name":"Neuer See","theme":"doga","lab":1},"geometry":{"type":"Point","coordinates":[13.12653,52.56821]}},{"type":"Feature","properties":{"id":"ke-doga-154","kind":"poi","name":"Heidereutersee","theme":"doga","lab":1},"geometry":{"type":"Point","coordinates":[13.7826,52.42108]}},{"type":"Feature","properties":{"id":"ke-doga-155","kind":"poi","name":"Koeltzepark","theme":"doga","lab":1},"geometry":{"type":"Point","coordinates":[13.20546,52.54621]}},{"type":"Feature","properties":{"id":"ke-doga-156","kind":"poi","name":"Sparrplatz","theme":"doga","lab":1},"geometry":{"type":"Point","coordinates":[13.36046,52.54191]}},{"type":"Feature","properties":{"id":"ke-doga-157","kind":"poi","name":"Zeppelinplatz","theme":"doga","lab":1},"geometry":{"type":"Point","coordinates":[13.35293,52.54589]}},{"type":"Feature","properties":{"id":"ke-doga-158","kind":"poi","name":"Heiligensee","theme":"doga","lab":1},"geometry":{"type":"Point","coordinates":[13.21495,52.60459]}},{"type":"Feature","properties":{"id":"ke-doga-159","kind":"poi","name":"Nieder Neuendorfer See","theme":"doga","lab":1},"geometry":{"type":"Point","coordinates":[13.21244,52.61756]}},{"type":"Feature","properties":{"id":"ke-doga-160","kind":"poi","name":"Maselakebucht","theme":"doga","lab":1},"geometry":{"type":"Point","coordinates":[13.21607,52.55697]}},{"type":"Feature","properties":{"id":"ke-doga-161","kind":"poi","name":"Bäckerpfuhl","theme":"doga","lab":1},"geometry":{"type":"Point","coordinates":[13.56437,52.54023]}},{"type":"Feature","properties":{"id":"ke-doga-162","kind":"poi","name":"Tegeler Hafen","theme":"doga","lab":1},"geometry":{"type":"Point","coordinates":[13.27537,52.59163]}},{"type":"Feature","properties":{"id":"ke-doga-163","kind":"poi","name":"Kracauerplatz","theme":"doga","lab":1},"geometry":{"type":"Point","coordinates":[13.29595,52.50183]}},{"type":"Feature","properties":{"id":"ke-doga-164","kind":"poi","name":"Großer Malchsee","theme":"doga","lab":1},"geometry":{"type":"Point","coordinates":[13.26362,52.59084]}},{"type":"Feature","properties":{"id":"ke-doga-165","kind":"poi","name":"Septimerbecken","theme":"doga","lab":1},"geometry":{"type":"Point","coordinates":[13.34177,52.56601]}},{"type":"Feature","properties":{"id":"ke-doga-166","kind":"poi","name":"Schoelerpark","theme":"doga","lab":1},"geometry":{"type":"Point","coordinates":[13.32678,52.48459]}},{"type":"Feature","properties":{"id":"ke-doga-167","kind":"poi","name":"Summter See","theme":"doga","lab":1},"geometry":{"type":"Point","coordinates":[13.37284,52.69306]}},{"type":"Feature","properties":{"id":"ke-doga-168","kind":"poi","name":"Mühlenbecker See","theme":"doga","lab":1},"geometry":{"type":"Point","coordinates":[13.3975,52.68989]}},{"type":"Feature","properties":{"id":"ke-doga-169","kind":"poi","name":"Wupatzsee","theme":"doga","lab":1},"geometry":{"type":"Point","coordinates":[13.77493,52.41959]}},{"type":"Feature","properties":{"id":"ke-doga-170","kind":"poi","name":"Rummelsburger See","theme":"doga","lab":1},"geometry":{"type":"Point","coordinates":[13.4768,52.49592]}},{"type":"Feature","properties":{"id":"ke-doga-171","kind":"poi","name":"Bauersee","theme":"doga","lab":1},"geometry":{"type":"Point","coordinates":[13.76,52.45283]}},{"type":"Feature","properties":{"id":"ke-doga-172","kind":"poi","name":"Pichelssee","theme":"doga","lab":1},"geometry":{"type":"Point","coordinates":[13.20121,52.50741]}},{"type":"Feature","properties":{"id":"ke-doga-173","kind":"poi","name":"Viktoria-Luise-Platz","theme":"doga","lab":1},"geometry":{"type":"Point","coordinates":[13.34186,52.49574]}},{"type":"Feature","properties":{"id":"ke-doga-174","kind":"poi","name":"Schilfteich","theme":"doga","lab":1},"geometry":{"type":"Point","coordinates":[13.46059,52.61993]}},{"type":"Feature","properties":{"id":"ke-doga-175","kind":"poi","name":"Weidenteich","theme":"doga","lab":1},"geometry":{"type":"Point","coordinates":[13.45888,52.62122]}},{"type":"Feature","properties":{"id":"ke-doga-176","kind":"poi","name":"Lützowplatz","theme":"doga","lab":1},"geometry":{"type":"Point","coordinates":[13.35259,52.50476]}},{"type":"Feature","properties":{"id":"ke-doga-177","kind":"poi","name":"Klausenerplatz","theme":"doga","lab":1},"geometry":{"type":"Point","coordinates":[13.2915,52.51845]}},{"type":"Feature","properties":{"id":"ke-doga-178","kind":"poi","name":"Nibelungenpark","theme":"doga","lab":1},"geometry":{"type":"Point","coordinates":[13.5015,52.51723]}},{"type":"Feature","properties":{"id":"ke-doga-179","kind":"poi","name":"Melli-Beese-Anlage","theme":"doga","lab":1},"geometry":{"type":"Point","coordinates":[13.28951,52.49447]}},{"type":"Feature","properties":{"id":"ke-gastronomi-0","kind":"poi","name":"St. Oberholz","theme":"gastronomi","lab":1},"geometry":{"type":"Point","coordinates":[13.40178,52.52953]}},{"type":"Feature","properties":{"id":"ke-gastronomi-1","kind":"poi","name":"Ständige Vertretung","theme":"gastronomi","lab":1},"geometry":{"type":"Point","coordinates":[13.38533,52.52121]}},{"type":"Feature","properties":{"id":"ke-gastronomi-2","kind":"poi","name":"Schmetterlingshorst","theme":"gastronomi","lab":1},"geometry":{"type":"Point","coordinates":[13.60959,52.41232]}},{"type":"Feature","properties":{"id":"ke-gastronomi-3","kind":"poi","name":"Cafe Einstein","theme":"gastronomi","lab":1},"geometry":{"type":"Point","coordinates":[13.38595,52.5171]}},{"type":"Feature","properties":{"id":"ke-gastronomi-4","kind":"poi","name":"Arminiusmarkthalle","theme":"gastronomi","lab":1},"geometry":{"type":"Point","coordinates":[13.33859,52.52783]}},{"type":"Feature","properties":{"id":"ke-gastronomi-5","kind":"poi","name":"DB Lounge","theme":"gastronomi","lab":1},"geometry":{"type":"Point","coordinates":[13.36897,52.52468]}},{"type":"Feature","properties":{"id":"ke-gastronomi-6","kind":"poi","name":"Anhalt","theme":"gastronomi","lab":1},"geometry":{"type":"Point","coordinates":[13.45001,52.49713]}},{"type":"Feature","properties":{"id":"ke-gastronomi-7","kind":"poi","name":"Restaurant Borchardt","theme":"gastronomi","lab":1},"geometry":{"type":"Point","coordinates":[13.39039,52.515]}},{"type":"Feature","properties":{"id":"ke-gastronomi-8","kind":"poi","name":"Lindenbräu","theme":"gastronomi","lab":1},"geometry":{"type":"Point","coordinates":[13.37267,52.51029]}},{"type":"Feature","properties":{"id":"ke-gastronomi-9","kind":"poi","name":"Zollpackhof","theme":"gastronomi","lab":1},"geometry":{"type":"Point","coordinates":[13.36685,52.52128]}},{"type":"Feature","properties":{"id":"ke-gastronomi-10","kind":"poi","name":"Schleusenkrug","theme":"gastronomi","lab":1},"geometry":{"type":"Point","coordinates":[13.33599,52.51128]}},{"type":"Feature","properties":{"id":"ke-gastronomi-11","kind":"poi","name":"Zur Letzten Instanz","theme":"gastronomi","lab":1},"geometry":{"type":"Point","coordinates":[13.41378,52.51745]}},{"type":"Feature","properties":{"id":"ke-gastronomi-12","kind":"poi","name":"Freibad Lübars","theme":"gastronomi","lab":1},"geometry":{"type":"Point","coordinates":[13.33533,52.61822]}},{"type":"Feature","properties":{"id":"ke-gastronomi-13","kind":"poi","name":"Eierschale","theme":"gastronomi","lab":1},"geometry":{"type":"Point","coordinates":[13.29754,52.46444]}},{"type":"Feature","properties":{"id":"ke-gastronomi-14","kind":"poi","name":"Café Sibylle","theme":"gastronomi","lab":1},"geometry":{"type":"Point","coordinates":[13.43698,52.51718]}},{"type":"Feature","properties":{"id":"ke-gastronomi-15","kind":"poi","name":"Markt am Bärenschaufenster","theme":"gastronomi","lab":1},"geometry":{"type":"Point","coordinates":[13.52219,52.49796]}},{"type":"Feature","properties":{"id":"ke-gastronomi-16","kind":"poi","name":"Zum Nußbaum","theme":"gastronomi","lab":1},"geometry":{"type":"Point","coordinates":[13.4071,52.51715]}},{"type":"Feature","properties":{"id":"ke-gastronomi-17","kind":"poi","name":"Konditorei & Café Buchwald","theme":"gastronomi","lab":1},"geometry":{"type":"Point","coordinates":[13.34768,52.52123]}},{"type":"Feature","properties":{"id":"ke-gastronomi-18","kind":"poi","name":"Jungfernmühle","theme":"gastronomi","lab":1},"geometry":{"type":"Point","coordinates":[13.46823,52.43224]}},{"type":"Feature","properties":{"id":"ke-gastronomi-19","kind":"poi","name":"Roca","theme":"gastronomi","lab":1},"geometry":{"type":"Point","coordinates":[13.33339,52.50541]}},{"type":"Feature","properties":{"id":"ke-gastronomi-20","kind":"poi","name":"spindler & klatt","theme":"gastronomi","lab":1},"geometry":{"type":"Point","coordinates":[13.4348,52.50581]}},{"type":"Feature","properties":{"id":"ke-gastronomi-21","kind":"poi","name":"Maracay Coffee","theme":"gastronomi","lab":1},"geometry":{"type":"Point","coordinates":[13.38397,52.50365]}},{"type":"Feature","properties":{"id":"ke-gastronomi-22","kind":"poi","name":"Clärchens Ballhaus","theme":"gastronomi","lab":1},"geometry":{"type":"Point","coordinates":[13.39686,52.52661]}},{"type":"Feature","properties":{"id":"ke-gastronomi-23","kind":"poi","name":"The Digital Eatery","theme":"gastronomi","lab":1},"geometry":{"type":"Point","coordinates":[13.39042,52.51681]}},{"type":"Feature","properties":{"id":"ke-gastronomi-24","kind":"poi","name":"Marzahner Krug","theme":"gastronomi","lab":1},"geometry":{"type":"Point","coordinates":[13.56114,52.54352]}},{"type":"Feature","properties":{"id":"ke-gastronomi-25","kind":"poi","name":"Wochenmarkt Antonplatz","theme":"gastronomi","lab":1},"geometry":{"type":"Point","coordinates":[13.451,52.54863]}},{"type":"Feature","properties":{"id":"ke-gastronomi-26","kind":"poi","name":"Wochenmarkt Karlshorst","theme":"gastronomi","lab":1},"geometry":{"type":"Point","coordinates":[13.52601,52.48258]}},{"type":"Feature","properties":{"id":"ke-gastronomi-27","kind":"poi","name":"Prater Biergarten","theme":"gastronomi","lab":1},"geometry":{"type":"Point","coordinates":[13.40955,52.54021]}},{"type":"Feature","properties":{"id":"ke-gastronomi-28","kind":"poi","name":"Tomasa","theme":"gastronomi","lab":1},"geometry":{"type":"Point","coordinates":[13.38021,52.48947]}},{"type":"Feature","properties":{"id":"ke-gastronomi-29","kind":"poi","name":"Marheineke Markthalle","theme":"gastronomi","lab":1},"geometry":{"type":"Point","coordinates":[13.39469,52.48929]}},{"type":"Feature","properties":{"id":"ke-gastronomi-30","kind":"poi","name":"Wannseeterrassen","theme":"gastronomi","lab":1},"geometry":{"type":"Point","coordinates":[13.17827,52.4414]}},{"type":"Feature","properties":{"id":"ke-gastronomi-31","kind":"poi","name":"DB Premium Lounge","theme":"gastronomi","lab":1},"geometry":{"type":"Point","coordinates":[13.37041,52.5244]}},{"type":"Feature","properties":{"id":"ke-gastronomi-32","kind":"poi","name":"Restaurantschiff Patio","theme":"gastronomi","lab":1},"geometry":{"type":"Point","coordinates":[13.34794,52.5221]}},{"type":"Feature","properties":{"id":"ke-gastronomi-33","kind":"poi","name":"BLOCK HOUSE","theme":"gastronomi","lab":1},"geometry":{"type":"Point","coordinates":[13.27076,52.50967]}},{"type":"Feature","properties":{"id":"ke-gastronomi-34","kind":"poi","name":"Vapiano","theme":"gastronomi","lab":1},"geometry":{"type":"Point","coordinates":[13.37635,52.51019]}},{"type":"Feature","properties":{"id":"ke-gastronomi-35","kind":"poi","name":"Peter Pane","theme":"gastronomi","lab":1},"geometry":{"type":"Point","coordinates":[13.38846,52.52081]}},{"type":"Feature","properties":{"id":"ke-gastronomi-36","kind":"poi","name":"Hans im Glück","theme":"gastronomi","lab":1},"geometry":{"type":"Point","coordinates":[13.3884,52.52109]}},{"type":"Feature","properties":{"id":"ke-gastronomi-37","kind":"poi","name":"Der Waldkater","theme":"gastronomi","lab":1},"geometry":{"type":"Point","coordinates":[13.54591,52.46089]}},{"type":"Feature","properties":{"id":"ke-gastronomi-38","kind":"poi","name":"Hard Rock Cafe","theme":"gastronomi","lab":1},"geometry":{"type":"Point","coordinates":[13.32947,52.50311]}},{"type":"Feature","properties":{"id":"ke-gastronomi-39","kind":"poi","name":"ALEX","theme":"gastronomi","lab":1},"geometry":{"type":"Point","coordinates":[13.40837,52.52111]}},{"type":"Feature","properties":{"id":"ke-gastronomi-40","kind":"poi","name":"Aposto","theme":"gastronomi","lab":1},"geometry":{"type":"Point","coordinates":[13.39992,52.52267]}},{"type":"Feature","properties":{"id":"ke-gastronomi-41","kind":"poi","name":"Pidego","theme":"gastronomi","lab":1},"geometry":{"type":"Point","coordinates":[13.39178,52.52541]}},{"type":"Feature","properties":{"id":"ke-gastronomi-42","kind":"poi","name":"Maredo","theme":"gastronomi","lab":1},"geometry":{"type":"Point","coordinates":[13.37447,52.50874]}},{"type":"Feature","properties":{"id":"ke-gastronomi-43","kind":"poi","name":"Wochenmarkt","theme":"gastronomi","lab":1},"geometry":{"type":"Point","coordinates":[13.30768,52.3547]}},{"type":"Feature","properties":{"id":"ke-gastronomi-44","kind":"poi","name":"Sticks'n'Sushi","theme":"gastronomi","lab":1},"geometry":{"type":"Point","coordinates":[13.39499,52.52897]}},{"type":"Feature","properties":{"id":"ke-gastronomi-45","kind":"poi","name":"Treptower Hallentrödelmarkt","theme":"gastronomi","lab":1},"geometry":{"type":"Point","coordinates":[13.45379,52.497]}},{"type":"Feature","properties":{"id":"ke-gastronomi-46","kind":"poi","name":"beets&roots","theme":"gastronomi","lab":1},"geometry":{"type":"Point","coordinates":[13.39852,52.52665]}},{"type":"Feature","properties":{"id":"ke-gastronomi-47","kind":"poi","name":"Pizza Hut","theme":"gastronomi","lab":1},"geometry":{"type":"Point","coordinates":[13.37474,52.50886]}},{"type":"Feature","properties":{"id":"ke-gastronomi-48","kind":"poi","name":"Sommergarten Königin Luise","theme":"gastronomi","lab":1},"geometry":{"type":"Point","coordinates":[13.45703,52.55452]}},{"type":"Feature","properties":{"id":"ke-gastronomi-49","kind":"poi","name":"Saravanaa Bhavan","theme":"gastronomi","lab":1},"geometry":{"type":"Point","coordinates":[13.37599,52.51033]}},{"type":"Feature","properties":{"id":"ke-gastronomi-50","kind":"poi","name":"L'Osteria","theme":"gastronomi","lab":1},"geometry":{"type":"Point","coordinates":[13.36748,52.46861]}},{"type":"Feature","properties":{"id":"ke-gastronomi-51","kind":"poi","name":"Little Popo in der KGA zur Linde","theme":"gastronomi","lab":1},"geometry":{"type":"Point","coordinates":[13.48384,52.47]}},{"type":"Feature","properties":{"id":"ke-gastronomi-52","kind":"poi","name":"60 seconds to napoli","theme":"gastronomi","lab":1},"geometry":{"type":"Point","coordinates":[13.41135,52.53772]}},{"type":"Feature","properties":{"id":"ke-gastronomi-53","kind":"poi","name":"Ökomarkt am Kollwitzplatz","theme":"gastronomi","lab":1},"geometry":{"type":"Point","coordinates":[13.41808,52.53664]}},{"type":"Feature","properties":{"id":"ke-gastronomi-54","kind":"poi","name":"Neuköllner Stoff","theme":"gastronomi","lab":1},"geometry":{"type":"Point","coordinates":[13.42211,52.49552]}},{"type":"Feature","properties":{"id":"ke-gastronomi-55","kind":"poi","name":"bb.q Chicken","theme":"gastronomi","lab":1},"geometry":{"type":"Point","coordinates":[13.42942,52.49959]}},{"type":"Feature","properties":{"id":"ke-gastronomi-56","kind":"poi","name":"Buffalo Grill","theme":"gastronomi","lab":1},"geometry":{"type":"Point","coordinates":[13.30765,52.50089]}},{"type":"Feature","properties":{"id":"ke-gastronomi-57","kind":"poi","name":"Flohmarkt Friedrichshagen","theme":"gastronomi","lab":1},"geometry":{"type":"Point","coordinates":[13.62602,52.45781]}},{"type":"Feature","properties":{"id":"ke-gastronomi-58","kind":"poi","name":"Bauernmarkt Leopoldplatz","theme":"gastronomi","lab":1},"geometry":{"type":"Point","coordinates":[13.35904,52.54691]}},{"type":"Feature","properties":{"id":"ke-gastronomi-59","kind":"poi","name":"Neuer Flohmarkt Leopoldplatz","theme":"gastronomi","lab":1},"geometry":{"type":"Point","coordinates":[13.35919,52.54698]}},{"type":"Feature","properties":{"id":"ke-gastronomi-60","kind":"poi","name":"Ökomarkt Chamissoplatz","theme":"gastronomi","lab":1},"geometry":{"type":"Point","coordinates":[13.39151,52.48804]}},{"type":"Feature","properties":{"id":"ke-gastronomi-61","kind":"poi","name":"Wochenmarkt Karl-Marx-Platz","theme":"gastronomi","lab":1},"geometry":{"type":"Point","coordinates":[13.44127,52.47369]}},{"type":"Feature","properties":{"id":"ke-gastronomi-62","kind":"poi","name":"Wochenmarkt Nestorstraße","theme":"gastronomi","lab":1},"geometry":{"type":"Point","coordinates":[13.29971,52.49578]}},{"type":"Feature","properties":{"id":"ke-gastronomi-63","kind":"poi","name":"Street Food Markt Berlin","theme":"gastronomi","lab":1},"geometry":{"type":"Point","coordinates":[13.41325,52.53887]}},{"type":"Feature","properties":{"id":"ke-gastronomi-64","kind":"poi","name":"Markt am Nauener Tor","theme":"gastronomi","lab":1},"geometry":{"type":"Point","coordinates":[13.05764,52.40329]}},{"type":"Feature","properties":{"id":"ke-gastronomi-65","kind":"poi","name":"Wochenmarkt John-F.-Kennedy-Platz","theme":"gastronomi","lab":1},"geometry":{"type":"Point","coordinates":[13.34468,52.48465]}},{"type":"Feature","properties":{"id":"ke-gastronomi-66","kind":"poi","name":"Sausalitos","theme":"gastronomi","lab":1},"geometry":{"type":"Point","coordinates":[13.44254,52.50561]}},{"type":"Feature","properties":{"id":"ke-gastronomi-67","kind":"poi","name":"Tony Roma's","theme":"gastronomi","lab":1},"geometry":{"type":"Point","coordinates":[13.44318,52.50513]}},{"type":"Feature","properties":{"id":"ke-gastronomi-68","kind":"poi","name":"Zehlendorfer Wochenmarkt","theme":"gastronomi","lab":1},"geometry":{"type":"Point","coordinates":[13.25785,52.43129]}},{"type":"Feature","properties":{"id":"ke-gastronomi-69","kind":"poi","name":"Joseph","theme":"gastronomi","lab":1},"geometry":{"type":"Point","coordinates":[13.38756,52.52591]}},{"type":"Feature","properties":{"id":"ke-gastronomi-70","kind":"poi","name":"beets & roots","theme":"gastronomi","lab":1},"geometry":{"type":"Point","coordinates":[13.31663,52.5021]}},{"type":"Feature","properties":{"id":"ke-gastronomi-71","kind":"poi","name":"Ökomarkt an der Heilandskirche","theme":"gastronomi","lab":1},"geometry":{"type":"Point","coordinates":[13.33935,52.52608]}},{"type":"Feature","properties":{"id":"ke-gastronomi-72","kind":"poi","name":"Berliner Berg Brauerei Biergarten","theme":"gastronomi","lab":1},"geometry":{"type":"Point","coordinates":[13.45812,52.48448]}},{"type":"Feature","properties":{"id":"ke-gastronomi-73","kind":"poi","name":"Shoo Loong Kan","theme":"gastronomi","lab":1},"geometry":{"type":"Point","coordinates":[13.32921,52.50154]}},{"type":"Feature","properties":{"id":"ke-gastronomi-74","kind":"poi","name":"Neulich Biergarten","theme":"gastronomi","lab":1},"geometry":{"type":"Point","coordinates":[13.38767,52.47683]}},{"type":"Feature","properties":{"id":"ke-gastronomi-75","kind":"poi","name":"Augustiner auf Bötzow","theme":"gastronomi","lab":1},"geometry":{"type":"Point","coordinates":[13.41669,52.5294]}},{"type":"Feature","properties":{"id":"ke-gastronomi-76","kind":"poi","name":"Wilhelmsmarkt","theme":"gastronomi","lab":1},"geometry":{"type":"Point","coordinates":[13.36739,52.58742]}},{"type":"Feature","properties":{"id":"ke-gastronomi-77","kind":"poi","name":"Marktschwärmer Köpenick","theme":"gastronomi","lab":1},"geometry":{"type":"Point","coordinates":[13.57086,52.45202]}},{"type":"Feature","properties":{"id":"ke-gastronomi-78","kind":"poi","name":"Marktschwärmer Adlershof","theme":"gastronomi","lab":1},"geometry":{"type":"Point","coordinates":[13.53515,52.43118]}},{"type":"Feature","properties":{"id":"ke-gastronomi-79","kind":"poi","name":"Marktschwärmer Johannisthal","theme":"gastronomi","lab":1},"geometry":{"type":"Point","coordinates":[13.50191,52.44371]}},{"type":"Feature","properties":{"id":"ke-gastronomi-80","kind":"poi","name":"Marktschwärmer Karlshorst","theme":"gastronomi","lab":1},"geometry":{"type":"Point","coordinates":[13.52243,52.47532]}},{"type":"Feature","properties":{"id":"ke-gastronomi-81","kind":"poi","name":"Mustang Restaurant - Cafe - Cocktailbar","theme":"gastronomi","lab":1},"geometry":{"type":"Point","coordinates":[13.39304,52.42598]}},{"type":"Feature","properties":{"id":"ke-gastronomi-82","kind":"poi","name":"Wochenmarkt am Bassinplatz","theme":"gastronomi","lab":1},"geometry":{"type":"Point","coordinates":[13.0594,52.40154]}},{"type":"Feature","properties":{"id":"ke-gastronomi-83","kind":"poi","name":"Wirtshaus Moorlake","theme":"gastronomi","lab":1},"geometry":{"type":"Point","coordinates":[13.10681,52.42197]}},{"type":"Feature","properties":{"id":"ke-gastronomi-84","kind":"poi","name":"Der Original Berliner Trödelmarkt","theme":"gastronomi","lab":1},"geometry":{"type":"Point","coordinates":[13.33342,52.51367]}},{"type":"Feature","properties":{"id":"ke-gastronomi-85","kind":"poi","name":"Wartmanns Eismanufaktur & Eiscafe","theme":"gastronomi","lab":1},"geometry":{"type":"Point","coordinates":[13.10137,52.40883]}},{"type":"Feature","properties":{"id":"ke-gastronomi-86","kind":"poi","name":"CapRivi","theme":"gastronomi","lab":1},"geometry":{"type":"Point","coordinates":[13.30727,52.52089]}},{"type":"Feature","properties":{"id":"ke-gastronomi-87","kind":"poi","name":"Brło-Biergarten","theme":"gastronomi","lab":1},"geometry":{"type":"Point","coordinates":[13.37339,52.50001]}},{"type":"Feature","properties":{"id":"ke-gastronomi-88","kind":"poi","name":"Wochenmarkt Parchimer Allee","theme":"gastronomi","lab":1},"geometry":{"type":"Point","coordinates":[13.45143,52.44559]}},{"type":"Feature","properties":{"id":"ke-gastronomi-89","kind":"poi","name":"Biergarten LOKalität","theme":"gastronomi","lab":1},"geometry":{"type":"Point","coordinates":[13.0845,52.41096]}},{"type":"Feature","properties":{"id":"ke-gastronomi-90","kind":"poi","name":"Söhnel Biergarten","theme":"gastronomi","lab":1},"geometry":{"type":"Point","coordinates":[13.14094,52.40101]}},{"type":"Feature","properties":{"id":"ke-gastronomi-91","kind":"poi","name":"Biergarten Weltwirtschaft","theme":"gastronomi","lab":1},"geometry":{"type":"Point","coordinates":[13.36505,52.51943]}},{"type":"Feature","properties":{"id":"ke-gastronomi-92","kind":"poi","name":"Naumanns Biergarten","theme":"gastronomi","lab":1},"geometry":{"type":"Point","coordinates":[13.36556,52.48107]}},{"type":"Feature","properties":{"id":"ke-gastronomi-93","kind":"poi","name":"Wochenmarkt auf dem Anton- Saefkow-Platz","theme":"gastronomi","lab":1},"geometry":{"type":"Point","coordinates":[13.47094,52.52914]}},{"type":"Feature","properties":{"id":"ke-gastronomi-94","kind":"poi","name":"Ökomarkt im Hansaviertel","theme":"gastronomi","lab":1},"geometry":{"type":"Point","coordinates":[13.34143,52.51783]}},{"type":"Feature","properties":{"id":"ke-gastronomi-95","kind":"poi","name":"Jockel","theme":"gastronomi","lab":1},"geometry":{"type":"Point","coordinates":[13.439,52.49169]}},{"type":"Feature","properties":{"id":"ke-gastronomi-96","kind":"poi","name":"Haus Sanssouci","theme":"gastronomi","lab":1},"geometry":{"type":"Point","coordinates":[13.16424,52.43373]}},{"type":"Feature","properties":{"id":"ke-gastronomi-97","kind":"poi","name":"Balke's Park-Treff","theme":"gastronomi","lab":1},"geometry":{"type":"Point","coordinates":[13.35401,52.42998]}},{"type":"Feature","properties":{"id":"ke-gastronomi-98","kind":"poi","name":"Kulturbiergarten Jungfernheide","theme":"gastronomi","lab":1},"geometry":{"type":"Point","coordinates":[13.28165,52.54228]}},{"type":"Feature","properties":{"id":"ke-gastronomi-99","kind":"poi","name":"Albers Biergarten","theme":"gastronomi","lab":1},"geometry":{"type":"Point","coordinates":[13.52419,52.47475]}},{"type":"Feature","properties":{"id":"ke-gastronomi-100","kind":"poi","name":"Stadionterrassen","theme":"gastronomi","lab":1},"geometry":{"type":"Point","coordinates":[13.23994,52.51195]}},{"type":"Feature","properties":{"id":"ke-gastronomi-101","kind":"poi","name":"Pepe Mager","theme":"gastronomi","lab":1},"geometry":{"type":"Point","coordinates":[13.24394,52.51565]}},{"type":"Feature","properties":{"id":"ke-gastronomi-102","kind":"poi","name":"Im Jagdschloss","theme":"gastronomi","lab":1},"geometry":{"type":"Point","coordinates":[13.26176,52.46746]}},{"type":"Feature","properties":{"id":"ke-gastronomi-103","kind":"poi","name":"Wochenmarkt Wutzkyallee","theme":"gastronomi","lab":1},"geometry":{"type":"Point","coordinates":[13.4753,52.42324]}},{"type":"Feature","properties":{"id":"ke-gastronomi-104","kind":"poi","name":"PUBalapap Ponyhof","theme":"gastronomi","lab":1},"geometry":{"type":"Point","coordinates":[13.37443,52.41084]}},{"type":"Feature","properties":{"id":"ke-gastronomi-105","kind":"poi","name":"Wochenmarkt am Maybachufer","theme":"gastronomi","lab":1},"geometry":{"type":"Point","coordinates":[13.42285,52.49524]}},{"type":"Feature","properties":{"id":"ke-gastronomi-106","kind":"poi","name":"Biergarten Bootsverleih Rent a´ Boat","theme":"gastronomi","lab":1},"geometry":{"type":"Point","coordinates":[13.47914,52.48666]}},{"type":"Feature","properties":{"id":"ke-gastronomi-107","kind":"poi","name":"Wochenmarkt Helene-Weigel-Platz","theme":"gastronomi","lab":1},"geometry":{"type":"Point","coordinates":[13.53885,52.5279]}},{"type":"Feature","properties":{"id":"ke-gastronomi-108","kind":"poi","name":"Genter Wochenmarkt","theme":"gastronomi","lab":1},"geometry":{"type":"Point","coordinates":[13.35465,52.54706]}},{"type":"Feature","properties":{"id":"ke-gastronomi-109","kind":"poi","name":"Wochenmarkt Koppenstraße","theme":"gastronomi","lab":1},"geometry":{"type":"Point","coordinates":[13.43668,52.51821]}},{"type":"Feature","properties":{"id":"ke-gastronomi-110","kind":"poi","name":"Wochenmarkt am Kosmos","theme":"gastronomi","lab":1},"geometry":{"type":"Point","coordinates":[13.44983,52.51657]}},{"type":"Feature","properties":{"id":"ke-gastronomi-111","kind":"poi","name":"Wochenmarkt Arkonaplatz","theme":"gastronomi","lab":1},"geometry":{"type":"Point","coordinates":[13.40187,52.53737]}},{"type":"Feature","properties":{"id":"ke-gastronomi-112","kind":"poi","name":"Insel","theme":"gastronomi","lab":1},"geometry":{"type":"Point","coordinates":[13.48131,52.48684]}},{"type":"Feature","properties":{"id":"ke-gastronomi-113","kind":"poi","name":"Freiheit 15","theme":"gastronomi","lab":1},"geometry":{"type":"Point","coordinates":[13.57654,52.44801]}},{"type":"Feature","properties":{"id":"ke-gastronomi-114","kind":"poi","name":"Teltower Frischemarkt","theme":"gastronomi","lab":1},"geometry":{"type":"Point","coordinates":[13.26821,52.40304]}},{"type":"Feature","properties":{"id":"ke-gastronomi-115","kind":"poi","name":"PlatzHirsch","theme":"gastronomi","lab":1},"geometry":{"type":"Point","coordinates":[13.34383,52.484]}},{"type":"Feature","properties":{"id":"ke-gastronomi-116","kind":"poi","name":"Wochenmarkt Rathaus Lankwitz, Leonorenstraße","theme":"gastronomi","lab":1},"geometry":{"type":"Point","coordinates":[13.34343,52.43872]}},{"type":"Feature","properties":{"id":"ke-gastronomi-117","kind":"poi","name":"Ökomarkt am Hohenstaufenplatz","theme":"gastronomi","lab":1},"geometry":{"type":"Point","coordinates":[13.42065,52.49155]}},{"type":"Feature","properties":{"id":"ke-gastronomi-118","kind":"poi","name":"Fass'l Schänke","theme":"gastronomi","lab":1},"geometry":{"type":"Point","coordinates":[13.33266,52.59517]}},{"type":"Feature","properties":{"id":"ke-gastronomi-119","kind":"poi","name":"republik-berlin","theme":"gastronomi","lab":1},"geometry":{"type":"Point","coordinates":[13.41739,52.51089]}},{"type":"Feature","properties":{"id":"ke-gastronomi-120","kind":"poi","name":"Freitags Regionalmarkt","theme":"gastronomi","lab":1},"geometry":{"type":"Point","coordinates":[13.43124,52.50076]}},{"type":"Feature","properties":{"id":"ke-gastronomi-121","kind":"poi","name":"Estrel Biergarten","theme":"gastronomi","lab":1},"geometry":{"type":"Point","coordinates":[13.45815,52.47359]}},{"type":"Feature","properties":{"id":"ke-gastronomi-122","kind":"poi","name":"Gulliver","theme":"gastronomi","lab":1},"geometry":{"type":"Point","coordinates":[13.31653,52.44713]}},{"type":"Feature","properties":{"id":"ke-gastronomi-123","kind":"poi","name":"Gaststätte Lindenstübchen","theme":"gastronomi","lab":1},"geometry":{"type":"Point","coordinates":[13.56234,52.60643]}},{"type":"Feature","properties":{"id":"ke-gastronomi-124","kind":"poi","name":"Zur Pfaueninsel","theme":"gastronomi","lab":1},"geometry":{"type":"Point","coordinates":[13.12245,52.42841]}},{"type":"Feature","properties":{"id":"ke-gastronomi-125","kind":"poi","name":"Flohmarkt am Arkonaplatz","theme":"gastronomi","lab":1},"geometry":{"type":"Point","coordinates":[13.4021,52.53707]}},{"type":"Feature","properties":{"id":"ke-gastronomi-126","kind":"poi","name":"Wochenmarkt Klausenerplatz","theme":"gastronomi","lab":1},"geometry":{"type":"Point","coordinates":[13.29043,52.51815]}},{"type":"Feature","properties":{"id":"ke-gastronomi-127","kind":"poi","name":"Food Court","theme":"gastronomi","lab":1},"geometry":{"type":"Point","coordinates":[13.31384,52.49001]}},{"type":"Feature","properties":{"id":"ke-gastronomi-128","kind":"poi","name":"Street Food Thursday","theme":"gastronomi","lab":1},"geometry":{"type":"Point","coordinates":[13.43179,52.50207]}},{"type":"Feature","properties":{"id":"ke-gastronomi-129","kind":"poi","name":"Wochenmarkt Kollwitzplatz","theme":"gastronomi","lab":1},"geometry":{"type":"Point","coordinates":[13.41836,52.53657]}},{"type":"Feature","properties":{"id":"ke-gastronomi-130","kind":"poi","name":"Marktschwärmer Neukölln-Elsenstraße","theme":"gastronomi","lab":1},"geometry":{"type":"Point","coordinates":[13.44823,52.48611]}},{"type":"Feature","properties":{"id":"ke-gastronomi-131","kind":"poi","name":"Arno's Biergarten","theme":"gastronomi","lab":1},"geometry":{"type":"Point","coordinates":[13.30486,52.61952]}},{"type":"Feature","properties":{"id":"ke-gastronomi-132","kind":"poi","name":"Trödelmarkt am Boxhagener Platz","theme":"gastronomi","lab":1},"geometry":{"type":"Point","coordinates":[13.45897,52.51126]}},{"type":"Feature","properties":{"id":"ke-gastronomi-133","kind":"poi","name":"Flohmarkt Nowkoelln Flowmarkt","theme":"gastronomi","lab":1},"geometry":{"type":"Point","coordinates":[13.4313,52.49249]}},{"type":"Feature","properties":{"id":"ke-gastronomi-134","kind":"poi","name":"Wilhelmplatz","theme":"gastronomi","lab":1},"geometry":{"type":"Point","coordinates":[13.14159,52.4123]}},{"type":"Feature","properties":{"id":"ke-gastronomi-135","kind":"poi","name":"Biergarten am Herthasee","theme":"gastronomi","lab":1},"geometry":{"type":"Point","coordinates":[13.277,52.48852]}},{"type":"Feature","properties":{"id":"ke-gastronomi-136","kind":"poi","name":"Wochenmarkt Arnswalder Platz","theme":"gastronomi","lab":1},"geometry":{"type":"Point","coordinates":[13.43599,52.53239]}},{"type":"Feature","properties":{"id":"ke-gastronomi-137","kind":"poi","name":"Wochenmarkt Rathaus Spandau","theme":"gastronomi","lab":1},"geometry":{"type":"Point","coordinates":[13.20106,52.53571]}},{"type":"Feature","properties":{"id":"ke-gastronomi-138","kind":"poi","name":"Wochenmarkt Preußenallee","theme":"gastronomi","lab":1},"geometry":{"type":"Point","coordinates":[13.25955,52.51472]}},{"type":"Feature","properties":{"id":"ke-gastronomi-139","kind":"poi","name":"Regionalmarkt am Kranoldplatz","theme":"gastronomi","lab":1},"geometry":{"type":"Point","coordinates":[13.43723,52.46621]}},{"type":"Feature","properties":{"id":"ke-gastronomi-140","kind":"poi","name":"Yaam","theme":"gastronomi","lab":1},"geometry":{"type":"Point","coordinates":[13.43009,52.50948]}},{"type":"Feature","properties":{"id":"ke-gastronomi-141","kind":"poi","name":"Hertzberg Golf","theme":"gastronomi","lab":1},"geometry":{"type":"Point","coordinates":[13.44883,52.47777]}},{"type":"Feature","properties":{"id":"ke-gastronomi-142","kind":"poi","name":"Ökomarkt an der Apostel-Paulus-Kirche","theme":"gastronomi","lab":1},"geometry":{"type":"Point","coordinates":[13.3531,52.48894]}},{"type":"Feature","properties":{"id":"ke-gastronomi-143","kind":"poi","name":"Kranoldmarkt","theme":"gastronomi","lab":1},"geometry":{"type":"Point","coordinates":[13.32772,52.42818]}},{"type":"Feature","properties":{"id":"ke-gastronomi-144","kind":"poi","name":"Markt","theme":"gastronomi","lab":1},"geometry":{"type":"Point","coordinates":[13.31235,52.44283]}},{"type":"Feature","properties":{"id":"ke-gastronomi-145","kind":"poi","name":"Wochenmarkt am Mexikoplatz","theme":"gastronomi","lab":1},"geometry":{"type":"Point","coordinates":[13.23263,52.43747]}},{"type":"Feature","properties":{"id":"ke-gastronomi-146","kind":"poi","name":"Bauernmarkt","theme":"gastronomi","lab":1},"geometry":{"type":"Point","coordinates":[13.41024,52.55039]}},{"type":"Feature","properties":{"id":"ke-gastronomi-147","kind":"poi","name":"Waldstübchen","theme":"gastronomi","lab":1},"geometry":{"type":"Point","coordinates":[13.39469,52.37281]}},{"type":"Feature","properties":{"id":"ke-gastronomi-148","kind":"poi","name":"Eichwalder Wochenmarkt","theme":"gastronomi","lab":1},"geometry":{"type":"Point","coordinates":[13.61673,52.3727]}},{"type":"Feature","properties":{"id":"ke-gastronomi-149","kind":"poi","name":"Wochenmarkt Ludwigsfelde","theme":"gastronomi","lab":1},"geometry":{"type":"Point","coordinates":[13.26055,52.30107]}},{"type":"Feature","properties":{"id":"ke-gastronomi-150","kind":"poi","name":"Trödelmarkt John-F.-Kennedy-Platz","theme":"gastronomi","lab":1},"geometry":{"type":"Point","coordinates":[13.34467,52.48492]}},{"type":"Feature","properties":{"id":"ke-gastronomi-151","kind":"poi","name":"Floh- und Bauernmarkt auf dem Weberplatz","theme":"gastronomi","lab":1},"geometry":{"type":"Point","coordinates":[13.09536,52.39382]}},{"type":"Feature","properties":{"id":"ke-gastronomi-152","kind":"poi","name":"Antikmarkt am Ostbahnhof","theme":"gastronomi","lab":1},"geometry":{"type":"Point","coordinates":[13.4358,52.51086]}},{"type":"Feature","properties":{"id":"ke-gastronomi-153","kind":"poi","name":"Thaipark","theme":"gastronomi","lab":1},"geometry":{"type":"Point","coordinates":[13.31467,52.49206]}},{"type":"Feature","properties":{"id":"ke-gastronomi-154","kind":"poi","name":"Schloßplatz","theme":"gastronomi","lab":1},"geometry":{"type":"Point","coordinates":[13.57468,52.44466]}},{"type":"Feature","properties":{"id":"ke-gastronomi-155","kind":"poi","name":"Marktplatz Adlershof","theme":"gastronomi","lab":1},"geometry":{"type":"Point","coordinates":[13.54736,52.4379]}},{"type":"Feature","properties":{"id":"ke-gastronomi-156","kind":"poi","name":"Haus Seeblick","theme":"gastronomi","lab":1},"geometry":{"type":"Point","coordinates":[13.6402,52.32468]}},{"type":"Feature","properties":{"id":"ke-gastronomi-157","kind":"poi","name":"Wochenmarkt am Barnimplatz","theme":"gastronomi","lab":1},"geometry":{"type":"Point","coordinates":[13.57328,52.56757]}},{"type":"Feature","properties":{"id":"ke-gastronomi-158","kind":"poi","name":"Kaisergarten","theme":"gastronomi","lab":1},"geometry":{"type":"Point","coordinates":[13.19621,52.47787]}},{"type":"Feature","properties":{"id":"ke-gastronomi-159","kind":"poi","name":"RAW-Flohmarkt","theme":"gastronomi","lab":1},"geometry":{"type":"Point","coordinates":[13.45337,52.50773]}},{"type":"Feature","properties":{"id":"ke-alisveris-0","kind":"poi","name":"Aldi","theme":"alisveris","lab":1},"geometry":{"type":"Point","coordinates":[13.36064,52.49402]}},{"type":"Feature","properties":{"id":"ke-alisveris-1","kind":"poi","name":"PENNY","theme":"alisveris","lab":1},"geometry":{"type":"Point","coordinates":[13.52397,52.48218]}},{"type":"Feature","properties":{"id":"ke-alisveris-2","kind":"poi","name":"Lidl","theme":"alisveris","lab":1},"geometry":{"type":"Point","coordinates":[13.3331,52.43033]}},{"type":"Feature","properties":{"id":"ke-alisveris-3","kind":"poi","name":"REWE","theme":"alisveris","lab":1},"geometry":{"type":"Point","coordinates":[13.33025,52.42946]}},{"type":"Feature","properties":{"id":"ke-alisveris-4","kind":"poi","name":"Denns BioMarkt","theme":"alisveris","lab":1},"geometry":{"type":"Point","coordinates":[13.4521,52.51021]}},{"type":"Feature","properties":{"id":"ke-alisveris-5","kind":"poi","name":"Galeria","theme":"alisveris","lab":1},"geometry":{"type":"Point","coordinates":[13.41165,52.52242]}},{"type":"Feature","properties":{"id":"ke-alisveris-7","kind":"poi","name":"Kaufhaus des Westens","theme":"alisveris","lab":1},"geometry":{"type":"Point","coordinates":[13.34095,52.50159]}},{"type":"Feature","properties":{"id":"ke-alisveris-11","kind":"poi","name":"Stern-Center","theme":"alisveris","lab":1},"geometry":{"type":"Point","coordinates":[13.13435,52.37076]}},{"type":"Feature","properties":{"id":"ke-alisveris-12","kind":"poi","name":"Kaufpark Eiche","theme":"alisveris","lab":1},"geometry":{"type":"Point","coordinates":[13.59851,52.54907]}},{"type":"Feature","properties":{"id":"ke-alisveris-13","kind":"poi","name":"Gesundbrunnen-Center","theme":"alisveris","lab":1},"geometry":{"type":"Point","coordinates":[13.38953,52.54977]}},{"type":"Feature","properties":{"id":"ke-alisveris-14","kind":"poi","name":"The Playce","theme":"alisveris","lab":1},"geometry":{"type":"Point","coordinates":[13.37412,52.50741]}},{"type":"Feature","properties":{"id":"ke-alisveris-15","kind":"poi","name":"Eastgate","theme":"alisveris","lab":1},"geometry":{"type":"Point","coordinates":[13.54469,52.54395]}},{"type":"Feature","properties":{"id":"ke-alisveris-16","kind":"poi","name":"Ring-Center 1","theme":"alisveris","lab":1},"geometry":{"type":"Point","coordinates":[13.47417,52.5143]}},{"type":"Feature","properties":{"id":"ke-alisveris-17","kind":"poi","name":"Ring-Center 2","theme":"alisveris","lab":1},"geometry":{"type":"Point","coordinates":[13.4765,52.51439]}},{"type":"Feature","properties":{"id":"ke-alisveris-18","kind":"poi","name":"Die Mitte","theme":"alisveris","lab":1},"geometry":{"type":"Point","coordinates":[13.41508,52.52152]}},{"type":"Feature","properties":{"id":"ke-alisveris-19","kind":"poi","name":"Forum Köpenick","theme":"alisveris","lab":1},"geometry":{"type":"Point","coordinates":[13.57753,52.45815]}},{"type":"Feature","properties":{"id":"ke-alisveris-20","kind":"poi","name":"Neukölln Arcaden","theme":"alisveris","lab":1},"geometry":{"type":"Point","coordinates":[13.4322,52.48209]}},{"type":"Feature","properties":{"id":"ke-alisveris-21","kind":"poi","name":"Rathauspassagen","theme":"alisveris","lab":1},"geometry":{"type":"Point","coordinates":[13.41046,52.51933]}},{"type":"Feature","properties":{"id":"ke-alisveris-22","kind":"poi","name":"Quartier 206","theme":"alisveris","lab":1},"geometry":{"type":"Point","coordinates":[13.39002,52.51347]}},{"type":"Feature","properties":{"id":"ke-alisveris-23","kind":"poi","name":"Schloss 110","theme":"alisveris","lab":1},"geometry":{"type":"Point","coordinates":[13.32545,52.46095]}},{"type":"Feature","properties":{"id":"ke-alisveris-24","kind":"poi","name":"Das Schloss","theme":"alisveris","lab":1},"geometry":{"type":"Point","coordinates":[13.32028,52.4578]}},{"type":"Feature","properties":{"id":"ke-alisveris-25","kind":"poi","name":"Forum Steglitz","theme":"alisveris","lab":1},"geometry":{"type":"Point","coordinates":[13.32637,52.46475]}},{"type":"Feature","properties":{"id":"ke-alisveris-26","kind":"poi","name":"Schloss-Straßen-Center","theme":"alisveris","lab":1},"geometry":{"type":"Point","coordinates":[13.32758,52.46545]}},{"type":"Feature","properties":{"id":"ke-alisveris-27","kind":"poi","name":"Jannowitz-Center","theme":"alisveris","lab":1},"geometry":{"type":"Point","coordinates":[13.41812,52.51313]}},{"type":"Feature","properties":{"id":"ke-alisveris-28","kind":"poi","name":"Marktplatz-Center","theme":"alisveris","lab":1},"geometry":{"type":"Point","coordinates":[13.60548,52.53796]}},{"type":"Feature","properties":{"id":"ke-alisveris-29","kind":"poi","name":"Forum Kienberg","theme":"alisveris","lab":1},"geometry":{"type":"Point","coordinates":[13.59271,52.52951]}},{"type":"Feature","properties":{"id":"ke-alisveris-30","kind":"poi","name":"Markthalle Tempelhof","theme":"alisveris","lab":1},"geometry":{"type":"Point","coordinates":[13.38304,52.45876]}},{"type":"Feature","properties":{"id":"ke-alisveris-31","kind":"poi","name":"Ackerhalle","theme":"alisveris","lab":1},"geometry":{"type":"Point","coordinates":[13.39704,52.53209]}},{"type":"Feature","properties":{"id":"ke-alisveris-33","kind":"poi","name":"Havelpark","theme":"alisveris","lab":1},"geometry":{"type":"Point","coordinates":[13.08289,52.53073]}},{"type":"Feature","properties":{"id":"ke-alisveris-34","kind":"poi","name":"Wutzky","theme":"alisveris","lab":1},"geometry":{"type":"Point","coordinates":[13.47559,52.42302]}},{"type":"Feature","properties":{"id":"ke-alisveris-35","kind":"poi","name":"Rathaus-Center Pankow","theme":"alisveris","lab":1},"geometry":{"type":"Point","coordinates":[13.4041,52.57031]}},{"type":"Feature","properties":{"id":"ke-alisveris-36","kind":"poi","name":"Schultheiss Quartier","theme":"alisveris","lab":1},"geometry":{"type":"Point","coordinates":[13.34419,52.52784]}},{"type":"Feature","properties":{"id":"ke-alisveris-37","kind":"poi","name":"Bikini Berlin","theme":"alisveris","lab":1},"geometry":{"type":"Point","coordinates":[13.33604,52.50572]}},{"type":"Feature","properties":{"id":"ke-alisveris-38","kind":"poi","name":"Storchenhof","theme":"alisveris","lab":1},"geometry":{"type":"Point","coordinates":[13.50393,52.54824]}},{"type":"Feature","properties":{"id":"ke-alisveris-39","kind":"poi","name":"Spandau Arcaden","theme":"alisveris","lab":1},"geometry":{"type":"Point","coordinates":[13.19665,52.53377]}},{"type":"Feature","properties":{"id":"ke-alisveris-40","kind":"poi","name":"Mall of Berlin","theme":"alisveris","lab":1},"geometry":{"type":"Point","coordinates":[13.38137,52.51057]}},{"type":"Feature","properties":{"id":"ke-alisveris-41","kind":"poi","name":"Schönhauser Allee Arcaden","theme":"alisveris","lab":1},"geometry":{"type":"Point","coordinates":[13.41543,52.54948]}},{"type":"Feature","properties":{"id":"ke-alisveris-42","kind":"poi","name":"East Side Mall","theme":"alisveris","lab":1},"geometry":{"type":"Point","coordinates":[13.44664,52.50616]}},{"type":"Feature","properties":{"id":"ke-alisveris-43","kind":"poi","name":"Moa Bogen","theme":"alisveris","lab":1},"geometry":{"type":"Point","coordinates":[13.3448,52.53204]}},{"type":"Feature","properties":{"id":"ke-alisveris-44","kind":"poi","name":"Europa-Center","theme":"alisveris","lab":1},"geometry":{"type":"Point","coordinates":[13.33804,52.50433]}},{"type":"Feature","properties":{"id":"ke-alisveris-45","kind":"poi","name":"Ring-Center Berlin II","theme":"alisveris","lab":1},"geometry":{"type":"Point","coordinates":[13.4765,52.51433]}},{"type":"Feature","properties":{"id":"ke-alisveris-46","kind":"poi","name":"Netto Marken-Discount","theme":"alisveris","lab":1},"geometry":{"type":"Point","coordinates":[13.40737,52.50982]}},{"type":"Feature","properties":{"id":"ke-alisveris-47","kind":"poi","name":"kiezmarkt","theme":"alisveris","lab":1},"geometry":{"type":"Point","coordinates":[13.31248,52.57168]}},{"type":"Feature","properties":{"id":"ke-alisveris-48","kind":"poi","name":"nah & gut","theme":"alisveris","lab":1},"geometry":{"type":"Point","coordinates":[13.31693,52.5664]}},{"type":"Feature","properties":{"id":"ke-alisveris-49","kind":"poi","name":"Nahkauf","theme":"alisveris","lab":1},"geometry":{"type":"Point","coordinates":[13.32114,52.57049]}},{"type":"Feature","properties":{"id":"ke-alisveris-50","kind":"poi","name":"nah und gut","theme":"alisveris","lab":1},"geometry":{"type":"Point","coordinates":[13.32288,52.4914]}},{"type":"Feature","properties":{"id":"ke-alisveris-51","kind":"poi","name":"NORMA","theme":"alisveris","lab":1},"geometry":{"type":"Point","coordinates":[13.54031,52.52654]}},{"type":"Feature","properties":{"id":"ke-alisveris-52","kind":"poi","name":"Kaufland","theme":"alisveris","lab":1},"geometry":{"type":"Point","coordinates":[13.2553,52.3032]}},{"type":"Feature","properties":{"id":"ke-alisveris-53","kind":"poi","name":"EDEKA Brandenburger Straße","theme":"alisveris","lab":1},"geometry":{"type":"Point","coordinates":[13.05666,52.40054]}},{"type":"Feature","properties":{"id":"ke-alisveris-54","kind":"poi","name":"Edeka Leher","theme":"alisveris","lab":1},"geometry":{"type":"Point","coordinates":[13.71498,52.43157]}},{"type":"Feature","properties":{"id":"ke-alisveris-55","kind":"poi","name":"EDEKA Thaut","theme":"alisveris","lab":1},"geometry":{"type":"Point","coordinates":[13.47096,52.51006]}},{"type":"Feature","properties":{"id":"ke-alisveris-56","kind":"poi","name":"EDEKA","theme":"alisveris","lab":1},"geometry":{"type":"Point","coordinates":[13.46213,52.47012]}},{"type":"Feature","properties":{"id":"ke-alisveris-57","kind":"poi","name":"REWE City","theme":"alisveris","lab":1},"geometry":{"type":"Point","coordinates":[13.3118,52.46864]}},{"type":"Feature","properties":{"id":"ke-alisveris-58","kind":"poi","name":"E-Center","theme":"alisveris","lab":1},"geometry":{"type":"Point","coordinates":[13.23539,52.60826]}},{"type":"Feature","properties":{"id":"ke-alisveris-59","kind":"poi","name":"Keilermarkt - Nah und gut","theme":"alisveris","lab":1},"geometry":{"type":"Point","coordinates":[13.24828,52.60974]}},{"type":"Feature","properties":{"id":"ke-alisveris-60","kind":"poi","name":"Edeka Ungefroren","theme":"alisveris","lab":1},"geometry":{"type":"Point","coordinates":[13.40601,52.51368]}},{"type":"Feature","properties":{"id":"ke-alisveris-61","kind":"poi","name":"EDEKA Yilmaz","theme":"alisveris","lab":1},"geometry":{"type":"Point","coordinates":[13.48586,52.46387]}},{"type":"Feature","properties":{"id":"ke-alisveris-62","kind":"poi","name":"EDEKA Y.Reichelt","theme":"alisveris","lab":1},"geometry":{"type":"Point","coordinates":[13.33434,52.5208]}},{"type":"Feature","properties":{"id":"ke-alisveris-63","kind":"poi","name":"Edeka Wittenbergplatz","theme":"alisveris","lab":1},"geometry":{"type":"Point","coordinates":[13.34363,52.5026]}},{"type":"Feature","properties":{"id":"ke-alisveris-64","kind":"poi","name":"EDEKA Gabler","theme":"alisveris","lab":1},"geometry":{"type":"Point","coordinates":[13.09203,52.39184]}},{"type":"Feature","properties":{"id":"ke-alisveris-65","kind":"poi","name":"EDEKA Lindenberg","theme":"alisveris","lab":1},"geometry":{"type":"Point","coordinates":[13.36549,52.56081]}},{"type":"Feature","properties":{"id":"ke-alisveris-66","kind":"poi","name":"EDEKA Iden","theme":"alisveris","lab":1},"geometry":{"type":"Point","coordinates":[13.33528,52.59475]}},{"type":"Feature","properties":{"id":"ke-alisveris-67","kind":"poi","name":"Woolworth","theme":"alisveris","lab":1},"geometry":{"type":"Point","coordinates":[13.29714,52.49787]}},{"type":"Feature","properties":{"id":"ke-alisveris-68","kind":"poi","name":"Edeka Neue Kantstraße","theme":"alisveris","lab":1},"geometry":{"type":"Point","coordinates":[13.29307,52.50655]}},{"type":"Feature","properties":{"id":"ke-alisveris-69","kind":"poi","name":"EDEKA Martin-Luther-Straße","theme":"alisveris","lab":1},"geometry":{"type":"Point","coordinates":[13.34478,52.492]}},{"type":"Feature","properties":{"id":"ke-alisveris-70","kind":"poi","name":"Bio Company","theme":"alisveris","lab":1},"geometry":{"type":"Point","coordinates":[13.30747,52.50472]}},{"type":"Feature","properties":{"id":"ke-alisveris-71","kind":"poi","name":"EDEKA Kelz","theme":"alisveris","lab":1},"geometry":{"type":"Point","coordinates":[13.44068,52.51605]}},{"type":"Feature","properties":{"id":"ke-alisveris-72","kind":"poi","name":"Alnatura Super Natur Markt","theme":"alisveris","lab":1},"geometry":{"type":"Point","coordinates":[13.4137,52.55171]}},{"type":"Feature","properties":{"id":"ke-alisveris-73","kind":"poi","name":"Edeka Center","theme":"alisveris","lab":1},"geometry":{"type":"Point","coordinates":[13.21972,52.40334]}},{"type":"Feature","properties":{"id":"ke-alisveris-74","kind":"poi","name":"Edeka Siegler","theme":"alisveris","lab":1},"geometry":{"type":"Point","coordinates":[13.35683,52.48566]}},{"type":"Feature","properties":{"id":"ke-alisveris-75","kind":"poi","name":"Netto","theme":"alisveris","lab":1},"geometry":{"type":"Point","coordinates":[13.48634,52.61737]}},{"type":"Feature","properties":{"id":"ke-alisveris-76","kind":"poi","name":"Edeka Peth","theme":"alisveris","lab":1},"geometry":{"type":"Point","coordinates":[13.45885,52.54983]}},{"type":"Feature","properties":{"id":"ke-alisveris-77","kind":"poi","name":"Edeka Ostseestraße","theme":"alisveris","lab":1},"geometry":{"type":"Point","coordinates":[13.44297,52.54653]}},{"type":"Feature","properties":{"id":"ke-alisveris-78","kind":"poi","name":"nah und gut Bülow","theme":"alisveris","lab":1},"geometry":{"type":"Point","coordinates":[13.4198,52.54208]}},{"type":"Feature","properties":{"id":"ke-alisveris-79","kind":"poi","name":"LPG BioMarkt","theme":"alisveris","lab":1},"geometry":{"type":"Point","coordinates":[13.42409,52.49712]}},{"type":"Feature","properties":{"id":"ke-alisveris-80","kind":"poi","name":"Edeka Prang","theme":"alisveris","lab":1},"geometry":{"type":"Point","coordinates":[13.38612,52.44535]}},{"type":"Feature","properties":{"id":"ke-alisveris-81","kind":"poi","name":"nah und gut Brabanski","theme":"alisveris","lab":1},"geometry":{"type":"Point","coordinates":[13.38319,52.46531]}},{"type":"Feature","properties":{"id":"ke-alisveris-82","kind":"poi","name":"Edeka Focke","theme":"alisveris","lab":1},"geometry":{"type":"Point","coordinates":[13.35473,52.49177]}},{"type":"Feature","properties":{"id":"ke-alisveris-83","kind":"poi","name":"EDEKA Heppner","theme":"alisveris","lab":1},"geometry":{"type":"Point","coordinates":[13.3232,52.45907]}},{"type":"Feature","properties":{"id":"ke-alisveris-84","kind":"poi","name":"REWE M. Görlitz-Krüger","theme":"alisveris","lab":1},"geometry":{"type":"Point","coordinates":[13.3078,52.47281]}},{"type":"Feature","properties":{"id":"ke-alisveris-85","kind":"poi","name":"EDEKA Brabanski","theme":"alisveris","lab":1},"geometry":{"type":"Point","coordinates":[13.33713,52.47133]}},{"type":"Feature","properties":{"id":"ke-alisveris-86","kind":"poi","name":"Nah & Frisch","theme":"alisveris","lab":1},"geometry":{"type":"Point","coordinates":[13.29908,52.48761]}},{"type":"Feature","properties":{"id":"ke-alisveris-87","kind":"poi","name":"Edeka Center Tempelhof","theme":"alisveris","lab":1},"geometry":{"type":"Point","coordinates":[13.38715,52.45594]}},{"type":"Feature","properties":{"id":"ke-alisveris-88","kind":"poi","name":"...nah und gut","theme":"alisveris","lab":1},"geometry":{"type":"Point","coordinates":[13.43633,52.42432]}},{"type":"Feature","properties":{"id":"ke-alisveris-89","kind":"poi","name":"Netto City","theme":"alisveris","lab":1},"geometry":{"type":"Point","coordinates":[13.05848,52.4008]}},{"type":"Feature","properties":{"id":"ke-alisveris-90","kind":"poi","name":"Edeka Reichsstraße","theme":"alisveris","lab":1},"geometry":{"type":"Point","coordinates":[13.26568,52.51296]}},{"type":"Feature","properties":{"id":"ke-alisveris-91","kind":"poi","name":"Edeka Laurman","theme":"alisveris","lab":1},"geometry":{"type":"Point","coordinates":[13.26157,52.51697]}},{"type":"Feature","properties":{"id":"ke-alisveris-92","kind":"poi","name":"Edeka Gäth","theme":"alisveris","lab":1},"geometry":{"type":"Point","coordinates":[13.33999,52.45066]}},{"type":"Feature","properties":{"id":"ke-alisveris-93","kind":"poi","name":"Penny Leibnizstraße","theme":"alisveris","lab":1},"geometry":{"type":"Point","coordinates":[13.31461,52.50952]}},{"type":"Feature","properties":{"id":"ke-alisveris-94","kind":"poi","name":"Edeka Am Brunsi","theme":"alisveris","lab":1},"geometry":{"type":"Point","coordinates":[13.16767,52.53381]}},{"type":"Feature","properties":{"id":"ke-alisveris-95","kind":"poi","name":"PENNY. Am Brunsi","theme":"alisveris","lab":1},"geometry":{"type":"Point","coordinates":[13.16773,52.534]}},{"type":"Feature","properties":{"id":"ke-alisveris-96","kind":"poi","name":"EDEKA Siebert","theme":"alisveris","lab":1},"geometry":{"type":"Point","coordinates":[13.4092,52.48917]}},{"type":"Feature","properties":{"id":"ke-alisveris-97","kind":"poi","name":"EDEKA P. Erler","theme":"alisveris","lab":1},"geometry":{"type":"Point","coordinates":[13.28704,52.63289]}},{"type":"Feature","properties":{"id":"ke-alisveris-98","kind":"poi","name":"EDEKA Colombino","theme":"alisveris","lab":1},"geometry":{"type":"Point","coordinates":[13.2908,52.63295]}},{"type":"Feature","properties":{"id":"ke-alisveris-99","kind":"poi","name":"Mein Markt","theme":"alisveris","lab":1},"geometry":{"type":"Point","coordinates":[13.44699,52.5162]}},{"type":"Feature","properties":{"id":"ke-alisveris-100","kind":"poi","name":"TK Maxx","theme":"alisveris","lab":1},"geometry":{"type":"Point","coordinates":[13.13235,52.37115]}},{"type":"Feature","properties":{"id":"ke-alisveris-101","kind":"poi","name":"EDEKA Yaras","theme":"alisveris","lab":1},"geometry":{"type":"Point","coordinates":[13.38912,52.43499]}},{"type":"Feature","properties":{"id":"ke-alisveris-103","kind":"poi","name":"Go Asia","theme":"alisveris","lab":1},"geometry":{"type":"Point","coordinates":[13.38777,52.52142]}},{"type":"Feature","properties":{"id":"ke-alisveris-104","kind":"poi","name":"Edeka Fromm","theme":"alisveris","lab":1},"geometry":{"type":"Point","coordinates":[13.34766,52.55267]}},{"type":"Feature","properties":{"id":"ke-alisveris-105","kind":"poi","name":"nahcity Duong","theme":"alisveris","lab":1},"geometry":{"type":"Point","coordinates":[13.4324,52.53606]}},{"type":"Feature","properties":{"id":"ke-alisveris-106","kind":"poi","name":"Manufactum","theme":"alisveris","lab":1},"geometry":{"type":"Point","coordinates":[13.32271,52.51095]}},{"type":"Feature","properties":{"id":"ke-alisveris-107","kind":"poi","name":"EDEKA Nemitz-Pollmann","theme":"alisveris","lab":1},"geometry":{"type":"Point","coordinates":[13.32284,52.63139]}},{"type":"Feature","properties":{"id":"ke-alisveris-108","kind":"poi","name":"EDEKA Kiezmarkt","theme":"alisveris","lab":1},"geometry":{"type":"Point","coordinates":[13.39178,52.52783]}},{"type":"Feature","properties":{"id":"ke-alisveris-110","kind":"poi","name":"EDEKA Friedrich","theme":"alisveris","lab":1},"geometry":{"type":"Point","coordinates":[13.58673,52.52326]}},{"type":"Feature","properties":{"id":"ke-alisveris-111","kind":"poi","name":"HIT","theme":"alisveris","lab":1},"geometry":{"type":"Point","coordinates":[13.38391,52.51177]}},{"type":"Feature","properties":{"id":"ke-alisveris-112","kind":"poi","name":"Muji","theme":"alisveris","lab":1},"geometry":{"type":"Point","coordinates":[13.40293,52.52352]}},{"type":"Feature","properties":{"id":"ke-alisveris-113","kind":"poi","name":"EDEKA Stadie","theme":"alisveris","lab":1},"geometry":{"type":"Point","coordinates":[13.1972,52.54251]}},{"type":"Feature","properties":{"id":"ke-alisveris-114","kind":"poi","name":"Edeka M. Fiebig","theme":"alisveris","lab":1},"geometry":{"type":"Point","coordinates":[13.42328,52.4916]}},{"type":"Feature","properties":{"id":"ke-alisveris-115","kind":"poi","name":"Rewe Marcel Weyermann","theme":"alisveris","lab":1},"geometry":{"type":"Point","coordinates":[13.4367,52.53634]}},{"type":"Feature","properties":{"id":"ke-alisveris-116","kind":"poi","name":"EDEKA Zahl","theme":"alisveris","lab":1},"geometry":{"type":"Point","coordinates":[13.30707,52.51698]}},{"type":"Feature","properties":{"id":"ke-alisveris-117","kind":"poi","name":"Edeka Henning","theme":"alisveris","lab":1},"geometry":{"type":"Point","coordinates":[13.41836,52.53628]}},{"type":"Feature","properties":{"id":"ke-alisveris-118","kind":"poi","name":"Edeka Brehm City","theme":"alisveris","lab":1},"geometry":{"type":"Point","coordinates":[13.42082,52.49451]}},{"type":"Feature","properties":{"id":"ke-alisveris-119","kind":"poi","name":"EDEKA Wilmersdorfer Straße","theme":"alisveris","lab":1},"geometry":{"type":"Point","coordinates":[13.3053,52.50974]}},{"type":"Feature","properties":{"id":"ke-otel-0","kind":"poi","name":"Grand Hyatt Berlin","theme":"otel","lab":1},"geometry":{"type":"Point","coordinates":[13.37248,52.5082]}},{"type":"Feature","properties":{"id":"ke-otel-1","kind":"poi","name":"The Westin Grand Berlin","theme":"otel","lab":1},"geometry":{"type":"Point","coordinates":[13.3886,52.51588]}},{"type":"Feature","properties":{"id":"ke-otel-2","kind":"poi","name":"Hilton Berlin","theme":"otel","lab":1},"geometry":{"type":"Point","coordinates":[13.39254,52.5121]}},{"type":"Feature","properties":{"id":"ke-otel-3","kind":"poi","name":"Hotel de Rome","theme":"otel","lab":1},"geometry":{"type":"Point","coordinates":[13.39407,52.51579]}},{"type":"Feature","properties":{"id":"ke-otel-4","kind":"poi","name":"Waldorf Astoria Berlin","theme":"otel","lab":1},"geometry":{"type":"Point","coordinates":[13.33291,52.50558]}},{"type":"Feature","properties":{"id":"ke-otel-5","kind":"poi","name":"The Ritz-Carlton","theme":"otel","lab":1},"geometry":{"type":"Point","coordinates":[13.37523,52.51041]}},{"type":"Feature","properties":{"id":"ke-otel-6","kind":"poi","name":"Park Plaza Wallstreet","theme":"otel","lab":1},"geometry":{"type":"Point","coordinates":[13.4078,52.51146]}},{"type":"Feature","properties":{"id":"ke-otel-7","kind":"poi","name":"Living Hotel Großer Kurfürst","theme":"otel","lab":1},"geometry":{"type":"Point","coordinates":[13.40879,52.51225]}},{"type":"Feature","properties":{"id":"ke-otel-8","kind":"poi","name":"Living Hotel Berlin-Mitte","theme":"otel","lab":1},"geometry":{"type":"Point","coordinates":[13.40825,52.51208]}},{"type":"Feature","properties":{"id":"ke-otel-9","kind":"poi","name":"Meliá Berlin","theme":"otel","lab":1},"geometry":{"type":"Point","coordinates":[13.38847,52.52134]}},{"type":"Feature","properties":{"id":"ke-otel-10","kind":"poi","name":"Mercure Hotel + Residenz Berlin Checkpoint Charlie","theme":"otel","lab":1},"geometry":{"type":"Point","coordinates":[13.39342,52.50859]}},{"type":"Feature","properties":{"id":"ke-otel-11","kind":"poi","name":"Hotel Steglitz International","theme":"otel","lab":1},"geometry":{"type":"Point","coordinates":[13.32124,52.45626]}},{"type":"Feature","properties":{"id":"ke-otel-12","kind":"poi","name":"H4 Hotel Berlin-Alexanderplatz","theme":"otel","lab":1},"geometry":{"type":"Point","coordinates":[13.41465,52.52556]}},{"type":"Feature","properties":{"id":"ke-otel-13","kind":"poi","name":"relexa hotel Stuttgarter Hof Berlin","theme":"otel","lab":1},"geometry":{"type":"Point","coordinates":[13.38519,52.50493]}},{"type":"Feature","properties":{"id":"ke-otel-14","kind":"poi","name":"Adina Apartment Hotel Berlin Checkpoint Charlie","theme":"otel","lab":1},"geometry":{"type":"Point","coordinates":[13.39758,52.50976]}},{"type":"Feature","properties":{"id":"ke-otel-15","kind":"poi","name":"Leonardo Berlin Mitte","theme":"otel","lab":1},"geometry":{"type":"Point","coordinates":[13.38658,52.52266]}},{"type":"Feature","properties":{"id":"ke-otel-16","kind":"poi","name":"Novum Hotel Kronprinz Berlin","theme":"otel","lab":1},"geometry":{"type":"Point","coordinates":[13.2869,52.49732]}},{"type":"Feature","properties":{"id":"ke-otel-17","kind":"poi","name":"Hotel am Borsigturm","theme":"otel","lab":1},"geometry":{"type":"Point","coordinates":[13.2872,52.58346]}},{"type":"Feature","properties":{"id":"ke-otel-18","kind":"poi","name":"Lindner Hotel Berlin Am Ku'damm","theme":"otel","lab":1},"geometry":{"type":"Point","coordinates":[13.32938,52.50391]}},{"type":"Feature","properties":{"id":"ke-otel-19","kind":"poi","name":"Crowne Plaza Berlin City Centre","theme":"otel","lab":1},"geometry":{"type":"Point","coordinates":[13.34072,52.50391]}},{"type":"Feature","properties":{"id":"ke-otel-20","kind":"poi","name":"Mercure Hotel Potsdam City","theme":"otel","lab":1},"geometry":{"type":"Point","coordinates":[13.05991,52.3937]}},{"type":"Feature","properties":{"id":"ke-otel-21","kind":"poi","name":"Holiday Inn Berlin City-West","theme":"otel","lab":1},"geometry":{"type":"Point","coordinates":[13.26202,52.54048]}},{"type":"Feature","properties":{"id":"ke-otel-22","kind":"poi","name":"Dorint Sanssouci Berlin/Potsdam","theme":"otel","lab":1},"geometry":{"type":"Point","coordinates":[13.05329,52.40917]}},{"type":"Feature","properties":{"id":"ke-otel-23","kind":"poi","name":"Hotel am Jägertor","theme":"otel","lab":1},"geometry":{"type":"Point","coordinates":[13.05238,52.40293]}},{"type":"Feature","properties":{"id":"ke-otel-24","kind":"poi","name":"nhow Berlin","theme":"otel","lab":1},"geometry":{"type":"Point","coordinates":[13.45085,52.50109]}},{"type":"Feature","properties":{"id":"ke-otel-25","kind":"poi","name":"Ascot Bristol","theme":"otel","lab":1},"geometry":{"type":"Point","coordinates":[13.1403,52.37025]}},{"type":"Feature","properties":{"id":"ke-otel-26","kind":"poi","name":"Hotel Riu Plaza Berlin","theme":"otel","lab":1},"geometry":{"type":"Point","coordinates":[13.34688,52.50039]}},{"type":"Feature","properties":{"id":"ke-otel-27","kind":"poi","name":"iStay by NH Berlin CIty Ost","theme":"otel","lab":1},"geometry":{"type":"Point","coordinates":[13.48199,52.5136]}},{"type":"Feature","properties":{"id":"ke-otel-28","kind":"poi","name":"INNSiDE Berlin Mitte","theme":"otel","lab":1},"geometry":{"type":"Point","coordinates":[13.38077,52.53302]}},{"type":"Feature","properties":{"id":"ke-otel-29","kind":"poi","name":"Hotel Ludwig van Beethoven","theme":"otel","lab":1},"geometry":{"type":"Point","coordinates":[13.42087,52.48765]}},{"type":"Feature","properties":{"id":"ke-otel-30","kind":"poi","name":"Hampton by Hilton Berlin City West","theme":"otel","lab":1},"geometry":{"type":"Point","coordinates":[13.32618,52.50496]}},{"type":"Feature","properties":{"id":"ke-otel-31","kind":"poi","name":"Hampton by Hilton Berlin City Centre Alexanderplatz","theme":"otel","lab":1},"geometry":{"type":"Point","coordinates":[13.4188,52.52479]}},{"type":"Feature","properties":{"id":"ke-otel-32","kind":"poi","name":"Palace Berlin","theme":"otel","lab":1},"geometry":{"type":"Point","coordinates":[13.33885,52.50492]}},{"type":"Feature","properties":{"id":"ke-otel-33","kind":"poi","name":"SO/ Berlin Das Stue","theme":"otel","lab":1},"geometry":{"type":"Point","coordinates":[13.34596,52.50987]}},{"type":"Feature","properties":{"id":"ke-otel-34","kind":"poi","name":"Victor's Residenz-Hotel Berlin Mitte","theme":"otel","lab":1},"geometry":{"type":"Point","coordinates":[13.42881,52.52886]}},{"type":"Feature","properties":{"id":"ke-otel-35","kind":"poi","name":"Myer's Hotel","theme":"otel","lab":1},"geometry":{"type":"Point","coordinates":[13.41791,52.53132]}},{"type":"Feature","properties":{"id":"ke-otel-36","kind":"poi","name":"Estrel Berlin","theme":"otel","lab":1},"geometry":{"type":"Point","coordinates":[13.45885,52.47363]}},{"type":"Feature","properties":{"id":"ke-otel-37","kind":"poi","name":"abba Berlin hotel","theme":"otel","lab":1},"geometry":{"type":"Point","coordinates":[13.32203,52.49972]}},{"type":"Feature","properties":{"id":"ke-otel-38","kind":"poi","name":"New Berlin","theme":"otel","lab":1},"geometry":{"type":"Point","coordinates":[13.44842,52.52435]}},{"type":"Feature","properties":{"id":"ke-otel-39","kind":"poi","name":"Abacus Tierpark Hotel","theme":"otel","lab":1},"geometry":{"type":"Point","coordinates":[13.52045,52.50044]}},{"type":"Feature","properties":{"id":"ke-otel-40","kind":"poi","name":"Hotel Savoy","theme":"otel","lab":1},"geometry":{"type":"Point","coordinates":[13.3275,52.50616]}},{"type":"Feature","properties":{"id":"ke-otel-41","kind":"poi","name":"art’otel Berlin Mitte","theme":"otel","lab":1},"geometry":{"type":"Point","coordinates":[13.41034,52.51254]}},{"type":"Feature","properties":{"id":"ke-otel-42","kind":"poi","name":"Radisson Collection Hotel Berlin","theme":"otel","lab":1},"geometry":{"type":"Point","coordinates":[13.40283,52.51952]}},{"type":"Feature","properties":{"id":"ke-otel-43","kind":"poi","name":"Maritim proArte Hotel Berlin","theme":"otel","lab":1},"geometry":{"type":"Point","coordinates":[13.3875,52.51823]}},{"type":"Feature","properties":{"id":"ke-otel-44","kind":"poi","name":"Dorint Kurfürstendamm","theme":"otel","lab":1},"geometry":{"type":"Point","coordinates":[13.33179,52.5025]}},{"type":"Feature","properties":{"id":"ke-otel-45","kind":"poi","name":"Holiday Inn Berlin Airport – Conference Centre","theme":"otel","lab":1},"geometry":{"type":"Point","coordinates":[13.49857,52.38898]}},{"type":"Feature","properties":{"id":"ke-otel-46","kind":"poi","name":"Mercure Hotel Berlin City West","theme":"otel","lab":1},"geometry":{"type":"Point","coordinates":[13.27303,52.53571]}},{"type":"Feature","properties":{"id":"ke-otel-47","kind":"poi","name":"Best Western Premier Airporthotel Fontane Berlin","theme":"otel","lab":1},"geometry":{"type":"Point","coordinates":[13.42838,52.36225]}},{"type":"Feature","properties":{"id":"ke-otel-48","kind":"poi","name":"Arte Luise Kunsthotel","theme":"otel","lab":1},"geometry":{"type":"Point","coordinates":[13.37955,52.52168]}},{"type":"Feature","properties":{"id":"ke-otel-49","kind":"poi","name":"Port Inn Hotel","theme":"otel","lab":1},"geometry":{"type":"Point","coordinates":[13.61947,52.3734]}},{"type":"Feature","properties":{"id":"ke-otel-50","kind":"poi","name":"Leonardo Hotel","theme":"otel","lab":1},"geometry":{"type":"Point","coordinates":[13.46307,52.43727]}},{"type":"Feature","properties":{"id":"ke-otel-51","kind":"poi","name":"hotelhellemitte","theme":"otel","lab":1},"geometry":{"type":"Point","coordinates":[13.60344,52.53768]}},{"type":"Feature","properties":{"id":"ke-otel-52","kind":"poi","name":"Hotel am Großen Waisenhaus","theme":"otel","lab":1},"geometry":{"type":"Point","coordinates":[13.05075,52.39745]}},{"type":"Feature","properties":{"id":"ke-otel-53","kind":"poi","name":"Leonardo Royal Hotel Berlin Alexanderplatz","theme":"otel","lab":1},"geometry":{"type":"Point","coordinates":[13.42341,52.52733]}},{"type":"Feature","properties":{"id":"ke-otel-54","kind":"poi","name":"Hotel Indigo Berlin Ku'damm","theme":"otel","lab":1},"geometry":{"type":"Point","coordinates":[13.32789,52.50787]}},{"type":"Feature","properties":{"id":"ke-otel-55","kind":"poi","name":"H+ Hotel Berlin Mitte","theme":"otel","lab":1},"geometry":{"type":"Point","coordinates":[13.38375,52.52963]}},{"type":"Feature","properties":{"id":"ke-otel-56","kind":"poi","name":"Meininger","theme":"otel","lab":1},"geometry":{"type":"Point","coordinates":[13.41308,52.53287]}},{"type":"Feature","properties":{"id":"ke-otel-57","kind":"poi","name":"Cosmo","theme":"otel","lab":1},"geometry":{"type":"Point","coordinates":[13.40132,52.51171]}},{"type":"Feature","properties":{"id":"ke-otel-58","kind":"poi","name":"Eurostars Berlin","theme":"otel","lab":1},"geometry":{"type":"Point","coordinates":[13.38925,52.52039]}},{"type":"Feature","properties":{"id":"ke-otel-59","kind":"poi","name":"Spreeidyll","theme":"otel","lab":1},"geometry":{"type":"Point","coordinates":[13.60882,52.44857]}},{"type":"Feature","properties":{"id":"ke-otel-60","kind":"poi","name":"Garner Hotel Berlin - Gendarmenmarkt by IHG","theme":"otel","lab":1},"geometry":{"type":"Point","coordinates":[13.39159,52.51061]}},{"type":"Feature","properties":{"id":"ke-otel-61","kind":"poi","name":"Meininger Berlin Airport","theme":"otel","lab":1},"geometry":{"type":"Point","coordinates":[13.54048,52.39671]}},{"type":"Feature","properties":{"id":"ke-otel-62","kind":"poi","name":"B&B Hotel Berlin-Airport","theme":"otel","lab":1},"geometry":{"type":"Point","coordinates":[13.54179,52.37452]}},{"type":"Feature","properties":{"id":"ke-otel-63","kind":"poi","name":"Anna 1908","theme":"otel","lab":1},"geometry":{"type":"Point","coordinates":[13.32626,52.46546]}},{"type":"Feature","properties":{"id":"ke-otel-64","kind":"poi","name":"Goodman's Living","theme":"otel","lab":1},"geometry":{"type":"Point","coordinates":[13.3049,52.51219]}},{"type":"Feature","properties":{"id":"ke-otel-65","kind":"poi","name":"Best Western Hotel Kantstraße Berlin","theme":"otel","lab":1},"geometry":{"type":"Point","coordinates":[13.30591,52.50658]}},{"type":"Feature","properties":{"id":"ke-otel-66","kind":"poi","name":"Adina Apartment Hotel Berlin Hackescher Markt","theme":"otel","lab":1},"geometry":{"type":"Point","coordinates":[13.40407,52.5223]}},{"type":"Feature","properties":{"id":"ke-otel-67","kind":"poi","name":"Holiday Inn Berlin - City East Side","theme":"otel","lab":1},"geometry":{"type":"Point","coordinates":[13.4446,52.50485]}},{"type":"Feature","properties":{"id":"ke-otel-68","kind":"poi","name":"A&O Berlin Friedrichshain","theme":"otel","lab":1},"geometry":{"type":"Point","coordinates":[13.46895,52.50701]}},{"type":"Feature","properties":{"id":"ke-otel-69","kind":"poi","name":"Lulu Guldsmeden","theme":"otel","lab":1},"geometry":{"type":"Point","coordinates":[13.36626,52.5034]}},{"type":"Feature","properties":{"id":"ke-otel-70","kind":"poi","name":"PLAZA Premium Berlin Kurfürstendamm","theme":"otel","lab":1},"geometry":{"type":"Point","coordinates":[13.32264,52.50184]}},{"type":"Feature","properties":{"id":"ke-otel-71","kind":"poi","name":"Hotel Oderberger","theme":"otel","lab":1},"geometry":{"type":"Point","coordinates":[13.41058,52.53798]}},{"type":"Feature","properties":{"id":"ke-otel-72","kind":"poi","name":"Mercure Berlin Wittenbergplatz","theme":"otel","lab":1},"geometry":{"type":"Point","coordinates":[13.34248,52.50096]}},{"type":"Feature","properties":{"id":"ke-otel-73","kind":"poi","name":"Meininger Hotel Berlin Tiergarten","theme":"otel","lab":1},"geometry":{"type":"Point","coordinates":[13.34434,52.52645]}},{"type":"Feature","properties":{"id":"ke-otel-74","kind":"poi","name":"Hotel Schulz","theme":"otel","lab":1},"geometry":{"type":"Point","coordinates":[13.43394,52.5086]}},{"type":"Feature","properties":{"id":"ke-otel-75","kind":"poi","name":"Waveboard","theme":"otel","lab":1},"geometry":{"type":"Point","coordinates":[13.07483,52.40361]}},{"type":"Feature","properties":{"id":"ke-otel-76","kind":"poi","name":"Wyndham Garden Berlin Mitte","theme":"otel","lab":1},"geometry":{"type":"Point","coordinates":[13.38704,52.555]}},{"type":"Feature","properties":{"id":"ke-otel-77","kind":"poi","name":"Garner Hotel Berlin - Spandau by IHG","theme":"otel","lab":1},"geometry":{"type":"Point","coordinates":[13.21009,52.53258]}},{"type":"Feature","properties":{"id":"ke-otel-78","kind":"poi","name":"Good Morning+ Berlin City East","theme":"otel","lab":1},"geometry":{"type":"Point","coordinates":[13.48517,52.52181]}},{"type":"Feature","properties":{"id":"ke-otel-79","kind":"poi","name":"Sheraton Berlin Grand Hotel Esplanade","theme":"otel","lab":1},"geometry":{"type":"Point","coordinates":[13.35485,52.50558]}},{"type":"Feature","properties":{"id":"ke-otel-80","kind":"poi","name":"Park Inn by Radisson Berlin-Alexanderplatz","theme":"otel","lab":1},"geometry":{"type":"Point","coordinates":[13.41279,52.52284]}},{"type":"Feature","properties":{"id":"ke-otel-81","kind":"poi","name":"Motel One Berlin-Hauptbahnhof","theme":"otel","lab":1},"geometry":{"type":"Point","coordinates":[13.36573,52.52576]}},{"type":"Feature","properties":{"id":"ke-otel-82","kind":"poi","name":"Wyndham Garden Hennigsdorf Berlin","theme":"otel","lab":1},"geometry":{"type":"Point","coordinates":[13.19887,52.63707]}},{"type":"Feature","properties":{"id":"ke-otel-83","kind":"poi","name":"Motel One Berlin-Spittelmarkt","theme":"otel","lab":1},"geometry":{"type":"Point","coordinates":[13.40086,52.5107]}},{"type":"Feature","properties":{"id":"ke-otel-84","kind":"poi","name":"A&O Berlin Kolumbus (1)","theme":"otel","lab":1},"geometry":{"type":"Point","coordinates":[13.49814,52.53921]}},{"type":"Feature","properties":{"id":"ke-otel-85","kind":"poi","name":"Quentin Berlin am Kurfürstendamm","theme":"otel","lab":1},"geometry":{"type":"Point","coordinates":[13.30906,52.49887]}},{"type":"Feature","properties":{"id":"ke-otel-86","kind":"poi","name":"Scandic Berlin Kurfürstendamm","theme":"otel","lab":1},"geometry":{"type":"Point","coordinates":[13.3382,52.50006]}},{"type":"Feature","properties":{"id":"ke-otel-87","kind":"poi","name":"Waldhotel am See Berlin-Schmöckwitz","theme":"otel","lab":1},"geometry":{"type":"Point","coordinates":[13.65113,52.36898]}},{"type":"Feature","properties":{"id":"ke-otel-88","kind":"poi","name":"IntercityHotel Berlin Airport Area North","theme":"otel","lab":1},"geometry":{"type":"Point","coordinates":[13.51831,52.39222]}},{"type":"Feature","properties":{"id":"ke-otel-89","kind":"poi","name":"Van der Valk Hotel Berlin Brandenburg","theme":"otel","lab":1},"geometry":{"type":"Point","coordinates":[13.44595,52.30896]}},{"type":"Feature","properties":{"id":"ke-otel-90","kind":"poi","name":"Mercure Hotel Berlin Tempelhof","theme":"otel","lab":1},"geometry":{"type":"Point","coordinates":[13.42655,52.47853]}},{"type":"Feature","properties":{"id":"ke-otel-91","kind":"poi","name":"Scandic Berlin Potsdamer Platz","theme":"otel","lab":1},"geometry":{"type":"Point","coordinates":[13.37524,52.50469]}},{"type":"Feature","properties":{"id":"ke-otel-92","kind":"poi","name":"Hotel Berlin Potsdamer Platz","theme":"otel","lab":1},"geometry":{"type":"Point","coordinates":[13.38313,52.50158]}},{"type":"Feature","properties":{"id":"ke-otel-93","kind":"poi","name":"Lindemann's","theme":"otel","lab":1},"geometry":{"type":"Point","coordinates":[13.36136,52.49377]}},{"type":"Feature","properties":{"id":"ke-otel-94","kind":"poi","name":"ibis budget Berlin Alexanderplatz","theme":"otel","lab":1},"geometry":{"type":"Point","coordinates":[13.42123,52.52521]}},{"type":"Feature","properties":{"id":"ke-otel-95","kind":"poi","name":"Mercure Hotel Berlin City","theme":"otel","lab":1},"geometry":{"type":"Point","coordinates":[13.38147,52.53058]}},{"type":"Feature","properties":{"id":"ke-otel-96","kind":"poi","name":"Adina Apartment Hotel Berlin Mitte","theme":"otel","lab":1},"geometry":{"type":"Point","coordinates":[13.3776,52.52845]}},{"type":"Feature","properties":{"id":"ke-otel-97","kind":"poi","name":"Moxy Berlin Airport","theme":"otel","lab":1},"geometry":{"type":"Point","coordinates":[13.54365,52.37548]}},{"type":"Feature","properties":{"id":"ke-otel-98","kind":"poi","name":"NH Collection Berlin Mitte am Checkpoint Charlie","theme":"otel","lab":1},"geometry":{"type":"Point","coordinates":[13.38898,52.51053]}},{"type":"Feature","properties":{"id":"ke-otel-99","kind":"poi","name":"Hotel Villa Kastania Berlin","theme":"otel","lab":1},"geometry":{"type":"Point","coordinates":[13.26806,52.51032]}},{"type":"Feature","properties":{"id":"ke-otel-100","kind":"poi","name":"Kastanienhof","theme":"otel","lab":1},"geometry":{"type":"Point","coordinates":[13.40614,52.53475]}},{"type":"Feature","properties":{"id":"ke-otel-101","kind":"poi","name":"Seminaris CampusHotel Berlin","theme":"otel","lab":1},"geometry":{"type":"Point","coordinates":[13.29348,52.45696]}},{"type":"Feature","properties":{"id":"ke-otel-102","kind":"poi","name":"Central Inn","theme":"otel","lab":1},"geometry":{"type":"Point","coordinates":[13.35858,52.52318]}},{"type":"Feature","properties":{"id":"ke-otel-103","kind":"poi","name":"Titanic Comfort Kurfürstendamm","theme":"otel","lab":1},"geometry":{"type":"Point","coordinates":[13.34866,52.50088]}},{"type":"Feature","properties":{"id":"ke-otel-104","kind":"poi","name":"Albergo Hotel Berlin","theme":"otel","lab":1},"geometry":{"type":"Point","coordinates":[13.50691,52.38822]}},{"type":"Feature","properties":{"id":"ke-otel-105","kind":"poi","name":"Berlin Marriott Hotel","theme":"otel","lab":1},"geometry":{"type":"Point","coordinates":[13.37607,52.5111]}},{"type":"Feature","properties":{"id":"ke-otel-106","kind":"poi","name":"Hotel Benn","theme":"otel","lab":1},"geometry":{"type":"Point","coordinates":[13.204,52.53827]}},{"type":"Feature","properties":{"id":"ke-otel-107","kind":"poi","name":"Ameron Hotel Abion Spreebogen Berlin","theme":"otel","lab":1},"geometry":{"type":"Point","coordinates":[13.34609,52.52314]}},{"type":"Feature","properties":{"id":"ke-otel-108","kind":"poi","name":"Hotel Casa Camper Berlin","theme":"otel","lab":1},"geometry":{"type":"Point","coordinates":[13.40406,52.52579]}},{"type":"Feature","properties":{"id":"ke-otel-109","kind":"poi","name":"Hotel Pullman Berlin Schweizerhof","theme":"otel","lab":1},"geometry":{"type":"Point","coordinates":[13.3441,52.50594]}},{"type":"Feature","properties":{"id":"ke-otel-110","kind":"poi","name":"Hotel \"Alte Feuerwache\"","theme":"otel","lab":1},"geometry":{"type":"Point","coordinates":[13.4942,52.54591]}},{"type":"Feature","properties":{"id":"ke-otel-111","kind":"poi","name":"THE GATE GARDEN HOTEL","theme":"otel","lab":1},"geometry":{"type":"Point","coordinates":[13.38616,52.53115]}},{"type":"Feature","properties":{"id":"ke-otel-112","kind":"poi","name":"Hotel Nova","theme":"otel","lab":1},"geometry":{"type":"Point","coordinates":[13.49806,52.50935]}},{"type":"Feature","properties":{"id":"ke-otel-113","kind":"poi","name":"Arcotel John F Berlin","theme":"otel","lab":1},"geometry":{"type":"Point","coordinates":[13.39771,52.51518]}},{"type":"Feature","properties":{"id":"ke-otel-114","kind":"poi","name":"Aspria Spa + Sporting Club + Hotel","theme":"otel","lab":1},"geometry":{"type":"Point","coordinates":[13.29431,52.50056]}},{"type":"Feature","properties":{"id":"ke-otel-115","kind":"poi","name":"Hyperion Hotel Berlin","theme":"otel","lab":1},"geometry":{"type":"Point","coordinates":[13.33335,52.49395]}},{"type":"Feature","properties":{"id":"ke-otel-116","kind":"poi","name":"Michelberger Hotel","theme":"otel","lab":1},"geometry":{"type":"Point","coordinates":[13.44796,52.50462]}},{"type":"Feature","properties":{"id":"ke-otel-117","kind":"poi","name":"The Mandala Hotel","theme":"otel","lab":1},"geometry":{"type":"Point","coordinates":[13.37387,52.50894]}},{"type":"Feature","properties":{"id":"ke-otel-118","kind":"poi","name":"Hotel Landhaus Alpinia","theme":"otel","lab":1},"geometry":{"type":"Point","coordinates":[13.39197,52.4211]}},{"type":"Feature","properties":{"id":"ke-otel-119","kind":"poi","name":"Check In Hotel","theme":"otel","lab":1},"geometry":{"type":"Point","coordinates":[13.51128,52.45588]}},{"type":"Feature","properties":{"id":"ke-otel-120","kind":"poi","name":"Louisas Place","theme":"otel","lab":1},"geometry":{"type":"Point","coordinates":[13.30512,52.49936]}},{"type":"Feature","properties":{"id":"ke-otel-121","kind":"poi","name":"Hotel artim","theme":"otel","lab":1},"geometry":{"type":"Point","coordinates":[13.34485,52.49906]}},{"type":"Feature","properties":{"id":"ke-otel-122","kind":"poi","name":"Provocateur","theme":"otel","lab":1},"geometry":{"type":"Point","coordinates":[13.30877,52.49574]}},{"type":"Feature","properties":{"id":"ke-otel-123","kind":"poi","name":"Alecsa Hotel am Olympiastadion","theme":"otel","lab":1},"geometry":{"type":"Point","coordinates":[13.22076,52.51098]}},{"type":"Feature","properties":{"id":"ke-otel-124","kind":"poi","name":"Hotel Flora","theme":"otel","lab":1},"geometry":{"type":"Point","coordinates":[13.74747,52.52196]}},{"type":"Feature","properties":{"id":"ke-otel-125","kind":"poi","name":"Hotel Zoo","theme":"otel","lab":1},"geometry":{"type":"Point","coordinates":[13.32901,52.50356]}},{"type":"Feature","properties":{"id":"ke-otel-126","kind":"poi","name":"Cortina","theme":"otel","lab":1},"geometry":{"type":"Point","coordinates":[13.319,52.50583]}},{"type":"Feature","properties":{"id":"ke-otel-127","kind":"poi","name":"NH Berlin Potsdamer Platz","theme":"otel","lab":1},"geometry":{"type":"Point","coordinates":[13.38562,52.50159]}},{"type":"Feature","properties":{"id":"ke-otel-128","kind":"poi","name":"Die Botschaft","theme":"otel","lab":1},"geometry":{"type":"Point","coordinates":[13.52578,52.48407]}},{"type":"Feature","properties":{"id":"ke-otel-129","kind":"poi","name":"Linnen","theme":"otel","lab":1},"geometry":{"type":"Point","coordinates":[13.40901,52.54151]}},{"type":"Feature","properties":{"id":"ke-yurt-0","kind":"poi","name":"Meininger Berlin Hauptbahnhof","theme":"yurt","lab":1},"geometry":{"type":"Point","coordinates":[13.36773,52.52424]}},{"type":"Feature","properties":{"id":"ke-yurt-1","kind":"poi","name":"Grand Hostel Berlin Urban","theme":"yurt","lab":1},"geometry":{"type":"Point","coordinates":[13.42576,52.48746]}},{"type":"Feature","properties":{"id":"ke-yurt-2","kind":"poi","name":"Industriepalast Hostel","theme":"yurt","lab":1},"geometry":{"type":"Point","coordinates":[13.44747,52.50403]}},{"type":"Feature","properties":{"id":"ke-yurt-3","kind":"poi","name":"Happy go Lucky","theme":"yurt","lab":1},"geometry":{"type":"Point","coordinates":[13.30088,52.50516]}},{"type":"Feature","properties":{"id":"ke-yurt-4","kind":"poi","name":"Generator Berlin Mitte","theme":"yurt","lab":1},"geometry":{"type":"Point","coordinates":[13.3914,52.52513]}},{"type":"Feature","properties":{"id":"ke-yurt-5","kind":"poi","name":"Generator Berlin Prenzlauer Berg","theme":"yurt","lab":1},"geometry":{"type":"Point","coordinates":[13.45559,52.5297]}},{"type":"Feature","properties":{"id":"ke-yurt-6","kind":"poi","name":"Meininger Hotel Berlin East Side Gallery","theme":"yurt","lab":1},"geometry":{"type":"Point","coordinates":[13.43626,52.50831]}},{"type":"Feature","properties":{"id":"ke-yurt-7","kind":"poi","name":"Projekt-& Begegnungsstätte (PBS)","theme":"yurt","lab":1},"geometry":{"type":"Point","coordinates":[13.64082,52.38574]}},{"type":"Feature","properties":{"id":"ke-yurt-8","kind":"poi","name":"SunFlower Hostel","theme":"yurt","lab":1},"geometry":{"type":"Point","coordinates":[13.4463,52.50961]}},{"type":"Feature","properties":{"id":"ke-yurt-9","kind":"poi","name":"Eastener Hostel","theme":"yurt","lab":1},"geometry":{"type":"Point","coordinates":[13.38862,52.52811]}},{"type":"Feature","properties":{"id":"ke-yurt-10","kind":"poi","name":"Heart of Gold Hostel Berlin","theme":"yurt","lab":1},"geometry":{"type":"Point","coordinates":[13.39176,52.52445]}},{"type":"Feature","properties":{"id":"ke-yurt-11","kind":"poi","name":"Pegasus Hostel Berlin","theme":"yurt","lab":1},"geometry":{"type":"Point","coordinates":[13.44004,52.51594]}},{"type":"Feature","properties":{"id":"ke-yurt-12","kind":"poi","name":"Corner Hostel","theme":"yurt","lab":1},"geometry":{"type":"Point","coordinates":[13.40596,52.55356]}},{"type":"Feature","properties":{"id":"ke-yurt-13","kind":"poi","name":"Comebackpackers","theme":"yurt","lab":1},"geometry":{"type":"Point","coordinates":[13.41785,52.49997]}},{"type":"Feature","properties":{"id":"ke-yurt-14","kind":"poi","name":"Amstel House Berlin","theme":"yurt","lab":1},"geometry":{"type":"Point","coordinates":[13.33673,52.52837]}},{"type":"Feature","properties":{"id":"ke-yurt-15","kind":"poi","name":"Sandino Hostel Berlin","theme":"yurt","lab":1},"geometry":{"type":"Point","coordinates":[13.48234,52.53786]}},{"type":"Feature","properties":{"id":"ke-yurt-16","kind":"poi","name":"Metropol Hostel","theme":"yurt","lab":1},"geometry":{"type":"Point","coordinates":[13.38788,52.49381]}},{"type":"Feature","properties":{"id":"ke-yurt-17","kind":"poi","name":"Lette 'm Sleep","theme":"yurt","lab":1},"geometry":{"type":"Point","coordinates":[13.41872,52.54362]}},{"type":"Feature","properties":{"id":"ke-yurt-18","kind":"poi","name":"Happy Hotel Berlin","theme":"yurt","lab":1},"geometry":{"type":"Point","coordinates":[13.34685,52.48934]}},{"type":"Feature","properties":{"id":"ke-yurt-19","kind":"poi","name":"BackpackerBerlin","theme":"yurt","lab":1},"geometry":{"type":"Point","coordinates":[13.4623,52.50878]}},{"type":"Feature","properties":{"id":"ke-yurt-20","kind":"poi","name":"Lekkerurlaub","theme":"yurt","lab":1},"geometry":{"type":"Point","coordinates":[13.41934,52.49477]}},{"type":"Feature","properties":{"id":"ke-yurt-21","kind":"poi","name":"Inn Berlin","theme":"yurt","lab":1},"geometry":{"type":"Point","coordinates":[13.38654,52.5596]}},{"type":"Feature","properties":{"id":"ke-yurt-22","kind":"poi","name":"Kiez Hostel Berlin","theme":"yurt","lab":1},"geometry":{"type":"Point","coordinates":[13.44742,52.50984]}},{"type":"Feature","properties":{"id":"ke-yurt-23","kind":"poi","name":"Space Night","theme":"yurt","lab":1},"geometry":{"type":"Point","coordinates":[13.39686,52.51044]}},{"type":"Feature","properties":{"id":"ke-yurt-24","kind":"poi","name":"Old Town Hostel","theme":"yurt","lab":1},"geometry":{"type":"Point","coordinates":[13.41614,52.54418]}},{"type":"Feature","properties":{"id":"ke-yurt-25","kind":"poi","name":"Hostel Pfefferbett","theme":"yurt","lab":1},"geometry":{"type":"Point","coordinates":[13.41078,52.53151]}},{"type":"Feature","properties":{"id":"ke-yurt-26","kind":"poi","name":"EastSeven Berlin Hostel","theme":"yurt","lab":1},"geometry":{"type":"Point","coordinates":[13.41072,52.53347]}},{"type":"Feature","properties":{"id":"ke-yurt-27","kind":"poi","name":"Hostel Ballhaus Berlin","theme":"yurt","lab":1},"geometry":{"type":"Point","coordinates":[13.38015,52.53207]}},{"type":"Feature","properties":{"id":"ke-yurt-28","kind":"poi","name":"Ottilie-von-Hansemann Haus","theme":"yurt","lab":1},"geometry":{"type":"Point","coordinates":[13.31791,52.51455]}},{"type":"Feature","properties":{"id":"ke-yurt-29","kind":"poi","name":"Minimal hostel","theme":"yurt","lab":1},"geometry":{"type":"Point","coordinates":[13.44684,52.49809]}},{"type":"Feature","properties":{"id":"ke-yurt-30","kind":"poi","name":"Turnerschaft Berlin","theme":"yurt","lab":1},"geometry":{"type":"Point","coordinates":[13.33698,52.46783]}},{"type":"Feature","properties":{"id":"ke-yurt-31","kind":"poi","name":"DJH Berlin International","theme":"yurt","lab":1},"geometry":{"type":"Point","coordinates":[13.36315,52.5049]}},{"type":"Feature","properties":{"id":"ke-yurt-32","kind":"poi","name":"Meininger Hotel Berlin Tempelhofer Ufer","theme":"yurt","lab":1},"geometry":{"type":"Point","coordinates":[13.38614,52.49807]}},{"type":"Feature","properties":{"id":"ke-yurt-33","kind":"poi","name":"Three Little Pigs","theme":"yurt","lab":1},"geometry":{"type":"Point","coordinates":[13.38602,52.50326]}},{"type":"Feature","properties":{"id":"ke-yurt-34","kind":"poi","name":"acama","theme":"yurt","lab":1},"geometry":{"type":"Point","coordinates":[13.38647,52.49803]}},{"type":"Feature","properties":{"id":"ke-yurt-35","kind":"poi","name":"Hundeschule & -Pension","theme":"yurt","lab":1},"geometry":{"type":"Point","coordinates":[13.09455,52.33383]}},{"type":"Feature","properties":{"id":"ke-yurt-36","kind":"poi","name":"St Christopher's Inn Berlin - Alexanderplatz","theme":"yurt","lab":1},"geometry":{"type":"Point","coordinates":[13.41065,52.52685]}},{"type":"Feature","properties":{"id":"ke-yurt-37","kind":"poi","name":"City 54 Hotel und Hostel","theme":"yurt","lab":1},"geometry":{"type":"Point","coordinates":[13.37682,52.53583]}},{"type":"Feature","properties":{"id":"ke-yurt-38","kind":"poi","name":"Regenbogenfabrik Hostel","theme":"yurt","lab":1},"geometry":{"type":"Point","coordinates":[13.42621,52.49621]}},{"type":"Feature","properties":{"id":"ke-yurt-39","kind":"poi","name":"Seminar- und Gästehaus Flussbad Gartenstraße","theme":"yurt","lab":1},"geometry":{"type":"Point","coordinates":[13.57603,52.44096]}},{"type":"Feature","properties":{"id":"ke-yurt-40","kind":"poi","name":"The Berlincity","theme":"yurt","lab":1},"geometry":{"type":"Point","coordinates":[13.36208,52.48826]}},{"type":"Feature","properties":{"id":"ke-yurt-41","kind":"poi","name":"martas","theme":"yurt","lab":1},"geometry":{"type":"Point","coordinates":[13.3621,52.52694]}},{"type":"Feature","properties":{"id":"ke-yurt-42","kind":"poi","name":"CVJM Hostel - Jugend Gästehaus Kaulsdorf","theme":"yurt","lab":1},"geometry":{"type":"Point","coordinates":[13.58698,52.51125]}},{"type":"Feature","properties":{"id":"ke-yurt-43","kind":"poi","name":"Jugendherberge Berlin Ernst Reuter","theme":"yurt","lab":1},"geometry":{"type":"Point","coordinates":[13.29179,52.60525]}},{"type":"Feature","properties":{"id":"ke-yurt-44","kind":"poi","name":"Eastpax Hostel","theme":"yurt","lab":1},"geometry":{"type":"Point","coordinates":[13.49968,52.54227]}},{"type":"Feature","properties":{"id":"ke-yurt-45","kind":"poi","name":"A&O Hotel and Hostel Berlin Mitte","theme":"yurt","lab":1},"geometry":{"type":"Point","coordinates":[13.42407,52.50878]}},{"type":"Feature","properties":{"id":"ke-yurt-46","kind":"poi","name":"Prens Apartments","theme":"yurt","lab":1},"geometry":{"type":"Point","coordinates":[13.37617,52.56058]}},{"type":"Feature","properties":{"id":"ke-yurt-47","kind":"poi","name":"Bornitz 101","theme":"yurt","lab":1},"geometry":{"type":"Point","coordinates":[13.49569,52.52122]}},{"type":"Feature","properties":{"id":"ke-yurt-48","kind":"poi","name":"Pension Mädchenkammer","theme":"yurt","lab":1},"geometry":{"type":"Point","coordinates":[13.40741,52.53056]}},{"type":"Feature","properties":{"id":"ke-yurt-49","kind":"poi","name":"St. Christopher's Inn","theme":"yurt","lab":1},"geometry":{"type":"Point","coordinates":[13.39095,52.52361]}},{"type":"Feature","properties":{"id":"ke-yurt-50","kind":"poi","name":"Jugendgästehaus Köpenicker Kanusportclub","theme":"yurt","lab":1},"geometry":{"type":"Point","coordinates":[13.54055,52.4572]}},{"type":"Feature","properties":{"id":"ke-yurt-51","kind":"poi","name":"Jugendgästehaus Lichterfelde","theme":"yurt","lab":1},"geometry":{"type":"Point","coordinates":[13.31472,52.41778]}},{"type":"Feature","properties":{"id":"ke-yurt-52","kind":"poi","name":"Jugendherberge Berlin-Ostkreuz","theme":"yurt","lab":1},"geometry":{"type":"Point","coordinates":[13.47122,52.50407]}},{"type":"Feature","properties":{"id":"ke-yurt-53","kind":"poi","name":"Haus 2","theme":"yurt","lab":1},"geometry":{"type":"Point","coordinates":[13.2448,52.57122]}},{"type":"Feature","properties":{"id":"ke-yurt-54","kind":"poi","name":"Umweltzentrum Fuchsbau","theme":"yurt","lab":1},"geometry":{"type":"Point","coordinates":[13.54441,52.46597]}},{"type":"Feature","properties":{"id":"ke-yurt-55","kind":"poi","name":"Kinder- und Jugenderholungsstätte Teufelssee","theme":"yurt","lab":1},"geometry":{"type":"Point","coordinates":[13.23817,52.49228]}},{"type":"Feature","properties":{"id":"ke-yurt-56","kind":"poi","name":"DJH Berlin-Wannsee","theme":"yurt","lab":1},"geometry":{"type":"Point","coordinates":[13.1852,52.43261]}},{"type":"Feature","properties":{"id":"ke-yurt-57","kind":"poi","name":"Wohnheim Augustenburger Platz","theme":"yurt","lab":1},"geometry":{"type":"Point","coordinates":[13.35092,52.54234]}},{"type":"Feature","properties":{"id":"ke-yurt-58","kind":"poi","name":"Singer109","theme":"yurt","lab":1},"geometry":{"type":"Point","coordinates":[13.42536,52.51674]}},{"type":"Feature","properties":{"id":"ke-yurt-59","kind":"poi","name":"Wohnheim Halbauer Weg","theme":"yurt","lab":1},"geometry":{"type":"Point","coordinates":[13.363,52.43341]}},{"type":"Feature","properties":{"id":"ke-yurt-60","kind":"poi","name":"Jugendbildungsstätte Kaubstraße","theme":"yurt","lab":1},"geometry":{"type":"Point","coordinates":[13.31076,52.48793]}},{"type":"Feature","properties":{"id":"ke-yurt-61","kind":"poi","name":"Wohnheim Coppistraße","theme":"yurt","lab":1},"geometry":{"type":"Point","coordinates":[13.48183,52.50767]}},{"type":"Feature","properties":{"id":"ke-yurt-62","kind":"poi","name":"Haus 1","theme":"yurt","lab":1},"geometry":{"type":"Point","coordinates":[13.24473,52.57079]}},{"type":"Feature","properties":{"id":"ke-yurt-63","kind":"poi","name":"Haus 5","theme":"yurt","lab":1},"geometry":{"type":"Point","coordinates":[13.24637,52.57122]}},{"type":"Feature","properties":{"id":"ke-yurt-64","kind":"poi","name":"Haus 12","theme":"yurt","lab":1},"geometry":{"type":"Point","coordinates":[13.5689,52.5139]}},{"type":"Feature","properties":{"id":"ke-yurt-65","kind":"poi","name":"Übergangshaus Steglitz","theme":"yurt","lab":1},"geometry":{"type":"Point","coordinates":[13.33236,52.45771]}},{"type":"Feature","properties":{"id":"ke-yurt-66","kind":"poi","name":"Haus Leo","theme":"yurt","lab":1},"geometry":{"type":"Point","coordinates":[13.36385,52.52695]}},{"type":"Feature","properties":{"id":"ke-yurt-67","kind":"poi","name":"Wohnheim Brentanostraße","theme":"yurt","lab":1},"geometry":{"type":"Point","coordinates":[13.30773,52.46215]}},{"type":"Feature","properties":{"id":"ke-yurt-68","kind":"poi","name":"Almansi Hostel","theme":"yurt","lab":1},"geometry":{"type":"Point","coordinates":[13.45836,52.52079]}},{"type":"Feature","properties":{"id":"ke-yurt-69","kind":"poi","name":"Abenteuerzentrum im Grunewald","theme":"yurt","lab":1},"geometry":{"type":"Point","coordinates":[13.27078,52.47303]}},{"type":"Feature","properties":{"id":"ke-kamu-0","kind":"poi","name":"Bundesanstalt für Immobilienaufgaben","theme":"kamu","lab":1},"geometry":{"type":"Point","coordinates":[13.32987,52.50927]}},{"type":"Feature","properties":{"id":"ke-kamu-1","kind":"poi","name":"Botschaft der Russischen Föderation","theme":"kamu","lab":1},"geometry":{"type":"Point","coordinates":[13.38324,52.51607]}},{"type":"Feature","properties":{"id":"ke-kamu-2","kind":"poi","name":"Konsularabteilung der Botschaft der Russischen Föderation","theme":"kamu","lab":1},"geometry":{"type":"Point","coordinates":[13.38415,52.51547]}},{"type":"Feature","properties":{"id":"ke-kamu-3","kind":"poi","name":"Parlamentsarchiv des Deutschen Bundestages","theme":"kamu","lab":1},"geometry":{"type":"Point","coordinates":[13.37846,52.52012]}},{"type":"Feature","properties":{"id":"ke-kamu-4","kind":"poi","name":"Amtsgericht Mitte","theme":"kamu","lab":1},"geometry":{"type":"Point","coordinates":[13.41358,52.51868]}},{"type":"Feature","properties":{"id":"ke-kamu-5","kind":"poi","name":"Landgericht Berlin II","theme":"kamu","lab":1},"geometry":{"type":"Point","coordinates":[13.41345,52.51881]}},{"type":"Feature","properties":{"id":"ke-kamu-6","kind":"poi","name":"Jugendberufsagentur Berlin","theme":"kamu","lab":1},"geometry":{"type":"Point","coordinates":[13.41667,52.52409]}},{"type":"Feature","properties":{"id":"ke-kamu-7","kind":"poi","name":"Berliner Beauftragte für Datenschutz und Informationsfreiheit","theme":"kamu","lab":1},"geometry":{"type":"Point","coordinates":[13.32777,52.5241]}},{"type":"Feature","properties":{"id":"ke-kamu-8","kind":"poi","name":"Finanzamt Friedrichshain-Kreuzberg","theme":"kamu","lab":1},"geometry":{"type":"Point","coordinates":[13.38853,52.49476]}},{"type":"Feature","properties":{"id":"ke-kamu-9","kind":"poi","name":"Finanzamt Wedding","theme":"kamu","lab":1},"geometry":{"type":"Point","coordinates":[13.37411,52.55707]}},{"type":"Feature","properties":{"id":"ke-kamu-10","kind":"poi","name":"Finanzamt Berlin-Steglitz","theme":"kamu","lab":1},"geometry":{"type":"Point","coordinates":[13.31277,52.45322]}},{"type":"Feature","properties":{"id":"ke-kamu-11","kind":"poi","name":"Finanzamt Schöneberg","theme":"kamu","lab":1},"geometry":{"type":"Point","coordinates":[13.36167,52.49821]}},{"type":"Feature","properties":{"id":"ke-kamu-12","kind":"poi","name":"THW Landesverband Berlin, Brandenburg, Sachsen-Anhalt","theme":"kamu","lab":1},"geometry":{"type":"Point","coordinates":[13.27928,52.51646]}},{"type":"Feature","properties":{"id":"ke-kamu-13","kind":"poi","name":"Deutsche Gesellschaft für Internationale Zusammenarbeit","theme":"kamu","lab":1},"geometry":{"type":"Point","coordinates":[13.37136,52.50569]}},{"type":"Feature","properties":{"id":"ke-kamu-14","kind":"poi","name":"Volkshaus Wildau (Rathaus)","theme":"kamu","lab":1},"geometry":{"type":"Point","coordinates":[13.63514,52.32143]}},{"type":"Feature","properties":{"id":"ke-kamu-15","kind":"poi","name":"Bundesanstalt für Materialforschung und -prüfung (BAM)","theme":"kamu","lab":1},"geometry":{"type":"Point","coordinates":[13.28615,52.44146]}},{"type":"Feature","properties":{"id":"ke-kamu-16","kind":"poi","name":"Bundesamt für Strahlenschutz","theme":"kamu","lab":1},"geometry":{"type":"Point","coordinates":[13.53768,52.48318]}},{"type":"Feature","properties":{"id":"ke-kamu-17","kind":"poi","name":"Bundesamt für Verbraucherschutz und Lebensmittelsicherheit Berlin-Mitte","theme":"kamu","lab":1},"geometry":{"type":"Point","coordinates":[13.38428,52.51406]}},{"type":"Feature","properties":{"id":"ke-kamu-18","kind":"poi","name":"Bundesanstalt für Materialforschung und -prüfung – Zweiggelände Fabeckstraße","theme":"kamu","lab":1},"geometry":{"type":"Point","coordinates":[13.30018,52.44909]}},{"type":"Feature","properties":{"id":"ke-kamu-19","kind":"poi","name":"Lok-Zirkus und Hallen 47-54","theme":"kamu","lab":1},"geometry":{"type":"Point","coordinates":[13.116,52.38014]}},{"type":"Feature","properties":{"id":"ke-kamu-20","kind":"poi","name":"Rathaus Zehlendorf","theme":"kamu","lab":1},"geometry":{"type":"Point","coordinates":[13.25788,52.43297]}},{"type":"Feature","properties":{"id":"ke-kamu-21","kind":"poi","name":"Bundesministerium für Familie, Senioren, Frauen und Jugend","theme":"kamu","lab":1},"geometry":{"type":"Point","coordinates":[13.36363,52.50528]}},{"type":"Feature","properties":{"id":"ke-kamu-22","kind":"poi","name":"Botschaft der Tschechischen Republik","theme":"kamu","lab":1},"geometry":{"type":"Point","coordinates":[13.38432,52.51144]}},{"type":"Feature","properties":{"id":"ke-kamu-23","kind":"poi","name":"Botschaft von Australien","theme":"kamu","lab":1},"geometry":{"type":"Point","coordinates":[13.40936,52.51227]}},{"type":"Feature","properties":{"id":"ke-kamu-24","kind":"poi","name":"Vertretung des Freistaates Sachsen beim Bund","theme":"kamu","lab":1},"geometry":{"type":"Point","coordinates":[13.40253,52.51411]}},{"type":"Feature","properties":{"id":"ke-kamu-25","kind":"poi","name":"Brasilianische Botschaft","theme":"kamu","lab":1},"geometry":{"type":"Point","coordinates":[13.41363,52.51362]}},{"type":"Feature","properties":{"id":"ke-kamu-26","kind":"poi","name":"Botschaft der Volksrepublik China","theme":"kamu","lab":1},"geometry":{"type":"Point","coordinates":[13.4168,52.51361]}},{"type":"Feature","properties":{"id":"ke-kamu-27","kind":"poi","name":"Königlich Thailändische Botschaft","theme":"kamu","lab":1},"geometry":{"type":"Point","coordinates":[13.31683,52.46053]}},{"type":"Feature","properties":{"id":"ke-kamu-28","kind":"poi","name":"Botschaft von Ungarn","theme":"kamu","lab":1},"geometry":{"type":"Point","coordinates":[13.38107,52.51683]}},{"type":"Feature","properties":{"id":"ke-kamu-29","kind":"poi","name":"Botschaft der Republik Chile","theme":"kamu","lab":1},"geometry":{"type":"Point","coordinates":[13.39424,52.51253]}},{"type":"Feature","properties":{"id":"ke-kamu-30","kind":"poi","name":"Botschaft des Fürstentums Liechtenstein","theme":"kamu","lab":1},"geometry":{"type":"Point","coordinates":[13.39448,52.51262]}},{"type":"Feature","properties":{"id":"ke-kamu-31","kind":"poi","name":"Botschaft von Neuseeland","theme":"kamu","lab":1},"geometry":{"type":"Point","coordinates":[13.39035,52.51063]}},{"type":"Feature","properties":{"id":"ke-kamu-32","kind":"poi","name":"Botschaft des Königreichs der Niederlande","theme":"kamu","lab":1},"geometry":{"type":"Point","coordinates":[13.41196,52.5153]}},{"type":"Feature","properties":{"id":"ke-kamu-33","kind":"poi","name":"Bundesanstalt für den Digitalfunk der Behörden und Organisationen mit Sicherheitsaufgaben","theme":"kamu","lab":1},"geometry":{"type":"Point","coordinates":[13.31498,52.48954]}},{"type":"Feature","properties":{"id":"ke-kamu-34","kind":"poi","name":"Botschaft von Rumänien","theme":"kamu","lab":1},"geometry":{"type":"Point","coordinates":[13.38645,52.51878]}},{"type":"Feature","properties":{"id":"ke-kamu-35","kind":"poi","name":"Kanadische Botschaft","theme":"kamu","lab":1},"geometry":{"type":"Point","coordinates":[13.37749,52.51032]}},{"type":"Feature","properties":{"id":"ke-kamu-36","kind":"poi","name":"Senatsverwaltung für Inneres und Sport","theme":"kamu","lab":1},"geometry":{"type":"Point","coordinates":[13.4116,52.5168]}},{"type":"Feature","properties":{"id":"ke-kamu-37","kind":"poi","name":"Landesvertretung Bayern","theme":"kamu","lab":1},"geometry":{"type":"Point","coordinates":[13.38762,52.51525]}},{"type":"Feature","properties":{"id":"ke-kamu-38","kind":"poi","name":"Vertretung des Landes Niedersachsen beim Bund","theme":"kamu","lab":1},"geometry":{"type":"Point","coordinates":[13.37771,52.51252]}},{"type":"Feature","properties":{"id":"ke-kamu-39","kind":"poi","name":"Botschaft von Brunei Darussalam","theme":"kamu","lab":1},"geometry":{"type":"Point","coordinates":[13.39072,52.51153]}},{"type":"Feature","properties":{"id":"ke-kamu-40","kind":"poi","name":"Botschaft der Republik Simbabwe","theme":"kamu","lab":1},"geometry":{"type":"Point","coordinates":[13.34988,52.59238]}},{"type":"Feature","properties":{"id":"ke-kamu-41","kind":"poi","name":"Botschaft der Republik Sambia","theme":"kamu","lab":1},"geometry":{"type":"Point","coordinates":[13.40129,52.51013]}},{"type":"Feature","properties":{"id":"ke-kamu-42","kind":"poi","name":"Botschaft der Republik Aserbaidschan","theme":"kamu","lab":1},"geometry":{"type":"Point","coordinates":[13.28411,52.48753]}},{"type":"Feature","properties":{"id":"ke-kamu-43","kind":"poi","name":"Botschaft der Republik Jemen","theme":"kamu","lab":1},"geometry":{"type":"Point","coordinates":[13.31153,52.45868]}},{"type":"Feature","properties":{"id":"ke-kamu-44","kind":"poi","name":"Deutsches Institut für Bautechnik","theme":"kamu","lab":1},"geometry":{"type":"Point","coordinates":[13.36945,52.48485]}},{"type":"Feature","properties":{"id":"ke-kamu-45","kind":"poi","name":"Botschaft des Staates Katar","theme":"kamu","lab":1},"geometry":{"type":"Point","coordinates":[13.28022,52.47781]}},{"type":"Feature","properties":{"id":"ke-kamu-46","kind":"poi","name":"Botschaft der Republik Namibia","theme":"kamu","lab":1},"geometry":{"type":"Point","coordinates":[13.26473,52.51439]}},{"type":"Feature","properties":{"id":"ke-kamu-47","kind":"poi","name":"Botschaft der Republik Östlich des Uruguay","theme":"kamu","lab":1},"geometry":{"type":"Point","coordinates":[13.34067,52.50499]}},{"type":"Feature","properties":{"id":"ke-kamu-48","kind":"poi","name":"Botschaft der Republik Armenien","theme":"kamu","lab":1},"geometry":{"type":"Point","coordinates":[13.27582,52.51706]}},{"type":"Feature","properties":{"id":"ke-kamu-49","kind":"poi","name":"Botschaft der Tunesischen Republik","theme":"kamu","lab":1},"geometry":{"type":"Point","coordinates":[13.27307,52.5142]}},{"type":"Feature","properties":{"id":"ke-kamu-50","kind":"poi","name":"Botschaft von Tansania","theme":"kamu","lab":1},"geometry":{"type":"Point","coordinates":[13.26811,52.51728]}},{"type":"Feature","properties":{"id":"ke-kamu-51","kind":"poi","name":"Bundeshaus","theme":"kamu","lab":1},"geometry":{"type":"Point","coordinates":[13.33116,52.49809]}},{"type":"Feature","properties":{"id":"ke-kamu-52","kind":"poi","name":"Wasserstraßen-Neubauamt Berlin","theme":"kamu","lab":1},"geometry":{"type":"Point","coordinates":[13.38718,52.48566]}},{"type":"Feature","properties":{"id":"ke-kamu-53","kind":"poi","name":"Hauptzollamt Berlin","theme":"kamu","lab":1},"geometry":{"type":"Point","coordinates":[13.38935,52.48565]}},{"type":"Feature","properties":{"id":"ke-kamu-54","kind":"poi","name":"Wasserstraßen- und Schifffahrtsamt Spree-Havel","theme":"kamu","lab":1},"geometry":{"type":"Point","coordinates":[13.38645,52.48534]}},{"type":"Feature","properties":{"id":"ke-kamu-55","kind":"poi","name":"Botschaft der Republik El Salvador","theme":"kamu","lab":1},"geometry":{"type":"Point","coordinates":[13.38004,52.52871]}},{"type":"Feature","properties":{"id":"ke-kamu-56","kind":"poi","name":"Botschaft der Republik Panama","theme":"kamu","lab":1},"geometry":{"type":"Point","coordinates":[13.34836,52.50524]}},{"type":"Feature","properties":{"id":"ke-kamu-57","kind":"poi","name":"Embajada de la República Argentina en Alemania","theme":"kamu","lab":1},"geometry":{"type":"Point","coordinates":[13.3544,52.50704]}},{"type":"Feature","properties":{"id":"ke-kamu-58","kind":"poi","name":"Botschaft der Republik Burundi","theme":"kamu","lab":1},"geometry":{"type":"Point","coordinates":[13.32175,52.48669]}},{"type":"Feature","properties":{"id":"ke-kamu-59","kind":"poi","name":"Botschaft der Dominikanischen Republik","theme":"kamu","lab":1},"geometry":{"type":"Point","coordinates":[13.30097,52.49244]}},{"type":"Feature","properties":{"id":"ke-kamu-60","kind":"poi","name":"Botschaft der Republik Ecuador","theme":"kamu","lab":1},"geometry":{"type":"Point","coordinates":[13.33085,52.5026]}},{"type":"Feature","properties":{"id":"ke-kamu-61","kind":"poi","name":"Senatsverwaltung für Bildung, Jugend und Familie","theme":"kamu","lab":1},"geometry":{"type":"Point","coordinates":[13.41623,52.52417]}},{"type":"Feature","properties":{"id":"ke-kamu-62","kind":"poi","name":"Botschaft der Republik Togo","theme":"kamu","lab":1},"geometry":{"type":"Point","coordinates":[13.39746,52.57538]}},{"type":"Feature","properties":{"id":"ke-kamu-63","kind":"poi","name":"Botschaft der Republik Mali","theme":"kamu","lab":1},"geometry":{"type":"Point","coordinates":[13.30597,52.50012]}},{"type":"Feature","properties":{"id":"ke-kamu-64","kind":"poi","name":"Botschaft des Plurinationalen Staates Bolivien","theme":"kamu","lab":1},"geometry":{"type":"Point","coordinates":[13.34817,52.50529]}},{"type":"Feature","properties":{"id":"ke-kamu-65","kind":"poi","name":"Botschaft von Honduras","theme":"kamu","lab":1},"geometry":{"type":"Point","coordinates":[13.33832,52.51785]}},{"type":"Feature","properties":{"id":"ke-kamu-66","kind":"poi","name":"Botschaft des Libanon","theme":"kamu","lab":1},"geometry":{"type":"Point","coordinates":[13.41198,52.56987]}},{"type":"Feature","properties":{"id":"ke-kamu-67","kind":"poi","name":"Botschaft der Republik Paraguay","theme":"kamu","lab":1},"geometry":{"type":"Point","coordinates":[13.3269,52.50838]}},{"type":"Feature","properties":{"id":"ke-kamu-68","kind":"poi","name":"Berliner Landeszentrale für politische Bildung","theme":"kamu","lab":1},"geometry":{"type":"Point","coordinates":[13.33026,52.50677]}},{"type":"Feature","properties":{"id":"ke-kamu-69","kind":"poi","name":"Sozialgericht Potsdam","theme":"kamu","lab":1},"geometry":{"type":"Point","coordinates":[13.07584,52.40956]}},{"type":"Feature","properties":{"id":"ke-kamu-70","kind":"poi","name":"Bundesamt für Migration und Flüchtlinge","theme":"kamu","lab":1},"geometry":{"type":"Point","coordinates":[13.33053,52.48634]}},{"type":"Feature","properties":{"id":"ke-kamu-71","kind":"poi","name":"Landesamt für Flüchtlingsangelegenheiten (LAF)","theme":"kamu","lab":1},"geometry":{"type":"Point","coordinates":[13.31475,52.52256]}},{"type":"Feature","properties":{"id":"ke-kamu-72","kind":"poi","name":"TIZ Berlin - das Technische Informationszentrum des DPMA","theme":"kamu","lab":1},"geometry":{"type":"Point","coordinates":[13.39766,52.49847]}},{"type":"Feature","properties":{"id":"ke-kamu-73","kind":"poi","name":"Botschaft von Nepal","theme":"kamu","lab":1},"geometry":{"type":"Point","coordinates":[13.32049,52.5171]}},{"type":"Feature","properties":{"id":"ke-kamu-74","kind":"poi","name":"Botschaft der Republik Mauritius","theme":"kamu","lab":1},"geometry":{"type":"Point","coordinates":[13.34381,52.50476]}},{"type":"Feature","properties":{"id":"ke-kamu-75","kind":"poi","name":"Rechnungshof von Berlin","theme":"kamu","lab":1},"geometry":{"type":"Point","coordinates":[13.34754,52.52362]}},{"type":"Feature","properties":{"id":"ke-kamu-76","kind":"poi","name":"Bundesakademie für Sicherheitspolitik","theme":"kamu","lab":1},"geometry":{"type":"Point","coordinates":[13.40575,52.57652]}},{"type":"Feature","properties":{"id":"ke-kamu-77","kind":"poi","name":"Amt für Statistik Berlin-Brandenburg","theme":"kamu","lab":1},"geometry":{"type":"Point","coordinates":[13.14413,52.38369]}},{"type":"Feature","properties":{"id":"ke-kamu-78","kind":"poi","name":"Rathaus Neuenhagen","theme":"kamu","lab":1},"geometry":{"type":"Point","coordinates":[13.68866,52.52676]}},{"type":"Feature","properties":{"id":"ke-kamu-79","kind":"poi","name":"Landgericht Potsdam","theme":"kamu","lab":1},"geometry":{"type":"Point","coordinates":[13.05414,52.40541]}},{"type":"Feature","properties":{"id":"ke-kamu-80","kind":"poi","name":"Die Beauftragte des Landes Brandenburg zur Aufarbeitung der Folgen der kommunistischen Diktatur","theme":"kamu","lab":1},"geometry":{"type":"Point","coordinates":[13.05705,52.40371]}},{"type":"Feature","properties":{"id":"ke-kamu-81","kind":"poi","name":"Botschaft des Fürstentums Monaco","theme":"kamu","lab":1},"geometry":{"type":"Point","coordinates":[13.35146,52.50687]}},{"type":"Feature","properties":{"id":"ke-kamu-82","kind":"poi","name":"Botschaft der Volksrepublik Bangladesch","theme":"kamu","lab":1},"geometry":{"type":"Point","coordinates":[13.32206,52.52541]}},{"type":"Feature","properties":{"id":"ke-kamu-83","kind":"poi","name":"Botschaft der Republik Botsuana","theme":"kamu","lab":1},"geometry":{"type":"Point","coordinates":[13.3758,52.5117]}},{"type":"Feature","properties":{"id":"ke-kamu-84","kind":"poi","name":"Botschaft der Republik Zypern","theme":"kamu","lab":1},"geometry":{"type":"Point","coordinates":[13.31349,52.50036]}},{"type":"Feature","properties":{"id":"ke-kamu-85","kind":"poi","name":"Botschaft der Islamischen Republik Mauretanien","theme":"kamu","lab":1},"geometry":{"type":"Point","coordinates":[13.30445,52.45903]}},{"type":"Feature","properties":{"id":"ke-kamu-86","kind":"poi","name":"Ministerium für Land- und Ernährungswirtschaft, Umwelt und Verbraucherschutz","theme":"kamu","lab":1},"geometry":{"type":"Point","coordinates":[13.05342,52.39396]}},{"type":"Feature","properties":{"id":"ke-kamu-87","kind":"poi","name":"Ministerium für Gesundheit und Soziales des Landes Brandenburg","theme":"kamu","lab":1},"geometry":{"type":"Point","coordinates":[13.05259,52.39407]}},{"type":"Feature","properties":{"id":"ke-kamu-88","kind":"poi","name":"Botschaft der Republik Albanien","theme":"kamu","lab":1},"geometry":{"type":"Point","coordinates":[13.39078,52.50296]}},{"type":"Feature","properties":{"id":"ke-kamu-89","kind":"poi","name":"Berufsgenossenschaft der Bauwirtschaft","theme":"kamu","lab":1},"geometry":{"type":"Point","coordinates":[13.32788,52.48156]}},{"type":"Feature","properties":{"id":"ke-kamu-90","kind":"poi","name":"Bundesnachrichtendienst","theme":"kamu","lab":1},"geometry":{"type":"Point","coordinates":[13.37716,52.53402]}},{"type":"Feature","properties":{"id":"ke-kamu-91","kind":"poi","name":"Bundesservice Telekommunikation","theme":"kamu","lab":1},"geometry":{"type":"Point","coordinates":[13.45526,52.48497]}},{"type":"Feature","properties":{"id":"ke-kamu-92","kind":"poi","name":"Ministerium für Bildung, Jugend und Sport","theme":"kamu","lab":1},"geometry":{"type":"Point","coordinates":[13.14165,52.3843]}},{"type":"Feature","properties":{"id":"ke-kamu-93","kind":"poi","name":"Ministerium der Finanzen und für Europa","theme":"kamu","lab":1},"geometry":{"type":"Point","coordinates":[13.14211,52.38429]}},{"type":"Feature","properties":{"id":"ke-kamu-94","kind":"poi","name":"Senatsverwaltung für Justiz und Verbraucherschutz","theme":"kamu","lab":1},"geometry":{"type":"Point","coordinates":[13.34285,52.48587]}},{"type":"Feature","properties":{"id":"ke-kamu-95","kind":"poi","name":"Rathaus","theme":"kamu","lab":1},"geometry":{"type":"Point","coordinates":[13.10171,52.56747]}},{"type":"Feature","properties":{"id":"ke-kamu-96","kind":"poi","name":"Senatsverwaltung für Wirtschaft, Energie und Betriebe","theme":"kamu","lab":1},"geometry":{"type":"Point","coordinates":[13.34532,52.48335]}},{"type":"Feature","properties":{"id":"ke-kamu-97","kind":"poi","name":"Amtsgericht Wedding","theme":"kamu","lab":1},"geometry":{"type":"Point","coordinates":[13.37554,52.55087]}},{"type":"Feature","properties":{"id":"ke-kamu-98","kind":"poi","name":"Familiengericht Pankow","theme":"kamu","lab":1},"geometry":{"type":"Point","coordinates":[13.41569,52.56623]}},{"type":"Feature","properties":{"id":"ke-kamu-99","kind":"poi","name":"Botschaft von Guatemala","theme":"kamu","lab":1},"geometry":{"type":"Point","coordinates":[13.28645,52.51055]}},{"type":"Feature","properties":{"id":"ke-kamu-100","kind":"poi","name":"Finanzamt Charlottenburg","theme":"kamu","lab":1},"geometry":{"type":"Point","coordinates":[13.30362,52.51171]}},{"type":"Feature","properties":{"id":"ke-kamu-101","kind":"poi","name":"Botschaft der Republik Irak","theme":"kamu","lab":1},"geometry":{"type":"Point","coordinates":[13.28815,52.466]}},{"type":"Feature","properties":{"id":"ke-kamu-102","kind":"poi","name":"Libysche Botschaft","theme":"kamu","lab":1},"geometry":{"type":"Point","coordinates":[13.29593,52.46562]}},{"type":"Feature","properties":{"id":"ke-kamu-103","kind":"poi","name":"Botschaft von Somalia","theme":"kamu","lab":1},"geometry":{"type":"Point","coordinates":[13.33354,52.47032]}},{"type":"Feature","properties":{"id":"ke-kamu-104","kind":"poi","name":"Ministerium der Justiz und für Digitalisierung","theme":"kamu","lab":1},"geometry":{"type":"Point","coordinates":[13.06793,52.38896]}},{"type":"Feature","properties":{"id":"ke-kamu-105","kind":"poi","name":"Landtag Brandenburg","theme":"kamu","lab":1},"geometry":{"type":"Point","coordinates":[13.06034,52.39453]}},{"type":"Feature","properties":{"id":"ke-kamu-106","kind":"poi","name":"Kammergericht","theme":"kamu","lab":1},"geometry":{"type":"Point","coordinates":[13.35752,52.49243]}},{"type":"Feature","properties":{"id":"ke-kamu-107","kind":"poi","name":"Generalstaatsanwaltschaft Berlin","theme":"kamu","lab":1},"geometry":{"type":"Point","coordinates":[13.35717,52.49206]}},{"type":"Feature","properties":{"id":"ke-kamu-108","kind":"poi","name":"Straßen- und Grünflächenamt Pankow","theme":"kamu","lab":1},"geometry":{"type":"Point","coordinates":[13.46731,52.56691]}},{"type":"Feature","properties":{"id":"ke-kamu-109","kind":"poi","name":"Senatsverwaltung für Wissenschaft, Gesundheit und Pflege","theme":"kamu","lab":1},"geometry":{"type":"Point","coordinates":[13.40035,52.50592]}}]}