{"type":"FeatureCollection","features":[{"type":"Feature","properties":{"id":"line-u1","kind":"line","lineRef":"metro","ref":"U1","color":"#7DAD4C"},"geometry":{"type":"MultiLineString","coordinates":[[[13.32696,52.50281],[13.33182,52.50388],[13.33465,52.50439],[13.33541,52.50439],[13.33647,52.50417],[13.34274,52.50162],[13.34466,52.50141],[13.35272,52.49965],[13.35364,52.49972],[13.35462,52.49994]],[[13.32703,52.50292],[13.32623,52.50275],[13.32627,52.50269],[13.32759,52.50303]],[[13.44777,52.50353],[13.44704,52.50268],[13.44507,52.50116],[13.44459,52.50094],[13.44406,52.50089],[13.44231,52.50109],[13.4409,52.50072],[13.43139,52.49934],[13.42997,52.49939],[13.42531,52.49916],[13.4188,52.49908],[13.41406,52.49852],[13.41238,52.49862],[13.40782,52.49842],[13.39662,52.49835],[13.39111,52.49777],[13.3892,52.49796],[13.38529,52.49888],[13.38338,52.49913],[13.38122,52.49903],[13.37846,52.49943],[13.3771,52.49936],[13.37518,52.49954],[13.36951,52.49966],[13.36578,52.50004],[13.36502,52.49999],[13.364,52.49973],[13.36329,52.49967],[13.35873,52.50095],[13.35822,52.501],[13.35721,52.50083],[13.35438,52.4999],[13.35373,52.4998],[13.35293,52.49983],[13.34191,52.50216],[13.33701,52.50417],[13.33601,52.50442],[13.33449,52.50442],[13.32759,52.50303]],[[13.35462,52.49993],[13.35365,52.49971],[13.35369,52.49964],[13.35455,52.49982],[13.35517,52.50005]],[[13.35612,52.50042],[13.35769,52.5009],[13.35839,52.50094],[13.36247,52.49976],[13.36334,52.49961],[13.364,52.49964],[13.36517,52.49997],[13.36576,52.50002],[13.37041,52.49957],[13.37418,52.49942],[13.37556,52.49945],[13.37711,52.49933],[13.37836,52.4994],[13.38122,52.49901],[13.38372,52.49908],[13.38527,52.49886],[13.38924,52.49792],[13.39073,52.49774],[13.39246,52.4978],[13.39681,52.49832],[13.40782,52.49839],[13.41238,52.49859],[13.41405,52.4985],[13.41699,52.49887],[13.41969,52.49904],[13.42533,52.49913],[13.42997,52.49936],[13.4313,52.4993],[13.44094,52.5007],[13.4423,52.50106],[13.44445,52.50089],[13.44507,52.50112],[13.4471,52.50268],[13.44777,52.50353]],[[13.33278,52.50415],[13.3328,52.50411],[13.33096,52.50381],[13.33153,52.50393],[13.33278,52.50415]],[[13.33284,52.50405],[13.33287,52.50401],[13.33103,52.50369],[13.33184,52.50388],[13.33284,52.50405]],[[13.34306,52.50166],[13.34373,52.50153],[13.34302,52.50158],[13.34203,52.50186],[13.34306,52.50166]],[[13.34355,52.50181],[13.34386,52.50173],[13.34217,52.50205],[13.3422,52.50209],[13.34355,52.50181]],[[13.36075,52.50035],[13.3622,52.49994],[13.36216,52.49987],[13.3607,52.50029],[13.36075,52.50035]],[[13.3733,52.49956],[13.37428,52.49943],[13.37479,52.49945],[13.3748,52.49954],[13.3733,52.49956]],[[13.38344,52.49909],[13.38354,52.49906],[13.38189,52.49902],[13.38274,52.49908],[13.38344,52.49909]],[[13.38347,52.49914],[13.38288,52.49915],[13.38187,52.49909],[13.3829,52.49919],[13.38356,52.49915],[13.38347,52.49914]],[[13.38953,52.49783],[13.39125,52.49773],[13.39126,52.49769],[13.39071,52.49768],[13.38953,52.49783]],[[13.39125,52.49778],[13.39117,52.49783],[13.38956,52.49791],[13.39042,52.4978],[13.39125,52.49778]],[[13.4063,52.49837],[13.4063,52.49834],[13.40451,52.49836],[13.4054,52.49836],[13.4063,52.49837]],[[13.4063,52.49842],[13.4063,52.49845],[13.40451,52.49844],[13.40451,52.4984],[13.4063,52.49842]],[[13.42752,52.49928],[13.42865,52.49936],[13.42903,52.49935],[13.42752,52.49926],[13.42752,52.49928]],[[13.42904,52.4993],[13.42834,52.49926],[13.42752,52.49921],[13.42753,52.49918],[13.42904,52.4993]],[[13.44181,52.50104],[13.44188,52.50101],[13.44128,52.50081],[13.44038,52.50068],[13.44181,52.50104]],[[13.44193,52.50097],[13.44181,52.50086],[13.44118,52.50069],[13.44041,52.50061],[13.44132,52.50076],[13.44193,52.50097]],[[13.44923,52.50521],[13.44872,52.50458],[13.44835,52.50424],[13.44912,52.50524],[13.44923,52.50521]]]}},{"type":"Feature","properties":{"id":"line-u2","kind":"line","lineRef":"metro","ref":"U2","color":"#DA421E"},"geometry":{"type":"MultiLineString","coordinates":[[[13.24242,52.52532],[13.24371,52.52493],[13.24443,52.52449],[13.24487,52.52388],[13.24535,52.52275],[13.24681,52.52126],[13.24989,52.5173],[13.25055,52.51672],[13.25201,52.51627],[13.25371,52.51602],[13.25791,52.51628],[13.26023,52.51611],[13.26142,52.51586],[13.26219,52.51553],[13.26751,52.5124],[13.27022,52.51055],[13.2709,52.51023],[13.27181,52.51],[13.27442,52.50959],[13.27535,52.50956],[13.29064,52.51054],[13.30592,52.51153],[13.30839,52.51161],[13.3206,52.51259],[13.32131,52.51233],[13.32537,52.50941],[13.32613,52.50896],[13.3343,52.50529],[13.33591,52.50499],[13.33615,52.50483],[13.33671,52.50416],[13.34215,52.50201],[13.36172,52.49786],[13.36513,52.49721],[13.36623,52.49719],[13.36787,52.49694],[13.37263,52.49707],[13.37306,52.49723],[13.37344,52.4975],[13.37391,52.49839],[13.37431,52.49963],[13.37411,52.50091],[13.37482,52.50355],[13.37515,52.5043],[13.37619,52.50611],[13.37631,52.50656],[13.37726,52.50824],[13.37774,52.50879],[13.37893,52.50949],[13.38009,52.51065],[13.38059,52.51095],[13.38628,52.51187],[13.39238,52.51223],[13.39293,52.51244],[13.39348,52.513],[13.39383,52.5132],[13.39512,52.51333],[13.39747,52.51309],[13.40116,52.51159],[13.4019,52.51137],[13.40586,52.51122],[13.40696,52.51139],[13.41097,52.51255],[13.41146,52.51279],[13.41187,52.5132],[13.41209,52.51402],[13.41253,52.51721],[13.4123,52.51777],[13.41146,52.51863],[13.41145,52.51898],[13.41166,52.51925],[13.41211,52.51951],[13.41444,52.52042],[13.41465,52.52058],[13.4148,52.52089],[13.4146,52.52139],[13.41418,52.5218],[13.41175,52.52294],[13.41026,52.52384],[13.40997,52.52426],[13.41005,52.52457],[13.41104,52.52586],[13.41117,52.52629],[13.40997,52.52884],[13.40989,52.5292],[13.41072,52.53017],[13.41238,52.5314],[13.41263,52.53174],[13.41292,52.53303],[13.4125,52.53551],[13.41225,52.5381],[13.4122,52.54052],[13.41232,52.54302],[13.41241,52.54389],[13.41363,52.54856],[13.41467,52.55454],[13.41433,52.55699],[13.41346,52.55857],[13.41258,52.56527],[13.41238,52.56586],[13.41185,52.5668]],[[13.41161,52.56676],[13.41211,52.56609],[13.41228,52.56571],[13.41301,52.56116],[13.41317,52.55903],[13.4133,52.55858],[13.41425,52.55708],[13.41463,52.55453],[13.41361,52.54929],[13.41342,52.54785],[13.41237,52.54389],[13.41218,52.54246],[13.41209,52.54131],[13.41219,52.5381],[13.4124,52.5355],[13.41277,52.53359],[13.41273,52.53303],[13.41243,52.53177],[13.41221,52.53139],[13.41038,52.53003],[13.40987,52.52948],[13.40974,52.52911],[13.41111,52.52629],[13.41099,52.52587],[13.40996,52.52452],[13.40989,52.52427],[13.40996,52.52406],[13.41019,52.52381],[13.41164,52.52288],[13.41385,52.52177],[13.41432,52.52139],[13.41456,52.52096],[13.41452,52.52071],[13.4143,52.52047],[13.41183,52.51942],[13.41145,52.51919],[13.41132,52.51899],[13.41135,52.51861],[13.41209,52.51771],[13.41234,52.51699],[13.41203,52.51402],[13.41181,52.51321],[13.41149,52.5129],[13.4109,52.51263],[13.4069,52.51145],[13.40606,52.51131],[13.40255,52.51139],[13.40156,52.5115],[13.39749,52.51314],[13.39511,52.51341],[13.3938,52.51324],[13.39351,52.5131],[13.39286,52.51248],[13.39236,52.51232],[13.38555,52.51187],[13.38049,52.51097],[13.37997,52.51067],[13.37894,52.50965],[13.37762,52.50888],[13.37712,52.50828],[13.37637,52.50689],[13.37613,52.50611],[13.37479,52.50362],[13.37404,52.50092],[13.37413,52.4999],[13.37379,52.49828],[13.37338,52.49752],[13.37262,52.49711],[13.37191,52.49702],[13.36787,52.49697],[13.36631,52.49721],[13.36518,52.49724],[13.36172,52.49789],[13.34216,52.50204],[13.3368,52.50419],[13.3362,52.50487],[13.3359,52.50505],[13.33431,52.50534],[13.32898,52.50779],[13.32664,52.50876],[13.32547,52.5094],[13.32145,52.51229],[13.321,52.51253],[13.32057,52.51263],[13.31744,52.51232],[13.30811,52.5118],[13.30591,52.51157],[13.29689,52.51096],[13.27533,52.5096],[13.27447,52.50963],[13.27214,52.51001],[13.27102,52.51036],[13.26932,52.51127],[13.26826,52.51201],[13.26214,52.51562],[13.26149,52.51592],[13.26042,52.51617],[13.25786,52.51636],[13.25622,52.5163],[13.25453,52.51606],[13.25379,52.51604],[13.25247,52.51626],[13.25111,52.51672],[13.25029,52.51731],[13.24793,52.52025],[13.24556,52.52253],[13.24513,52.52323],[13.24484,52.52402],[13.24447,52.5245],[13.24374,52.52496],[13.24242,52.52532]],[[13.25007,52.51715],[13.2505,52.51678],[13.25104,52.51661],[13.25014,52.51718],[13.25007,52.51715]],[[13.25026,52.51722],[13.25055,52.51692],[13.25118,52.51666],[13.2503,52.51723],[13.25026,52.51722]],[[13.25834,52.51632],[13.26024,52.51618],[13.25833,52.51627],[13.25834,52.51632]],[[13.27205,52.51009],[13.27333,52.50992],[13.27342,52.50986],[13.27187,52.51008],[13.27201,52.51017],[13.27205,52.51009]],[[13.27324,52.5097],[13.2731,52.50968],[13.27178,52.50995],[13.27336,52.50974],[13.27324,52.5097]],[[13.29497,52.51091],[13.29658,52.51101],[13.29659,52.51098],[13.29498,52.51087],[13.29497,52.51091]],[[13.295,52.51078],[13.2966,52.51088],[13.29661,52.51085],[13.295,52.51075],[13.295,52.51078]],[[13.30517,52.51141],[13.30442,52.51141],[13.30616,52.51148],[13.30532,52.51142],[13.30517,52.51141]],[[13.30528,52.5116],[13.30614,52.51163],[13.3044,52.51155],[13.30521,52.5116],[13.30528,52.5116]],[[13.31129,52.51198],[13.30975,52.51182],[13.30974,52.51189],[13.3111,52.51197],[13.31129,52.51198]],[[13.31131,52.51186],[13.31132,52.51182],[13.30977,52.51175],[13.31131,52.51186]],[[13.3219,52.51183],[13.32168,52.512],[13.32276,52.51124],[13.32252,52.51134],[13.3219,52.51183]],[[13.32224,52.51179],[13.32289,52.5113],[13.32182,52.51206],[13.32224,52.51179]],[[13.3426,52.50187],[13.34281,52.50182],[13.34379,52.50162],[13.34343,52.50161],[13.34209,52.50193],[13.34214,52.50199],[13.3426,52.50187]],[[13.34355,52.50181],[13.34386,52.50173],[13.34217,52.50205],[13.3422,52.50209],[13.34355,52.50181]],[[13.35378,52.49945],[13.35533,52.49916],[13.35534,52.4992],[13.35382,52.49951],[13.35378,52.49945]],[[13.35383,52.49955],[13.35536,52.49923],[13.35539,52.49927],[13.35387,52.49962],[13.35383,52.49955]],[[13.36253,52.49765],[13.36254,52.49768],[13.36422,52.49737],[13.3642,52.49733],[13.36253,52.49765]],[[13.36257,52.49773],[13.36259,52.49777],[13.36427,52.49746],[13.36425,52.49742],[13.36257,52.49773]],[[13.37415,52.49997],[13.37412,52.49964],[13.37399,52.49905],[13.37413,52.49904],[13.37425,52.49945],[13.37428,52.49981],[13.37421,52.50014],[13.37414,52.50014],[13.37423,52.49996],[13.37415,52.49997]],[[13.37468,52.50338],[13.37488,52.50393],[13.37507,52.50432],[13.37492,52.50421],[13.37456,52.50334],[13.37468,52.50338]],[[13.37518,52.50429],[13.37525,52.50428],[13.37488,52.50351],[13.37495,52.50351],[13.37489,52.5033],[13.37479,52.50331],[13.37518,52.50429]],[[13.38423,52.51165],[13.38532,52.51184],[13.38614,52.51188],[13.38393,52.51157],[13.38423,52.51165]],[[13.39133,52.51218],[13.39132,52.51223],[13.38978,52.51214],[13.38979,52.51208],[13.39133,52.51218]],[[13.39468,52.51333],[13.39531,52.51339],[13.39627,52.51325],[13.39625,52.5132],[13.39556,52.51332],[13.39468,52.51333]],[[13.40335,52.51135],[13.40352,52.51134],[13.40455,52.51131],[13.40293,52.5113],[13.40293,52.51137],[13.40335,52.51135]],[[13.40933,52.51214],[13.40984,52.5122],[13.41094,52.51256],[13.41091,52.5126],[13.40933,52.51214]],[[13.41081,52.52708],[13.41075,52.52707],[13.41015,52.52832],[13.4102,52.52833],[13.41081,52.52708]],[[13.41151,52.56729],[13.4114,52.56726],[13.41166,52.56674],[13.41196,52.56632],[13.41209,52.56635],[13.41151,52.56729]],[[13.41216,52.51765],[13.41235,52.5172],[13.41236,52.5167],[13.41248,52.5167],[13.41246,52.51738],[13.41232,52.5177],[13.41216,52.51765]],[[13.41222,52.54255],[13.41229,52.54246],[13.4122,52.54129],[13.41212,52.54129],[13.41222,52.54255]],[[13.41277,52.53296],[13.41284,52.53296],[13.4126,52.53183],[13.41253,52.53184],[13.41277,52.53296]],[[13.41315,52.55964],[13.4133,52.55964],[13.41342,52.55867],[13.41329,52.55866],[13.41315,52.55964]]]}},{"type":"Feature","properties":{"id":"line-u3","kind":"line","lineRef":"metro","ref":"U3","color":"#16683D"},"geometry":{"type":"MultiLineString","coordinates":[[[13.241,52.44308],[13.24317,52.44452]],[[13.24317,52.44452],[13.24799,52.4476],[13.25028,52.44878],[13.25236,52.44958],[13.25522,52.4504],[13.25789,52.45077],[13.26092,52.45086],[13.27588,52.44989],[13.27769,52.44986],[13.27904,52.45005],[13.28041,52.45044],[13.28474,52.45233],[13.28584,52.45308],[13.29018,52.45786],[13.29074,52.4586],[13.29227,52.46199],[13.29274,52.46255],[13.29347,52.46311],[13.29433,52.46355],[13.29839,52.46499],[13.29942,52.46518],[13.30571,52.46573],[13.30701,52.46607],[13.30804,52.46651],[13.3102,52.46772],[13.31117,52.46852],[13.31322,52.47057],[13.31404,52.4717],[13.31442,52.47251],[13.31452,52.47423],[13.31396,52.47606],[13.31261,52.47849],[13.31251,52.47891],[13.31262,52.47925],[13.31328,52.48028],[13.31344,52.48075],[13.31397,52.48811],[13.3141,52.48897],[13.31446,52.48983],[13.31511,52.49041],[13.31627,52.491],[13.32157,52.49285],[13.32717,52.49497],[13.33002,52.49532],[13.33047,52.49545],[13.33086,52.49572],[13.33131,52.4964],[13.33352,52.4977],[13.33425,52.49824],[13.33848,52.50234],[13.33907,52.50265],[13.33986,52.50271],[13.34063,52.50253],[13.34254,52.50179],[13.34466,52.50141],[13.3526,52.49967],[13.35364,52.49972],[13.35462,52.49994]],[[13.44826,52.50408],[13.44709,52.50273],[13.44507,52.50116],[13.44467,52.50096],[13.44406,52.50089],[13.44231,52.50109],[13.4409,52.50072],[13.43139,52.49934],[13.42997,52.49939],[13.42531,52.49916],[13.4188,52.49908],[13.41406,52.49852],[13.41238,52.49862],[13.40782,52.49842],[13.39662,52.49835],[13.39111,52.49777],[13.3892,52.49796],[13.38529,52.49888],[13.38338,52.49913],[13.38122,52.49903],[13.37846,52.49943],[13.3771,52.49936],[13.37518,52.49954],[13.36951,52.49966],[13.36578,52.50004],[13.36502,52.49999],[13.364,52.49973],[13.36329,52.49967],[13.35873,52.50095],[13.35822,52.501],[13.35721,52.50083],[13.35438,52.4999],[13.35373,52.4998],[13.35293,52.49983],[13.34191,52.50216],[13.34028,52.50277],[13.33963,52.50286],[13.33912,52.50278],[13.33848,52.50243],[13.33398,52.49819],[13.33132,52.49659],[13.33102,52.49626],[13.33078,52.49579],[13.3305,52.49555],[13.3301,52.49539],[13.32769,52.49514],[13.32704,52.49498],[13.32154,52.49289],[13.31596,52.49103],[13.31523,52.49068],[13.31467,52.49029],[13.31422,52.48975],[13.31389,52.48899],[13.31339,52.48106],[13.31316,52.4804],[13.31253,52.47939],[13.31242,52.47899],[13.31254,52.4785],[13.31391,52.47606],[13.3144,52.47448],[13.31426,52.47228],[13.314,52.4717],[13.31334,52.4708],[13.3123,52.46965],[13.31048,52.46811],[13.30953,52.46745],[13.30724,52.46619],[13.30573,52.46578],[13.29941,52.46524],[13.29834,52.46504],[13.29515,52.46395],[13.29343,52.46313],[13.2927,52.46256],[13.29209,52.46179],[13.29058,52.45844],[13.28607,52.45337],[13.28508,52.45257],[13.28409,52.45206],[13.27998,52.45035],[13.27906,52.45008],[13.27769,52.44989],[13.27588,52.44992],[13.26091,52.45088],[13.25789,52.45079],[13.2552,52.45044],[13.25381,52.45015],[13.25227,52.44968],[13.24944,52.44843],[13.24795,52.44761],[13.24317,52.44452]],[[13.35462,52.49993],[13.35365,52.49971],[13.35369,52.49964],[13.35455,52.49982],[13.35517,52.50005]],[[13.35612,52.50042],[13.35769,52.5009],[13.35839,52.50094],[13.36247,52.49976],[13.36334,52.49961],[13.364,52.49964],[13.36517,52.49997],[13.36576,52.50002],[13.37041,52.49957],[13.37418,52.49942],[13.37556,52.49945],[13.37711,52.49933],[13.37836,52.4994],[13.38122,52.49901],[13.38372,52.49908],[13.38527,52.49886],[13.38924,52.49792],[13.39073,52.49774],[13.39246,52.4978],[13.39681,52.49832],[13.40782,52.49839],[13.41238,52.49859],[13.41429,52.49851],[13.41699,52.49887],[13.41969,52.49904],[13.42533,52.49913],[13.42997,52.49936],[13.4313,52.4993],[13.44094,52.5007],[13.4423,52.50106],[13.44445,52.50089],[13.44507,52.50112],[13.44714,52.50272],[13.44826,52.50408]],[[13.24098,52.44308],[13.24196,52.44379],[13.24218,52.44393],[13.24188,52.44383],[13.24088,52.44314],[13.24098,52.44308]],[[13.25382,52.45013],[13.25388,52.45006],[13.25234,52.44959],[13.25228,52.44967],[13.25382,52.45013]],[[13.26958,52.45028],[13.26959,52.45036],[13.26797,52.4504],[13.26834,52.45037],[13.26958,52.45028]],[[13.28093,52.45074],[13.28231,52.45132],[13.28237,52.45127],[13.28099,52.45068],[13.28093,52.45074]],[[13.28982,52.45759],[13.28925,52.45696],[13.28905,52.45671],[13.28942,52.45701],[13.2899,52.45756],[13.28982,52.45759]],[[13.29488,52.46376],[13.29628,52.46425],[13.29622,52.46431],[13.29488,52.46376]],[[13.30813,52.46666],[13.30944,52.46739],[13.30951,52.46734],[13.3082,52.46661],[13.30813,52.46666]],[[13.31329,52.48067],[13.3134,52.48066],[13.31319,52.48016],[13.3128,52.47956],[13.31268,52.47959],[13.31329,52.48067]],[[13.31441,52.47395],[13.31451,52.47394],[13.31442,52.47273],[13.31434,52.47281],[13.31441,52.47395]],[[13.31617,52.49109],[13.31625,52.49101],[13.31529,52.49055],[13.31452,52.48993],[13.31439,52.48997],[13.31525,52.49067],[13.31617,52.49109]],[[13.32403,52.49387],[13.32417,52.49382],[13.32581,52.49442],[13.32574,52.49449],[13.32403,52.49387]],[[13.33668,52.50096],[13.33686,52.50088],[13.33584,52.49994],[13.33569,52.50004],[13.33589,52.50004],[13.33668,52.50077],[13.33675,52.50086],[13.33663,52.50091],[13.33668,52.50096]],[[13.33695,52.50085],[13.33713,52.50078],[13.33685,52.5007],[13.33592,52.49985],[13.33695,52.50085]],[[13.3426,52.50187],[13.34281,52.50182],[13.34379,52.50162],[13.34343,52.50161],[13.34209,52.50193],[13.34214,52.50199],[13.3426,52.50187]],[[13.34355,52.50181],[13.34386,52.50173],[13.34217,52.50205],[13.3422,52.50209],[13.34355,52.50181]],[[13.36075,52.50035],[13.3622,52.49994],[13.36216,52.49987],[13.3607,52.50029],[13.36075,52.50035]],[[13.3733,52.49956],[13.37428,52.49943],[13.37479,52.49945],[13.3748,52.49954],[13.3733,52.49956]],[[13.38344,52.49909],[13.38354,52.49906],[13.38189,52.49902],[13.38274,52.49908],[13.38344,52.49909]],[[13.38347,52.49914],[13.38288,52.49915],[13.38187,52.49909],[13.3829,52.49919],[13.38356,52.49915],[13.38347,52.49914]],[[13.38953,52.49783],[13.39125,52.49773],[13.39126,52.49769],[13.39071,52.49768],[13.38953,52.49783]],[[13.39125,52.49778],[13.39117,52.49783],[13.38956,52.49791],[13.39042,52.4978],[13.39125,52.49778]],[[13.4063,52.49837],[13.4063,52.49834],[13.40451,52.49836],[13.4054,52.49836],[13.4063,52.49837]],[[13.4063,52.49842],[13.4063,52.49845],[13.40451,52.49844],[13.40451,52.4984],[13.4063,52.49842]],[[13.42752,52.49928],[13.42865,52.49936],[13.42903,52.49935],[13.42752,52.49926],[13.42752,52.49928]],[[13.42904,52.4993],[13.42834,52.49926],[13.42752,52.49921],[13.42753,52.49918],[13.42904,52.4993]],[[13.44181,52.50104],[13.44188,52.50101],[13.44128,52.50081],[13.44038,52.50068],[13.44181,52.50104]],[[13.44193,52.50097],[13.44181,52.50086],[13.44118,52.50069],[13.44041,52.50061],[13.44132,52.50076],[13.44193,52.50097]],[[13.44923,52.50521],[13.44872,52.50458],[13.44835,52.50424],[13.44912,52.50524],[13.44923,52.50521]]]}},{"type":"Feature","properties":{"id":"line-u4","kind":"line","lineRef":"metro","ref":"U4","color":"#F0D722"},"geometry":{"type":"MultiLineString","coordinates":[[[13.34331,52.4798],[13.3428,52.48091],[13.3403,52.48804],[13.34052,52.48971],[13.34077,52.49002],[13.34165,52.49064],[13.34197,52.49115],[13.34183,52.4942],[13.34195,52.49537],[13.34225,52.49571],[13.34276,52.49597],[13.3523,52.49906]],[[13.3523,52.49906],[13.35119,52.4988],[13.34278,52.49611],[13.3422,52.49581],[13.34185,52.4954],[13.34176,52.49424],[13.34189,52.49117],[13.34147,52.49057],[13.34062,52.49002],[13.34034,52.48971],[13.34016,52.48828],[13.34202,52.4828],[13.34288,52.48057],[13.34331,52.4798]],[[13.35472,52.49985],[13.35337,52.49954],[13.3523,52.49906]],[[13.34183,52.48354],[13.34215,52.48255],[13.34224,52.48256],[13.3419,52.48355],[13.34183,52.48354]],[[13.34399,52.49646],[13.34403,52.49641],[13.34272,52.49597],[13.34265,52.49604],[13.34399,52.49646]],[[13.35369,52.49964],[13.35463,52.49984],[13.35519,52.50002],[13.35513,52.5001],[13.35365,52.49971],[13.35369,52.49964]]]}},{"type":"Feature","properties":{"id":"line-u5","kind":"line","lineRef":"metro","ref":"U5","color":"#7E5330"},"geometry":{"type":"MultiLineString","coordinates":[[[13.37008,52.52514],[13.37109,52.52365],[13.3733,52.51919],[13.37392,52.51835],[13.37489,52.5176],[13.37591,52.51711],[13.37688,52.51681],[13.37809,52.51661],[13.38027,52.5165],[13.38422,52.51672],[13.38748,52.51678],[13.39186,52.51707],[13.3957,52.51745],[13.40026,52.51707],[13.40255,52.5172],[13.40741,52.51853],[13.41048,52.5199],[13.41495,52.52206],[13.41588,52.52224],[13.41718,52.52199],[13.42646,52.51911],[13.42926,52.51839],[13.43118,52.51809],[13.44976,52.5162],[13.46834,52.51431],[13.48692,52.51242],[13.49573,52.51165],[13.49983,52.51082],[13.51085,52.5074],[13.51164,52.50708],[13.51451,52.50447],[13.51617,52.50313],[13.51777,52.50219],[13.5203,52.50097],[13.52113,52.50036],[13.52176,52.49957],[13.5232,52.49715],[13.524,52.49604],[13.5245,52.49557],[13.52559,52.49504],[13.52704,52.49488],[13.52798,52.49501],[13.54311,52.49882],[13.54746,52.49975],[13.55227,52.50113],[13.55447,52.50186],[13.5568,52.50281],[13.55924,52.50406],[13.56739,52.5101],[13.57062,52.51203],[13.57157,52.51237],[13.57271,52.51258],[13.57752,52.51259],[13.57905,52.51283],[13.5801,52.51324],[13.58705,52.51663],[13.58768,52.51703],[13.58831,52.51761],[13.58891,52.51858],[13.58913,52.51984],[13.58884,52.52288],[13.58889,52.52401],[13.58908,52.52507],[13.58962,52.52655],[13.59217,52.53152],[13.59309,52.53244],[13.59431,52.53311],[13.5994,52.53468],[13.60802,52.53695],[13.6159,52.53859],[13.62191,52.53934],[13.62673,52.53933],[13.62971,52.53907],[13.63362,52.53826]],[[13.63281,52.53856],[13.63016,52.53905],[13.62801,52.5393],[13.62284,52.53948],[13.62145,52.53943],[13.61687,52.53885],[13.60792,52.53709],[13.6044,52.53617],[13.59486,52.53343],[13.59347,52.53275],[13.59283,52.53231],[13.59227,52.53174],[13.58988,52.52741],[13.58891,52.52475],[13.58867,52.5235],[13.58867,52.52254],[13.58899,52.51934],[13.58881,52.5186],[13.58822,52.51764],[13.5876,52.51708],[13.58666,52.51648],[13.58003,52.51328],[13.57901,52.51287],[13.57735,52.51262],[13.5727,52.51262],[13.57154,52.51241],[13.57058,52.51205],[13.56735,52.51012],[13.55884,52.50394],[13.55676,52.50284],[13.55444,52.50189],[13.54744,52.49993],[13.52796,52.49504],[13.52704,52.49491],[13.52562,52.49507],[13.52455,52.49559],[13.52425,52.49588],[13.52268,52.49839],[13.52122,52.50039],[13.52035,52.50102],[13.5176,52.50235],[13.51659,52.50295],[13.5159,52.50347],[13.51184,52.50708],[13.49969,52.51091],[13.49866,52.51116],[13.49485,52.51182],[13.49282,52.5119],[13.47544,52.51374],[13.45913,52.51535],[13.44282,52.51695],[13.42967,52.51838],[13.42648,52.51915],[13.41736,52.52198],[13.41596,52.52227],[13.41493,52.5221],[13.41044,52.51994],[13.40737,52.51858],[13.40249,52.51731],[13.40159,52.5172],[13.40023,52.5172],[13.39571,52.51759],[13.38724,52.51692],[13.38378,52.51684],[13.38038,52.51663],[13.37811,52.51675],[13.37676,52.51701],[13.37557,52.51744],[13.37479,52.51788],[13.37404,52.51853],[13.37357,52.51918],[13.37267,52.52098],[13.37204,52.52188],[13.37098,52.52423],[13.37029,52.52526]],[[13.3703,52.52492],[13.37042,52.52475],[13.37048,52.52477],[13.3704,52.52492],[13.37058,52.52479],[13.36984,52.52583],[13.36969,52.52579],[13.3703,52.52492]],[[13.40737,52.5186],[13.4073,52.51866],[13.40806,52.51901],[13.40804,52.51909],[13.40819,52.51916],[13.40835,52.51903],[13.40737,52.5186]],[[13.40759,52.51844],[13.40746,52.51853],[13.40842,52.51895],[13.40854,52.51886],[13.40828,52.51882],[13.40759,52.51844]],[[13.41425,52.52179],[13.41417,52.52186],[13.41275,52.52119],[13.41283,52.52113],[13.41425,52.52179]],[[13.41441,52.52167],[13.413,52.52101],[13.41291,52.52107],[13.41432,52.52173],[13.41441,52.52167]],[[13.54576,52.49953],[13.54704,52.49985],[13.54787,52.50005],[13.54783,52.50011],[13.54572,52.49959],[13.54576,52.49953]],[[13.54585,52.49936],[13.54578,52.49946],[13.54734,52.49985],[13.54741,52.49975],[13.54585,52.49936]],[[13.6323,52.53866],[13.634,52.53829],[13.63394,52.5382],[13.63225,52.53857],[13.6323,52.53866]]]}},{"type":"Feature","properties":{"id":"line-u6","kind":"line","lineRef":"metro","ref":"U6","color":"#8C6DAB"},"geometry":{"type":"MultiLineString","coordinates":[[[13.32619,52.56343],[13.33104,52.56218],[13.34917,52.552],[13.35366,52.54936],[13.35506,52.54869],[13.36919,52.54064],[13.37579,52.53638],[13.38644,52.52785],[13.38699,52.52724],[13.38711,52.52695],[13.38727,52.5256],[13.3884,52.51937],[13.39075,52.50499],[13.3916,52.49942],[13.39165,52.4985],[13.39153,52.49774],[13.39128,52.49701],[13.38974,52.49575],[13.38804,52.4937],[13.38775,52.49308],[13.38705,52.492],[13.38641,52.49044],[13.38621,52.4897],[13.38585,52.4871],[13.3858,52.48434],[13.3863,52.48267],[13.38632,52.48174],[13.38618,52.47859],[13.3861,52.47293],[13.386,52.47235],[13.38548,52.47098],[13.38564,52.4686],[13.38559,52.46415],[13.38506,52.46164],[13.38445,52.45953],[13.38393,52.45651],[13.38571,52.44578],[13.38634,52.44298],[13.38741,52.43966]],[[13.34026,52.55711],[13.33902,52.55772],[13.33531,52.55991],[13.33107,52.56223],[13.32625,52.56351]],[[13.38889,52.49427],[13.38961,52.49517],[13.3913,52.49686],[13.39172,52.49818],[13.39181,52.49905],[13.38954,52.51275],[13.38728,52.52646],[13.38717,52.52699],[13.38691,52.52747],[13.37605,52.53626],[13.37014,52.54018],[13.36247,52.54458],[13.35303,52.54985],[13.3436,52.55513],[13.3419,52.55618]],[[13.38638,52.47881],[13.38639,52.48294],[13.38599,52.48414],[13.38594,52.48472],[13.38599,52.48645],[13.38592,52.48711],[13.38611,52.48873],[13.3865,52.49042],[13.38712,52.49198],[13.38867,52.49401]],[[13.38638,52.47871],[13.38633,52.47776],[13.38618,52.47776],[13.38622,52.4789],[13.38637,52.4789],[13.38638,52.47881]],[[13.38762,52.43965],[13.38638,52.44303],[13.3862,52.44389],[13.38469,52.45197],[13.38461,52.45341],[13.38433,52.45489],[13.38406,52.45577],[13.38399,52.45652],[13.3841,52.4575],[13.38562,52.46373],[13.3858,52.46861],[13.38565,52.47097],[13.38574,52.47139],[13.38606,52.4721],[13.38615,52.47264],[13.38638,52.47871]],[[13.3262,52.56344],[13.32624,52.5635],[13.32784,52.56308],[13.3278,52.56302],[13.3262,52.56344]],[[13.3341,52.56057],[13.33529,52.5599],[13.33521,52.55985],[13.33402,52.56052],[13.3341,52.56057]],[[13.35267,52.55016],[13.35312,52.54998],[13.3538,52.54953],[13.35375,52.5495],[13.35267,52.55016]],[[13.35368,52.54944],[13.35362,52.5494],[13.35234,52.55013],[13.35249,52.55012],[13.35368,52.54944]],[[13.35849,52.54672],[13.35843,52.54668],[13.35961,52.54601],[13.35967,52.54605],[13.35849,52.54672]],[[13.35975,52.5461],[13.3591,52.54647],[13.35857,52.54677],[13.35863,52.54681],[13.35981,52.54614],[13.35975,52.5461]],[[13.36447,52.54343],[13.36548,52.54285],[13.36561,52.54278],[13.36554,52.54273],[13.3644,52.54338],[13.36447,52.54343]],[[13.36956,52.54052],[13.36949,52.54047],[13.37073,52.5397],[13.37079,52.53974],[13.36956,52.54052]],[[13.37637,52.5359],[13.37642,52.53592],[13.37742,52.53512],[13.37737,52.5351],[13.37637,52.5359]],[[13.38157,52.53171],[13.38164,52.53174],[13.38276,52.53083],[13.38267,52.53083],[13.38157,52.53171]],[[13.38457,52.45952],[13.38447,52.45953],[13.38473,52.46058],[13.38483,52.46057],[13.38457,52.45952]],[[13.3855,52.47034],[13.38562,52.46916],[13.38574,52.46917],[13.38561,52.47034],[13.3855,52.47034]],[[13.38552,52.44692],[13.38561,52.44693],[13.38583,52.44578],[13.38573,52.44578],[13.38552,52.44692]],[[13.38585,52.48663],[13.38594,52.48663],[13.38596,52.48645],[13.38592,52.48533],[13.38583,52.48533],[13.38585,52.48663]],[[13.38752,52.52485],[13.38731,52.52607],[13.38723,52.52606],[13.38744,52.52484],[13.38752,52.52485]],[[13.38851,52.49406],[13.38844,52.49408],[13.38917,52.49501],[13.38926,52.49498],[13.38851,52.49406]],[[13.38864,52.51719],[13.38872,52.5172],[13.38892,52.51605],[13.38884,52.51605],[13.38864,52.51719]],[[13.38911,52.51606],[13.38903,52.51606],[13.38884,52.51721],[13.38892,52.51722],[13.38911,52.51606]]]}},{"type":"Feature","properties":{"id":"line-u7","kind":"line","lineRef":"metro","ref":"U7","color":"#528DBA"},"geometry":{"type":"MultiLineString","coordinates":[[[13.30058,52.53156],[13.30032,52.53365],[13.29993,52.5343],[13.29935,52.53483],[13.29849,52.53535],[13.29747,52.53573],[13.29446,52.53622],[13.28919,52.53669],[13.28438,52.53665],[13.2761,52.53697],[13.27103,52.53675],[13.26446,52.53691],[13.24422,52.53826],[13.23963,52.53884],[13.23747,52.53902],[13.2355,52.53901],[13.23319,52.53882],[13.22794,52.53785],[13.22317,52.53712],[13.22135,52.53698],[13.22012,52.53705],[13.21897,52.53725],[13.21597,52.53818],[13.21483,52.53842],[13.21325,52.53847],[13.21098,52.53819],[13.20947,52.53816],[13.20806,52.53837],[13.20526,52.53918],[13.20441,52.53927],[13.20343,52.53924],[13.20189,52.53886],[13.20128,52.53856],[13.20072,52.53813],[13.20021,52.53736],[13.20001,52.53613],[13.19978,52.53538]],[[13.19995,52.53543],[13.20015,52.53612],[13.20031,52.53722],[13.20077,52.53797],[13.20128,52.53839],[13.20195,52.53875],[13.20343,52.53911],[13.20517,52.53905],[13.20786,52.53835],[13.20946,52.5381],[13.21118,52.53813],[13.21328,52.5384],[13.21478,52.53835],[13.21601,52.53811],[13.21919,52.53713],[13.22118,52.5369],[13.2233,52.53707],[13.23457,52.53886],[13.23628,52.53897],[13.23758,52.53896],[13.24674,52.538],[13.26369,52.53684],[13.27188,52.53667],[13.27624,52.53692],[13.28522,52.53657],[13.28893,52.53662],[13.296,52.53598],[13.29703,52.53581],[13.29816,52.53545],[13.29914,52.53493],[13.29982,52.53436],[13.30019,52.53381],[13.30036,52.53332],[13.3006,52.53095]],[[13.30096,52.52985],[13.30151,52.52887],[13.30206,52.52819],[13.30278,52.52758],[13.30504,52.52602],[13.30566,52.52532],[13.30597,52.52463],[13.30598,52.52271],[13.30645,52.52132],[13.30653,52.52078],[13.30627,52.51903],[13.30652,52.51578],[13.30634,52.51525],[13.30519,52.51344],[13.30499,52.51273],[13.305,52.5119],[13.30651,52.50682],[13.30775,52.50308],[13.30776,52.50217],[13.30723,52.50048],[13.30718,52.4998],[13.30842,52.49551],[13.30915,52.49433],[13.31028,52.49328],[13.31589,52.48913],[13.3197,52.48686],[13.32078,52.48645],[13.32175,52.48633],[13.32637,52.48647],[13.33633,52.48815],[13.34232,52.4887],[13.35805,52.49036],[13.36121,52.49029],[13.36484,52.49072],[13.36634,52.49119],[13.36815,52.49239],[13.36892,52.49272],[13.36971,52.49288],[13.37253,52.49306],[13.37347,52.49332],[13.37444,52.49378],[13.37551,52.49449],[13.37587,52.49489],[13.37609,52.49532],[13.37651,52.49676],[13.37684,52.49721],[13.37743,52.49769],[13.37834,52.49817],[13.37921,52.49845],[13.38033,52.49863],[13.38345,52.49865],[13.38478,52.49855],[13.38732,52.49796],[13.38843,52.49748],[13.38917,52.49687],[13.38955,52.49623],[13.38962,52.49562],[13.38946,52.49521],[13.38816,52.49359],[13.38804,52.49318],[13.38826,52.4928],[13.38883,52.49248],[13.39124,52.49219],[13.40407,52.48961],[13.40653,52.48952],[13.40902,52.48888],[13.42075,52.48729],[13.42459,52.48621],[13.4314,52.48314],[13.43348,52.4821],[13.43679,52.47983],[13.43721,52.47943],[13.43855,52.47761],[13.44095,52.47312],[13.44115,52.47258],[13.44163,52.46973],[13.44155,52.46924],[13.44167,52.46857],[13.44194,52.46785],[13.44231,52.46586],[13.44246,52.46545],[13.44437,52.46341],[13.4482,52.45817],[13.44853,52.45743],[13.44855,52.45684],[13.44827,52.45572],[13.44829,52.45503],[13.44971,52.45014],[13.44995,52.44897],[13.44996,52.44759],[13.44969,52.44537],[13.44954,52.44478],[13.44882,52.44364],[13.4477,52.44267],[13.44699,52.44185],[13.44691,52.44107],[13.44699,52.44031],[13.44855,52.43674],[13.44929,52.43453],[13.44995,52.43309],[13.45077,52.43184],[13.45271,52.42974],[13.45523,52.42764],[13.45698,52.42692],[13.45917,52.42583],[13.46324,52.4244],[13.46502,52.42399],[13.46715,52.42368],[13.47095,52.42334],[13.475,52.42328],[13.48152,52.42359],[13.4831,52.42348],[13.48426,52.42321],[13.48581,52.4227],[13.48734,52.422],[13.49456,52.41657]],[[13.49461,52.41663],[13.48795,52.42173],[13.48664,52.42245],[13.48532,52.42299],[13.48388,52.42345],[13.4824,52.42368],[13.47448,52.42339],[13.47094,52.42347],[13.46722,52.42388],[13.4632,52.42452],[13.45937,52.42593],[13.45725,52.42706],[13.45549,52.42776],[13.45216,52.43043],[13.45082,52.43188],[13.45003,52.43311],[13.44903,52.43553],[13.4485,52.4373],[13.44712,52.44033],[13.44706,52.44072],[13.44704,52.44157],[13.44711,52.44183],[13.44781,52.44263],[13.44891,52.44361],[13.44965,52.44476],[13.44981,52.44536],[13.45007,52.44759],[13.45006,52.44875],[13.44979,52.45015],[13.44911,52.45269],[13.4488,52.45334],[13.44835,52.45501],[13.44833,52.45567],[13.44861,52.45673],[13.44859,52.45754],[13.44827,52.45819],[13.44528,52.46221],[13.44467,52.46317],[13.44271,52.46523],[13.44243,52.46563],[13.44119,52.47259],[13.44099,52.47314],[13.43996,52.47499],[13.43915,52.4768],[13.43723,52.47948],[13.43688,52.47982],[13.4337,52.48205],[13.42463,52.4863],[13.42102,52.48733],[13.40931,52.48888],[13.40666,52.48959],[13.40408,52.48965],[13.39124,52.49222],[13.38891,52.4925],[13.38834,52.49282],[13.38811,52.49332],[13.38822,52.49358],[13.38972,52.49558],[13.3896,52.49629],[13.38916,52.49697],[13.38834,52.49759],[13.38744,52.49797],[13.38479,52.4986],[13.38314,52.49877],[13.38007,52.49863],[13.37919,52.49848],[13.37831,52.49819],[13.37739,52.49771],[13.3768,52.49723],[13.37647,52.49677],[13.37603,52.49533],[13.37582,52.49491],[13.37514,52.49426],[13.37439,52.49382],[13.3734,52.4934],[13.37249,52.49316],[13.36963,52.493],[13.36876,52.49283],[13.36796,52.49249],[13.3662,52.49126],[13.36547,52.49095],[13.36442,52.49071],[13.36152,52.4904],[13.35821,52.49043],[13.33656,52.48823],[13.33008,52.48722],[13.32689,52.48661],[13.32563,52.48652],[13.32198,52.48645],[13.3206,52.4866],[13.31977,52.48691],[13.31658,52.48877],[13.31002,52.49372],[13.30911,52.49464],[13.30863,52.49537],[13.30832,52.49607],[13.30741,52.49933],[13.30741,52.50059],[13.30783,52.5021],[13.30785,52.50292],[13.30557,52.51036],[13.30515,52.51222],[13.3052,52.51283],[13.30541,52.5135],[13.30644,52.51507],[13.30675,52.51592],[13.30647,52.51877],[13.30673,52.52081],[13.30607,52.52267],[13.30605,52.52463],[13.30583,52.52528],[13.30528,52.52602],[13.30459,52.52658],[13.30307,52.52747],[13.30236,52.52803],[13.30181,52.5286],[13.30096,52.52985]],[[13.19976,52.53574],[13.19987,52.53573],[13.19962,52.535],[13.19945,52.53469],[13.19937,52.53471],[13.19976,52.53574]],[[13.20006,52.53571],[13.20017,52.53569],[13.19978,52.53464],[13.19969,52.53465],[13.20006,52.53571]],[[13.2056,52.53909],[13.20554,52.53899],[13.20723,52.53852],[13.20731,52.53858],[13.2056,52.53909]],[[13.21672,52.53787],[13.21771,52.53755],[13.21828,52.53736],[13.21783,52.53742],[13.21672,52.53787]],[[13.21681,52.53797],[13.21802,52.53763],[13.21837,52.53746],[13.21678,52.53794],[13.21681,52.53797]],[[13.23209,52.53849],[13.23204,52.5386],[13.2332,52.5388],[13.23434,52.53893],[13.23437,52.53884],[13.23209,52.53849]],[[13.24676,52.5381],[13.24674,52.53801],[13.24802,52.53791],[13.24835,52.5379],[13.24836,52.53799],[13.24676,52.5381]],[[13.26133,52.53711],[13.26131,52.537],[13.26344,52.53687],[13.26346,52.53696],[13.26133,52.53711]],[[13.27293,52.53681],[13.27348,52.53684],[13.2735,52.53675],[13.27188,52.53667],[13.27187,52.53676],[13.27293,52.53681]],[[13.28543,52.53658],[13.28704,52.53659],[13.28703,52.53668],[13.28542,52.53665],[13.28543,52.53658]],[[13.29284,52.53628],[13.29286,52.53636],[13.29446,52.5362],[13.29444,52.53613],[13.29284,52.53628]],[[13.30487,52.52636],[13.30526,52.52601],[13.30553,52.52571],[13.30542,52.52567],[13.30431,52.52661],[13.30443,52.52667],[13.30487,52.52636]],[[13.30514,52.51132],[13.30502,52.5119],[13.305,52.51234],[13.30513,52.51235],[13.30536,52.51115],[13.3052,52.51114],[13.30514,52.51132]],[[13.30657,52.50715],[13.30644,52.50712],[13.30685,52.50588],[13.30694,52.50589],[13.30657,52.50715]],[[13.3066,52.5173],[13.30645,52.51729],[13.30658,52.51617],[13.30673,52.51616],[13.3066,52.5173]],[[13.30871,52.495],[13.30882,52.49502],[13.30959,52.49409],[13.30945,52.49403],[13.30871,52.495]],[[13.31374,52.49073],[13.3139,52.49081],[13.31492,52.49004],[13.31479,52.48998],[13.31374,52.49073]],[[13.32112,52.48641],[13.32115,52.48649],[13.32267,52.48644],[13.32267,52.48635],[13.32112,52.48641]],[[13.33199,52.48741],[13.3306,52.48719],[13.33019,52.48714],[13.33017,52.4872],[13.33196,52.4875],[13.33199,52.48741]],[[13.34075,52.48865],[13.3423,52.4888],[13.34232,52.48872],[13.34078,52.48856],[13.34075,52.48865]],[[13.35111,52.48969],[13.35113,52.48962],[13.34954,52.48945],[13.34952,52.48953],[13.35111,52.48969]],[[13.35943,52.49045],[13.35984,52.49044],[13.36102,52.49039],[13.361,52.4903],[13.36059,52.49029],[13.35941,52.49038],[13.35943,52.49045]],[[13.37007,52.49296],[13.37038,52.49303],[13.37159,52.49304],[13.37159,52.49296],[13.37007,52.49296]],[[13.38226,52.49873],[13.38226,52.49863],[13.3838,52.49866],[13.38381,52.49873],[13.38226,52.49873]],[[13.38851,52.49406],[13.38844,52.49408],[13.38917,52.49501],[13.38926,52.49498],[13.38851,52.49406]],[[13.38868,52.49401],[13.3886,52.49403],[13.38934,52.49496],[13.38942,52.49494],[13.38868,52.49401]],[[13.39665,52.49109],[13.39669,52.49115],[13.395,52.49149],[13.39496,52.49143],[13.39665,52.49109]],[[13.40704,52.48948],[13.40787,52.48924],[13.40821,52.48914],[13.40816,52.48909],[13.40699,52.48943],[13.40704,52.48948]],[[13.42348,52.48665],[13.42433,52.4864],[13.42501,52.48611],[13.42495,52.48606],[13.42344,52.4866],[13.42348,52.48665]],[[13.43943,52.47599],[13.43906,52.47678],[13.43889,52.47703],[13.43896,52.47705],[13.43913,52.47679],[13.43951,52.47601],[13.43943,52.47599]],[[13.44158,52.46923],[13.44178,52.46924],[13.442,52.46813],[13.44184,52.46812],[13.44158,52.46923]],[[13.44833,52.43728],[13.44789,52.4383],[13.44804,52.43832],[13.44848,52.4373],[13.44833,52.43728]],[[13.44901,52.45266],[13.44909,52.45267],[13.44936,52.4516],[13.44928,52.45159],[13.44901,52.45266]],[[13.44928,52.44428],[13.44968,52.44526],[13.44978,52.44526],[13.4495,52.44449],[13.44937,52.44426],[13.44928,52.44428]],[[13.4539,52.4287],[13.45333,52.42921],[13.45286,52.42964],[13.45307,52.42972],[13.45411,52.42879],[13.4539,52.4287]],[[13.46155,52.42507],[13.4615,52.42502],[13.46305,52.42449],[13.4631,52.42454],[13.46155,52.42507]],[[13.49581,52.41596],[13.49524,52.41622],[13.49445,52.41666],[13.4945,52.41668],[13.49581,52.41596]]]}},{"type":"Feature","properties":{"id":"line-u8","kind":"line","lineRef":"metro","ref":"U8","color":"#224F86"},"geometry":{"type":"MultiLineString","coordinates":[[[13.33392,52.59567],[13.33289,52.59557],[13.33229,52.59538],[13.32802,52.59337],[13.32665,52.59216],[13.32555,52.5905],[13.32538,52.5898],[13.32542,52.58892],[13.32582,52.58792],[13.32627,52.5873],[13.32666,52.58698],[13.3288,52.58606],[13.33016,52.58511],[13.33072,52.58457],[13.33207,52.58199],[13.33369,52.57779],[13.33408,52.57702],[13.33438,52.57668],[13.33475,52.57637],[13.3353,52.57611],[13.33719,52.57551],[13.34195,52.5751],[13.35197,52.57371],[13.35867,52.57328],[13.35921,52.57313],[13.35976,52.57238],[13.36385,52.56453],[13.36424,52.56403],[13.36478,52.56352],[13.37392,52.55654],[13.37661,52.55418],[13.37725,52.55372],[13.3785,52.55314],[13.38043,52.55257],[13.38258,52.55174],[13.38598,52.54979],[13.38763,52.54913],[13.38881,52.54824],[13.38919,52.5478],[13.38937,52.54736],[13.38939,52.54623],[13.38969,52.54556],[13.39013,52.54509],[13.39146,52.54409],[13.39222,52.54301],[13.39579,52.53853],[13.39734,52.53639],[13.39776,52.53561],[13.39893,52.5325],[13.40298,52.52759],[13.40368,52.5261],[13.40588,52.52504],[13.40716,52.52476],[13.40875,52.52415],[13.40907,52.52386],[13.40939,52.52295],[13.40966,52.52261],[13.41131,52.52192],[13.41425,52.51975],[13.41516,52.51891],[13.41562,52.51796],[13.41592,52.51758],[13.41635,52.5173],[13.41755,52.51678],[13.41798,52.51645],[13.41812,52.51614],[13.41808,52.51551],[13.41777,52.51401],[13.41747,52.51306],[13.4166,52.51129],[13.4106,52.50366],[13.40978,52.50253],[13.4097,52.50204],[13.40999,52.5016],[13.41046,52.50133],[13.41644,52.49961],[13.41718,52.4993],[13.41853,52.49839],[13.41927,52.49705],[13.42056,52.4959],[13.42084,52.49494],[13.42124,52.49421],[13.42426,52.48929],[13.42485,52.48853],[13.42514,52.48789],[13.42513,52.48763],[13.42423,52.48617],[13.42417,52.48564],[13.42469,52.48389],[13.42485,52.48165],[13.42501,52.48083],[13.42575,52.47852],[13.42777,52.47399],[13.43146,52.46711]],[[13.43121,52.46778],[13.43079,52.46841],[13.42769,52.47432],[13.42612,52.47776],[13.42505,52.48103],[13.4249,52.48165],[13.42475,52.4839],[13.4243,52.48549],[13.42442,52.48613],[13.42519,52.48751],[13.42518,52.48826],[13.42252,52.49228],[13.4209,52.49503],[13.42062,52.49593],[13.41942,52.49704],[13.41865,52.49855],[13.41777,52.49917],[13.41708,52.4995],[13.41049,52.50137],[13.41001,52.50165],[13.40976,52.50203],[13.40976,52.50231],[13.40989,52.50257],[13.41079,52.50361],[13.41282,52.50634],[13.41651,52.51099],[13.41749,52.51297],[13.41819,52.51504],[13.41829,52.51571],[13.41817,52.51638],[13.41782,52.51669],[13.41639,52.51733],[13.41596,52.51761],[13.41496,52.51922],[13.41387,52.52005],[13.41299,52.52091],[13.41127,52.52204],[13.40975,52.52267],[13.4095,52.52297],[13.40925,52.52376],[13.40891,52.52415],[13.40737,52.52474],[13.40586,52.52515],[13.40396,52.52601],[13.40371,52.52622],[13.40315,52.52747],[13.39904,52.53252],[13.39881,52.5329],[13.39742,52.53657],[13.3915,52.54411],[13.39019,52.54512],[13.38975,52.54558],[13.38947,52.54624],[13.38948,52.54706],[13.38935,52.54773],[13.38918,52.5481],[13.3888,52.54851],[13.38779,52.54923],[13.38586,52.54999],[13.3835,52.55138],[13.38217,52.55204],[13.3808,52.55257],[13.37853,52.55317],[13.3773,52.55376],[13.37668,52.55421],[13.37365,52.55697],[13.36483,52.56361],[13.364,52.56455],[13.35993,52.5724],[13.35947,52.57305],[13.35905,52.57329],[13.35869,52.57335],[13.35492,52.57356],[13.35089,52.57392],[13.34451,52.57496],[13.34195,52.57528],[13.33727,52.57553],[13.33534,52.57614],[13.3348,52.5764],[13.33444,52.57673],[13.33416,52.57708],[13.33385,52.57777],[13.33344,52.57909],[13.33226,52.58203],[13.33088,52.58458],[13.3303,52.58517],[13.32896,52.58609],[13.32688,52.58702],[13.32647,52.58733],[13.32615,52.58778],[13.32573,52.58879],[13.32548,52.58982],[13.32551,52.5902],[13.32577,52.59078],[13.32671,52.59215],[13.32806,52.59335],[13.32967,52.59417],[13.33217,52.59523],[13.33345,52.5955],[13.33582,52.59564]],[[13.32607,52.58789],[13.32597,52.58796],[13.32589,52.58786],[13.32545,52.58896],[13.32555,52.58883],[13.32564,52.58898],[13.32607,52.58789]],[[13.33363,52.57842],[13.33348,52.57841],[13.33294,52.57973],[13.33311,52.57976],[13.33363,52.57842]],[[13.33387,52.59566],[13.33586,52.59577],[13.33587,52.59565],[13.33389,52.59554],[13.33387,52.59566]],[[13.34814,52.57425],[13.34816,52.57432],[13.34994,52.57405],[13.34992,52.57399],[13.34814,52.57425]],[[13.36005,52.57188],[13.36016,52.5719],[13.36075,52.5708],[13.36063,52.57078],[13.36005,52.57188]],[[13.36361,52.56505],[13.36372,52.56507],[13.36398,52.56455],[13.36435,52.56409],[13.36425,52.56406],[13.36395,52.56441],[13.36361,52.56505]],[[13.37272,52.55749],[13.37283,52.55755],[13.37383,52.55677],[13.37372,52.55672],[13.37272,52.55749]],[[13.38067,52.55254],[13.38072,52.55258],[13.38222,52.55201],[13.38217,52.55196],[13.38067,52.55254]],[[13.38774,52.5492],[13.38847,52.54876],[13.38899,52.54827],[13.38883,52.54825],[13.38764,52.54914],[13.38774,52.5492]],[[13.39254,52.54263],[13.39264,52.54266],[13.39348,52.54161],[13.39338,52.54158],[13.39254,52.54263]],[[13.39711,52.53674],[13.39703,52.53684],[13.39627,52.5378],[13.3964,52.53784],[13.39723,52.53678],[13.39711,52.53674]],[[13.40111,52.52984],[13.40122,52.52988],[13.40033,52.53091],[13.40023,52.53088],[13.40111,52.52984]],[[13.4043,52.52583],[13.40424,52.52579],[13.40579,52.52509],[13.40585,52.52514],[13.4043,52.52583]],[[13.41106,52.50417],[13.41114,52.50415],[13.41077,52.50362],[13.41025,52.50311],[13.41106,52.50417]],[[13.41222,52.52143],[13.41207,52.52134],[13.41243,52.52104],[13.41318,52.52051],[13.41333,52.52057],[13.41222,52.52143]],[[13.41623,52.51063],[13.41614,52.51066],[13.41532,52.5096],[13.41542,52.50957],[13.41623,52.51063]],[[13.41814,52.51614],[13.41823,52.51615],[13.41827,52.51571],[13.41817,52.51504],[13.41804,52.51505],[13.41814,52.51614]],[[13.41863,52.49854],[13.41846,52.49848],[13.4172,52.49931],[13.41731,52.4994],[13.41741,52.49935],[13.41863,52.49854]],[[13.42142,52.49397],[13.42152,52.494],[13.42218,52.49293],[13.42208,52.49291],[13.42142,52.49397]],[[13.42544,52.47957],[13.42524,52.48039],[13.4251,52.4808],[13.42504,52.48079],[13.42544,52.47957]],[[13.42779,52.474],[13.42787,52.47401],[13.42846,52.47287],[13.42837,52.47286],[13.42779,52.474]]]}},{"type":"Feature","properties":{"id":"line-u9","kind":"line","lineRef":"metro","ref":"U9","color":"#F3791D"},"geometry":{"type":"MultiLineString","coordinates":[[[13.37313,52.55722],[13.37117,52.5544],[13.37056,52.55372],[13.36997,52.55324],[13.35973,52.5469],[13.35711,52.54516],[13.35372,52.54364],[13.34949,52.54215],[13.34836,52.54165],[13.34387,52.53868],[13.34343,52.5383],[13.34291,52.53766],[13.3415,52.53473],[13.34125,52.53367],[13.34132,52.5274],[13.34126,52.52642],[13.34094,52.52456],[13.34092,52.52387],[13.34221,52.51673],[13.34221,52.51621],[13.34206,52.51549],[13.34135,52.51416],[13.34068,52.51338],[13.33999,52.51278],[13.33891,52.51209],[13.3356,52.51026],[13.33493,52.50969],[13.33416,52.5088],[13.33249,52.50638],[13.33208,52.50596],[13.33172,52.50528],[13.33135,52.50377],[13.3311,52.50222],[13.33072,52.49859],[13.33071,52.49657],[13.33091,52.49546],[13.33092,52.49093],[13.33104,52.48923],[13.33081,52.48799],[13.33092,52.48451],[13.33086,52.48386],[13.33054,52.48317],[13.32838,52.48035],[13.3283,52.47997],[13.32829,52.47903],[13.32839,52.47846],[13.32829,52.47556],[13.32839,52.47389],[13.32864,52.4721],[13.32856,52.47132],[13.32828,52.47035],[13.32816,52.46528],[13.32789,52.46449],[13.32175,52.45808],[13.3208,52.45681]],[[13.32102,52.45678],[13.32146,52.45744],[13.32198,52.45803],[13.32639,52.46256],[13.32738,52.46371],[13.32801,52.46443],[13.32833,52.46526],[13.32841,52.47035],[13.32885,52.47197],[13.32882,52.47251],[13.32849,52.47389],[13.32866,52.47663],[13.32863,52.47837],[13.32879,52.48033],[13.32916,52.48114],[13.33076,52.48337],[13.33114,52.4843],[13.33124,52.48499],[13.33108,52.49341],[13.33083,52.4986],[13.33089,52.50001],[13.33173,52.50509],[13.33206,52.50569],[13.33266,52.50634],[13.33385,52.50792],[13.33433,52.50877],[13.33508,52.50964],[13.33631,52.5106],[13.33896,52.51206],[13.34044,52.51307],[13.34158,52.51437],[13.34213,52.51548],[13.34229,52.51621],[13.34232,52.51701],[13.3415,52.52082],[13.34098,52.52387],[13.34101,52.52455],[13.3413,52.52558],[13.34141,52.5264],[13.34141,52.53245],[13.34131,52.53367],[13.34157,52.53472],[13.34306,52.53764],[13.3435,52.53828],[13.3439,52.53866],[13.34788,52.54131],[13.34903,52.54187],[13.355,52.54412],[13.35761,52.54539],[13.36554,52.55042],[13.37007,52.55318],[13.37092,52.5539],[13.37332,52.55713]],[[13.3282,52.46668],[13.32832,52.46668],[13.32833,52.46548],[13.32821,52.46548],[13.3282,52.46668]],[[13.32827,52.47847],[13.32836,52.47847],[13.32835,52.47743],[13.32825,52.47742],[13.32827,52.47847]],[[13.32861,52.47275],[13.32876,52.47276],[13.32884,52.47225],[13.32875,52.47152],[13.32861,52.47152],[13.32861,52.47275]],[[13.32867,52.47846],[13.32876,52.47846],[13.32874,52.47743],[13.32865,52.47743],[13.32867,52.47846]],[[13.33095,52.48677],[13.33093,52.48786],[13.33098,52.48786],[13.33099,52.48677],[13.33095,52.48677]],[[13.33104,52.48677],[13.33103,52.48786],[13.33108,52.48786],[13.33109,52.48677],[13.33104,52.48677]],[[13.33139,52.50393],[13.33151,52.50393],[13.33134,52.50283],[13.33121,52.50284],[13.33139,52.50393]],[[13.34113,52.5256],[13.34127,52.52559],[13.34139,52.52659],[13.3413,52.52659],[13.34113,52.5256]],[[13.34211,52.51736],[13.34224,52.51737],[13.34204,52.51838],[13.34189,52.51844],[13.34211,52.51736]],[[13.34242,52.53632],[13.34231,52.53634],[13.34277,52.53729],[13.34287,52.53728],[13.34242,52.53632]],[[13.34943,52.54211],[13.34949,52.54205],[13.35088,52.54256],[13.35082,52.54262],[13.34943,52.54211]],[[13.35968,52.54684],[13.35884,52.5463],[13.35847,52.54603],[13.35858,52.54597],[13.35981,52.54677],[13.35968,52.54684]],[[13.36671,52.55119],[13.36785,52.55191],[13.36794,52.55186],[13.36677,52.55115],[13.36671,52.55119]],[[13.37282,52.55675],[13.37295,52.55671],[13.37362,52.5576],[13.37355,52.55763],[13.37282,52.55675]]]}},{"type":"Feature","properties":{"id":"line-m1","kind":"line","lineRef":"tram","ref":"M1","color":"#BE1414"},"geometry":{"type":"MultiLineString","coordinates":[[[13.38042,52.59489],[13.37915,52.59576],[13.37801,52.59635],[13.37612,52.59711],[13.3752,52.59721],[13.37399,52.59763],[13.37328,52.59818]],[[13.387,52.58986],[13.38499,52.59108],[13.38433,52.59137],[13.38236,52.59338],[13.38154,52.59403]],[[13.387,52.58986],[13.38771,52.58942],[13.38793,52.58919],[13.3911,52.58367]],[[13.3911,52.58367],[13.38795,52.58923],[13.38771,52.58946],[13.387,52.58986]],[[13.3911,52.58367],[13.39267,52.58212],[13.39614,52.58054]],[[13.39614,52.58054],[13.39758,52.57986],[13.39817,52.57941],[13.3983,52.5791]],[[13.39614,52.58054],[13.39745,52.57998],[13.39829,52.5793]],[[13.40443,52.59052],[13.40189,52.59008],[13.40167,52.58989],[13.40178,52.58697],[13.40245,52.58613],[13.40297,52.58402],[13.4033,52.5832],[13.40418,52.58165],[13.40415,52.58113],[13.40384,52.58095],[13.40299,52.5808],[13.39944,52.58029],[13.39842,52.57987],[13.3983,52.5797],[13.39829,52.5793]],[[13.3983,52.5791],[13.39836,52.57676],[13.39929,52.57426],[13.39823,52.57113],[13.39834,52.57088],[13.39891,52.57053],[13.40129,52.56929],[13.40165,52.56919],[13.40218,52.56922],[13.40514,52.56962],[13.40986,52.57079],[13.41025,52.57065],[13.41127,52.56951],[13.41197,52.56826],[13.41218,52.56751],[13.41307,52.56114],[13.41326,52.55887],[13.41424,52.55692],[13.41454,52.55441],[13.4133,52.54776],[13.41226,52.5438],[13.41201,52.54082],[13.40656,52.53556],[13.40267,52.53147],[13.40138,52.52987],[13.40136,52.52973],[13.40146,52.52947],[13.40321,52.5273],[13.40367,52.52597],[13.40364,52.52569],[13.4033,52.52501],[13.40256,52.52377],[13.40217,52.52363],[13.3977,52.52379],[13.38862,52.52604],[13.38763,52.52626],[13.38737,52.52625],[13.38722,52.52609],[13.38726,52.52582],[13.3875,52.52497],[13.38766,52.5236],[13.38844,52.51904],[13.38851,52.51885],[13.38876,52.51874],[13.39018,52.51881],[13.3909,52.51903],[13.39477,52.51929],[13.39596,52.51957],[13.39612,52.51978],[13.39497,52.52065],[13.39462,52.52073],[13.3934,52.52019],[13.39046,52.51998],[13.39026,52.51981],[13.39039,52.51905],[13.39027,52.51889],[13.38895,52.51876],[13.38858,52.51884],[13.38849,52.519],[13.38734,52.52603],[13.38755,52.5262],[13.38927,52.52585],[13.39801,52.52365],[13.39999,52.52283],[13.40032,52.52237],[13.40064,52.52221],[13.40226,52.52233],[13.40372,52.52275],[13.40371,52.52297],[13.4027,52.52345],[13.40256,52.52363],[13.40368,52.52568],[13.40372,52.52598],[13.40343,52.52692],[13.40317,52.52743],[13.40151,52.52948],[13.40143,52.52986],[13.40271,52.53146],[13.40659,52.53554],[13.41221,52.54095],[13.4125,52.5438],[13.41354,52.54774],[13.41431,52.55219],[13.41474,52.55419],[13.41477,52.55461],[13.41441,52.55697],[13.41429,52.55731],[13.41344,52.55854],[13.41331,52.55887],[13.41313,52.56114],[13.41223,52.56752],[13.41203,52.56821],[13.41131,52.5695],[13.41013,52.57082],[13.40954,52.57101],[13.40827,52.57077],[13.40407,52.56954],[13.40164,52.56922],[13.40117,52.56938],[13.39839,52.5709],[13.39828,52.57112],[13.39934,52.57422],[13.39841,52.57675],[13.39835,52.5791]],[[13.39835,52.5791],[13.3984,52.5798],[13.39934,52.58023],[13.40383,52.58092],[13.40418,52.58111],[13.40423,52.58162],[13.40317,52.5836],[13.40251,52.58609],[13.40182,52.587],[13.40171,52.58986],[13.40194,52.59006],[13.40443,52.59052]],[[13.40966,52.59164],[13.40847,52.59125],[13.40443,52.59052]]]}},{"type":"Feature","properties":{"id":"line-m2","kind":"line","lineRef":"tram","ref":"M2","color":"#33FF33"},"geometry":{"type":"MultiLineString","coordinates":[[[13.41142,52.52177],[13.4103,52.5225],[13.41025,52.52275],[13.41196,52.52389],[13.41575,52.52701],[13.41924,52.53081],[13.42711,52.54404],[13.42832,52.54705],[13.4304,52.55163],[13.42924,52.55638],[13.43277,52.5577],[13.43309,52.55791],[13.43615,52.56551],[13.43639,52.56572]],[[13.43639,52.56572],[13.43609,52.56548],[13.43304,52.55793],[13.43276,52.55772],[13.42944,52.55652],[13.42918,52.55634],[13.43036,52.55166],[13.42816,52.54676],[13.42708,52.54405],[13.4192,52.53083],[13.4158,52.52712],[13.41182,52.52383],[13.41022,52.52277],[13.41024,52.5225],[13.41142,52.52177]],[[13.43639,52.56572],[13.43838,52.56663],[13.43932,52.56693]],[[13.43964,52.56797],[13.43775,52.56981],[13.43761,52.57174],[13.43747,52.57225]]]}},{"type":"Feature","properties":{"id":"line-m4","kind":"line","lineRef":"tram","ref":"M4","color":"#BE1414"},"geometry":{"type":"MultiLineString","coordinates":[[[13.40268,52.52166],[13.4045,52.52024],[13.40482,52.52013],[13.40514,52.52019],[13.40924,52.52218],[13.4096,52.5221],[13.4117,52.52076],[13.41206,52.52071],[13.41425,52.52179],[13.41747,52.52435],[13.41785,52.52443],[13.41851,52.52423],[13.41891,52.52432],[13.42084,52.52596],[13.42376,52.52816],[13.42661,52.53053],[13.42853,52.53227],[13.43016,52.53358],[13.44275,52.54447],[13.44374,52.54507],[13.45073,52.54819],[13.46219,52.55074],[13.46354,52.55111],[13.46636,52.55234],[13.46692,52.55281],[13.46748,52.55372],[13.46774,52.55383],[13.47451,52.5534],[13.4791,52.55322],[13.47958,52.55328],[13.48148,52.55413],[13.48484,52.55537],[13.48676,52.55652],[13.48821,52.55722],[13.5048,52.56312]],[[13.50478,52.56315],[13.48803,52.55719],[13.48463,52.55532],[13.48115,52.55405],[13.47957,52.55332],[13.47903,52.55326],[13.47581,52.55337],[13.46761,52.55384],[13.46737,52.55371],[13.46689,52.55283],[13.46637,52.55239],[13.46352,52.55114],[13.46217,52.55077],[13.45077,52.54824],[13.44366,52.54506],[13.44271,52.54449],[13.42983,52.53354],[13.42914,52.53285],[13.42761,52.53163],[13.42576,52.53002],[13.42502,52.52924],[13.42372,52.52817],[13.42097,52.5261],[13.41888,52.52435],[13.41858,52.52426],[13.41785,52.52445],[13.41743,52.52438],[13.414,52.52168],[13.41215,52.52078],[13.41188,52.52075],[13.40958,52.52215],[13.40911,52.5222],[13.40516,52.52023],[13.40478,52.52017],[13.40299,52.52142],[13.40233,52.5221],[13.40232,52.52224],[13.40245,52.52235],[13.40341,52.52262]],[[13.49487,52.57237],[13.50492,52.56353],[13.50497,52.56331],[13.50478,52.56315]],[[13.50493,52.5632],[13.50503,52.56335],[13.50496,52.56355],[13.49531,52.57198],[13.49516,52.57225],[13.49533,52.57286]],[[13.5048,52.56312],[13.51804,52.56811],[13.51927,52.56843],[13.52623,52.56933],[13.52661,52.5695],[13.52694,52.5699],[13.52767,52.57005]],[[13.52659,52.56985],[13.52658,52.56955],[13.52624,52.56936],[13.51954,52.5685],[13.51804,52.56815],[13.50493,52.5632]]]}},{"type":"Feature","properties":{"id":"line-m5","kind":"line","lineRef":"tram","ref":"M5","color":"#BE1414"},"geometry":{"type":"MultiLineString","coordinates":[[[13.49487,52.57237],[13.50843,52.56047],[13.50895,52.56022],[13.51505,52.55854],[13.51568,52.55826],[13.51569,52.5581],[13.51555,52.55793],[13.50897,52.55226],[13.50889,52.5521],[13.50893,52.55182],[13.5097,52.5505],[13.50951,52.55028],[13.50869,52.55007],[13.50854,52.54995],[13.50855,52.54922],[13.50844,52.54872],[13.508,52.54858],[13.50402,52.54891],[13.50212,52.54895],[13.50155,52.54884],[13.48394,52.53967],[13.47667,52.53708],[13.47002,52.53509],[13.46667,52.53363],[13.46327,52.53248],[13.46283,52.53218],[13.46088,52.52977],[13.46062,52.52958],[13.45511,52.52839],[13.45188,52.52755],[13.44781,52.52644],[13.43874,52.52375],[13.43614,52.52337],[13.4339,52.52326],[13.42595,52.52317],[13.42392,52.52373],[13.42014,52.52505],[13.41981,52.52506],[13.41873,52.52428],[13.41847,52.52427],[13.41785,52.52445],[13.41743,52.52438],[13.41418,52.52179],[13.41208,52.52075],[13.41171,52.52081],[13.40958,52.52215],[13.40925,52.52221],[13.40899,52.52216],[13.40516,52.52023],[13.40485,52.52016],[13.40453,52.52026],[13.40299,52.52142],[13.40232,52.52212],[13.40233,52.52227],[13.40249,52.52237],[13.40368,52.52271],[13.40376,52.52288],[13.40364,52.52302],[13.40223,52.52362],[13.39751,52.52382],[13.38745,52.52631],[13.38723,52.52652],[13.38708,52.52726],[13.38669,52.52766],[13.38335,52.53034],[13.38289,52.53051],[13.3751,52.52825],[13.36097,52.52388],[13.36053,52.52361],[13.36054,52.52344],[13.36074,52.52327],[13.36176,52.52311]],[[13.36624,52.52515],[13.3663,52.52543],[13.36658,52.52558],[13.38134,52.53009],[13.38301,52.53048],[13.38324,52.53039],[13.38677,52.52754],[13.38706,52.5272],[13.38721,52.52643],[13.38733,52.52633],[13.39801,52.52365],[13.39999,52.52283],[13.40032,52.52237],[13.40058,52.52222],[13.40206,52.52223],[13.40289,52.52146],[13.40424,52.52042],[13.40458,52.52019],[13.4049,52.52013],[13.40924,52.52218],[13.4096,52.5221],[13.4117,52.52076],[13.41211,52.52072],[13.41425,52.52179],[13.41747,52.52435],[13.41785,52.52443],[13.41846,52.52421],[13.41882,52.52421],[13.4199,52.52502],[13.42025,52.52498],[13.42426,52.52359],[13.42611,52.52312],[13.4342,52.52324],[13.43615,52.52335],[13.43853,52.52367],[13.44783,52.52642],[13.45233,52.52764],[13.45514,52.52836],[13.46063,52.52955],[13.4609,52.52974],[13.46289,52.53218],[13.4632,52.53241],[13.46669,52.53361],[13.47022,52.53513],[13.47666,52.53705],[13.484,52.53966],[13.50159,52.54882],[13.50212,52.54893],[13.50405,52.54888],[13.50801,52.54855],[13.50834,52.54858],[13.50854,52.54873],[13.50864,52.54934],[13.50858,52.54994],[13.50879,52.55008],[13.50955,52.55027],[13.50974,52.55049],[13.50896,52.55187],[13.50901,52.55224],[13.51559,52.55792],[13.51572,52.55806],[13.51573,52.55825],[13.51542,52.55846],[13.50898,52.56025],[13.50852,52.56046],[13.49531,52.57198],[13.49516,52.57225],[13.49533,52.57286]]]}},{"type":"Feature","properties":{"id":"line-m6","kind":"line","lineRef":"tram","ref":"M6","color":"#BE1414"},"geometry":{"type":"MultiLineString","coordinates":[[[13.40268,52.52166],[13.4045,52.52024],[13.40482,52.52013],[13.40514,52.52019],[13.40924,52.52218],[13.4096,52.5221],[13.4117,52.52076],[13.41206,52.52071],[13.41425,52.52179],[13.41747,52.52435],[13.41785,52.52443],[13.41846,52.52421],[13.41882,52.52421],[13.4199,52.52502],[13.42025,52.52498],[13.4239,52.5237],[13.42592,52.52315],[13.4342,52.52324],[13.43575,52.52331],[13.43853,52.52367],[13.44529,52.52564]],[[13.44293,52.52499],[13.43874,52.52375],[13.43614,52.52337],[13.42652,52.52313],[13.42542,52.52328],[13.41988,52.52507],[13.41963,52.525],[13.41873,52.52428],[13.41847,52.52427],[13.41785,52.52445],[13.41743,52.52438],[13.41418,52.52179],[13.41208,52.52075],[13.41171,52.52081],[13.40958,52.52215],[13.40925,52.52221],[13.40489,52.52016],[13.40457,52.52024],[13.40383,52.52078],[13.40287,52.52152],[13.40233,52.5221],[13.40232,52.52224],[13.40245,52.52235],[13.40341,52.52262]],[[13.44293,52.52499],[13.44261,52.52494],[13.44233,52.52503],[13.44197,52.52538],[13.44193,52.5256],[13.44228,52.52579],[13.4439,52.52615],[13.44427,52.52607],[13.44472,52.52569],[13.44506,52.5256]],[[13.62407,52.52964],[13.62406,52.52987],[13.62389,52.53004],[13.62293,52.53037],[13.60825,52.53345],[13.60721,52.53381],[13.60658,52.53429],[13.60487,52.53675],[13.60337,52.54383],[13.60323,52.54405],[13.60281,52.54415],[13.59917,52.5439],[13.58643,52.54564],[13.5861,52.54585],[13.58605,52.54616],[13.58717,52.54927],[13.58705,52.54944],[13.58681,52.54954],[13.58545,52.54961],[13.58403,52.54941],[13.56758,52.54507],[13.56661,52.54486],[13.5651,52.54469],[13.5648,52.54473],[13.56462,52.54487],[13.56431,52.54584],[13.56405,52.54625],[13.56367,52.5466],[13.5631,52.54692],[13.56194,52.54724],[13.55842,52.54775],[13.55813,52.54761],[13.55794,52.54739],[13.55644,52.54535],[13.55587,52.54496],[13.55526,52.5447],[13.54554,52.54185],[13.54426,52.54186],[13.54159,52.54259],[13.54094,52.54258],[13.54048,52.54224],[13.53919,52.5404],[13.53865,52.54007],[13.53636,52.53965],[13.52792,52.53772],[13.52362,52.53639],[13.52149,52.53598],[13.51568,52.53549],[13.51426,52.53547],[13.50349,52.53477],[13.4845,52.53384],[13.48311,52.53404],[13.47843,52.53553],[13.47753,52.53594],[13.47662,52.53672],[13.47625,52.53683],[13.47579,52.5368],[13.47002,52.53509],[13.46667,52.53363],[13.46327,52.53248],[13.46283,52.53218],[13.46088,52.52977],[13.46062,52.52958],[13.4548,52.52831],[13.44797,52.52649],[13.44506,52.5256]],[[13.44529,52.52564],[13.44783,52.52642],[13.45481,52.52828],[13.46063,52.52955],[13.4609,52.52974],[13.46289,52.53218],[13.4632,52.53241],[13.46669,52.53361],[13.47022,52.53513],[13.47592,52.53679],[13.47654,52.53671],[13.47754,52.53589],[13.47842,52.5355],[13.48309,52.53401],[13.48477,52.53381],[13.49412,52.53433],[13.50313,52.53472],[13.51394,52.53542],[13.51578,52.53546],[13.5215,52.53595],[13.52366,52.53637],[13.52793,52.53769],[13.53639,52.53963],[13.53867,52.54004],[13.53928,52.54043],[13.54053,52.54223],[13.54079,52.54247],[13.54106,52.54257],[13.54153,52.54257],[13.54408,52.54186],[13.54479,52.54178],[13.54555,52.54182],[13.55528,52.54468],[13.55592,52.54494],[13.55648,52.54533],[13.55804,52.54737],[13.55845,52.54771],[13.56209,52.54718],[13.56307,52.54689],[13.56362,52.54658],[13.56412,52.54609],[13.56462,52.54479],[13.56488,52.54465],[13.56525,52.54464],[13.5676,52.54505],[13.58415,52.5494],[13.58547,52.54958],[13.58679,52.54951],[13.58712,52.54928],[13.586,52.54616],[13.58604,52.54586],[13.58633,52.54564],[13.5992,52.54386],[13.60283,52.54412],[13.60321,52.54402],[13.6033,52.54387],[13.60482,52.53674],[13.60655,52.53425],[13.60726,52.53374],[13.60823,52.53342],[13.62297,52.53032],[13.6237,52.5301],[13.62399,52.52989],[13.62395,52.52964],[13.62348,52.52937]]]}},{"type":"Feature","properties":{"id":"line-m8","kind":"line","lineRef":"tram","ref":"M8","color":"#FF6633"},"geometry":{"type":"MultiLineString","coordinates":[[[13.57482,52.57174],[13.57558,52.57005],[13.57561,52.56974],[13.5755,52.56931],[13.57526,52.56893],[13.56994,52.56288],[13.56973,52.56242],[13.56955,52.56143],[13.56783,52.55675],[13.56733,52.55587],[13.56424,52.5524],[13.55969,52.54921],[13.55853,52.54807],[13.55859,52.54784],[13.55888,52.54771],[13.56268,52.54704],[13.56331,52.54677],[13.56384,52.54641],[13.5642,52.54593],[13.56458,52.54454],[13.56456,52.54366],[13.56416,52.5426],[13.5577,52.53481],[13.55733,52.53448],[13.55683,52.53423],[13.55616,52.53407],[13.55133,52.53386],[13.55062,52.53363],[13.55019,52.53334],[13.54989,52.53285],[13.54855,52.52686],[13.5481,52.52636],[13.54744,52.52608],[13.54678,52.526],[13.52939,52.5255],[13.51769,52.52605],[13.51345,52.52555],[13.50949,52.52548],[13.50666,52.52554],[13.50616,52.52569],[13.50536,52.52615],[13.50474,52.52627],[13.48096,52.52679],[13.47825,52.52662],[13.46071,52.52955],[13.45511,52.52839],[13.45188,52.52755],[13.44781,52.52644],[13.43849,52.52369],[13.43574,52.52333],[13.4263,52.52314],[13.42542,52.52328],[13.4231,52.52401],[13.4194,52.52541],[13.41468,52.52748],[13.41151,52.52841],[13.40387,52.52978],[13.40141,52.52979],[13.40116,52.52993],[13.399,52.53243],[13.39856,52.53258],[13.39596,52.53243],[13.38655,52.53146],[13.38565,52.53129],[13.3815,52.53017],[13.3751,52.52825],[13.36097,52.52388],[13.36053,52.52361],[13.36054,52.52344],[13.36074,52.52327],[13.36176,52.52311]],[[13.36624,52.52515],[13.3663,52.52543],[13.36658,52.52558],[13.38134,52.53009],[13.38568,52.53126],[13.38711,52.53149],[13.39584,52.53239],[13.39859,52.53255],[13.39894,52.53243],[13.40112,52.52992],[13.40136,52.52977],[13.40386,52.52975],[13.41149,52.52839],[13.41466,52.52746],[13.42122,52.52462],[13.42426,52.52359],[13.42546,52.52324],[13.42632,52.52311],[13.43532,52.52328],[13.43853,52.52367],[13.44783,52.52642],[13.45233,52.52764],[13.4558,52.5285],[13.46074,52.52951],[13.47821,52.5266],[13.47938,52.52661],[13.48096,52.52676],[13.50458,52.52625],[13.50536,52.52612],[13.50606,52.5257],[13.50662,52.52551],[13.50949,52.52545],[13.51387,52.52555],[13.5164,52.52592],[13.51769,52.52602],[13.52964,52.52547],[13.54678,52.52597],[13.54745,52.52605],[13.54819,52.52637],[13.5486,52.52686],[13.54994,52.53285],[13.55023,52.53332],[13.55076,52.53366],[13.55136,52.53383],[13.55617,52.53404],[13.55685,52.5342],[13.55736,52.53446],[13.55774,52.53479],[13.56421,52.54259],[13.56461,52.54366],[13.56463,52.54464],[13.56431,52.54584],[13.56396,52.54635],[13.56348,52.54673],[13.5627,52.54707],[13.55884,52.54779],[13.55862,52.54794],[13.55863,52.54813],[13.55981,52.54925],[13.56443,52.55251],[13.56736,52.55583],[13.56807,52.55726],[13.56966,52.5616],[13.56975,52.56228],[13.57,52.56287],[13.57554,52.56926],[13.57566,52.56965],[13.57563,52.57005],[13.57482,52.57174]],[[13.4103,52.52864],[13.41111,52.52854],[13.41174,52.52839],[13.41173,52.52837],[13.4103,52.52864]],[[13.4117,52.52832],[13.41168,52.52829],[13.41033,52.52855],[13.41116,52.52845],[13.4117,52.52832]]]}},{"type":"Feature","properties":{"id":"line-m10","kind":"line","lineRef":"tram","ref":"M10","color":"#BE1414"},"geometry":{"type":"MultiLineString","coordinates":[[[13.33826,52.52647],[13.34335,52.52624],[13.34792,52.52622],[13.34976,52.52626],[13.35524,52.52664],[13.35551,52.52653],[13.35705,52.52468],[13.35716,52.52437],[13.35704,52.52385],[13.35715,52.52366],[13.3584,52.52348],[13.35986,52.52345],[13.38134,52.53009],[13.38558,52.53124],[13.38772,52.53159],[13.3879,52.53173],[13.38793,52.53188],[13.38728,52.53296],[13.38733,52.53325],[13.38807,52.53367],[13.39014,52.53545],[13.39312,52.53735],[13.40425,52.54054],[13.40853,52.54131],[13.41276,52.54094],[13.42419,52.53917],[13.43326,52.53607],[13.44134,52.53219],[13.44763,52.52639],[13.45266,52.51901],[13.45272,52.51875],[13.45258,52.51837],[13.45311,52.51795],[13.45387,52.51575],[13.45092,52.50906],[13.45071,52.50832],[13.44846,52.50485]],[[13.44868,52.50507],[13.45118,52.50908],[13.45409,52.51555],[13.4541,52.51595],[13.45334,52.51805],[13.45366,52.51863],[13.45363,52.51879],[13.45262,52.51918],[13.44757,52.52653],[13.44152,52.53212],[13.4333,52.5361],[13.42421,52.5392],[13.41277,52.541],[13.40873,52.54135],[13.40813,52.54135],[13.40422,52.54059],[13.39325,52.53746],[13.39012,52.53548],[13.38813,52.53377],[13.38728,52.53329],[13.38723,52.53292],[13.38787,52.53188],[13.38783,52.53172],[13.38765,52.5316],[13.38597,52.53137],[13.3815,52.53017],[13.35972,52.52351],[13.35914,52.52348],[13.35723,52.5237],[13.35712,52.52386],[13.35721,52.52437],[13.3571,52.52469],[13.35556,52.52655],[13.35526,52.5267],[13.35008,52.52631],[13.34792,52.52625],[13.33827,52.5265]]]}},{"type":"Feature","properties":{"id":"line-m13","kind":"line","lineRef":"tram","ref":"M13","color":"#BE1414"},"geometry":{"type":"MultiLineString","coordinates":[[[13.39699,52.55477],[13.39123,52.55534],[13.36856,52.55714],[13.36449,52.55688],[13.36375,52.55661],[13.35136,52.55013],[13.33897,52.54364]],[[13.33957,52.54392],[13.35168,52.55025],[13.36378,52.55659],[13.36459,52.55686],[13.36855,52.55711],[13.39122,52.55531],[13.39699,52.55477]],[[13.39932,52.55462],[13.39699,52.55477]],[[13.39932,52.55462],[13.41398,52.55377],[13.41839,52.55331],[13.42676,52.55239],[13.42753,52.55219],[13.42994,52.5513],[13.43029,52.55142],[13.4304,52.55173],[13.42977,52.55439],[13.43023,52.5546],[13.43153,52.55456],[13.45032,52.54868],[13.45113,52.54835],[13.4625,52.55082],[13.46368,52.55117],[13.46508,52.55178],[13.46543,52.55181],[13.46572,52.55168],[13.4663,52.55084],[13.47021,52.54013],[13.47185,52.5378],[13.47371,52.53582],[13.47636,52.53276],[13.47699,52.53181],[13.47967,52.52693],[13.47976,52.52643],[13.47954,52.52392],[13.4796,52.52045],[13.48003,52.51805],[13.47997,52.51706],[13.47729,52.51371],[13.4767,52.51326],[13.47549,52.51199],[13.47512,52.51192],[13.47038,52.51238],[13.47001,52.51233],[13.46538,52.50777],[13.45609,52.50995],[13.45191,52.5107],[13.45156,52.51051],[13.45092,52.50906],[13.45071,52.50832],[13.45045,52.50789]],[[13.45141,52.50957],[13.4518,52.51046],[13.45199,52.5106],[13.45228,52.51063],[13.4559,52.50997],[13.46507,52.50776],[13.4654,52.50775],[13.47004,52.51231],[13.47037,52.51236],[13.47507,52.51189],[13.47553,52.51197],[13.47674,52.51324],[13.47728,52.51364],[13.47981,52.51674],[13.48004,52.51713],[13.48011,52.51997],[13.48029,52.52097],[13.48023,52.52128],[13.4797,52.52212],[13.47962,52.52243],[13.4796,52.52449],[13.4798,52.52643],[13.47972,52.52694],[13.47704,52.53182],[13.47628,52.53296],[13.4719,52.53781],[13.47021,52.54022],[13.46635,52.55085],[13.46576,52.5517],[13.46545,52.55184],[13.46512,52.55183],[13.46366,52.55119],[13.46249,52.55084],[13.45113,52.54837],[13.44676,52.54984],[13.4316,52.55457],[13.43012,52.55461],[13.42973,52.55441],[13.4297,52.55427],[13.43036,52.55175],[13.43026,52.55145],[13.42997,52.55133],[13.42754,52.55222],[13.42678,52.55241],[13.41465,52.55376],[13.39932,52.55462]]]}},{"type":"Feature","properties":{"id":"line-m17","kind":"line","lineRef":"tram","ref":"M17","color":"#A6422A"},"geometry":{"type":"MultiLineString","coordinates":[[[13.52659,52.56985],[13.52658,52.56955],[13.52624,52.56936],[13.51954,52.5685],[13.51804,52.56815],[13.50877,52.56465],[13.50549,52.56332],[13.50544,52.56316],[13.50552,52.563],[13.50864,52.56034],[13.5154,52.55843],[13.5157,52.55822],[13.51555,52.55793],[13.50897,52.55226],[13.50889,52.5521],[13.50893,52.55182],[13.50966,52.55062]],[[13.50966,52.55062],[13.50969,52.55046],[13.50959,52.55033],[13.50869,52.55007],[13.50851,52.54989],[13.5086,52.54934],[13.50851,52.54824],[13.50869,52.54764],[13.51097,52.54392],[13.51406,52.5397],[13.51715,52.53569],[13.51851,52.53377],[13.51888,52.53299],[13.51967,52.52432],[13.51903,52.51567],[13.51892,52.50962],[13.51898,52.50889],[13.51931,52.50791],[13.51983,52.50551],[13.5205,52.50411],[13.52183,52.50028],[13.52375,52.49709],[13.52775,52.49085],[13.52795,52.49007],[13.52566,52.48262],[13.52513,52.48126],[13.52491,52.47961],[13.52426,52.47785],[13.52389,52.4774],[13.51509,52.46916],[13.51398,52.46844],[13.51335,52.46776],[13.5131,52.46704],[13.51403,52.46253],[13.51393,52.46212],[13.51244,52.45907],[13.51009,52.45659],[13.50794,52.45517],[13.50779,52.45488],[13.50792,52.45474],[13.50979,52.45413],[13.51004,52.45395],[13.51009,52.45377],[13.51001,52.45359],[13.5088,52.45275],[13.50876,52.45248],[13.50926,52.45193],[13.50971,52.45117],[13.51329,52.44729],[13.5154,52.44572],[13.52686,52.4378],[13.52683,52.43751],[13.52577,52.43688],[13.5254,52.43644],[13.52527,52.43345],[13.52555,52.43309],[13.52717,52.432],[13.52924,52.42962],[13.52981,52.42957],[13.53309,52.43095],[13.53836,52.43425],[13.5398,52.43485],[13.5401,52.43483],[13.54069,52.43452],[13.54144,52.43398]],[[13.54142,52.43404],[13.54022,52.43481],[13.5398,52.43488],[13.53834,52.43427],[13.5331,52.43099],[13.52981,52.4296],[13.52952,52.42956],[13.52925,52.42965],[13.52721,52.43201],[13.52558,52.4331],[13.5253,52.43349],[13.52541,52.43634],[13.52581,52.43687],[13.52691,52.43753],[13.52699,52.4377],[13.52693,52.43785],[13.52559,52.43885],[13.51689,52.44472],[13.51332,52.4473],[13.50977,52.45117],[13.50931,52.45194],[13.5088,52.45249],[13.50883,52.45273],[13.51004,52.45356],[13.51013,52.45382],[13.50997,52.45407],[13.50831,52.45502],[13.50818,52.45519],[13.50828,52.45536],[13.50885,52.45577],[13.51009,52.45654],[13.51251,52.45909],[13.51398,52.46212],[13.51407,52.46251],[13.51314,52.46702],[13.51337,52.46772],[13.51402,52.46843],[13.51487,52.46894],[13.51546,52.46946],[13.52388,52.47735],[13.52436,52.47795],[13.52519,52.48031],[13.52553,52.48208],[13.52799,52.49015],[13.5278,52.49086],[13.52195,52.50014],[13.52054,52.50413],[13.51985,52.5056],[13.51936,52.50791],[13.51903,52.50889],[13.51896,52.50964],[13.51907,52.51458],[13.51972,52.52426],[13.51893,52.53299],[13.51859,52.53373],[13.51722,52.53565],[13.51364,52.54034],[13.51051,52.54467],[13.50891,52.54734],[13.50859,52.54809],[13.50864,52.54934],[13.50858,52.54994],[13.50879,52.55008],[13.50955,52.55027],[13.50974,52.55049],[13.50896,52.55187],[13.50901,52.55224],[13.51559,52.55792],[13.51575,52.55822],[13.51542,52.55846],[13.50867,52.56037],[13.50559,52.56301],[13.50549,52.56319],[13.50569,52.56341],[13.51804,52.56811],[13.51927,52.56843],[13.52623,52.56933],[13.52661,52.5695],[13.52694,52.5699],[13.52767,52.57005]]]}},{"type":"Feature","properties":{"id":"line-12","kind":"line","lineRef":"tram","ref":"12","color":"#BE1414"},"geometry":{"type":"MultiLineString","coordinates":[[[13.46023,52.55995],[13.46015,52.5598],[13.46027,52.55966],[13.467,52.55684],[13.4674,52.55593],[13.46757,52.55512],[13.46762,52.55438],[13.4676,52.55414],[13.46677,52.55269],[13.4658,52.5521],[13.46305,52.55099],[13.45113,52.54837],[13.4504,52.54868],[13.44676,52.54984],[13.43189,52.5545],[13.4316,52.55457],[13.43137,52.55459],[13.43029,52.55461],[13.42998,52.55458],[13.42975,52.55444],[13.4297,52.55427],[13.43035,52.55182],[13.43024,52.55143],[13.42997,52.55133],[13.42973,52.55137],[13.42754,52.55222],[13.42688,52.55239],[13.42506,52.5526],[13.42484,52.55258],[13.42467,52.55249],[13.41181,52.54061],[13.40751,52.5365],[13.40528,52.53417],[13.40501,52.53411],[13.40442,52.53417],[13.40346,52.53402],[13.40281,52.53352],[13.3991,52.53265],[13.39596,52.53243],[13.38627,52.53143],[13.38334,52.53064],[13.38323,52.53051],[13.38327,52.53036],[13.3864,52.52787],[13.38706,52.5272],[13.38726,52.52582],[13.38763,52.52424],[13.38766,52.5236],[13.38847,52.51892],[13.38864,52.51877],[13.38893,52.51873],[13.39018,52.51881],[13.39084,52.51902],[13.39412,52.51924],[13.39585,52.51957],[13.39603,52.51966],[13.39608,52.5198],[13.39497,52.52065],[13.39462,52.52073],[13.3934,52.52019],[13.39046,52.51998],[13.39026,52.51981],[13.39039,52.51905],[13.39027,52.51889],[13.38895,52.51876],[13.38856,52.51886],[13.38773,52.52356],[13.38754,52.5251],[13.38711,52.52721],[13.38654,52.5278],[13.38335,52.53034],[13.38328,52.53047],[13.38336,52.5306],[13.38558,52.53124],[13.38682,52.53145],[13.39584,52.53239],[13.39889,52.53259],[13.40283,52.5335],[13.40352,52.534],[13.40444,52.53414],[13.40499,52.53408],[13.40526,52.53413],[13.40766,52.5366],[13.41231,52.54102],[13.42472,52.55249],[13.42519,52.55256],[13.42699,52.55234],[13.42976,52.55132],[13.43003,52.55131],[13.43026,52.5514],[13.4304,52.55179],[13.42975,52.55426],[13.4298,52.55444],[13.43002,52.55456],[13.43135,52.55458],[13.43188,52.55449],[13.45032,52.54868],[13.45113,52.54835],[13.46307,52.55097],[13.46585,52.55209],[13.46669,52.55257],[13.46702,52.55297],[13.46766,52.55423],[13.46762,52.55514],[13.46745,52.55589],[13.46702,52.55687],[13.46097,52.55941]]]}},{"type":"Feature","properties":{"id":"line-16","kind":"line","lineRef":"tram","ref":"16","color":"#006699"},"geometry":{"type":"MultiLineString","coordinates":[[[13.57482,52.57174],[13.57558,52.57005],[13.57561,52.56974],[13.5755,52.56931],[13.57526,52.56893],[13.56994,52.56288],[13.56973,52.56242],[13.56955,52.56143],[13.56783,52.55675],[13.56731,52.55584],[13.56454,52.55268],[13.56384,52.55209],[13.55931,52.5489],[13.55794,52.54739],[13.55658,52.5455],[13.55601,52.54504],[13.55543,52.54477],[13.54554,52.54185],[13.54426,52.54186],[13.54159,52.54259],[13.54094,52.54258],[13.54048,52.54224],[13.53919,52.5404],[13.53865,52.54007],[13.53636,52.53965],[13.52792,52.53772],[13.52328,52.5363],[13.52107,52.53593],[13.51568,52.53549],[13.51426,52.53547],[13.50349,52.53477],[13.4845,52.53384],[13.48311,52.53404],[13.47815,52.53563],[13.47741,52.53602],[13.47671,52.53666],[13.4764,52.5368],[13.47579,52.5368],[13.47384,52.53621],[13.47367,52.53602],[13.47371,52.53582],[13.47606,52.53317],[13.47686,52.53202],[13.47967,52.52693],[13.47976,52.52643],[13.47954,52.52392],[13.4796,52.52045],[13.48003,52.51805],[13.48002,52.51732],[13.47981,52.5168],[13.47729,52.51371],[13.4767,52.51326],[13.47549,52.51199],[13.47512,52.51192],[13.4713,52.51226]],[[13.4713,52.51226],[13.47507,52.51189],[13.47553,52.51197],[13.47674,52.51324],[13.47728,52.51364],[13.47985,52.51679],[13.48008,52.51732],[13.4801,52.51985],[13.48029,52.52097],[13.48023,52.52128],[13.4797,52.52212],[13.47962,52.52243],[13.4796,52.52449],[13.4798,52.52643],[13.47977,52.52681],[13.47934,52.52775],[13.47691,52.53203],[13.47619,52.53308],[13.47376,52.53584],[13.47371,52.536],[13.47382,52.53615],[13.47583,52.53678],[13.47633,52.53678],[13.47668,52.53663],[13.47754,52.53589],[13.47827,52.53555],[13.48309,52.53401],[13.48477,52.53381],[13.49412,52.53433],[13.50313,52.53472],[13.51394,52.53542],[13.51578,52.53546],[13.52107,52.5359],[13.52366,52.53637],[13.52793,52.53769],[13.53639,52.53963],[13.53867,52.54004],[13.53928,52.54043],[13.54053,52.54223],[13.54079,52.54247],[13.54106,52.54257],[13.54153,52.54257],[13.54408,52.54186],[13.54479,52.54178],[13.54555,52.54182],[13.55545,52.54474],[13.55605,52.54502],[13.55663,52.54548],[13.55799,52.54738],[13.55936,52.54888],[13.56443,52.55251],[13.56736,52.55583],[13.56807,52.55726],[13.56966,52.5616],[13.56975,52.56228],[13.57,52.56287],[13.57554,52.56926],[13.57566,52.56965],[13.57563,52.57005],[13.57482,52.57174]]]}},{"type":"Feature","properties":{"id":"line-18","kind":"line","lineRef":"tram","ref":"18","color":"#FF6633"},"geometry":{"type":"MultiLineString","coordinates":[[[13.44506,52.5256],[13.45501,52.52832],[13.4608,52.52951],[13.47821,52.5266],[13.47938,52.52661],[13.48096,52.52676],[13.50458,52.52625],[13.50536,52.52612],[13.50606,52.5257],[13.50662,52.52551],[13.50949,52.52545],[13.51387,52.52555],[13.5164,52.52592],[13.51769,52.52602],[13.52964,52.52547],[13.54731,52.52602],[13.54814,52.52633],[13.5486,52.52686],[13.54994,52.53285],[13.55015,52.53324],[13.55066,52.5336],[13.55136,52.53383],[13.55617,52.53404],[13.55685,52.5342],[13.55747,52.53453],[13.56403,52.54233],[13.56451,52.54328],[13.56466,52.54438],[13.56478,52.54453],[13.5676,52.54505],[13.58415,52.5494],[13.58547,52.54958],[13.58679,52.54951],[13.58712,52.54928],[13.586,52.54616],[13.58604,52.54586],[13.58633,52.54564],[13.5992,52.54386],[13.60283,52.54412],[13.60321,52.54402],[13.6033,52.54387],[13.60482,52.53674],[13.60655,52.53425],[13.60726,52.53374],[13.60823,52.53342],[13.62297,52.53032],[13.6237,52.5301],[13.62399,52.52989],[13.62395,52.52964],[13.62348,52.52937]],[[13.62407,52.52964],[13.62406,52.52987],[13.62389,52.53004],[13.62293,52.53037],[13.60825,52.53345],[13.60721,52.53381],[13.60658,52.53429],[13.60487,52.53675],[13.60337,52.54383],[13.60323,52.54405],[13.60281,52.54415],[13.59917,52.5439],[13.58643,52.54564],[13.5861,52.54585],[13.58605,52.54616],[13.58717,52.54927],[13.58705,52.54944],[13.58681,52.54954],[13.58545,52.54961],[13.58403,52.54941],[13.56758,52.54507],[13.56474,52.54455],[13.56461,52.54438],[13.56446,52.54328],[13.56399,52.54235],[13.55743,52.53455],[13.55683,52.53423],[13.55616,52.53407],[13.55133,52.53386],[13.55062,52.53363],[13.55011,52.53325],[13.54989,52.53285],[13.54855,52.52686],[13.5481,52.52636],[13.54729,52.52605],[13.52939,52.5255],[13.51769,52.52605],[13.51345,52.52555],[13.50949,52.52548],[13.50666,52.52554],[13.50616,52.52569],[13.50536,52.52615],[13.50474,52.52627],[13.48096,52.52679],[13.47825,52.52662],[13.46071,52.52955],[13.45511,52.52839],[13.44797,52.52649],[13.44506,52.5256]],[[13.44506,52.5256],[13.44271,52.52494],[13.44233,52.52503],[13.44191,52.52553],[13.44198,52.52566],[13.44228,52.52579],[13.4439,52.52615],[13.44427,52.52607],[13.44472,52.52569],[13.44506,52.5256]]]}},{"type":"Feature","properties":{"id":"line-21","kind":"line","lineRef":"tram","ref":"21","color":"#996699"},"geometry":{"type":"MultiLineString","coordinates":[[[13.46475,52.50972],[13.46299,52.51151],[13.46153,52.51213],[13.4578,52.5128],[13.45361,52.51416],[13.45358,52.5144],[13.45412,52.51572],[13.45334,52.51805],[13.45373,52.51871],[13.45391,52.51883],[13.45545,52.5193],[13.45804,52.51952],[13.45823,52.51965],[13.4587,52.52038],[13.45896,52.52047],[13.46283,52.51981],[13.47247,52.5206],[13.47735,52.52024],[13.4796,52.52045],[13.48016,52.52067],[13.48027,52.52083],[13.48023,52.52128],[13.47964,52.52233],[13.47959,52.52392],[13.4798,52.52643],[13.47998,52.52663],[13.48041,52.52671],[13.48193,52.52675],[13.49904,52.52637],[13.49963,52.52628],[13.49974,52.52602],[13.49922,52.51817],[13.49821,52.51408]],[[13.49821,52.51408],[13.49929,52.51816],[13.49979,52.52601],[13.49973,52.52626],[13.49937,52.52639],[13.48096,52.52679],[13.48016,52.5267],[13.47979,52.5265],[13.4797,52.52601],[13.47954,52.52392],[13.4796,52.52061],[13.47939,52.52044],[13.47724,52.52027],[13.47267,52.52064],[13.46284,52.51988],[13.45897,52.5205],[13.45864,52.52038],[13.45819,52.51966],[13.45801,52.51954],[13.45544,52.51932],[13.45389,52.51887],[13.45314,52.51895],[13.45278,52.51879],[13.45258,52.51837],[13.45311,52.51795],[13.45386,52.51588],[13.45383,52.51555],[13.45334,52.51446],[13.45347,52.51417],[13.45778,52.51277],[13.46151,52.5121],[13.46295,52.51149],[13.46475,52.50972]],[[13.47383,52.50303],[13.47546,52.50266],[13.47555,52.50253],[13.47551,52.50227],[13.47528,52.50173],[13.47529,52.50155],[13.47661,52.5009]],[[13.47661,52.5009],[13.48792,52.49565],[13.49159,52.49225],[13.49962,52.48453],[13.5011,52.48324],[13.50151,52.48322],[13.506,52.48432],[13.51102,52.48419],[13.51337,52.48338],[13.52443,52.47846],[13.52436,52.47802],[13.52393,52.47744],[13.51509,52.46916],[13.51398,52.46844],[13.51333,52.46773],[13.5131,52.46704],[13.51401,52.46232],[13.51244,52.45907],[13.51009,52.45659],[13.50881,52.45579],[13.50775,52.45499],[13.50784,52.45474],[13.50882,52.45419]],[[13.50885,52.45468],[13.50825,52.45506],[13.5082,52.45527],[13.51009,52.45654],[13.51251,52.45909],[13.51403,52.46227],[13.51407,52.46251],[13.51314,52.46702],[13.51337,52.46772],[13.51402,52.46843],[13.51512,52.46915],[13.52404,52.4775],[13.52444,52.47811],[13.52451,52.47832],[13.52446,52.47848],[13.5134,52.4834],[13.51093,52.48423],[13.50597,52.48435],[13.50152,52.48325],[13.50109,52.48329],[13.49966,52.48454],[13.49132,52.49256],[13.4879,52.49571],[13.47661,52.5009]],[[13.49957,52.51219],[13.49882,52.51192],[13.49796,52.51194],[13.49774,52.51202],[13.4977,52.51215],[13.49821,52.51408]],[[13.49821,52.51408],[13.49848,52.51394],[13.50217,52.51358],[13.50242,52.51344],[13.50233,52.51326],[13.50053,52.51258]]]}},{"type":"Feature","properties":{"id":"line-27","kind":"line","lineRef":"tram","ref":"27","color":"#993333"},"geometry":{"type":"MultiLineString","coordinates":[[[13.46023,52.55995],[13.46015,52.5598],[13.46027,52.55966],[13.46695,52.55689],[13.46726,52.55635],[13.46747,52.55561],[13.46761,52.554],[13.46785,52.55385],[13.47211,52.55352],[13.47995,52.55321],[13.48138,52.55308],[13.49026,52.55156],[13.5018,52.54897],[13.50556,52.54878],[13.50829,52.54849],[13.50847,52.54835],[13.50886,52.54732],[13.51097,52.54392],[13.51406,52.5397],[13.51715,52.53569],[13.51865,52.53354],[13.51893,52.53269],[13.51967,52.52432],[13.51903,52.51567],[13.51892,52.50962],[13.51898,52.50889],[13.51931,52.50791],[13.51983,52.50551],[13.5205,52.50411],[13.52183,52.50028],[13.52375,52.49709],[13.52775,52.49085],[13.52795,52.49007],[13.52566,52.48262],[13.52513,52.48126],[13.52491,52.47961],[13.52426,52.47785],[13.52389,52.4774],[13.51509,52.46916],[13.51398,52.46844],[13.51326,52.46761],[13.51312,52.46723],[13.51312,52.46693],[13.51407,52.46251],[13.51456,52.4623],[13.52119,52.46077],[13.52668,52.45835],[13.52852,52.457],[13.52896,52.45686],[13.53884,52.45758],[13.54313,52.4576],[13.54571,52.45719],[13.54839,52.45707],[13.55159,52.45617],[13.55545,52.45568],[13.55749,52.45571],[13.56273,52.45649],[13.56405,52.45651],[13.56463,52.45642],[13.56649,52.45548],[13.57042,52.45201],[13.57301,52.45029],[13.57395,52.44952],[13.57484,52.44804],[13.57544,52.44728],[13.57521,52.4467],[13.57415,52.44507],[13.5742,52.44459],[13.57434,52.44446]],[[13.57806,52.44416],[13.57683,52.44566],[13.57617,52.44618],[13.57602,52.44688],[13.57555,52.44723],[13.57489,52.44805],[13.57417,52.4493],[13.57378,52.44975],[13.57033,52.45213],[13.56642,52.45559],[13.56475,52.45643],[13.56406,52.45654],[13.56272,52.45651],[13.55779,52.4558],[13.55522,52.45572],[13.55145,52.45623],[13.54835,52.45711],[13.54577,52.45725],[13.54312,52.45762],[13.53897,52.45762],[13.52893,52.45689],[13.52849,52.45705],[13.52648,52.45849],[13.52123,52.46079],[13.51448,52.46234],[13.51412,52.46252],[13.51395,52.46299],[13.51316,52.46694],[13.51317,52.46728],[13.51332,52.46762],[13.51402,52.46843],[13.51512,52.46915],[13.52425,52.47775],[13.52469,52.47873],[13.5251,52.48005],[13.52553,52.48208],[13.52799,52.49004],[13.5278,52.49086],[13.52195,52.50014],[13.52054,52.50413],[13.51985,52.5056],[13.51936,52.50791],[13.51903,52.50889],[13.51896,52.50964],[13.51907,52.51458],[13.51972,52.52426],[13.519,52.53266],[13.51869,52.53357],[13.51722,52.53565],[13.51102,52.54393],[13.50891,52.54734],[13.50852,52.54835],[13.50836,52.5485],[13.50557,52.5488],[13.50181,52.549],[13.49027,52.55158],[13.48138,52.5531],[13.47999,52.55323],[13.47211,52.55356],[13.46785,52.55388],[13.46766,52.55402],[13.46762,52.55514],[13.46739,52.55611],[13.46699,52.55689],[13.46097,52.55941]],[[13.57462,52.4444],[13.57719,52.44421]],[[13.57719,52.44421],[13.57817,52.44406],[13.57926,52.44374],[13.58558,52.44134],[13.58722,52.44046],[13.58835,52.44028],[13.59208,52.43884]],[[13.59164,52.43904],[13.58831,52.44033],[13.58724,52.44049],[13.58571,52.44133],[13.57929,52.44376],[13.57807,52.44412],[13.57719,52.44421]]]}},{"type":"Feature","properties":{"id":"line-37","kind":"line","lineRef":"tram","ref":"37","color":"#993333"},"geometry":{"type":"MultiLineString","coordinates":[[[13.49821,52.51408],[13.49929,52.51816],[13.49976,52.52563],[13.49979,52.52606],[13.49995,52.52626],[13.50036,52.52634],[13.50483,52.52624],[13.50536,52.52612],[13.50624,52.52562],[13.50695,52.52548],[13.51345,52.52552],[13.51769,52.52602],[13.51891,52.52597],[13.51943,52.5258],[13.51958,52.52551],[13.51967,52.52413],[13.51903,52.51567],[13.51892,52.50962],[13.51901,52.50878],[13.51931,52.50791],[13.51983,52.50551],[13.5205,52.50411],[13.52183,52.50028],[13.52375,52.49709],[13.52768,52.49097],[13.52792,52.49038],[13.52793,52.48991],[13.5277,52.48915],[13.52566,52.48262],[13.52506,52.481],[13.52491,52.47961],[13.52436,52.47802],[13.52393,52.47744],[13.51509,52.46916],[13.51398,52.46844],[13.51335,52.46776],[13.5131,52.46704],[13.51401,52.46232],[13.51244,52.45907],[13.51009,52.45659],[13.50881,52.45579],[13.50783,52.45504],[13.50785,52.45478],[13.5088,52.45429]],[[13.50849,52.45491],[13.5082,52.4551],[13.50823,52.45531],[13.51009,52.45654],[13.51251,52.45909],[13.51403,52.46227],[13.51407,52.46251],[13.51314,52.46702],[13.51337,52.46772],[13.51402,52.46843],[13.51487,52.46894],[13.51546,52.46946],[13.52388,52.47735],[13.52436,52.47795],[13.52519,52.48031],[13.52553,52.48208],[13.52786,52.48951],[13.52799,52.49004],[13.52797,52.49038],[13.5278,52.49086],[13.52195,52.50014],[13.52054,52.50413],[13.51985,52.5056],[13.51936,52.50791],[13.51906,52.50879],[13.51896,52.50964],[13.51907,52.51458],[13.51972,52.52426],[13.51963,52.52551],[13.51942,52.52585],[13.51892,52.526],[13.51769,52.52605],[13.51345,52.52555],[13.50695,52.52551],[13.50632,52.52563],[13.50545,52.52611],[13.50488,52.52626],[13.50037,52.52637],[13.49994,52.5263],[13.49974,52.52602],[13.49922,52.51817],[13.49821,52.51408]],[[13.49821,52.51408],[13.49848,52.51394],[13.50217,52.51358],[13.50242,52.51344],[13.50233,52.51326],[13.49957,52.51219]]]}},{"type":"Feature","properties":{"id":"line-50","kind":"line","lineRef":"tram","ref":"50","color":"#BE1414"},"geometry":{"type":"MultiLineString","coordinates":[[[13.39699,52.55477],[13.39123,52.55534],[13.36856,52.55714],[13.36449,52.55688],[13.36375,52.55661],[13.35136,52.55013],[13.33897,52.54364]],[[13.33957,52.54392],[13.35168,52.55025],[13.36378,52.55659],[13.36459,52.55686],[13.36855,52.55711],[13.39122,52.55531],[13.39699,52.55477]],[[13.39932,52.55462],[13.39699,52.55477]],[[13.39932,52.55462],[13.40303,52.5544]],[[13.40277,52.55444],[13.39932,52.55462]],[[13.40303,52.5544],[13.41398,52.55377],[13.41429,52.55378],[13.41466,52.55394],[13.41477,52.55461],[13.41441,52.55697],[13.41429,52.55731],[13.41344,52.55854],[13.41331,52.55887],[13.41311,52.56126],[13.41212,52.56799],[13.41131,52.5695],[13.41025,52.5707],[13.41019,52.57091],[13.41044,52.57108],[13.41501,52.57231],[13.41876,52.5749],[13.42654,52.57654],[13.42699,52.57676],[13.42816,52.57774],[13.42851,52.57808],[13.42866,52.5784],[13.4287,52.58148],[13.42846,52.5831],[13.42858,52.58406],[13.43186,52.59359],[13.43219,52.59416],[13.43353,52.59819],[13.43341,52.59868],[13.43132,52.60209],[13.43128,52.60235],[13.43212,52.60431],[13.43321,52.60627],[13.43356,52.6067],[13.43368,52.60752],[13.43341,52.60771],[13.43101,52.60804],[13.43027,52.60833],[13.4298,52.60837],[13.42073,52.60651],[13.41978,52.60613],[13.41608,52.60527]],[[13.41676,52.60539],[13.4198,52.60611],[13.42073,52.60648],[13.4298,52.60834],[13.43022,52.60831],[13.43103,52.608],[13.43336,52.60769],[13.43364,52.60751],[13.43351,52.60671],[13.43319,52.60632],[13.43204,52.60425],[13.43123,52.60235],[13.43131,52.60202],[13.43338,52.59863],[13.43348,52.59819],[13.43212,52.59411],[13.43182,52.59361],[13.42851,52.58397],[13.42841,52.58325],[13.42865,52.58132],[13.4286,52.57839],[13.4283,52.57792],[13.42699,52.57681],[13.4266,52.57659],[13.41874,52.57493],[13.41498,52.57233],[13.41045,52.57111],[13.41015,52.57093],[13.41019,52.57071],[13.41127,52.56951],[13.41206,52.56801],[13.41295,52.5621],[13.41326,52.55887],[13.41424,52.55692],[13.41456,52.55464],[13.41446,52.55398],[13.41436,52.55385],[13.41398,52.55379],[13.40303,52.55442]]]}},{"type":"Feature","properties":{"id":"line-60","kind":"line","lineRef":"tram","ref":"60","color":"#0B9ADA"},"geometry":{"type":"MultiLineString","coordinates":[[[13.62582,52.4468],[13.62455,52.44687],[13.62432,52.44709],[13.62544,52.45657],[13.62539,52.45682],[13.62512,52.45694],[13.6173,52.45524],[13.6163,52.45494],[13.60285,52.45191],[13.60185,52.45177],[13.59996,52.45201],[13.59657,52.45298],[13.59547,52.45308],[13.59345,52.4531],[13.59327,52.4532],[13.59241,52.45498],[13.59203,52.45516],[13.58914,52.45552],[13.58247,52.45537],[13.57726,52.45576],[13.57698,52.45562],[13.57622,52.45458],[13.57353,52.45213],[13.57229,52.45117],[13.57198,52.45109],[13.5717,52.45118],[13.57033,52.45213],[13.56642,52.45559],[13.56514,52.45628],[13.56448,52.45649],[13.56272,52.45651],[13.55779,52.4558],[13.55522,52.45572],[13.55145,52.45623],[13.54835,52.45711],[13.54577,52.45725],[13.54312,52.45762],[13.53897,52.45762],[13.52893,52.45689],[13.52849,52.45705],[13.52648,52.45849],[13.52123,52.46079],[13.5143,52.46235],[13.51396,52.46218],[13.51244,52.45907],[13.51009,52.45659],[13.50881,52.45579],[13.50783,52.45504],[13.50779,52.45488],[13.50792,52.45474],[13.50988,52.45409],[13.51007,52.45389],[13.51007,52.4537],[13.50863,52.45254],[13.5066,52.44659],[13.50266,52.44317],[13.50269,52.44292],[13.50416,52.44026],[13.50445,52.44014],[13.50526,52.44029]],[[13.50578,52.4408],[13.50613,52.4415],[13.50624,52.4426],[13.50512,52.44522],[13.50667,52.44662],[13.5087,52.45258],[13.51004,52.45356],[13.51013,52.45374],[13.50997,52.45407],[13.50825,52.45506],[13.5082,52.45527],[13.51009,52.45654],[13.51246,52.45903],[13.51401,52.46218],[13.51431,52.46232],[13.52119,52.46077],[13.52668,52.45835],[13.52852,52.457],[13.52896,52.45686],[13.53884,52.45758],[13.54313,52.4576],[13.54571,52.45719],[13.54839,52.45707],[13.55159,52.45617],[13.55545,52.45568],[13.55749,52.45571],[13.56273,52.45649],[13.56452,52.45645],[13.56512,52.45622],[13.56649,52.45548],[13.57029,52.45211],[13.57158,52.45122],[13.57196,52.45107],[13.5724,52.4512],[13.57357,52.45211],[13.57627,52.45456],[13.57703,52.45561],[13.57727,52.45572],[13.58268,52.45534],[13.5891,52.4555],[13.59202,52.45514],[13.59245,52.45486],[13.59322,52.45319],[13.59337,52.45309],[13.59667,52.45294],[13.59978,52.45201],[13.60109,52.45177],[13.60185,52.45174],[13.60296,52.4519],[13.61631,52.45491],[13.61725,52.4552],[13.6251,52.45691],[13.62536,52.45678],[13.62539,52.45658],[13.62427,52.44708],[13.62436,52.44692],[13.62456,52.44684],[13.62582,52.4468]],[[13.62582,52.4468],[13.6301,52.44668],[13.63114,52.4467],[13.63178,52.44681]],[[13.63288,52.44717],[13.63361,52.44738],[13.63561,52.44769],[13.6386,52.44765]],[[13.6386,52.44765],[13.64026,52.44762],[13.64045,52.44778],[13.64043,52.44828]]]}},{"type":"Feature","properties":{"id":"line-61","kind":"line","lineRef":"tram","ref":"61","color":"#669933"},"geometry":{"type":"MultiLineString","coordinates":[[[13.54234,52.43581],[13.53834,52.43427],[13.53294,52.43091],[13.52981,52.4296],[13.5293,52.42962],[13.52721,52.43201],[13.52558,52.4331],[13.5253,52.43349],[13.52541,52.43634],[13.52581,52.43687],[13.52691,52.43753],[13.52699,52.4377],[13.52693,52.43785],[13.52559,52.43885],[13.51689,52.44472],[13.51332,52.4473],[13.50977,52.45117],[13.50931,52.45194],[13.5088,52.45249],[13.50883,52.45273],[13.51004,52.45356],[13.51014,52.4538],[13.50997,52.45407],[13.50859,52.45493]],[[13.50929,52.4543],[13.50993,52.45405],[13.51007,52.45389],[13.51007,52.4537],[13.5088,52.45275],[13.50873,52.45263],[13.50878,52.45244],[13.50926,52.45193],[13.50971,52.45117],[13.51329,52.44729],[13.5154,52.44572],[13.52686,52.4378],[13.52683,52.43751],[13.52577,52.43688],[13.5254,52.43644],[13.52527,52.43345],[13.52555,52.43309],[13.52717,52.432],[13.52924,52.42962],[13.52981,52.42957],[13.53309,52.43095],[13.53849,52.43432],[13.54234,52.43581]],[[13.54851,52.43804],[13.54234,52.43581]],[[13.54851,52.43804],[13.55976,52.442],[13.55999,52.44224],[13.56039,52.44324],[13.56241,52.44571],[13.56266,52.44587],[13.56303,52.44586],[13.56996,52.4445],[13.57426,52.44442],[13.57734,52.4442],[13.57763,52.44427],[13.57772,52.44437],[13.57769,52.44453],[13.57683,52.44566],[13.57617,52.44618],[13.57602,52.44688],[13.57555,52.44723],[13.57489,52.44805],[13.574,52.44952],[13.57221,52.45096],[13.57229,52.45112],[13.57357,52.45211],[13.57627,52.45456],[13.57703,52.45561],[13.5772,52.45571],[13.58268,52.45534],[13.5891,52.4555],[13.59202,52.45514],[13.59239,52.45495],[13.59322,52.45319],[13.59349,52.45305],[13.59566,52.45304],[13.5971,52.45284],[13.59978,52.45201],[13.60104,52.45176],[13.60178,52.4514],[13.60957,52.44891],[13.61241,52.44788],[13.61699,52.44666],[13.62002,52.44612],[13.62177,52.44644],[13.62289,52.44675],[13.62402,52.44685],[13.62429,52.44702],[13.62551,52.45674],[13.62605,52.45687],[13.63278,52.45667]],[[13.57367,52.44445],[13.5726,52.44464],[13.57102,52.44465],[13.56991,52.44453],[13.56299,52.4459],[13.56262,52.44589],[13.56238,52.44575],[13.56035,52.44326],[13.56002,52.44245],[13.55974,52.44214],[13.54851,52.43804]],[[13.63278,52.45667],[13.62603,52.4569],[13.62548,52.45677],[13.62539,52.45658],[13.62424,52.44703],[13.624,52.44688],[13.62287,52.44678],[13.6217,52.44645],[13.62001,52.44615],[13.61675,52.44674],[13.61243,52.4479],[13.60919,52.44905],[13.6018,52.45142],[13.60109,52.45178],[13.5998,52.45204],[13.59712,52.45286],[13.59547,52.45308],[13.59351,52.45308],[13.59327,52.4532],[13.59241,52.45498],[13.59203,52.45516],[13.58914,52.45552],[13.58247,52.45537],[13.57721,52.45575],[13.57698,52.45562],[13.57622,52.45458],[13.57353,52.45213],[13.57216,52.45101],[13.5723,52.45077],[13.57395,52.44952],[13.57484,52.44804],[13.57544,52.44731],[13.57521,52.4467],[13.57414,52.44506],[13.57414,52.4447],[13.57388,52.44449]],[[13.63278,52.45667],[13.63373,52.45658],[13.6405,52.45618],[13.64302,52.45596],[13.64444,52.45567],[13.64594,52.45513],[13.64835,52.45368],[13.64898,52.4534],[13.64984,52.45312],[13.66173,52.4498],[13.66254,52.44967],[13.66409,52.4496],[13.66597,52.44916],[13.68504,52.44353],[13.6855,52.44348],[13.68575,52.44368],[13.68572,52.4438],[13.68546,52.44394],[13.68476,52.44377],[13.68438,52.44377],[13.66832,52.44853],[13.6648,52.4495],[13.6641,52.44962],[13.66259,52.44969],[13.66174,52.44982],[13.64963,52.4532],[13.64837,52.4537],[13.64616,52.45506],[13.64445,52.4557],[13.64303,52.45598],[13.6405,52.45621],[13.63278,52.45667]]]}},{"type":"Feature","properties":{"id":"line-62","kind":"line","lineRef":"tram","ref":"62","color":"#006633"},"geometry":{"type":"MultiLineString","coordinates":[[[13.59943,52.47431],[13.59754,52.47337],[13.59355,52.47214],[13.59085,52.47104],[13.58894,52.46993],[13.58438,52.46616],[13.58423,52.46585],[13.58404,52.46376],[13.58387,52.46341],[13.58164,52.46078],[13.57963,52.45893],[13.57813,52.45725],[13.57622,52.45458],[13.57353,52.45213],[13.57217,52.45103],[13.5723,52.45077],[13.57395,52.44952],[13.57484,52.44804],[13.57543,52.44734],[13.57542,52.44712],[13.57521,52.4467],[13.57415,52.44507],[13.5742,52.44459],[13.57434,52.44446]],[[13.57462,52.4444],[13.57719,52.44421]],[[13.57719,52.44421],[13.57805,52.44409],[13.57907,52.44381],[13.58179,52.44278],[13.58204,52.44261],[13.58167,52.44096],[13.58166,52.44056],[13.58269,52.4349],[13.58406,52.42995],[13.58776,52.42216],[13.58925,52.4176],[13.58917,52.41737],[13.58833,52.41685],[13.5884,52.41638],[13.5887,52.41622],[13.58946,52.41631],[13.58963,52.41655],[13.58781,52.42215],[13.58418,52.42975],[13.58377,52.43116],[13.58275,52.43491],[13.5817,52.44056],[13.58171,52.44096],[13.58208,52.44262],[13.5818,52.44282],[13.57909,52.44383],[13.57797,52.44414],[13.57719,52.44421]],[[13.57806,52.44416],[13.57683,52.44566],[13.57617,52.44618],[13.57602,52.44688],[13.57555,52.44723],[13.57489,52.44805],[13.574,52.44952],[13.57229,52.45083],[13.57221,52.45096],[13.57226,52.45108],[13.57357,52.45211],[13.57627,52.45456],[13.57818,52.45723],[13.57966,52.4589],[13.58167,52.46075],[13.58374,52.46318],[13.58405,52.46363],[13.58428,52.46577],[13.58461,52.46633],[13.58886,52.46983],[13.59109,52.47113],[13.59382,52.4722],[13.59754,52.47334],[13.59943,52.47431]],[[13.59943,52.47431],[13.59975,52.47452],[13.60019,52.47556],[13.60089,52.47974]],[[13.601,52.48085],[13.60119,52.48222],[13.60377,52.48576]],[[13.60459,52.48688],[13.60926,52.49329]],[[13.6099,52.49417],[13.61267,52.49794]],[[13.61332,52.49889],[13.61338,52.49904],[13.61308,52.50038],[13.61315,52.50058],[13.61327,52.50085],[13.61467,52.50234],[13.61289,52.50617],[13.61261,52.50727],[13.61283,52.508],[13.61365,52.50919],[13.61367,52.50953],[13.61285,52.51038],[13.61241,52.5112],[13.61193,52.51129]]]}},{"type":"Feature","properties":{"id":"line-63","kind":"line","lineRef":"tram","ref":"63","color":"#EE7203"},"geometry":{"type":"MultiLineString","coordinates":[[[13.5265,52.43808],[13.52687,52.43778],[13.52687,52.43756],[13.52566,52.43679],[13.52535,52.43632],[13.52527,52.43345],[13.52555,52.43309],[13.52715,52.43202],[13.52915,52.42969],[13.52947,52.42954],[13.52984,52.42958],[13.53327,52.43104],[13.53855,52.43434],[13.54234,52.43581]],[[13.54234,52.43581],[13.53852,52.43436],[13.53326,52.43107],[13.52985,52.42961],[13.52947,52.42957],[13.52918,52.42971],[13.52721,52.43201],[13.52558,52.4331],[13.5253,52.43349],[13.52541,52.43634],[13.52581,52.43687],[13.52694,52.43757],[13.52696,52.43782],[13.5266,52.43812]],[[13.54851,52.43804],[13.54234,52.43581]],[[13.54851,52.43804],[13.55976,52.442],[13.55999,52.44224],[13.56039,52.44324],[13.56241,52.44571],[13.56266,52.44587],[13.56303,52.44586],[13.56996,52.4445],[13.57426,52.44442],[13.57719,52.44421]],[[13.57367,52.44445],[13.5726,52.44464],[13.57102,52.44465],[13.56991,52.44453],[13.56299,52.4459],[13.56262,52.44589],[13.56238,52.44575],[13.56035,52.44326],[13.56002,52.44245],[13.55974,52.44214],[13.54851,52.43804]],[[13.59943,52.47431],[13.59754,52.47337],[13.59355,52.47214],[13.59085,52.47104],[13.58894,52.46993],[13.58438,52.46616],[13.58423,52.46585],[13.58404,52.46376],[13.58387,52.46341],[13.58164,52.46078],[13.57963,52.45893],[13.57813,52.45725],[13.57622,52.45458],[13.57353,52.45213],[13.57217,52.45103],[13.5723,52.45077],[13.57395,52.44952],[13.57484,52.44804],[13.57544,52.44731],[13.57521,52.4467],[13.57414,52.44506],[13.57414,52.4447],[13.57388,52.44449]],[[13.57763,52.44427],[13.57772,52.44437],[13.57769,52.44453],[13.57683,52.44566],[13.57617,52.44618],[13.57602,52.44688],[13.57555,52.44723],[13.57489,52.44805],[13.574,52.44952],[13.57229,52.45083],[13.57221,52.45096],[13.57226,52.45108],[13.57357,52.45211],[13.57627,52.45456],[13.57818,52.45723],[13.57966,52.4589],[13.58167,52.46075],[13.58374,52.46318],[13.58405,52.46363],[13.58428,52.46577],[13.58461,52.46633],[13.58886,52.46983],[13.59109,52.47113],[13.59382,52.4722],[13.59754,52.47334],[13.59943,52.47431]],[[13.59943,52.47431],[13.59975,52.47452],[13.60019,52.47556],[13.60089,52.47974]],[[13.601,52.48085],[13.60119,52.48222],[13.60377,52.48576]],[[13.60459,52.48688],[13.60926,52.49329]],[[13.6099,52.49417],[13.61267,52.49794]]]}},{"type":"Feature","properties":{"id":"line-67","kind":"line","lineRef":"tram","ref":"67","color":"#009933"},"geometry":{"type":"MultiLineString","coordinates":[[[13.50849,52.45491],[13.5082,52.4551],[13.50823,52.45531],[13.51009,52.45654],[13.51251,52.45909],[13.51401,52.46218],[13.51431,52.46232],[13.52119,52.46077],[13.52668,52.45835],[13.52852,52.457],[13.52896,52.45686],[13.53884,52.45758],[13.54313,52.4576],[13.54571,52.45719],[13.54839,52.45707],[13.55159,52.45617],[13.55482,52.45573],[13.55609,52.45566],[13.55766,52.45573],[13.56253,52.45647],[13.56438,52.45648],[13.56493,52.45631],[13.56649,52.45548],[13.57042,52.45201],[13.57301,52.45029],[13.57395,52.44952],[13.57484,52.44804],[13.57544,52.44728],[13.57521,52.4467],[13.57415,52.44507],[13.5742,52.44459],[13.57434,52.44446]],[[13.57806,52.44416],[13.57683,52.44566],[13.57617,52.44618],[13.57602,52.44688],[13.57555,52.44723],[13.57489,52.44805],[13.57417,52.4493],[13.57378,52.44975],[13.57033,52.45213],[13.56642,52.45559],[13.56514,52.45628],[13.56432,52.45652],[13.56252,52.45649],[13.55806,52.45583],[13.55608,52.4557],[13.55503,52.45574],[13.55166,52.45619],[13.54887,52.45701],[13.54812,52.45715],[13.54577,52.45725],[13.54321,52.45762],[13.53897,52.45762],[13.52893,52.45689],[13.52849,52.45705],[13.52648,52.45849],[13.52123,52.46079],[13.5143,52.46235],[13.51396,52.46218],[13.51241,52.45903],[13.51009,52.45659],[13.50881,52.45579],[13.50775,52.45499],[13.50784,52.45474],[13.50876,52.45416]],[[13.57462,52.4444],[13.57719,52.44421]],[[13.57719,52.44421],[13.57817,52.44406],[13.57926,52.44374],[13.58558,52.44134],[13.58722,52.44046],[13.58835,52.44028],[13.59208,52.43884]],[[13.59164,52.43904],[13.58831,52.44033],[13.58724,52.44049],[13.58571,52.44133],[13.57929,52.44376],[13.57807,52.44412],[13.57719,52.44421]]]}},{"type":"Feature","properties":{"id":"line-68","kind":"line","lineRef":"tram","ref":"68","color":"#009933"},"geometry":{"type":"MultiLineString","coordinates":[[[13.57367,52.44445],[13.57264,52.44463],[13.57102,52.44465],[13.57033,52.44452],[13.56941,52.44454],[13.56911,52.44431],[13.56936,52.44262],[13.57092,52.43981],[13.57167,52.43812],[13.57133,52.43282],[13.57152,52.4314],[13.57204,52.42954],[13.57286,52.42791],[13.57797,52.42038],[13.58097,52.41691],[13.58087,52.41677],[13.57455,52.41397],[13.57439,52.41382],[13.57444,52.41363],[13.57665,52.41202],[13.57916,52.41078],[13.58214,52.41072],[13.58437,52.41089],[13.58489,52.41099],[13.58654,52.41157],[13.58714,52.41164],[13.58769,52.41155],[13.58917,52.41092],[13.58972,52.41079],[13.59592,52.41079],[13.60039,52.41006],[13.60343,52.40875],[13.60886,52.40804],[13.61115,52.4069],[13.61215,52.40664],[13.61767,52.4065],[13.62181,52.4057],[13.62237,52.40549],[13.62301,52.40492],[13.62359,52.40292],[13.62594,52.39949],[13.62877,52.39682],[13.63043,52.39589],[13.63396,52.39261],[13.63457,52.39188],[13.63515,52.39047],[13.63522,52.38915],[13.63478,52.38769],[13.63434,52.38701],[13.63366,52.38627],[13.63367,52.38605],[13.64381,52.37949],[13.64925,52.3755],[13.64936,52.37524],[13.64917,52.37475]],[[13.57763,52.44427],[13.57772,52.44437],[13.57769,52.44453],[13.57683,52.44566],[13.57617,52.44618],[13.57602,52.44688],[13.57555,52.44723],[13.57489,52.44805],[13.574,52.44952],[13.57359,52.44991],[13.57229,52.45083],[13.57221,52.45099],[13.57357,52.45211],[13.57627,52.45456],[13.57818,52.45723],[13.57968,52.45891],[13.57993,52.45899],[13.58383,52.45904],[13.58437,52.45918],[13.58437,52.46108],[13.58391,52.46187],[13.58334,52.46219],[13.58304,52.46222],[13.58276,52.46211],[13.58164,52.46078],[13.57958,52.45888],[13.57813,52.45725],[13.57622,52.45458],[13.57353,52.45213],[13.5722,52.45109],[13.57217,52.45092],[13.5723,52.45077],[13.57395,52.44952],[13.57484,52.44804],[13.57544,52.44731],[13.57521,52.4467],[13.57414,52.44506],[13.57414,52.4447],[13.57388,52.44449]],[[13.64956,52.37528],[13.64378,52.37956],[13.63371,52.38606],[13.63371,52.38627],[13.63438,52.38699],[13.63476,52.38757],[13.63513,52.3885],[13.63527,52.38914],[13.6352,52.39048],[13.63461,52.39189],[13.63399,52.39262],[13.63045,52.39592],[13.62881,52.39684],[13.62598,52.3995],[13.6236,52.40299],[13.62305,52.40493],[13.6224,52.40551],[13.62184,52.40572],[13.61768,52.40653],[13.61274,52.40661],[13.61179,52.40674],[13.61074,52.40712],[13.60889,52.40806],[13.60345,52.40878],[13.6004,52.41009],[13.59593,52.41081],[13.58972,52.41083],[13.5892,52.41094],[13.58771,52.41158],[13.5871,52.41167],[13.58652,52.4116],[13.58487,52.41102],[13.58435,52.41092],[13.58232,52.41075],[13.57917,52.41081],[13.57669,52.41204],[13.57449,52.41364],[13.57443,52.41379],[13.57459,52.41395],[13.5809,52.41674],[13.58102,52.41695],[13.57859,52.41966],[13.57745,52.42117],[13.57292,52.42791],[13.57223,52.42918],[13.5715,52.43162],[13.57138,52.43249],[13.57172,52.43812],[13.57096,52.43982],[13.56939,52.44266],[13.56914,52.44424],[13.56925,52.44444],[13.56959,52.44453],[13.57426,52.44442],[13.57719,52.44421]]]}},{"type":"Feature","properties":{"id":"line-s1","kind":"line","lineRef":"train","ref":"S1","color":"#D474AE"},"geometry":{"type":"MultiLineString","coordinates":[[[13.28793,52.63447],[13.28951,52.63289],[13.30059,52.6239],[13.30544,52.61949],[13.30695,52.61782],[13.30877,52.61627],[13.31225,52.61363],[13.32138,52.60598],[13.32815,52.60049],[13.33396,52.59712],[13.34097,52.5934],[13.35572,52.5853],[13.36164,52.58192],[13.36735,52.57903],[13.37861,52.57285],[13.38128,52.57124],[13.3898,52.56662],[13.39322,52.56457],[13.39447,52.5636],[13.39586,52.56206],[13.39635,52.56139],[13.39717,52.55912],[13.39739,52.55798],[13.39728,52.55656],[13.39733,52.55597],[13.39817,52.55263],[13.39805,52.55185],[13.39766,52.55113],[13.3972,52.55067],[13.39647,52.55019],[13.39508,52.54968],[13.39389,52.54951],[13.38864,52.54927],[13.38556,52.54877],[13.38378,52.54818],[13.38207,52.54724],[13.38002,52.54566],[13.3792,52.54467],[13.37894,52.54413],[13.37886,52.54369],[13.37917,52.54185],[13.37987,52.53879],[13.38033,52.53765],[13.38081,52.53681],[13.38152,52.53619],[13.38564,52.53357],[13.38752,52.53227],[13.38895,52.53144],[13.39021,52.53047],[13.39176,52.52904],[13.39226,52.52846],[13.39333,52.52671],[13.3934,52.52625],[13.3933,52.52588],[13.39279,52.52502],[13.39182,52.523],[13.39145,52.52258],[13.39054,52.52214],[13.38868,52.52198],[13.38804,52.5218],[13.3862,52.52051],[13.38558,52.51992],[13.38535,52.51961],[13.38528,52.51932],[13.38552,52.51802],[13.3855,52.51771],[13.38531,52.51737],[13.38485,52.51697],[13.38435,52.51676],[13.38349,52.51659],[13.37879,52.51624],[13.37798,52.51594],[13.37746,52.51549],[13.3768,52.5115],[13.3764,52.50993],[13.37643,52.50904],[13.37682,52.50849],[13.37796,52.50786],[13.38141,52.50522],[13.3817,52.5046],[13.38159,52.50389],[13.38135,52.50343],[13.38059,52.5025],[13.37891,52.49998],[13.37788,52.49928],[13.37501,52.49803],[13.37412,52.49743],[13.3706,52.49467],[13.36892,52.49376],[13.36697,52.49141],[13.35914,52.48483],[13.3573,52.48359],[13.35368,52.48071],[13.35165,52.47927],[13.34557,52.47407],[13.33515,52.46562],[13.33325,52.46422],[13.32461,52.45714],[13.31859,52.45278],[13.31578,52.45114],[13.31396,52.45036],[13.3117,52.44953],[13.30691,52.44795],[13.30034,52.44554],[13.29384,52.44348],[13.2873,52.44117],[13.28468,52.44013],[13.27815,52.43781],[13.27318,52.43616],[13.2692,52.43466],[13.26113,52.43181],[13.25534,52.43029],[13.2537,52.42998],[13.25229,52.42987],[13.25042,52.42993],[13.24928,52.43011],[13.24797,52.43045],[13.23623,52.43544],[13.23159,52.43753],[13.23006,52.43808],[13.22521,52.44014],[13.22325,52.44069],[13.22083,52.44091],[13.21879,52.44079],[13.20998,52.43904],[13.20803,52.43848],[13.2,52.43528],[13.1984,52.43457],[13.19675,52.43368],[13.19455,52.43225],[13.19068,52.42873],[13.18602,52.42479],[13.17923,52.42113]],[[13.17927,52.42109],[13.18244,52.42264],[13.18559,52.42437],[13.19528,52.43264],[13.19679,52.43366],[13.19844,52.43454],[13.20003,52.43525],[13.20766,52.43829],[13.20942,52.43883],[13.21917,52.44076],[13.22144,52.44085],[13.22364,52.44057],[13.22474,52.44026],[13.22607,52.43975],[13.23699,52.43507],[13.24791,52.4304],[13.24974,52.42994],[13.25108,52.42977],[13.25228,52.42975],[13.25371,52.42985],[13.25559,52.4302],[13.26062,52.4316],[13.27847,52.43789],[13.29632,52.44419],[13.30049,52.44555],[13.3101,52.44892],[13.31359,52.45018],[13.31581,52.45111],[13.31872,52.45269],[13.32218,52.45511],[13.33186,52.46288],[13.34155,52.47065],[13.34323,52.47212],[13.35313,52.48022],[13.35736,52.48356],[13.35939,52.48496],[13.36744,52.49168],[13.36912,52.49374],[13.37095,52.49487],[13.37416,52.49741],[13.37504,52.49801],[13.37792,52.49925],[13.37899,52.49995],[13.37948,52.50044],[13.3814,52.50342],[13.38165,52.50388],[13.3818,52.50459],[13.38175,52.50484],[13.38147,52.50525],[13.37741,52.5083],[13.37697,52.50886],[13.37695,52.51094],[13.37746,52.51539],[13.37805,52.5159],[13.37883,52.51618],[13.38335,52.5165],[13.38439,52.5167],[13.38495,52.51694],[13.3854,52.51734],[13.38558,52.51764],[13.38562,52.51803],[13.38543,52.51919],[13.38555,52.51954],[13.38579,52.51985],[13.38768,52.52149],[13.38816,52.52177],[13.38859,52.52189],[13.39061,52.52207],[13.39143,52.52242],[13.39186,52.52288],[13.39335,52.52572],[13.39352,52.52626],[13.39338,52.52682],[13.3922,52.52871],[13.3908,52.53012],[13.38864,52.53189],[13.382,52.53601],[13.38117,52.53673],[13.38071,52.53743],[13.37978,52.5395],[13.37905,52.54268],[13.37897,52.54341],[13.37924,52.54439],[13.38019,52.54569],[13.38212,52.5472],[13.38361,52.54797],[13.38529,52.54847],[13.38789,52.54888],[13.39433,52.54919],[13.39558,52.54934],[13.39656,52.5496],[13.39727,52.5499],[13.39784,52.55027],[13.39836,52.55076],[13.39873,52.55144],[13.39878,52.55219],[13.39777,52.55612],[13.39722,52.55913],[13.3964,52.5614],[13.39458,52.56367],[13.39358,52.56453],[13.39246,52.56528],[13.38021,52.57201],[13.37528,52.57492],[13.37209,52.57649],[13.35991,52.583],[13.34406,52.59176],[13.3282,52.60052],[13.32701,52.60142],[13.32106,52.6065],[13.30927,52.61606],[13.30714,52.61791],[13.30529,52.61986],[13.30131,52.62335],[13.29564,52.62796],[13.28793,52.63447]],[[13.28379,52.7],[13.28817,52.69026],[13.28846,52.68934],[13.28888,52.68666],[13.28884,52.68546],[13.28854,52.68247],[13.28775,52.68011],[13.28793,52.67772],[13.2879,52.67644],[13.28736,52.67124],[13.28695,52.66866],[13.28654,52.66356]],[[13.28654,52.66356],[13.28797,52.67646],[13.28799,52.67772],[13.28779,52.67998],[13.28789,52.6805],[13.28839,52.68168],[13.28859,52.68247],[13.28894,52.68585],[13.28892,52.68773],[13.28871,52.68937],[13.28806,52.69124],[13.28386,52.7]],[[13.28793,52.63447],[13.28623,52.63601],[13.28517,52.63733],[13.28442,52.63894],[13.28415,52.64033],[13.28415,52.64119],[13.28487,52.64801],[13.28535,52.65096],[13.28596,52.65666],[13.28654,52.66356]]]}},{"type":"Feature","properties":{"id":"line-s2","kind":"line","lineRef":"train","ref":"S2","color":"#018A47"},"geometry":{"type":"MultiLineString","coordinates":[[[13.39535,52.3892],[13.3888,52.39956],[13.38481,52.40668],[13.38276,52.41059],[13.37827,52.41808],[13.37479,52.4242],[13.37243,52.42783],[13.36785,52.43561],[13.36239,52.4451],[13.36043,52.44884],[13.35863,52.45148],[13.35711,52.45406],[13.35661,52.45522],[13.3563,52.45681],[13.35616,52.45926],[13.35634,52.46012],[13.35662,52.46081],[13.36342,52.47245],[13.36487,52.47542],[13.37128,52.48663],[13.37198,52.48883],[13.37235,52.49435],[13.3726,52.49532],[13.37342,52.49661],[13.37418,52.4974],[13.3754,52.49817],[13.37794,52.49922],[13.37906,52.49993],[13.37954,52.50041],[13.38184,52.50386],[13.38191,52.50449],[13.38147,52.50525],[13.37741,52.5083],[13.37697,52.50886],[13.37695,52.51094],[13.37746,52.51539],[13.37805,52.5159],[13.37883,52.51618],[13.38335,52.5165],[13.38439,52.5167],[13.38495,52.51694],[13.3854,52.51734],[13.38558,52.51764],[13.38562,52.51803],[13.38543,52.51919],[13.38555,52.51954],[13.38579,52.51985],[13.38768,52.52149],[13.3881,52.52175],[13.38859,52.52189],[13.39061,52.52207],[13.39117,52.52227],[13.39156,52.52253],[13.39192,52.52298],[13.39348,52.52602],[13.39352,52.52635],[13.39343,52.52673],[13.39235,52.52849],[13.3908,52.53012],[13.38864,52.53189],[13.382,52.53601],[13.38137,52.53651],[13.381,52.53694],[13.38007,52.53877],[13.37969,52.53983],[13.37898,52.54311],[13.379,52.54369],[13.37918,52.54427],[13.38005,52.54555],[13.38128,52.54658],[13.38258,52.54749],[13.38416,52.54817],[13.38593,52.5486],[13.38789,52.54888],[13.39522,52.54933],[13.39658,52.54972],[13.39757,52.55029],[13.39827,52.55106],[13.39854,52.55192],[13.39847,52.55257],[13.39762,52.55591],[13.39756,52.55669],[13.39764,52.55724],[13.39807,52.55839],[13.39844,52.55892],[13.39902,52.55951],[13.40023,52.56034],[13.41661,52.56984],[13.42574,52.57525],[13.42892,52.57741],[13.43001,52.57845],[13.43142,52.58002],[13.43451,52.58289],[13.43645,52.58483],[13.44777,52.59534],[13.4591,52.60584],[13.46076,52.60749],[13.46151,52.6086],[13.46203,52.60919],[13.46446,52.61076],[13.46876,52.61445],[13.47639,52.62156],[13.47812,52.62351],[13.48063,52.62549],[13.49138,52.63554],[13.49439,52.6378],[13.49765,52.63993]],[[13.39669,52.38666],[13.39535,52.3892]],[[13.49765,52.63993],[13.4959,52.63897],[13.49442,52.63801],[13.49094,52.63537],[13.48987,52.63421],[13.4838,52.6285],[13.48012,52.62511],[13.47806,52.62354],[13.47625,52.6215],[13.46641,52.61246],[13.46441,52.61078],[13.46252,52.60964],[13.46194,52.60919],[13.46145,52.60862],[13.46071,52.60751],[13.45893,52.60574],[13.44885,52.59639],[13.44675,52.5946],[13.44294,52.59108],[13.44111,52.58924],[13.43136,52.58004],[13.42863,52.57731],[13.42571,52.57528],[13.41195,52.56718],[13.41044,52.56644],[13.40885,52.56551],[13.40716,52.56441],[13.40019,52.56037],[13.3988,52.55937],[13.39798,52.55833],[13.39757,52.55725],[13.39753,52.55603],[13.39843,52.55219],[13.39835,52.55172],[13.3981,52.55121],[13.39737,52.55045],[13.39635,52.5499],[13.39506,52.54957],[13.38864,52.54927],[13.38556,52.54877],[13.38441,52.54842],[13.38264,52.5476],[13.38109,52.54651],[13.37966,52.54529],[13.37898,52.54422],[13.37886,52.54369],[13.37888,52.54328],[13.37975,52.53921],[13.38033,52.53765],[13.38081,52.53681],[13.38152,52.53619],[13.38564,52.53357],[13.38752,52.53227],[13.38895,52.53144],[13.39021,52.53047],[13.39176,52.52904],[13.39226,52.52846],[13.39333,52.52671],[13.39337,52.52607],[13.39182,52.523],[13.39145,52.52258],[13.39054,52.52214],[13.38868,52.52198],[13.38804,52.5218],[13.3862,52.52051],[13.38548,52.51982],[13.38528,52.51932],[13.38552,52.51777],[13.38541,52.51749],[13.38492,52.51702],[13.38435,52.51676],[13.38349,52.51659],[13.37879,52.51624],[13.37798,52.51594],[13.37746,52.51549],[13.3768,52.5115],[13.3764,52.50993],[13.37643,52.50904],[13.37682,52.50849],[13.37796,52.50786],[13.38145,52.50518],[13.3817,52.5046],[13.38159,52.50389],[13.38135,52.50343],[13.38059,52.5025],[13.37885,52.50001],[13.37817,52.49947],[13.37532,52.49823],[13.37409,52.49745],[13.37344,52.49687],[13.37254,52.49537],[13.37224,52.49406],[13.37187,52.48859],[13.37122,52.48664],[13.36613,52.47789],[13.36483,52.47582],[13.36355,52.47305],[13.36213,52.4707],[13.36008,52.46691],[13.35664,52.46101],[13.35628,52.46013],[13.35609,52.45919],[13.35623,52.45681],[13.35655,52.45521],[13.35707,52.45402],[13.36024,52.4488],[13.36505,52.44044],[13.36986,52.43208],[13.37247,52.42768],[13.37394,52.42541],[13.37469,52.42401],[13.37566,52.42256],[13.37825,52.418],[13.38286,52.41031],[13.38471,52.40676],[13.38864,52.39971],[13.39067,52.39656],[13.39267,52.39323],[13.39472,52.39012],[13.39574,52.38818]],[[13.39574,52.38818],[13.39641,52.38683],[13.39775,52.38478],[13.40106,52.37912],[13.4023,52.37666],[13.40472,52.37002],[13.40678,52.3638]],[[13.40678,52.3638],[13.40727,52.362],[13.40789,52.3602],[13.40868,52.35856]],[[13.40868,52.35856],[13.40678,52.3638]],[[13.40868,52.35856],[13.40972,52.35507],[13.41144,52.35057],[13.41322,52.34484],[13.41369,52.34236],[13.41394,52.34172],[13.41498,52.33983],[13.41624,52.33584]],[[13.49765,52.63993],[13.50299,52.64281],[13.51285,52.64837],[13.51664,52.65026],[13.53087,52.658]],[[13.53693,52.6613],[13.53087,52.658]],[[13.53087,52.658],[13.53345,52.65954],[13.53693,52.6613]],[[13.53693,52.6613],[13.53942,52.66232],[13.54136,52.66286],[13.56016,52.66733],[13.57896,52.6718],[13.5841,52.67309]],[[13.5841,52.67309],[13.58802,52.67412],[13.59085,52.67508],[13.59268,52.67594]],[[13.59254,52.67606],[13.58949,52.67466],[13.58744,52.67398],[13.5841,52.67309]],[[13.39604,52.3876],[13.39665,52.38649],[13.39678,52.38644],[13.39608,52.38777],[13.39596,52.38775],[13.39604,52.3876]]]}},{"type":"Feature","properties":{"id":"line-s3","kind":"line","lineRef":"train","ref":"S3","color":"#055A99"},"geometry":{"type":"MultiLineString","coordinates":[[[13.47289,52.50257],[13.47178,52.5029],[13.46825,52.50362],[13.46549,52.50432],[13.45966,52.50494],[13.45525,52.5056],[13.44341,52.50784],[13.43903,52.50926],[13.43377,52.51142],[13.42808,52.51215],[13.42585,52.51215],[13.4245,52.51237],[13.42266,52.51315],[13.4181,52.51484],[13.41733,52.51546],[13.41667,52.5165],[13.41567,52.51752],[13.41511,52.51873],[13.41443,52.51946],[13.41056,52.52209],[13.40838,52.523],[13.40745,52.52327],[13.40638,52.5234],[13.40531,52.52337],[13.40086,52.52247],[13.39778,52.52227],[13.39678,52.52199],[13.39422,52.52076],[13.39327,52.52044],[13.39211,52.52026],[13.38928,52.52014],[13.38811,52.52028],[13.38292,52.52139],[13.3803,52.52143],[13.37906,52.52164],[13.37815,52.52198],[13.37756,52.52233],[13.37572,52.52408],[13.37464,52.5247],[13.37285,52.52523],[13.37055,52.52534],[13.36837,52.52515],[13.36641,52.5246],[13.36544,52.52416],[13.36362,52.52305],[13.3585,52.52043],[13.35754,52.52003],[13.35649,52.51974],[13.35526,52.51956],[13.35409,52.51952],[13.34737,52.52009],[13.34485,52.52013],[13.3431,52.51986],[13.34164,52.51932],[13.34061,52.51865],[13.33704,52.51544],[13.33646,52.51459],[13.33581,52.51303],[13.3342,52.51],[13.33065,52.50588],[13.32991,52.50537],[13.32894,52.50501],[13.32784,52.50478],[13.32664,52.50472],[13.31901,52.50522],[13.31115,52.50557],[13.30872,52.50559],[13.30575,52.5054],[13.30367,52.50502],[13.29656,52.50342],[13.28762,52.50197],[13.28425,52.50111],[13.27522,52.49828],[13.27424,52.49811],[13.273,52.49813],[13.26934,52.49898],[13.26776,52.49973],[13.26581,52.50129],[13.26536,52.50178],[13.26412,52.50492],[13.26378,52.50546],[13.26306,52.50622],[13.26224,52.5068],[13.26131,52.50732],[13.25844,52.50851],[13.25714,52.50916],[13.25623,52.5098],[13.25474,52.5112],[13.25412,52.51155],[13.2533,52.51186],[13.2518,52.5121],[13.24969,52.51221],[13.24842,52.51217],[13.23473,52.51],[13.23148,52.50959],[13.23025,52.50959],[13.22917,52.50975],[13.22718,52.51041],[13.22524,52.51144],[13.22183,52.51356],[13.2208,52.51456],[13.22044,52.51513],[13.22021,52.51573],[13.2197,52.52073],[13.21977,52.52162],[13.22009,52.52247],[13.22265,52.52656],[13.2229,52.52726],[13.22291,52.52785],[13.22272,52.52848],[13.22234,52.52909],[13.22184,52.52957],[13.22086,52.53017],[13.21941,52.53067],[13.21293,52.53147],[13.20704,52.53232],[13.2051,52.53278],[13.19992,52.53435],[13.19694,52.53491]],[[13.1979,52.53463],[13.20043,52.53414],[13.20525,52.5327],[13.20763,52.53215],[13.21921,52.53067],[13.22065,52.53023],[13.22181,52.52954],[13.22234,52.52899],[13.22267,52.52847],[13.22284,52.52794],[13.22286,52.52742],[13.22262,52.5266],[13.22013,52.52262],[13.21969,52.52154],[13.21967,52.52035],[13.22005,52.51631],[13.22019,52.51561],[13.22062,52.51471],[13.22198,52.51328],[13.22486,52.51147],[13.22716,52.51027],[13.22828,52.50985],[13.22909,52.50967],[13.2311,52.50954],[13.23408,52.50987],[13.23947,52.51067],[13.24843,52.51213],[13.24954,52.51218],[13.25179,52.51207],[13.25328,52.51182],[13.25409,52.51152],[13.25473,52.51116],[13.25636,52.5096],[13.25745,52.5089],[13.25847,52.50834],[13.26157,52.5071],[13.26301,52.50621],[13.26353,52.50569],[13.26404,52.50496],[13.26505,52.50228],[13.26537,52.50169],[13.26573,52.5013],[13.26791,52.49955],[13.26886,52.49902],[13.26993,52.49866],[13.27365,52.49797],[13.27515,52.49795],[13.27641,52.49818],[13.28034,52.49941],[13.28267,52.50033],[13.28669,52.50158],[13.28858,52.50203],[13.29569,52.5031],[13.30686,52.50533],[13.30925,52.50555],[13.3117,52.50552],[13.32664,52.50469],[13.32783,52.50475],[13.32896,52.50498],[13.33003,52.50538],[13.33096,52.50602],[13.3339,52.50949],[13.33453,52.51042],[13.33679,52.51486],[13.33728,52.51559],[13.34065,52.51864],[13.34177,52.51934],[13.34339,52.5199],[13.34498,52.5201],[13.35409,52.51949],[13.35525,52.51953],[13.35639,52.51969],[13.35756,52.52],[13.35853,52.5204],[13.36617,52.52439],[13.36737,52.52478],[13.36846,52.52501],[13.37092,52.52523],[13.37299,52.52515],[13.37402,52.5249],[13.37478,52.5246],[13.37577,52.52398],[13.37751,52.52232],[13.37828,52.52188],[13.37903,52.52161],[13.38029,52.5214],[13.38309,52.52133],[13.38656,52.52047],[13.3891,52.52008],[13.39212,52.52023],[13.39332,52.52041],[13.39427,52.52074],[13.39682,52.52196],[13.39781,52.52223],[13.40168,52.52249],[13.40525,52.52333],[13.40637,52.52337],[13.40752,52.52322],[13.40837,52.52297],[13.41016,52.52218],[13.41438,52.51944],[13.41496,52.51887],[13.4157,52.51741],[13.41665,52.51644],[13.41727,52.51546],[13.41808,52.51475],[13.41902,52.51432],[13.42264,52.51312],[13.42416,52.51244],[13.42524,52.51218],[13.42834,52.51203],[13.43256,52.51148],[13.43393,52.5111],[13.43898,52.50898],[13.44266,52.50777],[13.44819,52.50672],[13.45169,52.50591],[13.45647,52.50526],[13.46732,52.50334]],[[13.43624,52.51026],[13.43898,52.50903],[13.44288,52.50776],[13.45267,52.50587],[13.45876,52.50497],[13.46547,52.50384],[13.46732,52.50334]],[[13.47289,52.50257],[13.47155,52.50287],[13.45882,52.50501],[13.45346,52.50579],[13.44978,52.50648],[13.44743,52.50706],[13.44356,52.50777],[13.43859,52.50936],[13.43624,52.51026]],[[13.46732,52.50334],[13.47733,52.50147],[13.48001,52.50073],[13.48355,52.49949],[13.49077,52.49657],[13.49583,52.49475],[13.49704,52.49419],[13.49905,52.49297],[13.50002,52.49254],[13.50108,52.49222],[13.50478,52.49139],[13.5063,52.49088],[13.5112,52.48869],[13.51595,52.48557],[13.51913,52.48404],[13.53636,52.47642],[13.5536,52.4688],[13.57084,52.46118],[13.573,52.46034],[13.57556,52.45958],[13.57918,52.45875],[13.58199,52.45848],[13.58465,52.45843],[13.59079,52.45864],[13.59482,52.45853],[13.59681,52.45841],[13.60153,52.45789],[13.61458,52.45753],[13.62763,52.45718],[13.63586,52.45687],[13.6393,52.45665],[13.6594,52.45466],[13.6795,52.45268],[13.70249,52.45027],[13.70484,52.44994],[13.70728,52.44943],[13.71021,52.44852],[13.71263,52.44749],[13.7151,52.44609],[13.71667,52.44493],[13.71802,52.44366],[13.71887,52.44268],[13.72071,52.44004],[13.7223,52.4384],[13.72324,52.43763],[13.72462,52.43671],[13.72664,52.43566],[13.72969,52.43453],[13.7326,52.43385],[13.74294,52.43262],[13.74511,52.43217],[13.74893,52.43081],[13.75025,52.42997],[13.75147,52.42888]],[[13.75043,52.43002],[13.74889,52.4309],[13.74589,52.43199],[13.74469,52.43233],[13.74264,52.4327],[13.73262,52.43388],[13.72971,52.43457],[13.72668,52.43568],[13.72466,52.43674],[13.72287,52.4381],[13.72081,52.44007],[13.7193,52.4422],[13.71808,52.44368],[13.71671,52.44495],[13.71514,52.44612],[13.71266,52.44752],[13.71024,52.44855],[13.7073,52.44946],[13.70485,52.44998],[13.7025,52.45031],[13.69275,52.4513],[13.68926,52.45179],[13.68689,52.45195],[13.67455,52.45316],[13.65835,52.4548],[13.64215,52.45644],[13.63627,52.45691],[13.63096,52.45721],[13.6231,52.45746],[13.61992,52.45745],[13.60652,52.45779],[13.60029,52.45807],[13.59684,52.45845],[13.59488,52.45857],[13.59064,52.45868],[13.58541,52.4585],[13.58263,52.45857],[13.57856,52.45893],[13.57561,52.4596],[13.57335,52.46026],[13.57089,52.4612],[13.557,52.46735],[13.55441,52.46861],[13.55113,52.46994],[13.53451,52.47726],[13.53117,52.47885],[13.51846,52.48438],[13.51598,52.4856],[13.51123,52.48872],[13.50798,52.49023],[13.50532,52.49129],[13.50042,52.49247],[13.49947,52.49289],[13.49786,52.49393],[13.49675,52.49446],[13.48968,52.49702],[13.48358,52.49952],[13.47932,52.50107],[13.47796,52.50145],[13.47497,52.50196],[13.47289,52.50257]]]}},{"type":"Feature","properties":{"id":"line-s5","kind":"line","lineRef":"train","ref":"S5","color":"#F25721"},"geometry":{"type":"MultiLineString","coordinates":[[[13.67826,52.51852],[13.67513,52.51842],[13.6614,52.51691],[13.65136,52.51599],[13.6466,52.51564],[13.64349,52.51526],[13.62549,52.51356],[13.61715,52.51296],[13.6117,52.51222],[13.60861,52.51197],[13.60478,52.5118],[13.60053,52.51176],[13.59162,52.51216],[13.58259,52.51228],[13.57685,52.51274],[13.57315,52.51278],[13.56946,52.51269],[13.55386,52.51318],[13.55134,52.51354],[13.54687,52.51496],[13.54404,52.5154],[13.54227,52.51554],[13.53994,52.51542],[13.53316,52.51454],[13.53064,52.51407],[13.52866,52.51386],[13.52252,52.51412],[13.51432,52.5143],[13.51021,52.5142],[13.50562,52.51359],[13.5037,52.51307],[13.50198,52.51245],[13.50013,52.51158],[13.49454,52.50852],[13.48752,52.50485],[13.48425,52.50348],[13.4819,52.50278],[13.48036,52.50249],[13.47871,52.5023],[13.47685,52.50224],[13.47384,52.50248],[13.47209,52.50293],[13.46825,52.50362],[13.46549,52.50432],[13.45966,52.50494],[13.45525,52.5056],[13.44379,52.50776],[13.44281,52.508],[13.43903,52.50926],[13.43377,52.51142],[13.42808,52.51215],[13.42585,52.51215],[13.4245,52.51237],[13.42266,52.51315],[13.4181,52.51484],[13.41733,52.51546],[13.41667,52.5165],[13.41567,52.51752],[13.41511,52.51873],[13.41443,52.51946],[13.41056,52.52209],[13.40838,52.523],[13.40745,52.52327],[13.40638,52.5234],[13.40531,52.52337],[13.40086,52.52247],[13.39778,52.52227],[13.39678,52.52199],[13.39422,52.52076],[13.39327,52.52044],[13.39211,52.52026],[13.38928,52.52014],[13.38811,52.52028],[13.38292,52.52139],[13.3803,52.52143],[13.37906,52.52164],[13.37815,52.52198],[13.37756,52.52233],[13.37572,52.52408],[13.37464,52.5247],[13.37356,52.52507],[13.37267,52.52525],[13.36982,52.52532],[13.36807,52.52509],[13.36624,52.52454],[13.36544,52.52416],[13.36362,52.52305],[13.3585,52.52043],[13.35754,52.52003],[13.35649,52.51974],[13.35526,52.51956],[13.35409,52.51952],[13.34737,52.52009],[13.34485,52.52013],[13.3431,52.51986],[13.34164,52.51932],[13.34061,52.51865],[13.33704,52.51544],[13.33646,52.51459],[13.33581,52.51303],[13.3342,52.51],[13.33065,52.50588],[13.32991,52.50537],[13.32894,52.50501],[13.32771,52.50477],[13.32651,52.50472],[13.32192,52.50498],[13.32014,52.50516],[13.31175,52.50555],[13.30925,52.5056],[13.30621,52.50545],[13.30458,52.50521],[13.29656,52.50342],[13.28834,52.50213],[13.28551,52.50147],[13.28351,52.50087]],[[13.28439,52.50068],[13.28674,52.50154],[13.28912,52.50215],[13.29569,52.5031],[13.30544,52.5051],[13.3081,52.50547],[13.30959,52.50556],[13.31171,52.50552],[13.32664,52.50469],[13.32783,52.50475],[13.32896,52.50498],[13.33003,52.50538],[13.33096,52.50602],[13.3339,52.50949],[13.33453,52.51042],[13.33679,52.51486],[13.33728,52.51559],[13.34065,52.51864],[13.34177,52.51934],[13.34339,52.5199],[13.34498,52.5201],[13.35409,52.51949],[13.35525,52.51953],[13.35639,52.51969],[13.35756,52.52],[13.35853,52.5204],[13.36617,52.52439],[13.36737,52.52478],[13.36846,52.52501],[13.37092,52.52523],[13.37299,52.52515],[13.37402,52.5249],[13.37478,52.5246],[13.37577,52.52398],[13.37751,52.52232],[13.37828,52.52188],[13.37903,52.52161],[13.38029,52.5214],[13.38309,52.52133],[13.38656,52.52047],[13.3891,52.52008],[13.39212,52.52023],[13.39332,52.52041],[13.39427,52.52074],[13.39682,52.52196],[13.39781,52.52223],[13.40168,52.52249],[13.40525,52.52333],[13.40637,52.52337],[13.40752,52.52322],[13.40837,52.52297],[13.41016,52.52218],[13.41438,52.51944],[13.41496,52.51887],[13.4157,52.51741],[13.41665,52.51644],[13.41727,52.51546],[13.41808,52.51475],[13.41902,52.51432],[13.42264,52.51312],[13.42416,52.51244],[13.42524,52.51218],[13.42834,52.51203],[13.43301,52.51138],[13.43393,52.5111],[13.43898,52.50898],[13.44216,52.50791],[13.44819,52.50672],[13.45169,52.50591],[13.45647,52.50526],[13.47142,52.50263],[13.47352,52.50236],[13.47712,52.50219],[13.47925,52.50231],[13.48117,52.5026],[13.48409,52.50334],[13.48545,52.50381],[13.49522,52.50873],[13.50072,52.51177],[13.50185,52.51223],[13.50321,52.51252],[13.50951,52.51321],[13.51519,52.51407],[13.51739,52.51411],[13.52881,52.51383],[13.53366,52.51429],[13.53912,52.51526],[13.54158,52.51543],[13.54342,52.51532],[13.54621,52.51492],[13.54847,52.5144],[13.55131,52.51351],[13.55386,52.51314],[13.56824,52.51269],[13.57171,52.51248],[13.57763,52.51244],[13.60106,52.5117],[13.60338,52.5117],[13.60922,52.51195],[13.61545,52.51261],[13.63842,52.51474],[13.66139,52.51687],[13.67826,52.51852]],[[13.67826,52.51852],[13.69099,52.51972],[13.69866,52.5206],[13.70263,52.52095],[13.70554,52.52107],[13.71535,52.522],[13.71721,52.5223],[13.7246,52.52381],[13.73234,52.52487],[13.7389,52.52544],[13.75118,52.52541],[13.75586,52.52578]],[[13.69941,52.52069],[13.7017,52.52091]],[[13.75586,52.52578],[13.76476,52.52663]],[[13.76476,52.52663],[13.76102,52.52635],[13.75586,52.52578]],[[13.76476,52.52663],[13.78238,52.52825],[13.8,52.52987]]]}},{"type":"Feature","properties":{"id":"line-s7","kind":"line","lineRef":"train","ref":"S7","color":"#8070B7"},"geometry":{"type":"MultiLineString","coordinates":[[[13.0792,52.39101],[13.07446,52.39144],[13.06706,52.39174]],[[13.06708,52.39187],[13.07505,52.39145],[13.0792,52.39101]],[[13.08692,52.39084],[13.08377,52.39069],[13.0792,52.39101]],[[13.08692,52.39084],[13.09655,52.39165]],[[13.09655,52.39165],[13.09296,52.39147],[13.08692,52.39084]],[[13.11921,52.39363],[13.09655,52.39165]],[[13.11921,52.39363],[13.13264,52.39495],[13.13489,52.39533],[13.13687,52.39596],[13.13839,52.39669],[13.13947,52.39741],[13.14154,52.39911]],[[13.14154,52.39911],[13.13929,52.39732],[13.13835,52.39671],[13.13684,52.39598],[13.13502,52.3954],[13.1329,52.39503],[13.12865,52.39467],[13.11921,52.39363]],[[13.17193,52.4175],[13.17001,52.4167],[13.15996,52.41331],[13.15859,52.41274],[13.15737,52.41209],[13.15536,52.4106],[13.14154,52.39911]],[[13.17193,52.4175],[13.17547,52.41899],[13.18409,52.42346],[13.18796,52.42517],[13.19082,52.42688],[13.19171,52.42774],[13.19218,52.4285],[13.19353,52.433],[13.19387,52.4338],[13.19478,52.43511],[13.19608,52.43645],[13.20798,52.44587],[13.21988,52.45528],[13.23178,52.4647],[13.24368,52.47412],[13.24525,52.47523],[13.2493,52.47742],[13.2505,52.47825],[13.25219,52.47966],[13.25301,52.48048],[13.25572,52.48423],[13.25668,52.48526],[13.25901,52.48697],[13.26254,52.48886],[13.26395,52.48982],[13.26497,52.49075],[13.2677,52.49371],[13.27176,52.49685],[13.27309,52.49741],[13.27799,52.49882],[13.28642,52.5015],[13.28788,52.50187],[13.29015,52.50232],[13.29569,52.5031],[13.30686,52.50533],[13.30925,52.50555],[13.3117,52.50552],[13.32664,52.50469],[13.32796,52.50477],[13.32926,52.50506],[13.33016,52.50546],[13.33101,52.50607],[13.3339,52.50949],[13.33453,52.51042],[13.33691,52.51508],[13.33735,52.51566],[13.34086,52.5188],[13.34187,52.51939],[13.343,52.5198],[13.34419,52.52004],[13.34527,52.5201],[13.35409,52.51949],[13.35525,52.51953],[13.35639,52.51969],[13.35756,52.52],[13.35853,52.5204],[13.36602,52.52433],[13.36773,52.52487],[13.37024,52.5252],[13.37263,52.5252],[13.37371,52.52499],[13.37456,52.52469],[13.37563,52.5241],[13.37751,52.52232],[13.37828,52.52188],[13.37903,52.52161],[13.38029,52.5214],[13.38309,52.52133],[13.38656,52.52047],[13.3891,52.52008],[13.39212,52.52023],[13.39332,52.52041],[13.39427,52.52074],[13.39682,52.52196],[13.39781,52.52223],[13.40135,52.52244],[13.40266,52.52269],[13.40498,52.5233],[13.40599,52.52338],[13.40693,52.52333],[13.4082,52.52303],[13.41,52.52226],[13.41438,52.51944],[13.41496,52.51887],[13.4157,52.51741],[13.41665,52.51644],[13.41727,52.51546],[13.41808,52.51475],[13.41902,52.51432],[13.42264,52.51312],[13.42416,52.51244],[13.42524,52.51218],[13.42834,52.51203],[13.43301,52.51138],[13.43393,52.5111],[13.43898,52.50898],[13.44216,52.50791],[13.44819,52.50672],[13.45169,52.50591],[13.45647,52.50526],[13.47142,52.50263],[13.47352,52.50236],[13.47712,52.50219],[13.47925,52.50231],[13.48117,52.5026],[13.48409,52.50334],[13.48545,52.50381],[13.49522,52.50873],[13.50072,52.51177],[13.50241,52.51238],[13.50988,52.51326],[13.5134,52.51386],[13.51519,52.51407],[13.51739,52.51411],[13.52881,52.51383],[13.53295,52.51427],[13.5355,52.51499],[13.53736,52.5159],[13.53887,52.51708],[13.53939,52.51769],[13.53982,52.51839],[13.54008,52.5191],[13.54018,52.51976],[13.54011,52.52058],[13.53975,52.52158],[13.53805,52.52391],[13.53727,52.5254],[13.5361,52.52859],[13.53509,52.53285],[13.53501,52.53376],[13.53517,52.53462],[13.53655,52.5379],[13.53733,52.53899],[13.54801,52.55109],[13.55856,52.56347],[13.56233,52.56743],[13.56609,52.57179]],[[13.56512,52.57078],[13.56225,52.56746],[13.55849,52.56349],[13.55082,52.55461],[13.54316,52.54573],[13.54081,52.54316],[13.53696,52.53863],[13.53613,52.53739],[13.53512,52.53505],[13.5349,52.53392],[13.53497,52.5331],[13.53588,52.52881],[13.53717,52.5252],[13.53794,52.52387],[13.53955,52.52182],[13.53998,52.52089],[13.54012,52.5199],[13.53988,52.51868],[13.53947,52.51789],[13.5391,52.5174],[13.53801,52.51641],[13.53711,52.51586],[13.53593,52.51532],[13.53334,52.5146],[13.53064,52.51407],[13.52913,52.51389],[13.52733,52.51386],[13.52252,52.51412],[13.51298,52.51432],[13.50936,52.51412],[13.50562,52.51359],[13.50336,52.51296],[13.50114,52.51209],[13.48752,52.50485],[13.48425,52.50348],[13.4819,52.50278],[13.48036,52.50249],[13.47871,52.5023],[13.47685,52.50224],[13.47384,52.50248],[13.47209,52.50293],[13.46825,52.50362],[13.46549,52.50432],[13.45966,52.50494],[13.45525,52.5056],[13.44379,52.50776],[13.44281,52.508],[13.43903,52.50926],[13.43377,52.51142],[13.42808,52.51215],[13.42585,52.51215],[13.4245,52.51237],[13.42266,52.51315],[13.4181,52.51484],[13.41733,52.51546],[13.41667,52.5165],[13.41567,52.51752],[13.41511,52.51873],[13.41441,52.51947],[13.41056,52.52209],[13.40822,52.52306],[13.40695,52.52336],[13.40522,52.52336],[13.40086,52.52247],[13.39778,52.52227],[13.39678,52.52199],[13.39422,52.52076],[13.39327,52.52044],[13.39211,52.52026],[13.38928,52.52014],[13.38811,52.52028],[13.38292,52.52139],[13.3803,52.52143],[13.37906,52.52164],[13.37772,52.52223],[13.37572,52.52408],[13.37451,52.52475],[13.37339,52.52512],[13.37244,52.52528],[13.36953,52.5253],[13.36765,52.52499],[13.3661,52.52448],[13.36362,52.52305],[13.3585,52.52043],[13.35754,52.52003],[13.35649,52.51974],[13.35526,52.51956],[13.35409,52.51952],[13.34778,52.52006],[13.34542,52.52013],[13.34431,52.52009],[13.34298,52.51983],[13.34184,52.51942],[13.34082,52.51882],[13.3371,52.5155],[13.33646,52.51459],[13.33581,52.51303],[13.3342,52.51],[13.33069,52.50593],[13.33006,52.50545],[13.32924,52.50509],[13.32794,52.5048],[13.32664,52.50472],[13.31901,52.50522],[13.31115,52.50557],[13.30872,52.50559],[13.30549,52.50536],[13.29656,52.50342],[13.28762,52.50196],[13.28293,52.50051],[13.28111,52.50005],[13.2732,52.49755],[13.27172,52.49688],[13.26766,52.49373],[13.26504,52.49089],[13.26439,52.49028],[13.26356,52.48976],[13.25982,52.48779],[13.25704,52.48577],[13.24948,52.47952],[13.24662,52.47666],[13.245,52.47531],[13.2328,52.46564],[13.2206,52.45597],[13.2084,52.44629],[13.1962,52.43662],[13.19481,52.43525],[13.1937,52.43373],[13.19329,52.43286],[13.19284,52.43115],[13.1925,52.43058],[13.19063,52.42876],[13.1865,52.42523],[13.18528,52.42438],[13.17935,52.42136],[13.17637,52.41962],[13.17193,52.4175]]]}},{"type":"Feature","properties":{"id":"line-s8","kind":"line","lineRef":"train","ref":"S8","color":"#52B447"},"geometry":{"type":"MultiLineString","coordinates":[[[13.28863,52.68827],[13.28888,52.68666],[13.28884,52.68546],[13.28849,52.68221],[13.28775,52.68011],[13.28792,52.67669],[13.28736,52.67124],[13.28695,52.66866],[13.28682,52.6663],[13.28706,52.6651],[13.28768,52.66408],[13.28867,52.66319],[13.28998,52.66247],[13.29114,52.66206],[13.29217,52.66182],[13.29348,52.66166],[13.2948,52.66163],[13.29612,52.66173],[13.29761,52.66198],[13.29881,52.66233],[13.29991,52.66277],[13.30161,52.66381],[13.3027,52.66495],[13.30322,52.66596],[13.30426,52.66904],[13.30472,52.66976],[13.30539,52.67043],[13.30639,52.6711],[13.30779,52.6717],[13.30937,52.67209],[13.31106,52.67224],[13.31297,52.67212],[13.31499,52.67167],[13.32272,52.66939],[13.32625,52.66797],[13.32807,52.66741],[13.3346,52.66597],[13.33839,52.66499],[13.34232,52.66415],[13.34521,52.66364]],[[13.34521,52.66364],[13.32809,52.66745],[13.32607,52.66808],[13.32244,52.66957],[13.31502,52.67171],[13.31299,52.67216],[13.31106,52.67228],[13.30936,52.67213],[13.30776,52.67174],[13.30635,52.67113],[13.30534,52.67045],[13.30466,52.66978],[13.30419,52.66905],[13.30311,52.66584],[13.30263,52.66497],[13.30215,52.66438],[13.30142,52.66373],[13.29987,52.6628],[13.29878,52.66236],[13.29758,52.66202],[13.29611,52.66177],[13.2948,52.66167],[13.2924,52.66182],[13.29116,52.6621],[13.29002,52.6625],[13.28872,52.66322],[13.28774,52.6641],[13.28718,52.66498],[13.28692,52.66604],[13.28798,52.67669],[13.28797,52.67797],[13.28779,52.67998],[13.28789,52.6805],[13.28857,52.68234],[13.28894,52.68585],[13.28897,52.68661],[13.28884,52.68858]],[[13.34521,52.66364],[13.35622,52.66134],[13.3713,52.65804],[13.38637,52.65475],[13.38965,52.6537],[13.39193,52.65275],[13.39465,52.65135],[13.39917,52.64858]],[[13.39917,52.64858],[13.41598,52.6385],[13.42089,52.63531],[13.42359,52.6334],[13.43438,52.6254],[13.44517,52.6174],[13.44996,52.614]],[[13.44996,52.614],[13.43646,52.62396],[13.42296,52.63392],[13.42095,52.63531],[13.41425,52.6396],[13.39917,52.64858]],[[13.44996,52.614],[13.45146,52.61286],[13.45364,52.61096],[13.45653,52.60915],[13.45722,52.60853],[13.45776,52.6078],[13.45802,52.60722],[13.45816,52.6065],[13.45811,52.60579],[13.45789,52.60511],[13.45727,52.60419],[13.45587,52.60287]],[[13.45587,52.60287],[13.44839,52.59596],[13.44675,52.5946],[13.44294,52.59108],[13.44111,52.58924],[13.43136,52.58004],[13.42885,52.57751],[13.42821,52.57699],[13.42571,52.57528],[13.41195,52.56718],[13.41044,52.56644],[13.40885,52.56551],[13.40716,52.56441],[13.40019,52.56037],[13.3988,52.55937],[13.3982,52.55868],[13.39778,52.55794],[13.39757,52.55725],[13.3975,52.55648],[13.3976,52.55566],[13.39832,52.55229],[13.39886,52.55111],[13.39955,52.5504],[13.40027,52.54998],[13.40117,52.54967],[13.40234,52.54946],[13.40977,52.54969],[13.41444,52.54938],[13.41627,52.549],[13.42062,52.54754],[13.42604,52.54469],[13.42949,52.54348],[13.4337,52.54228],[13.43743,52.54089],[13.44123,52.53915],[13.44608,52.53734],[13.44707,52.53684],[13.44777,52.53634],[13.456,52.52817],[13.4584,52.52604],[13.45987,52.52531],[13.46373,52.524],[13.46817,52.52289],[13.46916,52.5224],[13.46991,52.52184],[13.47046,52.5212],[13.47124,52.51983],[13.47356,52.51653],[13.475,52.51411],[13.47564,52.51162],[13.47558,52.51061],[13.47534,52.51005],[13.47493,52.50952],[13.4717,52.50614],[13.46982,52.50452],[13.46929,52.5039],[13.46892,52.5032],[13.46835,52.50107],[13.46749,52.49895],[13.46706,52.49823],[13.46586,52.49709],[13.46292,52.49504],[13.46078,52.49269],[13.45924,52.49045],[13.45891,52.48974],[13.45884,52.48925],[13.4589,52.48877],[13.45937,52.48785],[13.46021,52.48711],[13.46199,52.48607],[13.46551,52.48371],[13.47535,52.47698],[13.4852,52.47025],[13.48814,52.46844],[13.49079,52.46669],[13.49441,52.4644],[13.49793,52.46246],[13.50669,52.45675],[13.51546,52.45105],[13.51897,52.44919],[13.52243,52.44755],[13.52611,52.44534],[13.53726,52.43774],[13.54496,52.43215],[13.55132,52.42788],[13.55385,52.42644],[13.55993,52.4223],[13.56214,52.42066],[13.5638,52.41897],[13.56473,52.41824],[13.57062,52.4149],[13.57268,52.41354],[13.57743,52.41006],[13.58496,52.4052],[13.5973,52.39697],[13.59839,52.39615],[13.6,52.39458],[13.6013,52.39294],[13.60832,52.38203],[13.61533,52.37112],[13.61734,52.36812],[13.62107,52.36028],[13.62479,52.35243],[13.62683,52.34932],[13.62997,52.34536]],[[13.62997,52.34536],[13.62863,52.34738],[13.62621,52.35038],[13.62486,52.35244],[13.618,52.36705],[13.61668,52.36938],[13.61483,52.3723],[13.61245,52.37571],[13.60701,52.38417],[13.60158,52.39262],[13.60006,52.3946],[13.59845,52.39617],[13.59732,52.39701],[13.58402,52.40587],[13.58204,52.4071],[13.58033,52.40843],[13.57607,52.41129],[13.57337,52.41329],[13.57077,52.415],[13.56774,52.41672],[13.56544,52.4188],[13.56337,52.42024],[13.56048,52.42196],[13.55389,52.42646],[13.55136,52.42791],[13.54554,52.4318],[13.5415,52.43487],[13.53952,52.43615],[13.53682,52.4381],[13.52477,52.4463],[13.51819,52.45054],[13.51177,52.45383],[13.50873,52.45578],[13.50368,52.45875],[13.49778,52.4626],[13.49395,52.46473],[13.48907,52.46806],[13.48419,52.47124],[13.48047,52.47352],[13.4775,52.47553],[13.47309,52.47877],[13.47083,52.48015],[13.46203,52.4861],[13.46026,52.48714],[13.45943,52.48787],[13.45896,52.48875],[13.4589,52.48926],[13.45896,52.48973],[13.45926,52.49038],[13.46082,52.49267],[13.46295,52.49498],[13.46622,52.49723],[13.4673,52.49821],[13.46782,52.49911],[13.46912,52.50236],[13.47017,52.50436],[13.47499,52.50952],[13.47539,52.51004],[13.47564,52.51061],[13.47569,52.51162],[13.47512,52.514],[13.4749,52.51459],[13.47449,52.51529],[13.47138,52.51971],[13.47047,52.52126],[13.4698,52.522],[13.46903,52.52253],[13.46808,52.52296],[13.46098,52.52498],[13.45954,52.52548],[13.45845,52.52606],[13.45765,52.52671],[13.45568,52.52875],[13.45291,52.5313],[13.44781,52.53637],[13.44681,52.53704],[13.44471,52.53804],[13.44129,52.53929],[13.43857,52.5405],[13.434,52.54221],[13.42868,52.5438],[13.42488,52.54533],[13.42085,52.54748],[13.41622,52.54914],[13.41443,52.54951],[13.40943,52.54974],[13.40728,52.54973],[13.4038,52.54956],[13.40223,52.5496],[13.4011,52.54982],[13.40035,52.5501],[13.39962,52.55053],[13.39905,52.55116],[13.39806,52.55405],[13.39764,52.5558],[13.39756,52.55669],[13.39775,52.5577],[13.39799,52.55823],[13.39844,52.55892],[13.39902,52.55951],[13.40023,52.56034],[13.41661,52.56984],[13.42574,52.57525],[13.42869,52.57723],[13.4297,52.57813],[13.43142,52.58002],[13.43451,52.58289],[13.43645,52.58483],[13.44616,52.59385],[13.45587,52.60287]],[[13.62997,52.34536],[13.63671,52.33468],[13.63743,52.33284],[13.63768,52.33129],[13.63771,52.32971],[13.63742,52.3282],[13.63624,52.32519],[13.6334,52.31859]]]}},{"type":"Feature","properties":{"id":"line-s9","kind":"line","lineRef":"train","ref":"S9","color":"#9A3052"},"geometry":{"type":"MultiLineString","coordinates":[[[13.5096,52.36469],[13.50688,52.36408],[13.50223,52.36276],[13.49326,52.36056],[13.48967,52.36013],[13.48645,52.36012],[13.48495,52.36021],[13.48212,52.36061],[13.4746,52.36239],[13.47199,52.36281],[13.46842,52.36316],[13.46666,52.36354],[13.46506,52.36426],[13.46409,52.36503],[13.46369,52.36551],[13.46335,52.36614],[13.46319,52.36668],[13.46317,52.36733],[13.46344,52.36825],[13.46393,52.36897],[13.46458,52.36959],[13.46559,52.3702],[13.48287,52.37784],[13.50015,52.38549],[13.50729,52.38877],[13.51241,52.39052],[13.51533,52.39192],[13.51923,52.39408],[13.5242,52.39638],[13.52572,52.39688],[13.52744,52.39724],[13.53738,52.39866],[13.54064,52.39903],[13.5428,52.3994],[13.54529,52.40001],[13.54854,52.40128],[13.54966,52.40185],[13.55051,52.40241],[13.55214,52.40408],[13.55296,52.40469],[13.55399,52.40522],[13.55628,52.40587],[13.55757,52.40645],[13.56054,52.40836],[13.56358,52.41083],[13.56526,52.41231],[13.56607,52.41343],[13.56647,52.41437],[13.56663,52.41506],[13.56661,52.41575],[13.56647,52.41631],[13.56602,52.4173],[13.56533,52.41821],[13.56124,52.42143],[13.55389,52.42646],[13.55136,52.42791],[13.54554,52.4318],[13.5415,52.43487],[13.53952,52.43615],[13.53682,52.4381],[13.52477,52.4463],[13.51819,52.45054],[13.51177,52.45383],[13.50873,52.45578],[13.50368,52.45875],[13.49778,52.4626],[13.49395,52.46473],[13.48907,52.46806],[13.48419,52.47124],[13.48047,52.47352],[13.4775,52.47553],[13.47309,52.47877],[13.47083,52.48015],[13.46234,52.4859],[13.46026,52.48714],[13.45974,52.48755],[13.45932,52.488],[13.45905,52.48848],[13.45891,52.48902],[13.45893,52.48958],[13.45926,52.49038],[13.46082,52.49267],[13.46295,52.49498],[13.46668,52.49764],[13.46734,52.49835],[13.46769,52.49904],[13.46794,52.49974],[13.46819,52.50101],[13.46819,52.50184],[13.46803,52.5023],[13.46769,52.50278],[13.46677,52.5035],[13.46583,52.5039],[13.46475,52.50419],[13.45525,52.5056],[13.44341,52.50784],[13.43903,52.50926],[13.43377,52.51142],[13.42808,52.51215],[13.4255,52.51218],[13.42419,52.51247],[13.42266,52.51315],[13.4181,52.51484],[13.41733,52.51546],[13.41667,52.5165],[13.41567,52.51752],[13.41511,52.51873],[13.41443,52.51946],[13.41056,52.52209],[13.40838,52.523],[13.40745,52.52327],[13.40638,52.5234],[13.40531,52.52337],[13.40086,52.52247],[13.39778,52.52227],[13.39678,52.52199],[13.39422,52.52076],[13.39327,52.52044],[13.39211,52.52026],[13.38928,52.52014],[13.38811,52.52028],[13.38292,52.52139],[13.3803,52.52143],[13.37906,52.52164],[13.37815,52.52198],[13.37756,52.52233],[13.37572,52.52408],[13.37464,52.5247],[13.37285,52.52523],[13.37055,52.52534],[13.36835,52.52514],[13.3663,52.52456],[13.36541,52.52413],[13.36363,52.52305],[13.35824,52.5203],[13.35732,52.51996],[13.35625,52.5197],[13.35405,52.51953],[13.34739,52.52008],[13.34498,52.52013],[13.34338,52.51993],[13.34183,52.51942],[13.34071,52.51875],[13.337,52.51538],[13.33646,52.51459],[13.33578,52.51297],[13.33415,52.50993],[13.33053,52.50577],[13.32996,52.50539],[13.32886,52.50498],[13.32791,52.5048],[13.32654,52.50472],[13.31901,52.50522],[13.31115,52.50557],[13.30872,52.50559],[13.30575,52.5054],[13.30367,52.50502],[13.2969,52.50348],[13.28757,52.50196],[13.28425,52.50111],[13.27522,52.49828],[13.27424,52.49811],[13.273,52.49813],[13.26934,52.49898],[13.26776,52.49973],[13.26581,52.50129],[13.26536,52.50178],[13.26412,52.50492],[13.26378,52.50546],[13.26306,52.50622],[13.26224,52.5068],[13.26131,52.50732],[13.25844,52.50851],[13.25714,52.50916],[13.25623,52.5098],[13.25474,52.5112],[13.25412,52.51155],[13.2533,52.51186],[13.2518,52.5121],[13.24969,52.51221],[13.24842,52.51217],[13.23473,52.51],[13.23148,52.50959],[13.23025,52.50959],[13.22917,52.50975],[13.22718,52.51041],[13.22524,52.51144],[13.22183,52.51356],[13.2208,52.51456],[13.22044,52.51513],[13.22021,52.51573],[13.2197,52.52073],[13.21977,52.52162],[13.22009,52.52247],[13.22265,52.52656],[13.2229,52.52726],[13.22291,52.52785],[13.22272,52.52848],[13.22234,52.52909],[13.22184,52.52957],[13.22086,52.53017],[13.21941,52.53067],[13.21293,52.53147],[13.20704,52.53232],[13.2051,52.53278],[13.19992,52.53435],[13.19694,52.53491]],[[13.1979,52.53463],[13.20043,52.53414],[13.20525,52.5327],[13.20763,52.53215],[13.21921,52.53067],[13.22065,52.53023],[13.22181,52.52954],[13.22234,52.52899],[13.22267,52.52847],[13.22284,52.52794],[13.22286,52.52742],[13.22262,52.5266],[13.22013,52.52262],[13.21969,52.52154],[13.21967,52.52035],[13.22005,52.51631],[13.22019,52.51561],[13.22062,52.51471],[13.22198,52.51328],[13.22486,52.51147],[13.22716,52.51027],[13.22828,52.50985],[13.22909,52.50967],[13.2311,52.50954],[13.23408,52.50987],[13.23947,52.51067],[13.24843,52.51213],[13.24954,52.51218],[13.25179,52.51207],[13.25328,52.51182],[13.25409,52.51152],[13.25473,52.51116],[13.25636,52.5096],[13.25745,52.5089],[13.25847,52.50834],[13.26157,52.5071],[13.26301,52.50621],[13.26353,52.50569],[13.26404,52.50496],[13.26505,52.50228],[13.26537,52.50169],[13.26573,52.5013],[13.26791,52.49955],[13.26886,52.49902],[13.26993,52.49866],[13.27365,52.49797],[13.27515,52.49795],[13.27641,52.49818],[13.28537,52.501],[13.2871,52.50165],[13.28902,52.50213],[13.2959,52.50313],[13.30681,52.50532],[13.30925,52.50555],[13.3117,52.50552],[13.32654,52.50469],[13.32791,52.50476],[13.32912,52.50502],[13.33014,52.50545],[13.33101,52.50607],[13.33401,52.50963],[13.33442,52.51022],[13.33685,52.51497],[13.33728,52.51559],[13.34076,52.51873],[13.34185,52.51939],[13.34313,52.51983],[13.34486,52.52009],[13.35406,52.5195],[13.35525,52.51953],[13.35651,52.51971],[13.35828,52.52028],[13.3637,52.52305],[13.36535,52.52402],[13.36632,52.52445],[13.36755,52.52483],[13.36858,52.52502],[13.3713,52.52524],[13.37299,52.52515],[13.37402,52.5249],[13.37478,52.5246],[13.37577,52.52398],[13.37751,52.52232],[13.37811,52.52196],[13.37888,52.52166],[13.38029,52.5214],[13.38309,52.52133],[13.38656,52.52047],[13.38894,52.52008],[13.39212,52.52023],[13.39332,52.52041],[13.39427,52.52074],[13.39682,52.52196],[13.39781,52.52223],[13.40168,52.52249],[13.40525,52.52333],[13.40637,52.52337],[13.40752,52.52322],[13.40837,52.52297],[13.41016,52.52218],[13.41438,52.51944],[13.41496,52.51887],[13.4157,52.51741],[13.41665,52.51644],[13.41727,52.51546],[13.41808,52.51475],[13.41902,52.51432],[13.42264,52.51312],[13.42416,52.51244],[13.42524,52.51218],[13.42834,52.51203],[13.43301,52.51138],[13.43393,52.5111],[13.43898,52.50898],[13.44266,52.50777],[13.44819,52.50672],[13.45169,52.50591],[13.4586,52.50494],[13.46528,52.50382],[13.46673,52.50335],[13.46768,52.50263],[13.46801,52.50216],[13.46815,52.50173],[13.46817,52.50132],[13.46795,52.50006],[13.46764,52.49905],[13.46727,52.49837],[13.46671,52.49777],[13.46613,52.49727],[13.46292,52.49504],[13.46078,52.49269],[13.45924,52.49045],[13.45888,52.4896],[13.45885,52.48908],[13.459,52.48847],[13.45937,52.48785],[13.45969,52.48753],[13.46021,52.48711],[13.46226,52.4859],[13.47214,52.47922],[13.4852,52.47025],[13.49392,52.4647],[13.49793,52.46246],[13.51431,52.45175],[13.51795,52.4497],[13.52243,52.44755],[13.52611,52.44534],[13.53726,52.43774],[13.54496,52.43215],[13.55132,52.42788],[13.55435,52.42611],[13.56091,52.4216],[13.56507,52.41838],[13.566,52.41719],[13.56645,52.41611],[13.56656,52.41541],[13.56649,52.41468],[13.56622,52.4139],[13.5656,52.4128],[13.56464,52.41179],[13.56135,52.40904],[13.56047,52.4084],[13.55689,52.40623],[13.55584,52.40581],[13.55414,52.40532],[13.55302,52.40479],[13.55201,52.40403],[13.55046,52.40243],[13.54961,52.40187],[13.5485,52.4013],[13.54587,52.40029],[13.543,52.39957],[13.54032,52.39911],[13.52687,52.39718],[13.5257,52.39692],[13.52417,52.39641],[13.51962,52.39432],[13.5158,52.3923],[13.51189,52.39048],[13.51085,52.39005],[13.50781,52.38905],[13.50012,52.38551],[13.48284,52.37787],[13.46556,52.37023],[13.46454,52.36961],[13.46388,52.36898],[13.46333,52.36812],[13.46312,52.36733],[13.4632,52.36641],[13.46342,52.36587],[13.46386,52.36522],[13.46486,52.36434],[13.46648,52.36357],[13.46818,52.36316],[13.47198,52.36278],[13.47457,52.36235],[13.4821,52.36055],[13.48493,52.36015],[13.48644,52.36004],[13.48968,52.36006],[13.4933,52.3605],[13.50971,52.36453]]]}},{"type":"Feature","properties":{"id":"line-s25","kind":"line","lineRef":"train","ref":"S25","color":"#018A47"},"geometry":{"type":"MultiLineString","coordinates":[[[13.22735,52.62609],[13.22572,52.62739],[13.22371,52.62982],[13.22288,52.6307],[13.22175,52.63149],[13.22104,52.63186],[13.21976,52.63237],[13.21854,52.63269],[13.21243,52.63365],[13.2109,52.63402],[13.20905,52.63475],[13.20794,52.63541],[13.20733,52.63588]],[[13.22735,52.62609],[13.22852,52.62508],[13.23023,52.62383],[13.24311,52.615]],[[13.24311,52.615],[13.22735,52.62609]],[[13.28701,52.59203],[13.2841,52.59634],[13.28062,52.60014],[13.27969,52.60092],[13.27876,52.60148],[13.27766,52.60197],[13.27588,52.60249],[13.25739,52.60636],[13.25548,52.60691],[13.25437,52.60742],[13.2529,52.60833],[13.24311,52.615]],[[13.30563,52.40409],[13.30484,52.40326],[13.3039,52.40258],[13.30253,52.40192],[13.30128,52.40153],[13.29623,52.40064],[13.27642,52.39682]],[[13.28701,52.59203],[13.29053,52.58679],[13.2922,52.58487]],[[13.2922,52.58487],[13.28943,52.58881],[13.28701,52.59203]],[[13.37659,52.57404],[13.37361,52.57569],[13.37199,52.57612],[13.36271,52.57656],[13.34777,52.57817],[13.33901,52.57833],[13.32444,52.57791],[13.30988,52.57748],[13.30817,52.57758],[13.30629,52.57801],[13.29866,52.58053],[13.29523,52.58184],[13.29434,52.58232],[13.29359,52.58292],[13.2922,52.58487]],[[13.30563,52.40409],[13.30666,52.40564],[13.30943,52.41159],[13.31128,52.41494],[13.31225,52.41632],[13.31413,52.41863],[13.31611,52.42074],[13.31792,52.42238],[13.31994,52.42402],[13.32174,52.42529],[13.32505,52.42726],[13.32848,52.43005],[13.3356,52.43441],[13.33896,52.43666]],[[13.33896,52.43666],[13.33555,52.43444],[13.3285,52.43027],[13.32721,52.42927],[13.32598,52.42805],[13.32502,52.42728],[13.3217,52.42532],[13.31944,52.42369],[13.31512,52.41995],[13.31421,52.41896],[13.31173,52.4157],[13.30966,52.41241],[13.30689,52.40668],[13.30622,52.40502],[13.30563,52.40409]],[[13.33896,52.43666],[13.34718,52.44223],[13.34988,52.4443]],[[13.34988,52.4443],[13.35191,52.4461],[13.35352,52.44783],[13.35483,52.44951],[13.35625,52.45188],[13.35664,52.45299],[13.35682,52.45423],[13.35679,52.45524],[13.35631,52.4582],[13.35634,52.45917],[13.35661,52.46032],[13.35794,52.46308],[13.36342,52.47245],[13.36487,52.47542],[13.37128,52.48663],[13.37198,52.48883],[13.37235,52.49435],[13.3726,52.49532],[13.37342,52.49661],[13.37418,52.4974],[13.3754,52.49817],[13.37794,52.49922],[13.37906,52.49993],[13.37954,52.50041],[13.38184,52.50386],[13.38191,52.50449],[13.38147,52.50525],[13.37741,52.5083],[13.37697,52.50886],[13.37695,52.51094],[13.37746,52.51539],[13.37805,52.5159],[13.37883,52.51618],[13.38335,52.5165],[13.38439,52.5167],[13.38495,52.51694],[13.3854,52.51734],[13.38558,52.51764],[13.38562,52.51803],[13.38543,52.51919],[13.38555,52.51954],[13.38579,52.51985],[13.38768,52.52149],[13.3881,52.52175],[13.38859,52.52189],[13.39061,52.52207],[13.39117,52.52227],[13.39156,52.52253],[13.39192,52.52298],[13.39348,52.52602],[13.39352,52.52635],[13.39343,52.52673],[13.39235,52.52849],[13.3908,52.53012],[13.38864,52.53189],[13.382,52.53601],[13.38137,52.53651],[13.381,52.53694],[13.38007,52.53877],[13.37969,52.53983],[13.37898,52.54311],[13.379,52.54369],[13.37918,52.54427],[13.37966,52.54507],[13.38048,52.54595],[13.38212,52.5472],[13.38361,52.54797],[13.38529,52.54847],[13.38736,52.54882],[13.39452,52.54921],[13.39604,52.54945],[13.39698,52.54976],[13.39784,52.55027],[13.39857,52.55106],[13.39877,52.55164],[13.39878,52.55219],[13.39777,52.55612],[13.39736,52.55859],[13.39669,52.56076],[13.39618,52.56174],[13.39435,52.5639],[13.3933,52.56473],[13.39137,52.56592],[13.38921,52.567],[13.37659,52.57404]],[[13.37659,52.57404],[13.38061,52.57161],[13.38909,52.56702],[13.39341,52.56445],[13.39447,52.5636],[13.39586,52.56206],[13.39635,52.56139],[13.39682,52.56022],[13.39738,52.55809],[13.39728,52.55656],[13.39733,52.55597],[13.39817,52.55263],[13.39805,52.55185],[13.39749,52.55093],[13.39647,52.55019],[13.39508,52.54968],[13.39389,52.54951],[13.38864,52.54927],[13.38556,52.54877],[13.38378,52.54818],[13.38207,52.54724],[13.38002,52.54566],[13.3792,52.54467],[13.37894,52.54413],[13.37886,52.54369],[13.37917,52.54185],[13.37987,52.53879],[13.38033,52.53765],[13.38081,52.53681],[13.38152,52.53619],[13.38564,52.53357],[13.38752,52.53227],[13.38895,52.53144],[13.38991,52.53072],[13.3921,52.52868],[13.39329,52.5268],[13.39339,52.52616],[13.39182,52.523],[13.39145,52.52258],[13.39054,52.52214],[13.38868,52.52198],[13.38804,52.5218],[13.3862,52.52051],[13.38548,52.51982],[13.38528,52.51932],[13.38552,52.51777],[13.38541,52.51749],[13.38492,52.51702],[13.38435,52.51676],[13.38349,52.51659],[13.37879,52.51624],[13.37798,52.51594],[13.37746,52.51549],[13.3768,52.5115],[13.3764,52.50993],[13.37643,52.50904],[13.37682,52.50849],[13.37796,52.50786],[13.38145,52.50518],[13.3817,52.5046],[13.38159,52.50389],[13.38135,52.50343],[13.38059,52.5025],[13.37885,52.50001],[13.37817,52.49947],[13.37532,52.49823],[13.37409,52.49745],[13.37344,52.49687],[13.37254,52.49537],[13.37224,52.49406],[13.37187,52.48859],[13.37122,52.48664],[13.36613,52.47789],[13.36483,52.47582],[13.36355,52.47305],[13.36196,52.4704],[13.35912,52.46525],[13.35761,52.46273],[13.35673,52.46147],[13.35618,52.46039],[13.35593,52.45919],[13.35604,52.45728],[13.35614,52.45635],[13.3566,52.45442],[13.35666,52.45375],[13.35658,52.45297],[13.3562,52.4519],[13.35463,52.44936],[13.35218,52.44644],[13.34988,52.4443]]]}},{"type":"Feature","properties":{"id":"line-s26","kind":"line","lineRef":"train","ref":"S26","color":"#018A47"},"geometry":{"type":"MultiLineString","coordinates":[[[13.30563,52.40409],[13.30484,52.40326],[13.3039,52.40258],[13.30253,52.40192],[13.30128,52.40153],[13.29623,52.40064],[13.28008,52.39753],[13.27729,52.3971]],[[13.30563,52.40409],[13.30666,52.40564],[13.30943,52.41159],[13.31128,52.41494],[13.31225,52.41632],[13.31413,52.41863],[13.31611,52.42074],[13.31792,52.42238],[13.31994,52.42402],[13.32174,52.42529],[13.32505,52.42726],[13.32848,52.43005],[13.3356,52.43441],[13.33896,52.43666]],[[13.33896,52.43666],[13.33555,52.43444],[13.3285,52.43027],[13.32721,52.42927],[13.32598,52.42805],[13.32502,52.42728],[13.3217,52.42532],[13.31944,52.42369],[13.31512,52.41995],[13.31421,52.41896],[13.31173,52.4157],[13.30966,52.41241],[13.30689,52.40668],[13.30622,52.40502],[13.30563,52.40409]],[[13.33896,52.43666],[13.34718,52.44223],[13.34988,52.4443]],[[13.34988,52.4443],[13.35191,52.4461],[13.35352,52.44783],[13.35483,52.44951],[13.35625,52.45188],[13.35664,52.45299],[13.35682,52.45423],[13.35679,52.45524],[13.35631,52.4582],[13.35634,52.45917],[13.35661,52.46032],[13.35794,52.46308],[13.36342,52.47245],[13.36487,52.47542],[13.37128,52.48663],[13.37198,52.48883],[13.37235,52.49435],[13.3726,52.49532],[13.37342,52.49661],[13.37418,52.4974],[13.3754,52.49817],[13.37794,52.49922],[13.37906,52.49993],[13.37954,52.50041],[13.38184,52.50386],[13.38191,52.50449],[13.38147,52.50525],[13.37741,52.5083],[13.37697,52.50886],[13.37695,52.51094],[13.37746,52.51539],[13.37805,52.5159],[13.37883,52.51618],[13.38335,52.5165],[13.38439,52.5167],[13.38495,52.51694],[13.3854,52.51734],[13.38558,52.51764],[13.38562,52.51803],[13.38543,52.51919],[13.38555,52.51954],[13.38579,52.51985],[13.38768,52.52149],[13.3881,52.52175],[13.38859,52.52189],[13.39061,52.52207],[13.39117,52.52227],[13.39156,52.52253],[13.39192,52.52298],[13.39348,52.52602],[13.39352,52.52635],[13.39343,52.52673],[13.39235,52.52849],[13.3908,52.53012],[13.38864,52.53189],[13.382,52.53601],[13.38137,52.53651],[13.381,52.53694],[13.37978,52.5395],[13.37905,52.54268],[13.379,52.54369],[13.37944,52.54474],[13.38026,52.54576],[13.38193,52.54707],[13.38314,52.54777],[13.38436,52.54823],[13.38593,52.5486],[13.38829,52.54892],[13.39489,52.54928],[13.39621,52.54958],[13.39742,52.55018],[13.39787,52.55054],[13.39827,52.55106],[13.39854,52.55192],[13.39847,52.55257],[13.39762,52.55591],[13.39756,52.55669],[13.39764,52.55724],[13.39807,52.55839],[13.39844,52.55892],[13.39902,52.55951],[13.40023,52.56034],[13.41661,52.56984],[13.42574,52.57525],[13.42869,52.57723],[13.4297,52.57813],[13.43142,52.58002],[13.43451,52.58289],[13.43645,52.58483],[13.44363,52.59149]],[[13.44307,52.5912],[13.44111,52.58924],[13.43136,52.58004],[13.42885,52.57751],[13.42821,52.57699],[13.42571,52.57528],[13.41195,52.56718],[13.41044,52.56644],[13.40885,52.56551],[13.40716,52.56441],[13.40019,52.56037],[13.3988,52.55937],[13.39798,52.55833],[13.39757,52.55725],[13.39753,52.55603],[13.39843,52.55219],[13.39835,52.55172],[13.3981,52.55121],[13.39737,52.55045],[13.39635,52.5499],[13.39506,52.54957],[13.38864,52.54927],[13.38506,52.54864],[13.38342,52.54802],[13.38207,52.54724],[13.38002,52.54566],[13.37926,52.54476],[13.37889,52.54393],[13.37894,52.54299],[13.37987,52.53879],[13.38033,52.53765],[13.38081,52.53681],[13.38152,52.53619],[13.38564,52.53357],[13.38752,52.53227],[13.38895,52.53144],[13.39021,52.53047],[13.39176,52.52904],[13.39226,52.52846],[13.39333,52.52671],[13.39337,52.52607],[13.39182,52.523],[13.39145,52.52258],[13.39054,52.52214],[13.38868,52.52198],[13.38804,52.5218],[13.3862,52.52051],[13.38548,52.51982],[13.38528,52.51932],[13.38552,52.51777],[13.38541,52.51749],[13.38492,52.51702],[13.38435,52.51676],[13.38349,52.51659],[13.37879,52.51624],[13.37798,52.51594],[13.37746,52.51549],[13.3768,52.5115],[13.3764,52.50993],[13.37643,52.50904],[13.37682,52.50849],[13.37796,52.50786],[13.38145,52.50518],[13.3817,52.5046],[13.38159,52.50389],[13.38135,52.50343],[13.38059,52.5025],[13.37885,52.50001],[13.37817,52.49947],[13.37532,52.49823],[13.37409,52.49745],[13.37344,52.49687],[13.37254,52.49537],[13.37224,52.49406],[13.37187,52.48859],[13.37122,52.48664],[13.36613,52.47789],[13.36483,52.47582],[13.36355,52.47305],[13.36196,52.4704],[13.35912,52.46525],[13.35761,52.46273],[13.35673,52.46147],[13.35618,52.46039],[13.35593,52.45919],[13.35604,52.45728],[13.35614,52.45635],[13.3566,52.45442],[13.35666,52.45375],[13.35658,52.45297],[13.3562,52.4519],[13.35463,52.44936],[13.35218,52.44644],[13.34988,52.4443]]]}},{"type":"Feature","properties":{"id":"line-s41","kind":"line","lineRef":"train","ref":"S41","color":"#9F4C37"},"geometry":{"type":"MultiLineString","coordinates":[[[13.28268,52.50268],[13.28244,52.50345],[13.28239,52.50415],[13.28252,52.50519],[13.28281,52.50629],[13.28326,52.50722],[13.2856,52.51056],[13.28607,52.51167],[13.28624,52.51259],[13.28625,52.51307],[13.28609,52.51402],[13.28542,52.51562],[13.2843,52.51881],[13.2836,52.52122],[13.28266,52.52543],[13.28276,52.52628],[13.28328,52.52718],[13.28402,52.52787],[13.28507,52.52846],[13.28645,52.52893],[13.2876,52.52918],[13.29197,52.5294],[13.29433,52.52962],[13.31155,52.53195],[13.32877,52.53427],[13.34553,52.53636],[13.34792,52.53659],[13.35048,52.53699],[13.3545,52.53739],[13.35595,52.53782],[13.37123,52.5446],[13.37766,52.5473],[13.38116,52.54817],[13.38418,52.54843],[13.38948,52.54914],[13.39599,52.54938],[13.40202,52.54943],[13.40844,52.54972],[13.41335,52.54947],[13.41525,52.54926],[13.4166,52.54889],[13.42062,52.54754],[13.42604,52.54469],[13.42949,52.54348],[13.4337,52.54228],[13.43743,52.54089],[13.44123,52.53915],[13.44627,52.53726],[13.44707,52.53684],[13.44777,52.53634],[13.456,52.52817],[13.4584,52.52604],[13.45987,52.52531],[13.46373,52.524],[13.46817,52.52289],[13.46916,52.5224],[13.46991,52.52184],[13.47046,52.5212],[13.47124,52.51983],[13.47356,52.51653],[13.475,52.51411],[13.47567,52.51138],[13.47554,52.51046],[13.47493,52.50952],[13.4717,52.50614],[13.46982,52.50452],[13.46929,52.5039],[13.46892,52.5032],[13.46835,52.50107],[13.46749,52.49895],[13.46706,52.49823],[13.46614,52.49737],[13.46287,52.49508],[13.46176,52.49406],[13.4611,52.49331],[13.45896,52.49015],[13.45873,52.48926],[13.45888,52.4876],[13.45884,52.48649],[13.45646,52.47465],[13.45605,52.47363],[13.45562,52.473],[13.45431,52.47185],[13.45322,52.47127],[13.45182,52.47088],[13.43444,52.4681],[13.42383,52.46673],[13.4197,52.46603],[13.40735,52.46494],[13.40433,52.465],[13.40262,52.46525],[13.40085,52.46567],[13.39682,52.4669],[13.39082,52.4694],[13.38383,52.47118],[13.3793,52.47186],[13.37146,52.47195],[13.36959,52.47221],[13.36823,52.47275],[13.36712,52.47352],[13.36646,52.47433],[13.36594,52.47539],[13.36509,52.47668],[13.36461,52.47722],[13.36405,52.47766],[13.36291,52.47826],[13.36174,52.47872],[13.35968,52.47942],[13.35818,52.47977],[13.35673,52.47987],[13.35339,52.4797],[13.35128,52.4793],[13.3475,52.47829],[13.34593,52.4781],[13.34024,52.47816],[13.33667,52.47803],[13.3319,52.47772],[13.32008,52.47769],[13.31789,52.47785],[13.31547,52.47836],[13.31414,52.47884],[13.31275,52.47954],[13.3093,52.48188],[13.30242,52.48697],[13.30069,52.48839],[13.29633,52.49149],[13.2954,52.49225],[13.29429,52.49338],[13.2935,52.49398],[13.28703,52.49858],[13.28493,52.49987],[13.28328,52.5017],[13.28268,52.50268]]]}},{"type":"Feature","properties":{"id":"line-s42","kind":"line","lineRef":"train","ref":"S42","color":"#C36939"},"geometry":{"type":"MultiLineString","coordinates":[[[13.28255,52.50257],[13.283,52.50175],[13.28411,52.5004],[13.28461,52.49997],[13.28737,52.49829],[13.29388,52.49344],[13.29554,52.49202],[13.31129,52.48031],[13.31302,52.47926],[13.31523,52.47839],[13.31727,52.47791],[13.31947,52.47766],[13.33205,52.4776],[13.33837,52.47802],[13.34635,52.47809],[13.3473,52.47822],[13.35091,52.47907],[13.35416,52.47966],[13.35657,52.47984],[13.35813,52.47974],[13.3594,52.47946],[13.36073,52.47902],[13.36226,52.47839],[13.36329,52.47783],[13.36435,52.47686],[13.36606,52.47428],[13.36682,52.4734],[13.36816,52.47242],[13.36985,52.47169],[13.37176,52.47139],[13.38109,52.47138],[13.38307,52.4712],[13.38891,52.46988],[13.39082,52.46936],[13.39678,52.46687],[13.39881,52.46619],[13.40131,52.4655],[13.40251,52.46522],[13.40433,52.46496],[13.40734,52.46491],[13.41971,52.46599],[13.42305,52.46651],[13.42886,52.46722],[13.45167,52.47061],[13.45289,52.47096],[13.45445,52.47179],[13.45527,52.47241],[13.4558,52.47296],[13.45618,52.47356],[13.45644,52.47427],[13.45875,52.48573],[13.46016,52.49137],[13.46108,52.49283],[13.46317,52.49509],[13.46648,52.49742],[13.4674,52.49833],[13.46782,52.49911],[13.46912,52.50236],[13.47017,52.50436],[13.47523,52.5098],[13.47564,52.51061],[13.47572,52.51139],[13.47512,52.514],[13.47471,52.51493],[13.47138,52.51971],[13.47047,52.52126],[13.4698,52.522],[13.46903,52.52253],[13.46808,52.52296],[13.46098,52.52498],[13.45954,52.52548],[13.45845,52.52606],[13.45765,52.52671],[13.45568,52.52875],[13.45291,52.5313],[13.44781,52.53637],[13.44681,52.53704],[13.44503,52.5379],[13.44129,52.53929],[13.43857,52.5405],[13.434,52.54221],[13.42868,52.5438],[13.42488,52.54533],[13.42065,52.54757],[13.41645,52.54907],[13.415,52.54944],[13.40802,52.54975],[13.40201,52.54946],[13.39569,52.54941],[13.38875,52.54914],[13.38743,52.54902],[13.38452,52.5485],[13.38116,52.54821],[13.37763,52.54733],[13.36353,52.54136],[13.36031,52.53979],[13.35591,52.53785],[13.3543,52.53738],[13.34834,52.53686],[13.32952,52.53449],[13.32482,52.53375],[13.30819,52.53151],[13.29926,52.53046],[13.29432,52.52966],[13.29201,52.52944],[13.28766,52.52922],[13.28643,52.52897],[13.28507,52.5285],[13.28404,52.52794],[13.28317,52.52713],[13.28273,52.52634],[13.2826,52.52544],[13.28423,52.51826],[13.28589,52.51349],[13.286,52.51226],[13.28578,52.51122],[13.28531,52.51025],[13.28314,52.50743],[13.28259,52.50641],[13.28232,52.50383],[13.28255,52.50257]]]}},{"type":"Feature","properties":{"id":"line-s46","kind":"line","lineRef":"train","ref":"S46","color":"#BA8A4D"},"geometry":{"type":"MultiLineString","coordinates":[[[13.2843,52.51801],[13.28589,52.51349],[13.286,52.51227],[13.28578,52.51122],[13.28531,52.51025],[13.28314,52.50743],[13.28259,52.50641],[13.28232,52.50415],[13.28235,52.50339],[13.28263,52.50235],[13.28342,52.50121],[13.28411,52.5004],[13.28461,52.49997],[13.28737,52.49829],[13.29388,52.49344],[13.29554,52.49202],[13.31129,52.48031],[13.31246,52.47956],[13.3136,52.47899],[13.31497,52.47847],[13.31627,52.47811],[13.31773,52.47784],[13.31947,52.47766],[13.32946,52.47759],[13.33235,52.47761],[13.33869,52.47804],[13.34589,52.47806],[13.3473,52.47822],[13.35091,52.47907],[13.35416,52.47966],[13.35657,52.47984],[13.35813,52.47974],[13.3594,52.47946],[13.36073,52.47902],[13.36226,52.47839],[13.36329,52.47783],[13.36435,52.47686],[13.36606,52.47428],[13.36682,52.4734],[13.36816,52.47242],[13.36952,52.47179],[13.3707,52.4715],[13.37176,52.47139],[13.38109,52.47138],[13.38325,52.47117],[13.38891,52.46988],[13.39082,52.46936],[13.39621,52.46709],[13.39881,52.46619],[13.40251,52.46522],[13.4054,52.46489],[13.40831,52.46497],[13.42013,52.46604],[13.42305,52.46651],[13.42886,52.46722],[13.45312,52.47093],[13.45487,52.47085],[13.46042,52.4694],[13.46201,52.46911],[13.46314,52.46907],[13.46553,52.46924],[13.48095,52.47139],[13.48275,52.47135],[13.48437,52.47087],[13.48891,52.4681],[13.49136,52.46634],[13.49392,52.4647],[13.49793,52.46246],[13.50669,52.45675],[13.51546,52.45105],[13.51897,52.44919],[13.52243,52.44755],[13.52611,52.44534],[13.53726,52.43774],[13.54496,52.43215],[13.55132,52.42788],[13.55385,52.42644],[13.55993,52.4223],[13.56214,52.42066],[13.5638,52.41897],[13.56473,52.41824],[13.57062,52.4149],[13.57268,52.41354],[13.57743,52.41006],[13.58496,52.4052],[13.5973,52.39697],[13.59839,52.39615],[13.6,52.39458],[13.6013,52.39294],[13.60832,52.38203],[13.61533,52.37112],[13.61734,52.36812],[13.62107,52.36028],[13.62479,52.35243],[13.62683,52.34932],[13.62997,52.34536]],[[13.62997,52.34536],[13.62863,52.34738],[13.62621,52.35038],[13.62486,52.35244],[13.618,52.36705],[13.61668,52.36938],[13.61483,52.3723],[13.61245,52.37571],[13.60701,52.38417],[13.60158,52.39262],[13.60006,52.3946],[13.59845,52.39617],[13.59732,52.39701],[13.58402,52.40587],[13.58204,52.4071],[13.58033,52.40843],[13.57607,52.41129],[13.57337,52.41329],[13.57077,52.415],[13.56774,52.41672],[13.56544,52.4188],[13.56337,52.42024],[13.56048,52.42196],[13.55389,52.42646],[13.55136,52.42791],[13.54554,52.4318],[13.5415,52.43487],[13.53952,52.43615],[13.53682,52.4381],[13.52477,52.4463],[13.51819,52.45054],[13.51177,52.45383],[13.50873,52.45578],[13.50384,52.45865],[13.49778,52.4626],[13.49395,52.46473],[13.48907,52.46806],[13.48446,52.47088],[13.48296,52.47135],[13.48208,52.47145],[13.48095,52.47143],[13.46429,52.4692],[13.46299,52.46911],[13.46106,52.4693],[13.45489,52.4709],[13.45292,52.47096],[13.43444,52.4681],[13.42383,52.46673],[13.42011,52.46608],[13.40807,52.46499],[13.40514,52.46494],[13.40368,52.46507],[13.40204,52.46536],[13.39886,52.46621],[13.39624,52.46712],[13.39082,52.4694],[13.38413,52.47112],[13.37952,52.47184],[13.37146,52.47195],[13.37035,52.47204],[13.36933,52.47229],[13.36802,52.47286],[13.36697,52.47367],[13.36646,52.47433],[13.36594,52.47539],[13.3652,52.47654],[13.36468,52.47716],[13.36405,52.47766],[13.36291,52.47826],[13.36174,52.47872],[13.35968,52.47942],[13.35818,52.47977],[13.35673,52.47987],[13.35339,52.4797],[13.35128,52.4793],[13.3475,52.47829],[13.34593,52.4781],[13.34041,52.47816],[13.33667,52.47803],[13.3319,52.47772],[13.32456,52.47766],[13.31925,52.47772],[13.31789,52.47785],[13.3162,52.47817],[13.31473,52.4786],[13.31312,52.47933],[13.31184,52.48011],[13.30883,52.48221],[13.30221,52.48713],[13.30069,52.48839],[13.29633,52.49149],[13.2954,52.49225],[13.29429,52.49338],[13.2935,52.49398],[13.28703,52.49858],[13.28493,52.49987],[13.28328,52.5017],[13.28273,52.50256],[13.28244,52.50345],[13.28243,52.50465],[13.28266,52.50581],[13.28315,52.50705],[13.2856,52.51056],[13.28607,52.51167],[13.28624,52.51259],[13.28625,52.51307],[13.28609,52.51402],[13.28542,52.51562],[13.28431,52.51877]],[[13.62997,52.34536],[13.63671,52.33468],[13.63711,52.3338],[13.63752,52.3325],[13.63773,52.33027],[13.63742,52.3282],[13.6349,52.32202]],[[13.63283,52.31715],[13.63244,52.31616],[13.63213,52.31506],[13.63194,52.31386],[13.63161,52.30995],[13.63143,52.30773],[13.63143,52.3]],[[13.63283,52.31715],[13.63396,52.31953],[13.6349,52.32202]],[[13.6349,52.32202],[13.63283,52.31715]]]}},{"type":"Feature","properties":{"id":"line-s47","kind":"line","lineRef":"train","ref":"S47","color":"#BA8A4D"},"geometry":{"type":"MultiLineString","coordinates":[[[13.52335,52.44982],[13.52137,52.44958],[13.51888,52.44976],[13.5177,52.4501],[13.516,52.45096],[13.50909,52.45536],[13.50741,52.45657],[13.50368,52.45875],[13.49778,52.4626],[13.49395,52.46473],[13.48936,52.46787],[13.48711,52.46929],[13.48446,52.47088],[13.48296,52.47135],[13.48178,52.47146],[13.48058,52.47139],[13.46429,52.4692],[13.46314,52.46911],[13.46106,52.4693],[13.45489,52.4709],[13.45292,52.47096],[13.43444,52.4681],[13.42383,52.46673],[13.42011,52.46608],[13.40807,52.46499],[13.40514,52.46494],[13.40368,52.46507],[13.40204,52.46536],[13.39886,52.46621],[13.39624,52.46712],[13.39082,52.4694],[13.38413,52.47112],[13.37952,52.47184],[13.37146,52.47195],[13.36959,52.47221],[13.36823,52.47275],[13.36712,52.47352],[13.36646,52.47433],[13.36594,52.47539],[13.36534,52.47634]],[[13.36545,52.47517],[13.36641,52.47383],[13.36724,52.47304],[13.36847,52.47225],[13.36985,52.47169],[13.37176,52.47139],[13.38109,52.47138],[13.38325,52.47117],[13.38891,52.46988],[13.39082,52.46936],[13.39621,52.46709],[13.39881,52.46619],[13.40251,52.46522],[13.4054,52.46489],[13.40831,52.46497],[13.42013,52.46604],[13.42305,52.46651],[13.42886,52.46722],[13.4529,52.47092],[13.45487,52.47085],[13.4612,52.46924],[13.46201,52.46911],[13.46341,52.46907],[13.46553,52.46924],[13.48059,52.47135],[13.48161,52.47143],[13.48275,52.47135],[13.48406,52.47101],[13.48517,52.47042],[13.48891,52.4681],[13.49136,52.46634],[13.4937,52.46484],[13.49774,52.46258],[13.50441,52.45822],[13.51617,52.45081],[13.51782,52.44999],[13.51906,52.44968],[13.52173,52.44954],[13.52335,52.44982]],[[13.56147,52.44691],[13.55914,52.44954],[13.55846,52.45004],[13.55757,52.45045],[13.55619,52.45083],[13.54532,52.45322],[13.54432,52.45337],[13.54311,52.45336],[13.54233,52.45325],[13.52335,52.44982]]]}},{"type":"Feature","properties":{"id":"line-s75","kind":"line","lineRef":"train","ref":"S75","color":"#8070B7"},"geometry":{"type":"MultiLineString","coordinates":[[[13.43628,52.5103],[13.4394,52.50887],[13.44212,52.50796],[13.44342,52.50764],[13.45267,52.50587],[13.45876,52.50497],[13.46729,52.50355],[13.47273,52.50245],[13.4759,52.50224],[13.47811,52.50222],[13.48005,52.50239],[13.48159,52.50268],[13.48409,52.50334],[13.48545,52.50381],[13.49522,52.50873],[13.50072,52.51177],[13.50241,52.51238],[13.50951,52.51321],[13.51387,52.51393],[13.51551,52.51409],[13.52442,52.51396],[13.52774,52.51381],[13.53143,52.51405],[13.53355,52.51438],[13.5355,52.51499],[13.53722,52.51581],[13.53863,52.51685],[13.5395,52.51784],[13.54,52.51883],[13.54018,52.5199],[13.54004,52.52089],[13.53965,52.52177],[13.53805,52.52391],[13.53727,52.5254],[13.53602,52.52887],[13.53547,52.53242],[13.53344,52.53622],[13.53297,52.53775],[13.53265,52.53958],[13.53225,52.54098],[13.52842,52.55121],[13.52738,52.55321],[13.52534,52.55599],[13.52335,52.55791],[13.52076,52.55975],[13.51551,52.56388],[13.51376,52.56541],[13.50982,52.56836],[13.50391,52.57302]],[[13.5037,52.57298],[13.51346,52.56539],[13.52322,52.5578],[13.52566,52.55539],[13.52731,52.55319],[13.52812,52.5517],[13.5287,52.5503],[13.53183,52.54171],[13.5331,52.537],[13.53454,52.53326],[13.53609,52.52805],[13.53702,52.52554],[13.53794,52.52387],[13.53955,52.52182],[13.53998,52.52089],[13.54012,52.5199],[13.53999,52.51899],[13.53947,52.51789],[13.53881,52.5171],[13.53751,52.5161],[13.53672,52.51566],[13.53555,52.51518],[13.53334,52.5146],[13.52948,52.51392],[13.52733,52.51386],[13.52252,52.51412],[13.51238,52.51431],[13.50892,52.51407],[13.50537,52.51353],[13.50299,52.51283],[13.50075,52.5119],[13.49454,52.50852],[13.48678,52.5045],[13.48294,52.50306],[13.48115,52.50262],[13.47871,52.5023],[13.47685,52.50224],[13.47322,52.50242],[13.46887,52.50332],[13.45882,52.50501],[13.45346,52.50579],[13.45006,52.50642],[13.44743,52.50706],[13.44298,52.50791],[13.43836,52.50944],[13.43628,52.5103]]]}},{"type":"Feature","properties":{"id":"line-s85","kind":"line","lineRef":"train","ref":"S85","color":"#52B447"},"geometry":{"type":"MultiLineString","coordinates":[[[13.29024,52.63228],[13.30059,52.6239],[13.30544,52.61949],[13.30695,52.61782],[13.30877,52.61627],[13.31225,52.61363],[13.32138,52.60598],[13.32815,52.60049],[13.33396,52.59712],[13.34097,52.5934],[13.35572,52.5853],[13.36164,52.58192],[13.36735,52.57903],[13.37861,52.57285],[13.38128,52.57124],[13.3898,52.56662],[13.39341,52.56445],[13.39447,52.5636],[13.39528,52.56271],[13.39612,52.56173],[13.3965,52.56106],[13.39731,52.55857],[13.3974,52.55781],[13.39728,52.55656],[13.39733,52.55597],[13.39774,52.55422],[13.39821,52.55294]],[[13.39757,52.55725],[13.39722,52.55913],[13.3964,52.5614],[13.39435,52.5639],[13.39246,52.56528],[13.38021,52.57201],[13.37528,52.57492],[13.37209,52.57649],[13.35863,52.58369],[13.3441,52.5917],[13.32956,52.59971],[13.32795,52.60068],[13.32106,52.6065],[13.30927,52.61606],[13.30714,52.61791],[13.30529,52.61986],[13.30131,52.62335],[13.29564,52.62796],[13.29042,52.63236]],[[13.4094,52.56583],[13.40716,52.56441],[13.3994,52.55986],[13.3988,52.55937],[13.3982,52.55868],[13.39778,52.55794],[13.39757,52.55725]],[[13.39757,52.55725],[13.39753,52.55603],[13.39821,52.55294]],[[13.39761,52.55702],[13.39775,52.5577],[13.39816,52.55853],[13.39868,52.55918],[13.39947,52.55986],[13.40992,52.56595]],[[13.39853,52.55269],[13.39806,52.55405],[13.39764,52.5558],[13.39756,52.55649],[13.39761,52.55702]],[[13.39853,52.55269],[13.39761,52.55702]],[[13.39821,52.55294],[13.39839,52.55201],[13.39886,52.55111],[13.39955,52.5504],[13.40057,52.54986],[13.40189,52.54953],[13.40292,52.54943],[13.40844,52.54969],[13.41011,52.54968],[13.41449,52.54937],[13.41627,52.549],[13.42062,52.54754],[13.42604,52.54469],[13.42949,52.54348],[13.4337,52.54228],[13.43743,52.54089],[13.44123,52.53915],[13.44627,52.53726],[13.44707,52.53684],[13.44777,52.53634],[13.456,52.52817],[13.4584,52.52604],[13.45987,52.52531],[13.46373,52.524],[13.46791,52.52298],[13.46898,52.52251],[13.46974,52.52198],[13.47046,52.5212],[13.47124,52.51983],[13.47375,52.51624],[13.475,52.51411],[13.47564,52.51162],[13.47558,52.51061],[13.47534,52.51005],[13.47493,52.50952],[13.4717,52.50614],[13.46982,52.50452],[13.46929,52.5039],[13.46892,52.5032],[13.46835,52.50107],[13.46749,52.49895],[13.46706,52.49823],[13.46614,52.49737],[13.46266,52.49491],[13.4611,52.49331],[13.45924,52.49045],[13.45891,52.48974],[13.45884,52.48925],[13.4589,52.48877],[13.45911,52.48824],[13.45952,52.48769],[13.46021,52.48711],[13.46199,52.48607],[13.46551,52.48371],[13.47535,52.47698],[13.4852,52.47025],[13.48814,52.46844],[13.49079,52.46669],[13.49441,52.4644],[13.49793,52.46246],[13.50669,52.45675],[13.51546,52.45105],[13.51897,52.44919],[13.52243,52.44755],[13.52611,52.44534],[13.53726,52.43774],[13.54496,52.43215],[13.55132,52.42788],[13.55385,52.42644],[13.55993,52.4223],[13.56486,52.41857],[13.5655,52.41791],[13.566,52.41719],[13.56638,52.41631],[13.56653,52.41574],[13.56649,52.41468],[13.56622,52.4139],[13.56581,52.41312],[13.56533,52.41247],[13.56464,52.41179],[13.56065,52.40851],[13.55689,52.40623],[13.55584,52.40581],[13.55414,52.40532],[13.55302,52.40479],[13.55201,52.40403],[13.55046,52.40243],[13.54961,52.40187],[13.5485,52.4013],[13.54587,52.40029],[13.543,52.39957],[13.54032,52.39911],[13.52687,52.39718],[13.5257,52.39692],[13.52417,52.39641],[13.51962,52.39432],[13.5158,52.3923],[13.51189,52.39048],[13.51085,52.39005],[13.50781,52.38905],[13.50012,52.38551],[13.48284,52.37787],[13.46556,52.37023],[13.46454,52.36961],[13.46388,52.36898],[13.46333,52.36812],[13.46312,52.36733],[13.4632,52.36641],[13.46342,52.36587],[13.46386,52.36522],[13.46486,52.36434],[13.46648,52.36357],[13.46818,52.36316],[13.47198,52.36278],[13.47457,52.36235],[13.4821,52.36055],[13.48493,52.36015],[13.48644,52.36004],[13.48968,52.36006],[13.4933,52.3605],[13.50971,52.36453]],[[13.5096,52.36469],[13.50688,52.36408],[13.50223,52.36276],[13.49326,52.36056],[13.48967,52.36013],[13.48645,52.36012],[13.48495,52.36021],[13.48212,52.36061],[13.4746,52.36239],[13.47199,52.36281],[13.46842,52.36316],[13.46666,52.36354],[13.46506,52.36426],[13.46409,52.36503],[13.46369,52.36551],[13.46335,52.36614],[13.46319,52.36668],[13.46317,52.36733],[13.46344,52.36825],[13.46393,52.36897],[13.46458,52.36959],[13.46559,52.3702],[13.48287,52.37784],[13.50015,52.38549],[13.50729,52.38877],[13.51241,52.39052],[13.51533,52.39192],[13.51923,52.39408],[13.5242,52.39638],[13.52572,52.39688],[13.52744,52.39724],[13.53738,52.39866],[13.54064,52.39903],[13.54298,52.39944],[13.54588,52.40021],[13.54926,52.40162],[13.55068,52.40255],[13.55214,52.40408],[13.55307,52.40476],[13.55422,52.40531],[13.55699,52.40615],[13.55996,52.40796],[13.56142,52.40904],[13.56498,52.41203],[13.56552,52.4126],[13.56607,52.41343],[13.5666,52.41489],[13.56664,52.41541],[13.56653,52.41609],[13.56602,52.4173],[13.56549,52.41804],[13.56492,52.41859],[13.55996,52.42234],[13.55389,52.42646],[13.55136,52.42791],[13.54554,52.4318],[13.5415,52.43487],[13.53952,52.43615],[13.53682,52.4381],[13.52477,52.4463],[13.51819,52.45054],[13.51177,52.45383],[13.50873,52.45578],[13.50368,52.45875],[13.49778,52.4626],[13.49395,52.46473],[13.48907,52.46806],[13.48419,52.47124],[13.48047,52.47352],[13.4775,52.47553],[13.47309,52.47877],[13.47083,52.48015],[13.46203,52.4861],[13.46026,52.48714],[13.45943,52.48787],[13.45896,52.48875],[13.4589,52.48926],[13.45896,52.48973],[13.45926,52.49038],[13.46082,52.49267],[13.46295,52.49498],[13.46622,52.49723],[13.4673,52.49821],[13.46782,52.49911],[13.46912,52.50236],[13.47017,52.50436],[13.47499,52.50952],[13.47539,52.51004],[13.47564,52.51061],[13.47569,52.51162],[13.47512,52.514],[13.4749,52.51459],[13.47449,52.51529],[13.47138,52.51971],[13.47047,52.52126],[13.4698,52.522],[13.46903,52.52253],[13.46808,52.52296],[13.46098,52.52498],[13.45954,52.52548],[13.45845,52.52606],[13.45765,52.52671],[13.45568,52.52875],[13.45291,52.5313],[13.44781,52.53637],[13.44681,52.53704],[13.44503,52.5379],[13.44129,52.53929],[13.43857,52.5405],[13.434,52.54221],[13.42951,52.54351],[13.42629,52.54473],[13.42439,52.54556],[13.42085,52.54748],[13.41622,52.54914],[13.41443,52.54951],[13.40943,52.54974],[13.40334,52.54955],[13.40152,52.54971],[13.40035,52.5501],[13.39944,52.55068],[13.39894,52.55133],[13.39853,52.55269]]]}},{"type":"Feature","properties":{"id":"ustn-0","kind":"node","name":"Ruhleben","color":"#3466AA","lineRef":"metro","lab":1},"geometry":{"type":"Point","coordinates":[13.24142,52.52567]}},{"type":"Feature","properties":{"id":"ustn-1","kind":"node","name":"Amrumer Straße","color":"#3466AA","lineRef":"metro","lab":1},"geometry":{"type":"Point","coordinates":[13.35015,52.54233]}},{"type":"Feature","properties":{"id":"ustn-2","kind":"node","name":"Zoologischer Garten","color":"#3466AA","lineRef":"metro","lab":1},"geometry":{"type":"Point","coordinates":[13.33302,52.50587]}},{"type":"Feature","properties":{"id":"ustn-3","kind":"node","name":"Kurfürstendamm","color":"#3466AA","lineRef":"metro","lab":1},"geometry":{"type":"Point","coordinates":[13.33144,52.50382]}},{"type":"Feature","properties":{"id":"ustn-4","kind":"node","name":"Güntzelstraße","color":"#3466AA","lineRef":"metro","lab":1},"geometry":{"type":"Point","coordinates":[13.33101,52.49208]}},{"type":"Feature","properties":{"id":"ustn-5","kind":"node","name":"Berliner Straße","color":"#3466AA","lineRef":"metro","lab":1},"geometry":{"type":"Point","coordinates":[13.33101,52.48733]}},{"type":"Feature","properties":{"id":"ustn-6","kind":"node","name":"Friedrich-Wilhelm-Platz","color":"#3466AA","lineRef":"metro","lab":1},"geometry":{"type":"Point","coordinates":[13.32873,52.47212]}},{"type":"Feature","properties":{"id":"ustn-7","kind":"node","name":"Walther-Schreiber-Platz","color":"#3466AA","lineRef":"metro","lab":1},"geometry":{"type":"Point","coordinates":[13.32826,52.46533]}},{"type":"Feature","properties":{"id":"ustn-8","kind":"node","name":"Schloßstraße","color":"#3466AA","lineRef":"metro","lab":1},"geometry":{"type":"Point","coordinates":[13.32509,52.46148]}},{"type":"Feature","properties":{"id":"ustn-9","kind":"node","name":"Rathaus Steglitz","color":"#3466AA","lineRef":"metro","lab":1},"geometry":{"type":"Point","coordinates":[13.32093,52.4568]}},{"type":"Feature","properties":{"id":"ustn-10","kind":"node","name":"Theodor-Heuss-Platz","color":"#3466AA","lineRef":"metro","lab":1},"geometry":{"type":"Point","coordinates":[13.27222,52.50999]}},{"type":"Feature","properties":{"id":"ustn-11","kind":"node","name":"Neu-Westend","color":"#3466AA","lineRef":"metro","lab":1},"geometry":{"type":"Point","coordinates":[13.25924,52.51622]}},{"type":"Feature","properties":{"id":"ustn-12","kind":"node","name":"Deutsche Oper","color":"#3466AA","lineRef":"metro","lab":1},"geometry":{"type":"Point","coordinates":[13.31053,52.51184]}},{"type":"Feature","properties":{"id":"ustn-13","kind":"node","name":"Ernst-Reuter-Platz","color":"#3466AA","lineRef":"metro","lab":1},"geometry":{"type":"Point","coordinates":[13.32216,52.51189]}},{"type":"Feature","properties":{"id":"ustn-14","kind":"node","name":"Lindauer Allee","color":"#3466AA","lineRef":"metro","lab":1},"geometry":{"type":"Point","coordinates":[13.33843,52.57542]}},{"type":"Feature","properties":{"id":"ustn-15","kind":"node","name":"Jannowitzbrücke","color":"#3466AA","lineRef":"metro","lab":1},"geometry":{"type":"Point","coordinates":[13.41817,52.51536]}},{"type":"Feature","properties":{"id":"ustn-16","kind":"node","name":"Innsbrucker Platz","color":"#3466AA","lineRef":"metro","lab":1},"geometry":{"type":"Point","coordinates":[13.34367,52.47899]}},{"type":"Feature","properties":{"id":"ustn-17","kind":"node","name":"Bayerischer Platz","color":"#3466AA","lineRef":"metro","lab":1},"geometry":{"type":"Point","coordinates":[13.34054,52.48858]}},{"type":"Feature","properties":{"id":"ustn-18","kind":"node","name":"Hermannstraße","color":"#3466AA","lineRef":"metro","lab":1},"geometry":{"type":"Point","coordinates":[13.43147,52.46726]}},{"type":"Feature","properties":{"id":"ustn-19","kind":"node","name":"Bismarckstraße","color":"#3466AA","lineRef":"metro","lab":1},"geometry":{"type":"Point","coordinates":[13.30524,52.51151]}},{"type":"Feature","properties":{"id":"ustn-20","kind":"node","name":"Richard-Wagner-Platz","color":"#3466AA","lineRef":"metro","lab":1},"geometry":{"type":"Point","coordinates":[13.30659,52.51739]}},{"type":"Feature","properties":{"id":"ustn-21","kind":"node","name":"Eisenacher Straße","color":"#3466AA","lineRef":"metro","lab":1},"geometry":{"type":"Point","coordinates":[13.35017,52.48955]}},{"type":"Feature","properties":{"id":"ustn-22","kind":"node","name":"Rathaus Reinickendorf","color":"#3466AA","lineRef":"metro","lab":1},"geometry":{"type":"Point","coordinates":[13.32573,52.58841]}},{"type":"Feature","properties":{"id":"ustn-23","kind":"node","name":"Südstern","color":"#3466AA","lineRef":"metro","lab":1},"geometry":{"type":"Point","coordinates":[13.40767,52.4893]}},{"type":"Feature","properties":{"id":"ustn-24","kind":"node","name":"Yorckstraße","color":"#3466AA","lineRef":"metro","lab":1},"geometry":{"type":"Point","coordinates":[13.37069,52.49297]}},{"type":"Feature","properties":{"id":"ustn-25","kind":"node","name":"Friedrichsfelde","color":"#3466AA","lineRef":"metro","lab":1},"geometry":{"type":"Point","coordinates":[13.51284,52.50616]}},{"type":"Feature","properties":{"id":"ustn-26","kind":"node","name":"Gneisenaustraße","color":"#3466AA","lineRef":"metro","lab":1},"geometry":{"type":"Point","coordinates":[13.39582,52.49129]}},{"type":"Feature","properties":{"id":"ustn-27","kind":"node","name":"Kaiserdamm","color":"#3466AA","lineRef":"metro","lab":1},"geometry":{"type":"Point","coordinates":[13.28313,52.51009]}},{"type":"Feature","properties":{"id":"ustn-28","kind":"node","name":"Elsterwerdaer Platz","color":"#3466AA","lineRef":"metro","lab":1},"geometry":{"type":"Point","coordinates":[13.56088,52.50529]}},{"type":"Feature","properties":{"id":"ustn-29","kind":"node","name":"Biesdorf-Süd","color":"#3466AA","lineRef":"metro","lab":1},"geometry":{"type":"Point","coordinates":[13.54653,52.4996]}},{"type":"Feature","properties":{"id":"ustn-30","kind":"node","name":"Rosenthaler Platz","color":"#3466AA","lineRef":"metro","lab":1},"geometry":{"type":"Point","coordinates":[13.40112,52.5299]}},{"type":"Feature","properties":{"id":"ustn-31","kind":"node","name":"Gleisdreieck","color":"#3466AA","lineRef":"metro","lab":1},"geometry":{"type":"Point","coordinates":[13.37403,52.49953]}},{"type":"Feature","properties":{"id":"ustn-32","kind":"node","name":"Gesundbrunnen","color":"#3466AA","lineRef":"metro","lab":1},"geometry":{"type":"Point","coordinates":[13.38831,52.54882]}},{"type":"Feature","properties":{"id":"ustn-33","kind":"node","name":"Wedding","color":"#3466AA","lineRef":"metro","lab":1},"geometry":{"type":"Point","coordinates":[13.36504,52.54306]}},{"type":"Feature","properties":{"id":"ustn-34","kind":"node","name":"Stadtmitte","color":"#3466AA","lineRef":"metro","lab":1},"geometry":{"type":"Point","coordinates":[13.38966,52.51208]}},{"type":"Feature","properties":{"id":"ustn-35","kind":"node","name":"Seestraße","color":"#3466AA","lineRef":"metro","lab":1},"geometry":{"type":"Point","coordinates":[13.35312,52.5498]}},{"type":"Feature","properties":{"id":"ustn-36","kind":"node","name":"Leopoldplatz","color":"#3466AA","lineRef":"metro","lab":1},"geometry":{"type":"Point","coordinates":[13.35917,52.54638]}},{"type":"Feature","properties":{"id":"ustn-37","kind":"node","name":"Frankfurter Allee","color":"#3466AA","lineRef":"metro","lab":1},"geometry":{"type":"Point","coordinates":[13.47544,52.51362]}},{"type":"Feature","properties":{"id":"ustn-38","kind":"node","name":"Naturkundemuseum","color":"#3466AA","lineRef":"metro","lab":1},"geometry":{"type":"Point","coordinates":[13.38216,52.53127]}},{"type":"Feature","properties":{"id":"ustn-39","kind":"node","name":"Voltastraße","color":"#3466AA","lineRef":"metro","lab":1},"geometry":{"type":"Point","coordinates":[13.39288,52.54229]}},{"type":"Feature","properties":{"id":"ustn-40","kind":"node","name":"Moritzplatz","color":"#3466AA","lineRef":"metro","lab":1},"geometry":{"type":"Point","coordinates":[13.41075,52.50366]}},{"type":"Feature","properties":{"id":"ustn-41","kind":"node","name":"Schönleinstraße","color":"#3466AA","lineRef":"metro","lab":1},"geometry":{"type":"Point","coordinates":[13.42206,52.49306]}},{"type":"Feature","properties":{"id":"ustn-42","kind":"node","name":"Boddinstraße","color":"#3466AA","lineRef":"metro","lab":1},"geometry":{"type":"Point","coordinates":[13.42528,52.48017]}},{"type":"Feature","properties":{"id":"ustn-43","kind":"node","name":"Leinestraße","color":"#3466AA","lineRef":"metro","lab":1},"geometry":{"type":"Point","coordinates":[13.42835,52.47298]}},{"type":"Feature","properties":{"id":"ustn-44","kind":"node","name":"Strausberger Platz","color":"#3466AA","lineRef":"metro","lab":1},"geometry":{"type":"Point","coordinates":[13.43153,52.5181]}},{"type":"Feature","properties":{"id":"ustn-45","kind":"node","name":"Dahlem-Dorf","color":"#3466AA","lineRef":"metro","lab":1},"geometry":{"type":"Point","coordinates":[13.2897,52.45741]}},{"type":"Feature","properties":{"id":"ustn-46","kind":"node","name":"Weberwiese","color":"#3466AA","lineRef":"metro","lab":1},"geometry":{"type":"Point","coordinates":[13.44471,52.51675]}},{"type":"Feature","properties":{"id":"ustn-47","kind":"node","name":"Grenzallee","color":"#3466AA","lineRef":"metro","lab":1},"geometry":{"type":"Point","coordinates":[13.44477,52.46288]}},{"type":"Feature","properties":{"id":"ustn-48","kind":"node","name":"Rehberge","color":"#3466AA","lineRef":"metro","lab":1},"geometry":{"type":"Point","coordinates":[13.34098,52.55669]}},{"type":"Feature","properties":{"id":"ustn-49","kind":"node","name":"Hallesches Tor","color":"#3466AA","lineRef":"metro","lab":1},"geometry":{"type":"Point","coordinates":[13.39065,52.49776]}},{"type":"Feature","properties":{"id":"ustn-50","kind":"node","name":"U Potsdamer Platz","color":"#3466AA","lineRef":"metro","lab":1},"geometry":{"type":"Point","coordinates":[13.37821,52.50916]}},{"type":"Feature","properties":{"id":"ustn-51","kind":"node","name":"Hauptbahnhof","color":"#3466AA","lineRef":"metro","lab":1},"geometry":{"type":"Point","coordinates":[13.37012,52.52528]}},{"type":"Feature","properties":{"id":"ustn-52","kind":"node","name":"Britz-Süd","color":"#3466AA","lineRef":"metro","lab":1},"geometry":{"type":"Point","coordinates":[13.44819,52.43779]}},{"type":"Feature","properties":{"id":"ustn-53","kind":"node","name":"Johannisthaler Chaussee","color":"#3466AA","lineRef":"metro","lab":1},"geometry":{"type":"Point","coordinates":[13.45334,52.42932]}},{"type":"Feature","properties":{"id":"ustn-54","kind":"node","name":"Lipschitzallee","color":"#3466AA","lineRef":"metro","lab":1},"geometry":{"type":"Point","coordinates":[13.4627,52.42464]}},{"type":"Feature","properties":{"id":"ustn-55","kind":"node","name":"Rudow","color":"#3466AA","lineRef":"metro","lab":1},"geometry":{"type":"Point","coordinates":[13.4954,52.41617]}},{"type":"Feature","properties":{"id":"ustn-56","kind":"node","name":"Zwickauer Damm","color":"#3466AA","lineRef":"metro","lab":1},"geometry":{"type":"Point","coordinates":[13.48394,52.42338]}},{"type":"Feature","properties":{"id":"ustn-57","kind":"node","name":"Afrikanische Straße","color":"#3466AA","lineRef":"metro","lab":1},"geometry":{"type":"Point","coordinates":[13.33462,52.56024]}},{"type":"Feature","properties":{"id":"ustn-58","kind":"node","name":"Kurt-Schumacher-Platz","color":"#3466AA","lineRef":"metro","lab":1},"geometry":{"type":"Point","coordinates":[13.32713,52.56323]}},{"type":"Feature","properties":{"id":"ustn-59","kind":"node","name":"Scharnweberstraße","color":"#3466AA","lineRef":"metro","lab":1},"geometry":{"type":"Point","coordinates":[13.31262,52.56682]}},{"type":"Feature","properties":{"id":"ustn-60","kind":"node","name":"Otisstraße","color":"#3466AA","lineRef":"metro","lab":1},"geometry":{"type":"Point","coordinates":[13.30293,52.57103]}},{"type":"Feature","properties":{"id":"ustn-61","kind":"node","name":"Holzhauser Straße","color":"#3466AA","lineRef":"metro","lab":1},"geometry":{"type":"Point","coordinates":[13.29611,52.57569]}},{"type":"Feature","properties":{"id":"ustn-62","kind":"node","name":"Borsigwerke","color":"#3466AA","lineRef":"metro","lab":1},"geometry":{"type":"Point","coordinates":[13.29059,52.58184]}},{"type":"Feature","properties":{"id":"ustn-63","kind":"node","name":"Brandenburger Tor","color":"#3466AA","lineRef":"metro","lab":1},"geometry":{"type":"Point","coordinates":[13.38099,52.5166]}},{"type":"Feature","properties":{"id":"ustn-64","kind":"node","name":"Neukölln","color":"#3466AA","lineRef":"metro","lab":1},"geometry":{"type":"Point","coordinates":[13.44182,52.4686]}},{"type":"Feature","properties":{"id":"ustn-65","kind":"node","name":"Weinmeisterstraße","color":"#3466AA","lineRef":"metro","lab":1},"geometry":{"type":"Point","coordinates":[13.40502,52.52547]}},{"type":"Feature","properties":{"id":"ustn-66","kind":"node","name":"U Friedrichstraße","color":"#3466AA","lineRef":"metro","lab":1},"geometry":{"type":"Point","coordinates":[13.38829,52.52026]}},{"type":"Feature","properties":{"id":"ustn-67","kind":"node","name":"Anton-Wilhelm-Amo-Straße","color":"#3466AA","lineRef":"metro","lab":1},"geometry":{"type":"Point","coordinates":[13.38509,52.51179]}},{"type":"Feature","properties":{"id":"ustn-68","kind":"node","name":"Warschauer Straße","color":"#3466AA","lineRef":"metro","lab":1},"geometry":{"type":"Point","coordinates":[13.44901,52.50501]}},{"type":"Feature","properties":{"id":"ustn-69","kind":"node","name":"Krumme Lanke","color":"#3466AA","lineRef":"metro","lab":1},"geometry":{"type":"Point","coordinates":[13.24139,52.44345]}},{"type":"Feature","properties":{"id":"ustn-70","kind":"node","name":"Görlitzer Bahnhof","color":"#3466AA","lineRef":"metro","lab":1},"geometry":{"type":"Point","coordinates":[13.42804,52.49926]}},{"type":"Feature","properties":{"id":"ustn-71","kind":"node","name":"Klosterstraße","color":"#3466AA","lineRef":"metro","lab":1},"geometry":{"type":"Point","coordinates":[13.41243,52.51723]}},{"type":"Feature","properties":{"id":"ustn-72","kind":"node","name":"Schillingstraße","color":"#3466AA","lineRef":"metro","lab":1},"geometry":{"type":"Point","coordinates":[13.42111,52.52079]}},{"type":"Feature","properties":{"id":"ustn-73","kind":"node","name":"Frankfurter Tor","color":"#3466AA","lineRef":"metro","lab":1},"geometry":{"type":"Point","coordinates":[13.45397,52.51582]}},{"type":"Feature","properties":{"id":"ustn-74","kind":"node","name":"Schlesisches Tor","color":"#3466AA","lineRef":"metro","lab":1},"geometry":{"type":"Point","coordinates":[13.44146,52.50083]}},{"type":"Feature","properties":{"id":"ustn-75","kind":"node","name":"Westhafen","color":"#3466AA","lineRef":"metro","lab":1},"geometry":{"type":"Point","coordinates":[13.34257,52.53674]}},{"type":"Feature","properties":{"id":"ustn-76","kind":"node","name":"Prinzenstraße","color":"#3466AA","lineRef":"metro","lab":1},"geometry":{"type":"Point","coordinates":[13.40591,52.4984]}},{"type":"Feature","properties":{"id":"ustn-77","kind":"node","name":"Alt-Mariendorf","color":"#3466AA","lineRef":"metro","lab":1},"geometry":{"type":"Point","coordinates":[13.38751,52.43968]}},{"type":"Feature","properties":{"id":"ustn-78","kind":"node","name":"Platz der Luftbrücke","color":"#3466AA","lineRef":"metro","lab":1},"geometry":{"type":"Point","coordinates":[13.38595,52.48608]}},{"type":"Feature","properties":{"id":"ustn-79","kind":"node","name":"Paracelsus-Bad","color":"#3466AA","lineRef":"metro","lab":1},"geometry":{"type":"Point","coordinates":[13.34851,52.57424]}},{"type":"Feature","properties":{"id":"ustn-80","kind":"node","name":"Residenzstraße","color":"#3466AA","lineRef":"metro","lab":1},"geometry":{"type":"Point","coordinates":[13.36047,52.57119]}},{"type":"Feature","properties":{"id":"ustn-81","kind":"node","name":"Franz-Neumann-Platz","color":"#3466AA","lineRef":"metro","lab":1},"geometry":{"type":"Point","coordinates":[13.36392,52.56454]}},{"type":"Feature","properties":{"id":"ustn-82","kind":"node","name":"Vinetastraße","color":"#3466AA","lineRef":"metro","lab":1},"geometry":{"type":"Point","coordinates":[13.41328,52.55932]}},{"type":"Feature","properties":{"id":"ustn-83","kind":"node","name":"Kaiserin-Augusta-Straße","color":"#3466AA","lineRef":"metro","lab":1},"geometry":{"type":"Point","coordinates":[13.38463,52.45998]}},{"type":"Feature","properties":{"id":"ustn-84","kind":"node","name":"Westphalweg","color":"#3466AA","lineRef":"metro","lab":1},"geometry":{"type":"Point","coordinates":[13.38569,52.44627]}},{"type":"Feature","properties":{"id":"ustn-85","kind":"node","name":"Kottbusser Tor","color":"#3466AA","lineRef":"metro","lab":1},"geometry":{"type":"Point","coordinates":[13.41831,52.49899]}},{"type":"Feature","properties":{"id":"ustn-86","kind":"node","name":"Sophie-Charlotte-Platz","color":"#3466AA","lineRef":"metro","lab":1},"geometry":{"type":"Point","coordinates":[13.29633,52.51091]}},{"type":"Feature","properties":{"id":"ustn-87","kind":"node","name":"Nollendorfplatz","color":"#3466AA","lineRef":"metro","lab":1},"geometry":{"type":"Point","coordinates":[13.35373,52.4996]}},{"type":"Feature","properties":{"id":"ustn-88","kind":"node","name":"Spittelmarkt","color":"#3466AA","lineRef":"metro","lab":1},"geometry":{"type":"Point","coordinates":[13.40412,52.5113]}},{"type":"Feature","properties":{"id":"ustn-89","kind":"node","name":"Kurfürstenstraße","color":"#3466AA","lineRef":"metro","lab":1},"geometry":{"type":"Point","coordinates":[13.36194,52.49996]}},{"type":"Feature","properties":{"id":"ustn-90","kind":"node","name":"Schwartzkopffstraße","color":"#3466AA","lineRef":"metro","lab":1},"geometry":{"type":"Point","coordinates":[13.37732,52.53516]}},{"type":"Feature","properties":{"id":"ustn-91","kind":"node","name":"Senefelderplatz","color":"#3466AA","lineRef":"metro","lab":1},"geometry":{"type":"Point","coordinates":[13.41269,52.53239]}},{"type":"Feature","properties":{"id":"ustn-92","kind":"node","name":"Konstanzer Straße","color":"#3466AA","lineRef":"metro","lab":1},"geometry":{"type":"Point","coordinates":[13.30907,52.49453]}},{"type":"Feature","properties":{"id":"ustn-93","kind":"node","name":"Karl-Marx-Straße","color":"#3466AA","lineRef":"metro","lab":1},"geometry":{"type":"Point","coordinates":[13.43934,52.47627]}},{"type":"Feature","properties":{"id":"ustn-94","kind":"node","name":"Oranienburger Tor","color":"#3466AA","lineRef":"metro","lab":1},"geometry":{"type":"Point","coordinates":[13.38736,52.5256]}},{"type":"Feature","properties":{"id":"ustn-95","kind":"node","name":"Adenauerplatz","color":"#3466AA","lineRef":"metro","lab":1},"geometry":{"type":"Point","coordinates":[13.30732,52.5]}},{"type":"Feature","properties":{"id":"ustn-96","kind":"node","name":"Cottbusser Platz","color":"#3466AA","lineRef":"metro","lab":1},"geometry":{"type":"Point","coordinates":[13.5964,52.53383]}},{"type":"Feature","properties":{"id":"ustn-97","kind":"node","name":"Kaulsdorf-Nord","color":"#3466AA","lineRef":"metro","lab":1},"geometry":{"type":"Point","coordinates":[13.58892,52.52115]}},{"type":"Feature","properties":{"id":"ustn-98","kind":"node","name":"Magdalenenstraße (Campus für Demokratie)","color":"#3466AA","lineRef":"metro","lab":1},"geometry":{"type":"Point","coordinates":[13.48708,52.51245]}},{"type":"Feature","properties":{"id":"ustn-99","kind":"node","name":"Kienberg (Gärten der Welt)","color":"#3466AA","lineRef":"metro","lab":1},"geometry":{"type":"Point","coordinates":[13.59064,52.52862]}},{"type":"Feature","properties":{"id":"ustn-100","kind":"node","name":"Nauener Platz","color":"#3466AA","lineRef":"metro","lab":1},"geometry":{"type":"Point","coordinates":[13.36717,52.55141]}},{"type":"Feature","properties":{"id":"ustn-101","kind":"node","name":"Mendelssohn-Bartholdy-Park","color":"#3466AA","lineRef":"metro","lab":1},"geometry":{"type":"Point","coordinates":[13.37486,52.50372]}},{"type":"Feature","properties":{"id":"ustn-102","kind":"node","name":"Möckernbrücke","color":"#3466AA","lineRef":"metro","lab":1},"geometry":{"type":"Point","coordinates":[13.38312,52.49869]}},{"type":"Feature","properties":{"id":"ustn-103","kind":"node","name":"Pankstraße","color":"#3466AA","lineRef":"metro","lab":1},"geometry":{"type":"Point","coordinates":[13.38146,52.55226]}},{"type":"Feature","properties":{"id":"ustn-104","kind":"node","name":"Samariterstraße","color":"#3466AA","lineRef":"metro","lab":1},"geometry":{"type":"Point","coordinates":[13.46444,52.51474]}},{"type":"Feature","properties":{"id":"ustn-105","kind":"node","name":"Hönow","color":"#3466AA","lineRef":"metro","lab":1},"geometry":{"type":"Point","coordinates":[13.63312,52.53843]}},{"type":"Feature","properties":{"id":"ustn-106","kind":"node","name":"Bülowstraße","color":"#3466AA","lineRef":"metro","lab":1},"geometry":{"type":"Point","coordinates":[13.36322,52.49759]}},{"type":"Feature","properties":{"id":"ustn-107","kind":"node","name":"Hausvogteiplatz","color":"#3466AA","lineRef":"metro","lab":1},"geometry":{"type":"Point","coordinates":[13.39559,52.51335]}},{"type":"Feature","properties":{"id":"ustn-108","kind":"node","name":"Alt-Tempelhof","color":"#3466AA","lineRef":"metro","lab":1},"geometry":{"type":"Point","coordinates":[13.38563,52.46552]}},{"type":"Feature","properties":{"id":"ustn-109","kind":"node","name":"Ullsteinstraße","color":"#3466AA","lineRef":"metro","lab":1},"geometry":{"type":"Point","coordinates":[13.38447,52.45374]}},{"type":"Feature","properties":{"id":"ustn-110","kind":"node","name":"Mehringdamm","color":"#3466AA","lineRef":"metro","lab":1},"geometry":{"type":"Point","coordinates":[13.38862,52.49413]}},{"type":"Feature","properties":{"id":"ustn-111","kind":"node","name":"Paradestraße","color":"#3466AA","lineRef":"metro","lab":1},"geometry":{"type":"Point","coordinates":[13.38626,52.47802]}},{"type":"Feature","properties":{"id":"ustn-112","kind":"node","name":"Lichtenberg","color":"#3466AA","lineRef":"metro","lab":1},"geometry":{"type":"Point","coordinates":[13.4986,52.51112]}},{"type":"Feature","properties":{"id":"ustn-113","kind":"node","name":"Onkel Toms Hütte","color":"#3466AA","lineRef":"metro","lab":1},"geometry":{"type":"Point","coordinates":[13.25308,52.44989]}},{"type":"Feature","properties":{"id":"ustn-114","kind":"node","name":"Oskar-Helene-Heim","color":"#3466AA","lineRef":"metro","lab":1},"geometry":{"type":"Point","coordinates":[13.26907,52.45036]}},{"type":"Feature","properties":{"id":"ustn-115","kind":"node","name":"Freie Universität (Thielplatz)","color":"#3466AA","lineRef":"metro","lab":1},"geometry":{"type":"Point","coordinates":[13.28174,52.45104]}},{"type":"Feature","properties":{"id":"ustn-116","kind":"node","name":"Uhlandstraße","color":"#3466AA","lineRef":"metro","lab":1},"geometry":{"type":"Point","coordinates":[13.3267,52.50281]}},{"type":"Feature","properties":{"id":"ustn-117","kind":"node","name":"Wittenbergplatz","color":"#3466AA","lineRef":"metro","lab":1},"geometry":{"type":"Point","coordinates":[13.343,52.5018]}},{"type":"Feature","properties":{"id":"ustn-118","kind":"node","name":"Hansaplatz","color":"#3466AA","lineRef":"metro","lab":1},"geometry":{"type":"Point","coordinates":[13.34204,52.51801]}},{"type":"Feature","properties":{"id":"ustn-119","kind":"node","name":"Birkenstraße","color":"#3466AA","lineRef":"metro","lab":1},"geometry":{"type":"Point","coordinates":[13.34135,52.53238]}},{"type":"Feature","properties":{"id":"ustn-120","kind":"node","name":"Blaschkoallee","color":"#3466AA","lineRef":"metro","lab":1},"geometry":{"type":"Point","coordinates":[13.4492,52.45208]}},{"type":"Feature","properties":{"id":"ustn-121","kind":"node","name":"Blissestraße","color":"#3466AA","lineRef":"metro","lab":1},"geometry":{"type":"Point","coordinates":[13.32054,52.48649]}},{"type":"Feature","properties":{"id":"ustn-122","kind":"node","name":"Breitenbachplatz","color":"#3466AA","lineRef":"metro","lab":1},"geometry":{"type":"Point","coordinates":[13.30887,52.46703]}},{"type":"Feature","properties":{"id":"ustn-123","kind":"node","name":"Osloer Straße","color":"#3466AA","lineRef":"metro","lab":1},"geometry":{"type":"Point","coordinates":[13.37327,52.55716]}},{"type":"Feature","properties":{"id":"ustn-124","kind":"node","name":"Bundestag","color":"#3466AA","lineRef":"metro","lab":1},"geometry":{"type":"Point","coordinates":[13.37295,52.52011]}},{"type":"Feature","properties":{"id":"ustn-125","kind":"node","name":"Turmstraße","color":"#3466AA","lineRef":"metro","lab":1},"geometry":{"type":"Point","coordinates":[13.3413,52.52615]}},{"type":"Feature","properties":{"id":"ustn-126","kind":"node","name":"Siemensdamm","color":"#3466AA","lineRef":"metro","lab":1},"geometry":{"type":"Point","coordinates":[13.27276,52.53677]}},{"type":"Feature","properties":{"id":"ustn-127","kind":"node","name":"Tierpark","color":"#3466AA","lineRef":"metro","lab":1},"geometry":{"type":"Point","coordinates":[13.52296,52.49772]}},{"type":"Feature","properties":{"id":"ustn-128","kind":"node","name":"Alexanderplatz","color":"#3466AA","lineRef":"metro","lab":1},"geometry":{"type":"Point","coordinates":[13.41391,52.52158]}},{"type":"Feature","properties":{"id":"ustn-129","kind":"node","name":"Jungfernheide","color":"#3466AA","lineRef":"metro","lab":1},"geometry":{"type":"Point","coordinates":[13.30063,52.53079]}},{"type":"Feature","properties":{"id":"ustn-130","kind":"node","name":"Louis-Lewin-Straße","color":"#3466AA","lineRef":"metro","lab":1},"geometry":{"type":"Point","coordinates":[13.61835,52.53898]}},{"type":"Feature","properties":{"id":"ustn-131","kind":"node","name":"Hellersdorf","color":"#3466AA","lineRef":"metro","lab":1},"geometry":{"type":"Point","coordinates":[13.60667,52.53669]}},{"type":"Feature","properties":{"id":"ustn-132","kind":"node","name":"Märkisches Museum","color":"#3466AA","lineRef":"metro","lab":1},"geometry":{"type":"Point","coordinates":[13.41018,52.51233]}},{"type":"Feature","properties":{"id":"ustn-133","kind":"node","name":"Rathaus Spandau","color":"#3466AA","lineRef":"metro","lab":1},"geometry":{"type":"Point","coordinates":[13.19977,52.53517]}},{"type":"Feature","properties":{"id":"ustn-134","kind":"node","name":"Kleistpark","color":"#3466AA","lineRef":"metro","lab":1},"geometry":{"type":"Point","coordinates":[13.36022,52.49037]}},{"type":"Feature","properties":{"id":"ustn-135","kind":"node","name":"Kochstraße/Checkpoint Charlie","color":"#3466AA","lineRef":"metro","lab":1},"geometry":{"type":"Point","coordinates":[13.39061,52.50604]}},{"type":"Feature","properties":{"id":"ustn-136","kind":"node","name":"Rathaus Schöneberg","color":"#3466AA","lineRef":"metro","lab":1},"geometry":{"type":"Point","coordinates":[13.34197,52.48318]}},{"type":"Feature","properties":{"id":"ustn-137","kind":"node","name":"Viktoria-Luise-Platz","color":"#3466AA","lineRef":"metro","lab":1},"geometry":{"type":"Point","coordinates":[13.34319,52.49618]}},{"type":"Feature","properties":{"id":"ustn-138","kind":"node","name":"Rüdesheimer Platz","color":"#3466AA","lineRef":"metro","lab":1},"geometry":{"type":"Point","coordinates":[13.31442,52.47325]}},{"type":"Feature","properties":{"id":"ustn-139","kind":"node","name":"Podbielskiallee","color":"#3466AA","lineRef":"metro","lab":1},"geometry":{"type":"Point","coordinates":[13.29575,52.4641]}},{"type":"Feature","properties":{"id":"ustn-140","kind":"node","name":"Augsburger Straße","color":"#3466AA","lineRef":"metro","lab":1},"geometry":{"type":"Point","coordinates":[13.33646,52.50044]}},{"type":"Feature","properties":{"id":"ustn-141","kind":"node","name":"Heidelberger Platz","color":"#3466AA","lineRef":"metro","lab":1},"geometry":{"type":"Point","coordinates":[13.31288,52.4798]}},{"type":"Feature","properties":{"id":"ustn-142","kind":"node","name":"Hohenzollernplatz","color":"#3466AA","lineRef":"metro","lab":1},"geometry":{"type":"Point","coordinates":[13.32475,52.49408]}},{"type":"Feature","properties":{"id":"ustn-143","kind":"node","name":"Spichernstraße","color":"#3466AA","lineRef":"metro","lab":1},"geometry":{"type":"Point","coordinates":[13.33101,52.49645]}},{"type":"Feature","properties":{"id":"ustn-144","kind":"node","name":"Fehrbelliner Platz","color":"#3466AA","lineRef":"metro","lab":1},"geometry":{"type":"Point","coordinates":[13.31484,52.4903]}},{"type":"Feature","properties":{"id":"ustn-145","kind":"node","name":"Hermannplatz","color":"#3466AA","lineRef":"metro","lab":1},"geometry":{"type":"Point","coordinates":[13.42455,52.48629]}},{"type":"Feature","properties":{"id":"ustn-146","kind":"node","name":"Rathaus Neukölln","color":"#3466AA","lineRef":"metro","lab":1},"geometry":{"type":"Point","coordinates":[13.43418,52.48165]}},{"type":"Feature","properties":{"id":"ustn-147","kind":"node","name":"Parchimer Allee","color":"#3466AA","lineRef":"metro","lab":1},"geometry":{"type":"Point","coordinates":[13.4496,52.44477]}},{"type":"Feature","properties":{"id":"ustn-148","kind":"node","name":"Jakob-Kaiser-Platz","color":"#3466AA","lineRef":"metro","lab":1},"geometry":{"type":"Point","coordinates":[13.2933,52.53628]}},{"type":"Feature","properties":{"id":"ustn-149","kind":"node","name":"Wilmersdorfer Straße","color":"#3466AA","lineRef":"metro","lab":1},"geometry":{"type":"Point","coordinates":[13.30664,52.50667]}},{"type":"Feature","properties":{"id":"ustn-150","kind":"node","name":"Zitadelle","color":"#3466AA","lineRef":"metro","lab":1},"geometry":{"type":"Point","coordinates":[13.21754,52.53765]}},{"type":"Feature","properties":{"id":"ustn-151","kind":"node","name":"Paulsternstraße","color":"#3466AA","lineRef":"metro","lab":1},"geometry":{"type":"Point","coordinates":[13.24782,52.53798]}},{"type":"Feature","properties":{"id":"ustn-152","kind":"node","name":"Halemweg","color":"#3466AA","lineRef":"metro","lab":1},"geometry":{"type":"Point","coordinates":[13.2861,52.53663]}},{"type":"Feature","properties":{"id":"ustn-153","kind":"node","name":"Reinickendorfer Straße","color":"#3466AA","lineRef":"metro","lab":1},"geometry":{"type":"Point","coordinates":[13.37029,52.54004]}},{"type":"Feature","properties":{"id":"ustn-154","kind":"node","name":"Schönhauser Allee","color":"#3466AA","lineRef":"metro","lab":1},"geometry":{"type":"Point","coordinates":[13.41371,52.54949]}},{"type":"Feature","properties":{"id":"ustn-155","kind":"node","name":"Karl-Bonhoeffer-Nervenklinik","color":"#3466AA","lineRef":"metro","lab":1},"geometry":{"type":"Point","coordinates":[13.3335,52.57862]}},{"type":"Feature","properties":{"id":"ustn-156","kind":"node","name":"Wittenau","color":"#3466AA","lineRef":"metro","lab":1},"geometry":{"type":"Point","coordinates":[13.33471,52.59564]}},{"type":"Feature","properties":{"id":"ustn-157","kind":"node","name":"Rosa-Luxemburg-Platz","color":"#3466AA","lineRef":"metro","lab":1},"geometry":{"type":"Point","coordinates":[13.41049,52.5277]}},{"type":"Feature","properties":{"id":"ustn-158","kind":"node","name":"Mierendorffplatz","color":"#3466AA","lineRef":"metro","lab":1},"geometry":{"type":"Point","coordinates":[13.30477,52.52634]}},{"type":"Feature","properties":{"id":"ustn-159","kind":"node","name":"Pankow","color":"#3466AA","lineRef":"metro","lab":1},"geometry":{"type":"Point","coordinates":[13.41172,52.56678]}},{"type":"Feature","properties":{"id":"ustn-160","kind":"node","name":"Haselhorst","color":"#3466AA","lineRef":"metro","lab":1},"geometry":{"type":"Point","coordinates":[13.23309,52.53872]}},{"type":"Feature","properties":{"id":"ustn-161","kind":"node","name":"Stadtmitte","color":"#3466AA","lineRef":"metro","lab":1},"geometry":{"type":"Point","coordinates":[13.38985,52.51062]}},{"type":"Feature","properties":{"id":"ustn-162","kind":"node","name":"Hallesches Tor","color":"#3466AA","lineRef":"metro","lab":1},"geometry":{"type":"Point","coordinates":[13.39171,52.49903]}},{"type":"Feature","properties":{"id":"ustn-163","kind":"node","name":"Bundesplatz","color":"#3466AA","lineRef":"metro","lab":1},"geometry":{"type":"Point","coordinates":[13.3285,52.47765]}},{"type":"Feature","properties":{"id":"ustn-164","kind":"node","name":"Rohrdamm","color":"#3466AA","lineRef":"metro","lab":1},"geometry":{"type":"Point","coordinates":[13.26231,52.537]}},{"type":"Feature","properties":{"id":"ustn-165","kind":"node","name":"Tempelhof","color":"#3466AA","lineRef":"metro","lab":1},"geometry":{"type":"Point","coordinates":[13.38563,52.46955]}},{"type":"Feature","properties":{"id":"ustn-166","kind":"node","name":"Olympia-Stadion","color":"#3466AA","lineRef":"metro","lab":1},"geometry":{"type":"Point","coordinates":[13.25045,52.51686]}},{"type":"Feature","properties":{"id":"ustn-167","kind":"node","name":"Heinrich-Heine-Straße","color":"#3466AA","lineRef":"metro","lab":1},"geometry":{"type":"Point","coordinates":[13.41603,52.51045]}},{"type":"Feature","properties":{"id":"ustn-168","kind":"node","name":"Eberswalder Straße","color":"#3466AA","lineRef":"metro","lab":1},"geometry":{"type":"Point","coordinates":[13.41218,52.54152]}},{"type":"Feature","properties":{"id":"ustn-169","kind":"node","name":"Bernauer Straße","color":"#3466AA","lineRef":"metro","lab":1},"geometry":{"type":"Point","coordinates":[13.39662,52.53744]}},{"type":"Feature","properties":{"id":"ustn-170","kind":"node","name":"Alt-Tegel","color":"#3466AA","lineRef":"metro","lab":1},"geometry":{"type":"Point","coordinates":[13.28375,52.58946]}},{"type":"Feature","properties":{"id":"ustn-171","kind":"node","name":"Altstadt Spandau","color":"#3466AA","lineRef":"metro","lab":1},"geometry":{"type":"Point","coordinates":[13.20626,52.53884]}},{"type":"Feature","properties":{"id":"ustn-172","kind":"node","name":"Wutzkyallee","color":"#3466AA","lineRef":"metro","lab":1},"geometry":{"type":"Point","coordinates":[13.47457,52.42333]}},{"type":"Feature","properties":{"id":"ustn-173","kind":"node","name":"Unter den Linden","color":"#3466AA","lineRef":"metro","lab":1},"geometry":{"type":"Point","coordinates":[13.38882,52.51699]}},{"type":"Feature","properties":{"id":"ustn-174","kind":"node","name":"Rotes Rathaus","color":"#3466AA","lineRef":"metro","lab":1},"geometry":{"type":"Point","coordinates":[13.40808,52.51884]}},{"type":"Feature","properties":{"id":"ustn-175","kind":"node","name":"Museumsinsel","color":"#3466AA","lineRef":"metro","lab":1},"geometry":{"type":"Point","coordinates":[13.39888,52.51726]}},{"type":"Feature","properties":{"id":"sstn-0","kind":"node","name":"Tiergarten","color":"#0A7A3C","lineRef":"train","lab":1},"geometry":{"type":"Point","coordinates":[13.33645,52.51437]}},{"type":"Feature","properties":{"id":"sstn-1","kind":"node","name":"Westend","color":"#0A7A3C","lineRef":"train","lab":1},"geometry":{"type":"Point","coordinates":[13.28442,52.51801]}},{"type":"Feature","properties":{"id":"sstn-2","kind":"node","name":"Wannsee","color":"#0A7A3C","lineRef":"train","lab":1},"geometry":{"type":"Point","coordinates":[13.17981,52.42141]}},{"type":"Feature","properties":{"id":"sstn-3","kind":"node","name":"Pichelsberg","color":"#0A7A3C","lineRef":"train","lab":1},"geometry":{"type":"Point","coordinates":[13.22763,52.51015]}},{"type":"Feature","properties":{"id":"sstn-4","kind":"node","name":"Grunewald","color":"#0A7A3C","lineRef":"train","lab":1},"geometry":{"type":"Point","coordinates":[13.26101,52.48825]}},{"type":"Feature","properties":{"id":"sstn-5","kind":"node","name":"Griebnitzsee","color":"#0A7A3C","lineRef":"train","lab":1},"geometry":{"type":"Point","coordinates":[13.12727,52.39446]}},{"type":"Feature","properties":{"id":"sstn-6","kind":"node","name":"Karow","color":"#0A7A3C","lineRef":"train","lab":1},"geometry":{"type":"Point","coordinates":[13.46946,52.61521]}},{"type":"Feature","properties":{"id":"sstn-7","kind":"node","name":"Beusselstraße","color":"#0A7A3C","lineRef":"train","lab":1},"geometry":{"type":"Point","coordinates":[13.32939,52.53441]}},{"type":"Feature","properties":{"id":"sstn-8","kind":"node","name":"Rummelsburg","color":"#0A7A3C","lineRef":"train","lab":1},"geometry":{"type":"Point","coordinates":[13.47837,52.50129]}},{"type":"Feature","properties":{"id":"sstn-9","kind":"node","name":"Marzahn","color":"#0A7A3C","lineRef":"train","lab":1},"geometry":{"type":"Point","coordinates":[13.54135,52.54365]}},{"type":"Feature","properties":{"id":"sstn-10","kind":"node","name":"Wuhletal","color":"#0A7A3C","lineRef":"train","lab":1},"geometry":{"type":"Point","coordinates":[13.57521,52.51261]}},{"type":"Feature","properties":{"id":"sstn-11","kind":"node","name":"Mahlsdorf","color":"#0A7A3C","lineRef":"train","lab":1},"geometry":{"type":"Point","coordinates":[13.61041,52.51209]}},{"type":"Feature","properties":{"id":"sstn-12","kind":"node","name":"Potsdam Hauptbahnhof","color":"#0A7A3C","lineRef":"train","lab":1},"geometry":{"type":"Point","coordinates":[13.06724,52.39179]}},{"type":"Feature","properties":{"id":"sstn-13","kind":"node","name":"Birkenwerder","color":"#0A7A3C","lineRef":"train","lab":1},"geometry":{"type":"Point","coordinates":[13.28869,52.68866]}},{"type":"Feature","properties":{"id":"sstn-14","kind":"node","name":"Hohenschönhausen","color":"#0A7A3C","lineRef":"train","lab":1},"geometry":{"type":"Point","coordinates":[13.5125,52.56628]}},{"type":"Feature","properties":{"id":"sstn-15","kind":"node","name":"Wartenberg","color":"#0A7A3C","lineRef":"train","lab":1},"geometry":{"type":"Point","coordinates":[13.50383,52.57298]}},{"type":"Feature","properties":{"id":"sstn-16","kind":"node","name":"Marienfelde","color":"#0A7A3C","lineRef":"train","lab":1},"geometry":{"type":"Point","coordinates":[13.37468,52.42421]}},{"type":"Feature","properties":{"id":"sstn-17","kind":"node","name":"Hohen Neuendorf (b Berlin)","color":"#0A7A3C","lineRef":"train","lab":1},"geometry":{"type":"Point","coordinates":[13.28704,52.66865]}},{"type":"Feature","properties":{"id":"sstn-18","kind":"node","name":"Fredersdorf (b Berlin)","color":"#0A7A3C","lineRef":"train","lab":1},"geometry":{"type":"Point","coordinates":[13.76045,52.52625]}},{"type":"Feature","properties":{"id":"sstn-19","kind":"node","name":"Mühlenbeck-Mönchmühle","color":"#0A7A3C","lineRef":"train","lab":1},"geometry":{"type":"Point","coordinates":[13.38622,52.65475]}},{"type":"Feature","properties":{"id":"sstn-20","kind":"node","name":"Treptower Park","color":"#0A7A3C","lineRef":"train","lab":1},"geometry":{"type":"Point","coordinates":[13.46183,52.49385]}},{"type":"Feature","properties":{"id":"sstn-21","kind":"node","name":"Olympiastadion","color":"#0A7A3C","lineRef":"train","lab":1},"geometry":{"type":"Point","coordinates":[13.24283,52.51126]}},{"type":"Feature","properties":{"id":"sstn-22","kind":"node","name":"Mahlow","color":"#0A7A3C","lineRef":"train","lab":1},"geometry":{"type":"Point","coordinates":[13.40783,52.36063]}},{"type":"Feature","properties":{"id":"sstn-23","kind":"node","name":"Schönhauser Allee","color":"#0A7A3C","lineRef":"train","lab":1},"geometry":{"type":"Point","coordinates":[13.4156,52.54924]}},{"type":"Feature","properties":{"id":"sstn-24","kind":"node","name":"Friedrichshagen","color":"#0A7A3C","lineRef":"train","lab":1},"geometry":{"type":"Point","coordinates":[13.62329,52.45738]}},{"type":"Feature","properties":{"id":"sstn-25","kind":"node","name":"Wuhlheide","color":"#0A7A3C","lineRef":"train","lab":1},"geometry":{"type":"Point","coordinates":[13.55434,52.46855]}},{"type":"Feature","properties":{"id":"sstn-26","kind":"node","name":"Karlshorst","color":"#0A7A3C","lineRef":"train","lab":1},"geometry":{"type":"Point","coordinates":[13.52728,52.48047]}},{"type":"Feature","properties":{"id":"sstn-27","kind":"node","name":"Köpenick","color":"#0A7A3C","lineRef":"train","lab":1},"geometry":{"type":"Point","coordinates":[13.58152,52.45858]}},{"type":"Feature","properties":{"id":"sstn-28","kind":"node","name":"Bernau","color":"#0A7A3C","lineRef":"train","lab":1},"geometry":{"type":"Point","coordinates":[13.59167,52.67555]}},{"type":"Feature","properties":{"id":"sstn-29","kind":"node","name":"Wedding","color":"#0A7A3C","lineRef":"train","lab":1},"geometry":{"type":"Point","coordinates":[13.367,52.54279]}},{"type":"Feature","properties":{"id":"sstn-30","kind":"node","name":"Zepernick (b Bernau)","color":"#0A7A3C","lineRef":"train","lab":1},"geometry":{"type":"Point","coordinates":[13.53385,52.65968]}},{"type":"Feature","properties":{"id":"sstn-31","kind":"node","name":"Halensee","color":"#0A7A3C","lineRef":"train","lab":1},"geometry":{"type":"Point","coordinates":[13.29056,52.49602]}},{"type":"Feature","properties":{"id":"sstn-32","kind":"node","name":"Erkner","color":"#0A7A3C","lineRef":"train","lab":1},"geometry":{"type":"Point","coordinates":[13.75106,52.42942]}},{"type":"Feature","properties":{"id":"sstn-33","kind":"node","name":"Ostkreuz","color":"#0A7A3C","lineRef":"train","lab":1},"geometry":{"type":"Point","coordinates":[13.46958,52.50315]}},{"type":"Feature","properties":{"id":"sstn-34","kind":"node","name":"Südkreuz (Ringbahn)","color":"#0A7A3C","lineRef":"train","lab":1},"geometry":{"type":"Point","coordinates":[13.36507,52.47598]}},{"type":"Feature","properties":{"id":"sstn-35","kind":"node","name":"Zoologischer Garten","color":"#0A7A3C","lineRef":"train","lab":1},"geometry":{"type":"Point","coordinates":[13.33187,52.50714]}},{"type":"Feature","properties":{"id":"sstn-36","kind":"node","name":"Flughafen BER","color":"#0A7A3C","lineRef":"train","lab":1},"geometry":{"type":"Point","coordinates":[13.50816,52.36428]}},{"type":"Feature","properties":{"id":"sstn-37","kind":"node","name":"Schlachtensee","color":"#0A7A3C","lineRef":"train","lab":1},"geometry":{"type":"Point","coordinates":[13.21544,52.44009]}},{"type":"Feature","properties":{"id":"sstn-38","kind":"node","name":"Tempelhof","color":"#0A7A3C","lineRef":"train","lab":1},"geometry":{"type":"Point","coordinates":[13.38445,52.47097]}},{"type":"Feature","properties":{"id":"sstn-39","kind":"node","name":"Nordbahnhof","color":"#0A7A3C","lineRef":"train","lab":1},"geometry":{"type":"Point","coordinates":[13.38784,52.53227]}},{"type":"Feature","properties":{"id":"sstn-40","kind":"node","name":"Oranienburger Straße","color":"#0A7A3C","lineRef":"train","lab":1},"geometry":{"type":"Point","coordinates":[13.39301,52.52522]}},{"type":"Feature","properties":{"id":"sstn-41","kind":"node","name":"Hennigsdorf (bei Berlin)","color":"#0A7A3C","lineRef":"train","lab":1},"geometry":{"type":"Point","coordinates":[13.20608,52.63741]}},{"type":"Feature","properties":{"id":"sstn-42","kind":"node","name":"Babelsberg","color":"#0A7A3C","lineRef":"train","lab":1},"geometry":{"type":"Point","coordinates":[13.09296,52.3914]}},{"type":"Feature","properties":{"id":"sstn-43","kind":"node","name":"Teltow Stadt","color":"#0A7A3C","lineRef":"train","lab":1},"geometry":{"type":"Point","coordinates":[13.27625,52.39684]}},{"type":"Feature","properties":{"id":"sstn-44","kind":"node","name":"Bornholmer Straße","color":"#0A7A3C","lineRef":"train","lab":1},"geometry":{"type":"Point","coordinates":[13.39785,52.55477]}},{"type":"Feature","properties":{"id":"sstn-45","kind":"node","name":"Alt-Reinickendorf","color":"#0A7A3C","lineRef":"train","lab":1},"geometry":{"type":"Point","coordinates":[13.35124,52.57778]}},{"type":"Feature","properties":{"id":"sstn-46","kind":"node","name":"Tegel","color":"#0A7A3C","lineRef":"train","lab":1},"geometry":{"type":"Point","coordinates":[13.2897,52.58819]}},{"type":"Feature","properties":{"id":"sstn-47","kind":"node","name":"Buckower Chaussee","color":"#0A7A3C","lineRef":"train","lab":1},"geometry":{"type":"Point","coordinates":[13.38276,52.41054]}},{"type":"Feature","properties":{"id":"sstn-48","kind":"node","name":"Heiligensee","color":"#0A7A3C","lineRef":"train","lab":1},"geometry":{"type":"Point","coordinates":[13.22919,52.62466]}},{"type":"Feature","properties":{"id":"sstn-49","kind":"node","name":"Schöneberg","color":"#0A7A3C","lineRef":"train","lab":1},"geometry":{"type":"Point","coordinates":[13.35192,52.47935]}},{"type":"Feature","properties":{"id":"sstn-50","kind":"node","name":"Ostbahnhof","color":"#0A7A3C","lineRef":"train","lab":1},"geometry":{"type":"Point","coordinates":[13.43517,52.51074]}},{"type":"Feature","properties":{"id":"sstn-51","kind":"node","name":"Blankenburg","color":"#0A7A3C","lineRef":"train","lab":1},"geometry":{"type":"Point","coordinates":[13.44348,52.59147]}},{"type":"Feature","properties":{"id":"sstn-52","kind":"node","name":"Stresow","color":"#0A7A3C","lineRef":"train","lab":1},"geometry":{"type":"Point","coordinates":[13.20935,52.53194]}},{"type":"Feature","properties":{"id":"sstn-53","kind":"node","name":"Frohnau","color":"#0A7A3C","lineRef":"train","lab":1},"geometry":{"type":"Point","coordinates":[13.29022,52.63241]}},{"type":"Feature","properties":{"id":"sstn-54","kind":"node","name":"Waidmannslust","color":"#0A7A3C","lineRef":"train","lab":1},"geometry":{"type":"Point","coordinates":[13.32119,52.60627]}},{"type":"Feature","properties":{"id":"sstn-55","kind":"node","name":"Schönholz","color":"#0A7A3C","lineRef":"train","lab":1},"geometry":{"type":"Point","coordinates":[13.38099,52.5715]}},{"type":"Feature","properties":{"id":"sstn-56","kind":"node","name":"Hoppegarten (Mark)","color":"#0A7A3C","lineRef":"train","lab":1},"geometry":{"type":"Point","coordinates":[13.67426,52.51824]}},{"type":"Feature","properties":{"id":"sstn-57","kind":"node","name":"Attilastraße","color":"#0A7A3C","lineRef":"train","lab":1},"geometry":{"type":"Point","coordinates":[13.36075,52.44803]}},{"type":"Feature","properties":{"id":"sstn-58","kind":"node","name":"Adlershof","color":"#0A7A3C","lineRef":"train","lab":1},"geometry":{"type":"Point","coordinates":[13.54156,52.43474]}},{"type":"Feature","properties":{"id":"sstn-59","kind":"node","name":"Altglienicke","color":"#0A7A3C","lineRef":"train","lab":1},"geometry":{"type":"Point","coordinates":[13.55826,52.40695]}},{"type":"Feature","properties":{"id":"sstn-60","kind":"node","name":"Grünau","color":"#0A7A3C","lineRef":"train","lab":1},"geometry":{"type":"Point","coordinates":[13.57364,52.41288]}},{"type":"Feature","properties":{"id":"sstn-61","kind":"node","name":"Schöneweide","color":"#0A7A3C","lineRef":"train","lab":1},"geometry":{"type":"Point","coordinates":[13.50977,52.45491]}},{"type":"Feature","properties":{"id":"sstn-62","kind":"node","name":"Zeuthen","color":"#0A7A3C","lineRef":"train","lab":1},"geometry":{"type":"Point","coordinates":[13.62765,52.34844]}},{"type":"Feature","properties":{"id":"sstn-63","kind":"node","name":"Baumschulenweg","color":"#0A7A3C","lineRef":"train","lab":1},"geometry":{"type":"Point","coordinates":[13.48986,52.4674]}},{"type":"Feature","properties":{"id":"sstn-64","kind":"node","name":"Neukölln","color":"#0A7A3C","lineRef":"train","lab":1},"geometry":{"type":"Point","coordinates":[13.44376,52.46951]}},{"type":"Feature","properties":{"id":"sstn-65","kind":"node","name":"Schönefeld (bei Berlin)","color":"#0A7A3C","lineRef":"train","lab":1},"geometry":{"type":"Point","coordinates":[13.51305,52.39091]}},{"type":"Feature","properties":{"id":"sstn-66","kind":"node","name":"Wildau","color":"#0A7A3C","lineRef":"train","lab":1},"geometry":{"type":"Point","coordinates":[13.63382,52.31941]}},{"type":"Feature","properties":{"id":"sstn-67","kind":"node","name":"Warschauer Straße","color":"#0A7A3C","lineRef":"train","lab":1},"geometry":{"type":"Point","coordinates":[13.45012,52.50637]}},{"type":"Feature","properties":{"id":"sstn-68","kind":"node","name":"Greifswalder Straße","color":"#0A7A3C","lineRef":"train","lab":1},"geometry":{"type":"Point","coordinates":[13.43899,52.54025]}},{"type":"Feature","properties":{"id":"sstn-69","kind":"node","name":"Charlottenburg","color":"#0A7A3C","lineRef":"train","lab":1},"geometry":{"type":"Point","coordinates":[13.30452,52.50505]}},{"type":"Feature","properties":{"id":"sstn-70","kind":"node","name":"Schichauweg","color":"#0A7A3C","lineRef":"train","lab":1},"geometry":{"type":"Point","coordinates":[13.38941,52.39855]}},{"type":"Feature","properties":{"id":"sstn-71","kind":"node","name":"Lichterfelde Ost","color":"#0A7A3C","lineRef":"train","lab":1},"geometry":{"type":"Point","coordinates":[13.32808,52.42986]}},{"type":"Feature","properties":{"id":"sstn-72","kind":"node","name":"S Anhalter Bahnhof","color":"#0A7A3C","lineRef":"train","lab":1},"geometry":{"type":"Point","coordinates":[13.38148,52.50358]}},{"type":"Feature","properties":{"id":"sstn-73","kind":"node","name":"Lichtenrade","color":"#0A7A3C","lineRef":"train","lab":1},"geometry":{"type":"Point","coordinates":[13.39645,52.38694]}},{"type":"Feature","properties":{"id":"sstn-74","kind":"node","name":"Kaulsdorf","color":"#0A7A3C","lineRef":"train","lab":1},"geometry":{"type":"Point","coordinates":[13.59019,52.51214]}},{"type":"Feature","properties":{"id":"sstn-75","kind":"node","name":"Landsberger Allee","color":"#0A7A3C","lineRef":"train","lab":1},"geometry":{"type":"Point","coordinates":[13.45478,52.52948]}},{"type":"Feature","properties":{"id":"sstn-76","kind":"node","name":"Friedenau","color":"#0A7A3C","lineRef":"train","lab":1},"geometry":{"type":"Point","coordinates":[13.3415,52.47072]}},{"type":"Feature","properties":{"id":"sstn-77","kind":"node","name":"Westhafen","color":"#0A7A3C","lineRef":"train","lab":1},"geometry":{"type":"Point","coordinates":[13.34442,52.53628]}},{"type":"Feature","properties":{"id":"sstn-78","kind":"node","name":"Wollankstraße","color":"#0A7A3C","lineRef":"train","lab":1},"geometry":{"type":"Point","coordinates":[13.39236,52.56515]}},{"type":"Feature","properties":{"id":"sstn-79","kind":"node","name":"Alexanderplatz","color":"#0A7A3C","lineRef":"train","lab":1},"geometry":{"type":"Point","coordinates":[13.41128,52.52157]}},{"type":"Feature","properties":{"id":"sstn-80","kind":"node","name":"Ahrensfelde","color":"#0A7A3C","lineRef":"train","lab":1},"geometry":{"type":"Point","coordinates":[13.56566,52.57134]}},{"type":"Feature","properties":{"id":"sstn-81","kind":"node","name":"Zehlendorf","color":"#0A7A3C","lineRef":"train","lab":1},"geometry":{"type":"Point","coordinates":[13.25859,52.43107]}},{"type":"Feature","properties":{"id":"sstn-82","kind":"node","name":"Lichterfelde Süd","color":"#0A7A3C","lineRef":"train","lab":1},"geometry":{"type":"Point","coordinates":[13.30855,52.40997]}},{"type":"Feature","properties":{"id":"sstn-83","kind":"node","name":"Südende","color":"#0A7A3C","lineRef":"train","lab":1},"geometry":{"type":"Point","coordinates":[13.35375,52.44828]}},{"type":"Feature","properties":{"id":"sstn-84","kind":"node","name":"Rahnsdorf","color":"#0A7A3C","lineRef":"train","lab":1},"geometry":{"type":"Point","coordinates":[13.68998,52.45164]}},{"type":"Feature","properties":{"id":"sstn-85","kind":"node","name":"Priesterweg","color":"#0A7A3C","lineRef":"train","lab":1},"geometry":{"type":"Point","coordinates":[13.35625,52.45992]}},{"type":"Feature","properties":{"id":"sstn-86","kind":"node","name":"Buch","color":"#0A7A3C","lineRef":"train","lab":1},"geometry":{"type":"Point","coordinates":[13.49164,52.63583]}},{"type":"Feature","properties":{"id":"sstn-87","kind":"node","name":"Schönfließ","color":"#0A7A3C","lineRef":"train","lab":1},"geometry":{"type":"Point","coordinates":[13.34004,52.6647]}},{"type":"Feature","properties":{"id":"sstn-88","kind":"node","name":"Springpfuhl","color":"#0A7A3C","lineRef":"train","lab":1},"geometry":{"type":"Point","coordinates":[13.53655,52.52704]}},{"type":"Feature","properties":{"id":"sstn-89","kind":"node","name":"Spandau","color":"#0A7A3C","lineRef":"train","lab":1},"geometry":{"type":"Point","coordinates":[13.19745,52.53477]}},{"type":"Feature","properties":{"id":"sstn-90","kind":"node","name":"Westkreuz (Stadtbahn)","color":"#0A7A3C","lineRef":"train","lab":1},"geometry":{"type":"Point","coordinates":[13.28475,52.50103]}},{"type":"Feature","properties":{"id":"sstn-91","kind":"node","name":"Botanischer Garten","color":"#0A7A3C","lineRef":"train","lab":1},"geometry":{"type":"Point","coordinates":[13.30713,52.44796]}},{"type":"Feature","properties":{"id":"sstn-92","kind":"node","name":"Yorckstraße (Großgörschenstraße)","color":"#0A7A3C","lineRef":"train","lab":1},"geometry":{"type":"Point","coordinates":[13.36786,52.49227]}},{"type":"Feature","properties":{"id":"sstn-93","kind":"node","name":"Berlin Hauptbahnhof Tunnel (S-Bahn)","color":"#0A7A3C","lineRef":"train","lab":1},"geometry":{"type":"Point","coordinates":[13.36959,52.52662]}},{"type":"Feature","properties":{"id":"sstn2-0","kind":"node","name":"Frankfurter Allee","color":"#0A7A3C","lineRef":"train","lab":1},"geometry":{"type":"Point","coordinates":[13.47424,52.51566]}},{"type":"Feature","properties":{"id":"sstn2-1","kind":"node","name":"Nikolassee","color":"#0A7A3C","lineRef":"train","lab":1},"geometry":{"type":"Point","coordinates":[13.19304,52.43202]}},{"type":"Feature","properties":{"id":"sstn2-2","kind":"node","name":"Sundgauer Straße","color":"#0A7A3C","lineRef":"train","lab":1},"geometry":{"type":"Point","coordinates":[13.27399,52.43644]}},{"type":"Feature","properties":{"id":"sstn2-3","kind":"node","name":"Rathaus Steglitz","color":"#0A7A3C","lineRef":"train","lab":1},"geometry":{"type":"Point","coordinates":[13.32178,52.45505]}},{"type":"Feature","properties":{"id":"sstn2-4","kind":"node","name":"Karl-Bonhoeffer-Nervenklinik","color":"#0A7A3C","lineRef":"train","lab":1},"geometry":{"type":"Point","coordinates":[13.32916,52.57804]}},{"type":"Feature","properties":{"id":"sstn2-5","kind":"node","name":"Mexikoplatz","color":"#0A7A3C","lineRef":"train","lab":1},"geometry":{"type":"Point","coordinates":[13.23326,52.43681]}},{"type":"Feature","properties":{"id":"sstn2-6","kind":"node","name":"Innsbrucker Platz","color":"#0A7A3C","lineRef":"train","lab":1},"geometry":{"type":"Point","coordinates":[13.34252,52.47804]}},{"type":"Feature","properties":{"id":"sstn2-7","kind":"node","name":"Hackescher Markt","color":"#0A7A3C","lineRef":"train","lab":1},"geometry":{"type":"Point","coordinates":[13.40235,52.52262]}},{"type":"Feature","properties":{"id":"sstn2-8","kind":"node","name":"Pankow-Heinersdorf","color":"#0A7A3C","lineRef":"train","lab":1},"geometry":{"type":"Point","coordinates":[13.42991,52.57835]}},{"type":"Feature","properties":{"id":"sstn2-9","kind":"node","name":"Oberspree","color":"#0A7A3C","lineRef":"train","lab":1},"geometry":{"type":"Point","coordinates":[13.53849,52.45255]}},{"type":"Feature","properties":{"id":"sstn2-10","kind":"node","name":"Köllnische Heide","color":"#0A7A3C","lineRef":"train","lab":1},"geometry":{"type":"Point","coordinates":[13.46773,52.46966]}},{"type":"Feature","properties":{"id":"sstn2-11","kind":"node","name":"Feuerbachstraße","color":"#0A7A3C","lineRef":"train","lab":1},"geometry":{"type":"Point","coordinates":[13.33267,52.46375]}},{"type":"Feature","properties":{"id":"sstn2-12","kind":"node","name":"Hermsdorf","color":"#0A7A3C","lineRef":"train","lab":1},"geometry":{"type":"Point","coordinates":[13.30775,52.61737]}},{"type":"Feature","properties":{"id":"sstn2-13","kind":"node","name":"Wittenau","color":"#0A7A3C","lineRef":"train","lab":1},"geometry":{"type":"Point","coordinates":[13.33437,52.59707]}},{"type":"Feature","properties":{"id":"sstn2-14","kind":"node","name":"Lankwitz","color":"#0A7A3C","lineRef":"train","lab":1},"geometry":{"type":"Point","coordinates":[13.34218,52.43883]}},{"type":"Feature","properties":{"id":"sstn2-15","kind":"node","name":"Yorckstraße","color":"#0A7A3C","lineRef":"train","lab":1},"geometry":{"type":"Point","coordinates":[13.37199,52.49113]}},{"type":"Feature","properties":{"id":"sstn2-16","kind":"node","name":"Johannisthal","color":"#0A7A3C","lineRef":"train","lab":1},"geometry":{"type":"Point","coordinates":[13.52443,52.44638]}},{"type":"Feature","properties":{"id":"sstn2-17","kind":"node","name":"Messe Nord/ZOB","color":"#0A7A3C","lineRef":"train","lab":1},"geometry":{"type":"Point","coordinates":[13.28306,52.50732]}},{"type":"Feature","properties":{"id":"sstn2-18","kind":"node","name":"Eichwalde","color":"#0A7A3C","lineRef":"train","lab":1},"geometry":{"type":"Point","coordinates":[13.61559,52.37074]}},{"type":"Feature","properties":{"id":"sstn2-19","kind":"node","name":"Wilhelmsruh","color":"#0A7A3C","lineRef":"train","lab":1},"geometry":{"type":"Point","coordinates":[13.36213,52.58166]}},{"type":"Feature","properties":{"id":"sstn2-20","kind":"node","name":"Humboldthain","color":"#0A7A3C","lineRef":"train","lab":1},"geometry":{"type":"Point","coordinates":[13.37926,52.54476]}},{"type":"Feature","properties":{"id":"sstn2-21","kind":"node","name":"Plänterwald","color":"#0A7A3C","lineRef":"train","lab":1},"geometry":{"type":"Point","coordinates":[13.47384,52.47805]}},{"type":"Feature","properties":{"id":"sstn2-22","kind":"node","name":"Julius-Leber-Brücke","color":"#0A7A3C","lineRef":"train","lab":1},"geometry":{"type":"Point","coordinates":[13.36106,52.48645]}},{"type":"Feature","properties":{"id":"sstn2-23","kind":"node","name":"Prenzlauer Allee","color":"#0A7A3C","lineRef":"train","lab":1},"geometry":{"type":"Point","coordinates":[13.42624,52.54461]}},{"type":"Feature","properties":{"id":"sstn2-24","kind":"node","name":"Storkower Straße","color":"#0A7A3C","lineRef":"train","lab":1},"geometry":{"type":"Point","coordinates":[13.46565,52.52352]}},{"type":"Feature","properties":{"id":"sstn2-25","kind":"node","name":"Hirschgarten","color":"#0A7A3C","lineRef":"train","lab":1},"geometry":{"type":"Point","coordinates":[13.60437,52.45781]}},{"type":"Feature","properties":{"id":"sstn2-26","kind":"node","name":"Lichtenberg","color":"#0A7A3C","lineRef":"train","lab":1},"geometry":{"type":"Point","coordinates":[13.497,52.50985]}},{"type":"Feature","properties":{"id":"sstn2-27","kind":"node","name":"Gehrenseestraße","color":"#0A7A3C","lineRef":"train","lab":1},"geometry":{"type":"Point","coordinates":[13.52423,52.5571]}},{"type":"Feature","properties":{"id":"sstn2-28","kind":"node","name":"Gehrenseestraße","color":"#0A7A3C","lineRef":"train","lab":1},"geometry":{"type":"Point","coordinates":[13.52525,52.55582]}},{"type":"Feature","properties":{"id":"sstn2-29","kind":"node","name":"Osdorfer Straße","color":"#0A7A3C","lineRef":"train","lab":1},"geometry":{"type":"Point","coordinates":[13.31421,52.41896]}},{"type":"Feature","properties":{"id":"sstn2-30","kind":"node","name":"Raoul-Wallenberg-Straße","color":"#0A7A3C","lineRef":"train","lab":1},"geometry":{"type":"Point","coordinates":[13.54707,52.55028]}},{"type":"Feature","properties":{"id":"sstn2-31","kind":"node","name":"Friedrichstraße","color":"#0A7A3C","lineRef":"train","lab":1},"geometry":{"type":"Point","coordinates":[13.38589,52.52023]}},{"type":"Feature","properties":{"id":"sstn2-32","kind":"node","name":"Lichterfelde West","color":"#0A7A3C","lineRef":"train","lab":1},"geometry":{"type":"Point","coordinates":[13.29327,52.44327]}},{"type":"Feature","properties":{"id":"sstn2-33","kind":"node","name":"Eichborndamm","color":"#0A7A3C","lineRef":"train","lab":1},"geometry":{"type":"Point","coordinates":[13.31651,52.57767]}},{"type":"Feature","properties":{"id":"sstn2-34","kind":"node","name":"Grünbergallee","color":"#0A7A3C","lineRef":"train","lab":1},"geometry":{"type":"Point","coordinates":[13.54086,52.39919]}},{"type":"Feature","properties":{"id":"sstn2-35","kind":"node","name":"Eichwalde","color":"#0A7A3C","lineRef":"train","lab":1},"geometry":{"type":"Point","coordinates":[13.61507,52.37192]}},{"type":"Feature","properties":{"id":"sstn2-36","kind":"node","name":"Grünbergallee","color":"#0A7A3C","lineRef":"train","lab":1},"geometry":{"type":"Point","coordinates":[13.5428,52.3994]}},{"type":"Feature","properties":{"id":"sstn2-37","kind":"node","name":"Sonnenallee","color":"#0A7A3C","lineRef":"train","lab":1},"geometry":{"type":"Point","coordinates":[13.45607,52.47336]}},{"type":"Feature","properties":{"id":"sstn2-38","kind":"node","name":"Betriebsbahnhof Rummelsburg","color":"#0A7A3C","lineRef":"train","lab":1},"geometry":{"type":"Point","coordinates":[13.49829,52.49341]}},{"type":"Feature","properties":{"id":"sstn2-39","kind":"node","name":"Wilhelmshagen","color":"#0A7A3C","lineRef":"train","lab":1},"geometry":{"type":"Point","coordinates":[13.72278,52.438]}},{"type":"Feature","properties":{"id":"sstn2-40","kind":"node","name":"Spindlersfeld","color":"#0A7A3C","lineRef":"train","lab":1},"geometry":{"type":"Point","coordinates":[13.56147,52.44691]}},{"type":"Feature","properties":{"id":"sstn2-41","kind":"node","name":"Betriebsbahnhof Rummelsburg","color":"#0A7A3C","lineRef":"train","lab":1},"geometry":{"type":"Point","coordinates":[13.49698,52.49437]}},{"type":"Feature","properties":{"id":"sstn2-42","kind":"node","name":"Biesdorf","color":"#0A7A3C","lineRef":"train","lab":1},"geometry":{"type":"Point","coordinates":[13.55703,52.51303]}},{"type":"Feature","properties":{"id":"sstn2-43","kind":"node","name":"Birkenstein","color":"#0A7A3C","lineRef":"train","lab":1},"geometry":{"type":"Point","coordinates":[13.6466,52.51564]}},{"type":"Feature","properties":{"id":"sstn2-44","kind":"node","name":"Petershagen Nord","color":"#0A7A3C","lineRef":"train","lab":1},"geometry":{"type":"Point","coordinates":[13.78922,52.52886]}},{"type":"Feature","properties":{"id":"sstn2-45","kind":"node","name":"Mehrower Allee","color":"#0A7A3C","lineRef":"train","lab":1},"geometry":{"type":"Point","coordinates":[13.55411,52.55817]}},{"type":"Feature","properties":{"id":"sstn2-46","kind":"node","name":"Biesdorf","color":"#0A7A3C","lineRef":"train","lab":1},"geometry":{"type":"Point","coordinates":[13.5551,52.51313]}},{"type":"Feature","properties":{"id":"sstn2-47","kind":"node","name":"Poelchaustraße","color":"#0A7A3C","lineRef":"train","lab":1},"geometry":{"type":"Point","coordinates":[13.53507,52.53489]}},{"type":"Feature","properties":{"id":"sstn2-48","kind":"node","name":"Nöldnerplatz","color":"#0A7A3C","lineRef":"train","lab":1},"geometry":{"type":"Point","coordinates":[13.4862,52.50414]}},{"type":"Feature","properties":{"id":"sstn2-49","kind":"node","name":"Neuenhagen","color":"#0A7A3C","lineRef":"train","lab":1},"geometry":{"type":"Point","coordinates":[13.70169,52.52087]}},{"type":"Feature","properties":{"id":"sstn2-50","kind":"node","name":"Mehrower Allee","color":"#0A7A3C","lineRef":"train","lab":1},"geometry":{"type":"Point","coordinates":[13.55291,52.55705]}},{"type":"Feature","properties":{"id":"sstn2-51","kind":"node","name":"Friedrichsfelde Ost","color":"#0A7A3C","lineRef":"train","lab":1},"geometry":{"type":"Point","coordinates":[13.51883,52.5142]}},{"type":"Feature","properties":{"id":"sstn2-52","kind":"node","name":"Poelchaustraße","color":"#0A7A3C","lineRef":"train","lab":1},"geometry":{"type":"Point","coordinates":[13.53594,52.53652]}},{"type":"Feature","properties":{"id":"sstn2-53","kind":"node","name":"Neuenhagen","color":"#0A7A3C","lineRef":"train","lab":1},"geometry":{"type":"Point","coordinates":[13.69941,52.52066]}},{"type":"Feature","properties":{"id":"sstn2-54","kind":"node","name":"Gesundbrunnen","color":"#0A7A3C","lineRef":"train","lab":1},"geometry":{"type":"Point","coordinates":[13.39032,52.54903]}},{"type":"Feature","properties":{"id":"sstn2-55","kind":"node","name":"Pankow","color":"#0A7A3C","lineRef":"train","lab":1},"geometry":{"type":"Point","coordinates":[13.4094,52.56583]}},{"type":"Feature","properties":{"id":"sstn2-56","kind":"node","name":"Bergfelde","color":"#0A7A3C","lineRef":"train","lab":1},"geometry":{"type":"Point","coordinates":[13.31948,52.67044]}},{"type":"Feature","properties":{"id":"sstn2-57","kind":"node","name":"Bernau-Friedenstal","color":"#0A7A3C","lineRef":"train","lab":1},"geometry":{"type":"Point","coordinates":[13.56571,52.66863]}},{"type":"Feature","properties":{"id":"sstn2-58","kind":"node","name":"Röntgental","color":"#0A7A3C","lineRef":"train","lab":1},"geometry":{"type":"Point","coordinates":[13.51332,52.64862]}},{"type":"Feature","properties":{"id":"sstn2-59","kind":"node","name":"Bergfelde","color":"#0A7A3C","lineRef":"train","lab":1},"geometry":{"type":"Point","coordinates":[13.32124,52.66982]}},{"type":"Feature","properties":{"id":"sstn2-60","kind":"node","name":"Bellevue","color":"#0A7A3C","lineRef":"train","lab":1},"geometry":{"type":"Point","coordinates":[13.34778,52.52006]}},{"type":"Feature","properties":{"id":"sstn2-61","kind":"node","name":"Savignyplatz","color":"#0A7A3C","lineRef":"train","lab":1},"geometry":{"type":"Point","coordinates":[13.31901,52.50522]}},{"type":"Feature","properties":{"id":"sstn2-62","kind":"node","name":"Hohenzollerndamm","color":"#0A7A3C","lineRef":"train","lab":1},"geometry":{"type":"Point","coordinates":[13.29996,52.48893]}},{"type":"Feature","properties":{"id":"sstn2-63","kind":"node","name":"Messe Süd (Eichkamp)","color":"#0A7A3C","lineRef":"train","lab":1},"geometry":{"type":"Point","coordinates":[13.2703,52.49857]}},{"type":"Feature","properties":{"id":"sstn2-64","kind":"node","name":"Schulzendorf","color":"#0A7A3C","lineRef":"train","lab":1},"geometry":{"type":"Point","coordinates":[13.24609,52.61296]}},{"type":"Feature","properties":{"id":"sstn2-65","kind":"node","name":"Heerstraße","color":"#0A7A3C","lineRef":"train","lab":1},"geometry":{"type":"Point","coordinates":[13.26078,52.50743]}},{"type":"Feature","properties":{"id":"sstn2-66","kind":"node","name":"Jannowitzbrücke","color":"#0A7A3C","lineRef":"train","lab":1},"geometry":{"type":"Point","coordinates":[13.41975,52.51408]}},{"type":"Feature","properties":{"id":"sstn2-67","kind":"node","name":"Friedrichsfelde Ost","color":"#0A7A3C","lineRef":"train","lab":1},"geometry":{"type":"Point","coordinates":[13.52095,52.51404]}},{"type":"Feature","properties":{"id":"sstn2-68","kind":"node","name":"Waßmannsdorf","color":"#0A7A3C","lineRef":"train","lab":1},"geometry":{"type":"Point","coordinates":[13.46355,52.36844]}},{"type":"Feature","properties":{"id":"sstn2-69","kind":"node","name":"Blankenfelde (Teltow-Fläming)","color":"#0A7A3C","lineRef":"train","lab":1},"geometry":{"type":"Point","coordinates":[13.41593,52.33678]}},{"type":"Feature","properties":{"id":"tstop-0","kind":"stop","name":"Regattastraße/Sportpromenade","color":"#B0413E","lineRef":"tram"},"geometry":{"type":"Point","coordinates":[13.59831,52.41043]}},{"type":"Feature","properties":{"id":"tstop-1","kind":"stop","name":"Seestraße/Amrumer Straße","color":"#B0413E","lineRef":"tram"},"geometry":{"type":"Point","coordinates":[13.3449,52.54671]}},{"type":"Feature","properties":{"id":"tstop-2","kind":"stop","name":"Schönhauser Allee/Bornholmer Straße","color":"#B0413E","lineRef":"tram"},"geometry":{"type":"Point","coordinates":[13.41389,52.55377]}},{"type":"Feature","properties":{"id":"tstop-3","kind":"stop","name":"Björnsonstraße","color":"#B0413E","lineRef":"tram"},"geometry":{"type":"Point","coordinates":[13.40264,52.5553]}},{"type":"Feature","properties":{"id":"tstop-4","kind":"stop","name":"Stahlheimer Straße/Wisbyer Straße","color":"#B0413E","lineRef":"tram"},"geometry":{"type":"Point","coordinates":[13.4238,52.55272]}},{"type":"Feature","properties":{"id":"tstop-5","kind":"stop","name":"Prenzlauer Allee/Ostseestraße","color":"#B0413E","lineRef":"tram"},"geometry":{"type":"Point","coordinates":[13.42951,52.55141]}},{"type":"Feature","properties":{"id":"tstop-6","kind":"stop","name":"Prenzlauer Promenade/Am Steinberg","color":"#B0413E","lineRef":"tram"},"geometry":{"type":"Point","coordinates":[13.42998,52.55668]}},{"type":"Feature","properties":{"id":"tstop-7","kind":"stop","name":"S Prenzlauer Allee","color":"#B0413E","lineRef":"tram"},"geometry":{"type":"Point","coordinates":[13.42761,52.54524]}},{"type":"Feature","properties":{"id":"tstop-8","kind":"stop","name":"Prenzlauer Allee/Danziger Straße","color":"#B0413E","lineRef":"tram"},"geometry":{"type":"Point","coordinates":[13.42448,52.53965]}},{"type":"Feature","properties":{"id":"tstop-9","kind":"stop","name":"Winsstraße","color":"#B0413E","lineRef":"tram"},"geometry":{"type":"Point","coordinates":[13.428,52.53789]}},{"type":"Feature","properties":{"id":"tstop-10","kind":"stop","name":"Masurenstraße","color":"#B0413E","lineRef":"tram"},"geometry":{"type":"Point","coordinates":[13.41279,52.5632]}},{"type":"Feature","properties":{"id":"tstop-11","kind":"stop","name":"Galenusstraße","color":"#B0413E","lineRef":"tram"},"geometry":{"type":"Point","coordinates":[13.4286,52.58181]}},{"type":"Feature","properties":{"id":"tstop-12","kind":"stop","name":"S Pankow-Heinersdorf","color":"#B0413E","lineRef":"tram"},"geometry":{"type":"Point","coordinates":[13.42761,52.57732]}},{"type":"Feature","properties":{"id":"tstop-13","kind":"stop","name":"Mendelstraße","color":"#B0413E","lineRef":"tram"},"geometry":{"type":"Point","coordinates":[13.41926,52.57504]}},{"type":"Feature","properties":{"id":"tstop-14","kind":"stop","name":"Pankow Kirche","color":"#B0413E","lineRef":"tram"},"geometry":{"type":"Point","coordinates":[13.41065,52.57116]}},{"type":"Feature","properties":{"id":"tstop-15","kind":"stop","name":"Rosenthaler Straße","color":"#B0413E","lineRef":"tram"},"geometry":{"type":"Point","coordinates":[13.43287,52.59633]}},{"type":"Feature","properties":{"id":"tstop-16","kind":"stop","name":"Pastor-Niemöller-Platz","color":"#B0413E","lineRef":"tram"},"geometry":{"type":"Point","coordinates":[13.39715,52.58009]}},{"type":"Feature","properties":{"id":"tstop-17","kind":"stop","name":"Am Iderfenngraben","color":"#B0413E","lineRef":"tram"},"geometry":{"type":"Point","coordinates":[13.39212,52.58262]}},{"type":"Feature","properties":{"id":"tstop-18","kind":"stop","name":"Humboldtring/Nuthestraße","color":"#B0413E","lineRef":"tram"},"geometry":{"type":"Point","coordinates":[13.07882,52.39787]}},{"type":"Feature","properties":{"id":"tstop-19","kind":"stop","name":"Dortustraße","color":"#B0413E","lineRef":"tram"},"geometry":{"type":"Point","coordinates":[13.05293,52.39915]}},{"type":"Feature","properties":{"id":"tstop-20","kind":"stop","name":"Volkspark","color":"#B0413E","lineRef":"tram"},"geometry":{"type":"Point","coordinates":[13.05039,52.41866]}},{"type":"Feature","properties":{"id":"tstop-21","kind":"stop","name":"Am Schragen","color":"#B0413E","lineRef":"tram"},"geometry":{"type":"Point","coordinates":[13.05474,52.41295]}},{"type":"Feature","properties":{"id":"tstop-22","kind":"stop","name":"Glienicker Brücke","color":"#B0413E","lineRef":"tram"},"geometry":{"type":"Point","coordinates":[13.08455,52.41124]}},{"type":"Feature","properties":{"id":"tstop-23","kind":"stop","name":"Waldstraße/Horstweg","color":"#B0413E","lineRef":"tram"},"geometry":{"type":"Point","coordinates":[13.08294,52.37752]}},{"type":"Feature","properties":{"id":"tstop-24","kind":"stop","name":"Magnus-Zeller-Platz","color":"#B0413E","lineRef":"tram"},"geometry":{"type":"Point","coordinates":[13.092,52.37493]}},{"type":"Feature","properties":{"id":"tstop-25","kind":"stop","name":"Turmstraße","color":"#B0413E","lineRef":"tram"},"geometry":{"type":"Point","coordinates":[13.12327,52.37469]}},{"type":"Feature","properties":{"id":"tstop-26","kind":"stop","name":"Johannes-Kepler-Platz","color":"#B0413E","lineRef":"tram"},"geometry":{"type":"Point","coordinates":[13.12952,52.37547]}},{"type":"Feature","properties":{"id":"tstop-27","kind":"stop","name":"Gaußstraße","color":"#B0413E","lineRef":"tram"},"geometry":{"type":"Point","coordinates":[13.14187,52.37456]}},{"type":"Feature","properties":{"id":"tstop-28","kind":"stop","name":"Hans-Albers-Straße","color":"#B0413E","lineRef":"tram"},"geometry":{"type":"Point","coordinates":[13.14063,52.36974]}},{"type":"Feature","properties":{"id":"tstop-29","kind":"stop","name":"Robert-Baberske-Straße","color":"#B0413E","lineRef":"tram"},"geometry":{"type":"Point","coordinates":[13.1363,52.36697]}},{"type":"Feature","properties":{"id":"tstop-30","kind":"stop","name":"Priesterweg","color":"#B0413E","lineRef":"tram"},"geometry":{"type":"Point","coordinates":[13.13488,52.36499]}},{"type":"Feature","properties":{"id":"tstop-31","kind":"stop","name":"Pasedagplatz","color":"#B0413E","lineRef":"tram"},"geometry":{"type":"Point","coordinates":[13.46023,52.55995]}},{"type":"Feature","properties":{"id":"tstop-32","kind":"stop","name":"Sulzfelder Straße","color":"#B0413E","lineRef":"tram"},"geometry":{"type":"Point","coordinates":[13.47603,52.55334]}},{"type":"Feature","properties":{"id":"tstop-33","kind":"stop","name":"Hansastraße/Buschallee","color":"#B0413E","lineRef":"tram"},"geometry":{"type":"Point","coordinates":[13.48037,52.55318]}},{"type":"Feature","properties":{"id":"tstop-34","kind":"stop","name":"Feldtmannstraße","color":"#B0413E","lineRef":"tram"},"geometry":{"type":"Point","coordinates":[13.49574,52.55994]}},{"type":"Feature","properties":{"id":"tstop-35","kind":"stop","name":"Hansastraße/Malchower Weg","color":"#B0413E","lineRef":"tram"},"geometry":{"type":"Point","coordinates":[13.49991,52.56138]}},{"type":"Feature","properties":{"id":"tstop-36","kind":"stop","name":"Altenhofer Straße","color":"#B0413E","lineRef":"tram"},"geometry":{"type":"Point","coordinates":[13.47963,52.53511]}},{"type":"Feature","properties":{"id":"tstop-37","kind":"stop","name":"Landsberger Allee/Weißenseer Weg","color":"#B0413E","lineRef":"tram"},"geometry":{"type":"Point","coordinates":[13.47671,52.53226]}},{"type":"Feature","properties":{"id":"tstop-38","kind":"stop","name":"Prerower Platz","color":"#B0413E","lineRef":"tram"},"geometry":{"type":"Point","coordinates":[13.50634,52.56366]}},{"type":"Feature","properties":{"id":"tstop-39","kind":"stop","name":"Zingster Straße/Ribnitzer Straße","color":"#B0413E","lineRef":"tram"},"geometry":{"type":"Point","coordinates":[13.4974,52.57016]}},{"type":"Feature","properties":{"id":"tstop-40","kind":"stop","name":"Prendener Straße","color":"#B0413E","lineRef":"tram"},"geometry":{"type":"Point","coordinates":[13.52031,52.56857]}},{"type":"Feature","properties":{"id":"tstop-41","kind":"stop","name":"Ahrenshooper Straße","color":"#B0413E","lineRef":"tram"},"geometry":{"type":"Point","coordinates":[13.502,52.56614]}},{"type":"Feature","properties":{"id":"tstop-42","kind":"stop","name":"Falkenberg","color":"#B0413E","lineRef":"tram"},"geometry":{"type":"Point","coordinates":[13.52659,52.56985]}},{"type":"Feature","properties":{"id":"tstop-43","kind":"stop","name":"Gehrenseestraße","color":"#B0413E","lineRef":"tram"},"geometry":{"type":"Point","coordinates":[13.50918,52.55082]}},{"type":"Feature","properties":{"id":"tstop-44","kind":"stop","name":"Oderbruchstraße","color":"#B0413E","lineRef":"tram"},"geometry":{"type":"Point","coordinates":[13.46151,52.53049]}},{"type":"Feature","properties":{"id":"tstop-45","kind":"stop","name":"Zechliner Straße","color":"#B0413E","lineRef":"tram"},"geometry":{"type":"Point","coordinates":[13.48691,52.53391]}},{"type":"Feature","properties":{"id":"tstop-46","kind":"stop","name":"Genslerstraße","color":"#B0413E","lineRef":"tram"},"geometry":{"type":"Point","coordinates":[13.49488,52.53439]}},{"type":"Feature","properties":{"id":"tstop-47","kind":"stop","name":"Arendsweg","color":"#B0413E","lineRef":"tram"},"geometry":{"type":"Point","coordinates":[13.50665,52.53494]}},{"type":"Feature","properties":{"id":"tstop-48","kind":"stop","name":"Landsberger Allee/Rhinstraße","color":"#B0413E","lineRef":"tram"},"geometry":{"type":"Point","coordinates":[13.51819,52.53573]}},{"type":"Feature","properties":{"id":"tstop-49","kind":"stop","name":"Dingelstädter Straße","color":"#B0413E","lineRef":"tram"},"geometry":{"type":"Point","coordinates":[13.52444,52.53664]}},{"type":"Feature","properties":{"id":"tstop-50","kind":"stop","name":"Gewerbepark Georg Knorr","color":"#B0413E","lineRef":"tram"},"geometry":{"type":"Point","coordinates":[13.53412,52.5391]}},{"type":"Feature","properties":{"id":"tstop-51","kind":"stop","name":"Freizeitforum Marzahn","color":"#B0413E","lineRef":"tram"},"geometry":{"type":"Point","coordinates":[13.55736,52.5465]}},{"type":"Feature","properties":{"id":"tstop-52","kind":"stop","name":"Max-Herrmann-Straße","color":"#B0413E","lineRef":"tram"},"geometry":{"type":"Point","coordinates":[13.56548,52.55372]}},{"type":"Feature","properties":{"id":"tstop-53","kind":"stop","name":"Jan-Petersen-Straße","color":"#B0413E","lineRef":"tram"},"geometry":{"type":"Point","coordinates":[13.56194,52.54721]}},{"type":"Feature","properties":{"id":"tstop-54","kind":"stop","name":"Wuhletalstraße","color":"#B0413E","lineRef":"tram"},"geometry":{"type":"Point","coordinates":[13.56827,52.55779]}},{"type":"Feature","properties":{"id":"tstop-55","kind":"stop","name":"Niemegker Straße","color":"#B0413E","lineRef":"tram"},"geometry":{"type":"Point","coordinates":[13.57186,52.56502]}},{"type":"Feature","properties":{"id":"tstop-56","kind":"stop","name":"Barnimplatz","color":"#B0413E","lineRef":"tram"},"geometry":{"type":"Point","coordinates":[13.57474,52.56827]}},{"type":"Feature","properties":{"id":"tstop-57","kind":"stop","name":"Ahrensfelde/Stadtgrenze","color":"#B0413E","lineRef":"tram"},"geometry":{"type":"Point","coordinates":[13.57417,52.5726]}},{"type":"Feature","properties":{"id":"tstop-58","kind":"stop","name":"Landsberger Allee/Blumberger Damm","color":"#B0413E","lineRef":"tram"},"geometry":{"type":"Point","coordinates":[13.57276,52.54641]}},{"type":"Feature","properties":{"id":"tstop-59","kind":"stop","name":"Brodowiner Ring","color":"#B0413E","lineRef":"tram"},"geometry":{"type":"Point","coordinates":[13.57872,52.54799]}},{"type":"Feature","properties":{"id":"tstop-60","kind":"stop","name":"Landsberger Chaussee/Zossener Straße","color":"#B0413E","lineRef":"tram"},"geometry":{"type":"Point","coordinates":[13.58714,52.54909]}},{"type":"Feature","properties":{"id":"tstop-61","kind":"stop","name":"Michendorfer Straße","color":"#B0413E","lineRef":"tram"},"geometry":{"type":"Point","coordinates":[13.58743,52.54546]}},{"type":"Feature","properties":{"id":"tstop-62","kind":"stop","name":"Zossener Straße/Kastanienallee","color":"#B0413E","lineRef":"tram"},"geometry":{"type":"Point","coordinates":[13.59898,52.54389]}},{"type":"Feature","properties":{"id":"tstop-63","kind":"stop","name":"Riesaer Straße/Louis-Lewin-Straße","color":"#B0413E","lineRef":"tram"},"geometry":{"type":"Point","coordinates":[13.62115,52.53075]}},{"type":"Feature","properties":{"id":"tstop-64","kind":"stop","name":"Riesaer Straße","color":"#B0413E","lineRef":"tram"},"geometry":{"type":"Point","coordinates":[13.62348,52.52937]}},{"type":"Feature","properties":{"id":"tstop-65","kind":"stop","name":"Beilsteiner Straße","color":"#B0413E","lineRef":"tram"},"geometry":{"type":"Point","coordinates":[13.53023,52.52548]}},{"type":"Feature","properties":{"id":"tstop-66","kind":"stop","name":"Allee der Kosmonauten/Rhinstraße","color":"#B0413E","lineRef":"tram"},"geometry":{"type":"Point","coordinates":[13.52112,52.52584]}},{"type":"Feature","properties":{"id":"tstop-67","kind":"stop","name":"Meeraner Straße","color":"#B0413E","lineRef":"tram"},"geometry":{"type":"Point","coordinates":[13.51927,52.52943]}},{"type":"Feature","properties":{"id":"tstop-68","kind":"stop","name":"Rhinstraße/Plauener Straße","color":"#B0413E","lineRef":"tram"},"geometry":{"type":"Point","coordinates":[13.51461,52.539]}},{"type":"Feature","properties":{"id":"tstop-69","kind":"stop","name":"Ev. Krankenhaus KEH","color":"#B0413E","lineRef":"tram"},"geometry":{"type":"Point","coordinates":[13.50842,52.52546]}},{"type":"Feature","properties":{"id":"tstop-70","kind":"stop","name":"Roederplatz","color":"#B0413E","lineRef":"tram"},"geometry":{"type":"Point","coordinates":[13.47842,52.52662]}},{"type":"Feature","properties":{"id":"tstop-71","kind":"stop","name":"Karl-Lade-Straße","color":"#B0413E","lineRef":"tram"},"geometry":{"type":"Point","coordinates":[13.46267,52.5292]}},{"type":"Feature","properties":{"id":"tstop-72","kind":"stop","name":"Möllendorffstraße/Storkower Straße","color":"#B0413E","lineRef":"tram"},"geometry":{"type":"Point","coordinates":[13.47955,52.52333]}},{"type":"Feature","properties":{"id":"tstop-73","kind":"stop","name":"Spandauer Straße/Marienkirche","color":"#B0413E","lineRef":"tram"},"geometry":{"type":"Point","coordinates":[13.40424,52.52042]}},{"type":"Feature","properties":{"id":"tstop-74","kind":"stop","name":"U Alexanderplatz","color":"#B0413E","lineRef":"tram"},"geometry":{"type":"Point","coordinates":[13.41473,52.52216]}},{"type":"Feature","properties":{"id":"tstop-75","kind":"stop","name":"Mollstraße/Otto-Braun-Straße","color":"#B0413E","lineRef":"tram"},"geometry":{"type":"Point","coordinates":[13.42047,52.52499]}},{"type":"Feature","properties":{"id":"tstop-76","kind":"stop","name":"S+U Alexanderplatz/Gontardstraße","color":"#B0413E","lineRef":"tram"},"geometry":{"type":"Point","coordinates":[13.41151,52.52088]}},{"type":"Feature","properties":{"id":"tstop-77","kind":"stop","name":"U Oranienburger Tor","color":"#B0413E","lineRef":"tram"},"geometry":{"type":"Point","coordinates":[13.38736,52.52588]}},{"type":"Feature","properties":{"id":"tstop-78","kind":"stop","name":"U Rosa-Luxemburg-Platz","color":"#B0413E","lineRef":"tram"},"geometry":{"type":"Point","coordinates":[13.41083,52.52852]}},{"type":"Feature","properties":{"id":"tstop-79","kind":"stop","name":"S+U Alexanderplatz/Memhardstraße","color":"#B0413E","lineRef":"tram"},"geometry":{"type":"Point","coordinates":[13.41165,52.52367]}},{"type":"Feature","properties":{"id":"tstop-80","kind":"stop","name":"Mollstraße/Prenzlauer Allee","color":"#B0413E","lineRef":"tram"},"geometry":{"type":"Point","coordinates":[13.41651,52.52784]}},{"type":"Feature","properties":{"id":"tstop-81","kind":"stop","name":"Prenzlauer Allee/Metzer Straße","color":"#B0413E","lineRef":"tram"},"geometry":{"type":"Point","coordinates":[13.41953,52.53122]}},{"type":"Feature","properties":{"id":"tstop-82","kind":"stop","name":"Knaackstraße","color":"#B0413E","lineRef":"tram"},"geometry":{"type":"Point","coordinates":[13.42084,52.53343]}},{"type":"Feature","properties":{"id":"tstop-83","kind":"stop","name":"Marienburger Straße","color":"#B0413E","lineRef":"tram"},"geometry":{"type":"Point","coordinates":[13.4225,52.53623]}},{"type":"Feature","properties":{"id":"tstop-84","kind":"stop","name":"Thomas-Mann-Straße","color":"#B0413E","lineRef":"tram"},"geometry":{"type":"Point","coordinates":[13.44166,52.5436]}},{"type":"Feature","properties":{"id":"tstop-85","kind":"stop","name":"Antonplatz","color":"#B0413E","lineRef":"tram"},"geometry":{"type":"Point","coordinates":[13.45174,52.54848]}},{"type":"Feature","properties":{"id":"tstop-86","kind":"stop","name":"Friesickestraße","color":"#B0413E","lineRef":"tram"},"geometry":{"type":"Point","coordinates":[13.4408,52.55167]}},{"type":"Feature","properties":{"id":"tstop-87","kind":"stop","name":"Tino-Schwierzina-Straße","color":"#B0413E","lineRef":"tram"},"geometry":{"type":"Point","coordinates":[13.43485,52.56225]}},{"type":"Feature","properties":{"id":"tstop-88","kind":"stop","name":"Am Wasserturm","color":"#B0413E","lineRef":"tram"},"geometry":{"type":"Point","coordinates":[13.43609,52.56536]}},{"type":"Feature","properties":{"id":"tstop-89","kind":"stop","name":"Paul-Heyse-Straße","color":"#B0413E","lineRef":"tram"},"geometry":{"type":"Point","coordinates":[13.44472,52.52917]}},{"type":"Feature","properties":{"id":"tstop-90","kind":"stop","name":"Bersarinplatz","color":"#B0413E","lineRef":"tram"},"geometry":{"type":"Point","coordinates":[13.45229,52.51963]}},{"type":"Feature","properties":{"id":"tstop-91","kind":"stop","name":"Grünberger Straße/Warschauer Straße","color":"#B0413E","lineRef":"tram"},"geometry":{"type":"Point","coordinates":[13.45261,52.51224]}},{"type":"Feature","properties":{"id":"tstop-92","kind":"stop","name":"Kosanke-Siedlung","color":"#B0413E","lineRef":"tram"},"geometry":{"type":"Point","coordinates":[13.48476,52.49717]}},{"type":"Feature","properties":{"id":"tstop-93","kind":"stop","name":"Gustav-Holzmann-Straße","color":"#B0413E","lineRef":"tram"},"geometry":{"type":"Point","coordinates":[13.49061,52.49315]}},{"type":"Feature","properties":{"id":"tstop-94","kind":"stop","name":"Heizkraftwerk Klingenberg","color":"#B0413E","lineRef":"tram"},"geometry":{"type":"Point","coordinates":[13.49586,52.48814]}},{"type":"Feature","properties":{"id":"tstop-95","kind":"stop","name":"S Karlshorst","color":"#B0413E","lineRef":"tram"},"geometry":{"type":"Point","coordinates":[13.52513,52.48126]}},{"type":"Feature","properties":{"id":"tstop-96","kind":"stop","name":"Treskowallee/HTW","color":"#B0413E","lineRef":"tram"},"geometry":{"type":"Point","coordinates":[13.5266,52.49277]}},{"type":"Feature","properties":{"id":"tstop-97","kind":"stop","name":"S Friedrichsfelde Ost","color":"#B0413E","lineRef":"tram"},"geometry":{"type":"Point","coordinates":[13.51906,52.51397]}},{"type":"Feature","properties":{"id":"tstop-98","kind":"stop","name":"Weiskopffstraße","color":"#B0413E","lineRef":"tram"},"geometry":{"type":"Point","coordinates":[13.53947,52.45762]}},{"type":"Feature","properties":{"id":"tstop-99","kind":"stop","name":"U Seestraße","color":"#B0413E","lineRef":"tram"},"geometry":{"type":"Point","coordinates":[13.35163,52.55025]}},{"type":"Feature","properties":{"id":"tstop-100","kind":"stop","name":"Rhinstraße/Gärtnerstraße","color":"#B0413E","lineRef":"tram"},"geometry":{"type":"Point","coordinates":[13.50982,52.54572]}},{"type":"Feature","properties":{"id":"tstop-101","kind":"stop","name":"Simon-Bolivar-Straße","color":"#B0413E","lineRef":"tram"},"geometry":{"type":"Point","coordinates":[13.48441,52.5399]}},{"type":"Feature","properties":{"id":"tstop-102","kind":"stop","name":"S Mahlsdorf","color":"#B0413E","lineRef":"tram"},"geometry":{"type":"Point","coordinates":[13.60929,52.51117]}},{"type":"Feature","properties":{"id":"tstop-103","kind":"stop","name":"Friedrich-Wolf-Straße","color":"#B0413E","lineRef":"tram"},"geometry":{"type":"Point","coordinates":[13.57527,52.4243]}},{"type":"Feature","properties":{"id":"tstop-104","kind":"stop","name":"Schragenfeldstraße","color":"#B0413E","lineRef":"tram"},"geometry":{"type":"Point","coordinates":[13.56047,52.53806]}},{"type":"Feature","properties":{"id":"tstop-105","kind":"stop","name":"Platz der Vereinten Nationen","color":"#B0413E","lineRef":"tram"},"geometry":{"type":"Point","coordinates":[13.43346,52.52323]}},{"type":"Feature","properties":{"id":"tstop-106","kind":"stop","name":"Büschingstraße","color":"#B0413E","lineRef":"tram"},"geometry":{"type":"Point","coordinates":[13.4275,52.52312]}},{"type":"Feature","properties":{"id":"tstop-107","kind":"stop","name":"S+U Schönhauser Allee","color":"#B0413E","lineRef":"tram"},"geometry":{"type":"Point","coordinates":[13.41385,52.54955]}},{"type":"Feature","properties":{"id":"tstop-108","kind":"stop","name":"Milastraße","color":"#B0413E","lineRef":"tram"},"geometry":{"type":"Point","coordinates":[13.41255,52.54495]}},{"type":"Feature","properties":{"id":"tstop-109","kind":"stop","name":"Hugenottenplatz","color":"#B0413E","lineRef":"tram"},"geometry":{"type":"Point","coordinates":[13.41966,52.60607]}},{"type":"Feature","properties":{"id":"tstop-110","kind":"stop","name":"Arnouxstraße","color":"#B0413E","lineRef":"tram"},"geometry":{"type":"Point","coordinates":[13.4243,52.60725]}},{"type":"Feature","properties":{"id":"tstop-111","kind":"stop","name":"Blankenfelder Straße","color":"#B0413E","lineRef":"tram"},"geometry":{"type":"Point","coordinates":[13.43148,52.60173]}},{"type":"Feature","properties":{"id":"tstop-112","kind":"stop","name":"Alte Försterei","color":"#B0413E","lineRef":"tram"},"geometry":{"type":"Point","coordinates":[13.56315,52.45653]}},{"type":"Feature","properties":{"id":"tstop-113","kind":"stop","name":"Spindlersfelder Straße","color":"#B0413E","lineRef":"tram"},"geometry":{"type":"Point","coordinates":[13.5586,52.45592]}},{"type":"Feature","properties":{"id":"tstop-114","kind":"stop","name":"Nixenstraße","color":"#B0413E","lineRef":"tram"},"geometry":{"type":"Point","coordinates":[13.55011,52.45662]}},{"type":"Feature","properties":{"id":"tstop-115","kind":"stop","name":"Freizeit- und Erholungszentrum","color":"#B0413E","lineRef":"tram"},"geometry":{"type":"Point","coordinates":[13.5436,52.45758]}},{"type":"Feature","properties":{"id":"tstop-116","kind":"stop","name":"Bahnhofstraße/Lindenstraße","color":"#B0413E","lineRef":"tram"},"geometry":{"type":"Point","coordinates":[13.57104,52.45161]}},{"type":"Feature","properties":{"id":"tstop-117","kind":"stop","name":"Pablo-Neruda-Straße","color":"#B0413E","lineRef":"tram"},"geometry":{"type":"Point","coordinates":[13.58618,52.44104]}},{"type":"Feature","properties":{"id":"tstop-118","kind":"stop","name":"Schloßplatz Köpenick","color":"#B0413E","lineRef":"tram"},"geometry":{"type":"Point","coordinates":[13.57545,52.44434]}},{"type":"Feature","properties":{"id":"tstop-119","kind":"stop","name":"S Spindlersfeld","color":"#B0413E","lineRef":"tram"},"geometry":{"type":"Point","coordinates":[13.56203,52.44532]}},{"type":"Feature","properties":{"id":"tstop-120","kind":"stop","name":"Jenaer Straße","color":"#B0413E","lineRef":"tram"},"geometry":{"type":"Point","coordinates":[13.61434,52.53218]}},{"type":"Feature","properties":{"id":"tstop-121","kind":"stop","name":"Alte Hellersdorfer Straße/Zossener Straße","color":"#B0413E","lineRef":"tram"},"geometry":{"type":"Point","coordinates":[13.59277,52.54473]}},{"type":"Feature","properties":{"id":"tstop-122","kind":"stop","name":"Krankenhaus Köpenick/Südseite","color":"#B0413E","lineRef":"tram"},"geometry":{"type":"Point","coordinates":[13.59208,52.43884]}},{"type":"Feature","properties":{"id":"tstop-123","kind":"stop","name":"Allee der Kosmonauten/Poelchaustraße","color":"#B0413E","lineRef":"tram"},"geometry":{"type":"Point","coordinates":[13.55268,52.5339]}},{"type":"Feature","properties":{"id":"tstop-124","kind":"stop","name":"Boschpoler Straße","color":"#B0413E","lineRef":"tram"},"geometry":{"type":"Point","coordinates":[13.54905,52.52882]}},{"type":"Feature","properties":{"id":"tstop-125","kind":"stop","name":"S Springpfuhl","color":"#B0413E","lineRef":"tram"},"geometry":{"type":"Point","coordinates":[13.53648,52.52569]}},{"type":"Feature","properties":{"id":"tstop-126","kind":"stop","name":"S+U Lichtenberg/Siegfriedstraße","color":"#B0413E","lineRef":"tram"},"geometry":{"type":"Point","coordinates":[13.49775,52.51236]}},{"type":"Feature","properties":{"id":"tstop-127","kind":"stop","name":"Alt-Marzahn","color":"#B0413E","lineRef":"tram"},"geometry":{"type":"Point","coordinates":[13.56384,52.5421]}},{"type":"Feature","properties":{"id":"tstop-128","kind":"stop","name":"Bürgerpark Marzahn","color":"#B0413E","lineRef":"tram"},"geometry":{"type":"Point","coordinates":[13.56111,52.5502]}},{"type":"Feature","properties":{"id":"tstop-129","kind":"stop","name":"Hohenschönhauser Straße","color":"#B0413E","lineRef":"tram"},"geometry":{"type":"Point","coordinates":[13.47213,52.53572]}},{"type":"Feature","properties":{"id":"tstop-130","kind":"stop","name":"S Landsberger Allee","color":"#B0413E","lineRef":"tram"},"geometry":{"type":"Point","coordinates":[13.45712,52.52877]}},{"type":"Feature","properties":{"id":"tstop-131","kind":"stop","name":"S Greifswalder Straße","color":"#B0413E","lineRef":"tram"},"geometry":{"type":"Point","coordinates":[13.43828,52.54073]}},{"type":"Feature","properties":{"id":"tstop-132","kind":"stop","name":"Orankestrand","color":"#B0413E","lineRef":"tram"},"geometry":{"type":"Point","coordinates":[13.48582,52.55229]}},{"type":"Feature","properties":{"id":"tstop-133","kind":"stop","name":"Alfred-Kowalke-Straße","color":"#B0413E","lineRef":"tram"},"geometry":{"type":"Point","coordinates":[13.5202,52.50472]}},{"type":"Feature","properties":{"id":"tstop-134","kind":"stop","name":"Gounodstraße","color":"#B0413E","lineRef":"tram"},"geometry":{"type":"Point","coordinates":[13.46711,52.54849]}},{"type":"Feature","properties":{"id":"tstop-135","kind":"stop","name":"Alt-Hohenschönhausen","color":"#B0413E","lineRef":"tram"},"geometry":{"type":"Point","coordinates":[13.50519,52.5488]}},{"type":"Feature","properties":{"id":"tstop-136","kind":"stop","name":"Adlergestell/Vetschauer Allee","color":"#B0413E","lineRef":"tram"},"geometry":{"type":"Point","coordinates":[13.63382,52.38644]}},{"type":"Feature","properties":{"id":"tstop-137","kind":"stop","name":"Lübbenauer Weg","color":"#B0413E","lineRef":"tram"},"geometry":{"type":"Point","coordinates":[13.63494,52.39112]}},{"type":"Feature","properties":{"id":"tstop-138","kind":"stop","name":"Glienicker Straße","color":"#B0413E","lineRef":"tram"},"geometry":{"type":"Point","coordinates":[13.57036,52.44084]}},{"type":"Feature","properties":{"id":"tstop-139","kind":"stop","name":"Sandinostraße","color":"#B0413E","lineRef":"tram"},"geometry":{"type":"Point","coordinates":[13.48054,52.53846]}},{"type":"Feature","properties":{"id":"tstop-140","kind":"stop","name":"Stendaler Straße/Quedlinburger Straße","color":"#B0413E","lineRef":"tram"},"geometry":{"type":"Point","coordinates":[13.60434,52.53893]}},{"type":"Feature","properties":{"id":"tstop-141","kind":"stop","name":"Französisch Buchholz Friedhof","color":"#B0413E","lineRef":"tram"},"geometry":{"type":"Point","coordinates":[13.42931,52.60824]}},{"type":"Feature","properties":{"id":"tstop-142","kind":"stop","name":"Wiesenwinkel","color":"#B0413E","lineRef":"tram"},"geometry":{"type":"Point","coordinates":[13.38087,52.59454]}},{"type":"Feature","properties":{"id":"tstop-143","kind":"stop","name":"Grüntaler Straße","color":"#B0413E","lineRef":"tram"},"geometry":{"type":"Point","coordinates":[13.391,52.55533]}},{"type":"Feature","properties":{"id":"tstop-144","kind":"stop","name":"Anna-Ebermann-Straße","color":"#B0413E","lineRef":"tram"},"geometry":{"type":"Point","coordinates":[13.51242,52.55519]}},{"type":"Feature","properties":{"id":"tstop-145","kind":"stop","name":"Arnimstraße","color":"#B0413E","lineRef":"tram"},"geometry":{"type":"Point","coordinates":[13.51454,52.5587]}},{"type":"Feature","properties":{"id":"tstop-146","kind":"stop","name":"Rüdickenstraße","color":"#B0413E","lineRef":"tram"},"geometry":{"type":"Point","coordinates":[13.51017,52.55991]}},{"type":"Feature","properties":{"id":"tstop-147","kind":"stop","name":"Prerower Platz","color":"#B0413E","lineRef":"tram"},"geometry":{"type":"Point","coordinates":[13.5037,52.56275]}},{"type":"Feature","properties":{"id":"tstop-148","kind":"stop","name":"Freienwalder Straße","color":"#B0413E","lineRef":"tram"},"geometry":{"type":"Point","coordinates":[13.49275,52.54425]}},{"type":"Feature","properties":{"id":"tstop-149","kind":"stop","name":"Sportforum","color":"#B0413E","lineRef":"tram"},"geometry":{"type":"Point","coordinates":[13.47142,52.53838]}},{"type":"Feature","properties":{"id":"tstop-150","kind":"stop","name":"Betriebshof Indira-Gandhi-Straße","color":"#B0413E","lineRef":"tram"},"geometry":{"type":"Point","coordinates":[13.46868,52.54422]}},{"type":"Feature","properties":{"id":"tstop-151","kind":"stop","name":"Zingster Straße","color":"#B0413E","lineRef":"tram"},"geometry":{"type":"Point","coordinates":[13.49533,52.57286]}},{"type":"Feature","properties":{"id":"tstop-152","kind":"stop","name":"Schalkauer Straße","color":"#B0413E","lineRef":"tram"},"geometry":{"type":"Point","coordinates":[13.51001,52.53519]}},{"type":"Feature","properties":{"id":"tstop-153","kind":"stop","name":"Virchow-Klinikum","color":"#B0413E","lineRef":"tram"},"geometry":{"type":"Point","coordinates":[13.33957,52.54392]}},{"type":"Feature","properties":{"id":"tstop-154","kind":"stop","name":"Osram-Höfe","color":"#B0413E","lineRef":"tram"},"geometry":{"type":"Point","coordinates":[13.35853,52.55383]}},{"type":"Feature","properties":{"id":"tstop-155","kind":"stop","name":"Louise-Schroeder-Platz","color":"#B0413E","lineRef":"tram"},"geometry":{"type":"Point","coordinates":[13.3668,52.55704]}},{"type":"Feature","properties":{"id":"tstop-156","kind":"stop","name":"Osloer Straße/Prinzenallee","color":"#B0413E","lineRef":"tram"},"geometry":{"type":"Point","coordinates":[13.38376,52.5559]}},{"type":"Feature","properties":{"id":"tstop-157","kind":"stop","name":"S Bornholmer Straße","color":"#B0413E","lineRef":"tram"},"geometry":{"type":"Point","coordinates":[13.39628,52.55483]}},{"type":"Feature","properties":{"id":"tstop-158","kind":"stop","name":"Rothenbachstraße","color":"#B0413E","lineRef":"tram"},"geometry":{"type":"Point","coordinates":[13.43772,52.57006]}},{"type":"Feature","properties":{"id":"tstop-159","kind":"stop","name":"Erich-Weinert-Straße","color":"#B0413E","lineRef":"tram"},"geometry":{"type":"Point","coordinates":[13.42856,52.54755]}},{"type":"Feature","properties":{"id":"tstop-160","kind":"stop","name":"Fröbelstraße","color":"#B0413E","lineRef":"tram"},"geometry":{"type":"Point","coordinates":[13.42586,52.54193]}},{"type":"Feature","properties":{"id":"tstop-161","kind":"stop","name":"Kleingartenanlage Bielefeldt","color":"#B0413E","lineRef":"tram"},"geometry":{"type":"Point","coordinates":[13.51938,52.51927]}},{"type":"Feature","properties":{"id":"tstop-162","kind":"stop","name":"U Frankfurter Tor","color":"#B0413E","lineRef":"tram"},"geometry":{"type":"Point","coordinates":[13.45402,52.51539]}},{"type":"Feature","properties":{"id":"tstop-163","kind":"stop","name":"Straßmannstraße","color":"#B0413E","lineRef":"tram"},"geometry":{"type":"Point","coordinates":[13.45003,52.52295]}},{"type":"Feature","properties":{"id":"tstop-164","kind":"stop","name":"U Tierpark","color":"#B0413E","lineRef":"tram"},"geometry":{"type":"Point","coordinates":[13.52402,52.49676]}},{"type":"Feature","properties":{"id":"tstop-165","kind":"stop","name":"Criegernweg","color":"#B0413E","lineRef":"tram"},"geometry":{"type":"Point","coordinates":[13.52152,52.50136]}},{"type":"Feature","properties":{"id":"tstop-166","kind":"stop","name":"Alt-Friedrichsfelde/Rhinstraße","color":"#B0413E","lineRef":"tram"},"geometry":{"type":"Point","coordinates":[13.51899,52.51058]}},{"type":"Feature","properties":{"id":"tstop-167","kind":"stop","name":"Klinikum im Friedrichshain","color":"#B0413E","lineRef":"tram"},"geometry":{"type":"Point","coordinates":[13.44019,52.52414]}},{"type":"Feature","properties":{"id":"tstop-168","kind":"stop","name":"Landsberger Allee/Petersburger Straße","color":"#B0413E","lineRef":"tram"},"geometry":{"type":"Point","coordinates":[13.44624,52.52593]}},{"type":"Feature","properties":{"id":"tstop-169","kind":"stop","name":"Gedenkstätte Berliner Mauer","color":"#B0413E","lineRef":"tram"},"geometry":{"type":"Point","coordinates":[13.39086,52.53591]}},{"type":"Feature","properties":{"id":"tstop-170","kind":"stop","name":"Hannoversche Straße","color":"#B0413E","lineRef":"tram"},"geometry":{"type":"Point","coordinates":[13.3869,52.52742]}},{"type":"Feature","properties":{"id":"tstop-171","kind":"stop","name":"Kopernikusstraße/Warschauer Straße","color":"#B0413E","lineRef":"tram"},"geometry":{"type":"Point","coordinates":[13.45263,52.51058]}},{"type":"Feature","properties":{"id":"tstop-172","kind":"stop","name":"Mittelheide","color":"#B0413E","lineRef":"tram"},"geometry":{"type":"Point","coordinates":[13.58352,52.46294]}},{"type":"Feature","properties":{"id":"tstop-173","kind":"stop","name":"Unter den Birken","color":"#B0413E","lineRef":"tram"},"geometry":{"type":"Point","coordinates":[13.58861,52.46963]}},{"type":"Feature","properties":{"id":"tstop-174","kind":"stop","name":"Wongrowitzer Steig","color":"#B0413E","lineRef":"tram"},"geometry":{"type":"Point","coordinates":[13.58532,52.46694]}},{"type":"Feature","properties":{"id":"tstop-175","kind":"stop","name":"Hultschiner Damm/Seestraße","color":"#B0413E","lineRef":"tram"},"geometry":{"type":"Point","coordinates":[13.60039,52.47661]}},{"type":"Feature","properties":{"id":"tstop-176","kind":"stop","name":"Roseggerstraße","color":"#B0413E","lineRef":"tram"},"geometry":{"type":"Point","coordinates":[13.60095,52.4803]}},{"type":"Feature","properties":{"id":"tstop-177","kind":"stop","name":"Erich-Baron-Weg","color":"#B0413E","lineRef":"tram"},"geometry":{"type":"Point","coordinates":[13.60174,52.48299]}},{"type":"Feature","properties":{"id":"tstop-178","kind":"stop","name":"Bütower Straße","color":"#B0413E","lineRef":"tram"},"geometry":{"type":"Point","coordinates":[13.60373,52.4857]}},{"type":"Feature","properties":{"id":"tstop-179","kind":"stop","name":"S Köpenick","color":"#B0413E","lineRef":"tram"},"geometry":{"type":"Point","coordinates":[13.58008,52.45933]}},{"type":"Feature","properties":{"id":"tstop-180","kind":"stop","name":"Janitzkystraße","color":"#B0413E","lineRef":"tram"},"geometry":{"type":"Point","coordinates":[13.5841,52.46158]}},{"type":"Feature","properties":{"id":"tstop-181","kind":"stop","name":"S Köpenick","color":"#B0413E","lineRef":"tram"},"geometry":{"type":"Point","coordinates":[13.57911,52.45829]}},{"type":"Feature","properties":{"id":"tstop-182","kind":"stop","name":"Hirtestraße","color":"#B0413E","lineRef":"tram"},"geometry":{"type":"Point","coordinates":[13.58442,52.46041]}},{"type":"Feature","properties":{"id":"tstop-183","kind":"stop","name":"Mahlsdorf-Süd","color":"#B0413E","lineRef":"tram"},"geometry":{"type":"Point","coordinates":[13.59913,52.47417]}},{"type":"Feature","properties":{"id":"tstop-184","kind":"stop","name":"Eichenhofweg","color":"#B0413E","lineRef":"tram"},"geometry":{"type":"Point","coordinates":[13.60759,52.491]}},{"type":"Feature","properties":{"id":"tstop-185","kind":"stop","name":"Bruchsaler Straße","color":"#B0413E","lineRef":"tram"},"geometry":{"type":"Point","coordinates":[13.60641,52.48937]}},{"type":"Feature","properties":{"id":"tstop-186","kind":"stop","name":"Ledebourstraße","color":"#B0413E","lineRef":"tram"},"geometry":{"type":"Point","coordinates":[13.60961,52.49376]}},{"type":"Feature","properties":{"id":"tstop-187","kind":"stop","name":"Alt-Mahlsdorf","color":"#B0413E","lineRef":"tram"},"geometry":{"type":"Point","coordinates":[13.61334,52.5052]}},{"type":"Feature","properties":{"id":"tstop-188","kind":"stop","name":"Rathenaustraße/HTW","color":"#B0413E","lineRef":"tram"},"geometry":{"type":"Point","coordinates":[13.52587,52.45877]}},{"type":"Feature","properties":{"id":"tstop-189","kind":"stop","name":"Volkspark Wuhlheide","color":"#B0413E","lineRef":"tram"},"geometry":{"type":"Point","coordinates":[13.5173,52.47118]}},{"type":"Feature","properties":{"id":"tstop-190","kind":"stop","name":"Hegemeisterweg","color":"#B0413E","lineRef":"tram"},"geometry":{"type":"Point","coordinates":[13.5204,52.47417]}},{"type":"Feature","properties":{"id":"tstop-191","kind":"stop","name":"Marksburgstraße","color":"#B0413E","lineRef":"tram"},"geometry":{"type":"Point","coordinates":[13.52684,52.48636]}},{"type":"Feature","properties":{"id":"tstop-192","kind":"stop","name":"Stechlinstraße","color":"#B0413E","lineRef":"tram"},"geometry":{"type":"Point","coordinates":[13.51662,52.48198]}},{"type":"Feature","properties":{"id":"tstop-193","kind":"stop","name":"Pietschkerstraße","color":"#B0413E","lineRef":"tram"},"geometry":{"type":"Point","coordinates":[13.50796,52.45055]}},{"type":"Feature","properties":{"id":"tstop-194","kind":"stop","name":"Sterndamm/Königsheideweg","color":"#B0413E","lineRef":"tram"},"geometry":{"type":"Point","coordinates":[13.50683,52.4471]}},{"type":"Feature","properties":{"id":"tstop-195","kind":"stop","name":"Rathaus Köpenick","color":"#B0413E","lineRef":"tram"},"geometry":{"type":"Point","coordinates":[13.57438,52.44546]}},{"type":"Feature","properties":{"id":"tstop-196","kind":"stop","name":"Köllnischer Platz","color":"#B0413E","lineRef":"tram"},"geometry":{"type":"Point","coordinates":[13.56781,52.44492]}},{"type":"Feature","properties":{"id":"tstop-197","kind":"stop","name":"Ottomar-Geschke-Straße","color":"#B0413E","lineRef":"tram"},"geometry":{"type":"Point","coordinates":[13.55883,52.44179]}},{"type":"Feature","properties":{"id":"tstop-198","kind":"stop","name":"Guyotstraße","color":"#B0413E","lineRef":"tram"},"geometry":{"type":"Point","coordinates":[13.41676,52.60539]}},{"type":"Feature","properties":{"id":"tstop-199","kind":"stop","name":"Französisch Buchholz Kirche","color":"#B0413E","lineRef":"tram"},"geometry":{"type":"Point","coordinates":[13.43361,52.60713]}},{"type":"Feature","properties":{"id":"tstop-200","kind":"stop","name":"Marienstraße/Pasewalker Straße","color":"#B0413E","lineRef":"tram"},"geometry":{"type":"Point","coordinates":[13.43155,52.5927]}},{"type":"Feature","properties":{"id":"tstop-201","kind":"stop","name":"Pasewalker Straße/Blankenburger Weg","color":"#B0413E","lineRef":"tram"},"geometry":{"type":"Point","coordinates":[13.43032,52.58927]}},{"type":"Feature","properties":{"id":"tstop-202","kind":"stop","name":"Pankower Straße","color":"#B0413E","lineRef":"tram"},"geometry":{"type":"Point","coordinates":[13.42891,52.58518]}},{"type":"Feature","properties":{"id":"tstop-203","kind":"stop","name":"Stiftsweg","color":"#B0413E","lineRef":"tram"},"geometry":{"type":"Point","coordinates":[13.41515,52.57243]}},{"type":"Feature","properties":{"id":"tstop-204","kind":"stop","name":"Nordendstraße","color":"#B0413E","lineRef":"tram"},"geometry":{"type":"Point","coordinates":[13.38825,52.58871]}},{"type":"Feature","properties":{"id":"tstop-205","kind":"stop","name":"Angerweg","color":"#B0413E","lineRef":"tram"},"geometry":{"type":"Point","coordinates":[13.38412,52.59157]}},{"type":"Feature","properties":{"id":"tstop-206","kind":"stop","name":"Hauptstraße/Friedrich-Engels-Straße","color":"#B0413E","lineRef":"tram"},"geometry":{"type":"Point","coordinates":[13.37681,52.59685]}},{"type":"Feature","properties":{"id":"tstop-207","kind":"stop","name":"Waldemarstraße","color":"#B0413E","lineRef":"tram"},"geometry":{"type":"Point","coordinates":[13.40623,52.59084]}},{"type":"Feature","properties":{"id":"tstop-208","kind":"stop","name":"S+U Friedrichstraße","color":"#B0413E","lineRef":"tram"},"geometry":{"type":"Point","coordinates":[13.3884,52.51928]}},{"type":"Feature","properties":{"id":"tstop-209","kind":"stop","name":"Am Kupfergraben","color":"#B0413E","lineRef":"tram"},"geometry":{"type":"Point","coordinates":[13.39537,52.51943]}},{"type":"Feature","properties":{"id":"tstop-210","kind":"stop","name":"Rahnsdorf Bahnhof","color":"#B0413E","lineRef":"tram"},"geometry":{"type":"Point","coordinates":[13.69295,52.45153]}},{"type":"Feature","properties":{"id":"tstop-211","kind":"stop","name":"Goethestraße","color":"#B0413E","lineRef":"tram"},"geometry":{"type":"Point","coordinates":[13.72639,52.45559]}},{"type":"Feature","properties":{"id":"tstop-212","kind":"stop","name":"Eichendamm","color":"#B0413E","lineRef":"tram"},"geometry":{"type":"Point","coordinates":[13.73096,52.45571]}},{"type":"Feature","properties":{"id":"tstop-213","kind":"stop","name":"Lerchenstraße","color":"#B0413E","lineRef":"tram"},"geometry":{"type":"Point","coordinates":[13.73461,52.45516]}},{"type":"Feature","properties":{"id":"tstop-214","kind":"stop","name":"Fasanenstraße","color":"#B0413E","lineRef":"tram"},"geometry":{"type":"Point","coordinates":[13.74428,52.45306]}},{"type":"Feature","properties":{"id":"tstop-215","kind":"stop","name":"Thälmannplatz","color":"#B0413E","lineRef":"tram"},"geometry":{"type":"Point","coordinates":[13.75243,52.45063]}},{"type":"Feature","properties":{"id":"tstop-216","kind":"stop","name":"Blumenstraße","color":"#B0413E","lineRef":"tram"},"geometry":{"type":"Point","coordinates":[13.75945,52.44945]}},{"type":"Feature","properties":{"id":"tstop-217","kind":"stop","name":"Krankenhaus","color":"#B0413E","lineRef":"tram"},"geometry":{"type":"Point","coordinates":[13.76149,52.44729]}},{"type":"Feature","properties":{"id":"tstop-218","kind":"stop","name":"Marie-Juchacz-Straße","color":"#B0413E","lineRef":"tram"},"geometry":{"type":"Point","coordinates":[13.13722,52.35826]}},{"type":"Feature","properties":{"id":"tstop-219","kind":"stop","name":"Am Hirtengraben","color":"#B0413E","lineRef":"tram"},"geometry":{"type":"Point","coordinates":[13.13709,52.36197]}},{"type":"Feature","properties":{"id":"tstop-220","kind":"stop","name":"Max-Born-Straße","color":"#B0413E","lineRef":"tram"},"geometry":{"type":"Point","coordinates":[13.13788,52.37555]}},{"type":"Feature","properties":{"id":"tstop-221","kind":"stop","name":"Fontanestraße","color":"#B0413E","lineRef":"tram"},"geometry":{"type":"Point","coordinates":[13.10869,52.39314]}},{"type":"Feature","properties":{"id":"tstop-222","kind":"stop","name":"Kunersdorfer Straße","color":"#B0413E","lineRef":"tram"},"geometry":{"type":"Point","coordinates":[13.07846,52.38057]}},{"type":"Feature","properties":{"id":"tstop-223","kind":"stop","name":"Sporthalle","color":"#B0413E","lineRef":"tram"},"geometry":{"type":"Point","coordinates":[13.07519,52.3828]}},{"type":"Feature","properties":{"id":"tstop-224","kind":"stop","name":"Friedhöfe","color":"#B0413E","lineRef":"tram"},"geometry":{"type":"Point","coordinates":[13.07152,52.38609]}},{"type":"Feature","properties":{"id":"tstop-225","kind":"stop","name":"S Potsdam Hauptbahnhof","color":"#B0413E","lineRef":"tram"},"geometry":{"type":"Point","coordinates":[13.06527,52.391]}},{"type":"Feature","properties":{"id":"tstop-226","kind":"stop","name":"Lange Brücke","color":"#B0413E","lineRef":"tram"},"geometry":{"type":"Point","coordinates":[13.06374,52.392]}},{"type":"Feature","properties":{"id":"tstop-227","kind":"stop","name":"Platz der Einheit/West","color":"#B0413E","lineRef":"tram"},"geometry":{"type":"Point","coordinates":[13.05802,52.39845]}},{"type":"Feature","properties":{"id":"tstop-228","kind":"stop","name":"Rathaus","color":"#B0413E","lineRef":"tram"},"geometry":{"type":"Point","coordinates":[13.05808,52.40522]}},{"type":"Feature","properties":{"id":"tstop-229","kind":"stop","name":"Reiterweg/Alleestraße","color":"#B0413E","lineRef":"tram"},"geometry":{"type":"Point","coordinates":[13.05864,52.40869]}},{"type":"Feature","properties":{"id":"tstop-230","kind":"stop","name":"Puschkinallee","color":"#B0413E","lineRef":"tram"},"geometry":{"type":"Point","coordinates":[13.05897,52.41149]}},{"type":"Feature","properties":{"id":"tstop-231","kind":"stop","name":"Campus Fachhochschule","color":"#B0413E","lineRef":"tram"},"geometry":{"type":"Point","coordinates":[13.05107,52.41401]}},{"type":"Feature","properties":{"id":"tstop-232","kind":"stop","name":"S Friedrichshagen","color":"#B0413E","lineRef":"tram"},"geometry":{"type":"Point","coordinates":[13.62667,52.4577]}},{"type":"Feature","properties":{"id":"tstop-233","kind":"stop","name":"Brösener Straße","color":"#B0413E","lineRef":"tram"},"geometry":{"type":"Point","coordinates":[13.63507,52.45916]}},{"type":"Feature","properties":{"id":"tstop-234","kind":"stop","name":"Waldstraße","color":"#B0413E","lineRef":"tram"},"geometry":{"type":"Point","coordinates":[13.68164,52.4676]}},{"type":"Feature","properties":{"id":"tstop-235","kind":"stop","name":"Dorfstraße","color":"#B0413E","lineRef":"tram"},"geometry":{"type":"Point","coordinates":[13.69503,52.47853]}},{"type":"Feature","properties":{"id":"tstop-236","kind":"stop","name":"Dorfaue","color":"#B0413E","lineRef":"tram"},"geometry":{"type":"Point","coordinates":[13.7004,52.47877]}},{"type":"Feature","properties":{"id":"tstop-237","kind":"stop","name":"Schillerstraße","color":"#B0413E","lineRef":"tram"},"geometry":{"type":"Point","coordinates":[13.70932,52.47695]}},{"type":"Feature","properties":{"id":"tstop-238","kind":"stop","name":"Grätzwalde","color":"#B0413E","lineRef":"tram"},"geometry":{"type":"Point","coordinates":[13.71341,52.4739]}},{"type":"Feature","properties":{"id":"tstop-239","kind":"stop","name":"Jägerstraße","color":"#B0413E","lineRef":"tram"},"geometry":{"type":"Point","coordinates":[13.73026,52.47273]}},{"type":"Feature","properties":{"id":"tstop-240","kind":"stop","name":"Kalkberger Straße","color":"#B0413E","lineRef":"tram"},"geometry":{"type":"Point","coordinates":[13.73775,52.4723]}},{"type":"Feature","properties":{"id":"tstop-241","kind":"stop","name":"Berghof-Weiche","color":"#B0413E","lineRef":"tram"},"geometry":{"type":"Point","coordinates":[13.75203,52.47334]}},{"type":"Feature","properties":{"id":"tstop-242","kind":"stop","name":"Berghof","color":"#B0413E","lineRef":"tram"},"geometry":{"type":"Point","coordinates":[13.76099,52.47358]}},{"type":"Feature","properties":{"id":"tstop-243","kind":"stop","name":"Torellplatz","color":"#B0413E","lineRef":"tram"},"geometry":{"type":"Point","coordinates":[13.77101,52.47425]}},{"type":"Feature","properties":{"id":"tstop-244","kind":"stop","name":"Museumspark","color":"#B0413E","lineRef":"tram"},"geometry":{"type":"Point","coordinates":[13.77655,52.47309]}},{"type":"Feature","properties":{"id":"tstop-245","kind":"stop","name":"Marktplatz","color":"#B0413E","lineRef":"tram"},"geometry":{"type":"Point","coordinates":[13.78175,52.47165]}},{"type":"Feature","properties":{"id":"tstop-246","kind":"stop","name":"Rathaus","color":"#B0413E","lineRef":"tram"},"geometry":{"type":"Point","coordinates":[13.78673,52.47028]}},{"type":"Feature","properties":{"id":"tstop-247","kind":"stop","name":"Breitscheidstraße","color":"#B0413E","lineRef":"tram"},"geometry":{"type":"Point","coordinates":[13.79209,52.46864]}},{"type":"Feature","properties":{"id":"tstop-248","kind":"stop","name":"Fürstenwalder Damm/Müggelseedamm","color":"#B0413E","lineRef":"tram"},"geometry":{"type":"Point","coordinates":[13.66153,52.44985]}},{"type":"Feature","properties":{"id":"tstop-249","kind":"stop","name":"Licht- und Luftbad Müggelsee","color":"#B0413E","lineRef":"tram"},"geometry":{"type":"Point","coordinates":[13.67115,52.44765]}},{"type":"Feature","properties":{"id":"tstop-250","kind":"stop","name":"Strandbad Müggelsee","color":"#B0413E","lineRef":"tram"},"geometry":{"type":"Point","coordinates":[13.67764,52.44572]}},{"type":"Feature","properties":{"id":"tstop-251","kind":"stop","name":"Rahnsdorf/Waldschänke","color":"#B0413E","lineRef":"tram"},"geometry":{"type":"Point","coordinates":[13.68504,52.44353]}},{"type":"Feature","properties":{"id":"tstop-252","kind":"stop","name":"Fürstenwalder Damm","color":"#B0413E","lineRef":"tram"},"geometry":{"type":"Point","coordinates":[13.65217,52.45246]}},{"type":"Feature","properties":{"id":"tstop-253","kind":"stop","name":"Wendenschloß","color":"#B0413E","lineRef":"tram"},"geometry":{"type":"Point","coordinates":[13.58859,52.41697]}},{"type":"Feature","properties":{"id":"tstop-254","kind":"stop","name":"Grabbeallee/Pastor-Niemöller-Platz","color":"#B0413E","lineRef":"tram"},"geometry":{"type":"Point","coordinates":[13.39835,52.57903]}},{"type":"Feature","properties":{"id":"tstop-255","kind":"stop","name":"U Eberswalder Straße","color":"#B0413E","lineRef":"tram"},"geometry":{"type":"Point","coordinates":[13.41168,52.54104]}},{"type":"Feature","properties":{"id":"tstop-256","kind":"stop","name":"Greifswalder Straße/Danziger Straße","color":"#B0413E","lineRef":"tram"},"geometry":{"type":"Point","coordinates":[13.43256,52.53632]}},{"type":"Feature","properties":{"id":"tstop-257","kind":"stop","name":"Arnswalder Platz","color":"#B0413E","lineRef":"tram"},"geometry":{"type":"Point","coordinates":[13.43773,52.53397]}},{"type":"Feature","properties":{"id":"tstop-258","kind":"stop","name":"Kniprodestraße/Danziger Straße","color":"#B0413E","lineRef":"tram"},"geometry":{"type":"Point","coordinates":[13.4407,52.53254]}},{"type":"Feature","properties":{"id":"tstop-259","kind":"stop","name":"Landsberger Allee/Petersburger Straße","color":"#B0413E","lineRef":"tram"},"geometry":{"type":"Point","coordinates":[13.44699,52.52706]}},{"type":"Feature","properties":{"id":"tstop-260","kind":"stop","name":"Spreestraße","color":"#B0413E","lineRef":"tram"},"geometry":{"type":"Point","coordinates":[13.61562,52.44706]}},{"type":"Feature","properties":{"id":"tstop-261","kind":"stop","name":"Bernhard-Bästlein-Straße","color":"#B0413E","lineRef":"tram"},"geometry":{"type":"Point","coordinates":[13.48219,52.52677]}},{"type":"Feature","properties":{"id":"tstop-262","kind":"stop","name":"Burgstraße/Klinikum","color":"#B0413E","lineRef":"tram"},"geometry":{"type":"Point","coordinates":[13.06467,52.39834]}},{"type":"Feature","properties":{"id":"tstop-263","kind":"stop","name":"Rathaus Babelsberg","color":"#B0413E","lineRef":"tram"},"geometry":{"type":"Point","coordinates":[13.09119,52.39215]}},{"type":"Feature","properties":{"id":"tstop-264","kind":"stop","name":"Rathaus Lichtenberg","color":"#B0413E","lineRef":"tram"},"geometry":{"type":"Point","coordinates":[13.47886,52.51567]}},{"type":"Feature","properties":{"id":"tstop-265","kind":"stop","name":"S+U Frankfurter Allee","color":"#B0413E","lineRef":"tram"},"geometry":{"type":"Point","coordinates":[13.47737,52.5138]}},{"type":"Feature","properties":{"id":"tstop-266","kind":"stop","name":"Plantagenstraße","color":"#B0413E","lineRef":"tram"},"geometry":{"type":"Point","coordinates":[13.10326,52.3924]}},{"type":"Feature","properties":{"id":"tstop-267","kind":"stop","name":"Anhaltstraße","color":"#B0413E","lineRef":"tram"},"geometry":{"type":"Point","coordinates":[13.09957,52.39208]}},{"type":"Feature","properties":{"id":"tstop-268","kind":"stop","name":"Holzmarktstraße","color":"#B0413E","lineRef":"tram"},"geometry":{"type":"Point","coordinates":[13.0688,52.40127]}},{"type":"Feature","properties":{"id":"tstop-269","kind":"stop","name":"Zionskirchplatz","color":"#B0413E","lineRef":"tram"},"geometry":{"type":"Point","coordinates":[13.40566,52.53452]}},{"type":"Feature","properties":{"id":"tstop-270","kind":"stop","name":"Schiffbauergasse/Uferweg","color":"#B0413E","lineRef":"tram"},"geometry":{"type":"Point","coordinates":[13.07175,52.40151]}},{"type":"Feature","properties":{"id":"tstop-271","kind":"stop","name":"Richtershorn","color":"#B0413E","lineRef":"tram"},"geometry":{"type":"Point","coordinates":[13.62485,52.40105]}},{"type":"Feature","properties":{"id":"tstop-272","kind":"stop","name":"Hirschgartendreieck","color":"#B0413E","lineRef":"tram"},"geometry":{"type":"Point","coordinates":[13.60063,52.45185]}},{"type":"Feature","properties":{"id":"tstop-273","kind":"stop","name":"Westendsiedlung","color":"#B0413E","lineRef":"tram"},"geometry":{"type":"Point","coordinates":[13.60829,52.45311]}},{"type":"Feature","properties":{"id":"tstop-274","kind":"stop","name":"Mühlweg","color":"#B0413E","lineRef":"tram"},"geometry":{"type":"Point","coordinates":[13.61288,52.45414]}},{"type":"Feature","properties":{"id":"tstop-275","kind":"stop","name":"Bellevuestraße","color":"#B0413E","lineRef":"tram"},"geometry":{"type":"Point","coordinates":[13.59423,52.45301]}},{"type":"Feature","properties":{"id":"tstop-276","kind":"stop","name":"Wassersportzentrum","color":"#B0413E","lineRef":"tram"},"geometry":{"type":"Point","coordinates":[13.6091,52.44906]}},{"type":"Feature","properties":{"id":"tstop-277","kind":"stop","name":"Hartlebenstraße","color":"#B0413E","lineRef":"tram"},"geometry":{"type":"Point","coordinates":[13.632,52.4567]}},{"type":"Feature","properties":{"id":"tstop-278","kind":"stop","name":"Altes Wasserwerk","color":"#B0413E","lineRef":"tram"},"geometry":{"type":"Point","coordinates":[13.63907,52.44799]}},{"type":"Feature","properties":{"id":"tstop-279","kind":"stop","name":"Ahornallee","color":"#B0413E","lineRef":"tram"},"geometry":{"type":"Point","coordinates":[13.6193,52.45565]}},{"type":"Feature","properties":{"id":"tstop-280","kind":"stop","name":"Friedrich-Wolf-Straße","color":"#B0413E","lineRef":"tram"},"geometry":{"type":"Point","coordinates":[13.09352,52.36582]}},{"type":"Feature","properties":{"id":"tstop-281","kind":"stop","name":"Bahnhof Rehbrücke","color":"#B0413E","lineRef":"tram"},"geometry":{"type":"Point","coordinates":[13.09741,52.35929]}},{"type":"Feature","properties":{"id":"tstop-282","kind":"stop","name":"Traveplatz","color":"#B0413E","lineRef":"tram"},"geometry":{"type":"Point","coordinates":[13.46967,52.51199]}},{"type":"Feature","properties":{"id":"tstop-283","kind":"stop","name":"Glienicker Brücke (Einstieg)","color":"#B0413E","lineRef":"tram"},"geometry":{"type":"Point","coordinates":[13.08672,52.41287]}},{"type":"Feature","properties":{"id":"tstop-284","kind":"stop","name":"Leonardo-da-Vinci-Straße","color":"#B0413E","lineRef":"tram"},"geometry":{"type":"Point","coordinates":[13.07986,52.40992]}},{"type":"Feature","properties":{"id":"tstop-285","kind":"stop","name":"Schiffbauergasse/Berliner Straße","color":"#B0413E","lineRef":"tram"},"geometry":{"type":"Point","coordinates":[13.07312,52.40545]}},{"type":"Feature","properties":{"id":"tstop-286","kind":"stop","name":"U Osloer Straße","color":"#B0413E","lineRef":"tram"},"geometry":{"type":"Point","coordinates":[13.37326,52.5567]}},{"type":"Feature","properties":{"id":"tstop-287","kind":"stop","name":"Wismarplatz","color":"#B0413E","lineRef":"tram"},"geometry":{"type":"Point","coordinates":[13.46344,52.51099]}},{"type":"Feature","properties":{"id":"tstop-288","kind":"stop","name":"Revaler Straße","color":"#B0413E","lineRef":"tram"},"geometry":{"type":"Point","coordinates":[13.45141,52.50957]}},{"type":"Feature","properties":{"id":"tstop-289","kind":"stop","name":"Holteistraße","color":"#B0413E","lineRef":"tram"},"geometry":{"type":"Point","coordinates":[13.46567,52.50904]}},{"type":"Feature","properties":{"id":"tstop-290","kind":"stop","name":"Anton-Saefkow-Platz","color":"#B0413E","lineRef":"tram"},"geometry":{"type":"Point","coordinates":[13.46936,52.52807]}},{"type":"Feature","properties":{"id":"tstop-291","kind":"stop","name":"Landsberger Allee/Blumberger Damm","color":"#B0413E","lineRef":"tram"},"geometry":{"type":"Point","coordinates":[13.57031,52.54579]}},{"type":"Feature","properties":{"id":"tstop-292","kind":"stop","name":"Alt Nowawes","color":"#B0413E","lineRef":"tram"},"geometry":{"type":"Point","coordinates":[13.08455,52.39349]}},{"type":"Feature","properties":{"id":"tstop-293","kind":"stop","name":"Prerower Platz","color":"#B0413E","lineRef":"tram"},"geometry":{"type":"Point","coordinates":[13.50615,52.56246]}},{"type":"Feature","properties":{"id":"tstop-294","kind":"stop","name":"Wilhelmsmühlenweg","color":"#B0413E","lineRef":"tram"},"geometry":{"type":"Point","coordinates":[13.61296,52.50819]}},{"type":"Feature","properties":{"id":"tstop-295","kind":"stop","name":"Heinersdorf","color":"#B0413E","lineRef":"tram"},"geometry":{"type":"Point","coordinates":[13.43741,52.57277]}},{"type":"Feature","properties":{"id":"tstop-296","kind":"stop","name":"S Adlershof","color":"#B0413E","lineRef":"tram"},"geometry":{"type":"Point","coordinates":[13.54085,52.43525]}},{"type":"Feature","properties":{"id":"tstop-297","kind":"stop","name":"Wasserwerk Friedrichshagen","color":"#B0413E","lineRef":"tram"},"geometry":{"type":"Point","coordinates":[13.642,52.45606]}},{"type":"Feature","properties":{"id":"tstop-298","kind":"stop","name":"S Hohenschönhausen","color":"#B0413E","lineRef":"tram"},"geometry":{"type":"Point","coordinates":[13.51389,52.56654]}},{"type":"Feature","properties":{"id":"tstop-299","kind":"stop","name":"Blockdammweg","color":"#B0413E","lineRef":"tram"},"geometry":{"type":"Point","coordinates":[13.51046,52.48425]}},{"type":"Feature","properties":{"id":"tstop-300","kind":"stop","name":"S Babelsberg/Wattstraße","color":"#B0413E","lineRef":"tram"},"geometry":{"type":"Point","coordinates":[13.09548,52.39172]}},{"type":"Feature","properties":{"id":"tstop-301","kind":"stop","name":"S Warschauer Straße","color":"#B0413E","lineRef":"tram"},"geometry":{"type":"Point","coordinates":[13.45045,52.50789]}},{"type":"Feature","properties":{"id":"tstop-302","kind":"stop","name":"Stadion Buschallee/Hansastraße","color":"#B0413E","lineRef":"tram"},"geometry":{"type":"Point","coordinates":[13.48761,52.55696]}},{"type":"Feature","properties":{"id":"tstop-303","kind":"stop","name":"Königsseestraße","color":"#B0413E","lineRef":"tram"},"geometry":{"type":"Point","coordinates":[13.57789,52.42055]}},{"type":"Feature","properties":{"id":"tstop-304","kind":"stop","name":"S+U Warschauer Straße","color":"#B0413E","lineRef":"tram"},"geometry":{"type":"Point","coordinates":[13.44868,52.50507]}},{"type":"Feature","properties":{"id":"tstop-305","kind":"stop","name":"Loeperplatz","color":"#B0413E","lineRef":"tram"},"geometry":{"type":"Point","coordinates":[13.47972,52.51974]}},{"type":"Feature","properties":{"id":"tstop-306","kind":"stop","name":"Wilhelminenhofstraße/Edisonstraße","color":"#B0413E","lineRef":"tram"},"geometry":{"type":"Point","coordinates":[13.51488,52.46225]}},{"type":"Feature","properties":{"id":"tstop-307","kind":"stop","name":"Firlstraße","color":"#B0413E","lineRef":"tram"},"geometry":{"type":"Point","coordinates":[13.52029,52.46099]}},{"type":"Feature","properties":{"id":"tstop-308","kind":"stop","name":"Marktplatz Adlershof","color":"#B0413E","lineRef":"tram"},"geometry":{"type":"Point","coordinates":[13.54626,52.43724]}},{"type":"Feature","properties":{"id":"tstop-309","kind":"stop","name":"S Nordbahnhof","color":"#B0413E","lineRef":"tram"},"geometry":{"type":"Point","coordinates":[13.38752,52.53255]}},{"type":"Feature","properties":{"id":"tstop-310","kind":"stop","name":"Monbijouplatz","color":"#B0413E","lineRef":"tram"},"geometry":{"type":"Point","coordinates":[13.39707,52.5239]}},{"type":"Feature","properties":{"id":"tstop-311","kind":"stop","name":"Rathaus Pankow","color":"#B0413E","lineRef":"tram"},"geometry":{"type":"Point","coordinates":[13.40457,52.56954]}},{"type":"Feature","properties":{"id":"tstop-312","kind":"stop","name":"U Vinetastraße","color":"#B0413E","lineRef":"tram"},"geometry":{"type":"Point","coordinates":[13.41323,52.55915]}},{"type":"Feature","properties":{"id":"tstop-313","kind":"stop","name":"U Oranienburger Tor","color":"#B0413E","lineRef":"tram"},"geometry":{"type":"Point","coordinates":[13.38763,52.52424]}},{"type":"Feature","properties":{"id":"tstop-314","kind":"stop","name":"Betriebshof Marzahn","color":"#B0413E","lineRef":"tram"},"geometry":{"type":"Point","coordinates":[13.58264,52.54901]}},{"type":"Feature","properties":{"id":"tstop-315","kind":"stop","name":"Würtzstraße","color":"#B0413E","lineRef":"tram"},"geometry":{"type":"Point","coordinates":[13.42442,52.57609]}},{"type":"Feature","properties":{"id":"tstop-316","kind":"stop","name":"Abzweig Betriebshof ViP","color":"#B0413E","lineRef":"tram"},"geometry":{"type":"Point","coordinates":[13.11156,52.37331]}},{"type":"Feature","properties":{"id":"tstop-317","kind":"stop","name":"Wühlischstraße/Gärtnerstraße","color":"#B0413E","lineRef":"tram"},"geometry":{"type":"Point","coordinates":[13.45975,52.50903]}},{"type":"Feature","properties":{"id":"tstop-318","kind":"stop","name":"Eduard-Claudius-Straße/Heinrich-Mann-Allee","color":"#B0413E","lineRef":"tram"},"geometry":{"type":"Point","coordinates":[13.08816,52.3731]}},{"type":"Feature","properties":{"id":"tstop-319","kind":"stop","name":"Zum Kahleberg","color":"#B0413E","lineRef":"tram"},"geometry":{"type":"Point","coordinates":[13.09125,52.36884]}},{"type":"Feature","properties":{"id":"tstop-320","kind":"stop","name":"Am Moosfenn","color":"#B0413E","lineRef":"tram"},"geometry":{"type":"Point","coordinates":[13.09481,52.36376]}},{"type":"Feature","properties":{"id":"tstop-321","kind":"stop","name":"Bisamkiez","color":"#B0413E","lineRef":"tram"},"geometry":{"type":"Point","coordinates":[13.10084,52.37335]}},{"type":"Feature","properties":{"id":"tstop-322","kind":"stop","name":"Betonwerk","color":"#B0413E","lineRef":"tram"},"geometry":{"type":"Point","coordinates":[13.57173,52.43063]}},{"type":"Feature","properties":{"id":"tstop-323","kind":"stop","name":"Köllnischer Platz","color":"#B0413E","lineRef":"tram"},"geometry":{"type":"Point","coordinates":[13.56917,52.44364]}},{"type":"Feature","properties":{"id":"tstop-324","kind":"stop","name":"Marktplatz Adlershof","color":"#B0413E","lineRef":"tram"},"geometry":{"type":"Point","coordinates":[13.54894,52.43822]}},{"type":"Feature","properties":{"id":"tstop-325","kind":"stop","name":"Regattatribünen","color":"#B0413E","lineRef":"tram"},"geometry":{"type":"Point","coordinates":[13.58847,52.41122]}},{"type":"Feature","properties":{"id":"tstop-326","kind":"stop","name":"Rosenweg","color":"#B0413E","lineRef":"tram"},"geometry":{"type":"Point","coordinates":[13.57143,52.4347]}},{"type":"Feature","properties":{"id":"tstop-327","kind":"stop","name":"S Grünau","color":"#B0413E","lineRef":"tram"},"geometry":{"type":"Point","coordinates":[13.57492,52.41328]}},{"type":"Feature","properties":{"id":"tstop-328","kind":"stop","name":"Strandbad Grünau","color":"#B0413E","lineRef":"tram"},"geometry":{"type":"Point","coordinates":[13.60445,52.40862]}},{"type":"Feature","properties":{"id":"tstop-329","kind":"stop","name":"Vollkropfgraben","color":"#B0413E","lineRef":"tram"},"geometry":{"type":"Point","coordinates":[13.57149,52.43867]}},{"type":"Feature","properties":{"id":"tstop-330","kind":"stop","name":"Wassermannstraße","color":"#B0413E","lineRef":"tram"},"geometry":{"type":"Point","coordinates":[13.5519,52.43927]}},{"type":"Feature","properties":{"id":"tstop-331","kind":"stop","name":"Weißer See","color":"#B0413E","lineRef":"tram"},"geometry":{"type":"Point","coordinates":[13.46596,52.55218]}},{"type":"Feature","properties":{"id":"tstop-332","kind":"stop","name":"S Adlershof","color":"#B0413E","lineRef":"tram"},"geometry":{"type":"Point","coordinates":[13.54138,52.43402]}},{"type":"Feature","properties":{"id":"tstop-333","kind":"stop","name":"Am Steinberg","color":"#B0413E","lineRef":"tram"},"geometry":{"type":"Point","coordinates":[13.43338,52.55858]}},{"type":"Feature","properties":{"id":"tstop-334","kind":"stop","name":"Mangerstraße","color":"#B0413E","lineRef":"tram"},"geometry":{"type":"Point","coordinates":[13.0767,52.40852]}},{"type":"Feature","properties":{"id":"tstop-335","kind":"stop","name":"Platz der Einheit/Bildungsforum","color":"#B0413E","lineRef":"tram"},"geometry":{"type":"Point","coordinates":[13.0595,52.39757]}},{"type":"Feature","properties":{"id":"tstop-336","kind":"stop","name":"Greifswalder Straße/Ostseestraße","color":"#B0413E","lineRef":"tram"},"geometry":{"type":"Point","coordinates":[13.44412,52.54524]}},{"type":"Feature","properties":{"id":"tstop-337","kind":"stop","name":"Betriebshof Weißensee","color":"#B0413E","lineRef":"tram"},"geometry":{"type":"Point","coordinates":[13.46817,52.55696]}},{"type":"Feature","properties":{"id":"tstop-338","kind":"stop","name":"S+U Alexanderplatz/Dircksenstraße","color":"#B0413E","lineRef":"tram"},"geometry":{"type":"Point","coordinates":[13.41066,52.52226]}},{"type":"Feature","properties":{"id":"tstop-339","kind":"stop","name":"Hufelandstraße","color":"#B0413E","lineRef":"tram"},"geometry":{"type":"Point","coordinates":[13.42909,52.53274]}},{"type":"Feature","properties":{"id":"tstop-340","kind":"stop","name":"Albertinenstraße","color":"#B0413E","lineRef":"tram"},"geometry":{"type":"Point","coordinates":[13.45801,52.54982]}},{"type":"Feature","properties":{"id":"tstop-341","kind":"stop","name":"Buschallee","color":"#B0413E","lineRef":"tram"},"geometry":{"type":"Point","coordinates":[13.4692,52.55376]}},{"type":"Feature","properties":{"id":"tstop-342","kind":"stop","name":"S Hackescher Markt","color":"#B0413E","lineRef":"tram"},"geometry":{"type":"Point","coordinates":[13.40268,52.52166]}},{"type":"Feature","properties":{"id":"tstop-343","kind":"stop","name":"U Rosenthaler Platz","color":"#B0413E","lineRef":"tram"},"geometry":{"type":"Point","coordinates":[13.4019,52.52974]}},{"type":"Feature","properties":{"id":"tstop-344","kind":"stop","name":"U Weinmeisterstraße/Gipsstraße","color":"#B0413E","lineRef":"tram"},"geometry":{"type":"Point","coordinates":[13.4035,52.52532]}},{"type":"Feature","properties":{"id":"tstop-345","kind":"stop","name":"Husemannstraße","color":"#B0413E","lineRef":"tram"},"geometry":{"type":"Point","coordinates":[13.41911,52.53997]}},{"type":"Feature","properties":{"id":"tstop-346","kind":"stop","name":"Pappelplatz","color":"#B0413E","lineRef":"tram"},"geometry":{"type":"Point","coordinates":[13.39476,52.53227]}},{"type":"Feature","properties":{"id":"tstop-347","kind":"stop","name":"Schwedter Straße","color":"#B0413E","lineRef":"tram"},"geometry":{"type":"Point","coordinates":[13.40824,52.53715]}},{"type":"Feature","properties":{"id":"tstop-348","kind":"stop","name":"S Hackescher Markt","color":"#B0413E","lineRef":"tram"},"geometry":{"type":"Point","coordinates":[13.4026,52.52384]}},{"type":"Feature","properties":{"id":"tstop-349","kind":"stop","name":"S Oranienburger Straße","color":"#B0413E","lineRef":"tram"},"geometry":{"type":"Point","coordinates":[13.39236,52.5251]}},{"type":"Feature","properties":{"id":"tstop-350","kind":"stop","name":"Georgenstraße/Am Kupfergraben","color":"#B0413E","lineRef":"tram"},"geometry":{"type":"Point","coordinates":[13.39369,52.52031]}},{"type":"Feature","properties":{"id":"tstop-351","kind":"stop","name":"Giersstraße","color":"#B0413E","lineRef":"tram"},"geometry":{"type":"Point","coordinates":[13.48219,52.55442]}},{"type":"Feature","properties":{"id":"tstop-352","kind":"stop","name":"Kniprodestraße/Danziger Straße","color":"#B0413E","lineRef":"tram"},"geometry":{"type":"Point","coordinates":[13.44211,52.53152]}},{"type":"Feature","properties":{"id":"tstop-353","kind":"stop","name":"S+U Pankow","color":"#B0413E","lineRef":"tram"},"geometry":{"type":"Point","coordinates":[13.41216,52.56757]}},{"type":"Feature","properties":{"id":"tstop-354","kind":"stop","name":"Pankow Kirche","color":"#B0413E","lineRef":"tram"},"geometry":{"type":"Point","coordinates":[13.40847,52.57039]}},{"type":"Feature","properties":{"id":"tstop-355","kind":"stop","name":"Karl-Ziegler-Straße","color":"#B0413E","lineRef":"tram"},"geometry":{"type":"Point","coordinates":[13.52647,52.4325]}},{"type":"Feature","properties":{"id":"tstop-356","kind":"stop","name":"Magnusstraße","color":"#B0413E","lineRef":"tram"},"geometry":{"type":"Point","coordinates":[13.53017,52.42976]}},{"type":"Feature","properties":{"id":"tstop-357","kind":"stop","name":"Walther-Nernst-Straße","color":"#B0413E","lineRef":"tram"},"geometry":{"type":"Point","coordinates":[13.53461,52.43192]}},{"type":"Feature","properties":{"id":"tstop-358","kind":"stop","name":"Am Friedrichshain","color":"#B0413E","lineRef":"tram"},"geometry":{"type":"Point","coordinates":[13.42414,52.52851]}},{"type":"Feature","properties":{"id":"tstop-359","kind":"stop","name":"Hohenschönhauser Straße","color":"#B0413E","lineRef":"tram"},"geometry":{"type":"Point","coordinates":[13.47424,52.53523]}},{"type":"Feature","properties":{"id":"tstop-360","kind":"stop","name":"Helene-Weigel-Platz","color":"#B0413E","lineRef":"tram"},"geometry":{"type":"Point","coordinates":[13.5434,52.52593]}},{"type":"Feature","properties":{"id":"tstop-361","kind":"stop","name":"Boschpoler Straße","color":"#B0413E","lineRef":"tram"},"geometry":{"type":"Point","coordinates":[13.54867,52.52732]}},{"type":"Feature","properties":{"id":"tstop-362","kind":"stop","name":"Zum Seeblick","color":"#B0413E","lineRef":"tram"},"geometry":{"type":"Point","coordinates":[13.64334,52.37985]}},{"type":"Feature","properties":{"id":"tstop-363","kind":"stop","name":"Herzbergstraße/Siegfriedstraße","color":"#B0413E","lineRef":"tram"},"geometry":{"type":"Point","coordinates":[13.49975,52.52559]}},{"type":"Feature","properties":{"id":"tstop-364","kind":"stop","name":"Kuckhoffstraße","color":"#B0413E","lineRef":"tram"},"geometry":{"type":"Point","coordinates":[13.40297,52.58402]}},{"type":"Feature","properties":{"id":"tstop-365","kind":"stop","name":"Nordend","color":"#B0413E","lineRef":"tram"},"geometry":{"type":"Point","coordinates":[13.40234,52.59016]}},{"type":"Feature","properties":{"id":"tstop-366","kind":"stop","name":"Schillerstraße","color":"#B0413E","lineRef":"tram"},"geometry":{"type":"Point","coordinates":[13.41102,52.5921]}},{"type":"Feature","properties":{"id":"tstop-367","kind":"stop","name":"Bürgerpark Pankow","color":"#B0413E","lineRef":"tram"},"geometry":{"type":"Point","coordinates":[13.39842,52.57149]}},{"type":"Feature","properties":{"id":"tstop-368","kind":"stop","name":"Rosenthal Nord","color":"#B0413E","lineRef":"tram"},"geometry":{"type":"Point","coordinates":[13.37267,52.59867]}},{"type":"Feature","properties":{"id":"tstop-369","kind":"stop","name":"Libauer Straße","color":"#B0413E","lineRef":"tram"},"geometry":{"type":"Point","coordinates":[13.45469,52.51018]}},{"type":"Feature","properties":{"id":"tstop-370","kind":"stop","name":"Niederbarnimstraße","color":"#B0413E","lineRef":"tram"},"geometry":{"type":"Point","coordinates":[13.45735,52.5129]}},{"type":"Feature","properties":{"id":"tstop-371","kind":"stop","name":"Bahnhofstraße/Seelenbinderstraße","color":"#B0413E","lineRef":"tram"},"geometry":{"type":"Point","coordinates":[13.57678,52.45524]}},{"type":"Feature","properties":{"id":"tstop-372","kind":"stop","name":"Bersarinplatz","color":"#B0413E","lineRef":"tram"},"geometry":{"type":"Point","coordinates":[13.45451,52.51901]}},{"type":"Feature","properties":{"id":"tstop-373","kind":"stop","name":"Forckenbeckplatz","color":"#B0413E","lineRef":"tram"},"geometry":{"type":"Point","coordinates":[13.45928,52.52046]}},{"type":"Feature","properties":{"id":"tstop-374","kind":"stop","name":"Proskauer Straße","color":"#B0413E","lineRef":"tram"},"geometry":{"type":"Point","coordinates":[13.46305,52.51989]}},{"type":"Feature","properties":{"id":"tstop-375","kind":"stop","name":"James-Hobrecht-Straße","color":"#B0413E","lineRef":"tram"},"geometry":{"type":"Point","coordinates":[13.46782,52.52022]}},{"type":"Feature","properties":{"id":"tstop-376","kind":"stop","name":"Scheffelstraße","color":"#B0413E","lineRef":"tram"},"geometry":{"type":"Point","coordinates":[13.47381,52.52056]}},{"type":"Feature","properties":{"id":"tstop-377","kind":"stop","name":"Judith-Auer-Straße","color":"#B0413E","lineRef":"tram"},"geometry":{"type":"Point","coordinates":[13.4677,52.53407]}},{"type":"Feature","properties":{"id":"tstop-378","kind":"stop","name":"Arendsweg","color":"#B0413E","lineRef":"tram"},"geometry":{"type":"Point","coordinates":[13.50451,52.53484]}},{"type":"Feature","properties":{"id":"tstop-379","kind":"stop","name":"Oberseestraße","color":"#B0413E","lineRef":"tram"},"geometry":{"type":"Point","coordinates":[13.49789,52.54694]}},{"type":"Feature","properties":{"id":"tstop-380","kind":"stop","name":"Herzbergstr./Dong-Xuan","color":"#B0413E","lineRef":"tram"},"geometry":{"type":"Point","coordinates":[13.48977,52.5266]}},{"type":"Feature","properties":{"id":"tstop-381","kind":"stop","name":"Berliner Allee/Rennbahnstraße","color":"#B0413E","lineRef":"tram"},"geometry":{"type":"Point","coordinates":[13.46569,52.5574]}},{"type":"Feature","properties":{"id":"tstop-382","kind":"stop","name":"Marzahner Promenade","color":"#B0413E","lineRef":"tram"},"geometry":{"type":"Point","coordinates":[13.54853,52.5427]}},{"type":"Feature","properties":{"id":"tstop-383","kind":"stop","name":"Friedrich-Ludwig-Jahn-Sportpark","color":"#B0413E","lineRef":"tram"},"geometry":{"type":"Point","coordinates":[13.40579,52.5409]}},{"type":"Feature","properties":{"id":"tstop-384","kind":"stop","name":"U Bernauer Straße","color":"#B0413E","lineRef":"tram"},"geometry":{"type":"Point","coordinates":[13.39648,52.53843]}},{"type":"Feature","properties":{"id":"tstop-385","kind":"stop","name":"Wolliner Straße","color":"#B0413E","lineRef":"tram"},"geometry":{"type":"Point","coordinates":[13.4012,52.53969]}},{"type":"Feature","properties":{"id":"tstop-386","kind":"stop","name":"Stendaler Straße/Zossener Straße","color":"#B0413E","lineRef":"tram"},"geometry":{"type":"Point","coordinates":[13.60338,52.54379]}},{"type":"Feature","properties":{"id":"tstop-387","kind":"stop","name":"U Hellersdorf","color":"#B0413E","lineRef":"tram"},"geometry":{"type":"Point","coordinates":[13.60526,52.53606]}},{"type":"Feature","properties":{"id":"tstop-388","kind":"stop","name":"Nossener Straße","color":"#B0413E","lineRef":"tram"},"geometry":{"type":"Point","coordinates":[13.60844,52.53341]}},{"type":"Feature","properties":{"id":"tstop-389","kind":"stop","name":"Nossener Straße","color":"#B0413E","lineRef":"tram"},"geometry":{"type":"Point","coordinates":[13.6109,52.53286]}},{"type":"Feature","properties":{"id":"tstop-390","kind":"stop","name":"S Marzahn","color":"#B0413E","lineRef":"tram"},"geometry":{"type":"Point","coordinates":[13.54254,52.54229]}},{"type":"Feature","properties":{"id":"tstop-391","kind":"stop","name":"Marienburger Straße","color":"#B0413E","lineRef":"tram"},"geometry":{"type":"Point","coordinates":[13.42168,52.53492]}},{"type":"Feature","properties":{"id":"tstop-392","kind":"stop","name":"Allee der Kosmonauten/Rhinstraße","color":"#B0413E","lineRef":"tram"},"geometry":{"type":"Point","coordinates":[13.51962,52.52499]}},{"type":"Feature","properties":{"id":"tstop-393","kind":"stop","name":"Köpenicker Chaussee/Blockdammweg","color":"#B0413E","lineRef":"tram"},"geometry":{"type":"Point","coordinates":[13.50167,52.48329]}},{"type":"Feature","properties":{"id":"tstop-394","kind":"stop","name":"Stühlinger Straße","color":"#B0413E","lineRef":"tram"},"geometry":{"type":"Point","coordinates":[13.52092,52.48009]}},{"type":"Feature","properties":{"id":"tstop-395","kind":"stop","name":"S Rummelsburg","color":"#B0413E","lineRef":"tram"},"geometry":{"type":"Point","coordinates":[13.47725,52.50064]}},{"type":"Feature","properties":{"id":"tstop-396","kind":"stop","name":"Virchowstraße","color":"#B0413E","lineRef":"tram"},"geometry":{"type":"Point","coordinates":[13.44208,52.52578]}},{"type":"Feature","properties":{"id":"tstop-397","kind":"stop","name":"Drontheimer Straße","color":"#B0413E","lineRef":"tram"},"geometry":{"type":"Point","coordinates":[13.37793,52.5564]}},{"type":"Feature","properties":{"id":"tstop-398","kind":"stop","name":"Schönfließer Straße","color":"#B0413E","lineRef":"tram"},"geometry":{"type":"Point","coordinates":[13.40908,52.55407]}},{"type":"Feature","properties":{"id":"tstop-399","kind":"stop","name":"Humannplatz","color":"#B0413E","lineRef":"tram"},"geometry":{"type":"Point","coordinates":[13.42134,52.54937]}},{"type":"Feature","properties":{"id":"tstop-400","kind":"stop","name":"Stargarder Straße","color":"#B0413E","lineRef":"tram"},"geometry":{"type":"Point","coordinates":[13.41896,52.54714]}},{"type":"Feature","properties":{"id":"tstop-401","kind":"stop","name":"Raumerstraße","color":"#B0413E","lineRef":"tram"},"geometry":{"type":"Point","coordinates":[13.41507,52.54355]}},{"type":"Feature","properties":{"id":"tstop-402","kind":"stop","name":"Bahnhofstraße/Lindenstraße","color":"#B0413E","lineRef":"tram"},"geometry":{"type":"Point","coordinates":[13.57268,52.45051]}},{"type":"Feature","properties":{"id":"tstop-403","kind":"stop","name":"Ostendstraße","color":"#B0413E","lineRef":"tram"},"geometry":{"type":"Point","coordinates":[13.53385,52.45723]}},{"type":"Feature","properties":{"id":"tstop-404","kind":"stop","name":"Freiheit","color":"#B0413E","lineRef":"tram"},"geometry":{"type":"Point","coordinates":[13.57608,52.44662]}},{"type":"Feature","properties":{"id":"tstop-405","kind":"stop","name":"Betriebshof Lichtenberg","color":"#B0413E","lineRef":"tram"},"geometry":{"type":"Point","coordinates":[13.49945,52.52064]}},{"type":"Feature","properties":{"id":"tstop-406","kind":"stop","name":"Siegfriedstraße/Josef-Orlopp-Straße","color":"#B0413E","lineRef":"tram"},"geometry":{"type":"Point","coordinates":[13.49964,52.52369]}},{"type":"Feature","properties":{"id":"tstop-407","kind":"stop","name":"Falkenberger Straße/Berliner Allee","color":"#B0413E","lineRef":"tram"},"geometry":{"type":"Point","coordinates":[13.46764,52.55482]}},{"type":"Feature","properties":{"id":"tstop-408","kind":"stop","name":"Freiaplatz","color":"#B0413E","lineRef":"tram"},"geometry":{"type":"Point","coordinates":[13.49858,52.51548]}},{"type":"Feature","properties":{"id":"tstop-409","kind":"stop","name":"Gotlindestraße","color":"#B0413E","lineRef":"tram"},"geometry":{"type":"Point","coordinates":[13.49923,52.51797]}},{"type":"Feature","properties":{"id":"tstop-410","kind":"stop","name":"Fanningerstraße","color":"#B0413E","lineRef":"tram"},"geometry":{"type":"Point","coordinates":[13.49822,52.51431]}},{"type":"Feature","properties":{"id":"tstop-411","kind":"stop","name":"Guntherstraße","color":"#B0413E","lineRef":"tram"},"geometry":{"type":"Point","coordinates":[13.5017,52.51362]}},{"type":"Feature","properties":{"id":"tstop-412","kind":"stop","name":"Hermann-Hesse-Straße/Waldstraße","color":"#B0413E","lineRef":"tram"},"geometry":{"type":"Point","coordinates":[13.40209,52.58061]}},{"type":"Feature","properties":{"id":"tstop-413","kind":"stop","name":"Werneuchener Straße","color":"#B0413E","lineRef":"tram"},"geometry":{"type":"Point","coordinates":[13.48906,52.54229]}},{"type":"Feature","properties":{"id":"tstop-414","kind":"stop","name":"Betriebshof Köpenick","color":"#B0413E","lineRef":"tram"},"geometry":{"type":"Point","coordinates":[13.5818,52.44009]}},{"type":"Feature","properties":{"id":"tstop-415","kind":"stop","name":"Dregerhoffstraße","color":"#B0413E","lineRef":"tram"},"geometry":{"type":"Point","coordinates":[13.58526,52.42741]}},{"type":"Feature","properties":{"id":"tstop-416","kind":"stop","name":"Lienhardweg","color":"#B0413E","lineRef":"tram"},"geometry":{"type":"Point","coordinates":[13.58791,52.42171]}},{"type":"Feature","properties":{"id":"tstop-417","kind":"stop","name":"Mayschweg","color":"#B0413E","lineRef":"tram"},"geometry":{"type":"Point","coordinates":[13.58241,52.43667]}},{"type":"Feature","properties":{"id":"tstop-418","kind":"stop","name":"Müggelbergallee","color":"#B0413E","lineRef":"tram"},"geometry":{"type":"Point","coordinates":[13.58881,52.41891]}},{"type":"Feature","properties":{"id":"tstop-419","kind":"stop","name":"Müggelheimer Straße/Wendenschloßstraße","color":"#B0413E","lineRef":"tram"},"geometry":{"type":"Point","coordinates":[13.58113,52.44307]}},{"type":"Feature","properties":{"id":"tstop-420","kind":"stop","name":"Pritstabelstraße","color":"#B0413E","lineRef":"tram"},"geometry":{"type":"Point","coordinates":[13.58361,52.4316]}},{"type":"Feature","properties":{"id":"tstop-421","kind":"stop","name":"Segewaldweg","color":"#B0413E","lineRef":"tram"},"geometry":{"type":"Point","coordinates":[13.58286,52.43432]}},{"type":"Feature","properties":{"id":"tstop-422","kind":"stop","name":"Zur Nachtheide","color":"#B0413E","lineRef":"tram"},"geometry":{"type":"Point","coordinates":[13.58648,52.42484]}},{"type":"Feature","properties":{"id":"tstop-423","kind":"stop","name":"Rhinstraße/Plauener Straße","color":"#B0413E","lineRef":"tram"},"geometry":{"type":"Point","coordinates":[13.51377,52.54017]}},{"type":"Feature","properties":{"id":"tstop-424","kind":"stop","name":"Mollstraße/Prenzlauer Allee","color":"#B0413E","lineRef":"tram"},"geometry":{"type":"Point","coordinates":[13.41678,52.52652]}},{"type":"Feature","properties":{"id":"tstop-425","kind":"stop","name":"Rummelsburger Straße/Edisonstraße","color":"#B0413E","lineRef":"tram"},"geometry":{"type":"Point","coordinates":[13.51383,52.46823]}},{"type":"Feature","properties":{"id":"tstop-426","kind":"stop","name":"Am Faulen See","color":"#B0413E","lineRef":"tram"},"geometry":{"type":"Point","coordinates":[13.49473,52.5506]}},{"type":"Feature","properties":{"id":"tstop-427","kind":"stop","name":"Degnerstraße/Suermondtstraße","color":"#B0413E","lineRef":"tram"},"geometry":{"type":"Point","coordinates":[13.4982,52.54978]}},{"type":"Feature","properties":{"id":"tstop-428","kind":"stop","name":"Tschaikowskistraße","color":"#B0413E","lineRef":"tram"},"geometry":{"type":"Point","coordinates":[13.39882,52.57566]}},{"type":"Feature","properties":{"id":"tstop-429","kind":"stop","name":"Brückenstraße","color":"#B0413E","lineRef":"tram"},"geometry":{"type":"Point","coordinates":[13.51212,52.45866]}},{"type":"Feature","properties":{"id":"tstop-430","kind":"stop","name":"Brückenstraße","color":"#B0413E","lineRef":"tram"},"geometry":{"type":"Point","coordinates":[13.51105,52.4576]}},{"type":"Feature","properties":{"id":"tstop-431","kind":"stop","name":"Haeckelstraße","color":"#B0413E","lineRef":"tram"},"geometry":{"type":"Point","coordinates":[13.50526,52.44029]}},{"type":"Feature","properties":{"id":"tstop-432","kind":"stop","name":"Haeckelstraße","color":"#B0413E","lineRef":"tram"},"geometry":{"type":"Point","coordinates":[13.50615,52.44174]}},{"type":"Feature","properties":{"id":"tstop-433","kind":"stop","name":"Herweghstraße","color":"#B0413E","lineRef":"tram"},"geometry":{"type":"Point","coordinates":[13.50554,52.44422]}},{"type":"Feature","properties":{"id":"tstop-434","kind":"stop","name":"Mühlbergstraße","color":"#B0413E","lineRef":"tram"},"geometry":{"type":"Point","coordinates":[13.5034,52.44167]}},{"type":"Feature","properties":{"id":"tstop-435","kind":"stop","name":"S Friedrichshagen","color":"#B0413E","lineRef":"tram"},"geometry":{"type":"Point","coordinates":[13.62541,52.45628]}},{"type":"Feature","properties":{"id":"tstop-436","kind":"stop","name":"Josef-Nawrocki-Straße","color":"#B0413E","lineRef":"tram"},"geometry":{"type":"Point","coordinates":[13.62799,52.44671]}},{"type":"Feature","properties":{"id":"tstop-437","kind":"stop","name":"Bruno-Wille-Straße","color":"#B0413E","lineRef":"tram"},"geometry":{"type":"Point","coordinates":[13.63215,52.44692]}},{"type":"Feature","properties":{"id":"tstop-438","kind":"stop","name":"Behaimstraße","color":"#B0413E","lineRef":"tram"},"geometry":{"type":"Point","coordinates":[13.44693,52.54974]}},{"type":"Feature","properties":{"id":"tstop-439","kind":"stop","name":"Gustav-Adolf-Straße/Langhansstraße","color":"#B0413E","lineRef":"tram"},"geometry":{"type":"Point","coordinates":[13.43524,52.55346]}},{"type":"Feature","properties":{"id":"tstop-440","kind":"stop","name":"Brunnenstraße/Invalidenstraße","color":"#B0413E","lineRef":"tram"},"geometry":{"type":"Point","coordinates":[13.39939,52.53195]}},{"type":"Feature","properties":{"id":"tstop-441","kind":"stop","name":"Wassersportallee","color":"#B0413E","lineRef":"tram"},"geometry":{"type":"Point","coordinates":[13.57989,52.41633]}},{"type":"Feature","properties":{"id":"tstop-442","kind":"stop","name":"Alt-Schmöckwitz","color":"#B0413E","lineRef":"tram"},"geometry":{"type":"Point","coordinates":[13.64904,52.37572]}},{"type":"Feature","properties":{"id":"tstop-443","kind":"stop","name":"S+U Hauptbahnhof","color":"#B0413E","lineRef":"tram"},"geometry":{"type":"Point","coordinates":[13.36945,52.52649]}},{"type":"Feature","properties":{"id":"tstop-444","kind":"stop","name":"Alter Markt/Landtag","color":"#B0413E","lineRef":"tram"},"geometry":{"type":"Point","coordinates":[13.05927,52.39478]}},{"type":"Feature","properties":{"id":"tstop-445","kind":"stop","name":"Hirtestraße","color":"#B0413E","lineRef":"tram"},"geometry":{"type":"Point","coordinates":[13.58383,52.45904]}},{"type":"Feature","properties":{"id":"tstop-446","kind":"stop","name":"Schappachstraße","color":"#B0413E","lineRef":"tram"},"geometry":{"type":"Point","coordinates":[13.63203,52.39435]}},{"type":"Feature","properties":{"id":"tstop-447","kind":"stop","name":"Rahnsdorfer Straße","color":"#B0413E","lineRef":"tram"},"geometry":{"type":"Point","coordinates":[13.6129,52.4983]}},{"type":"Feature","properties":{"id":"tstop-448","kind":"stop","name":"Friedrich-Engels-Straße/Eichenstraße","color":"#B0413E","lineRef":"tram"},"geometry":{"type":"Point","coordinates":[13.39034,52.5849]}},{"type":"Feature","properties":{"id":"tstop-449","kind":"stop","name":"Heinrich-Böll-Straße","color":"#B0413E","lineRef":"tram"},"geometry":{"type":"Point","coordinates":[13.40178,52.58755]}},{"type":"Feature","properties":{"id":"tstop-450","kind":"stop","name":"Lüneburger Straße","color":"#B0413E","lineRef":"tram"},"geometry":{"type":"Point","coordinates":[13.36176,52.52311]}},{"type":"Feature","properties":{"id":"tstop-451","kind":"stop","name":"Clara-Jaschke-Straße","color":"#B0413E","lineRef":"tram"},"geometry":{"type":"Point","coordinates":[13.36624,52.52515]}},{"type":"Feature","properties":{"id":"tstop-452","kind":"stop","name":"Brunnenstraße/Invalidenstraße","color":"#B0413E","lineRef":"tram"},"geometry":{"type":"Point","coordinates":[13.39742,52.53247]}},{"type":"Feature","properties":{"id":"tstop-453","kind":"stop","name":"Invalidenpark","color":"#B0413E","lineRef":"tram"},"geometry":{"type":"Point","coordinates":[13.37635,52.52861]}},{"type":"Feature","properties":{"id":"tstop-454","kind":"stop","name":"Bammelecke","color":"#B0413E","lineRef":"tram"},"geometry":{"type":"Point","coordinates":[13.62065,52.40594]}},{"type":"Feature","properties":{"id":"tstop-455","kind":"stop","name":"Rahnsdorfer Straße","color":"#B0413E","lineRef":"tram"},"geometry":{"type":"Point","coordinates":[13.69227,52.4747]}},{"type":"Feature","properties":{"id":"tstop-456","kind":"stop","name":"S+U Lichtenberg/Gudrunstraße","color":"#B0413E","lineRef":"tram"},"geometry":{"type":"Point","coordinates":[13.50053,52.51258]}},{"type":"Feature","properties":{"id":"tstop-457","kind":"stop","name":"Marktstraße","color":"#B0413E","lineRef":"tram"},"geometry":{"type":"Point","coordinates":[13.47458,52.50288]}},{"type":"Feature","properties":{"id":"tstop-458","kind":"stop","name":"U Naturkundemuseum","color":"#B0413E","lineRef":"tram"},"geometry":{"type":"Point","coordinates":[13.38209,52.5303]}},{"type":"Feature","properties":{"id":"tstop-459","kind":"stop","name":"Brandenburgplatz","color":"#B0413E","lineRef":"tram"},"geometry":{"type":"Point","coordinates":[13.59051,52.45534]}},{"type":"Feature","properties":{"id":"tstop-460","kind":"stop","name":"S Nordbahnhof","color":"#B0413E","lineRef":"tram"},"geometry":{"type":"Point","coordinates":[13.38908,52.53166]}},{"type":"Feature","properties":{"id":"tstop-461","kind":"stop","name":"Drachholzstraße","color":"#B0413E","lineRef":"tram"},"geometry":{"type":"Point","coordinates":[13.62508,52.45389]}},{"type":"Feature","properties":{"id":"tstop-462","kind":"stop","name":"Marktplatz Friedrichshagen","color":"#B0413E","lineRef":"tram"},"geometry":{"type":"Point","coordinates":[13.62471,52.45084]}},{"type":"Feature","properties":{"id":"tstop-463","kind":"stop","name":"Gelnitzstraße","color":"#B0413E","lineRef":"tram"},"geometry":{"type":"Point","coordinates":[13.58477,52.45539]}},{"type":"Feature","properties":{"id":"tstop-464","kind":"stop","name":"Herzbergstraße/Siegfriedstraße","color":"#B0413E","lineRef":"tram"},"geometry":{"type":"Point","coordinates":[13.4976,52.52644]}},{"type":"Feature","properties":{"id":"tstop-465","kind":"stop","name":"Universitätsstraße","color":"#B0413E","lineRef":"tram"},"geometry":{"type":"Point","coordinates":[13.39176,52.51909]}},{"type":"Feature","properties":{"id":"tstop-466","kind":"stop","name":"Björnsonstraße","color":"#B0413E","lineRef":"tram"},"geometry":{"type":"Point","coordinates":[13.4039,52.55434]}},{"type":"Feature","properties":{"id":"tstop-467","kind":"stop","name":"Heinersdorf Kirche","color":"#B0413E","lineRef":"tram"},"geometry":{"type":"Point","coordinates":[13.43923,52.56835]}},{"type":"Feature","properties":{"id":"tstop-468","kind":"stop","name":"Berliner Platz","color":"#B0413E","lineRef":"tram"},"geometry":{"type":"Point","coordinates":[13.73963,52.45413]}},{"type":"Feature","properties":{"id":"tstop-469","kind":"stop","name":"Woltersdorf, Schleuse","color":"#B0413E","lineRef":"tram"},"geometry":{"type":"Point","coordinates":[13.764,52.44333]}},{"type":"Feature","properties":{"id":"tstop-470","kind":"stop","name":"Goethepark","color":"#B0413E","lineRef":"tram"},"geometry":{"type":"Point","coordinates":[13.68833,52.47079]}},{"type":"Feature","properties":{"id":"tstop-471","kind":"stop","name":"Degnerstraße","color":"#B0413E","lineRef":"tram"},"geometry":{"type":"Point","coordinates":[13.49478,52.54604]}},{"type":"Feature","properties":{"id":"tstop-472","kind":"stop","name":"Brandenburger Straße","color":"#B0413E","lineRef":"tram"},"geometry":{"type":"Point","coordinates":[13.05778,52.40063]}},{"type":"Feature","properties":{"id":"tstop-473","kind":"stop","name":"Nauener Tor","color":"#B0413E","lineRef":"tram"},"geometry":{"type":"Point","coordinates":[13.05785,52.40282]}},{"type":"Feature","properties":{"id":"tstop-474","kind":"stop","name":"Campus Jungfernsee","color":"#B0413E","lineRef":"tram"},"geometry":{"type":"Point","coordinates":[13.055,52.43188]}},{"type":"Feature","properties":{"id":"tstop-475","kind":"stop","name":"Erich-Arendt-Straße","color":"#B0413E","lineRef":"tram"},"geometry":{"type":"Point","coordinates":[13.0506,52.42272]}},{"type":"Feature","properties":{"id":"tstop-476","kind":"stop","name":"Rote Kaserne","color":"#B0413E","lineRef":"tram"},"geometry":{"type":"Point","coordinates":[13.05321,52.42494]}},{"type":"Feature","properties":{"id":"tstop-477","kind":"stop","name":"U Weinmeisterstraße","color":"#B0413E","lineRef":"tram"},"geometry":{"type":"Point","coordinates":[13.40657,52.52521]}},{"type":"Feature","properties":{"id":"tstop-478","kind":"stop","name":"Müggelseedamm/Bölschestraße","color":"#B0413E","lineRef":"tram"},"geometry":{"type":"Point","coordinates":[13.62328,52.4468]}},{"type":"Feature","properties":{"id":"tstop-479","kind":"stop","name":"Hohenschönhauser Straße","color":"#B0413E","lineRef":"tram"},"geometry":{"type":"Point","coordinates":[13.47473,52.53648]}},{"type":"Feature","properties":{"id":"tstop-480","kind":"stop","name":"Traberweg","color":"#B0413E","lineRef":"tram"},"geometry":{"type":"Point","coordinates":[13.5234,52.47695]}},{"type":"Feature","properties":{"id":"tstop-481","kind":"stop","name":"Treskowallee/Ehrlichstraße","color":"#B0413E","lineRef":"tram"},"geometry":{"type":"Point","coordinates":[13.52341,52.47899]}},{"type":"Feature","properties":{"id":"tstop-482","kind":"stop","name":"U Turmstraße","color":"#B0413E","lineRef":"tram"},"geometry":{"type":"Point","coordinates":[13.34013,52.52641]}},{"type":"Feature","properties":{"id":"tstop-483","kind":"stop","name":"Landschaftspark Johannisthal","color":"#B0413E","lineRef":"tram"},"geometry":{"type":"Point","coordinates":[13.52601,52.43703]}},{"type":"Feature","properties":{"id":"tstop-484","kind":"stop","name":"Gerhard-Sedlmayr-Straße","color":"#B0413E","lineRef":"tram"},"geometry":{"type":"Point","coordinates":[13.52419,52.43971]}},{"type":"Feature","properties":{"id":"tstop-485","kind":"stop","name":"Benno-König-Straße","color":"#B0413E","lineRef":"tram"},"geometry":{"type":"Point","coordinates":[13.51976,52.44273]}},{"type":"Feature","properties":{"id":"tstop-486","kind":"stop","name":"Landfliegerstraße","color":"#B0413E","lineRef":"tram"},"geometry":{"type":"Point","coordinates":[13.51505,52.44597]}},{"type":"Feature","properties":{"id":"tstop-487","kind":"stop","name":"Nieberstraße","color":"#B0413E","lineRef":"tram"},"geometry":{"type":"Point","coordinates":[13.51146,52.44932]}},{"type":"Feature","properties":{"id":"tstop-488","kind":"stop","name":"Siemensstraße/Nalepastraße","color":"#B0413E","lineRef":"tram"},"geometry":{"type":"Point","coordinates":[13.50943,52.46348]}},{"type":"Feature","properties":{"id":"tstop-489","kind":"stop","name":"S Schöneweide","color":"#B0413E","lineRef":"tram"},"geometry":{"type":"Point","coordinates":[13.50967,52.45627]}},{"type":"Feature","properties":{"id":"tstop-490","kind":"stop","name":"Jessnerstraße","color":"#B0413E","lineRef":"tram"},"geometry":{"type":"Point","coordinates":[13.47333,52.5121]}},{"type":"Feature","properties":{"id":"tstop-491","kind":"stop","name":"S Schöneweide/Sterndamm","color":"#B0413E","lineRef":"tram"},"geometry":{"type":"Point","coordinates":[13.50882,52.45419]}},{"type":"Feature","properties":{"id":"tstop-492","kind":"stop","name":"Kriminalgericht Moabit","color":"#B0413E","lineRef":"tram"},"geometry":{"type":"Point","coordinates":[13.35435,52.52665]}},{"type":"Feature","properties":{"id":"tstop-493","kind":"stop","name":"Lübecker Straße","color":"#B0413E","lineRef":"tram"},"geometry":{"type":"Point","coordinates":[13.34576,52.52628]}},{"type":"Feature","properties":{"id":"tstop-494","kind":"stop","name":"Alt-Moabit/Rathenower Straße","color":"#B0413E","lineRef":"tram"},"geometry":{"type":"Point","coordinates":[13.35758,52.52361]}},{"type":"Feature","properties":{"id":"tstop-495","kind":"stop","name":"Lesser-Ury-Weg","color":"#B0413E","lineRef":"tram"},"geometry":{"type":"Point","coordinates":[13.36267,52.52433]}},{"type":"Feature","properties":{"id":"tstop-496","kind":"stop","name":"Siemensstraße/Edisonstraße","color":"#B0413E","lineRef":"tram"},"geometry":{"type":"Point","coordinates":[13.51357,52.46487]}},{"type":"Feature","properties":{"id":"badge-u1","kind":"badge","ref":"U1","color":"#7DAD4C","lineRef":"metro"},"geometry":{"type":"Point","coordinates":[13.38122,52.49903]}},{"type":"Feature","properties":{"id":"badge-u2","kind":"badge","ref":"U2","color":"#DA421E","lineRef":"metro"},"geometry":{"type":"Point","coordinates":[13.38049,52.51097]}},{"type":"Feature","properties":{"id":"badge-u3","kind":"badge","ref":"U3","color":"#16683D","lineRef":"metro"},"geometry":{"type":"Point","coordinates":[13.32769,52.49514]}},{"type":"Feature","properties":{"id":"badge-u4","kind":"badge","ref":"U4","color":"#F0D722","lineRef":"metro"},"geometry":{"type":"Point","coordinates":[13.34147,52.49057]}},{"type":"Feature","properties":{"id":"badge-u5","kind":"badge","ref":"U5","color":"#7E5330","lineRef":"metro"},"geometry":{"type":"Point","coordinates":[13.52268,52.49839]}},{"type":"Feature","properties":{"id":"badge-u6","kind":"badge","ref":"U6","color":"#8C6DAB","lineRef":"metro"},"geometry":{"type":"Point","coordinates":[13.38775,52.49308]}},{"type":"Feature","properties":{"id":"badge-u7","kind":"badge","ref":"U7","color":"#528DBA","lineRef":"metro"},"geometry":{"type":"Point","coordinates":[13.3896,52.49629]}},{"type":"Feature","properties":{"id":"badge-u8","kind":"badge","ref":"U8","color":"#224F86","lineRef":"metro"},"geometry":{"type":"Point","coordinates":[13.39019,52.54512]}},{"type":"Feature","properties":{"id":"badge-u9","kind":"badge","ref":"U9","color":"#F3791D","lineRef":"metro"},"geometry":{"type":"Point","coordinates":[13.33416,52.5088]}},{"type":"Feature","properties":{"id":"badge-m1","kind":"badge","ref":"M1","color":"#BE1414","lineRef":"tram"},"geometry":{"type":"Point","coordinates":[13.39046,52.51998]}},{"type":"Feature","properties":{"id":"badge-m2","kind":"badge","ref":"M2","color":"#33FF33","lineRef":"tram"},"geometry":{"type":"Point","coordinates":[13.42816,52.54676]}},{"type":"Feature","properties":{"id":"badge-m4","kind":"badge","ref":"M4","color":"#BE1414","lineRef":"tram"},"geometry":{"type":"Point","coordinates":[13.42576,52.53002]}},{"type":"Feature","properties":{"id":"badge-m5","kind":"badge","ref":"M5","color":"#BE1414","lineRef":"tram"},"geometry":{"type":"Point","coordinates":[13.42014,52.52505]}},{"type":"Feature","properties":{"id":"badge-m6","kind":"badge","ref":"M6","color":"#BE1414","lineRef":"tram"},"geometry":{"type":"Point","coordinates":[13.55644,52.54535]}},{"type":"Feature","properties":{"id":"badge-m8","kind":"badge","ref":"M8","color":"#FF6633","lineRef":"tram"},"geometry":{"type":"Point","coordinates":[13.51769,52.52605]}},{"type":"Feature","properties":{"id":"badge-m10","kind":"badge","ref":"M10","color":"#BE1414","lineRef":"tram"},"geometry":{"type":"Point","coordinates":[13.38733,52.53325]}},{"type":"Feature","properties":{"id":"badge-m13","kind":"badge","ref":"M13","color":"#BE1414","lineRef":"tram"},"geometry":{"type":"Point","coordinates":[13.47704,52.53182]}},{"type":"Feature","properties":{"id":"badge-m17","kind":"badge","ref":"M17","color":"#A6422A","lineRef":"tram"},"geometry":{"type":"Point","coordinates":[13.52436,52.47795]}},{"type":"Feature","properties":{"id":"badge-12","kind":"badge","ref":"12","color":"#BE1414","lineRef":"tram"},"geometry":{"type":"Point","coordinates":[13.39412,52.51924]}},{"type":"Feature","properties":{"id":"badge-16","kind":"badge","ref":"16","color":"#006699","lineRef":"tram"},"geometry":{"type":"Point","coordinates":[13.51394,52.53542]}},{"type":"Feature","properties":{"id":"badge-18","kind":"badge","ref":"18","color":"#FF6633","lineRef":"tram"},"geometry":{"type":"Point","coordinates":[13.56403,52.54233]}},{"type":"Feature","properties":{"id":"badge-21","kind":"badge","ref":"21","color":"#996699","lineRef":"tram"},"geometry":{"type":"Point","coordinates":[13.47247,52.5206]}},{"type":"Feature","properties":{"id":"badge-27","kind":"badge","ref":"27","color":"#993333","lineRef":"tram"},"geometry":{"type":"Point","coordinates":[13.52513,52.48126]}},{"type":"Feature","properties":{"id":"badge-37","kind":"badge","ref":"37","color":"#993333","lineRef":"tram"},"geometry":{"type":"Point","coordinates":[13.52183,52.50028]}},{"type":"Feature","properties":{"id":"badge-50","kind":"badge","ref":"50","color":"#BE1414","lineRef":"tram"},"geometry":{"type":"Point","coordinates":[13.42866,52.5784]}},{"type":"Feature","properties":{"id":"badge-60","kind":"badge","ref":"60","color":"#0B9ADA","lineRef":"tram"},"geometry":{"type":"Point","coordinates":[13.56272,52.45651]}},{"type":"Feature","properties":{"id":"badge-61","kind":"badge","ref":"61","color":"#669933","lineRef":"tram"},"geometry":{"type":"Point","coordinates":[13.57703,52.45561]}},{"type":"Feature","properties":{"id":"badge-62","kind":"badge","ref":"62","color":"#006633","lineRef":"tram"},"geometry":{"type":"Point","coordinates":[13.5887,52.41622]}},{"type":"Feature","properties":{"id":"badge-63","kind":"badge","ref":"63","color":"#EE7203","lineRef":"tram"},"geometry":{"type":"Point","coordinates":[13.57627,52.45456]}},{"type":"Feature","properties":{"id":"badge-67","kind":"badge","ref":"67","color":"#009933","lineRef":"tram"},"geometry":{"type":"Point","coordinates":[13.54887,52.45701]}},{"type":"Feature","properties":{"id":"badge-68","kind":"badge","ref":"68","color":"#009933","lineRef":"tram"},"geometry":{"type":"Point","coordinates":[13.58917,52.41092]}},{"type":"Feature","properties":{"id":"badge-s1","kind":"badge","ref":"S1","color":"#D474AE","lineRef":"train"},"geometry":{"type":"Point","coordinates":[13.38531,52.51737]}},{"type":"Feature","properties":{"id":"badge-s2","kind":"badge","ref":"S2","color":"#018A47","lineRef":"train"},"geometry":{"type":"Point","coordinates":[13.39145,52.52258]}},{"type":"Feature","properties":{"id":"badge-s3","kind":"badge","ref":"S3","color":"#055A99","lineRef":"train"},"geometry":{"type":"Point","coordinates":[13.33065,52.50588]}},{"type":"Feature","properties":{"id":"badge-s5","kind":"badge","ref":"S5","color":"#F25721","lineRef":"train"},"geometry":{"type":"Point","coordinates":[13.41511,52.51873]}},{"type":"Feature","properties":{"id":"badge-s7","kind":"badge","ref":"S7","color":"#8070B7","lineRef":"train"},"geometry":{"type":"Point","coordinates":[13.38656,52.52047]}},{"type":"Feature","properties":{"id":"badge-s8","kind":"badge","ref":"S8","color":"#52B447","lineRef":"train"},"geometry":{"type":"Point","coordinates":[13.47017,52.50436]}},{"type":"Feature","properties":{"id":"badge-s9","kind":"badge","ref":"S9","color":"#9A3052","lineRef":"train"},"geometry":{"type":"Point","coordinates":[13.41733,52.51546]}},{"type":"Feature","properties":{"id":"badge-s25","kind":"badge","ref":"S25","color":"#018A47","lineRef":"train"},"geometry":{"type":"Point","coordinates":[13.38552,52.51777]}},{"type":"Feature","properties":{"id":"badge-s26","kind":"badge","ref":"S26","color":"#018A47","lineRef":"train"},"geometry":{"type":"Point","coordinates":[13.38548,52.51982]}},{"type":"Feature","properties":{"id":"badge-s41","kind":"badge","ref":"S41","color":"#9F4C37","lineRef":"train"},"geometry":{"type":"Point","coordinates":[13.46929,52.5039]}},{"type":"Feature","properties":{"id":"badge-s42","kind":"badge","ref":"S42","color":"#C36939","lineRef":"train"},"geometry":{"type":"Point","coordinates":[13.47564,52.51061]}},{"type":"Feature","properties":{"id":"badge-s46","kind":"badge","ref":"S46","color":"#BA8A4D","lineRef":"train"},"geometry":{"type":"Point","coordinates":[13.39624,52.46712]}},{"type":"Feature","properties":{"id":"badge-s47","kind":"badge","ref":"S47","color":"#BA8A4D","lineRef":"train"},"geometry":{"type":"Point","coordinates":[13.45292,52.47096]}},{"type":"Feature","properties":{"id":"badge-s75","kind":"badge","ref":"S75","color":"#8070B7","lineRef":"train"},"geometry":{"type":"Point","coordinates":[13.5355,52.51499]}},{"type":"Feature","properties":{"id":"badge-s85","kind":"badge","ref":"S85","color":"#52B447","lineRef":"train"},"geometry":{"type":"Point","coordinates":[13.51177,52.45383]}},{"type":"Feature","properties":{"id":"hub-0","kind":"hub","name":"Alexanderplatz","subKey":"hub.alexanderplatz","lab":1},"geometry":{"type":"Point","coordinates":[13.4132,52.5219]}},{"type":"Feature","properties":{"id":"hub-1","kind":"hub","name":"Hauptbahnhof","subKey":"hub.hauptbahnhof","lab":1},"geometry":{"type":"Point","coordinates":[13.3694,52.5251]}},{"type":"Feature","properties":{"id":"hub-2","kind":"hub","name":"Friedrichstraße","subKey":"hub.friedrichstrasse","lab":1},"geometry":{"type":"Point","coordinates":[13.3873,52.5202]}},{"type":"Feature","properties":{"id":"hub-3","kind":"hub","name":"Zoologischer Garten","subKey":"hub.zoo","lab":1},"geometry":{"type":"Point","coordinates":[13.332,52.5073]}},{"type":"Feature","properties":{"id":"hub-4","kind":"hub","name":"Ostkreuz","subKey":"hub.ostkreuz","lab":1},"geometry":{"type":"Point","coordinates":[13.4692,52.5031]}},{"type":"Feature","properties":{"id":"hub-5","kind":"hub","name":"Gesundbrunnen","subKey":"hub.gesundbrunnen","lab":1},"geometry":{"type":"Point","coordinates":[13.3885,52.5489]}},{"type":"Feature","properties":{"id":"hub-6","kind":"hub","name":"Südkreuz","subKey":"hub.suedkreuz","lab":1},"geometry":{"type":"Point","coordinates":[13.3653,52.4757]}},{"type":"Feature","properties":{"id":"hub-7","kind":"hub","name":"Potsdamer Platz","subKey":"hub.potsdamer","lab":1},"geometry":{"type":"Point","coordinates":[13.376,52.5096]}},{"type":"Feature","properties":{"id":"hub-8","kind":"hub","name":"Warschauer Straße","subKey":"hub.warschauer","lab":1},"geometry":{"type":"Point","coordinates":[13.449,52.5055]}},{"type":"Feature","properties":{"id":"hub-9","kind":"hub","name":"Nollendorfplatz","subKey":"hub.nollendorf","lab":1},"geometry":{"type":"Point","coordinates":[13.3536,52.4996]}}]}