{"type":"FeatureCollection","features":[{"type":"Feature","properties":{"id":"line-1","kind":"line","lineRef":"metro","ref":"1","color":"#004A85"},"geometry":{"type":"MultiLineString","coordinates":[[[126.84905,37.49528],[126.84269,37.49381],[126.83911,37.49312],[126.82696,37.49293],[126.82513,37.49261],[126.82252,37.49186],[126.82174,37.4915],[126.81621,37.48707],[126.81435,37.48599],[126.80474,37.4828],[126.80277,37.4824],[126.80142,37.48242],[126.7987,37.48274],[126.7917,37.48264],[126.77983,37.48448],[126.77005,37.4858],[126.76026,37.48713],[126.74877,37.48784],[126.73728,37.48854],[126.72579,37.48925],[126.7204,37.48968],[126.71878,37.48975],[126.71758,37.48958],[126.71637,37.48914],[126.7089,37.48434],[126.70608,37.48216],[126.70412,37.48039],[126.70362,37.47944],[126.70347,37.47865],[126.70309,37.47332],[126.70297,37.46969],[126.70266,37.46761],[126.70222,37.46674],[126.70112,37.4657],[126.69993,37.46514],[126.69856,37.46489],[126.68679,37.46441],[126.67814,37.4651],[126.66141,37.46674],[126.64877,37.46674],[126.64644,37.46704],[126.64427,37.46776],[126.6372,37.47134],[126.62954,37.47811],[126.62584,37.48058],[126.62411,37.48119],[126.62302,37.48125],[126.62197,37.4811],[126.61985,37.48049],[126.61896,37.48004],[126.61776,37.47892],[126.61745,37.47842],[126.61702,37.47642]],[[126.849,37.49539],[126.83909,37.49324],[126.82629,37.49303],[126.82454,37.49273],[126.82272,37.49219],[126.82187,37.49175],[126.81644,37.4874],[126.815,37.48652],[126.80469,37.4829],[126.80276,37.48253],[126.80144,37.48255],[126.79826,37.48295],[126.79145,37.48283],[126.78441,37.48399],[126.77421,37.48528],[126.76156,37.48715],[126.75393,37.48774],[126.74399,37.48829],[126.7396,37.48868],[126.73258,37.48901],[126.72293,37.48969],[126.71812,37.48981],[126.7163,37.48922],[126.70811,37.48401],[126.70604,37.48246],[126.70398,37.48044],[126.70348,37.47948],[126.70332,37.47867],[126.70247,37.46767],[126.70169,37.46638],[126.70101,37.46581],[126.69987,37.46526],[126.69856,37.46502],[126.68679,37.46452],[126.6868,37.46452],[126.67412,37.4657],[126.66143,37.46688],[126.66144,37.46688],[126.64879,37.46685],[126.64776,37.46695],[126.64627,37.46726],[126.64495,37.46772],[126.63758,37.47124],[126.63648,37.47204],[126.63359,37.47482],[126.62966,37.47818],[126.62587,37.48061],[126.62479,37.48107],[126.62381,37.48127],[126.62229,37.48121],[126.61943,37.48036],[126.6185,37.4797],[126.6176,37.4788],[126.61724,37.47817],[126.61707,37.47746]],[[126.84961,37.49544],[126.83911,37.49316],[126.82695,37.49298],[126.82563,37.49285],[126.82468,37.49261],[126.82287,37.49208],[126.82171,37.49154],[126.81651,37.48735],[126.8147,37.48624],[126.80472,37.48283],[126.80277,37.48244],[126.80143,37.48246],[126.79871,37.48281],[126.79144,37.48275],[126.78113,37.48433],[126.7707,37.48575],[126.76027,37.48718],[126.74684,37.48803],[126.73341,37.48889],[126.71998,37.48974],[126.71878,37.48978],[126.71757,37.48961],[126.71594,37.48892],[126.70818,37.48393],[126.70614,37.48235],[126.70407,37.48041],[126.70357,37.47945],[126.70342,37.47866],[126.70284,37.46971],[126.7026,37.46763],[126.70179,37.46632],[126.70108,37.46575],[126.69991,37.46518],[126.69856,37.46494],[126.68679,37.46444],[126.6741,37.46561],[126.66142,37.46679],[126.64938,37.46677],[126.64773,37.46686],[126.64621,37.46718],[126.64487,37.46761],[126.63754,37.47118],[126.63641,37.47199],[126.63241,37.47568]],[[126.8496,37.49548],[126.8391,37.4932],[126.82695,37.49301],[126.82597,37.49294],[126.82453,37.4926],[126.82246,37.49198],[126.82167,37.49157],[126.81615,37.48712],[126.81468,37.48626],[126.8047,37.48286],[126.80276,37.48248],[126.80143,37.48251],[126.79826,37.48286],[126.79144,37.48279],[126.77853,37.48474],[126.77421,37.48524],[126.76027,37.48721],[126.74684,37.48807],[126.73342,37.48892],[126.71999,37.48978],[126.71813,37.48977],[126.71633,37.48919],[126.71075,37.48567],[126.70794,37.48379],[126.70609,37.48236],[126.70403,37.48043],[126.70353,37.47946],[126.70337,37.47867],[126.70278,37.46971],[126.70253,37.46765],[126.7021,37.4668],[126.70138,37.46602],[126.69989,37.46522],[126.69894,37.46502],[126.68679,37.46448],[126.67411,37.46565],[126.66143,37.46683],[126.64774,37.46689],[126.64572,37.46736],[126.64434,37.46788],[126.63756,37.47121],[126.63645,37.47201],[126.63375,37.47452]],[[126.87899,37.50076],[126.87767,37.49999],[126.87055,37.49668],[126.86584,37.49454],[126.86463,37.49415],[126.86367,37.49401],[126.86216,37.49406],[126.85246,37.49585],[126.85114,37.49583],[126.849,37.49539]],[[126.8708,37.49664],[126.86561,37.49421],[126.86373,37.49377],[126.8627,37.49375],[126.86152,37.49392],[126.85243,37.49575],[126.85117,37.49571],[126.84905,37.49528]],[[126.87205,37.49732],[126.86551,37.49433],[126.86369,37.49391],[126.86156,37.49406],[126.85294,37.49576],[126.85115,37.49579],[126.8496,37.49548]],[[126.8708,37.49664],[126.86556,37.49428],[126.86371,37.49386],[126.86214,37.49392],[126.85244,37.49578],[126.85116,37.49575],[126.84961,37.49544]],[[126.87851,37.49993],[126.87531,37.49873],[126.8708,37.49664]],[[126.87205,37.49732],[126.87529,37.49877],[126.87854,37.50003]],[[126.87876,37.50046],[126.87205,37.49732]],[[126.87956,37.49381],[126.87936,37.49588],[126.87844,37.4989],[126.87851,37.49993]],[[126.87869,37.50002],[126.87851,37.49935],[126.87853,37.49889],[126.87904,37.49732]],[[126.88134,37.50216],[126.87898,37.50017]],[[126.87904,37.49732],[126.87868,37.49887],[126.87875,37.49962],[126.87898,37.50017]],[[126.87899,37.50076],[126.88269,37.50399],[126.88454,37.50512]],[[126.87899,37.50076],[126.88266,37.50402],[126.88454,37.50512]],[[126.87956,37.49381],[126.87949,37.49547],[126.87904,37.49732]],[[126.8846,37.50504],[126.88282,37.50391],[126.87908,37.50066]],[[126.8846,37.50504],[126.88381,37.50465],[126.88279,37.50393],[126.87908,37.50066]],[[126.87912,37.50039],[126.88335,37.5042],[126.88511,37.50524]],[[126.87946,37.49676],[126.87943,37.49753],[126.8796,37.49883],[126.88022,37.50045],[126.88133,37.50193],[126.88406,37.50438],[126.88924,37.50766],[126.89042,37.50829],[126.89749,37.51141],[126.90193,37.51317]],[[126.88439,37.50471],[126.88114,37.50182],[126.87941,37.49993],[126.87903,37.49909],[126.87896,37.49835],[126.87911,37.49761],[126.87946,37.49676]],[[126.89515,37.45294],[126.89145,37.46138],[126.88775,37.46982],[126.88405,37.47826],[126.88035,37.4867],[126.88034,37.4867],[126.88003,37.48836],[126.87951,37.49605]],[[126.92797,37.51335],[126.92673,37.5131],[126.92567,37.51308],[126.92452,37.51324],[126.92357,37.51352],[126.92229,37.51418],[126.9199,37.51595],[126.91859,37.51653],[126.91689,37.51695],[126.91525,37.51701],[126.91187,37.51678],[126.91012,37.51644],[126.90372,37.51373],[126.89751,37.51138],[126.89145,37.50874],[126.88926,37.50762],[126.88472,37.50481],[126.88137,37.50191],[126.88053,37.50086],[126.87998,37.49988],[126.87965,37.49882],[126.87948,37.49752],[126.87953,37.49659]],[[126.88005,37.49024],[126.87979,37.49554],[126.87953,37.49659]],[[126.89463,37.45385],[126.8907,37.46312],[126.88723,37.47098],[126.88376,37.47883],[126.88029,37.48669],[126.87995,37.48836],[126.87956,37.49381]],[[126.8796,37.49576],[126.88009,37.48836],[126.88041,37.48672],[126.88411,37.47828],[126.88781,37.46984],[126.8915,37.4614],[126.8952,37.45296],[126.8952,37.45295]],[[126.8796,37.49576],[126.88005,37.49024]],[[126.88005,37.49024],[126.88021,37.48763],[126.88045,37.48673],[126.884,37.47867],[126.88754,37.47061],[126.89109,37.46255],[126.89464,37.45449]],[[126.88042,37.50151],[126.88319,37.50401],[126.88511,37.50524]],[[126.88439,37.50471],[126.88348,37.5041],[126.88134,37.50216]],[[126.88161,37.50246],[126.88367,37.50431],[126.88429,37.50472]],[[126.88454,37.50512],[126.88855,37.50748]],[[126.88758,37.50679],[126.8846,37.50504]],[[126.8847,37.41699],[126.88755,37.42185],[126.8881,37.42253],[126.89301,37.43159],[126.89793,37.44065],[126.89852,37.4429],[126.89855,37.44378],[126.89824,37.44574]],[[126.89842,37.44538],[126.89866,37.4436],[126.89846,37.44204],[126.89803,37.44065],[126.89389,37.43304],[126.88975,37.42544],[126.88727,37.42032],[126.88479,37.41576]],[[126.90043,37.51265],[126.8904,37.50832],[126.88921,37.5077],[126.88493,37.50504]],[[126.88721,37.5065],[126.89071,37.50861],[126.8988,37.51203]],[[126.8983,37.51187],[126.89069,37.50864],[126.88809,37.50711]],[[126.88855,37.50748],[126.89102,37.50894],[126.89382,37.51014],[126.89963,37.51245],[126.90868,37.51635],[126.91061,37.51689],[126.9158,37.51724],[126.9177,37.5171],[126.91875,37.51683],[126.92013,37.51623],[126.92286,37.51421],[126.92401,37.51368],[126.92535,37.51344],[126.92835,37.51351]],[[126.89824,37.44574],[126.89463,37.45385]],[[126.89464,37.45449],[126.89817,37.44643],[126.90169,37.43837],[126.90219,37.43645],[126.90388,37.42768],[126.90421,37.42682],[126.907,37.42167],[126.91351,37.41349],[126.92002,37.40532],[126.92635,37.39757],[126.92731,37.39661],[126.93147,37.3933],[126.93235,37.39245],[126.93283,37.3918],[126.93672,37.38195],[126.93756,37.3807],[126.94061,37.37765],[126.94164,37.37612],[126.94842,37.36178],[126.9487,37.36039],[126.9485,37.35097],[126.94843,37.33784],[126.94794,37.32472],[126.94847,37.31633],[126.94893,37.31482],[126.95239,37.30937],[126.95381,37.30757],[126.96103,37.30233],[126.96282,37.30147],[126.96368,37.30125],[126.97435,37.29999],[126.97596,37.29953],[126.97766,37.29859],[126.97831,37.298],[126.98741,37.28776],[126.98854,37.28608],[126.99199,37.28]],[[126.89812,37.4461],[126.89559,37.45195]],[[126.89812,37.4461],[126.89559,37.45195]],[[126.89564,37.45197],[126.89832,37.44568]],[[126.89564,37.45197],[126.89699,37.4491],[126.90164,37.43836],[126.90362,37.42849],[126.904,37.42717],[126.90708,37.4214],[126.91404,37.41269],[126.92101,37.40399],[126.92634,37.39754],[126.92721,37.39665],[126.93144,37.39328],[126.93278,37.39178],[126.93641,37.38235],[126.93678,37.38164],[126.93749,37.38065],[126.93989,37.37837],[126.94125,37.37669],[126.94563,37.3677],[126.94837,37.36176],[126.94865,37.36038],[126.94842,37.35046],[126.94836,37.33784],[126.94783,37.32393],[126.94839,37.31632],[126.94889,37.3148],[126.95234,37.30934],[126.9538,37.30751],[126.96099,37.30229],[126.9628,37.30141],[126.96364,37.30119],[126.97433,37.29991],[126.97592,37.29946],[126.97758,37.29854],[126.97824,37.29797],[126.98732,37.28774],[126.98906,37.28506],[126.99191,37.28]],[[126.91412,37.5171],[126.91061,37.51685],[126.90946,37.51661],[126.8983,37.51187]],[[126.99185,37.28],[126.98836,37.28601],[126.98724,37.2877],[126.97913,37.29688],[126.97755,37.29851],[126.97648,37.29916],[126.97518,37.29968],[126.97431,37.29988],[126.96326,37.30122],[126.96209,37.30162],[126.96098,37.30221],[126.95385,37.30738],[126.95328,37.30792],[126.95278,37.30852],[126.94883,37.31475],[126.94839,37.31584],[126.94833,37.31634],[126.9478,37.32391],[126.94829,37.33619],[126.94836,37.35045],[126.94858,37.36],[126.94851,37.36098],[126.9483,37.36175],[126.94291,37.37329],[126.94095,37.3771],[126.93981,37.37838],[126.93746,37.38063],[126.93674,37.38163],[126.93593,37.38344],[126.9332,37.39074],[126.9327,37.39178],[126.93222,37.39243],[126.93137,37.39325],[126.92723,37.39654],[126.92649,37.3973],[126.91987,37.4053],[126.91345,37.41334],[126.90703,37.42139],[126.90394,37.42716],[126.90356,37.42849],[126.90176,37.43772],[126.90121,37.43923],[126.89832,37.44568]],[[126.99178,37.28],[126.98892,37.28495],[126.98763,37.28704],[126.9869,37.28799],[126.97812,37.29792],[126.97748,37.29846],[126.97642,37.2991],[126.97516,37.29961],[126.97352,37.29991],[126.96372,37.30107],[126.96259,37.30137],[126.96155,37.30181],[126.9538,37.30734],[126.95325,37.30788],[126.95275,37.30848],[126.94878,37.31471],[126.9484,37.31553],[126.94823,37.31635],[126.94772,37.32392],[126.948,37.33189],[126.94828,37.33986],[126.94828,37.33985],[126.94826,37.35215],[126.94852,37.35997],[126.94824,37.36173],[126.94286,37.37329],[126.94091,37.37709],[126.93978,37.37836],[126.93744,37.38056],[126.93625,37.3823],[126.93313,37.39073],[126.93258,37.39173],[126.93132,37.3932],[126.92706,37.39664],[126.92376,37.40035],[126.91354,37.41322],[126.90711,37.42111],[126.90387,37.42715],[126.9036,37.42801],[126.90149,37.43835],[126.89842,37.44538]],[[126.89982,37.51244],[126.90952,37.5165],[126.91063,37.51679],[126.91337,37.517]],[[126.91288,37.51693],[126.91005,37.51664],[126.90076,37.51279]],[[126.90193,37.51317],[126.90729,37.51545],[126.91064,37.51665],[126.9158,37.51706],[126.91742,37.51689],[126.9195,37.5162],[126.9206,37.51555],[126.92267,37.514],[126.92408,37.5134],[126.92588,37.51313],[126.92683,37.51315],[126.92773,37.51334]],[[126.92773,37.51334],[126.9254,37.51329],[126.92366,37.51368],[126.92245,37.51432],[126.9204,37.51586],[126.91956,37.5163],[126.9182,37.5168],[126.9169,37.51706],[126.9158,37.5171],[126.91288,37.51693]],[[126.91364,37.51702],[126.91648,37.51713],[126.91821,37.51683],[126.92044,37.51588],[126.92249,37.51435],[126.92368,37.51371],[126.92541,37.51332],[126.92785,37.51337]],[[126.9282,37.51347],[126.92504,37.51343],[126.9237,37.51375],[126.92284,37.51419],[126.92011,37.5162],[126.91826,37.51695],[126.91645,37.5172],[126.91412,37.5171]],[[126.96346,37.5286],[126.95795,37.52488],[126.95546,37.52257],[126.95129,37.51829],[126.94803,37.51532],[126.9472,37.51485],[126.94508,37.51434],[126.94107,37.51388],[126.93729,37.51363],[126.92797,37.51335]],[[126.9281,37.51339],[126.93796,37.5137],[126.94499,37.5144],[126.94671,37.51482],[126.94778,37.51546],[126.95791,37.5249],[126.96492,37.52974]],[[126.92835,37.51351],[126.93265,37.51447],[126.93381,37.51448],[126.93681,37.51392],[126.93793,37.5139],[126.94432,37.51465],[126.94614,37.51514],[126.9478,37.51638],[126.95693,37.52438],[126.95998,37.52657],[126.96275,37.52901],[126.96962,37.53402],[126.97023,37.53468],[126.97062,37.53535],[126.97088,37.53617],[126.97104,37.5373],[126.97117,37.54943]],[[127.06444,37.61794],[127.06716,37.61185],[127.06766,37.6098],[127.06782,37.60375],[127.06765,37.60258],[127.06721,37.6014],[127.06583,37.59916],[127.06027,37.59131],[127.05895,37.59025],[127.05489,37.58807],[127.05345,37.58708],[127.05235,37.58603],[127.04983,37.58316],[127.04823,37.58162],[127.04722,37.58095],[127.04536,37.58013],[127.03905,37.57816],[127.03737,37.57797],[127.03429,37.57835],[127.03134,37.5779],[127.024,37.57583],[127.01759,37.57352],[127.01256,37.5721],[127.00857,37.57116],[127.00118,37.57093],[126.99511,37.57052],[126.98766,37.5702],[126.97972,37.57009],[126.97825,37.57022],[126.97738,37.56993],[126.97701,37.5696],[126.9768,37.56911],[126.97725,37.56716],[126.97715,37.56478],[126.977,37.56424],[126.97585,37.56138],[126.97289,37.55749],[126.97237,37.55586],[126.97204,37.55291],[126.97136,37.54972],[126.97141,37.53957],[126.97131,37.53782],[126.97093,37.53536],[126.97063,37.53464],[126.9701,37.5339],[126.96794,37.53206],[126.96253,37.52813],[126.95787,37.52493],[126.94812,37.51616],[126.94665,37.51512],[126.94567,37.51474],[126.94451,37.51448],[126.93795,37.51378],[126.92842,37.51348]],[[126.92858,37.51352],[126.93794,37.51382],[126.9445,37.51452],[126.94565,37.51477],[126.9466,37.51515],[126.94808,37.51618],[126.95783,37.52495],[126.9625,37.52815],[126.96729,37.53164],[126.96996,37.53382],[126.97057,37.53465],[126.97087,37.53534],[126.97118,37.53711],[126.97128,37.53884],[126.97132,37.5497],[126.97173,37.55173],[126.97219,37.55582],[126.97281,37.55752],[126.97571,37.56133],[126.97666,37.56355],[126.97708,37.56478],[126.97716,37.56708],[126.97666,37.56911],[126.97694,37.5697],[126.97744,37.57008],[126.97824,37.5703],[126.97997,37.57016],[126.98764,37.57022],[127.00122,37.57097],[127.0083,37.57115],[127.01249,37.57212],[127.0176,37.57357],[127.024,37.57587],[127.03093,37.57788],[127.03415,37.57841],[127.03738,37.57806],[127.03912,37.57827],[127.04537,37.58026],[127.04688,37.58094],[127.0479,37.58162],[127.04984,37.58324],[127.05231,37.58606],[127.05374,37.58736],[127.05562,37.58857],[127.05915,37.59051],[127.06023,37.59134],[127.06557,37.59887],[127.06708,37.60122],[127.06758,37.60251],[127.06777,37.60379],[127.0676,37.60984],[127.06716,37.61158],[127.06461,37.61745]],[[126.97117,37.54943],[126.97122,37.53864],[126.97109,37.53679],[126.97065,37.53495],[126.97021,37.53422],[126.96942,37.5334],[126.95697,37.52436],[126.94731,37.51588],[126.94618,37.5151],[126.94433,37.51461],[126.93794,37.51386],[126.9368,37.51387],[126.9338,37.51444],[126.93267,37.51443],[126.92858,37.51352]],[[126.97153,37.5531],[126.97155,37.55174],[126.97123,37.55038],[126.97117,37.54943]],[[127.04442,37.77014],[127.04502,37.77795],[127.04519,37.77889],[127.04567,37.78]],[[127.04652,37.73427],[127.04585,37.74027],[127.04494,37.74673],[127.04422,37.74886],[127.04245,37.7531],[127.04219,37.75468],[127.0424,37.76084],[127.04265,37.76206],[127.04406,37.76663],[127.04442,37.77014]],[[127.04453,37.77085],[127.04415,37.76682],[127.0428,37.76239],[127.04243,37.76075],[127.04224,37.75468],[127.04249,37.7531],[127.04426,37.74887],[127.04507,37.74637],[127.04646,37.73642],[127.04668,37.73342]],[[127.04454,37.771],[127.0449,37.77421]],[[127.04573,37.78],[127.04533,37.77916],[127.0451,37.7781],[127.04454,37.771]],[[127.04615,37.73751],[127.04651,37.73476]],[[127.05967,37.62838],[127.05904,37.62992],[127.05888,37.63066],[127.05879,37.63191],[127.05889,37.63411],[127.05846,37.63595],[127.05761,37.63726],[127.05387,37.6405],[127.05234,37.64243],[127.04887,37.65051],[127.04539,37.6586],[127.04483,37.66077],[127.04412,37.66946],[127.04412,37.67054],[127.04635,37.68432],[127.04559,37.69643],[127.04763,37.7066],[127.04773,37.70752],[127.04765,37.70878],[127.04638,37.71591],[127.04639,37.71753],[127.04714,37.72283],[127.04733,37.726],[127.04712,37.72955],[127.04652,37.73427]],[[127.04668,37.73342],[127.04751,37.7259],[127.04724,37.72308],[127.04646,37.71772],[127.04644,37.71584],[127.04771,37.70875],[127.04777,37.70741],[127.04579,37.69746],[127.04562,37.69619],[127.0464,37.68493],[127.04627,37.68329],[127.04458,37.67346],[127.04417,37.67045],[127.04488,37.66091],[127.04545,37.6586],[127.04888,37.65059],[127.05231,37.64258],[127.05369,37.64075],[127.05715,37.63779],[127.05806,37.63679],[127.05846,37.63607],[127.05894,37.63427],[127.05884,37.6319],[127.05894,37.63057],[127.05928,37.62942],[127.06004,37.62769]],[[127.06298,37.62091],[127.05967,37.62838]],[[127.06009,37.62759],[127.063,37.62111]],[[127.06009,37.62759],[127.06114,37.62557],[127.06331,37.62065],[127.06385,37.61915]],[[127.06461,37.61745],[127.06298,37.62091]],[[127.063,37.62111],[127.06385,37.61915]]]}},{"type":"Feature","properties":{"id":"badge-1","kind":"badge","ref":"1","lineRef":"metro","color":"#004A85"},"geometry":{"type":"Point","coordinates":[126.72337,37.48944]}},{"type":"Feature","properties":{"id":"line-2","kind":"line","lineRef":"metro","ref":"2","color":"#00A23F"},"geometry":{"type":"MultiLineString","coordinates":[[[126.8467,37.53137],[126.85135,37.52336]],[[126.85135,37.52336],[126.85301,37.52002],[126.85555,37.5142],[126.85625,37.51167],[126.85687,37.511],[126.85743,37.51071],[126.85926,37.51045],[126.86145,37.51085],[126.86747,37.5128],[126.86974,37.51402],[126.87243,37.51496],[126.87487,37.51603],[126.87612,37.51635],[126.87738,37.51636],[126.87913,37.51604],[126.88077,37.5154],[126.88364,37.51397]],[[126.88364,37.51397],[126.88045,37.51558],[126.87914,37.51607],[126.87738,37.51639],[126.87611,37.51637],[126.87484,37.51605],[126.87266,37.5151],[126.86973,37.51405],[126.86797,37.51304],[126.86537,37.51212],[126.86021,37.51063],[126.85894,37.51052],[126.85778,37.51069],[126.85692,37.51109],[126.85636,37.5117],[126.85588,37.51354],[126.85515,37.51531],[126.85216,37.52193],[126.85135,37.52336]],[[126.89049,37.50998],[126.88891,37.51193],[126.88733,37.51251],[126.88555,37.51295],[126.88364,37.51397]],[[127.0513,37.54604],[127.04584,37.54781],[127.04525,37.54817],[127.04482,37.54866],[127.04451,37.54933],[127.04441,37.54992],[127.04426,37.55222],[127.04314,37.55976],[127.04282,37.5603],[127.0422,37.56079],[127.04155,37.56109],[127.04076,37.56125],[127.03563,37.56125],[127.03323,37.56268],[127.02921,37.56443],[127.02743,37.56489],[127.02434,37.56507],[127.02099,37.56562],[127.01865,37.5656],[127.01203,37.56491],[127.01131,37.56496],[127.00771,37.56603],[127.0042,37.5667],[127.00275,37.56683],[126.99268,37.56641],[126.98261,37.56598],[126.97849,37.56595],[126.97771,37.56562],[126.97643,37.56402],[126.9736,37.56298],[126.9674,37.56151],[126.96684,37.56129],[126.96127,37.55791],[126.95987,37.5574],[126.95861,37.5573],[126.95613,37.55745],[126.94196,37.5566],[126.94099,37.55645],[126.93691,37.55518],[126.92729,37.5586],[126.92633,37.55869],[126.92588,37.55848],[126.91344,37.54916],[126.91256,37.54794],[126.91154,37.54534],[126.91109,37.54469],[126.90341,37.53584],[126.8977,37.52861],[126.89713,37.52779],[126.89435,37.51631],[126.89373,37.51536],[126.89026,37.51267],[126.88977,37.51202],[126.88966,37.51157],[126.88973,37.51109],[126.89049,37.50998]],[[126.89049,37.50998],[126.89257,37.50679],[126.89286,37.50603],[126.89291,37.50522],[126.89245,37.50168],[126.89259,37.50045],[126.89348,37.49815],[126.89373,37.4967],[126.89403,37.49576],[126.89653,37.48913],[126.89681,37.48852],[126.89762,37.48753],[126.899,37.48655],[126.90095,37.48547],[126.90272,37.48501],[126.90557,37.48493],[126.90653,37.48508],[126.91076,37.48633],[126.9123,37.48695],[126.91635,37.48935],[126.91784,37.48969],[126.91939,37.48965],[126.92116,37.48902],[126.92208,37.48828],[126.92513,37.48508],[126.92567,37.48462],[126.92636,37.48431],[126.92737,37.48406],[126.92864,37.48408],[126.93419,37.48481],[126.93594,37.48475],[126.94165,37.48242],[126.95275,37.48119],[126.96745,37.47552],[126.9696,37.47524],[126.97054,37.47534],[126.97436,37.47623],[126.97665,37.47654],[126.97934,37.47664],[126.98359,37.47647],[126.98505,37.47657],[126.98551,37.47669],[126.99002,37.47893],[126.99114,37.47935],[126.99788,37.4815],[126.9998,37.48167],[127.00218,37.48226],[127.00298,37.4827],[127.00363,37.48374],[127.00384,37.48435],[127.00481,37.49016],[127.00507,37.49066],[127.00571,37.49117],[127.01765,37.49484],[127.02959,37.4985],[127.04154,37.50217],[127.05348,37.50583],[127.06542,37.5095],[127.06703,37.50994],[127.07847,37.51177],[127.08878,37.51149],[127.09559,37.51213],[127.1001,37.51319],[127.10278,37.51409],[127.1041,37.51523],[127.10466,37.51598],[127.10499,37.51682],[127.10509,37.51791],[127.10491,37.51872],[127.10436,37.51979],[127.10146,37.52468],[127.09402,37.53628],[127.09351,37.53691],[127.09251,37.53758],[127.09104,37.53804],[127.08972,37.53802],[127.0841,37.53667],[127.08276,37.53673],[127.07305,37.53916],[127.06391,37.54224],[127.0513,37.54604]],[[126.8909,37.50951],[126.8899,37.51086],[126.88971,37.51155],[126.88981,37.51199],[126.89028,37.51257],[126.89377,37.51532],[126.89441,37.5163],[126.89729,37.52796],[126.90346,37.53581],[126.91116,37.54467],[126.91159,37.54531],[126.91238,37.54749],[126.91348,37.54913],[126.92594,37.55844],[126.92636,37.55864],[126.92726,37.55855],[126.93691,37.55513],[126.941,37.5564],[126.94196,37.55655],[126.95613,37.5574],[126.95861,37.55725],[126.95988,37.55735],[126.96131,37.55787],[126.96686,37.56125],[126.97362,37.56294],[126.97628,37.56388],[126.97672,37.56421],[126.97775,37.56558],[126.9785,37.5659],[126.9826,37.56592],[126.99268,37.56636],[127.00275,37.56679],[127.00419,37.56666],[127.0077,37.56598],[127.01131,37.56493],[127.01269,37.56494],[127.01866,37.56557],[127.02098,37.56558],[127.02433,37.56504],[127.02742,37.56486],[127.0292,37.56439],[127.03322,37.56265],[127.03563,37.56123],[127.04075,37.56123],[127.04154,37.56107],[127.04219,37.56077],[127.0428,37.56029],[127.04311,37.55976],[127.04422,37.55222],[127.04438,37.54992],[127.04448,37.54932],[127.04479,37.54865],[127.04537,37.54804],[127.04627,37.5476],[127.0514,37.54597]],[[126.8909,37.50951],[126.89236,37.50732],[126.89284,37.50629],[126.89297,37.50548],[126.89252,37.50193],[126.89261,37.50058],[126.89352,37.49816],[126.89388,37.49633],[126.89657,37.48913],[126.89707,37.48822],[126.89766,37.48755],[126.89901,37.48659],[126.90097,37.4855],[126.90272,37.48505],[126.90508,37.48497],[126.90651,37.48512],[126.91076,37.48638],[126.91228,37.48699],[126.91645,37.48945],[126.91784,37.48974],[126.9194,37.48969],[126.9207,37.48929],[126.92165,37.48871],[126.92545,37.48486],[126.92604,37.48448],[126.92668,37.48427],[126.92739,37.4841],[126.92863,37.48411],[126.93419,37.48484],[126.93595,37.48478],[126.94166,37.48245],[126.95275,37.48122],[126.96747,37.47556],[126.96959,37.47528],[126.97053,37.47538],[126.97435,37.47627],[126.97665,37.47659],[126.97934,37.47668],[126.98358,37.47651],[126.98505,37.47661],[126.98549,37.47672],[126.98958,37.47878],[126.99092,37.47932],[126.99787,37.48154],[126.99977,37.48172],[127.00217,37.48231],[127.00294,37.48273],[127.00357,37.48376],[127.00379,37.48437],[127.0048,37.49034],[127.00503,37.49069],[127.00568,37.4912],[127.01605,37.49438],[127.02642,37.49756],[127.0368,37.50074],[127.04717,37.50392],[127.05754,37.5071],[127.06419,37.50925],[127.06702,37.50999],[127.07846,37.51181],[127.08878,37.51153],[127.09559,37.51219],[127.10008,37.51323],[127.10272,37.51413],[127.10406,37.51525],[127.10461,37.516],[127.10494,37.51683],[127.10504,37.51791],[127.10485,37.5187],[127.10432,37.51978],[127.10189,37.52393],[127.09418,37.53596],[127.09366,37.5367],[127.09295,37.5373],[127.0916,37.5379],[127.09042,37.53804],[127.08929,37.53791],[127.0841,37.53664],[127.08274,37.5367],[127.07304,37.53913],[127.06389,37.54221],[127.0514,37.54597]],[[127.05509,37.54497],[127.05171,37.54602],[127.05116,37.54645],[127.0509,37.5469],[127.05089,37.54756],[127.05328,37.55378],[127.05302,37.55752],[127.05283,37.55813],[127.05022,37.56349],[127.04846,37.56671],[127.0482,37.56783],[127.0478,37.5688],[127.04671,37.57023],[127.0453,37.57112],[127.03962,37.57367],[127.03811,37.57409],[127.02711,37.57394],[127.02653,37.57405],[127.02443,37.57499]],[[127.02633,37.5741],[127.02711,37.5739],[127.03808,37.57404],[127.0396,37.57364],[127.04528,37.57109],[127.04667,37.57021],[127.04776,37.56877],[127.04815,37.56783],[127.04841,37.56667],[127.05019,37.56347],[127.05296,37.55757],[127.05326,37.55405],[127.05269,37.55225],[127.05082,37.54754],[127.05081,37.5467],[127.0513,37.54604]],[[127.0514,37.54597],[127.05711,37.54418]]]}},{"type":"Feature","properties":{"id":"badge-2","kind":"badge","ref":"2","lineRef":"metro","color":"#00A23F"},"geometry":{"type":"Point","coordinates":[127.01815,37.49499]}},{"type":"Feature","properties":{"id":"line-3","kind":"line","lineRef":"metro","ref":"3","color":"#ED6C00"},"geometry":{"type":"MultiLineString","coordinates":[[[126.74746,37.67615],[126.76321,37.66926],[126.76578,37.66768],[126.76746,37.66617],[126.77232,37.66115],[126.7785,37.65072],[126.77958,37.64943],[126.78929,37.64209],[126.79901,37.63476],[126.80208,37.63334],[126.80356,37.63285],[126.80539,37.63243],[126.8149,37.63114],[126.8162,37.63109],[126.81784,37.63136],[126.81904,37.63184],[126.82252,37.63455],[126.82327,37.63491],[126.82516,37.63543],[126.83533,37.63427],[126.83671,37.63442],[126.83735,37.6348],[126.83781,37.63525],[126.8383,37.63604],[126.83986,37.6398],[126.8404,37.64198],[126.84084,37.64899],[126.8411,37.65009],[126.84434,37.65525],[126.84546,37.6561],[126.84679,37.65642],[126.84754,37.65641],[126.85068,37.65581],[126.85795,37.6541],[126.86183,37.65337],[126.87777,37.64955],[126.87869,37.6496],[126.88698,37.65185],[126.89424,37.65344],[126.89665,37.65272],[126.90147,37.65102],[126.90862,37.64898],[126.91073,37.64851],[126.91683,37.64768],[126.91736,37.64757],[126.91816,37.64714],[126.91869,37.64649],[126.91881,37.64594],[126.91842,37.64304],[126.91842,37.64195],[126.91934,37.62874],[126.92005,37.62597],[126.91977,37.62219],[126.92013,37.62046],[126.92192,37.61816],[126.92294,37.61712],[126.92418,37.61608],[126.92636,37.61454],[126.93374,37.60616],[126.93464,37.60489],[126.93523,37.60179],[126.93633,37.59977],[126.94071,37.59449],[126.94096,37.59374],[126.94111,37.59208],[126.94145,37.59135],[126.94265,37.58995],[126.94577,37.58733],[126.94944,37.58376],[126.95085,37.58123],[126.95235,37.58],[126.95465,37.57771],[126.95626,37.57588],[126.95987,37.57269],[126.96046,37.5725],[126.96183,37.57246],[126.96293,37.57264],[126.96548,37.57387],[126.96706,37.57435],[126.96866,37.57552],[126.96976,37.57603],[126.97198,37.57597],[126.97646,37.57554],[126.9829,37.57561],[126.98382,37.57581],[126.98746,37.57733],[126.98875,37.57744],[126.98968,37.5772],[126.98992,37.57706],[126.9904,37.57627],[126.9922,37.57041],[126.99304,37.56259],[126.99334,37.56194],[126.99372,37.56152],[126.99499,37.56054],[126.99615,37.56018],[127.0022,37.55906],[127.00375,37.55893],[127.00577,37.55902],[127.00683,37.55879],[127.00802,37.55808],[127.0087,37.55746],[127.01055,37.55483],[127.01547,37.54875],[127.01647,37.54652],[127.01685,37.54302],[127.0174,37.54156],[127.02487,37.53074],[127.02561,37.52983],[127.02805,37.52766],[127.02842,37.52705],[127.02851,37.52658],[127.02801,37.51992],[127.02759,37.51948],[127.02526,37.51848],[127.01963,37.51617],[127.01606,37.51498],[127.0133,37.51381],[127.00563,37.51009],[127.00505,37.50973],[127.00439,37.50904],[127.00412,37.50854],[127.00399,37.50714],[127.00406,37.5067],[127.00643,37.50179],[127.00699,37.50122],[127.00795,37.50061],[127.01142,37.49931],[127.01205,37.49885],[127.01254,37.49828],[127.01275,37.49785],[127.01345,37.49463],[127.01475,37.48763],[127.01728,37.48341],[127.018,37.48275],[127.01873,37.48252],[127.01941,37.48249],[127.03203,37.48426],[127.04466,37.48603],[127.0454,37.48628],[127.05431,37.49036],[127.06322,37.49445],[127.06991,37.49648],[127.07305,37.49719],[127.07388,37.49725],[127.07548,37.49706],[127.07681,37.49671],[127.0779,37.49618],[127.07846,37.49564],[127.07951,37.49365],[127.0827,37.48666],[127.08324,37.48483],[127.08374,37.48409],[127.08418,37.48377],[127.08592,37.48322],[127.08814,37.48295],[127.08981,37.48299],[127.09521,37.48362],[127.09597,37.48395],[127.09804,37.48589],[127.09929,37.48663],[127.10913,37.48963],[127.11897,37.49262],[127.12337,37.49494],[127.12476,37.49632],[127.12657,37.50008],[127.12835,37.50214]],[[127.12831,37.50218],[127.12694,37.50073],[127.12649,37.50008],[127.1247,37.49634],[127.12378,37.49535],[127.12265,37.49461],[127.11894,37.49266],[127.10911,37.4897],[127.09928,37.48674],[127.09734,37.48552],[127.09569,37.48391],[127.09467,37.48366],[127.08991,37.48311],[127.08813,37.48305],[127.08595,37.48326],[127.08497,37.48349],[127.08404,37.48392],[127.08378,37.48412],[127.08319,37.48505],[127.08279,37.48666],[127.08247,37.48744],[127.07894,37.49502],[127.07852,37.49567],[127.07795,37.49623],[127.07684,37.49675],[127.07468,37.49726],[127.07388,37.4973],[127.07303,37.49724],[127.06989,37.49653],[127.06318,37.4945],[127.05397,37.49031],[127.04476,37.48612],[127.03208,37.48432],[127.0194,37.48252],[127.01874,37.48255],[127.01801,37.48278],[127.01731,37.48343],[127.01478,37.48764],[127.01388,37.49288],[127.01261,37.49829],[127.01163,37.4993],[127.0078,37.50081],[127.007,37.50137],[127.00621,37.50244],[127.00409,37.50671],[127.00403,37.50714],[127.00405,37.50799],[127.00442,37.50902],[127.00508,37.50971],[127.00565,37.51006],[127.01332,37.51378],[127.01607,37.51495],[127.01964,37.51614],[127.02528,37.51845],[127.02761,37.51945],[127.02805,37.51991],[127.02855,37.52658],[127.02846,37.52706],[127.02808,37.52768],[127.02536,37.53016],[127.01747,37.54153],[127.01691,37.54303],[127.01657,37.54653],[127.01553,37.54881],[127.01061,37.55489],[127.00896,37.55724],[127.00806,37.55812],[127.00686,37.55884],[127.00614,37.55904],[127.00319,37.55901],[126.99619,37.56025],[126.99484,37.56081],[126.99355,37.56197],[126.99315,37.56274],[126.99228,37.57042],[126.99052,37.57627],[126.99005,37.57707],[126.98983,37.57722],[126.98891,37.57751],[126.98743,37.5774],[126.98543,37.5765],[126.98312,37.57571],[126.98069,37.57573],[126.97731,37.57556],[126.972,37.57602],[126.96976,37.57608],[126.96938,37.57601],[126.9686,37.57556],[126.96742,37.57462],[126.96574,37.57407],[126.96289,37.57277],[126.96231,37.57258],[126.96047,37.57255],[126.95991,37.57272],[126.95634,37.5759],[126.95472,37.57776],[126.9524,37.58004],[126.95109,37.58111],[126.95078,37.58145],[126.94951,37.58379],[126.94583,37.58739],[126.94271,37.59],[126.94153,37.59138],[126.94119,37.5921],[126.94103,37.59374],[126.94078,37.59453],[126.9364,37.59979],[126.93532,37.60181],[126.93472,37.60491],[126.93411,37.60579],[126.92642,37.61459],[126.92424,37.61612],[126.92301,37.61716],[126.92138,37.6189],[126.92018,37.62049],[126.91982,37.6222],[126.92011,37.62598],[126.9194,37.62875],[126.91846,37.64196],[126.91847,37.64304],[126.91886,37.64594],[126.91872,37.6465],[126.91819,37.64716],[126.91736,37.6476],[126.91676,37.64773],[126.90932,37.64882],[126.90148,37.65106],[126.89666,37.65277],[126.89424,37.65349],[126.88828,37.65224],[126.87867,37.64966],[126.87777,37.64962],[126.86537,37.65249],[126.86183,37.65343],[126.85797,37.65415],[126.8507,37.65586],[126.84754,37.65645],[126.84679,37.65647],[126.84543,37.65613],[126.8443,37.65527],[126.84106,37.6501],[126.8408,37.64899],[126.84034,37.642],[126.8398,37.63982],[126.83823,37.63606],[126.83775,37.63528],[126.83668,37.63447],[126.83534,37.63432],[126.82564,37.6355],[126.82515,37.63548],[126.82325,37.63495],[126.82249,37.63459],[126.81901,37.63187],[126.81782,37.63139],[126.81619,37.63113],[126.8149,37.63118],[126.8054,37.63248],[126.8021,37.63338],[126.79904,37.63479],[126.78933,37.64213],[126.77963,37.64946],[126.77881,37.6504],[126.778,37.65166],[126.77238,37.66118],[126.76751,37.6662],[126.7659,37.66767],[126.76325,37.6693],[126.74748,37.6762]]]}},{"type":"Feature","properties":{"id":"badge-3","kind":"badge","ref":"3","lineRef":"metro","color":"#ED6C00"},"geometry":{"type":"Point","coordinates":[126.95842,37.57397]}},{"type":"Feature","properties":{"id":"line-4","kind":"line","lineRef":"metro","ref":"4","color":"#009BCE"},"geometry":{"type":"MultiLineString","coordinates":[[[126.73828,37.36109],[126.73689,37.3581],[126.7367,37.35742],[126.73666,37.35649],[126.73683,37.35562],[126.73731,37.35465],[126.73784,37.35401],[126.73879,37.35324],[126.74022,37.35261],[126.75335,37.3488],[126.75478,37.34826],[126.75568,37.3477],[126.75665,37.34682],[126.75988,37.34202],[126.7613,37.34074],[126.77686,37.33244],[126.79201,37.32562]],[[126.79194,37.32561],[126.7766,37.33253],[126.76185,37.34035],[126.76115,37.34078],[126.76004,37.34175],[126.75659,37.34679],[126.75566,37.34766],[126.75482,37.34818],[126.75335,37.34877],[126.74004,37.35262],[126.73869,37.35326],[126.73776,37.35403],[126.73714,37.35483],[126.73671,37.35582],[126.73659,37.35668],[126.73674,37.35785],[126.73872,37.3628]],[[126.79194,37.32561],[126.78789,37.32732]],[[126.78913,37.32703],[126.79201,37.32562]],[[126.79194,37.32561],[126.79578,37.32398],[126.80055,37.32301],[126.80191,37.32253],[126.81162,37.31808],[126.81358,37.31748],[126.81536,37.31725],[126.82517,37.31673],[126.83499,37.3162],[126.8448,37.31568],[126.84723,37.31518],[126.84853,37.31455],[126.8498,37.31356],[126.85838,37.30492],[126.85997,37.30387],[126.86148,37.30333],[126.86314,37.30306],[126.87266,37.30239],[126.88188,37.30288],[126.8837,37.30311],[126.89699,37.30669],[126.89918,37.30763],[126.90026,37.30835],[126.90074,37.30883],[126.90637,37.31549],[126.91199,37.32214],[126.91762,37.3288],[126.9215,37.33359],[126.92224,37.33542],[126.9237,37.34399],[126.92403,37.34541],[126.9264,37.35302],[126.92686,37.3539],[126.9278,37.35498],[126.92882,37.35572],[126.93533,37.35924]],[[126.9353,37.35927],[126.92878,37.35574],[126.92777,37.35502],[126.92705,37.35424],[126.92637,37.35303],[126.92398,37.34541],[126.92355,37.34344],[126.92233,37.33613],[126.92208,37.33497],[126.92173,37.33409],[126.92092,37.33284],[126.91758,37.32882],[126.91195,37.32216],[126.90632,37.31551],[126.90069,37.30885],[126.90022,37.30838],[126.89916,37.30767],[126.89697,37.30673],[126.88369,37.30316],[126.88189,37.30292],[126.87266,37.30242],[126.86316,37.3031],[126.86149,37.30336],[126.86001,37.30389],[126.85842,37.30494],[126.84984,37.31358],[126.84856,37.31458],[126.84725,37.31521],[126.84628,37.3155],[126.8448,37.31571],[126.83499,37.31624],[126.82517,37.31676],[126.81536,37.31729],[126.81357,37.31752],[126.81163,37.31812],[126.80126,37.32282],[126.79976,37.32323],[126.7958,37.32402],[126.79201,37.32562]],[[126.9353,37.35927],[126.933,37.35816]],[[126.93316,37.35796],[126.93533,37.35924]],[[126.9353,37.35927],[126.94462,37.36427],[126.94534,37.36491],[126.94581,37.36589],[126.94574,37.36689],[126.94122,37.37633],[126.9404,37.37754],[126.9393,37.37876],[126.93888,37.37952],[126.9387,37.38035],[126.93879,37.38133],[126.93921,37.38243],[126.93963,37.38298],[126.94036,37.38356],[126.94246,37.38478],[126.94819,37.38901],[126.94818,37.38901],[126.95664,37.39187],[126.9651,37.39474],[126.97356,37.3976],[126.97475,37.39808],[126.97559,37.39867],[126.97652,37.39967],[126.97676,37.40009],[126.97717,37.40317],[126.97831,37.40711],[126.98,37.41417],[126.98136,37.41728],[126.98301,37.41997],[126.98454,37.42177],[126.99059,37.42718],[126.99528,37.43246],[126.99602,37.43285],[126.99756,37.43324],[127.00336,37.43328],[127.0046,37.43362],[127.00557,37.43436],[127.00816,37.438],[127.00839,37.43866],[127.00842,37.43923],[127.00787,37.44379],[127.00753,37.4445],[127.00439,37.44883],[127.0021,37.45178],[126.99999,37.45308],[126.99688,37.45422],[126.99586,37.45482],[126.99502,37.45563],[126.99429,37.45671]],[[126.99429,37.45671],[126.99941,37.45368],[127.00214,37.45183],[127.00277,37.45116],[127.00756,37.44452],[127.00791,37.44383],[127.00853,37.43915],[127.00851,37.43868],[127.00825,37.43794],[127.00724,37.43677],[127.00563,37.43428],[127.00438,37.43346],[127.00329,37.43321],[126.99716,37.43311],[126.99544,37.43247],[126.99062,37.42716],[126.98463,37.42176],[126.98308,37.41994],[126.98112,37.41675],[126.98006,37.41418],[126.97839,37.40711],[126.97725,37.40318],[126.97679,37.40005],[126.97607,37.39893],[126.97569,37.39858],[126.97438,37.39776],[126.97437,37.39776],[126.96565,37.39483],[126.95693,37.3919],[126.94821,37.38897],[126.94251,37.38466],[126.93999,37.38314],[126.93941,37.38221],[126.93912,37.38117],[126.93911,37.38005],[126.93922,37.37971],[126.93946,37.3792],[126.94151,37.37655],[126.94221,37.37539],[126.94497,37.36941],[126.94639,37.36763],[126.94661,37.36701],[126.94659,37.36618],[126.94608,37.36521],[126.94531,37.36459],[126.93533,37.35924]],[[127.20316,37.7212],[127.20365,37.71718],[127.20359,37.71393],[127.20343,37.71321],[127.20266,37.71152],[127.20224,37.711],[127.20142,37.71037],[127.19749,37.70813],[127.19219,37.70566],[127.18506,37.70258],[127.17837,37.69995],[127.16951,37.69629],[127.16681,37.69506],[127.16235,37.69262],[127.1529,37.68658],[127.14344,37.68055],[127.14158,37.67958],[127.12987,37.6741],[127.11817,37.66862],[127.11266,37.6663],[127.11188,37.66612],[127.11087,37.6662],[127.10946,37.66651],[127.1085,37.66689],[127.09989,37.67138],[127.09128,37.67587],[127.08645,37.67875],[127.08495,37.67901],[127.08376,37.6789],[127.08314,37.67871],[127.08196,37.67787],[127.08151,37.67687],[127.08148,37.67598],[127.08178,37.67383],[127.08152,37.67285],[127.07842,37.66948],[127.07615,37.66669],[127.07598,37.66622],[127.07583,37.66392],[127.0755,37.66266],[127.07167,37.65897],[127.07084,37.65858],[127.06865,37.65806],[127.06619,37.65695],[127.0557,37.65461],[127.05216,37.65423],[127.04212,37.65186],[127.04122,37.65168],[127.03764,37.65141],[127.03658,37.65106],[127.03594,37.65054],[127.03198,37.64401],[127.03143,37.64338],[127.02377,37.6362],[127.02324,37.63524],[127.02336,37.63404],[127.02365,37.63286],[127.02675,37.62503],[127.02984,37.6172],[127.03036,37.61116],[127.03028,37.60972],[127.02983,37.6086],[127.02774,37.60635],[127.02557,37.60443],[127.02105,37.59625],[127.01834,37.59384],[127.01677,37.59276],[127.01378,37.59208],[127.01032,37.59031],[127.00621,37.58843],[127.00298,37.58722],[127.0023,37.58676],[127.00144,37.58567],[127.00139,37.58526],[127.00162,37.5838],[127.00195,37.5825],[127.00236,37.57712],[127.00283,37.57644],[127.00447,37.57593],[127.00502,37.57563],[127.0082,37.57228],[127.00942,37.57077],[127.00972,37.57026],[127.00995,37.5694],[127.00979,37.56814],[127.00942,37.56711],[127.00837,37.56547],[127.00733,37.56432],[127.00655,37.56392],[127.00394,37.5635],[126.99362,37.56107],[126.99126,37.56103],[126.98933,37.56115],[126.98253,37.56052],[126.98095,37.55976],[126.97893,37.55908],[126.97739,37.55782],[126.97326,37.55617],[126.97294,37.5558],[126.97269,37.55521],[126.97281,37.55358],[126.97185,37.5493],[126.97183,37.54725],[126.97197,37.54514],[126.97425,37.53667],[126.97426,37.53602],[126.9741,37.53568],[126.97243,37.53386],[126.9668,37.5281],[126.9663,37.52716],[126.96633,37.52633],[126.96697,37.52529],[126.96986,37.5236],[126.97363,37.52266],[126.9818,37.5201],[126.98281,37.51963],[126.98323,37.5189],[126.98331,37.5184],[126.98324,37.51582],[126.9802,37.50423],[126.98031,37.50333],[126.98064,37.50249],[126.98149,37.50142],[126.98261,37.50048],[126.98316,37.49963],[126.98331,37.49903],[126.98321,37.49827],[126.98256,37.49621],[126.98264,37.49013],[126.98234,37.48815],[126.98202,37.48391],[126.98173,37.47525],[126.98204,37.474],[126.98353,37.47109],[126.98432,37.47],[126.98666,37.46796],[126.98776,37.46672],[126.98989,37.46245],[126.9906,37.46127],[126.9917,37.45981],[126.99323,37.4584],[126.99429,37.45671]],[[126.99429,37.45671],[126.99245,37.45796],[126.99041,37.46049],[126.98765,37.4667],[126.98657,37.46799],[126.98473,37.46954],[126.98387,37.47053],[126.98306,37.47181],[126.98197,37.474],[126.98164,37.47526],[126.98166,37.4784],[126.98198,37.48391],[126.98229,37.48816],[126.98259,37.48988],[126.98251,37.4962],[126.98316,37.49828],[126.98325,37.49906],[126.98302,37.49979],[126.98258,37.50043],[126.98146,37.50139],[126.98083,37.50212],[126.98038,37.50296],[126.98015,37.50423],[126.9803,37.50514],[126.98319,37.51581],[126.98326,37.51839],[126.98316,37.51892],[126.98277,37.51959],[126.98177,37.52006],[126.97361,37.52262],[126.97208,37.52306],[126.97029,37.52337],[126.96984,37.52358],[126.96722,37.52503],[126.96679,37.52539],[126.96628,37.52631],[126.96625,37.52717],[126.96673,37.52811],[126.97238,37.53389],[126.97405,37.53573],[126.97418,37.53602],[126.97419,37.53666],[126.97192,37.54514],[126.97177,37.54725],[126.97174,37.5493],[126.97269,37.55358],[126.97262,37.55507],[126.97271,37.5555],[126.97313,37.55617],[126.97736,37.55785],[126.9789,37.55911],[126.98095,37.55981],[126.98251,37.56055],[126.98935,37.56122],[126.99127,37.56107],[126.99365,37.56111],[127.00393,37.56354],[127.00654,37.56395],[127.0074,37.56443],[127.0086,37.56586],[127.00935,37.56711],[127.00968,37.56787],[127.00989,37.56944],[127.00961,37.57039],[127.00914,37.57109],[127.00499,37.5756],[127.00446,37.57588],[127.00293,37.57633],[127.00242,37.57685],[127.00219,37.57771],[127.0019,37.58249],[127.00131,37.58514],[127.00137,37.5857],[127.00226,37.5868],[127.00296,37.58725],[127.01029,37.59035],[127.01376,37.59212],[127.01641,37.59266],[127.01782,37.59345],[127.02101,37.59628],[127.0254,37.60435],[127.02837,37.60704],[127.02979,37.60862],[127.03023,37.60972],[127.03031,37.61114],[127.02979,37.61718],[127.02669,37.62501],[127.02359,37.63284],[127.02331,37.63403],[127.02318,37.63525],[127.02373,37.63622],[127.03139,37.64341],[127.03249,37.6449],[127.03584,37.65055],[127.03683,37.65126],[127.03766,37.65147],[127.04122,37.65172],[127.05215,37.65426],[127.05624,37.65476],[127.06618,37.65698],[127.06863,37.6581],[127.07082,37.65862],[127.07163,37.65899],[127.07546,37.66267],[127.07579,37.66392],[127.07593,37.66622],[127.0761,37.6667],[127.07844,37.66958],[127.08114,37.67239],[127.0815,37.67292],[127.08171,37.674],[127.08111,37.67623],[127.08114,37.67688],[127.08128,37.67738],[127.08171,37.67811],[127.08267,37.67883],[127.08359,37.67913],[127.08459,37.67925],[127.0856,37.67913],[127.08648,37.67883],[127.0913,37.67592],[127.10012,37.67134],[127.10893,37.66676],[127.11097,37.66626],[127.11236,37.66628],[127.11809,37.66867],[127.12982,37.67416],[127.14155,37.67965],[127.14341,37.68062],[127.15286,37.68662],[127.16231,37.69263],[127.16654,37.69498],[127.16965,37.6964],[127.18369,37.70209],[127.19217,37.70571],[127.19739,37.70817],[127.20046,37.70989],[127.20227,37.71122],[127.20274,37.71189],[127.20329,37.71309],[127.20349,37.714],[127.20355,37.71676],[127.20331,37.71887]]]}},{"type":"Feature","properties":{"id":"badge-4","kind":"badge","ref":"4","lineRef":"metro","color":"#009BCE"},"geometry":{"type":"Point","coordinates":[127.02696,37.62448]}},{"type":"Feature","properties":{"id":"line-5","kind":"line","lineRef":"metro","ref":"5","color":"#794698"},"geometry":{"type":"MultiLineString","coordinates":[[[127.13536,37.53489],[127.12269,37.53883],[127.12173,37.53925],[127.11818,37.54167],[127.11756,37.54197],[127.10803,37.54452],[127.10681,37.54445],[127.10508,37.5448],[127.09191,37.54933],[127.09049,37.55041],[127.08935,37.55254],[127.08859,37.55339],[127.08615,37.55455],[127.07228,37.56001],[127.07055,37.56061],[127.05884,37.56238],[127.04974,37.56896],[127.04894,37.56926],[127.04839,37.56924],[127.04736,37.5688],[127.0417,37.56537],[127.03627,37.5613],[127.02998,37.55756],[127.02407,37.55472],[127.02317,37.55441],[127.02138,37.55422],[127.01934,37.55459],[127.01844,37.55503],[127.01767,37.55567],[127.01724,37.55638],[127.01677,37.55786],[127.0163,37.55871],[127.01557,37.55938],[127.01491,37.55979],[127.01217,37.56084],[127.01121,37.56135],[127.0091,37.56321],[127.00791,37.56393],[127.00639,37.56448],[127.00462,37.56474],[127.00025,37.56448],[126.99953,37.5647],[126.99878,37.56514],[126.99824,37.56573],[126.99814,37.56611],[126.99773,37.57001],[126.9974,37.57056],[126.99664,37.57111],[126.99405,37.57206],[126.99265,37.5724],[126.9864,37.57256],[126.98092,37.57159],[126.97455,37.5716],[126.97344,37.57119],[126.96923,37.5683],[126.96667,37.56578],[126.96544,37.56414],[126.96268,37.55986],[126.958,37.55596],[126.95449,37.54902],[126.95332,37.54699],[126.94982,37.54241],[126.94431,37.53836],[126.9331,37.5272],[126.91902,37.51836],[126.91761,37.51768],[126.91661,37.5175],[126.91592,37.51751],[126.91331,37.51796],[126.91259,37.51831],[126.91159,37.5191],[126.9088,37.52179],[126.90759,37.52231],[126.8956,37.52416],[126.88361,37.526],[126.88291,37.52594],[126.8778,37.5243],[126.87632,37.52436],[126.86438,37.52612],[126.85287,37.52455],[126.85231,37.52455],[126.8509,37.52497],[126.8498,37.52618],[126.8465,37.53209],[126.84151,37.54022],[126.84023,37.54187],[126.83703,37.54509],[126.83653,37.54595],[126.83629,37.54703],[126.83634,37.55256],[126.83759,37.55662],[126.83768,37.55757],[126.83753,37.55827],[126.83722,37.55889],[126.83657,37.55966],[126.83584,37.56021],[126.83467,37.5607],[126.83325,37.56089],[126.82908,37.56018],[126.82689,37.56003],[126.82397,37.56029],[126.82001,37.56045],[126.81055,37.56137],[126.80929,37.5611],[126.80659,37.55974],[126.80557,37.55949],[126.80413,37.55964],[126.80336,37.55987],[126.80275,37.56016],[126.8019,37.56083],[126.8013,37.56212],[126.80121,37.56287],[126.80133,37.56326],[126.80493,37.57123],[126.80538,37.57174],[126.80657,37.5724],[126.80751,37.57276],[126.8096,37.57314],[126.81095,37.57382],[126.81154,37.5745],[126.81186,37.57512],[126.81269,37.5774]],[[126.81277,37.57738],[126.81191,37.57506],[126.81099,37.57378],[126.80962,37.5731],[126.80758,37.57271],[126.80654,37.57232],[126.80542,37.57168],[126.80499,37.57122],[126.80127,37.56287],[126.80152,37.5616],[126.80194,37.56085],[126.80277,37.56019],[126.80336,37.5599],[126.80451,37.5596],[126.80556,37.55953],[126.80657,37.55977],[126.80923,37.56115],[126.81055,37.56141],[126.82002,37.5605],[126.8269,37.56007],[126.82905,37.56023],[126.83237,37.56087],[126.83326,37.56094],[126.83469,37.56074],[126.83588,37.56025],[126.83661,37.5597],[126.83728,37.55891],[126.83759,37.55828],[126.83774,37.55756],[126.83765,37.5566],[126.83639,37.55256],[126.83636,37.54703],[126.83666,37.54582],[126.83719,37.54501],[126.84026,37.54189],[126.84154,37.54025],[126.84655,37.53211],[126.84985,37.5262],[126.85092,37.52502],[126.85229,37.5246],[126.85286,37.52459],[126.86428,37.52616],[126.87632,37.52441],[126.8778,37.52435],[126.8829,37.52598],[126.88361,37.52603],[126.89561,37.52419],[126.9076,37.52234],[126.90884,37.52181],[126.91162,37.51913],[126.91266,37.51836],[126.91338,37.51802],[126.91596,37.51757],[126.9168,37.51758],[126.91788,37.51786],[126.92078,37.51951],[126.93306,37.52722],[126.94352,37.53772],[126.94425,37.53838],[126.94977,37.54243],[126.95327,37.547],[126.95443,37.54903],[126.95795,37.55598],[126.96249,37.55982],[126.96661,37.56581],[126.96919,37.56834],[126.97315,37.57107],[126.97454,37.57163],[126.98091,37.57163],[126.9864,37.57261],[126.99268,37.57249],[126.99554,37.57166],[126.99672,37.57113],[126.99737,37.5707],[126.99779,37.57005],[126.9982,37.56613],[126.9983,37.56577],[126.99883,37.56518],[126.99956,37.56475],[127.00048,37.56452],[127.00461,37.5648],[127.00642,37.56452],[127.00771,37.56411],[127.00918,37.56327],[127.01124,37.56145],[127.01206,37.56098],[127.01494,37.55983],[127.01562,37.55942],[127.01636,37.55874],[127.01683,37.55787],[127.0173,37.55639],[127.01772,37.5557],[127.01849,37.55507],[127.01937,37.55463],[127.02137,37.55429],[127.02348,37.55457],[127.02995,37.5576],[127.03623,37.56134],[127.04167,37.56541],[127.04675,37.56849],[127.04838,37.56927],[127.04922,37.56923],[127.04978,37.56899],[127.05741,37.56337],[127.05888,37.56241],[127.07056,37.56066],[127.07231,37.56006],[127.08618,37.55459],[127.08864,37.55343],[127.08942,37.55255],[127.09053,37.55045],[127.09194,37.54938],[127.10511,37.54484],[127.10679,37.5445],[127.10804,37.54458],[127.11759,37.54202],[127.11822,37.54172],[127.11971,37.54062],[127.12205,37.53914],[127.12343,37.53861],[127.13097,37.53635]],[[127.13644,37.5347],[127.13097,37.53635]],[[127.13097,37.53635],[127.13644,37.5347]],[[127.15279,37.49496],[127.14926,37.49282],[127.14428,37.49304],[127.1308,37.5002],[127.12578,37.50354],[127.12483,37.50433],[127.12443,37.50487],[127.12438,37.50576],[127.12461,37.50644],[127.13324,37.51976],[127.13719,37.53046],[127.13789,37.53192],[127.13798,37.53266],[127.13743,37.5337],[127.13637,37.53447],[127.13536,37.53489]],[[127.2237,37.53971],[127.21808,37.54077],[127.21749,37.54078],[127.21639,37.54045],[127.21398,37.53935],[127.21324,37.53917],[127.21241,37.53917],[127.2117,37.53941],[127.20352,37.54342],[127.20281,37.54398],[127.20221,37.54466],[127.20163,37.54568],[127.20133,37.54656],[127.20114,37.54816],[127.2013,37.54907],[127.20172,37.5498],[127.20371,37.55202],[127.20587,37.55478],[127.20607,37.55522],[127.206,37.55598],[127.2056,37.55675],[127.20072,37.56115],[127.19871,37.56332],[127.19789,37.56367],[127.19629,37.56379],[127.19544,37.56373],[127.19028,37.56241],[127.18926,37.56189],[127.1888,37.56149],[127.18817,37.56062],[127.18768,37.56025],[127.18713,37.56006],[127.17427,37.5572],[127.16848,37.55705],[127.1667,37.55689],[127.15188,37.55475],[127.14831,37.55559],[127.14691,37.55556],[127.14594,37.55527],[127.14502,37.55464],[127.14431,37.55353],[127.14315,37.54638],[127.13937,37.53622],[127.13888,37.53548],[127.13817,37.53495],[127.13742,37.53473],[127.13644,37.5347]],[[127.13658,37.53462],[127.13742,37.53404],[127.13785,37.53349],[127.13809,37.53293],[127.13813,37.5321],[127.13726,37.53035],[127.13329,37.51975],[127.12467,37.50642],[127.12443,37.50576],[127.12447,37.50489],[127.12486,37.50436],[127.12581,37.50358],[127.13084,37.50024],[127.14432,37.49309],[127.14925,37.49288],[127.15275,37.49499]],[[127.16264,37.55618],[127.15187,37.55467],[127.1483,37.55551],[127.14724,37.55552],[127.14599,37.55523],[127.14515,37.55467],[127.14456,37.55395],[127.14427,37.55321],[127.14399,37.55081],[127.14321,37.54637],[127.13944,37.5362],[127.13894,37.53545],[127.13822,37.53491],[127.13715,37.53462],[127.13658,37.53462]],[[127.22368,37.53964],[127.21808,37.54067],[127.21747,37.54068],[127.21641,37.54037],[127.214,37.53928],[127.21324,37.53911],[127.21241,37.5391],[127.21163,37.53935],[127.2039,37.54311],[127.20273,37.54394],[127.20215,37.54463],[127.20155,37.54566],[127.20125,37.54655],[127.20106,37.54817],[127.20124,37.54908],[127.20166,37.54982],[127.20388,37.5523],[127.20583,37.55479],[127.206,37.55522],[127.20594,37.55596],[127.20554,37.55674],[127.20063,37.56108],[127.19839,37.5635],[127.19721,37.56373],[127.19549,37.5637],[127.19282,37.56295],[127.19058,37.56249],[127.18928,37.56186],[127.18884,37.56147],[127.18821,37.56061],[127.1877,37.56022],[127.18715,37.56003],[127.17469,37.55718],[127.16925,37.55698],[127.16264,37.55618]],[[127.16264,37.55618],[127.16651,37.55676]]]}},{"type":"Feature","properties":{"id":"badge-5","kind":"badge","ref":"5","lineRef":"metro","color":"#794698"},"geometry":{"type":"Point","coordinates":[126.95387,37.54794]}},{"type":"Feature","properties":{"id":"line-6","kind":"line","lineRef":"metro","ref":"6","color":"#7C4932"},"geometry":{"type":"LineString","coordinates":[[127.10341,37.61279],[127.09731,37.61486],[127.08548,37.6199],[127.08502,37.61996],[127.08225,37.61959],[127.08034,37.61922],[127.07012,37.61587],[127.06471,37.61469],[127.0633,37.61424],[127.06329,37.61424],[127.05367,37.60916],[127.04405,37.60407],[127.04315,37.6035],[127.04178,37.60239],[127.04145,37.60195],[127.03709,37.59342],[127.03631,37.59239],[127.03569,37.58929],[127.03289,37.5865],[127.02744,37.58624],[127.02528,37.58625],[127.02366,37.58649],[127.02243,37.58632],[127.02107,37.58597],[127.01797,37.58482],[127.01579,37.58323],[127.01554,37.58282],[127.01516,37.58121],[127.01515,37.58044],[127.01568,37.57483],[127.01557,37.57313],[127.01617,37.56641],[127.01619,37.56534],[127.01596,37.5641],[127.00993,37.55353],[127.00699,37.54866],[127.00605,37.54799],[127.00393,37.54699],[127.00297,37.54621],[127.00238,37.5455],[127.0018,37.54371],[127.00191,37.54174],[127.00166,37.53869],[127.00142,37.53802],[127.0005,37.53685],[126.99967,37.53604],[126.99818,37.53493],[126.99765,37.53474],[126.98821,37.53414],[126.98653,37.53477],[126.98566,37.53496],[126.97635,37.53462],[126.97561,37.53469],[126.97357,37.5358],[126.96641,37.53802],[126.9614,37.53934],[126.95817,37.54066],[126.95155,37.54369],[126.94025,37.5486],[126.93891,37.54856],[126.93572,37.54751],[126.93412,37.54743],[126.91835,37.54795],[126.91418,37.54879],[126.91368,37.54904],[126.91326,37.54954],[126.91172,37.55425],[126.90341,37.56353],[126.90206,37.56494],[126.90038,37.56613],[126.89974,37.56684],[126.89947,37.56776],[126.89933,37.57015],[126.89955,37.57268],[126.89978,37.57375],[126.90074,37.5755],[126.9115,37.5856],[126.91246,37.58671],[126.91285,37.58741],[126.91548,37.5981],[126.91581,37.59901],[126.91671,37.59959],[126.91893,37.60026],[126.91991,37.60074],[126.92023,37.60107],[126.92339,37.60709],[126.92395,37.60747],[126.9257,37.60828],[126.92821,37.60984],[126.92897,37.6106],[126.93135,37.61202],[126.93291,37.61546],[126.93319,37.61785],[126.93296,37.61862],[126.93144,37.62066],[126.93039,37.62129],[126.92901,37.62153],[126.92692,37.62135],[126.92523,37.62086],[126.92231,37.61916],[126.92053,37.61863],[126.92021,37.61845],[126.91996,37.61811],[126.91797,37.61507],[126.9169,37.61042],[126.91572,37.6086],[126.9154,37.60778],[126.91533,37.60709],[126.91615,37.60075],[126.91387,37.59262],[126.91274,37.58742],[126.9124,37.58673],[126.91148,37.58563],[126.9007,37.57551],[126.89974,37.57376],[126.89951,37.5727],[126.89929,37.57016],[126.89942,37.56776],[126.89969,37.56682],[126.90037,37.56609],[126.90203,37.56492],[126.90337,37.56352],[126.91167,37.55422],[126.91321,37.54953],[126.91363,37.54902],[126.91418,37.54876],[126.91834,37.54791],[126.93413,37.54739],[126.93573,37.54746],[126.93891,37.54852],[126.94024,37.54857],[126.94919,37.5446],[126.95814,37.54063],[126.96135,37.53931],[126.9664,37.53798],[126.97355,37.53575],[126.97564,37.53462],[126.98566,37.53492],[126.98822,37.5341],[126.99768,37.53469],[126.99822,37.53489],[126.99971,37.53601],[127.00055,37.53682],[127.00147,37.53801],[127.0017,37.53868],[127.00206,37.54207],[127.00195,37.54374],[127.00242,37.54532],[127.00362,37.54662],[127.00471,37.54728],[127.00634,37.54802],[127.00714,37.54865],[127.01001,37.55347],[127.01078,37.55502],[127.01601,37.5641],[127.01624,37.56533],[127.01622,37.5664],[127.01565,37.57313],[127.01573,37.57484],[127.01519,37.58042],[127.01521,37.5812],[127.01559,37.58282],[127.01581,37.58319],[127.01733,37.58438],[127.018,37.58478],[127.02108,37.58592],[127.02244,37.58628],[127.02367,37.58644],[127.02528,37.58621],[127.02746,37.5862],[127.03291,37.58647],[127.03586,37.58951],[127.03637,37.59238],[127.03714,37.5934],[127.03902,37.59691],[127.04036,37.59986],[127.04182,37.60236],[127.04409,37.60403],[127.05371,37.60912],[127.06332,37.6142],[127.06473,37.61465],[127.07013,37.61582],[127.08036,37.61917],[127.08502,37.61991],[127.0863,37.61956],[127.09614,37.61517],[127.10341,37.61279]]}},{"type":"Feature","properties":{"id":"badge-6","kind":"badge","ref":"6","lineRef":"metro","color":"#7C4932"},"geometry":{"type":"Point","coordinates":[126.93053,37.62121]}},{"type":"Feature","properties":{"id":"line-7","kind":"line","lineRef":"metro","ref":"7","color":"#6E7E31"},"geometry":{"type":"MultiLineString","coordinates":[[[126.82647,37.49137],[126.82558,37.49171],[126.82102,37.49289],[126.81915,37.49357],[126.81844,37.49399],[126.81699,37.49531],[126.81618,37.49674],[126.81602,37.49764],[126.81637,37.50286],[126.81631,37.50361],[126.8159,37.50459],[126.81521,37.50522],[126.81434,37.50576],[126.81386,37.5059],[126.80723,37.50676],[126.80508,37.50684],[126.80364,37.50672],[126.79299,37.50476],[126.78234,37.50279],[126.78234,37.50278],[126.78032,37.50253],[126.76748,37.50418],[126.75464,37.50583],[126.7511,37.50583],[126.7448,37.50647],[126.7407,37.50657],[126.72872,37.50716],[126.71674,37.50775],[126.70148,37.50878],[126.69549,37.50932],[126.69469,37.50933],[126.69305,37.5091],[126.69134,37.50852],[126.68872,37.50724],[126.68556,37.50633],[126.68361,37.50592],[126.67318,37.5064]],[[126.82649,37.49127],[126.8212,37.49263],[126.81971,37.49316],[126.81826,37.49395],[126.81695,37.49529],[126.81613,37.49673],[126.81597,37.49763],[126.81632,37.50286],[126.81627,37.50361],[126.81586,37.50457],[126.81518,37.5052],[126.81432,37.50573],[126.81385,37.50587],[126.80722,37.50672],[126.80508,37.5068],[126.80365,37.50669],[126.80365,37.50668],[126.793,37.50472],[126.78235,37.50275],[126.78031,37.5025],[126.78032,37.5025],[126.76748,37.50414],[126.75464,37.50579],[126.7511,37.5058],[126.7448,37.50644],[126.74069,37.50653],[126.72774,37.50716],[126.71479,37.50779],[126.70512,37.50849],[126.69546,37.50918],[126.69316,37.50897],[126.692,37.50867],[126.68879,37.50716],[126.68436,37.50596],[126.68264,37.50582],[126.6754,37.50624]],[[126.8232,37.4922],[126.82574,37.49154]],[[127.05165,37.69857],[127.0497,37.6956],[127.04918,37.69522],[127.04721,37.69424],[127.04643,37.69346],[127.04623,37.69307],[127.04612,37.69239],[127.04626,37.69034],[127.04643,37.68949],[127.04679,37.68871],[127.04755,37.68787],[127.05248,37.68454],[127.05484,37.68259],[127.05528,37.68201],[127.05525,37.67492],[127.05542,37.6736],[127.05858,37.66127],[127.06163,37.65013],[127.06203,37.6491],[127.06476,37.64364],[127.07078,37.63016],[127.07299,37.62561],[127.07759,37.61144],[127.07945,37.60163],[127.07966,37.60104],[127.0799,37.60061],[127.08027,37.60028],[127.08399,37.59813],[127.08531,37.59688],[127.08868,37.58426],[127.08881,37.58339],[127.0883,37.58034],[127.08616,37.57293],[127.08603,37.56909],[127.08177,37.56132],[127.07752,37.55356],[127.07608,37.55043],[127.07364,37.54639],[127.07013,37.5388],[127.06661,37.53122],[127.0631,37.52363],[127.06197,37.52204],[127.06113,37.52146],[127.05689,37.52001],[127.0523,37.51927],[127.0413,37.5172],[127.03087,37.51402],[127.02043,37.51085],[127.01,37.50767],[127.00939,37.50716],[127.00759,37.50484],[127.00671,37.50437],[127.00446,37.50353],[127.00364,37.50296],[127.00291,37.50219],[127.00239,37.50075],[127.0018,37.49546],[127.0009,37.49355],[126.99878,37.49026],[126.99756,37.48909],[126.9966,37.48866],[126.98961,37.48643],[126.98795,37.48608],[126.9822,37.48541],[126.97524,37.48323],[126.97423,37.48326],[126.97341,37.48346],[126.9727,37.48379],[126.97207,37.48429],[126.9699,37.48514],[126.96625,37.48806],[126.965,37.48881],[126.95727,37.49244],[126.95658,37.49288],[126.94639,37.50472],[126.94508,37.50514],[126.9444,37.50523],[126.93929,37.50504],[126.93114,37.50003],[126.93024,37.49977],[126.92821,37.49972],[126.91978,37.49998],[126.90577,37.50018],[126.90386,37.49745],[126.90328,37.49697],[126.8925,37.49019],[126.88857,37.48759],[126.88622,37.48481],[126.88536,37.48141],[126.88518,37.48117],[126.87575,37.47841],[126.86633,37.47566],[126.86588,37.47571],[126.8619,37.47729],[126.85219,37.48007],[126.84249,37.48286],[126.84024,37.48438],[126.83835,37.48732],[126.8378,37.48785],[126.83558,37.48891],[126.83349,37.48972],[126.82647,37.49137]],[[127.05165,37.69857],[127.04986,37.69569],[127.04919,37.69518],[127.04716,37.69416],[127.04644,37.69341],[127.04618,37.69239],[127.04647,37.6895],[127.04692,37.68862],[127.04758,37.6879],[127.05251,37.68456],[127.05487,37.68261],[127.05534,37.68203],[127.05545,37.68153],[127.05534,37.67677],[127.05543,37.67423],[127.05876,37.66124],[127.06139,37.65142],[127.06213,37.64913],[127.06479,37.64366],[127.07081,37.63017],[127.07302,37.62562],[127.07763,37.61144],[127.07949,37.60163],[127.07969,37.60108],[127.07996,37.60063],[127.08054,37.6002],[127.08404,37.59819],[127.08535,37.59689],[127.08892,37.58345],[127.08893,37.58281],[127.08862,37.58139],[127.08621,37.57294],[127.08606,37.56908],[127.07859,37.55551],[127.07754,37.55355],[127.07612,37.55042],[127.07368,37.54638],[127.07017,37.53879],[127.06666,37.5312],[127.06315,37.52361],[127.062,37.52202],[127.06115,37.52143],[127.0569,37.51997],[127.04132,37.51716],[127.03089,37.51399],[127.02046,37.51081],[127.01003,37.50764],[127.00943,37.50714],[127.00768,37.50483],[127.00678,37.5043],[127.00447,37.50342],[127.00363,37.50281],[127.00299,37.50211],[127.00277,37.50172],[127.0025,37.5007],[127.00195,37.49539],[127.00102,37.49349],[126.99906,37.49044],[126.998,37.48927],[126.99656,37.48854],[126.98962,37.4864],[126.98796,37.48605],[126.9822,37.48537],[126.97525,37.4832],[126.97423,37.48323],[126.97339,37.48343],[126.97267,37.48376],[126.97204,37.48426],[126.96988,37.48511],[126.96623,37.48802],[126.96444,37.48903],[126.95724,37.49241],[126.95655,37.49286],[126.94636,37.50469],[126.94507,37.50511],[126.94439,37.5052],[126.93931,37.505],[126.93117,37.5],[126.93026,37.49969],[126.91803,37.49992],[126.9058,37.50014],[126.9039,37.49743],[126.90331,37.49694],[126.8886,37.48756],[126.88626,37.48479],[126.8854,37.4814],[126.88521,37.48114],[126.87578,37.47839],[126.86634,37.47563],[126.86586,37.47568],[126.86189,37.47726],[126.85218,37.48005],[126.84247,37.48283],[126.8402,37.48436],[126.83831,37.4873],[126.83746,37.48799],[126.83438,37.48939],[126.83347,37.48968],[126.82649,37.49127]],[[127.05165,37.69857],[127.05231,37.69945],[127.05308,37.70018]]]}},{"type":"Feature","properties":{"id":"badge-7","kind":"badge","ref":"7","lineRef":"metro","color":"#6E7E31"},"geometry":{"type":"Point","coordinates":[127.0257,37.51241]}},{"type":"Feature","properties":{"id":"line-8","kind":"line","lineRef":"metro","ref":"8","color":"#D11D70"},"geometry":{"type":"MultiLineString","coordinates":[[[127.13033,37.43399],[127.13519,37.43481],[127.13662,37.43525],[127.1377,37.43574],[127.14584,37.44028],[127.15134,37.44223],[127.1555,37.44421],[127.15641,37.44476],[127.1568,37.44507],[127.15787,37.44703],[127.16066,37.45339],[127.16069,37.45367],[127.16058,37.45401],[127.16008,37.45463],[127.15941,37.45514],[127.15852,37.45568],[127.15747,37.45609],[127.15613,37.45634],[127.1497,37.45691],[127.14919,37.45706],[127.14825,37.45751],[127.14347,37.46046],[127.1384,37.46319],[127.12681,37.46789],[127.12667,37.46884],[127.12711,37.476],[127.12694,37.47719],[127.1207,37.48958],[127.11944,37.49162],[127.11819,37.49321],[127.1115,37.50055],[127.10482,37.50789],[127.10241,37.51001],[127.10165,37.51105],[127.1015,37.51166],[127.10146,37.51262],[127.10158,37.51305],[127.10174,37.51338],[127.10216,37.51368],[127.10587,37.51518],[127.11269,37.51747],[127.11364,37.51834],[127.1142,37.51904],[127.1155,37.52172],[127.11783,37.5251],[127.11894,37.52701],[127.12049,37.53026],[127.12411,37.54057],[127.12931,37.55496],[127.12982,37.55607],[127.13081,37.5568],[127.13184,37.55706],[127.13519,37.55673],[127.1366,37.55684],[127.13761,37.55707],[127.13981,37.55786],[127.14038,37.55833],[127.14078,37.55923],[127.14082,37.55996],[127.14066,37.56128],[127.13987,37.56622],[127.13807,37.57973],[127.13797,37.59209],[127.13814,37.59277],[127.13875,37.59373],[127.13945,37.59456],[127.14255,37.59746],[127.14282,37.59797],[127.14288,37.5984],[127.14273,37.59898],[127.14139,37.60097],[127.14043,37.60345],[127.13822,37.61039],[127.13803,37.61134],[127.13807,37.61283],[127.13835,37.6142],[127.13906,37.61501],[127.14124,37.61617],[127.14786,37.61917],[127.14907,37.62019],[127.14942,37.6211],[127.1497,37.62379],[127.15025,37.62701],[127.1503,37.62816],[127.15007,37.62887],[127.14974,37.62935],[127.14606,37.63235],[127.14507,37.63297],[127.13334,37.63784],[127.13246,37.63831],[127.131,37.63925],[127.1267,37.643]],[[127.13032,37.43403],[127.13518,37.43485],[127.1366,37.43529],[127.13767,37.43577],[127.14582,37.44031],[127.15132,37.44227],[127.15547,37.44425],[127.15638,37.44479],[127.15676,37.44509],[127.15783,37.44705],[127.16061,37.4534],[127.16064,37.45367],[127.16053,37.454],[127.16004,37.4546],[127.15938,37.45511],[127.1585,37.45565],[127.15746,37.45605],[127.15612,37.4563],[127.14969,37.45687],[127.14916,37.45703],[127.14822,37.45748],[127.14444,37.45986],[127.13894,37.46289],[127.12812,37.46736],[127.12703,37.46762],[127.12674,37.46783],[127.12657,37.46818],[127.1265,37.46877],[127.12706,37.476],[127.12689,37.47718],[127.12065,37.48956],[127.11939,37.4916],[127.11815,37.49319],[127.11147,37.5005],[127.1048,37.50781],[127.10238,37.50995],[127.10149,37.51135],[127.10145,37.51284],[127.10169,37.5134],[127.10218,37.51377],[127.10585,37.51521],[127.11244,37.51746],[127.1131,37.5179],[127.11388,37.51876],[127.11445,37.51986],[127.11501,37.52155],[127.11584,37.5232],[127.11855,37.52695],[127.12045,37.53027],[127.12322,37.5381],[127.126,37.54593],[127.12877,37.55376],[127.12976,37.55613],[127.13076,37.55686],[127.13151,37.55709],[127.13251,37.55714],[127.1344,37.55687],[127.13576,37.55682],[127.13807,37.55727],[127.13931,37.5577],[127.14009,37.55818],[127.14048,37.55868],[127.1407,37.55926],[127.14075,37.55996],[127.13966,37.56674],[127.13794,37.57964],[127.13785,37.59211],[127.13808,37.59286],[127.13862,37.59375],[127.13939,37.59462],[127.14219,37.59716],[127.14267,37.59785],[127.14279,37.59839],[127.14264,37.59897],[127.14132,37.60093],[127.14047,37.6031],[127.13801,37.61065],[127.1379,37.61152],[127.13796,37.61285],[127.13823,37.61434],[127.13895,37.61514],[127.14019,37.61581],[127.14395,37.6174],[127.14782,37.61925],[127.14837,37.61964],[127.14906,37.62039],[127.1493,37.621],[127.14962,37.62375],[127.14996,37.62547],[127.15017,37.62697],[127.15019,37.62815],[127.15013,37.62855],[127.14971,37.62926],[127.14604,37.63227],[127.14423,37.63325],[127.13778,37.636],[127.1355,37.63684],[127.13247,37.63822],[127.13086,37.6392],[127.12802,37.6418]]]}},{"type":"Feature","properties":{"id":"badge-8","kind":"badge","ref":"8","lineRef":"metro","color":"#D11D70"},"geometry":{"type":"Point","coordinates":[127.11812,37.52559]}},{"type":"Feature","properties":{"id":"line-9","kind":"line","lineRef":"metro","ref":"9","color":"#A49D87"},"geometry":{"type":"MultiLineString","coordinates":[[[126.7981,37.56226],[126.79628,37.56257],[126.795,37.56317],[126.7844,37.57218],[126.7836,37.57312],[126.78347,37.57383],[126.7836,37.57488],[126.7838,37.57519],[126.78439,37.5757],[126.78516,37.57605],[126.7916,37.57694],[126.79682,37.57843]],[[126.7981,37.56226],[126.79636,37.56264],[126.7951,37.56323],[126.78642,37.57071],[126.78438,37.57227],[126.78376,37.573],[126.78351,37.57383],[126.78367,37.57486],[126.78385,37.57515],[126.78442,37.57567],[126.78518,37.57602],[126.79192,37.57697],[126.7969,37.57831]],[[126.8047,37.56181],[126.79967,37.56203],[126.7981,37.56226]],[[126.7981,37.56226],[126.8047,37.56181]],[[126.8047,37.56181],[126.80781,37.56182],[126.80903,37.56235],[126.81088,37.56381],[126.81327,37.56666],[126.81424,37.56729],[126.81473,37.56745],[126.81674,37.56748],[126.82905,37.56656],[126.83245,37.56646],[126.83323,37.56653],[126.83404,37.56686],[126.8364,37.5685],[126.83744,37.56892],[126.83869,37.56909],[126.84002,37.56896],[126.8412,37.56848],[126.85195,37.56274],[126.86269,37.55699],[126.86304,37.55657],[126.86382,37.55193],[126.86409,37.55145],[126.86638,37.55032],[126.87041,37.54783],[126.87153,37.5474],[126.8731,37.54702],[126.87544,37.54701],[126.87832,37.5472],[126.87917,37.54714],[126.88069,37.54666],[126.88166,37.54609],[126.88226,37.54555],[126.88291,37.54474],[126.88418,37.54266],[126.88513,37.542],[126.88949,37.54013],[126.90433,37.53264],[126.90627,37.53197],[126.91444,37.53042],[126.91593,37.52985],[126.91635,37.52959],[126.92294,37.52283],[126.92953,37.51607],[126.93104,37.51509],[126.93295,37.51418],[126.93537,37.51348],[126.93725,37.51333],[126.94498,37.51375],[126.95002,37.5127],[126.95526,37.5131],[126.9564,37.51307],[126.95799,37.51242],[126.95999,37.5119],[126.96116,37.51135],[126.96171,37.5109],[126.96393,37.50837],[126.9654,37.50743],[126.96982,37.50571],[126.97074,37.50554],[126.97209,37.50556],[126.97296,37.50536],[126.97466,37.5047],[126.98181,37.50113],[126.98314,37.5008],[126.98447,37.50082],[126.99166,37.50231],[126.99643,37.50358],[127.0071,37.50674],[127.00902,37.50655],[127.01395,37.50475]],[[127.01398,37.50478],[127.00903,37.50659],[127.0071,37.50679],[126.99641,37.50362],[126.99165,37.50236],[126.98446,37.50086],[126.98315,37.50084],[126.98184,37.50117],[126.97468,37.50474],[126.97298,37.50541],[126.97211,37.5056],[126.97075,37.50559],[126.96984,37.50575],[126.96543,37.50747],[126.96397,37.5084],[126.96175,37.51093],[126.9612,37.51139],[126.96002,37.51194],[126.95802,37.51246],[126.95641,37.51311],[126.95526,37.51314],[126.95002,37.51275],[126.94499,37.51379],[126.93634,37.51341],[126.93432,37.5138],[126.93297,37.51422],[126.93115,37.51511],[126.92959,37.5161],[126.92136,37.52478],[126.91668,37.52939],[126.91599,37.5299],[126.91448,37.53047],[126.90531,37.53231],[126.9033,37.53326],[126.89225,37.53874],[126.88958,37.54018],[126.88505,37.54212],[126.88425,37.54269],[126.88237,37.54556],[126.88116,37.54649],[126.87984,37.54704],[126.87825,37.54725],[126.87379,37.547],[126.87162,37.54741],[126.87073,37.54777],[126.86417,37.55155],[126.86395,37.55195],[126.8631,37.55659],[126.86273,37.55703],[126.85484,37.56133],[126.8407,37.56883],[126.84005,37.56908],[126.83868,37.56923],[126.83738,37.56904],[126.83635,37.5686],[126.83414,37.56709],[126.83317,37.56672],[126.83244,37.56662],[126.82901,37.56663],[126.81673,37.56756],[126.81465,37.56748],[126.81326,37.56671],[126.81035,37.56352],[126.80811,37.562],[126.80683,37.56181],[126.8047,37.56181]],[[127.01395,37.50475],[127.01599,37.50384]],[[127.01395,37.50475],[127.01599,37.50384]],[[127.01601,37.50388],[127.01398,37.50478]],[[127.01601,37.50388],[127.0149,37.50449],[127.01398,37.50478]],[[127.01599,37.50384],[127.01685,37.50337],[127.01809,37.50302],[127.02012,37.50315],[127.03069,37.5063],[127.04126,37.50946],[127.05183,37.51261]],[[127.02273,37.50396],[127.02011,37.5032],[127.01899,37.50305],[127.01768,37.50313],[127.01601,37.50388]],[[127.0262,37.505],[127.02273,37.50396]],[[127.0262,37.505],[127.02446,37.50461],[127.02273,37.50396]],[[127.05181,37.51265],[127.04327,37.5101],[127.03474,37.50755],[127.0262,37.505]],[[127.05468,37.51331],[127.05342,37.51311],[127.05181,37.51265]],[[127.05468,37.51331],[127.0534,37.51316],[127.05181,37.51265]],[[127.05183,37.51261],[127.05469,37.51326]],[[127.05183,37.51261],[127.05344,37.51307],[127.05469,37.51326]],[[127.08538,37.50507],[127.07991,37.50663],[127.07963,37.50692],[127.07878,37.50979],[127.07818,37.5104],[127.07482,37.51212],[127.06882,37.51547],[127.06614,37.51528],[127.05468,37.51331]],[[127.05469,37.51326],[127.06615,37.51523],[127.06881,37.51543],[127.07479,37.51208],[127.07814,37.51037],[127.07874,37.50976],[127.07958,37.5069],[127.07988,37.5066],[127.08536,37.50503]],[[127.08536,37.50503],[127.09079,37.50349]],[[127.08536,37.50503],[127.09079,37.50349]],[[127.0908,37.50353],[127.08538,37.50507]],[[127.08538,37.50507],[127.0908,37.50353]],[[127.09079,37.50349],[127.09353,37.50274],[127.09582,37.50242],[127.09825,37.50247],[127.10056,37.50286],[127.10571,37.50455],[127.1079,37.50561],[127.1094,37.50663],[127.11038,37.50763],[127.11219,37.50997]],[[127.11187,37.51009],[127.11106,37.50855],[127.11034,37.50765],[127.10936,37.50666],[127.10787,37.50564],[127.10568,37.50458],[127.10054,37.5029],[127.09824,37.50251],[127.09583,37.50246],[127.09355,37.50278],[127.0908,37.50353]],[[127.11343,37.51259],[127.11223,37.51049],[127.11187,37.51009]],[[127.11343,37.51259],[127.11187,37.51009]],[[127.11219,37.50997],[127.11376,37.51248]],[[127.11376,37.51248],[127.11339,37.51205],[127.11219,37.50997]],[[127.14732,37.52595],[127.14493,37.52006],[127.1446,37.51963],[127.14368,37.51893],[127.14259,37.51864],[127.14128,37.51871],[127.1364,37.5207],[127.13561,37.52092],[127.13405,37.52085],[127.13337,37.52052],[127.13284,37.52001],[127.12986,37.51551],[127.12914,37.51481],[127.1284,37.51443],[127.12741,37.51421],[127.12536,37.51434],[127.12422,37.51474],[127.12322,37.51533],[127.1217,37.51687],[127.12085,37.51733],[127.11921,37.51764],[127.11763,37.51746],[127.11624,37.51674],[127.11574,37.51617],[127.11443,37.51391],[127.11343,37.51259]],[[127.11376,37.51248],[127.11578,37.51615],[127.11628,37.51671],[127.11765,37.51743],[127.11921,37.5176],[127.12083,37.5173],[127.12166,37.51684],[127.12319,37.5153],[127.12419,37.5147],[127.12534,37.5143],[127.12741,37.51417],[127.12842,37.51439],[127.12918,37.51478],[127.1299,37.51549],[127.13289,37.51999],[127.1334,37.52049],[127.13407,37.52081],[127.1356,37.52088],[127.13638,37.52066],[127.14127,37.51868],[127.14259,37.5186],[127.14371,37.5189],[127.14422,37.51925],[127.14497,37.52004],[127.14829,37.52827]],[[127.14824,37.52828],[127.14732,37.52595]],[[127.14819,37.5283],[127.14732,37.52595]]]}},{"type":"Feature","properties":{"id":"badge-9","kind":"badge","ref":"9","lineRef":"metro","color":"#A49D87"},"geometry":{"type":"Point","coordinates":[126.90696,37.53184]}},{"type":"Feature","properties":{"id":"line-sinbundang","kind":"line","lineRef":"metro","ref":"SB","color":"#B81B30"},"geometry":{"type":"MultiLineString","coordinates":[[[127.04476,37.30187],[127.04686,37.30075],[127.04787,37.30004],[127.04925,37.29867],[127.04981,37.29774],[127.04986,37.29704],[127.0493,37.29513],[127.04829,37.29267],[127.04824,37.2916],[127.04849,37.29099],[127.05154,37.28857],[127.05472,37.28635],[127.05598,37.28591],[127.05692,37.28607],[127.05807,37.28684],[127.06297,37.29087],[127.06689,37.29253],[127.06747,37.29284],[127.06791,37.29325],[127.06817,37.29369],[127.06982,37.2994],[127.07035,37.30065],[127.07361,37.30294],[127.07417,37.30347],[127.07484,37.30487],[127.07482,37.30667],[127.07696,37.31134],[127.08025,37.31345],[127.08231,37.31658],[127.08281,37.31685],[127.08686,37.31821],[127.09447,37.3224],[127.1016,37.32674],[127.10214,37.32725],[127.1026,37.32828],[127.10269,37.32896],[127.10277,37.33788],[127.10296,37.34133],[127.10361,37.34206],[127.1043,37.34245],[127.10634,37.34297],[127.10786,37.34365],[127.1086,37.34444],[127.10887,37.34525],[127.10887,37.34999],[127.10863,37.35892],[127.10839,37.36786],[127.10833,37.37577],[127.10854,37.37737],[127.10912,37.37921],[127.10982,37.38105],[127.1109,37.38336],[127.11108,37.38417],[127.11115,37.39142],[127.111,37.40322],[127.11043,37.40502],[127.10959,37.40595],[127.10862,37.40666],[127.09946,37.41106],[127.095,37.41303],[127.08469,37.41874],[127.08141,37.42095],[127.07433,37.42634],[127.068,37.43273],[127.06168,37.43912],[127.05733,37.44518],[127.05054,37.45264],[127.04475,37.4592],[127.03896,37.46576],[127.03865,37.46653],[127.03795,37.4731],[127.03835,37.47602],[127.03842,37.47794],[127.03835,37.47885],[127.03788,37.4801],[127.03744,37.48095],[127.03382,37.48469],[127.02932,37.49418],[127.02481,37.50367],[127.02031,37.51316],[127.01959,37.51573]],[[127.01966,37.51575],[127.02045,37.51299],[127.02492,37.5036],[127.02939,37.49421],[127.03386,37.48482],[127.0341,37.48442],[127.03663,37.48199],[127.03761,37.48089],[127.03826,37.47955],[127.03856,37.47803],[127.0381,37.47306],[127.03825,37.47097],[127.03892,37.46596],[127.04478,37.45933],[127.05064,37.4527],[127.05749,37.44525],[127.06188,37.43936],[127.06809,37.43299],[127.07431,37.42662],[127.08275,37.42021],[127.08527,37.41857],[127.09487,37.41333],[127.10911,37.40646],[127.10968,37.40601],[127.11052,37.40498],[127.11087,37.40416],[127.1111,37.40278],[127.11128,37.39129],[127.11122,37.38437],[127.11105,37.38344],[127.10961,37.38032],[127.10893,37.37841],[127.10844,37.37592],[127.10843,37.36737],[127.10887,37.35294],[127.10895,37.34529],[127.10869,37.34448],[127.10818,37.34388],[127.10762,37.34344],[127.10639,37.34295],[127.10421,37.34237],[127.10343,37.34184],[127.10301,37.34128],[127.10285,37.33788],[127.10273,37.32894],[127.10267,37.32827],[127.10221,37.32724],[127.10159,37.32669],[127.09566,37.32302],[127.08691,37.31817],[127.08281,37.31679],[127.08238,37.31655],[127.08031,37.31341],[127.07706,37.31134],[127.07491,37.30663],[127.0749,37.30481],[127.07431,37.30354],[127.07362,37.30284],[127.07034,37.30051],[127.06829,37.29387],[127.06794,37.29317],[127.06726,37.2926],[127.06305,37.2908],[127.05749,37.28626],[127.05683,37.28593],[127.05617,37.2858],[127.05569,37.28594],[127.05471,37.28634],[127.05347,37.28707],[127.04928,37.29017],[127.04841,37.29102],[127.04814,37.29183],[127.04823,37.29273],[127.04842,37.29335],[127.04898,37.29432],[127.04977,37.29684],[127.04975,37.29775],[127.04911,37.29876],[127.04785,37.30003],[127.04685,37.30073],[127.04352,37.30248]]]}},{"type":"Feature","properties":{"id":"badge-sinbundang","kind":"badge","ref":"SB","lineRef":"metro","color":"#B81B30"},"geometry":{"type":"Point","coordinates":[127.11124,37.39415]}},{"type":"Feature","properties":{"id":"line-ui","kind":"line","lineRef":"metro","ref":"U","color":"#BACC50"},"geometry":{"type":"MultiLineString","coordinates":[[[127.01235,37.66336],[127.01305,37.662],[127.01381,37.65939],[127.01245,37.65266],[127.01245,37.65205],[127.01569,37.64487],[127.01681,37.64095],[127.01756,37.63283],[127.0183,37.62471],[127.01856,37.6237],[127.02028,37.62173],[127.02068,37.61992],[127.02019,37.6197],[127.01708,37.62004],[127.01239,37.62024],[127.0116,37.62006],[127.00882,37.6188],[127.00847,37.61834],[127.00834,37.61761],[127.00874,37.61628],[127.00863,37.61411],[127.00846,37.61369],[127.00786,37.61311],[127.00782,37.61281],[127.00927,37.61028],[127.0102,37.60762],[127.01171,37.60443],[127.0132,37.60319],[127.01438,37.59788],[127.01575,37.59546],[127.01639,37.59292],[127.01697,37.58991],[127.01708,37.58968],[127.01805,37.58887],[127.01822,37.58723],[127.02302,37.5783],[127.02318,37.57566]],[[127.02326,37.57565],[127.02309,37.57846],[127.01825,37.58741],[127.01814,37.5889],[127.01707,37.58983],[127.01639,37.59339],[127.01583,37.59548],[127.01448,37.59792],[127.01361,37.60207],[127.01325,37.60319],[127.013,37.60356],[127.01172,37.60454],[127.00988,37.6085],[127.00933,37.61037],[127.00787,37.61283],[127.00793,37.61308],[127.00865,37.61366],[127.00878,37.61403],[127.00888,37.61639],[127.00849,37.61769],[127.00861,37.61842],[127.00902,37.61885],[127.01166,37.62001],[127.01267,37.62019],[127.01759,37.61995],[127.0203,37.61967],[127.02059,37.61974],[127.02072,37.61995],[127.02033,37.62173],[127.01884,37.62347],[127.01846,37.62423],[127.01761,37.63284],[127.01675,37.64145],[127.01555,37.64546],[127.01278,37.6513],[127.01254,37.6521],[127.01256,37.65284],[127.01388,37.65926],[127.01309,37.66209],[127.01242,37.66339]]]}},{"type":"Feature","properties":{"id":"badge-ui","kind":"badge","ref":"U","lineRef":"metro","color":"#BACC50"},"geometry":{"type":"Point","coordinates":[127.01366,37.62014]}},{"type":"Feature","properties":{"id":"line-sillim","kind":"line","lineRef":"metro","ref":"SL","color":"#6789CA"},"geometry":{"type":"MultiLineString","coordinates":[[[126.92935,37.51734],[126.92839,37.51618],[126.9281,37.51517],[126.92783,37.51482],[126.92595,37.51374],[126.92534,37.51321],[126.92502,37.51235],[126.92474,37.511],[126.92355,37.50829],[126.9204,37.5003],[126.92011,37.49823],[126.91948,37.4977],[126.91787,37.49725],[126.91766,37.49701],[126.91768,37.49648],[126.91859,37.49423],[126.91878,37.49388],[126.91908,37.49371],[126.92588,37.49268],[126.92623,37.49259],[126.92682,37.49217],[126.92744,37.49042],[126.92926,37.48621],[126.92956,37.48484],[126.92984,37.48139],[126.93024,37.48049],[126.9318,37.47903],[126.93295,37.47818],[126.93588,37.47721],[126.93674,37.4767],[126.93686,37.47646],[126.93693,37.47581],[126.93653,37.47531],[126.9335,37.4734],[126.93332,37.47302],[126.93333,37.47269],[126.93371,37.47194],[126.93514,37.47124],[126.93909,37.47069],[126.94201,37.47089],[126.9428,37.47081],[126.94356,37.47034],[126.94522,37.46877]],[[126.94531,37.46882],[126.94357,37.47048],[126.94281,37.47092],[126.94201,37.47101],[126.93956,37.47075],[126.93715,37.47101],[126.93515,37.4713],[126.93458,37.47151],[126.93374,37.47205],[126.93342,37.47275],[126.93343,37.47309],[126.93362,37.47342],[126.93687,37.47545],[126.93706,37.4757],[126.93701,37.47645],[126.93685,37.47677],[126.93638,37.47714],[126.9331,37.4782],[126.93133,37.47957],[126.9303,37.48068],[126.93003,37.48125],[126.92949,37.48586],[126.9275,37.49038],[126.92692,37.49224],[126.92668,37.49258],[126.92637,37.49274],[126.91949,37.49368],[126.91898,37.49388],[126.91879,37.4941],[126.91786,37.49643],[126.91785,37.49689],[126.91802,37.49718],[126.91964,37.49765],[126.92029,37.4983],[126.92047,37.50014],[126.9249,37.51106],[126.92525,37.51267],[126.92548,37.51317],[126.92605,37.51369],[126.92807,37.5149],[126.92853,37.51616],[126.92945,37.51727]]]}},{"type":"Feature","properties":{"id":"badge-sillim","kind":"badge","ref":"SL","lineRef":"metro","color":"#6789CA"},"geometry":{"type":"Point","coordinates":[126.92728,37.49086]}},{"type":"Feature","properties":{"id":"line-gimpo","kind":"line","lineRef":"metro","ref":"GG","color":"#957326"},"geometry":{"type":"MultiLineString","coordinates":[[[126.8019,37.56231],[126.8046,37.5621],[126.80537,37.56221],[126.80597,37.56265],[126.80639,37.56368],[126.80619,37.56478],[126.80309,37.57405],[126.79921,37.57988],[126.79863,37.58051],[126.79737,37.58171],[126.78938,37.58833],[126.78028,37.59397],[126.77708,37.59641],[126.77177,37.59979],[126.76902,37.6025],[126.76629,37.60354],[126.76545,37.60372],[126.76191,37.60402],[126.75954,37.60461],[126.75791,37.60485],[126.75371,37.6052],[126.74964,37.60585],[126.74715,37.60644],[126.73623,37.61108],[126.73245,37.61243],[126.72692,37.61612],[126.72126,37.61952],[126.71881,37.62075],[126.71532,37.62224],[126.71452,37.62302],[126.71212,37.6268],[126.71081,37.62823],[126.70381,37.63304],[126.70239,37.63442],[126.70049,37.63836],[126.69665,37.6477],[126.69588,37.64899],[126.69475,37.64982],[126.68732,37.65326],[126.68531,37.65378],[126.68342,37.6538],[126.68139,37.6533],[126.6793,37.65218],[126.67202,37.64743],[126.66502,37.63952],[126.66464,37.63933],[126.66397,37.63952],[126.65925,37.64213],[126.65806,37.64245],[126.65572,37.6427],[126.65332,37.64256],[126.6431,37.6404],[126.64257,37.6404],[126.64068,37.64122],[126.63618,37.644],[126.63421,37.64606],[126.63386,37.64628],[126.63346,37.64634],[126.61819,37.64331],[126.61511,37.64296],[126.61467,37.64271],[126.61447,37.64235],[126.6145,37.64203],[126.61475,37.64164]],[[126.8019,37.56239],[126.80452,37.56215],[126.80521,37.56221],[126.80566,37.56241],[126.80589,37.56267],[126.80633,37.56382],[126.80572,37.56598],[126.80315,37.57365],[126.80285,37.57424],[126.79901,37.5799],[126.79733,37.58163],[126.78881,37.58859],[126.78082,37.59349],[126.77881,37.59496],[126.77137,37.59995],[126.76901,37.60243],[126.76647,37.6034],[126.76538,37.60364],[126.7626,37.60383],[126.75809,37.60475],[126.75449,37.60503],[126.74882,37.60589],[126.74702,37.60637],[126.73746,37.61048],[126.7324,37.61237],[126.72655,37.61623],[126.72112,37.61946],[126.71853,37.62076],[126.71563,37.62194],[126.71488,37.62242],[126.71164,37.62723],[126.71046,37.62835],[126.70362,37.63306],[126.70252,37.63408],[126.70202,37.63482],[126.70077,37.63747],[126.69751,37.64541],[126.69611,37.6484],[126.69563,37.64903],[126.6949,37.64959],[126.68733,37.65315],[126.6857,37.65367],[126.68368,37.65377],[126.68172,37.65336],[126.68061,37.65284],[126.67199,37.64727],[126.66732,37.64207],[126.66519,37.63948],[126.66468,37.63923],[126.66426,37.63925],[126.65902,37.64208],[126.65757,37.64242],[126.6555,37.64262],[126.653,37.64243],[126.64488,37.64069],[126.643,37.64033],[126.64222,37.64034],[126.64112,37.64086],[126.6359,37.64407],[126.63395,37.64608],[126.63341,37.64623],[126.62001,37.64357],[126.61799,37.64321],[126.61506,37.6429],[126.6147,37.6427],[126.61451,37.64241],[126.61456,37.64203],[126.61482,37.64166]]]}},{"type":"Feature","properties":{"id":"badge-gimpo","kind":"badge","ref":"GG","lineRef":"metro","color":"#957326"},"geometry":{"type":"Point","coordinates":[126.71323,37.62505]}},{"type":"Feature","properties":{"id":"line-arex","kind":"line","lineRef":"train","ref":"A","color":"#0079AC"},"geometry":{"type":"MultiLineString","coordinates":[[[126.45048,37.4459],[126.44045,37.44028],[126.43962,37.43996],[126.43785,37.43974],[126.43629,37.43995],[126.43521,37.44045],[126.43426,37.44124],[126.42848,37.44845],[126.42271,37.45566],[126.42272,37.45566],[126.42198,37.45696],[126.42165,37.45825],[126.42177,37.45991],[126.42218,37.46103],[126.42331,37.46275],[126.42487,37.46417],[126.42976,37.46689]],[[126.42976,37.46689],[126.42495,37.46414],[126.42413,37.46349],[126.4234,37.46269],[126.42226,37.461],[126.42187,37.45992],[126.42173,37.45825],[126.42205,37.45696],[126.42276,37.45567],[126.42853,37.44847],[126.4343,37.44127],[126.43499,37.44066],[126.43629,37.44002],[126.43785,37.43979],[126.43957,37.44],[126.44061,37.44043],[126.45002,37.4457]],[[126.43543,37.47013],[126.43001,37.46704]],[[126.4353,37.46994],[126.43429,37.46922],[126.43194,37.46798]],[[126.43194,37.46798],[126.4353,37.46994]],[[126.45002,37.4457],[126.45484,37.4484]],[[126.45387,37.44776],[126.45183,37.44651],[126.45081,37.44609]],[[126.45387,37.44776],[126.45116,37.44629]],[[126.45423,37.44799],[126.45116,37.44629]],[[126.52328,37.51132],[126.51775,37.50927],[126.51012,37.50707],[126.50652,37.5058],[126.50456,37.5048],[126.50281,37.50365],[126.50125,37.50232],[126.49976,37.50069],[126.49072,37.48878],[126.48655,37.48366],[126.48541,37.48152],[126.48466,37.47913],[126.48442,37.47687],[126.48453,37.47533],[126.48577,37.4692],[126.48578,37.4672],[126.48552,37.46602],[126.4848,37.46426],[126.4835,37.46266],[126.48246,37.46172],[126.48022,37.46029],[126.46939,37.45426],[126.46774,37.45373],[126.46247,37.45255],[126.45441,37.4481]],[[126.52326,37.51135],[126.51828,37.50949],[126.51011,37.50711],[126.50649,37.50583],[126.50414,37.50461],[126.50248,37.50345],[126.5009,37.50205],[126.49972,37.50071],[126.49077,37.48893],[126.48651,37.4837],[126.48534,37.48154],[126.48463,37.47923],[126.48439,37.47802],[126.48434,37.4765],[126.48452,37.47497],[126.48572,37.46899],[126.48575,37.46757],[126.48534,37.46581],[126.48463,37.4641],[126.48355,37.4628],[126.48277,37.46207],[126.48106,37.46086],[126.47882,37.45957],[126.46907,37.45419],[126.46668,37.45355],[126.46372,37.45301],[126.46235,37.45261],[126.45484,37.4484]],[[126.52648,37.51267],[126.52326,37.51135]],[[126.52326,37.51135],[126.52411,37.51182],[126.52648,37.51267]],[[126.5265,37.51264],[126.52568,37.5122],[126.52328,37.51132]],[[126.5265,37.51264],[126.52328,37.51132]],[[126.89694,37.57819],[126.89247,37.58118],[126.889,37.58303],[126.88705,37.58433],[126.88557,37.58613],[126.88379,37.58745],[126.88272,37.58806],[126.87372,37.5913],[126.86472,37.59453],[126.86214,37.59511],[126.85874,37.59527],[126.85607,37.5949],[126.85407,37.59426],[126.85109,37.59281],[126.84905,37.59117],[126.84322,37.5848],[126.83738,37.57843],[126.83739,37.57843],[126.83612,37.57653],[126.83298,37.56973],[126.83228,37.56877],[126.83158,37.56806],[126.83008,37.56703],[126.82001,37.56161],[126.81752,37.56087],[126.8163,37.56085],[126.80573,37.5615],[126.79517,37.56216],[126.79357,37.56248],[126.79241,37.56314],[126.78541,37.56921],[126.78086,37.57362],[126.77916,37.57457],[126.77804,37.57498],[126.77668,37.57531],[126.77519,37.57547],[126.77375,37.57549],[126.77169,37.57504],[126.76146,37.57068],[126.75827,37.57],[126.75638,37.56986],[126.75203,37.56998],[126.74482,37.57139],[126.74242,37.57169],[126.74031,37.57179],[126.73175,37.57177],[126.7199,37.57116],[126.70804,37.57055],[126.69607,37.57007],[126.6841,37.56958],[126.67213,37.5691],[126.6702,37.56914],[126.65998,37.56864],[126.65497,37.56806],[126.64993,37.56689],[126.64498,37.5651],[126.6421,37.56367],[126.63581,37.55969],[126.63464,37.55907],[126.63263,37.55826],[126.62941,37.55742],[126.61568,37.55468],[126.60906,37.55296],[126.60239,37.55147],[126.59024,37.54755],[126.57808,37.54362],[126.56593,37.5397],[126.56593,37.53971],[126.5633,37.53836],[126.56168,37.53725],[126.55802,37.53413],[126.55027,37.52826],[126.54251,37.5224],[126.53476,37.51653],[126.5325,37.51521],[126.52648,37.51267]],[[126.8969,37.57816],[126.89277,37.58094],[126.88943,37.58274],[126.887,37.58432],[126.8856,37.58605],[126.88375,37.58742],[126.8828,37.58798],[126.87372,37.59126],[126.86464,37.59453],[126.86219,37.59506],[126.85888,37.59523],[126.85609,37.59488],[126.85375,37.59408],[126.85087,37.59262],[126.84891,37.59098],[126.83759,37.57862],[126.83617,37.57652],[126.83305,37.56976],[126.83251,37.56898],[126.83154,37.56796],[126.83011,37.567],[126.82,37.56153],[126.81781,37.56087],[126.81665,37.56074],[126.8062,37.56141],[126.79575,37.56207],[126.79431,37.56222],[126.79352,37.56243],[126.79235,37.5631],[126.78576,37.56879],[126.78065,37.57367],[126.77972,37.57423],[126.77791,37.57496],[126.77668,37.57526],[126.7752,37.57542],[126.77388,37.57544],[126.77191,37.57505],[126.76177,37.57072],[126.75855,37.56999],[126.75723,37.56986],[126.75322,37.56984],[126.752,37.56994],[126.74493,37.57132],[126.74188,37.57168],[126.73176,37.57172],[126.72012,37.57112],[126.70848,37.57053],[126.69872,37.57015],[126.68897,37.56977],[126.67921,37.56939],[126.67022,37.56888],[126.65998,37.56861],[126.65499,37.56802],[126.64996,37.56686],[126.64501,37.56508],[126.64375,37.56452],[126.64021,37.56251],[126.63583,37.55965],[126.63417,37.55882],[126.63264,37.55822],[126.63053,37.55762],[126.62583,37.55659],[126.6157,37.55464],[126.60909,37.55292],[126.6024,37.55144],[126.59026,37.54751],[126.57811,37.54359],[126.56597,37.53966],[126.56333,37.53833],[126.56173,37.53724],[126.55804,37.5341],[126.55029,37.52824],[126.54254,37.52237],[126.53479,37.51651],[126.53252,37.51518],[126.5265,37.51264]],[[126.89938,37.57652],[126.89876,37.57684],[126.8969,37.57816]],[[126.89938,37.57652],[126.8969,37.57816]],[[126.89694,37.57819],[126.8994,37.57654]],[[126.89694,37.57819],[126.8994,37.57654]],[[126.96986,37.55206],[126.97027,37.54702],[126.97097,37.5436],[126.97092,37.54245],[126.97063,37.54159],[126.96787,37.53918],[126.96682,37.53853],[126.96564,37.53814],[126.96426,37.53815],[126.96275,37.53837],[126.95819,37.53949],[126.95659,37.54008],[126.95447,37.54135],[126.94561,37.54543],[126.94171,37.54669],[126.94055,37.54723],[126.93923,37.5483],[126.93744,37.55053],[126.93682,37.55107],[126.93077,37.55537],[126.92729,37.55705],[126.92596,37.55802],[126.91909,37.56637],[126.9139,37.56866],[126.90894,37.57064],[126.90219,37.57454],[126.89938,37.57652]],[[126.8994,37.57654],[126.90249,37.57441],[126.90896,37.57067],[126.91393,37.56868],[126.91907,37.56642],[126.91936,37.56621],[126.92605,37.55797],[126.92753,37.55696],[126.93045,37.55562],[126.93674,37.55117],[126.93748,37.55056],[126.93923,37.54835],[126.94058,37.54724],[126.94171,37.54672],[126.94577,37.54539],[126.95446,37.54139],[126.95661,37.54012],[126.95815,37.53955],[126.96335,37.5383],[126.96509,37.53817],[126.96593,37.53825],[126.96688,37.53865],[126.96785,37.53925],[126.9705,37.54158],[126.97072,37.54197],[126.97089,37.54275],[126.9709,37.54363],[126.9701,37.54802],[126.96982,37.5519]],[[126.96982,37.5519],[126.96981,37.55411]],[[126.96985,37.5541],[126.96986,37.55225]],[[126.96992,37.5541],[126.96986,37.55225]]]}},{"type":"Feature","properties":{"id":"badge-arex","kind":"badge","ref":"A","lineRef":"train","color":"#0079AC"},"geometry":{"type":"Point","coordinates":[126.71737,37.57103]}},{"type":"Feature","properties":{"id":"line-gyeongui","kind":"line","lineRef":"train","ref":"K","color":"#6AC2B3"},"geometry":{"type":"MultiLineString","coordinates":[[[126.78818,37.78],[126.78865,37.77631],[126.78865,37.77476],[126.78808,37.77313],[126.78755,37.77236],[126.78686,37.77167],[126.78621,37.77118],[126.7851,37.77059],[126.78135,37.76912],[126.76805,37.76332],[126.76712,37.76275],[126.76599,37.76169],[126.76549,37.76099],[126.76502,37.75978],[126.7645,37.75411],[126.76478,37.75256],[126.7658,37.75062],[126.77199,37.74018],[126.77232,37.7392],[126.77242,37.73788],[126.772,37.73641],[126.76865,37.72893],[126.7653,37.72146],[126.76195,37.71398],[126.76143,37.71255],[126.76118,37.71077],[126.76119,37.69996],[126.76101,37.69069],[126.76115,37.68823],[126.76147,37.68732],[126.76223,37.68612],[126.76382,37.68484],[126.76573,37.68391],[126.7822,37.67681],[126.78356,37.67604],[126.78447,37.67522],[126.7853,37.67413],[126.78932,37.6672],[126.79334,37.66026],[126.79736,37.65333],[126.80305,37.64365],[126.80875,37.63396],[126.81444,37.62428],[126.81545,37.62317],[126.81849,37.62083],[126.82372,37.61646]],[[126.82364,37.61627],[126.81811,37.62068],[126.81505,37.62334],[126.81418,37.62439],[126.80842,37.6341],[126.8071,37.6366],[126.80166,37.64595],[126.79622,37.6553],[126.79077,37.66465],[126.78533,37.674],[126.78466,37.67493],[126.78348,37.67603],[126.78218,37.67677],[126.7731,37.68068],[126.76402,37.6846],[126.76299,37.68527],[126.76222,37.68597],[126.76154,37.68698],[126.76114,37.68797],[126.76095,37.6905],[126.76113,37.69996],[126.76113,37.71077],[126.76138,37.71256],[126.7619,37.71399],[126.76525,37.72146],[126.7686,37.72894],[126.77195,37.73641],[126.77237,37.73786],[126.77223,37.73942],[126.77184,37.74037],[126.76593,37.7503],[126.76471,37.7526],[126.76445,37.75416],[126.76499,37.75985],[126.76538,37.76086],[126.76598,37.76175],[126.76685,37.76259],[126.76807,37.76337],[126.78131,37.76914],[126.78509,37.77063],[126.78605,37.77113],[126.78701,37.77186],[126.78763,37.77251],[126.78818,37.77341],[126.78864,37.77499],[126.78858,37.77667],[126.78814,37.78]],[[127.3,37.55813],[127.29687,37.55791],[127.29424,37.5573],[127.29282,37.55681],[127.28173,37.55244],[127.27063,37.54808],[127.25954,37.54371],[127.25791,37.54331],[127.25577,37.54313],[127.25389,37.54324],[127.25197,37.54361],[127.25002,37.54432],[127.24498,37.54671],[127.24308,37.54803],[127.24168,37.54951],[127.23831,37.55507],[127.2368,37.55805],[127.23224,37.56756],[127.22964,37.57478],[127.22897,37.57596],[127.22837,37.57667],[127.22711,37.57778],[127.22533,37.57877],[127.22072,37.5802],[127.21944,37.58075],[127.21483,37.58358],[127.20399,37.58953],[127.20211,37.59084],[127.20089,37.59208],[127.20007,37.5933],[127.1961,37.60118],[127.19412,37.60468],[127.19012,37.60965],[127.1888,37.61112],[127.1872,37.61243],[127.18552,37.61339],[127.18351,37.61411],[127.18111,37.61453],[127.17899,37.61457],[127.17674,37.61425],[127.17098,37.6126],[127.16729,37.61139],[127.15436,37.60583],[127.14243,37.60298],[127.13888,37.60233],[127.13731,37.60235],[127.13631,37.60252],[127.12298,37.60641],[127.12,37.60706],[127.11867,37.60725],[127.11474,37.60747],[127.11139,37.60729],[127.10834,37.6067],[127.10506,37.60575],[127.10378,37.60509],[127.10159,37.60321],[127.10025,37.60242],[127.09503,37.60041],[127.09356,37.59972],[127.08719,37.59735],[127.08399,37.59648],[127.0789,37.5955],[127.06262,37.59193],[127.06106,37.59127],[127.05447,37.58772],[127.05321,37.58677],[127.05213,37.58561],[127.0492,37.58195],[127.04359,37.57456],[127.03797,37.56718],[127.03771,37.56637],[127.03771,37.56548],[127.03882,37.56016],[127.03959,37.55564],[127.03951,37.55487],[127.03929,37.55428],[127.03842,37.55312],[127.03555,37.55117],[127.03494,37.55053],[127.03362,37.54865],[127.03267,37.54782],[127.02869,37.54584],[127.02438,37.54432],[127.02119,37.54204],[127.01736,37.53951],[127.01657,37.53861],[127.01168,37.53084],[127.01034,37.52985],[127.00715,37.52853],[127.00396,37.52627],[127.00292,37.5253],[127.00148,37.52316],[127.00036,37.52228],[126.99521,37.52014],[126.9939,37.5198],[126.98564,37.51946],[126.98302,37.51948],[126.98187,37.51974],[126.97323,37.52247],[126.97171,37.52281],[126.97012,37.52282],[126.96519,37.52209],[126.96387,37.52216],[126.96318,37.52233],[126.96203,37.52286],[126.96123,37.52371],[126.9608,37.52475],[126.96074,37.52576],[126.96113,37.52672],[126.96182,37.52744],[126.96345,37.52847],[126.96818,37.53189],[126.96875,37.53246],[126.96911,37.53311],[126.96924,37.53405],[126.96896,37.53499],[126.96831,37.53587],[126.9671,37.53709],[126.96539,37.53785],[126.95734,37.53989],[126.95447,37.54142],[126.94566,37.54546],[126.94196,37.54666],[126.94054,37.5473],[126.9393,37.54832],[126.9375,37.55061],[126.93682,37.55116],[126.93076,37.55548],[126.92686,37.55741],[126.92624,37.55785],[126.9256,37.55849],[126.9191,37.56658],[126.9185,37.56697],[126.9087,37.57134],[126.9021,37.5762],[126.88911,37.58493],[126.88519,37.5881],[126.88204,37.59096],[126.87484,37.59714],[126.86765,37.60332],[126.86412,37.60608],[126.86267,37.60683],[126.8574,37.60892],[126.85651,37.60939],[126.85368,37.6113],[126.85172,37.61208],[126.84924,37.61237],[126.84349,37.61211],[126.83203,37.61196],[126.83054,37.61204],[126.8289,37.61243],[126.82757,37.61307],[126.82364,37.61627]],[[126.85457,37.61088],[126.8527,37.61186],[126.85157,37.61221],[126.85028,37.61241],[126.83418,37.6121],[126.83123,37.61209],[126.8302,37.61221],[126.82858,37.61267],[126.8274,37.61328],[126.82364,37.61627]],[[126.82372,37.61646],[126.82779,37.61324],[126.82937,37.61252],[126.83059,37.61223],[126.83418,37.61215],[126.85008,37.61247],[126.85134,37.61232],[126.8524,37.61203],[126.8543,37.6111]],[[126.82372,37.61646],[126.82758,37.61343],[126.82904,37.61271],[126.83026,37.61238],[126.83201,37.61223],[126.85084,37.61259],[126.8518,37.61244],[126.85283,37.61209],[126.8543,37.6111]],[[126.8543,37.6111],[126.85771,37.60923],[126.85994,37.60822],[126.86332,37.60692],[126.8644,37.60628],[126.86776,37.60351],[126.87478,37.59746],[126.88179,37.5914],[126.88881,37.58535],[126.89662,37.58026],[126.90848,37.5719],[126.90978,37.57114],[126.91865,37.56712],[126.92039,37.5666],[126.92392,37.56595],[126.92534,37.56544],[126.92666,37.56465],[126.93069,37.5613],[126.93239,37.56015],[126.93348,37.55979],[126.93458,37.55964],[126.9465,37.55999],[126.95327,37.56128],[126.96214,37.56235],[126.96489,37.56247],[126.96668,37.5624],[126.96788,37.56213],[126.96907,37.56161],[126.96999,37.561],[126.97033,37.56062]],[[126.85457,37.61088],[126.85685,37.60931],[126.86291,37.60679],[126.86458,37.60584],[126.86769,37.60335],[126.8747,37.59733],[126.88172,37.5913],[126.88873,37.58528],[126.88874,37.58528],[126.90214,37.57623],[126.90823,37.5717],[126.90943,37.57102],[126.91854,37.56701],[126.91912,37.56664],[126.92625,37.55792],[126.92716,37.55731],[126.93077,37.55553],[126.93698,37.55111],[126.93752,37.55065],[126.93936,37.54831],[126.94041,37.54741],[126.942,37.54667],[126.94566,37.5455],[126.95456,37.54143],[126.9572,37.53999],[126.96548,37.53787],[126.96674,37.53738],[126.9674,37.53692],[126.96836,37.53589],[126.9691,37.5348],[126.96929,37.53386],[126.96909,37.53296],[126.96883,37.5325],[126.96826,37.53189],[126.96353,37.52843],[126.96186,37.52741],[126.96121,37.52674],[126.96078,37.52575],[126.96085,37.52476],[126.96129,37.52368],[126.96208,37.52289],[126.96318,37.52236],[126.96468,37.52212],[126.96602,37.52216],[126.97012,37.52286],[126.97178,37.52283],[126.97344,37.52244],[126.98017,37.52029],[126.98301,37.51952],[126.98574,37.5195],[126.99424,37.5199],[126.99519,37.52017],[127.00046,37.52239],[127.00154,37.5233],[127.00283,37.52525],[127.00381,37.52622],[127.00698,37.52848],[127.01043,37.52994],[127.01153,37.53076],[127.01211,37.53147],[127.0165,37.53859],[127.01754,37.53972],[127.02108,37.54202],[127.02426,37.54431],[127.02495,37.54464],[127.02884,37.54595],[127.03264,37.54786],[127.03364,37.54875],[127.03479,37.55041],[127.03554,37.55123],[127.0384,37.55316],[127.03902,37.55389],[127.03933,37.55447],[127.03953,37.55584],[127.03764,37.56557],[127.03767,37.56637],[127.03793,37.56719],[127.04355,37.57459],[127.04918,37.58199],[127.05239,37.586],[127.05412,37.58753],[127.06103,37.59131],[127.0626,37.59196],[127.07712,37.59522],[127.08436,37.5966],[127.08717,37.59738],[127.1002,37.60244],[127.10155,37.60324],[127.10374,37.60511],[127.10503,37.60578],[127.1083,37.60674],[127.11138,37.60732],[127.11472,37.60751],[127.11733,37.60741],[127.11999,37.60712],[127.12296,37.60646],[127.13632,37.60255],[127.13732,37.60239],[127.13887,37.60237],[127.14088,37.60271],[127.15433,37.60586],[127.16726,37.61145],[127.17669,37.61428],[127.17898,37.61461],[127.18111,37.61458],[127.18352,37.61414],[127.18552,37.61343],[127.18705,37.61258],[127.18846,37.61151],[127.18983,37.61005],[127.19396,37.60511],[127.1955,37.60259],[127.20011,37.59332],[127.20091,37.59213],[127.20208,37.59092],[127.20405,37.58955],[127.21489,37.5836],[127.21946,37.58079],[127.22074,37.58024],[127.22431,37.57918],[127.22579,37.5786],[127.22744,37.57759],[127.22851,37.57658],[127.22959,37.57502],[127.23205,37.56813],[127.23625,37.55929],[127.23839,37.55503],[127.24154,37.54978],[127.24282,37.54832],[127.24468,37.54693],[127.25004,37.54436],[127.252,37.54364],[127.2538,37.5433],[127.25561,37.54318],[127.25734,37.5433],[127.25928,37.5437],[127.27035,37.54806],[127.28142,37.55243],[127.29249,37.55679],[127.29531,37.55768],[127.29677,37.55798],[127.3,37.5582]],[[126.97033,37.56062],[126.96902,37.5616],[126.96762,37.56217],[126.9666,37.56236],[126.96495,37.56242],[126.96217,37.56225],[126.95456,37.56137],[126.94651,37.55989],[126.93478,37.55956],[126.93382,37.55966],[126.93272,37.55996],[126.93165,37.56051],[126.92663,37.56462],[126.92543,37.56536],[126.92388,37.56592],[126.91984,37.56666],[126.91856,37.56705],[126.9089,37.57155],[126.89658,37.58024],[126.88876,37.58532],[126.88877,37.58532],[126.88175,37.59138],[126.87473,37.59743],[126.86771,37.60349],[126.86445,37.60617],[126.86333,37.60685],[126.85989,37.60819],[126.85768,37.60919],[126.85457,37.61088]],[[126.97033,37.56062],[126.97111,37.55922],[126.97124,37.55726]]]}},{"type":"Feature","properties":{"id":"badge-gyeongui","kind":"badge","ref":"K","lineRef":"train","color":"#6AC2B3"},"geometry":{"type":"Point","coordinates":[127.04486,37.57625]}},{"type":"Feature","properties":{"id":"line-gyeongchun","kind":"line","lineRef":"train","ref":"G","color":"#007A62"},"geometry":{"type":"MultiLineString","coordinates":[[[127.048,37.58075],[127.04972,37.58278]],[[127.08389,37.59662],[127.08152,37.59602],[127.06393,37.59227],[127.06225,37.59181],[127.05534,37.58825],[127.05383,37.58728],[127.05265,37.58622],[127.04972,37.58278]],[[127.04972,37.58278],[127.05239,37.586],[127.0538,37.5873],[127.05532,37.58827],[127.06223,37.59184],[127.07712,37.59522],[127.08244,37.59631]],[[127.08244,37.59631],[127.08102,37.59602],[127.07966,37.59594],[127.07828,37.59607],[127.07694,37.59643],[127.07508,37.59736],[127.06972,37.60043],[127.06864,37.60136],[127.06818,37.60211],[127.06796,37.6029],[127.06775,37.60949],[127.06734,37.61149],[127.06358,37.61996],[127.06219,37.62352]],[[127.08268,37.59636],[127.08658,37.59753],[127.08963,37.59922],[127.09267,37.60037],[127.09638,37.60115],[127.09945,37.60228],[127.10115,37.60312],[127.10254,37.60436],[127.10306,37.60515],[127.10339,37.60653],[127.10336,37.60992],[127.10319,37.6119],[127.10329,37.61318],[127.10365,37.61459],[127.10528,37.61837],[127.10647,37.62051],[127.11295,37.63014],[127.11544,37.63557],[127.11641,37.6368],[127.11764,37.63786],[127.11947,37.63888],[127.13623,37.64599],[127.14623,37.6491],[127.15623,37.65222],[127.16343,37.65512],[127.16487,37.65542],[127.16654,37.65553],[127.16858,37.65534],[127.17,37.65497],[127.17198,37.65405],[127.18092,37.64878],[127.18288,37.64746],[127.18426,37.64602],[127.185,37.64477],[127.18726,37.64008],[127.18798,37.63894],[127.18855,37.63828],[127.19002,37.63711],[127.19172,37.63622],[127.19354,37.63573],[127.19533,37.63553],[127.1965,37.63555],[127.19847,37.63581],[127.20968,37.63774],[127.21166,37.6382],[127.21354,37.63898],[127.21495,37.63981],[127.21649,37.6411],[127.22194,37.64695],[127.22432,37.64919],[127.22645,37.65067],[127.22924,37.65188],[127.2315,37.65246],[127.23403,37.65277],[127.24786,37.65339],[127.2512,37.65358],[127.25321,37.65382],[127.25493,37.65426],[127.25802,37.65542],[127.26252,37.65807],[127.26616,37.65955],[127.26851,37.66019],[127.27595,37.66169],[127.27819,37.66183],[127.27986,37.66165],[127.28128,37.66128],[127.28313,37.66045],[127.28805,37.65731],[127.29145,37.65563],[127.29437,37.65461],[127.29717,37.65392],[127.3,37.65355]],[[127.3,37.65351],[127.29714,37.65387],[127.29436,37.65457],[127.29143,37.65559],[127.28801,37.65727],[127.28347,37.66022],[127.28127,37.66125],[127.27985,37.66162],[127.27819,37.6618],[127.27596,37.66166],[127.26854,37.66016],[127.26617,37.65952],[127.26255,37.65803],[127.25811,37.65543],[127.25493,37.65422],[127.25324,37.65379],[127.25121,37.65354],[127.23349,37.65268],[127.23151,37.65242],[127.22925,37.65184],[127.22669,37.65075],[127.22451,37.64929],[127.222,37.64692],[127.21627,37.64082],[127.21516,37.63989],[127.21348,37.6389],[127.21169,37.63817],[127.20886,37.63752],[127.19718,37.63558],[127.19526,37.63549],[127.19318,37.63575],[127.19127,37.63636],[127.18962,37.63732],[127.18867,37.63811],[127.18794,37.63892],[127.18725,37.64],[127.18445,37.64567],[127.18331,37.64702],[127.18156,37.64834],[127.17195,37.65401],[127.17034,37.6548],[127.16875,37.65527],[127.16716,37.65547],[127.16559,37.65546],[127.16375,37.65516],[127.16222,37.65466],[127.15624,37.65218],[127.14618,37.64905],[127.13612,37.64591],[127.11988,37.63901],[127.11756,37.63775],[127.11627,37.6366],[127.11549,37.63555],[127.11368,37.63143],[127.113,37.63015],[127.10644,37.6204],[127.10533,37.61836],[127.10397,37.61528],[127.10343,37.61362],[127.10324,37.6119],[127.10341,37.60994],[127.10345,37.6066],[127.10317,37.60535],[127.10258,37.60434],[127.10148,37.6033],[127.09993,37.60243],[127.0964,37.60112],[127.09223,37.60018],[127.08944,37.59909],[127.08647,37.59735],[127.08389,37.59662]]]}},{"type":"Feature","properties":{"id":"badge-gyeongchun","kind":"badge","ref":"G","lineRef":"train","color":"#007A62"},"geometry":{"type":"Point","coordinates":[127.18346,37.64685]}},{"type":"Feature","properties":{"id":"line-suinbundang","kind":"line","lineRef":"train","ref":"SU","color":"#ECA300"},"geometry":{"type":"MultiLineString","coordinates":[[[126.85487,37.28],[126.85463,37.28149],[126.85494,37.28347],[126.8579,37.29332],[126.85878,37.29686],[126.85904,37.30246],[126.85895,37.30327],[126.85865,37.30415],[126.85808,37.305],[126.84927,37.31403],[126.84775,37.31498],[126.84677,37.31532],[126.8453,37.31563],[126.83532,37.31617],[126.82534,37.31671],[126.81536,37.31725],[126.81358,37.31748],[126.81162,37.31808],[126.80123,37.32278],[126.79976,37.32319],[126.79578,37.32398],[126.79465,37.32439],[126.79466,37.32439],[126.78563,37.32846],[126.7766,37.33253],[126.76115,37.34078],[126.75981,37.34202],[126.75659,37.34679],[126.75566,37.34766],[126.75451,37.34833],[126.75335,37.34877],[126.74004,37.35262],[126.73869,37.35326],[126.73752,37.3543],[126.73693,37.35523],[126.73661,37.35639],[126.73674,37.35785],[126.74103,37.368],[126.74124,37.36943],[126.741,37.37278],[126.74126,37.37408],[126.74182,37.37518],[126.74679,37.38204],[126.74724,37.38327],[126.74727,37.38429],[126.74666,37.38695],[126.74604,37.38814],[126.73606,37.39872],[126.73462,37.40014],[126.73351,37.40089],[126.732,37.40147],[126.73013,37.40176],[126.72818,37.40164],[126.71562,37.3995],[126.71369,37.39959],[126.71239,37.39992],[126.70498,37.40342],[126.69826,37.40607],[126.69599,37.40727],[126.6883,37.41204],[126.68061,37.41681],[126.6742,37.42061],[126.67312,37.42145],[126.66966,37.42466],[126.66659,37.42635],[126.66584,37.42671],[126.66434,37.42713],[126.66086,37.42743],[126.6598,37.42764],[126.6494,37.43243],[126.64863,37.43303],[126.64822,37.43352],[126.64784,37.43417],[126.64755,37.43516],[126.64778,37.43635],[126.65052,37.44498],[126.65054,37.44537],[126.65012,37.44739],[126.64919,37.4493],[126.64856,37.45007],[126.64712,37.45122],[126.64618,37.45221],[126.64492,37.45471],[126.64304,37.45702],[126.64077,37.4595],[126.63896,37.46047],[126.62954,37.46437],[126.62795,37.4656],[126.62546,37.46783],[126.61909,37.47176],[126.61857,37.47238],[126.61738,37.47546],[126.61733,37.47697]],[[126.6174,37.47587],[126.61744,37.47548],[126.61843,37.47286],[126.61864,37.4724],[126.61913,37.4718],[126.6255,37.46787],[126.6292,37.46466],[126.63001,37.4642],[126.63897,37.46051],[126.64088,37.45948],[126.64309,37.45705],[126.64497,37.45472],[126.64622,37.45223],[126.64715,37.45125],[126.6486,37.4501],[126.64924,37.44932],[126.65017,37.4474],[126.6506,37.44538],[126.65058,37.44497],[126.64783,37.43633],[126.64761,37.43516],[126.64789,37.43418],[126.64826,37.43354],[126.64942,37.43247],[126.65981,37.42767],[126.66086,37.42745],[126.66435,37.42716],[126.66585,37.42674],[126.66662,37.42638],[126.66968,37.42468],[126.67316,37.42147],[126.67424,37.42065],[126.68064,37.41684],[126.6957,37.40748],[126.69829,37.4061],[126.70129,37.40483],[126.705,37.40346],[126.71239,37.39996],[126.71419,37.39957],[126.71635,37.39962],[126.72817,37.40167],[126.72952,37.40181],[126.73073,37.40176],[126.73256,37.40133],[126.73354,37.40092],[126.73494,37.39991],[126.74594,37.38833],[126.74634,37.38779],[126.74671,37.38695],[126.74731,37.38429],[126.74726,37.3831],[126.74683,37.38203],[126.74187,37.37516],[126.74119,37.37369],[126.74104,37.37252],[126.74128,37.36944],[126.74108,37.36798],[126.73689,37.3581],[126.73667,37.3572],[126.73668,37.35625],[126.73702,37.35515],[126.73774,37.35411],[126.73858,37.35338],[126.74022,37.35261],[126.75335,37.3488],[126.75478,37.34826],[126.75568,37.3477],[126.75665,37.34682],[126.75988,37.34202],[126.7613,37.34074],[126.77686,37.33244],[126.78577,37.32843],[126.79468,37.32442],[126.79666,37.32381],[126.79976,37.32323],[126.80126,37.32282],[126.81238,37.31785],[126.81357,37.31752],[126.81536,37.31729],[126.82534,37.31675],[126.83533,37.31621],[126.84531,37.31567],[126.84769,37.31504],[126.84931,37.31406],[126.85201,37.31157],[126.85766,37.30582],[126.85868,37.30454],[126.8591,37.30339],[126.85917,37.30211],[126.85886,37.29686],[126.85779,37.29272],[126.85501,37.28348],[126.8547,37.28148],[126.85494,37.28]],[[127.11587,37.28],[127.1158,37.28162],[127.1153,37.28268],[127.10766,37.28931],[127.10653,37.29086],[127.10599,37.29248],[127.10567,37.29568],[127.1059,37.30625],[127.10635,37.30734],[127.10765,37.30856],[127.10804,37.30908],[127.10832,37.30977],[127.10839,37.31046],[127.10835,37.31209],[127.10719,37.3177],[127.10733,37.32231]],[[127.10737,37.32231],[127.10728,37.31745],[127.10849,37.31152],[127.10852,37.31009],[127.10826,37.30924],[127.10753,37.30834],[127.10652,37.30746],[127.10608,37.30671],[127.10597,37.30624],[127.10576,37.29762],[127.10579,37.29531],[127.10599,37.29304],[127.10644,37.29128],[127.10723,37.28995],[127.10834,37.28877],[127.11548,37.2826],[127.11595,37.28161],[127.11598,37.28]],[[127.10809,37.36539],[127.10803,37.3731],[127.10816,37.37378],[127.10845,37.37426],[127.11783,37.38098],[127.12722,37.3877],[127.1277,37.38819],[127.12809,37.38898],[127.12822,37.39645],[127.12862,37.39844],[127.12821,37.40298],[127.12863,37.4059],[127.12874,37.41518],[127.12884,37.42445],[127.12944,37.42905],[127.12886,37.43369],[127.12699,37.44387],[127.1264,37.45563],[127.12588,37.45782],[127.12582,37.46025],[127.12669,37.47171],[127.12607,37.47419],[127.12557,37.47502],[127.12507,37.47552],[127.12436,37.47584],[127.11927,37.47691],[127.11452,37.47767],[127.113,37.47817],[127.09953,37.48893],[127.09825,37.49023],[127.09603,37.49357],[127.09503,37.49438],[127.09434,37.49476],[127.09019,37.49616],[127.08887,37.4963],[127.08717,37.49609],[127.07319,37.49156],[127.06979,37.48979],[127.06889,37.48951],[127.06605,37.48908],[127.06406,37.48844],[127.06249,37.48749],[127.06049,37.48686],[127.05945,37.48691],[127.05806,37.48732],[127.05726,37.48777],[127.05643,37.48853],[127.05587,37.48947],[127.05535,37.49087],[127.05183,37.49842],[127.04831,37.50596],[127.04769,37.50663],[127.04505,37.50819],[127.04429,37.50915],[127.0391,37.52304],[127.03909,37.52331],[127.04164,37.53072],[127.04365,37.53837],[127.0439,37.54066],[127.04472,37.54362],[127.04489,37.54481],[127.04397,37.55119],[127.04332,37.55191],[127.04074,37.55347],[127.04026,37.55406],[127.04,37.55466],[127.03809,37.56389]],[[127.10737,37.32231],[127.10758,37.33034],[127.10771,37.33092],[127.10845,37.33232],[127.10898,37.33376],[127.10919,37.33494],[127.10898,37.33864],[127.10904,37.34883],[127.10891,37.35441],[127.10817,37.35931],[127.10815,37.37358],[127.10838,37.37409],[127.10882,37.37454],[127.11803,37.38111],[127.12725,37.38767],[127.12774,37.38817],[127.12814,37.38898],[127.12827,37.39645],[127.12867,37.39861],[127.12826,37.40299],[127.12868,37.40589],[127.12878,37.41517],[127.12889,37.42445],[127.12949,37.42905],[127.12891,37.43369],[127.12704,37.44388],[127.12645,37.45564],[127.12593,37.45782],[127.12587,37.46024],[127.12683,37.47149],[127.12637,37.47359],[127.12562,37.47505],[127.1251,37.47555],[127.12438,37.47588],[127.11928,37.47695],[127.11453,37.47771],[127.11303,37.4782],[127.09957,37.48895],[127.09837,37.49026],[127.09607,37.49359],[127.09507,37.49441],[127.09436,37.49479],[127.09021,37.4962],[127.08887,37.49634],[127.08715,37.49612],[127.07317,37.4916],[127.06977,37.48983],[127.06888,37.48955],[127.06604,37.48912],[127.06403,37.48847],[127.06247,37.48752],[127.06048,37.4869],[127.05947,37.48695],[127.05809,37.48736],[127.05729,37.4878],[127.05647,37.48856],[127.05592,37.48948],[127.0554,37.49087],[127.05188,37.49843],[127.04837,37.50599],[127.04837,37.50598],[127.04772,37.50666],[127.04508,37.50822],[127.04433,37.50917],[127.03915,37.52304],[127.03914,37.5233],[127.04175,37.53075],[127.0437,37.53837],[127.04395,37.54066],[127.04477,37.54361],[127.04494,37.54481],[127.04402,37.55121],[127.04339,37.55193],[127.04078,37.55351],[127.04017,37.55438],[127.03936,37.55788],[127.03853,37.56258],[127.03809,37.56389]],[[127.03812,37.56356],[127.03784,37.56444],[127.03762,37.56575],[127.03773,37.56666],[127.03801,37.56733],[127.04447,37.57581],[127.04564,37.57769],[127.04792,37.58086]],[[127.10726,37.32457],[127.10723,37.32305],[127.10733,37.32231]],[[127.10733,37.32231],[127.10752,37.33034],[127.1076,37.3308],[127.10836,37.33244],[127.10856,37.33317],[127.10893,37.33663],[127.10894,37.33663],[127.10894,37.34451],[127.10893,37.35239],[127.1088,37.35531],[127.10812,37.35931],[127.10809,37.36539]],[[127.10737,37.32231],[127.10756,37.32456]]]}},{"type":"Feature","properties":{"id":"badge-suinbundang","kind":"badge","ref":"SU","lineRef":"train","color":"#ECA300"},"geometry":{"type":"Point","coordinates":[126.74343,37.37741]}},{"type":"Feature","properties":{"id":"line-gtxa","kind":"line","lineRef":"train","ref":"GTX-A","color":"#AB087D"},"geometry":{"type":"MultiLineString","coordinates":[[[126.9725,37.55539],[126.97288,37.55699],[126.97319,37.55773],[126.97457,37.56008],[126.97626,37.562],[126.97713,37.56444],[126.97721,37.56766],[126.97693,37.56884],[126.97652,37.56958],[126.97279,37.57471],[126.97172,37.57653],[126.96769,37.58178],[126.9603,37.59348],[126.95676,37.59947],[126.95283,37.60372],[126.94756,37.60758],[126.94185,37.61141],[126.93894,37.6136],[126.93562,37.61569],[126.931,37.61753],[126.92687,37.61831],[126.91339,37.61923],[126.89991,37.62014],[126.8853,37.62137],[126.8837,37.62139],[126.87283,37.62356],[126.86568,37.62522],[126.85907,37.62653],[126.85581,37.62698],[126.8384,37.6299],[126.82621,37.63146],[126.81713,37.63238],[126.80207,37.63234],[126.79661,37.63321],[126.79394,37.63385],[126.79132,37.63485],[126.78779,37.63642],[126.77346,37.6456],[126.76738,37.64921],[126.76484,37.65098],[126.76376,37.65196],[126.75992,37.65883],[126.75892,37.65998],[126.75833,37.66047],[126.75672,37.66147],[126.74519,37.6665],[126.7428,37.66791],[126.74194,37.66893],[126.74103,37.671],[126.73728,37.6782],[126.73352,37.68539],[126.72977,37.69259],[126.7291,37.69481],[126.72826,37.69817],[126.72796,37.70245],[126.7282,37.71613]],[[126.72836,37.71614],[126.72807,37.70252],[126.72831,37.69888],[126.72924,37.69483],[126.72996,37.69257],[126.73405,37.68469],[126.73815,37.6768],[126.74224,37.66892],[126.74297,37.66804],[126.74401,37.6673],[126.7508,37.66418],[126.75679,37.66163],[126.75785,37.66104],[126.75967,37.65945],[126.7605,37.65842],[126.76235,37.6548],[126.76399,37.6521],[126.76498,37.65117],[126.76733,37.64959],[126.77365,37.64587],[126.78779,37.63654],[126.79141,37.6349],[126.79398,37.63391],[126.79673,37.63327],[126.80191,37.63247],[126.81705,37.63245],[126.82622,37.63155],[126.83842,37.62999],[126.84877,37.62833],[126.85913,37.62666],[126.86569,37.62543],[126.87104,37.62421],[126.88389,37.62167],[126.89987,37.62031],[126.91017,37.61966],[126.92047,37.61901],[126.92047,37.61902],[126.92688,37.61846],[126.9311,37.61773],[126.93577,37.61582],[126.93922,37.61359],[126.94206,37.6115],[126.95292,37.60399],[126.95688,37.59972],[126.96039,37.59357],[126.96797,37.58167],[126.97186,37.57657],[126.97375,37.57364],[126.97665,37.56964],[126.97702,37.56899],[126.97731,37.56805],[126.97727,37.56454],[126.97634,37.56189],[126.97475,37.56012],[126.97326,37.55771],[126.97263,37.55536]],[[127.10394,37.28],[127.10391,37.28856],[127.10388,37.29711],[127.10364,37.29849],[127.10364,37.30137],[127.10386,37.30263],[127.10381,37.31253],[127.10376,37.32243],[127.10371,37.33233],[127.10366,37.34222],[127.10361,37.35212],[127.10356,37.36202],[127.10351,37.37192],[127.1039,37.37355],[127.10444,37.37491],[127.10578,37.37694],[127.10816,37.37924],[127.115,37.38522],[127.11808,37.3883],[127.11903,37.38971],[127.11987,37.39161],[127.12027,37.3931],[127.12034,37.39442],[127.12014,37.3977],[127.11894,37.40622],[127.11775,37.41474],[127.11755,37.41683],[127.1175,37.4218],[127.11854,37.43537],[127.11871,37.44384],[127.11857,37.45032],[127.1181,37.45499],[127.11786,37.45987],[127.11757,37.46226],[127.11694,37.46469],[127.11649,37.46581],[127.11443,37.46984],[127.10958,37.47736],[127.10603,37.48251],[127.101,37.48691]],[[127.10132,37.48702],[127.10602,37.48263],[127.10894,37.47866],[127.11465,37.47016],[127.11677,37.46656],[127.11816,37.46325],[127.11874,37.46016],[127.11892,37.45604],[127.1189,37.45229],[127.11873,37.45034],[127.11886,37.44394],[127.11873,37.43775],[127.11844,37.43234],[127.1176,37.42174],[127.11766,37.41705],[127.11765,37.41705],[127.11879,37.40833],[127.11993,37.39961],[127.12079,37.39423],[127.1207,37.39276],[127.12048,37.39176],[127.11987,37.39028],[127.11877,37.38858],[127.11759,37.3873],[127.10825,37.37917],[127.10586,37.37685],[127.1045,37.3748],[127.10415,37.37395],[127.10366,37.37191],[127.1037,37.36202],[127.10375,37.35212],[127.10379,37.34223],[127.10383,37.33234],[127.10387,37.32245],[127.10392,37.31255],[127.10396,37.30266],[127.10417,37.30137],[127.1042,37.29848],[127.10398,37.29711],[127.10402,37.28856],[127.10406,37.28]]]}},{"type":"Feature","properties":{"id":"badge-gtxa","kind":"badge","ref":"GTX-A","lineRef":"train","color":"#AB087D"},"geometry":{"type":"Point","coordinates":[126.84737,37.62855]}},{"type":"Feature","properties":{"id":"line-seohae","kind":"line","lineRef":"train","ref":"SH","color":"#5EAC41"},"geometry":{"type":"MultiLineString","coordinates":[[[126.78674,37.30257],[126.7902,37.31038],[126.79053,37.31083],[126.79165,37.31185],[126.79317,37.31253],[126.80281,37.31496],[126.80402,37.31552],[126.80497,37.31612],[126.80554,37.31666],[126.80792,37.31985],[126.80852,37.32085],[126.80884,37.32177],[126.80885,37.32178],[126.80954,37.33048],[126.81023,37.33918],[126.81004,37.34224],[126.80854,37.35274],[126.80638,37.36263],[126.80681,37.36466],[126.80848,37.36916],[126.80876,37.37023],[126.80873,37.37226],[126.80814,37.37521],[126.80571,37.38201],[126.80334,37.38942],[126.80268,37.39076],[126.80197,37.39169],[126.80118,37.39241],[126.79145,37.40015],[126.78979,37.40175],[126.78903,37.40313],[126.78855,37.40498],[126.7869,37.41578],[126.78442,37.42362],[126.78409,37.42538],[126.78397,37.4286],[126.78413,37.43078],[126.78481,37.43491],[126.78526,37.43671],[126.79297,37.45014],[126.79661,37.45773],[126.79878,37.46414],[126.79883,37.46497],[126.79867,37.46581],[126.79715,37.46868],[126.79566,37.47093],[126.7955,37.47146],[126.79545,37.48113],[126.79462,37.48435],[126.79385,37.48832],[126.7939,37.48994],[126.79547,37.49425],[126.79647,37.49739],[126.79716,37.50399],[126.79766,37.50769],[126.7982,37.5106],[126.79905,37.51186],[126.80308,37.51547],[126.80419,37.51691],[126.80461,37.51774],[126.80476,37.51878],[126.80484,37.52972],[126.80944,37.54257],[126.80973,37.54399],[126.80973,37.54572],[126.8095,37.54679],[126.80615,37.55527],[126.80377,37.56241],[126.80293,37.5664],[126.80286,37.56998],[126.80296,37.57144],[126.80349,37.57379],[126.80449,37.57553],[126.80754,37.5797],[126.81361,37.58843],[126.82143,37.59844],[126.82281,37.59999],[126.82837,37.60393],[126.82991,37.60551],[126.83023,37.60596],[126.83049,37.60672],[126.83071,37.60836],[126.83044,37.60951],[126.82992,37.61062],[126.82944,37.61141],[126.82842,37.61249],[126.81537,37.62312],[126.81434,37.62425],[126.80935,37.63277],[126.80842,37.6341],[126.8071,37.6366],[126.80207,37.64526],[126.79649,37.65484],[126.79091,37.66442],[126.78533,37.674],[126.78466,37.67493],[126.78348,37.67603],[126.78218,37.67677],[126.76985,37.68201]],[[126.76992,37.68211],[126.7826,37.67661],[126.78409,37.67561],[126.78485,37.67477],[126.79042,37.66523],[126.796,37.6557],[126.80157,37.64616],[126.80714,37.63662],[126.80814,37.63515],[126.80939,37.63278],[126.81439,37.62426],[126.81513,37.6234],[126.81595,37.62269],[126.82848,37.61252],[126.82955,37.61139],[126.83001,37.61067],[126.83056,37.60952],[126.83084,37.60837],[126.83079,37.60739],[126.83052,37.60629],[126.8299,37.60522],[126.82924,37.60443],[126.82294,37.5999],[126.82159,37.59834],[126.81558,37.59028],[126.80957,37.58222],[126.80464,37.57539],[126.80362,37.57362],[126.80314,37.57144],[126.80306,37.5664],[126.80392,37.56245],[126.80627,37.55529],[126.8097,37.54675],[126.80995,37.54578],[126.80999,37.54385],[126.80925,37.54131],[126.80627,37.53303],[126.80496,37.52974],[126.80493,37.52076],[126.80472,37.51772],[126.80426,37.51684],[126.80317,37.51537],[126.79914,37.51172],[126.79838,37.51056],[126.79807,37.50957],[126.79746,37.50559],[126.797,37.5016],[126.79669,37.49721],[126.79627,37.49575],[126.79401,37.48988],[126.79399,37.48833],[126.79471,37.48438],[126.79553,37.48114],[126.7956,37.47147],[126.79576,37.47097],[126.79725,37.4687],[126.79877,37.46584],[126.79894,37.46499],[126.7989,37.46412],[126.79676,37.45769],[126.79525,37.45448],[126.79305,37.45011],[126.78534,37.43667],[126.7849,37.4349],[126.78423,37.43077],[126.78409,37.42861],[126.78416,37.42537],[126.7845,37.42362],[126.78699,37.41579],[126.78864,37.4047],[126.78908,37.40314],[126.78984,37.40176],[126.79149,37.40017],[126.8012,37.39244],[126.80201,37.39171],[126.80273,37.39078],[126.8034,37.38943],[126.80581,37.38202],[126.80828,37.37521],[126.80882,37.37227],[126.80882,37.37013],[126.80857,37.36915],[126.80701,37.36512],[126.80649,37.36285],[126.80865,37.35275],[126.81012,37.34226],[126.81035,37.33918],[126.81005,37.33647],[126.80896,37.32174],[126.80862,37.32078],[126.80801,37.31982],[126.80564,37.31661],[126.80503,37.31602],[126.80406,37.31543],[126.80286,37.31488],[126.79321,37.31246],[126.7917,37.31179],[126.79033,37.3104],[126.78683,37.30254]]]}},{"type":"Feature","properties":{"id":"badge-seohae","kind":"badge","ref":"SH","lineRef":"train","color":"#5EAC41"},"geometry":{"type":"Point","coordinates":[126.79683,37.49913]}},{"type":"Feature","properties":{"id":"stn-0","kind":"node","name":"Hansung University","lineRef":"metro","lab":1,"color":"#009BCE"},"geometry":{"type":"Point","coordinates":[127.00596,37.58851]}},{"type":"Feature","properties":{"id":"stn-1","kind":"node","name":"Myeonghak","lineRef":"metro","lab":1,"color":"#004A85"},"geometry":{"type":"Point","coordinates":[126.93561,37.38439]}},{"type":"Feature","properties":{"id":"stn-2","kind":"node","name":"Gwanak","lineRef":"metro","lab":1,"color":"#004A85"},"geometry":{"type":"Point","coordinates":[126.90915,37.41872]}},{"type":"Feature","properties":{"id":"stn-3","kind":"node","name":"Gunpo","lineRef":"metro","lab":1,"color":"#004A85"},"geometry":{"type":"Point","coordinates":[126.94846,37.35357]}},{"type":"Feature","properties":{"id":"stn-4","kind":"node","name":"Sungkyunkwan Univ.","lineRef":"metro","lab":1,"color":"#004A85"},"geometry":{"type":"Point","coordinates":[126.97118,37.30029]}},{"type":"Feature","properties":{"id":"stn-5","kind":"node","name":"Jegi-dong","lineRef":"metro","lab":1,"color":"#004A85"},"geometry":{"type":"Point","coordinates":[127.03447,37.57838]}},{"type":"Feature","properties":{"id":"stn-6","kind":"node","name":"Sinimun","lineRef":"metro","lab":1,"color":"#004A85"},"geometry":{"type":"Point","coordinates":[127.06729,37.60164]}},{"type":"Feature","properties":{"id":"stn-7","kind":"node","name":"Hoegi","lineRef":"train","lab":1,"color":"#007A62"},"geometry":{"type":"Point","coordinates":[127.05762,37.5895]}},{"type":"Feature","properties":{"id":"stn-8","kind":"node","name":"Wolgye","lineRef":"metro","lab":1,"color":"#004A85"},"geometry":{"type":"Point","coordinates":[127.05887,37.63306]}},{"type":"Feature","properties":{"id":"stn-9","kind":"node","name":"Nokcheon","lineRef":"metro","lab":1,"color":"#004A85"},"geometry":{"type":"Point","coordinates":[127.0514,37.64463]}},{"type":"Feature","properties":{"id":"stn-10","kind":"node","name":"Kwangwoon University","lineRef":"metro","lab":1,"color":"#004A85"},"geometry":{"type":"Point","coordinates":[127.06182,37.6237]}},{"type":"Feature","properties":{"id":"stn-11","kind":"node","name":"Chang-Dong","lineRef":"metro","lab":1,"color":"#004A85"},"geometry":{"type":"Point","coordinates":[127.04798,37.6526]}},{"type":"Feature","properties":{"id":"stn-12","kind":"node","name":"Banghak","lineRef":"metro","lab":1,"color":"#004A85"},"geometry":{"type":"Point","coordinates":[127.0443,37.66769]}},{"type":"Feature","properties":{"id":"stn-13","kind":"node","name":"Ganeung","lineRef":"metro","lab":1,"color":"#004A85"},"geometry":{"type":"Point","coordinates":[127.04436,37.74832]}},{"type":"Feature","properties":{"id":"stn-14","kind":"node","name":"Hoeryong","lineRef":"metro","lab":1,"color":"#004A85"},"geometry":{"type":"Point","coordinates":[127.04738,37.72495]}},{"type":"Feature","properties":{"id":"stn-15","kind":"node","name":"Mangwolsa","lineRef":"metro","lab":1,"color":"#004A85"},"geometry":{"type":"Point","coordinates":[127.0474,37.71025]}},{"type":"Feature","properties":{"id":"stn-16","kind":"node","name":"Yangju","lineRef":"metro","lab":1,"color":"#004A85"},"geometry":{"type":"Point","coordinates":[127.04476,37.7742]}},{"type":"Feature","properties":{"id":"stn-17","kind":"node","name":"Nogyang","lineRef":"metro","lab":1,"color":"#004A85"},"geometry":{"type":"Point","coordinates":[127.04234,37.75944]}},{"type":"Feature","properties":{"id":"stn-18","kind":"node","name":"Oryu-dong","lineRef":"metro","lab":1,"color":"#004A85"},"geometry":{"type":"Point","coordinates":[126.84454,37.49435]}},{"type":"Feature","properties":{"id":"stn-19","kind":"node","name":"Gaebong","lineRef":"metro","lab":1,"color":"#004A85"},"geometry":{"type":"Point","coordinates":[126.85875,37.49459]}},{"type":"Feature","properties":{"id":"stn-20","kind":"node","name":"Guil","lineRef":"metro","lab":1,"color":"#004A85"},"geometry":{"type":"Point","coordinates":[126.86971,37.49621]}},{"type":"Feature","properties":{"id":"stn-21","kind":"node","name":"Jung-dong","lineRef":"metro","lab":1,"color":"#004A85"},"geometry":{"type":"Point","coordinates":[126.76397,37.48678]}},{"type":"Feature","properties":{"id":"stn-22","kind":"node","name":"Songnae","lineRef":"metro","lab":1,"color":"#004A85"},"geometry":{"type":"Point","coordinates":[126.75288,37.4877]}},{"type":"Feature","properties":{"id":"stn-23","kind":"node","name":"Bupyeong","lineRef":"metro","lab":1,"color":"#004A85"},"geometry":{"type":"Point","coordinates":[126.72456,37.48945]}},{"type":"Feature","properties":{"id":"stn-24","kind":"node","name":"소사","lineRef":"metro","lab":1,"color":"#004A85"},"geometry":{"type":"Point","coordinates":[126.79559,37.48277]}},{"type":"Feature","properties":{"id":"stn-25","kind":"node","name":"Bucheon","lineRef":"metro","lab":1,"color":"#004A85"},"geometry":{"type":"Point","coordinates":[126.78273,37.48411]}},{"type":"Feature","properties":{"id":"stn-26","kind":"node","name":"Dohwa","lineRef":"metro","lab":1,"color":"#004A85"},"geometry":{"type":"Point","coordinates":[126.66826,37.46612]}},{"type":"Feature","properties":{"id":"stn-27","kind":"node","name":"Jemulpo","lineRef":"metro","lab":1,"color":"#004A85"},"geometry":{"type":"Point","coordinates":[126.65698,37.46681]}},{"type":"Feature","properties":{"id":"stn-28","kind":"node","name":"Dowon","lineRef":"metro","lab":1,"color":"#004A85"},"geometry":{"type":"Point","coordinates":[126.6424,37.46883]}},{"type":"Feature","properties":{"id":"stn-29","kind":"node","name":"Baegun","lineRef":"metro","lab":1,"color":"#004A85"},"geometry":{"type":"Point","coordinates":[126.70711,37.48312]}},{"type":"Feature","properties":{"id":"stn-30","kind":"node","name":"Dongam","lineRef":"metro","lab":1,"color":"#004A85"},"geometry":{"type":"Point","coordinates":[126.70288,37.47105]}},{"type":"Feature","properties":{"id":"stn-31","kind":"node","name":"Juan","lineRef":"metro","lab":1,"color":"#004A85"},"geometry":{"type":"Point","coordinates":[126.68063,37.46508]}},{"type":"Feature","properties":{"id":"stn-32","kind":"node","name":"Gwacheon","lineRef":"metro","lab":1,"color":"#009BCE"},"geometry":{"type":"Point","coordinates":[126.99696,37.43307]}},{"type":"Feature","properties":{"id":"stn-33","kind":"node","name":"Seoul Racecourse Park","lineRef":"metro","lab":1,"color":"#009BCE"},"geometry":{"type":"Point","coordinates":[127.0079,37.44376]}},{"type":"Feature","properties":{"id":"stn-34","kind":"node","name":"Ilwon","lineRef":"metro","lab":1,"color":"#ED6C00"},"geometry":{"type":"Point","coordinates":[127.08438,37.48369]}},{"type":"Feature","properties":{"id":"stn-35","kind":"node","name":"Sangnoksu","lineRef":"metro","lab":1,"color":"#009BCE"},"geometry":{"type":"Point","coordinates":[126.86678,37.30281]}},{"type":"Feature","properties":{"id":"stn-36","kind":"node","name":"Geumjeong","lineRef":"metro","lab":1,"color":"#004A85"},"geometry":{"type":"Point","coordinates":[126.9434,37.37231]}},{"type":"Feature","properties":{"id":"stn-37","kind":"node","name":"Pyeongchon","lineRef":"metro","lab":1,"color":"#009BCE"},"geometry":{"type":"Point","coordinates":[126.96388,37.39429]}},{"type":"Feature","properties":{"id":"stn-38","kind":"node","name":"Sanbon","lineRef":"metro","lab":1,"color":"#009BCE"},"geometry":{"type":"Point","coordinates":[126.9331,37.35807]}},{"type":"Feature","properties":{"id":"stn-39","kind":"node","name":"Yangwon","lineRef":"train","lab":1,"color":"#6AC2B3"},"geometry":{"type":"Point","coordinates":[127.10793,37.60658]}},{"type":"Feature","properties":{"id":"stn-40","kind":"node","name":"Guri","lineRef":"train","lab":1,"color":"#6AC2B3"},"geometry":{"type":"Point","coordinates":[127.14337,37.60325]}},{"type":"Feature","properties":{"id":"stn-41","kind":"node","name":"Hannam","lineRef":"train","lab":1,"color":"#6AC2B3"},"geometry":{"type":"Point","coordinates":[127.00924,37.52945]}},{"type":"Feature","properties":{"id":"stn-42","kind":"node","name":"Ilsan","lineRef":"train","lab":1,"color":"#6AC2B3"},"geometry":{"type":"Point","coordinates":[126.7695,37.68222]}},{"type":"Feature","properties":{"id":"stn-43","kind":"node","name":"Susaek","lineRef":"train","lab":1,"color":"#6AC2B3"},"geometry":{"type":"Point","coordinates":[126.89555,37.58076]}},{"type":"Feature","properties":{"id":"stn-44","kind":"node","name":"Jungnang","lineRef":"train","lab":1,"color":"#6AC2B3"},"geometry":{"type":"Point","coordinates":[127.07631,37.59498]}},{"type":"Feature","properties":{"id":"stn-45","kind":"node","name":"Dangjeong","lineRef":"metro","lab":1,"color":"#004A85"},"geometry":{"type":"Point","coordinates":[126.94836,37.34343]}},{"type":"Feature","properties":{"id":"stn-46","kind":"node","name":"Mangu","lineRef":"train","lab":1,"color":"#007A62"},"geometry":{"type":"Point","coordinates":[127.09186,37.59963]}},{"type":"Feature","properties":{"id":"stn-48","kind":"node","name":"National Assembly","lineRef":"metro","lab":1,"color":"#A49D87"},"geometry":{"type":"Point","coordinates":[126.91796,37.52802]}},{"type":"Feature","properties":{"id":"stn-49","kind":"node","name":"Guseong","lineRef":"train","lab":1,"color":"#ECA300"},"geometry":{"type":"Point","coordinates":[127.10575,37.29901]}},{"type":"Feature","properties":{"id":"stn-50","kind":"node","name":"Singal","lineRef":"train","lab":1,"color":"#ECA300"},"geometry":{"type":"Point","coordinates":[127.11138,37.28615]}},{"type":"Feature","properties":{"id":"stn-51","kind":"node","name":"Nodeul","lineRef":"metro","lab":1,"color":"#A49D87"},"geometry":{"type":"Point","coordinates":[126.95355,37.51297]}},{"type":"Feature","properties":{"id":"stn-52","kind":"node","name":"Sinseol-dong","lineRef":"metro","lab":1,"color":"#004A85"},"geometry":{"type":"Point","coordinates":[127.02467,37.57605]}},{"type":"Feature","properties":{"id":"stn-53","kind":"node","name":"Korea Aerospace University","lineRef":"train","lab":1,"color":"#6AC2B3"},"geometry":{"type":"Point","coordinates":[126.8684,37.60278]}},{"type":"Feature","properties":{"id":"stn-54","kind":"node","name":"Goksan","lineRef":"train","lab":1,"color":"#5EAC41"},"geometry":{"type":"Point","coordinates":[126.80181,37.64575]}},{"type":"Feature","properties":{"id":"stn-55","kind":"node","name":"Baengma","lineRef":"train","lab":1,"color":"#6AC2B3"},"geometry":{"type":"Point","coordinates":[126.79448,37.65833]}},{"type":"Feature","properties":{"id":"stn-56","kind":"node","name":"Pungsan","lineRef":"train","lab":1,"color":"#5EAC41"},"geometry":{"type":"Point","coordinates":[126.78624,37.67235]}},{"type":"Feature","properties":{"id":"stn-57","kind":"node","name":"Yongdap","lineRef":"metro","lab":1,"color":"#00A23F"},"geometry":{"type":"Point","coordinates":[127.05086,37.56209]}},{"type":"Feature","properties":{"id":"stn-58","kind":"node","name":"Sinchon","lineRef":"train","lab":1,"color":"#6AC2B3"},"geometry":{"type":"Point","coordinates":[126.94236,37.55978]}},{"type":"Feature","properties":{"id":"stn-59","kind":"node","name":"Suseo","lineRef":"metro","lab":1,"color":"#ED6C00"},"geometry":{"type":"Point","coordinates":[127.10184,37.48742]}},{"type":"Feature","properties":{"id":"stn-60","kind":"node","name":"Gwangmyeong","lineRef":"metro","lab":1,"color":"#004A85"},"geometry":{"type":"Point","coordinates":[126.8847,37.41638]}},{"type":"Feature","properties":{"id":"stn-61","kind":"node","name":"Sareung","lineRef":"train","lab":1,"color":"#007A62"},"geometry":{"type":"Point","coordinates":[127.1769,37.6511]}},{"type":"Feature","properties":{"id":"stn-62","kind":"node","name":"Gyeyang","lineRef":"train","lab":1,"color":"#0079AC"},"geometry":{"type":"Point","coordinates":[126.73586,37.5715]}},{"type":"Feature","properties":{"id":"stn-63","kind":"node","name":"Dongincheon","lineRef":"metro","lab":1,"color":"#004A85"},"geometry":{"type":"Point","coordinates":[126.63306,37.47513]}},{"type":"Feature","properties":{"id":"stn-64","kind":"node","name":"Ganseok","lineRef":"metro","lab":1,"color":"#004A85"},"geometry":{"type":"Point","coordinates":[126.69353,37.46473]}},{"type":"Feature","properties":{"id":"stn-65","kind":"node","name":"Unseo","lineRef":"train","lab":1,"color":"#0079AC"},"geometry":{"type":"Point","coordinates":[126.49381,37.49293]}},{"type":"Feature","properties":{"id":"stn-66","kind":"node","name":"Bugae","lineRef":"metro","lab":1,"color":"#004A85"},"geometry":{"type":"Point","coordinates":[126.74061,37.48849]}},{"type":"Feature","properties":{"id":"stn-67","kind":"node","name":"Darwol","lineRef":"train","lab":1,"color":"#ECA300"},"geometry":{"type":"Point","coordinates":[126.74536,37.37998]}},{"type":"Feature","properties":{"id":"stn-68","kind":"node","name":"Chungjeongno","lineRef":"metro","lab":1,"color":"#00A23F"},"geometry":{"type":"Point","coordinates":[126.96291,37.55937]}},{"type":"Feature","properties":{"id":"stn-69","kind":"node","name":"Sang-dong","lineRef":"metro","lab":1,"color":"#6E7E31"},"geometry":{"type":"Point","coordinates":[126.75317,37.50584]}},{"type":"Feature","properties":{"id":"stn-70","kind":"node","name":"Sogang Univ.","lineRef":"train","lab":1,"color":"#6AC2B3"},"geometry":{"type":"Point","coordinates":[126.93518,37.55235]}},{"type":"Feature","properties":{"id":"stn-71","kind":"node","name":"Cheongna Int'l City","lineRef":"train","lab":1,"color":"#0079AC"},"geometry":{"type":"Point","coordinates":[126.62469,37.55645]}},{"type":"Feature","properties":{"id":"stn-72","kind":"node","name":"Jongno 5(o)-ga","lineRef":"metro","lab":1,"color":"#004A85"},"geometry":{"type":"Point","coordinates":[127.00202,37.57099]}},{"type":"Feature","properties":{"id":"stn-75","kind":"node","name":"Bongeunsa","lineRef":"metro","lab":1,"color":"#A49D87"},"geometry":{"type":"Point","coordinates":[127.06024,37.51419]}},{"type":"Feature","properties":{"id":"stn-76","kind":"node","name":"Eonju","lineRef":"metro","lab":1,"color":"#A49D87"},"geometry":{"type":"Point","coordinates":[127.03387,37.50732]}},{"type":"Feature","properties":{"id":"stn-77","kind":"node","name":"Samseong Jungang","lineRef":"metro","lab":1,"color":"#A49D87"},"geometry":{"type":"Point","coordinates":[127.05347,37.5131]}},{"type":"Feature","properties":{"id":"stn-78","kind":"node","name":"Sapyeong","lineRef":"metro","lab":1,"color":"#A49D87"},"geometry":{"type":"Point","coordinates":[127.01514,37.5043]}},{"type":"Feature","properties":{"id":"stn-79","kind":"node","name":"Seonjeongneung","lineRef":"train","lab":1,"color":"#ECA300"},"geometry":{"type":"Point","coordinates":[127.04386,37.51025]}},{"type":"Feature","properties":{"id":"stn-80","kind":"node","name":"Sinnonhyeon","lineRef":"metro","lab":1,"color":"#B81B30"},"geometry":{"type":"Point","coordinates":[127.02453,37.50432]}},{"type":"Feature","properties":{"id":"stn-81","kind":"node","name":"Hankuk Univ. of Foreign Studies","lineRef":"metro","lab":1,"color":"#004A85"},"geometry":{"type":"Point","coordinates":[127.06374,37.59631]}},{"type":"Feature","properties":{"id":"stn-82","kind":"node","name":"Gubanpo","lineRef":"metro","lab":1,"color":"#A49D87"},"geometry":{"type":"Point","coordinates":[126.98678,37.50129]}},{"type":"Feature","properties":{"id":"stn-83","kind":"node","name":"Heukseok","lineRef":"metro","lab":1,"color":"#A49D87"},"geometry":{"type":"Point","coordinates":[126.96395,37.50838]}},{"type":"Feature","properties":{"id":"stn-84","kind":"node","name":"Sinbanpo","lineRef":"metro","lab":1,"color":"#A49D87"},"geometry":{"type":"Point","coordinates":[126.99642,37.5036]}},{"type":"Feature","properties":{"id":"stn-85","kind":"node","name":"Yeongjong","lineRef":"train","lab":1,"color":"#0079AC"},"geometry":{"type":"Point","coordinates":[126.5246,37.51189]}},{"type":"Feature","properties":{"id":"stn-86","kind":"node","name":"Yadang","lineRef":"train","lab":1,"color":"#6AC2B3"},"geometry":{"type":"Point","coordinates":[126.76152,37.71297]}},{"type":"Feature","properties":{"id":"stn-87","kind":"node","name":"Unjeong","lineRef":"train","lab":1,"color":"#6AC2B3"},"geometry":{"type":"Point","coordinates":[126.76705,37.72533]}},{"type":"Feature","properties":{"id":"stn-88","kind":"node","name":"Uiwang","lineRef":"metro","lab":1,"color":"#004A85"},"geometry":{"type":"Point","coordinates":[126.94803,37.321]}},{"type":"Feature","properties":{"id":"stn-89","kind":"node","name":"Hwaseo","lineRef":"metro","lab":1,"color":"#004A85"},"geometry":{"type":"Point","coordinates":[126.98961,37.28391]}},{"type":"Feature","properties":{"id":"stn-90","kind":"node","name":"Daeyami","lineRef":"metro","lab":1,"color":"#009BCE"},"geometry":{"type":"Point","coordinates":[126.91686,37.32793]}},{"type":"Feature","properties":{"id":"stn-91","kind":"node","name":"Onsu","lineRef":"metro","lab":1,"color":"#004A85"},"geometry":{"type":"Point","coordinates":[126.82353,37.4923]}},{"type":"Feature","properties":{"id":"stn-93","kind":"node","name":"Eungbong","lineRef":"train","lab":1,"color":"#6AC2B3"},"geometry":{"type":"Point","coordinates":[127.03473,37.55028]}},{"type":"Feature","properties":{"id":"stn-94","kind":"node","name":"Dobong","lineRef":"metro","lab":1,"color":"#004A85"},"geometry":{"type":"Point","coordinates":[127.04555,37.67921]}},{"type":"Feature","properties":{"id":"stn-95","kind":"node","name":"Seobinggo","lineRef":"train","lab":1,"color":"#6AC2B3"},"geometry":{"type":"Point","coordinates":[126.98832,37.51957]}},{"type":"Feature","properties":{"id":"stn-96","kind":"node","name":"Wolgot","lineRef":"train","lab":1,"color":"#ECA300"},"geometry":{"type":"Point","coordinates":[126.7427,37.39179]}},{"type":"Feature","properties":{"id":"stn-97","kind":"node","name":"Singiloncheon","lineRef":"metro","lab":1,"color":"#009BCE"},"geometry":{"type":"Point","coordinates":[126.7673,37.33754]}},{"type":"Feature","properties":{"id":"stn-98","kind":"node","name":"Gurae","lineRef":"metro","lab":1,"color":"#957326"},"geometry":{"type":"Point","coordinates":[126.62872,37.64535]}},{"type":"Feature","properties":{"id":"stn-99","kind":"node","name":"Jeongwang","lineRef":"metro","lab":1,"color":"#009BCE"},"geometry":{"type":"Point","coordinates":[126.74295,37.35181]}},{"type":"Feature","properties":{"id":"stn-100","kind":"node","name":"Surisan","lineRef":"metro","lab":1,"color":"#009BCE"},"geometry":{"type":"Point","coordinates":[126.92556,37.35042]}},{"type":"Feature","properties":{"id":"stn-101","kind":"node","name":"Jungang","lineRef":"train","lab":1,"color":"#ECA300"},"geometry":{"type":"Point","coordinates":[126.83853,37.31603]}},{"type":"Feature","properties":{"id":"stn-102","kind":"node","name":"Yangjae","lineRef":"metro","lab":1,"color":"#B81B30"},"geometry":{"type":"Point","coordinates":[127.03415,37.4844]}},{"type":"Feature","properties":{"id":"stn-103","kind":"node","name":"Ichon","lineRef":"train","lab":1,"color":"#6AC2B3"},"geometry":{"type":"Point","coordinates":[126.97336,37.52244]}},{"type":"Feature","properties":{"id":"stn-104","kind":"node","name":"Hanam Pungsan","lineRef":"metro","lab":1,"color":"#794698"},"geometry":{"type":"Point","coordinates":[127.20363,37.55196]}},{"type":"Feature","properties":{"id":"stn-105","kind":"node","name":"Hanam City Hall","lineRef":"metro","lab":1,"color":"#794698"},"geometry":{"type":"Point","coordinates":[127.2067,37.54177]}},{"type":"Feature","properties":{"id":"stn-106","kind":"node","name":"Hanam Geomdansan","lineRef":"metro","lab":1,"color":"#794698"},"geometry":{"type":"Point","coordinates":[127.22353,37.5397]}},{"type":"Feature","properties":{"id":"stn-107","kind":"node","name":"Bokjeong","lineRef":"train","lab":1,"color":"#ECA300"},"geometry":{"type":"Point","coordinates":[127.12671,37.47058]}},{"type":"Feature","properties":{"id":"stn-108","kind":"node","name":"Geumchon","lineRef":"train","lab":1,"color":"#6AC2B3"},"geometry":{"type":"Point","coordinates":[126.77458,37.76623]}},{"type":"Feature","properties":{"id":"stn-109","kind":"node","name":"Tanhyeon","lineRef":"train","lab":1,"color":"#6AC2B3"},"geometry":{"type":"Point","coordinates":[126.76103,37.69411]}},{"type":"Feature","properties":{"id":"stn-110","kind":"node","name":"Haengsin","lineRef":"train","lab":1,"color":"#6AC2B3"},"geometry":{"type":"Point","coordinates":[126.83406,37.61203]}},{"type":"Feature","properties":{"id":"stn-111","kind":"node","name":"Seoksu","lineRef":"metro","lab":1,"color":"#004A85"},"geometry":{"type":"Point","coordinates":[126.90231,37.43513]}},{"type":"Feature","properties":{"id":"stn-112","kind":"node","name":"Doksan","lineRef":"metro","lab":1,"color":"#004A85"},"geometry":{"type":"Point","coordinates":[126.88948,37.46607]}},{"type":"Feature","properties":{"id":"stn-113","kind":"node","name":"Anyang","lineRef":"metro","lab":1,"color":"#004A85"},"geometry":{"type":"Point","coordinates":[126.92288,37.40163]}},{"type":"Feature","properties":{"id":"stn-114","kind":"node","name":"Donong","lineRef":"train","lab":1,"color":"#6AC2B3"},"geometry":{"type":"Point","coordinates":[127.16119,37.60878]}},{"type":"Feature","properties":{"id":"stn-115","kind":"node","name":"Yangjeong","lineRef":"train","lab":1,"color":"#6AC2B3"},"geometry":{"type":"Point","coordinates":[127.19461,37.60402]}},{"type":"Feature","properties":{"id":"stn-116","kind":"node","name":"Deokso","lineRef":"train","lab":1,"color":"#6AC2B3"},"geometry":{"type":"Point","coordinates":[127.20882,37.5869]}},{"type":"Feature","properties":{"id":"stn-117","kind":"node","name":"Dosim","lineRef":"train","lab":1,"color":"#6AC2B3"},"geometry":{"type":"Point","coordinates":[127.22268,37.57963]}},{"type":"Feature","properties":{"id":"stn-118","kind":"node","name":"Paldang","lineRef":"train","lab":1,"color":"#6AC2B3"},"geometry":{"type":"Point","coordinates":[127.24381,37.54749]}},{"type":"Feature","properties":{"id":"stn-119","kind":"node","name":"Sinnae","lineRef":"train","lab":1,"color":"#007A62"},"geometry":{"type":"Point","coordinates":[127.10324,37.61265]}},{"type":"Feature","properties":{"id":"stn-120","kind":"node","name":"Geumcheon-gu Office","lineRef":"metro","lab":1,"color":"#004A85"},"geometry":{"type":"Point","coordinates":[126.8939,37.45581]}},{"type":"Feature","properties":{"id":"stn-121","kind":"node","name":"Gangmae","lineRef":"train","lab":1,"color":"#6AC2B3"},"geometry":{"type":"Point","coordinates":[126.84453,37.61229]}},{"type":"Feature","properties":{"id":"stn-122","kind":"node","name":"Neunggok","lineRef":"train","lab":1,"color":"#5EAC41"},"geometry":{"type":"Point","coordinates":[126.82052,37.61894]}},{"type":"Feature","properties":{"id":"stn-123","kind":"node","name":"Amsa History Park","lineRef":"metro","lab":1,"color":"#D11D70"},"geometry":{"type":"Point","coordinates":[127.13743,37.55705]}},{"type":"Feature","properties":{"id":"stn-124","kind":"node","name":"Sari","lineRef":"train","lab":1,"color":"#ECA300"},"geometry":{"type":"Point","coordinates":[126.8572,37.29087]}},{"type":"Feature","properties":{"id":"stn-125","kind":"node","name":"Oido","lineRef":"train","lab":1,"color":"#ECA300"},"geometry":{"type":"Point","coordinates":[126.73849,37.36192]}},{"type":"Feature","properties":{"id":"stn-126","kind":"node","name":"Bomun","lineRef":"metro","lab":1,"color":"#7C4932"},"geometry":{"type":"Point","coordinates":[127.01937,37.58527]}},{"type":"Feature","properties":{"id":"stn-127","kind":"node","name":"Dongjak","lineRef":"metro","lab":1,"color":"#A49D87"},"geometry":{"type":"Point","coordinates":[126.9782,37.50297]}},{"type":"Feature","properties":{"id":"stn-128","kind":"node","name":"Seoul","lineRef":"train","lab":1,"color":"#0079AC"},"geometry":{"type":"Point","coordinates":[126.97078,37.55455]}},{"type":"Feature","properties":{"id":"stn-129","kind":"node","name":"Dogok","lineRef":"metro","lab":1,"color":"#ED6C00"},"geometry":{"type":"Point","coordinates":[127.05547,37.49091]}},{"type":"Feature","properties":{"id":"stn-130","kind":"node","name":"Gimpo Int'l Airport","lineRef":"metro","lab":1,"color":"#794698"},"geometry":{"type":"Point","coordinates":[126.80139,37.56192]}},{"type":"Feature","properties":{"id":"stn-131","kind":"node","name":"Dongdaemun History & Culture Park Station (DDP)","lineRef":"metro","lab":1,"color":"#009BCE"},"geometry":{"type":"Point","coordinates":[127.00812,37.56526]}},{"type":"Feature","properties":{"id":"stn-132","kind":"node","name":"Guro","lineRef":"metro","lab":1,"color":"#004A85"},"geometry":{"type":"Point","coordinates":[126.88251,37.50345]}},{"type":"Feature","properties":{"id":"stn-133","kind":"node","name":"Bukhansan Bogungmun","lineRef":"metro","lab":1,"color":"#BACC50"},"geometry":{"type":"Point","coordinates":[127.00817,37.61218]}},{"type":"Feature","properties":{"id":"stn-134","kind":"node","name":"Anguk","lineRef":"metro","lab":1,"color":"#ED6C00"},"geometry":{"type":"Point","coordinates":[126.98617,37.57683]}},{"type":"Feature","properties":{"id":"stn-135","kind":"node","name":"Gangil","lineRef":"metro","lab":1,"color":"#794698"},"geometry":{"type":"Point","coordinates":[127.17576,37.55748]}},{"type":"Feature","properties":{"id":"stn-136","kind":"node","name":"Cheonho","lineRef":"metro","lab":1,"color":"#D11D70"},"geometry":{"type":"Point","coordinates":[127.1234,37.53852]}},{"type":"Feature","properties":{"id":"stn-137","kind":"node","name":"Geumneung","lineRef":"train","lab":1,"color":"#6AC2B3"},"geometry":{"type":"Point","coordinates":[126.76534,37.75138]}},{"type":"Feature","properties":{"id":"stn-138","kind":"node","name":"Woninjae","lineRef":"train","lab":1,"color":"#ECA300"},"geometry":{"type":"Point","coordinates":[126.68816,37.41263]}},{"type":"Feature","properties":{"id":"stn-139","kind":"node","name":"Seowon","lineRef":"metro","lab":1,"color":"#6789CA"},"geometry":{"type":"Point","coordinates":[126.93301,37.47821]}},{"type":"Feature","properties":{"id":"stn-140","kind":"node","name":"Dongdaemun","lineRef":"metro","lab":1,"color":"#004A85"},"geometry":{"type":"Point","coordinates":[127.01149,37.57186]}},{"type":"Feature","properties":{"id":"stn-141","kind":"node","name":"Banwol","lineRef":"metro","lab":1,"color":"#009BCE"},"geometry":{"type":"Point","coordinates":[126.90384,37.31242]}},{"type":"Feature","properties":{"id":"stn-142","kind":"node","name":"Samgakji","lineRef":"metro","lab":1,"color":"#009BCE"},"geometry":{"type":"Point","coordinates":[126.97389,37.53548]}},{"type":"Feature","properties":{"id":"stn-143","kind":"node","name":"Dobongsan","lineRef":"metro","lab":1,"color":"#004A85"},"geometry":{"type":"Point","coordinates":[127.04608,37.68984]}},{"type":"Feature","properties":{"id":"stn-144","kind":"node","name":"Yeongdeungpo","lineRef":"metro","lab":1,"color":"#004A85"},"geometry":{"type":"Point","coordinates":[126.90693,37.51536]}},{"type":"Feature","properties":{"id":"stn-145","kind":"node","name":"Noryangjin","lineRef":"metro","lab":1,"color":"#004A85"},"geometry":{"type":"Point","coordinates":[126.94204,37.51424]}},{"type":"Feature","properties":{"id":"stn-146","kind":"node","name":"Yongsan","lineRef":"metro","lab":1,"color":"#004A85"},"geometry":{"type":"Point","coordinates":[126.96483,37.52995]}},{"type":"Feature","properties":{"id":"stn-147","kind":"node","name":"Jonggak","lineRef":"metro","lab":1,"color":"#004A85"},"geometry":{"type":"Point","coordinates":[126.98318,37.57017]}},{"type":"Feature","properties":{"id":"stn-148","kind":"node","name":"Konkuk Univ.","lineRef":"metro","lab":1,"color":"#6E7E31"},"geometry":{"type":"Point","coordinates":[127.07086,37.54044]}},{"type":"Feature","properties":{"id":"stn-149","kind":"node","name":"Migeum","lineRef":"metro","lab":1,"color":"#B81B30"},"geometry":{"type":"Point","coordinates":[127.10889,37.34998]}},{"type":"Feature","properties":{"id":"stn-150","kind":"node","name":"Jeongja","lineRef":"metro","lab":1,"color":"#B81B30"},"geometry":{"type":"Point","coordinates":[127.10844,37.36665]}},{"type":"Feature","properties":{"id":"stn-151","kind":"node","name":"Geumgok","lineRef":"train","lab":1,"color":"#007A62"},"geometry":{"type":"Point","coordinates":[127.20744,37.63729]}},{"type":"Feature","properties":{"id":"stn-152","kind":"node","name":"PyeongnaeHopyeong","lineRef":"train","lab":1,"color":"#007A62"},"geometry":{"type":"Point","coordinates":[127.24449,37.65321]}},{"type":"Feature","properties":{"id":"stn-153","kind":"node","name":"Cheonmasan","lineRef":"train","lab":1,"color":"#007A62"},"geometry":{"type":"Point","coordinates":[127.28505,37.65922]}},{"type":"Feature","properties":{"id":"stn-154","kind":"node","name":"Imae","lineRef":"train","lab":1,"color":"#ECA300"},"geometry":{"type":"Point","coordinates":[127.1284,37.39464]}},{"type":"Feature","properties":{"id":"stn-155","kind":"node","name":"Galmae","lineRef":"train","lab":1,"color":"#007A62"},"geometry":{"type":"Point","coordinates":[127.11473,37.63395]}},{"type":"Feature","properties":{"id":"stn-156","kind":"node","name":"Byeollae","lineRef":"train","lab":1,"color":"#007A62"},"geometry":{"type":"Point","coordinates":[127.12761,37.64233]}},{"type":"Feature","properties":{"id":"stn-157","kind":"node","name":"Toegyewon","lineRef":"train","lab":1,"color":"#007A62"},"geometry":{"type":"Point","coordinates":[127.14353,37.64826]}},{"type":"Feature","properties":{"id":"stn-158","kind":"node","name":"Gajwa","lineRef":"train","lab":1,"color":"#6AC2B3"},"geometry":{"type":"Point","coordinates":[126.91506,37.56868]}},{"type":"Feature","properties":{"id":"stn-159","kind":"node","name":"Namyeong","lineRef":"metro","lab":1,"color":"#004A85"},"geometry":{"type":"Point","coordinates":[126.97132,37.54054]}},{"type":"Feature","properties":{"id":"stn-160","kind":"node","name":"Daebang","lineRef":"metro","lab":1,"color":"#004A85"},"geometry":{"type":"Point","coordinates":[126.92648,37.51336]}},{"type":"Feature","properties":{"id":"stn-161","kind":"node","name":"Incheon","lineRef":"metro","lab":1,"color":"#004A85"},"geometry":{"type":"Point","coordinates":[126.61689,37.47668]}},{"type":"Feature","properties":{"id":"stn-162","kind":"node","name":"Namdong Induspark","lineRef":"train","lab":1,"color":"#ECA300"},"geometry":{"type":"Point","coordinates":[126.69523,37.40775]}},{"type":"Feature","properties":{"id":"stn-163","kind":"node","name":"Hogupo","lineRef":"train","lab":1,"color":"#ECA300"},"geometry":{"type":"Point","coordinates":[126.70864,37.40169]}},{"type":"Feature","properties":{"id":"stn-164","kind":"node","name":"Incheon Nonhyeon","lineRef":"train","lab":1,"color":"#ECA300"},"geometry":{"type":"Point","coordinates":[126.72256,37.40069]}},{"type":"Feature","properties":{"id":"stn-165","kind":"node","name":"Soraepogu","lineRef":"train","lab":1,"color":"#ECA300"},"geometry":{"type":"Point","coordinates":[126.73353,37.40092]}},{"type":"Feature","properties":{"id":"stn-166","kind":"node","name":"Sungui","lineRef":"train","lab":1,"color":"#ECA300"},"geometry":{"type":"Point","coordinates":[126.63823,37.46079]}},{"type":"Feature","properties":{"id":"stn-167","kind":"node","name":"Sinpo","lineRef":"train","lab":1,"color":"#ECA300"},"geometry":{"type":"Point","coordinates":[126.62482,37.46826]}},{"type":"Feature","properties":{"id":"stn-168","kind":"node","name":"Inha Univ.","lineRef":"train","lab":1,"color":"#ECA300"},"geometry":{"type":"Point","coordinates":[126.64978,37.44825]}},{"type":"Feature","properties":{"id":"stn-169","kind":"node","name":"Songdo","lineRef":"train","lab":1,"color":"#ECA300"},"geometry":{"type":"Point","coordinates":[126.65472,37.42994]}},{"type":"Feature","properties":{"id":"stn-170","kind":"node","name":"Yeonsu","lineRef":"train","lab":1,"color":"#ECA300"},"geometry":{"type":"Point","coordinates":[126.67897,37.41779]}},{"type":"Feature","properties":{"id":"stn-171","kind":"node","name":"Ansan","lineRef":"train","lab":1,"color":"#ECA300"},"geometry":{"type":"Point","coordinates":[126.7888,37.32705]}},{"type":"Feature","properties":{"id":"stn-172","kind":"node","name":"Eungam","lineRef":"metro","lab":1,"color":"#7C4932"},"geometry":{"type":"Point","coordinates":[126.91553,37.59843]}},{"type":"Feature","properties":{"id":"stn-173","kind":"node","name":"Hapjeong","lineRef":"metro","lab":1,"color":"#00A23F"},"geometry":{"type":"Point","coordinates":[126.91366,37.54936]}},{"type":"Feature","properties":{"id":"stn-174","kind":"node","name":"Dongmyo","lineRef":"metro","lab":1,"color":"#004A85"},"geometry":{"type":"Point","coordinates":[127.01743,37.57351]}},{"type":"Feature","properties":{"id":"stn-175","kind":"node","name":"Korea Univ.","lineRef":"metro","lab":1,"color":"#7C4932"},"geometry":{"type":"Point","coordinates":[127.03601,37.59038]}},{"type":"Feature","properties":{"id":"stn-178","kind":"node","name":"Geomam","lineRef":"train","lab":1,"color":"#0079AC"},"geometry":{"type":"Point","coordinates":[126.67371,37.56918]}},{"type":"Feature","properties":{"id":"stn-179","kind":"node","name":"Incheon International Airport Cargo Terminal","lineRef":"train","lab":1,"color":"#0079AC"},"geometry":{"type":"Point","coordinates":[126.4775,37.45903]}},{"type":"Feature","properties":{"id":"stn-180","kind":"node","name":"Incheon Int'l Airport Terminal 1","lineRef":"train","lab":1,"color":"#0079AC"},"geometry":{"type":"Point","coordinates":[126.45278,37.44716]}},{"type":"Feature","properties":{"id":"stn-181","kind":"node","name":"Incheon Int'l Airport Terminal 2","lineRef":"train","lab":1,"color":"#0079AC"},"geometry":{"type":"Point","coordinates":[126.43347,37.46894]}},{"type":"Feature","properties":{"id":"stn-182","kind":"node","name":"Wonsi","lineRef":"train","lab":1,"color":"#5EAC41"},"geometry":{"type":"Point","coordinates":[126.78678,37.30256]}},{"type":"Feature","properties":{"id":"stn-183","kind":"node","name":"Siu","lineRef":"train","lab":1,"color":"#5EAC41"},"geometry":{"type":"Point","coordinates":[126.79564,37.31311]}},{"type":"Feature","properties":{"id":"stn-184","kind":"node","name":"Choji","lineRef":"metro","lab":1,"color":"#009BCE"},"geometry":{"type":"Point","coordinates":[126.80788,37.31984]}},{"type":"Feature","properties":{"id":"stn-185","kind":"node","name":"Seonbu","lineRef":"train","lab":1,"color":"#5EAC41"},"geometry":{"type":"Point","coordinates":[126.8099,37.33446]}},{"type":"Feature","properties":{"id":"stn-186","kind":"node","name":"Dalmi","lineRef":"train","lab":1,"color":"#5EAC41"},"geometry":{"type":"Point","coordinates":[126.80907,37.3491]}},{"type":"Feature","properties":{"id":"stn-187","kind":"node","name":"Siheung Neunggok","lineRef":"train","lab":1,"color":"#5EAC41"},"geometry":{"type":"Point","coordinates":[126.80875,37.37008]}},{"type":"Feature","properties":{"id":"stn-188","kind":"node","name":"Siheung City Hall","lineRef":"train","lab":1,"color":"#5EAC41"},"geometry":{"type":"Point","coordinates":[126.80575,37.38208]}},{"type":"Feature","properties":{"id":"stn-189","kind":"node","name":"Sinhyeon","lineRef":"train","lab":1,"color":"#5EAC41"},"geometry":{"type":"Point","coordinates":[126.78787,37.40958]}},{"type":"Feature","properties":{"id":"stn-190","kind":"node","name":"Sincheon","lineRef":"train","lab":1,"color":"#5EAC41"},"geometry":{"type":"Point","coordinates":[126.7868,37.43931]}},{"type":"Feature","properties":{"id":"stn-191","kind":"node","name":"Siheung Daeya","lineRef":"train","lab":1,"color":"#5EAC41"},"geometry":{"type":"Point","coordinates":[126.79312,37.45034]}},{"type":"Feature","properties":{"id":"stn-192","kind":"node","name":"Sosaeul","lineRef":"train","lab":1,"color":"#5EAC41"},"geometry":{"type":"Point","coordinates":[126.7971,37.46887]}},{"type":"Feature","properties":{"id":"stn-193","kind":"node","name":"Seolleung","lineRef":"metro","lab":1,"color":"#00A23F"},"geometry":{"type":"Point","coordinates":[127.04895,37.50447]}},{"type":"Feature","properties":{"id":"stn-194","kind":"node","name":"Jukjeon","lineRef":"train","lab":1,"color":"#ECA300"},"geometry":{"type":"Point","coordinates":[127.10741,37.32457]}},{"type":"Feature","properties":{"id":"stn-195","kind":"node","name":"Gangnam-gu Office","lineRef":"train","lab":1,"color":"#ECA300"},"geometry":{"type":"Point","coordinates":[127.04129,37.51718]}},{"type":"Feature","properties":{"id":"stn-196","kind":"node","name":"Moran","lineRef":"train","lab":1,"color":"#ECA300"},"geometry":{"type":"Point","coordinates":[127.12915,37.43374]}},{"type":"Feature","properties":{"id":"stn-198","kind":"node","name":"Pangyo","lineRef":"metro","lab":1,"color":"#B81B30"},"geometry":{"type":"Point","coordinates":[127.11119,37.39473]}},{"type":"Feature","properties":{"id":"stn-199","kind":"node","name":"Garak Market","lineRef":"metro","lab":1,"color":"#ED6C00"},"geometry":{"type":"Point","coordinates":[127.11864,37.49253]}},{"type":"Feature","properties":{"id":"stn-200","kind":"node","name":"Euljiro 3(sam)-ga","lineRef":"metro","lab":1,"color":"#00A23F"},"geometry":{"type":"Point","coordinates":[126.99253,37.56634]}},{"type":"Feature","properties":{"id":"stn-201","kind":"node","name":"Bulgwang","lineRef":"metro","lab":1,"color":"#ED6C00"},"geometry":{"type":"Point","coordinates":[126.92963,37.61088]}},{"type":"Feature","properties":{"id":"stn-202","kind":"node","name":"Guui","lineRef":"metro","lab":1,"color":"#00A23F"},"geometry":{"type":"Point","coordinates":[127.08622,37.53717]}},{"type":"Feature","properties":{"id":"stn-203","kind":"node","name":"Gangbyeon","lineRef":"metro","lab":1,"color":"#00A23F"},"geometry":{"type":"Point","coordinates":[127.09474,37.53511]}},{"type":"Feature","properties":{"id":"stn-204","kind":"node","name":"Jamsillaru","lineRef":"metro","lab":1,"color":"#00A23F"},"geometry":{"type":"Point","coordinates":[127.10383,37.52069]}},{"type":"Feature","properties":{"id":"stn-205","kind":"node","name":"Oksu","lineRef":"metro","lab":1,"color":"#ED6C00"},"geometry":{"type":"Point","coordinates":[127.01836,37.54026]}},{"type":"Feature","properties":{"id":"stn-206","kind":"node","name":"Chungmuro","lineRef":"metro","lab":1,"color":"#ED6C00"},"geometry":{"type":"Point","coordinates":[126.99411,37.5612]}},{"type":"Feature","properties":{"id":"stn-207","kind":"node","name":"Yaksu","lineRef":"metro","lab":1,"color":"#7C4932"},"geometry":{"type":"Point","coordinates":[127.01062,37.55475]}},{"type":"Feature","properties":{"id":"stn-208","kind":"node","name":"Seoul Nat'l Univ. of Education","lineRef":"metro","lab":1,"color":"#00A23F"},"geometry":{"type":"Point","coordinates":[127.0137,37.49366]}},{"type":"Feature","properties":{"id":"stn-209","kind":"node","name":"Ogeum","lineRef":"metro","lab":1,"color":"#794698"},"geometry":{"type":"Point","coordinates":[127.12815,37.50198]}},{"type":"Feature","properties":{"id":"stn-210","kind":"node","name":"Hanyang Univ.","lineRef":"metro","lab":1,"color":"#00A23F"},"geometry":{"type":"Point","coordinates":[127.04366,37.55573]}},{"type":"Feature","properties":{"id":"stn-211","kind":"node","name":"Seongsu","lineRef":"metro","lab":1,"color":"#00A23F"},"geometry":{"type":"Point","coordinates":[127.0561,37.54457]}},{"type":"Feature","properties":{"id":"stn-212","kind":"node","name":"City Hall","lineRef":"metro","lab":1,"color":"#004A85"},"geometry":{"type":"Point","coordinates":[126.97711,37.56548]}},{"type":"Feature","properties":{"id":"stn-213","kind":"node","name":"Euljiro 1(il)-ga","lineRef":"metro","lab":1,"color":"#00A23F"},"geometry":{"type":"Point","coordinates":[126.98262,37.56595]}},{"type":"Feature","properties":{"id":"stn-214","kind":"node","name":"Euljiro 4(sa)-ga","lineRef":"metro","lab":1,"color":"#00A23F"},"geometry":{"type":"Point","coordinates":[126.99817,37.56664]}},{"type":"Feature","properties":{"id":"stn-215","kind":"node","name":"Sindang","lineRef":"metro","lab":1,"color":"#7C4932"},"geometry":{"type":"Point","coordinates":[127.01625,37.56538]}},{"type":"Feature","properties":{"id":"stn-216","kind":"node","name":"Sangwangsimni","lineRef":"metro","lab":1,"color":"#00A23F"},"geometry":{"type":"Point","coordinates":[127.02925,37.56439]}},{"type":"Feature","properties":{"id":"stn-217","kind":"node","name":"Ewha Womans Univ.","lineRef":"metro","lab":1,"color":"#00A23F"},"geometry":{"type":"Point","coordinates":[126.94583,37.55677]}},{"type":"Feature","properties":{"id":"stn-218","kind":"node","name":"Ahyeon","lineRef":"metro","lab":1,"color":"#00A23F"},"geometry":{"type":"Point","coordinates":[126.95612,37.55743]}},{"type":"Feature","properties":{"id":"stn-219","kind":"node","name":"Jichuk","lineRef":"metro","lab":1,"color":"#ED6C00"},"geometry":{"type":"Point","coordinates":[126.91393,37.64812]}},{"type":"Feature","properties":{"id":"stn-220","kind":"node","name":"Wonheung","lineRef":"metro","lab":1,"color":"#ED6C00"},"geometry":{"type":"Point","coordinates":[126.87367,37.65051]}},{"type":"Feature","properties":{"id":"stn-221","kind":"node","name":"Wondang","lineRef":"metro","lab":1,"color":"#ED6C00"},"geometry":{"type":"Point","coordinates":[126.8429,37.65305]}},{"type":"Feature","properties":{"id":"stn-222","kind":"node","name":"Hwajeong","lineRef":"metro","lab":1,"color":"#ED6C00"},"geometry":{"type":"Point","coordinates":[126.83258,37.63465]}},{"type":"Feature","properties":{"id":"stn-223","kind":"node","name":"Daegok","lineRef":"metro","lab":1,"color":"#ED6C00"},"geometry":{"type":"Point","coordinates":[126.81028,37.63178]}},{"type":"Feature","properties":{"id":"stn-224","kind":"node","name":"Madu","lineRef":"metro","lab":1,"color":"#ED6C00"},"geometry":{"type":"Point","coordinates":[126.77776,37.652]}},{"type":"Feature","properties":{"id":"stn-225","kind":"node","name":"Jeongbalsan","lineRef":"metro","lab":1,"color":"#ED6C00"},"geometry":{"type":"Point","coordinates":[126.77327,37.65971]}},{"type":"Feature","properties":{"id":"stn-226","kind":"node","name":"Daehwa","lineRef":"metro","lab":1,"color":"#ED6C00"},"geometry":{"type":"Point","coordinates":[126.74746,37.67618]}},{"type":"Feature","properties":{"id":"stn-227","kind":"node","name":"Samsong","lineRef":"metro","lab":1,"color":"#ED6C00"},"geometry":{"type":"Point","coordinates":[126.89548,37.65312]}},{"type":"Feature","properties":{"id":"stn-228","kind":"node","name":"Magongnaru","lineRef":"train","lab":1,"color":"#0079AC"},"geometry":{"type":"Point","coordinates":[126.82792,37.56622]}},{"type":"Feature","properties":{"id":"stn-229","kind":"node","name":"Dangsan","lineRef":"metro","lab":1,"color":"#00A23F"},"geometry":{"type":"Point","coordinates":[126.90248,37.5346]}},{"type":"Feature","properties":{"id":"stn-230","kind":"node","name":"Mullae","lineRef":"metro","lab":1,"color":"#00A23F"},"geometry":{"type":"Point","coordinates":[126.89487,37.51838]}},{"type":"Feature","properties":{"id":"stn-232","kind":"node","name":"Guro Digital Complex","lineRef":"metro","lab":1,"color":"#00A23F"},"geometry":{"type":"Point","coordinates":[126.90159,37.48528]}},{"type":"Feature","properties":{"id":"stn-233","kind":"node","name":"Sindaebang","lineRef":"metro","lab":1,"color":"#00A23F"},"geometry":{"type":"Point","coordinates":[126.91339,37.48759]}},{"type":"Feature","properties":{"id":"stn-234","kind":"node","name":"Sillim","lineRef":"metro","lab":1,"color":"#6789CA"},"geometry":{"type":"Point","coordinates":[126.92968,37.48423]}},{"type":"Feature","properties":{"id":"stn-235","kind":"node","name":"Bongcheon","lineRef":"metro","lab":1,"color":"#00A23F"},"geometry":{"type":"Point","coordinates":[126.94194,37.48239]}},{"type":"Feature","properties":{"id":"stn-236","kind":"node","name":"Seoul Nat'l Univ.","lineRef":"metro","lab":1,"color":"#00A23F"},"geometry":{"type":"Point","coordinates":[126.95272,37.48122]}},{"type":"Feature","properties":{"id":"stn-237","kind":"node","name":"Nakseongdae","lineRef":"metro","lab":1,"color":"#00A23F"},"geometry":{"type":"Point","coordinates":[126.96349,37.47706]}},{"type":"Feature","properties":{"id":"stn-238","kind":"node","name":"Bangbae","lineRef":"metro","lab":1,"color":"#00A23F"},"geometry":{"type":"Point","coordinates":[126.99771,37.48147]}},{"type":"Feature","properties":{"id":"stn-239","kind":"node","name":"Seocho","lineRef":"metro","lab":1,"color":"#00A23F"},"geometry":{"type":"Point","coordinates":[127.00768,37.49177]}},{"type":"Feature","properties":{"id":"stn-240","kind":"node","name":"Yeoksam","lineRef":"metro","lab":1,"color":"#00A23F"},"geometry":{"type":"Point","coordinates":[127.03696,37.50082]}},{"type":"Feature","properties":{"id":"stn-241","kind":"node","name":"Samseong","lineRef":"metro","lab":1,"color":"#00A23F"},"geometry":{"type":"Point","coordinates":[127.06314,37.50884]}},{"type":"Feature","properties":{"id":"stn-242","kind":"node","name":"Sports Complex","lineRef":"metro","lab":1,"color":"#00A23F"},"geometry":{"type":"Point","coordinates":[127.07372,37.51106]}},{"type":"Feature","properties":{"id":"stn-243","kind":"node","name":"Jamsilsaenae","lineRef":"metro","lab":1,"color":"#00A23F"},"geometry":{"type":"Point","coordinates":[127.08557,37.51159]}},{"type":"Feature","properties":{"id":"stn-245","kind":"node","name":"Yangcheon-gu Office","lineRef":"metro","lab":1,"color":"#00A23F"},"geometry":{"type":"Point","coordinates":[126.86594,37.5123]}},{"type":"Feature","properties":{"id":"stn-246","kind":"node","name":"Sinjeongnegeori","lineRef":"metro","lab":1,"color":"#00A23F"},"geometry":{"type":"Point","coordinates":[126.85305,37.51998]}},{"type":"Feature","properties":{"id":"stn-247","kind":"node","name":"Dorimcheon","lineRef":"metro","lab":1,"color":"#00A23F"},"geometry":{"type":"Point","coordinates":[126.88268,37.51445]}},{"type":"Feature","properties":{"id":"stn-248","kind":"node","name":"National Police Hospital","lineRef":"metro","lab":1,"color":"#ED6C00"},"geometry":{"type":"Point","coordinates":[127.1239,37.4954]}},{"type":"Feature","properties":{"id":"stn-249","kind":"node","name":"Daecheong","lineRef":"train","lab":1,"color":"#ECA300"},"geometry":{"type":"Point","coordinates":[127.07955,37.49363]}},{"type":"Feature","properties":{"id":"stn-250","kind":"node","name":"Hangnyeoul","lineRef":"metro","lab":1,"color":"#ED6C00"},"geometry":{"type":"Point","coordinates":[127.06988,37.4965]}},{"type":"Feature","properties":{"id":"stn-251","kind":"node","name":"Daechi","lineRef":"metro","lab":1,"color":"#ED6C00"},"geometry":{"type":"Point","coordinates":[127.06319,37.49447]}},{"type":"Feature","properties":{"id":"stn-252","kind":"node","name":"Maebong","lineRef":"metro","lab":1,"color":"#ED6C00"},"geometry":{"type":"Point","coordinates":[127.04698,37.48707]}},{"type":"Feature","properties":{"id":"stn-253","kind":"node","name":"Nambu Bus Terminal","lineRef":"metro","lab":1,"color":"#ED6C00"},"geometry":{"type":"Point","coordinates":[127.01634,37.48494]}},{"type":"Feature","properties":{"id":"stn-254","kind":"node","name":"Jamwon","lineRef":"metro","lab":1,"color":"#ED6C00"},"geometry":{"type":"Point","coordinates":[127.01115,37.51275]}},{"type":"Feature","properties":{"id":"stn-255","kind":"node","name":"Sinsa","lineRef":"metro","lab":1,"color":"#ED6C00"},"geometry":{"type":"Point","coordinates":[127.01952,37.51611]}},{"type":"Feature","properties":{"id":"stn-256","kind":"node","name":"Apgujeong","lineRef":"metro","lab":1,"color":"#ED6C00"},"geometry":{"type":"Point","coordinates":[127.0285,37.52618]}},{"type":"Feature","properties":{"id":"stn-257","kind":"node","name":"Geumho","lineRef":"metro","lab":1,"color":"#ED6C00"},"geometry":{"type":"Point","coordinates":[127.01592,37.54797]}},{"type":"Feature","properties":{"id":"stn-258","kind":"node","name":"Dongguk Univ.","lineRef":"metro","lab":1,"color":"#ED6C00"},"geometry":{"type":"Point","coordinates":[127.00573,37.55906]}},{"type":"Feature","properties":{"id":"stn-259","kind":"node","name":"Gyeongbokgung","lineRef":"metro","lab":1,"color":"#ED6C00"},"geometry":{"type":"Point","coordinates":[126.97353,37.57579]}},{"type":"Feature","properties":{"id":"stn-260","kind":"node","name":"Dongnimmun","lineRef":"metro","lab":1,"color":"#ED6C00"},"geometry":{"type":"Point","coordinates":[126.95784,37.57456]}},{"type":"Feature","properties":{"id":"stn-261","kind":"node","name":"Muakjae","lineRef":"metro","lab":1,"color":"#ED6C00"},"geometry":{"type":"Point","coordinates":[126.95035,37.58232]}},{"type":"Feature","properties":{"id":"stn-262","kind":"node","name":"Hongje","lineRef":"metro","lab":1,"color":"#ED6C00"},"geometry":{"type":"Point","coordinates":[126.94425,37.58869]}},{"type":"Feature","properties":{"id":"stn-263","kind":"node","name":"Nokbeon","lineRef":"metro","lab":1,"color":"#ED6C00"},"geometry":{"type":"Point","coordinates":[126.93573,37.60097]}},{"type":"Feature","properties":{"id":"stn-264","kind":"node","name":"Gupabal","lineRef":"metro","lab":1,"color":"#ED6C00"},"geometry":{"type":"Point","coordinates":[126.9188,37.63689]}},{"type":"Feature","properties":{"id":"stn-265","kind":"node","name":"Beomgye","lineRef":"metro","lab":1,"color":"#009BCE"},"geometry":{"type":"Point","coordinates":[126.95091,37.38991]}},{"type":"Feature","properties":{"id":"stn-266","kind":"node","name":"Indeogwon","lineRef":"metro","lab":1,"color":"#009BCE"},"geometry":{"type":"Point","coordinates":[126.97697,37.40163]}},{"type":"Feature","properties":{"id":"stn-267","kind":"node","name":"Government Complex Gwacheon","lineRef":"metro","lab":1,"color":"#009BCE"},"geometry":{"type":"Point","coordinates":[126.98975,37.42647]}},{"type":"Feature","properties":{"id":"stn-268","kind":"node","name":"Seoul Grand Park","lineRef":"metro","lab":1,"color":"#009BCE"},"geometry":{"type":"Point","coordinates":[127.00661,37.4358]}},{"type":"Feature","properties":{"id":"stn-269","kind":"node","name":"Seonbawi","lineRef":"metro","lab":1,"color":"#009BCE"},"geometry":{"type":"Point","coordinates":[127.00211,37.45181]}},{"type":"Feature","properties":{"id":"stn-270","kind":"node","name":"Buramsan","lineRef":"metro","lab":1,"color":"#009BCE"},"geometry":{"type":"Point","coordinates":[127.07892,37.6701]}},{"type":"Feature","properties":{"id":"stn-271","kind":"node","name":"Ssangmun","lineRef":"metro","lab":1,"color":"#009BCE"},"geometry":{"type":"Point","coordinates":[127.03458,37.6484]}},{"type":"Feature","properties":{"id":"stn-272","kind":"node","name":"Suyu","lineRef":"metro","lab":1,"color":"#009BCE"},"geometry":{"type":"Point","coordinates":[127.02572,37.63799]}},{"type":"Feature","properties":{"id":"stn-273","kind":"node","name":"Mia","lineRef":"metro","lab":1,"color":"#009BCE"},"geometry":{"type":"Point","coordinates":[127.02611,37.62649]}},{"type":"Feature","properties":{"id":"stn-274","kind":"node","name":"Miasageori","lineRef":"metro","lab":1,"color":"#009BCE"},"geometry":{"type":"Point","coordinates":[127.03009,37.61319]}},{"type":"Feature","properties":{"id":"stn-275","kind":"node","name":"Gireum","lineRef":"metro","lab":1,"color":"#009BCE"},"geometry":{"type":"Point","coordinates":[127.02485,37.60316]}},{"type":"Feature","properties":{"id":"stn-276","kind":"node","name":"Hyehwa","lineRef":"metro","lab":1,"color":"#009BCE"},"geometry":{"type":"Point","coordinates":[127.00195,37.58214]}},{"type":"Feature","properties":{"id":"stn-277","kind":"node","name":"Myeongdong","lineRef":"metro","lab":1,"color":"#009BCE"},"geometry":{"type":"Point","coordinates":[126.98638,37.5609]}},{"type":"Feature","properties":{"id":"stn-278","kind":"node","name":"Hoehyeon","lineRef":"metro","lab":1,"color":"#009BCE"},"geometry":{"type":"Point","coordinates":[126.97842,37.5587]}},{"type":"Feature","properties":{"id":"stn-280","kind":"node","name":"Sookmyung Women's Univ.","lineRef":"metro","lab":1,"color":"#009BCE"},"geometry":{"type":"Point","coordinates":[126.97196,37.54513]}},{"type":"Feature","properties":{"id":"stn-281","kind":"node","name":"Sinyongsan","lineRef":"metro","lab":1,"color":"#009BCE"},"geometry":{"type":"Point","coordinates":[126.96786,37.52917]}},{"type":"Feature","properties":{"id":"stn-283","kind":"node","name":"Namtaeryeong","lineRef":"metro","lab":1,"color":"#009BCE"},"geometry":{"type":"Point","coordinates":[126.9887,37.46466]}},{"type":"Feature","properties":{"id":"stn-284","kind":"node","name":"Macheon","lineRef":"metro","lab":1,"color":"#794698"},"geometry":{"type":"Point","coordinates":[127.15272,37.49495]}},{"type":"Feature","properties":{"id":"stn-285","kind":"node","name":"Geoyeo","lineRef":"metro","lab":1,"color":"#794698"},"geometry":{"type":"Point","coordinates":[127.14377,37.49335]}},{"type":"Feature","properties":{"id":"stn-286","kind":"node","name":"Gaerong","lineRef":"metro","lab":1,"color":"#794698"},"geometry":{"type":"Point","coordinates":[127.13484,37.49807]}},{"type":"Feature","properties":{"id":"stn-287","kind":"node","name":"Bangi","lineRef":"metro","lab":1,"color":"#794698"},"geometry":{"type":"Point","coordinates":[127.12604,37.50864]}},{"type":"Feature","properties":{"id":"stn-288","kind":"node","name":"Olympic Park","lineRef":"metro","lab":1,"color":"#794698"},"geometry":{"type":"Point","coordinates":[127.13093,37.51615]}},{"type":"Feature","properties":{"id":"stn-289","kind":"node","name":"Dunchon-dong","lineRef":"metro","lab":1,"color":"#794698"},"geometry":{"type":"Point","coordinates":[127.13624,37.5278]}},{"type":"Feature","properties":{"id":"stn-290","kind":"node","name":"Sangil-dong","lineRef":"metro","lab":1,"color":"#794698"},"geometry":{"type":"Point","coordinates":[127.16678,37.55678]}},{"type":"Feature","properties":{"id":"stn-291","kind":"node","name":"Godeok","lineRef":"metro","lab":1,"color":"#794698"},"geometry":{"type":"Point","coordinates":[127.15638,37.55534]}},{"type":"Feature","properties":{"id":"stn-292","kind":"node","name":"Myeongil","lineRef":"metro","lab":1,"color":"#794698"},"geometry":{"type":"Point","coordinates":[127.14408,37.55195]}},{"type":"Feature","properties":{"id":"stn-293","kind":"node","name":"Gubeundari","lineRef":"metro","lab":1,"color":"#794698"},"geometry":{"type":"Point","coordinates":[127.14296,37.54564]}},{"type":"Feature","properties":{"id":"stn-294","kind":"node","name":"Gil-dong","lineRef":"metro","lab":1,"color":"#794698"},"geometry":{"type":"Point","coordinates":[127.1402,37.53837]}},{"type":"Feature","properties":{"id":"stn-295","kind":"node","name":"Gangdong","lineRef":"metro","lab":1,"color":"#794698"},"geometry":{"type":"Point","coordinates":[127.1326,37.5358]}},{"type":"Feature","properties":{"id":"stn-296","kind":"node","name":"Gwangnaru","lineRef":"metro","lab":1,"color":"#794698"},"geometry":{"type":"Point","coordinates":[127.10353,37.5453]}},{"type":"Feature","properties":{"id":"stn-297","kind":"node","name":"Achasan","lineRef":"metro","lab":1,"color":"#794698"},"geometry":{"type":"Point","coordinates":[127.0898,37.5517]}},{"type":"Feature","properties":{"id":"stn-298","kind":"node","name":"Janghanpyeong","lineRef":"metro","lab":1,"color":"#794698"},"geometry":{"type":"Point","coordinates":[127.06457,37.56149]}},{"type":"Feature","properties":{"id":"stn-299","kind":"node","name":"Dapsipri","lineRef":"metro","lab":1,"color":"#794698"},"geometry":{"type":"Point","coordinates":[127.0527,37.56681]}},{"type":"Feature","properties":{"id":"stn-300","kind":"node","name":"Majang","lineRef":"metro","lab":1,"color":"#794698"},"geometry":{"type":"Point","coordinates":[127.04288,37.5661]}},{"type":"Feature","properties":{"id":"stn-301","kind":"node","name":"Haengdang","lineRef":"metro","lab":1,"color":"#794698"},"geometry":{"type":"Point","coordinates":[127.02999,37.55761]}},{"type":"Feature","properties":{"id":"stn-302","kind":"node","name":"Singeumho","lineRef":"metro","lab":1,"color":"#794698"},"geometry":{"type":"Point","coordinates":[127.02025,37.55443]}},{"type":"Feature","properties":{"id":"stn-303","kind":"node","name":"Gwanghwamun","lineRef":"metro","lab":1,"color":"#794698"},"geometry":{"type":"Point","coordinates":[126.9769,37.57162]}},{"type":"Feature","properties":{"id":"stn-304","kind":"node","name":"Seodaemun","lineRef":"metro","lab":1,"color":"#794698"},"geometry":{"type":"Point","coordinates":[126.96664,37.5658]}},{"type":"Feature","properties":{"id":"stn-305","kind":"node","name":"Aeogae","lineRef":"metro","lab":1,"color":"#794698"},"geometry":{"type":"Point","coordinates":[126.9567,37.55343]}},{"type":"Feature","properties":{"id":"stn-307","kind":"node","name":"Mapo","lineRef":"metro","lab":1,"color":"#794698"},"geometry":{"type":"Point","coordinates":[126.94599,37.53964]}},{"type":"Feature","properties":{"id":"stn-308","kind":"node","name":"Yeouinaru","lineRef":"metro","lab":1,"color":"#794698"},"geometry":{"type":"Point","coordinates":[126.93253,37.52685]}},{"type":"Feature","properties":{"id":"stn-310","kind":"node","name":"Singil","lineRef":"metro","lab":1,"color":"#004A85"},"geometry":{"type":"Point","coordinates":[126.91874,37.51665]}},{"type":"Feature","properties":{"id":"stn-311","kind":"node","name":"Yeongdeungpo Market","lineRef":"metro","lab":1,"color":"#794698"},"geometry":{"type":"Point","coordinates":[126.90514,37.52269]}},{"type":"Feature","properties":{"id":"stn-312","kind":"node","name":"Yeongdeungpo-gu Office","lineRef":"metro","lab":1,"color":"#00A23F"},"geometry":{"type":"Point","coordinates":[126.89634,37.52402]}},{"type":"Feature","properties":{"id":"stn-313","kind":"node","name":"Yangpyeong","lineRef":"metro","lab":1,"color":"#794698"},"geometry":{"type":"Point","coordinates":[126.88612,37.52563]}},{"type":"Feature","properties":{"id":"stn-314","kind":"node","name":"Omokgyo","lineRef":"metro","lab":1,"color":"#794698"},"geometry":{"type":"Point","coordinates":[126.87512,37.52456]}},{"type":"Feature","properties":{"id":"stn-315","kind":"node","name":"Mok-dong","lineRef":"metro","lab":1,"color":"#794698"},"geometry":{"type":"Point","coordinates":[126.86452,37.52612]}},{"type":"Feature","properties":{"id":"stn-316","kind":"node","name":"Sinjeong","lineRef":"metro","lab":1,"color":"#794698"},"geometry":{"type":"Point","coordinates":[126.85597,37.52504]}},{"type":"Feature","properties":{"id":"stn-317","kind":"node","name":"Kkachisan","lineRef":"metro","lab":1,"color":"#794698"},"geometry":{"type":"Point","coordinates":[126.84653,37.53211]}},{"type":"Feature","properties":{"id":"stn-318","kind":"node","name":"Hwagok","lineRef":"metro","lab":1,"color":"#794698"},"geometry":{"type":"Point","coordinates":[126.8404,37.54167]}},{"type":"Feature","properties":{"id":"stn-319","kind":"node","name":"Ujangsan","lineRef":"metro","lab":1,"color":"#794698"},"geometry":{"type":"Point","coordinates":[126.83632,37.54889]}},{"type":"Feature","properties":{"id":"stn-320","kind":"node","name":"Balsan","lineRef":"metro","lab":1,"color":"#794698"},"geometry":{"type":"Point","coordinates":[126.83747,37.5585]}},{"type":"Feature","properties":{"id":"stn-321","kind":"node","name":"Magok","lineRef":"metro","lab":1,"color":"#794698"},"geometry":{"type":"Point","coordinates":[126.82475,37.56025]}},{"type":"Feature","properties":{"id":"stn-322","kind":"node","name":"Songjeong","lineRef":"metro","lab":1,"color":"#794698"},"geometry":{"type":"Point","coordinates":[126.81194,37.56128]}},{"type":"Feature","properties":{"id":"stn-323","kind":"node","name":"Gaehwasan","lineRef":"metro","lab":1,"color":"#794698"},"geometry":{"type":"Point","coordinates":[126.80826,37.57288]}},{"type":"Feature","properties":{"id":"stn-324","kind":"node","name":"Banghwa","lineRef":"metro","lab":1,"color":"#794698"},"geometry":{"type":"Point","coordinates":[126.81273,37.5774]}},{"type":"Feature","properties":{"id":"stn-325","kind":"node","name":"Bonghwasan","lineRef":"metro","lab":1,"color":"#7C4932"},"geometry":{"type":"Point","coordinates":[127.0911,37.61742]}},{"type":"Feature","properties":{"id":"stn-326","kind":"node","name":"Hwarangdae","lineRef":"metro","lab":1,"color":"#7C4932"},"geometry":{"type":"Point","coordinates":[127.08371,37.61978]}},{"type":"Feature","properties":{"id":"stn-327","kind":"node","name":"Seokgye","lineRef":"metro","lab":1,"color":"#004A85"},"geometry":{"type":"Point","coordinates":[127.06584,37.61481]}},{"type":"Feature","properties":{"id":"stn-328","kind":"node","name":"Dolgoji","lineRef":"metro","lab":1,"color":"#7C4932"},"geometry":{"type":"Point","coordinates":[127.05649,37.61057]}},{"type":"Feature","properties":{"id":"stn-329","kind":"node","name":"Sangwolgok","lineRef":"metro","lab":1,"color":"#7C4932"},"geometry":{"type":"Point","coordinates":[127.04827,37.60624]}},{"type":"Feature","properties":{"id":"stn-330","kind":"node","name":"Wolgok","lineRef":"metro","lab":1,"color":"#7C4932"},"geometry":{"type":"Point","coordinates":[127.04146,37.60192]}},{"type":"Feature","properties":{"id":"stn-331","kind":"node","name":"Anam","lineRef":"metro","lab":1,"color":"#7C4932"},"geometry":{"type":"Point","coordinates":[127.02928,37.58627]}},{"type":"Feature","properties":{"id":"stn-332","kind":"node","name":"Changsin","lineRef":"metro","lab":1,"color":"#7C4932"},"geometry":{"type":"Point","coordinates":[127.01525,37.5798]}},{"type":"Feature","properties":{"id":"stn-333","kind":"node","name":"Cheonggu","lineRef":"metro","lab":1,"color":"#7C4932"},"geometry":{"type":"Point","coordinates":[127.01378,37.56023]}},{"type":"Feature","properties":{"id":"stn-334","kind":"node","name":"Beotigogae","lineRef":"metro","lab":1,"color":"#7C4932"},"geometry":{"type":"Point","coordinates":[127.00659,37.54823]}},{"type":"Feature","properties":{"id":"stn-335","kind":"node","name":"Hangangjin","lineRef":"metro","lab":1,"color":"#7C4932"},"geometry":{"type":"Point","coordinates":[127.00175,37.5398]}},{"type":"Feature","properties":{"id":"stn-336","kind":"node","name":"Itaewon","lineRef":"metro","lab":1,"color":"#7C4932"},"geometry":{"type":"Point","coordinates":[126.99437,37.5345]}},{"type":"Feature","properties":{"id":"stn-337","kind":"node","name":"Noksapyeong","lineRef":"metro","lab":1,"color":"#7C4932"},"geometry":{"type":"Point","coordinates":[126.98658,37.53492]}},{"type":"Feature","properties":{"id":"stn-338","kind":"node","name":"Hyochang Park","lineRef":"metro","lab":1,"color":"#7C4932"},"geometry":{"type":"Point","coordinates":[126.96133,37.53934]}},{"type":"Feature","properties":{"id":"stn-339","kind":"node","name":"Daeheung","lineRef":"metro","lab":1,"color":"#7C4932"},"geometry":{"type":"Point","coordinates":[126.94235,37.5477]}},{"type":"Feature","properties":{"id":"stn-340","kind":"node","name":"Gwangheungchang","lineRef":"metro","lab":1,"color":"#7C4932"},"geometry":{"type":"Point","coordinates":[126.93196,37.54747]}},{"type":"Feature","properties":{"id":"stn-341","kind":"node","name":"Sangsu","lineRef":"metro","lab":1,"color":"#7C4932"},"geometry":{"type":"Point","coordinates":[126.92289,37.54776]}},{"type":"Feature","properties":{"id":"stn-342","kind":"node","name":"Mangwon","lineRef":"metro","lab":1,"color":"#7C4932"},"geometry":{"type":"Point","coordinates":[126.91013,37.55603]}},{"type":"Feature","properties":{"id":"stn-343","kind":"node","name":"Mapo-gu Office","lineRef":"metro","lab":1,"color":"#7C4932"},"geometry":{"type":"Point","coordinates":[126.90336,37.56356]}},{"type":"Feature","properties":{"id":"stn-344","kind":"node","name":"World Cup Stadium","lineRef":"metro","lab":1,"color":"#7C4932"},"geometry":{"type":"Point","coordinates":[126.89932,37.57019]}},{"type":"Feature","properties":{"id":"stn-345","kind":"node","name":"Jeungsan","lineRef":"metro","lab":1,"color":"#7C4932"},"geometry":{"type":"Point","coordinates":[126.90991,37.58414]}},{"type":"Feature","properties":{"id":"stn-346","kind":"node","name":"Saejeol","lineRef":"metro","lab":1,"color":"#7C4932"},"geometry":{"type":"Point","coordinates":[126.91379,37.59165]}},{"type":"Feature","properties":{"id":"stn-347","kind":"node","name":"Gusan","lineRef":"metro","lab":1,"color":"#7C4932"},"geometry":{"type":"Point","coordinates":[126.91722,37.61125]}},{"type":"Feature","properties":{"id":"stn-348","kind":"node","name":"Yeonsinnae","lineRef":"train","lab":1,"color":"#AB087D"},"geometry":{"type":"Point","coordinates":[126.92118,37.61892]}},{"type":"Feature","properties":{"id":"stn-349","kind":"node","name":"Dokbawi","lineRef":"metro","lab":1,"color":"#7C4932"},"geometry":{"type":"Point","coordinates":[126.93302,37.61834]}},{"type":"Feature","properties":{"id":"stn-350","kind":"node","name":"Yeokchon","lineRef":"metro","lab":1,"color":"#7C4932"},"geometry":{"type":"Point","coordinates":[126.92276,37.60607]}},{"type":"Feature","properties":{"id":"stn-351","kind":"node","name":"Jangam","lineRef":"metro","lab":1,"color":"#6E7E31"},"geometry":{"type":"Point","coordinates":[127.05291,37.69997]}},{"type":"Feature","properties":{"id":"stn-352","kind":"node","name":"Children's Grand Park","lineRef":"metro","lab":1,"color":"#6E7E31"},"geometry":{"type":"Point","coordinates":[127.07439,37.5476]}},{"type":"Feature","properties":{"id":"stn-353","kind":"node","name":"Gunja","lineRef":"metro","lab":1,"color":"#6E7E31"},"geometry":{"type":"Point","coordinates":[127.07956,37.55724]}},{"type":"Feature","properties":{"id":"stn-354","kind":"node","name":"Junggok","lineRef":"metro","lab":1,"color":"#6E7E31"},"geometry":{"type":"Point","coordinates":[127.08452,37.56631]}},{"type":"Feature","properties":{"id":"stn-355","kind":"node","name":"Yongmasan","lineRef":"metro","lab":1,"color":"#6E7E31"},"geometry":{"type":"Point","coordinates":[127.08658,37.57399]}},{"type":"Feature","properties":{"id":"stn-356","kind":"node","name":"Sagajeong","lineRef":"metro","lab":1,"color":"#6E7E31"},"geometry":{"type":"Point","coordinates":[127.08841,37.5807]}},{"type":"Feature","properties":{"id":"stn-357","kind":"node","name":"Myeonmok","lineRef":"metro","lab":1,"color":"#6E7E31"},"geometry":{"type":"Point","coordinates":[127.0876,37.5884]}},{"type":"Feature","properties":{"id":"stn-358","kind":"node","name":"Sangbong","lineRef":"metro","lab":1,"color":"#6E7E31"},"geometry":{"type":"Point","coordinates":[127.08559,37.59608]}},{"type":"Feature","properties":{"id":"stn-359","kind":"node","name":"Junghwa","lineRef":"metro","lab":1,"color":"#6E7E31"},"geometry":{"type":"Point","coordinates":[127.07952,37.60163]}},{"type":"Feature","properties":{"id":"stn-360","kind":"node","name":"Meokgol","lineRef":"metro","lab":1,"color":"#6E7E31"},"geometry":{"type":"Point","coordinates":[127.07765,37.61144]}},{"type":"Feature","properties":{"id":"stn-361","kind":"node","name":"Taereung","lineRef":"metro","lab":1,"color":"#7C4932"},"geometry":{"type":"Point","coordinates":[127.07567,37.61769]}},{"type":"Feature","properties":{"id":"stn-362","kind":"node","name":"Gongneung","lineRef":"metro","lab":1,"color":"#6E7E31"},"geometry":{"type":"Point","coordinates":[127.07304,37.62564]}},{"type":"Feature","properties":{"id":"stn-363","kind":"node","name":"Hagye","lineRef":"metro","lab":1,"color":"#6E7E31"},"geometry":{"type":"Point","coordinates":[127.06825,37.63602]}},{"type":"Feature","properties":{"id":"stn-364","kind":"node","name":"Junggye","lineRef":"metro","lab":1,"color":"#6E7E31"},"geometry":{"type":"Point","coordinates":[127.06387,37.64554]}},{"type":"Feature","properties":{"id":"stn-365","kind":"node","name":"Nowon","lineRef":"metro","lab":1,"color":"#6E7E31"},"geometry":{"type":"Point","coordinates":[127.06049,37.65459]}},{"type":"Feature","properties":{"id":"stn-366","kind":"node","name":"Madeul","lineRef":"metro","lab":1,"color":"#6E7E31"},"geometry":{"type":"Point","coordinates":[127.05772,37.66504]}},{"type":"Feature","properties":{"id":"stn-367","kind":"node","name":"Suraksan","lineRef":"metro","lab":1,"color":"#6E7E31"},"geometry":{"type":"Point","coordinates":[127.05534,37.6778]}},{"type":"Feature","properties":{"id":"stn-368","kind":"node","name":"Gwangmyeongsageori","lineRef":"metro","lab":1,"color":"#6E7E31"},"geometry":{"type":"Point","coordinates":[126.85446,37.47942]}},{"type":"Feature","properties":{"id":"stn-369","kind":"node","name":"Cheolsan","lineRef":"metro","lab":1,"color":"#6E7E31"},"geometry":{"type":"Point","coordinates":[126.8676,37.476]}},{"type":"Feature","properties":{"id":"stn-370","kind":"node","name":"Gasan Digital Complex","lineRef":"metro","lab":1,"color":"#004A85"},"geometry":{"type":"Point","coordinates":[126.88262,37.48159]}},{"type":"Feature","properties":{"id":"stn-371","kind":"node","name":"Namguro","lineRef":"metro","lab":1,"color":"#6E7E31"},"geometry":{"type":"Point","coordinates":[126.88667,37.48536]}},{"type":"Feature","properties":{"id":"stn-372","kind":"node","name":"Daerim","lineRef":"metro","lab":1,"color":"#00A23F"},"geometry":{"type":"Point","coordinates":[126.89493,37.49344]}},{"type":"Feature","properties":{"id":"stn-373","kind":"node","name":"Sinpung","lineRef":"metro","lab":1,"color":"#6E7E31"},"geometry":{"type":"Point","coordinates":[126.90888,37.50017]}},{"type":"Feature","properties":{"id":"stn-374","kind":"node","name":"Boramae","lineRef":"metro","lab":1,"color":"#6789CA"},"geometry":{"type":"Point","coordinates":[126.92038,37.49993]}},{"type":"Feature","properties":{"id":"stn-375","kind":"node","name":"Sindaebangsamgeori","lineRef":"metro","lab":1,"color":"#6E7E31"},"geometry":{"type":"Point","coordinates":[126.92822,37.49971]}},{"type":"Feature","properties":{"id":"stn-376","kind":"node","name":"Jangseungbaegi","lineRef":"metro","lab":1,"color":"#6E7E31"},"geometry":{"type":"Point","coordinates":[126.93928,37.50502]}},{"type":"Feature","properties":{"id":"stn-377","kind":"node","name":"Sangdo","lineRef":"metro","lab":1,"color":"#6E7E31"},"geometry":{"type":"Point","coordinates":[126.94767,37.50322]}},{"type":"Feature","properties":{"id":"stn-378","kind":"node","name":"Soongsil Univ.","lineRef":"metro","lab":1,"color":"#6E7E31"},"geometry":{"type":"Point","coordinates":[126.95413,37.49569]}},{"type":"Feature","properties":{"id":"stn-379","kind":"node","name":"Namseong","lineRef":"metro","lab":1,"color":"#6E7E31"},"geometry":{"type":"Point","coordinates":[126.97189,37.48435]}},{"type":"Feature","properties":{"id":"stn-380","kind":"node","name":"Isu","lineRef":"metro","lab":1,"color":"#009BCE"},"geometry":{"type":"Point","coordinates":[126.98211,37.48545]}},{"type":"Feature","properties":{"id":"stn-381","kind":"node","name":"Naebang","lineRef":"metro","lab":1,"color":"#6E7E31"},"geometry":{"type":"Point","coordinates":[126.99355,37.48765]}},{"type":"Feature","properties":{"id":"stn-382","kind":"node","name":"Banpo","lineRef":"metro","lab":1,"color":"#6E7E31"},"geometry":{"type":"Point","coordinates":[127.01163,37.50817]}},{"type":"Feature","properties":{"id":"stn-383","kind":"node","name":"Nonhyeon","lineRef":"metro","lab":1,"color":"#B81B30"},"geometry":{"type":"Point","coordinates":[127.02136,37.51098]}},{"type":"Feature","properties":{"id":"stn-384","kind":"node","name":"Hak-dong","lineRef":"metro","lab":1,"color":"#6E7E31"},"geometry":{"type":"Point","coordinates":[127.03075,37.51396]}},{"type":"Feature","properties":{"id":"stn-385","kind":"node","name":"Cheongdam","lineRef":"metro","lab":1,"color":"#6E7E31"},"geometry":{"type":"Point","coordinates":[127.05168,37.51909]}},{"type":"Feature","properties":{"id":"stn-386","kind":"node","name":"Jayang","lineRef":"metro","lab":1,"color":"#6E7E31"},"geometry":{"type":"Point","coordinates":[127.06674,37.53153]}},{"type":"Feature","properties":{"id":"stn-387","kind":"node","name":"Yongdu","lineRef":"metro","lab":1,"color":"#00A23F"},"geometry":{"type":"Point","coordinates":[127.03807,37.57407]}},{"type":"Feature","properties":{"id":"stn-388","kind":"node","name":"Sindap","lineRef":"metro","lab":1,"color":"#00A23F"},"geometry":{"type":"Point","coordinates":[127.04713,37.56972]}},{"type":"Feature","properties":{"id":"stn-389","kind":"node","name":"Gulpocheon","lineRef":"metro","lab":1,"color":"#6E7E31"},"geometry":{"type":"Point","coordinates":[126.73134,37.50702]}},{"type":"Feature","properties":{"id":"stn-390","kind":"node","name":"Samsan Gymnasium","lineRef":"metro","lab":1,"color":"#6E7E31"},"geometry":{"type":"Point","coordinates":[126.74235,37.5065]}},{"type":"Feature","properties":{"id":"stn-391","kind":"node","name":"Sinjung-dong","lineRef":"metro","lab":1,"color":"#6E7E31"},"geometry":{"type":"Point","coordinates":[126.77623,37.50304]}},{"type":"Feature","properties":{"id":"stn-392","kind":"node","name":"Chunui","lineRef":"metro","lab":1,"color":"#6E7E31"},"geometry":{"type":"Point","coordinates":[126.7872,37.50373]}},{"type":"Feature","properties":{"id":"stn-393","kind":"node","name":"Bucheon Stadium","lineRef":"metro","lab":1,"color":"#6E7E31"},"geometry":{"type":"Point","coordinates":[126.79729,37.50546]}},{"type":"Feature","properties":{"id":"stn-394","kind":"node","name":"Kkachiul","lineRef":"metro","lab":1,"color":"#6E7E31"},"geometry":{"type":"Point","coordinates":[126.81138,37.50624]}},{"type":"Feature","properties":{"id":"stn-395","kind":"node","name":"Cheonwang","lineRef":"metro","lab":1,"color":"#6E7E31"},"geometry":{"type":"Point","coordinates":[126.83892,37.48637]}},{"type":"Feature","properties":{"id":"stn-396","kind":"node","name":"Sujin","lineRef":"metro","lab":1,"color":"#D11D70"},"geometry":{"type":"Point","coordinates":[127.14069,37.43744]}},{"type":"Feature","properties":{"id":"stn-397","kind":"node","name":"Sinheung","lineRef":"metro","lab":1,"color":"#D11D70"},"geometry":{"type":"Point","coordinates":[127.14766,37.441]}},{"type":"Feature","properties":{"id":"stn-398","kind":"node","name":"Dandaeogeori","lineRef":"metro","lab":1,"color":"#D11D70"},"geometry":{"type":"Point","coordinates":[127.15678,37.44508]}},{"type":"Feature","properties":{"id":"stn-399","kind":"node","name":"Namhansanseong","lineRef":"metro","lab":1,"color":"#D11D70"},"geometry":{"type":"Point","coordinates":[127.15981,37.45155]}},{"type":"Feature","properties":{"id":"stn-400","kind":"node","name":"Sanseong","lineRef":"metro","lab":1,"color":"#D11D70"},"geometry":{"type":"Point","coordinates":[127.14993,37.45687]}},{"type":"Feature","properties":{"id":"stn-401","kind":"node","name":"Namwirye","lineRef":"metro","lab":1,"color":"#D11D70"},"geometry":{"type":"Point","coordinates":[127.13922,37.46277]}},{"type":"Feature","properties":{"id":"stn-402","kind":"node","name":"Jangji","lineRef":"metro","lab":1,"color":"#D11D70"},"geometry":{"type":"Point","coordinates":[127.12607,37.47889]}},{"type":"Feature","properties":{"id":"stn-403","kind":"node","name":"Munjeong","lineRef":"metro","lab":1,"color":"#D11D70"},"geometry":{"type":"Point","coordinates":[127.12252,37.48584]}},{"type":"Feature","properties":{"id":"stn-404","kind":"node","name":"Songpa","lineRef":"metro","lab":1,"color":"#D11D70"},"geometry":{"type":"Point","coordinates":[127.11218,37.49972]}},{"type":"Feature","properties":{"id":"stn-405","kind":"node","name":"Seokchon","lineRef":"metro","lab":1,"color":"#D11D70"},"geometry":{"type":"Point","coordinates":[127.10711,37.5053]}},{"type":"Feature","properties":{"id":"stn-406","kind":"node","name":"Mongchontoseong","lineRef":"metro","lab":1,"color":"#D11D70"},"geometry":{"type":"Point","coordinates":[127.11267,37.51753]}},{"type":"Feature","properties":{"id":"stn-407","kind":"node","name":"Gangdong-gu Office","lineRef":"metro","lab":1,"color":"#D11D70"},"geometry":{"type":"Point","coordinates":[127.12062,37.53069]}},{"type":"Feature","properties":{"id":"stn-408","kind":"node","name":"Amsa","lineRef":"metro","lab":1,"color":"#D11D70"},"geometry":{"type":"Point","coordinates":[127.12754,37.55011]}},{"type":"Feature","properties":{"id":"stn-409","kind":"node","name":"VHS Medical Center","lineRef":"metro","lab":1,"color":"#A49D87"},"geometry":{"type":"Point","coordinates":[127.14826,37.52828]}},{"type":"Feature","properties":{"id":"stn-410","kind":"node","name":"Dunchon Oryun","lineRef":"metro","lab":1,"color":"#A49D87"},"geometry":{"type":"Point","coordinates":[127.13842,37.51984]}},{"type":"Feature","properties":{"id":"stn-411","kind":"node","name":"Hanseong Baekje","lineRef":"metro","lab":1,"color":"#A49D87"},"geometry":{"type":"Point","coordinates":[127.11621,37.51667]}},{"type":"Feature","properties":{"id":"stn-412","kind":"node","name":"Songpanaru","lineRef":"metro","lab":1,"color":"#A49D87"},"geometry":{"type":"Point","coordinates":[127.1128,37.51125]}},{"type":"Feature","properties":{"id":"stn-413","kind":"node","name":"Seokchon Gobun","lineRef":"metro","lab":1,"color":"#A49D87"},"geometry":{"type":"Point","coordinates":[127.09661,37.50244]}},{"type":"Feature","properties":{"id":"stn-414","kind":"node","name":"Samjeon","lineRef":"metro","lab":1,"color":"#A49D87"},"geometry":{"type":"Point","coordinates":[127.08721,37.50453]}},{"type":"Feature","properties":{"id":"stn-415","kind":"node","name":"Bupyeong-gu Office","lineRef":"metro","lab":1,"color":"#6E7E31"},"geometry":{"type":"Point","coordinates":[126.7211,37.50747]}},{"type":"Feature","properties":{"id":"stn-416","kind":"node","name":"Baekseok","lineRef":"metro","lab":1,"color":"#ED6C00"},"geometry":{"type":"Point","coordinates":[126.78804,37.64304]}},{"type":"Feature","properties":{"id":"stn-417","kind":"node","name":"Sangok","lineRef":"metro","lab":1,"color":"#6E7E31"},"geometry":{"type":"Point","coordinates":[126.70369,37.5087]}},{"type":"Feature","properties":{"id":"stn-418","kind":"node","name":"Gwanggyo Jungang","lineRef":"metro","lab":1,"color":"#B81B30"},"geometry":{"type":"Point","coordinates":[127.05152,37.28856]}},{"type":"Feature","properties":{"id":"stn-419","kind":"node","name":"Sanghyeon","lineRef":"metro","lab":1,"color":"#B81B30"},"geometry":{"type":"Point","coordinates":[127.0693,37.29758]}},{"type":"Feature","properties":{"id":"stn-420","kind":"node","name":"Seongbok","lineRef":"metro","lab":1,"color":"#B81B30"},"geometry":{"type":"Point","coordinates":[127.08038,37.3135]}},{"type":"Feature","properties":{"id":"stn-421","kind":"node","name":"Suji-gu Office","lineRef":"metro","lab":1,"color":"#B81B30"},"geometry":{"type":"Point","coordinates":[127.09475,37.32254]}},{"type":"Feature","properties":{"id":"stn-422","kind":"node","name":"Yeokgok","lineRef":"metro","lab":1,"color":"#004A85"},"geometry":{"type":"Point","coordinates":[126.81181,37.48522]}},{"type":"Feature","properties":{"id":"stn-423","kind":"node","name":"Gwanggyo","lineRef":"metro","lab":1,"color":"#B81B30"},"geometry":{"type":"Point","coordinates":[127.04428,37.30211]}},{"type":"Feature","properties":{"id":"stn-424","kind":"node","name":"Dongcheon","lineRef":"metro","lab":1,"color":"#B81B30"},"geometry":{"type":"Point","coordinates":[127.10283,37.3381]}},{"type":"Feature","properties":{"id":"stn-425","kind":"node","name":"Ori","lineRef":"train","lab":1,"color":"#ECA300"},"geometry":{"type":"Point","coordinates":[127.10891,37.33994]}},{"type":"Feature","properties":{"id":"stn-426","kind":"node","name":"Sunae","lineRef":"train","lab":1,"color":"#ECA300"},"geometry":{"type":"Point","coordinates":[127.11425,37.37841]}},{"type":"Feature","properties":{"id":"stn-427","kind":"node","name":"Seohyeon","lineRef":"train","lab":1,"color":"#ECA300"},"geometry":{"type":"Point","coordinates":[127.12333,37.38491]}},{"type":"Feature","properties":{"id":"stn-428","kind":"node","name":"Yatap","lineRef":"train","lab":1,"color":"#ECA300"},"geometry":{"type":"Point","coordinates":[127.12871,37.4113]}},{"type":"Feature","properties":{"id":"stn-429","kind":"node","name":"Taepyeong","lineRef":"train","lab":1,"color":"#ECA300"},"geometry":{"type":"Point","coordinates":[127.12774,37.43971]}},{"type":"Feature","properties":{"id":"stn-430","kind":"node","name":"Gachon Univ.","lineRef":"train","lab":1,"color":"#ECA300"},"geometry":{"type":"Point","coordinates":[127.12672,37.4487]}},{"type":"Feature","properties":{"id":"stn-431","kind":"node","name":"Daemosan","lineRef":"train","lab":1,"color":"#ECA300"},"geometry":{"type":"Point","coordinates":[127.07275,37.49139]}},{"type":"Feature","properties":{"id":"stn-432","kind":"node","name":"Gaepo-dong","lineRef":"train","lab":1,"color":"#ECA300"},"geometry":{"type":"Point","coordinates":[127.06604,37.4891]}},{"type":"Feature","properties":{"id":"stn-433","kind":"node","name":"Guryong","lineRef":"train","lab":1,"color":"#ECA300"},"geometry":{"type":"Point","coordinates":[127.05946,37.48693]}},{"type":"Feature","properties":{"id":"stn-434","kind":"node","name":"Hanti","lineRef":"train","lab":1,"color":"#ECA300"},"geometry":{"type":"Point","coordinates":[127.05287,37.49627]}},{"type":"Feature","properties":{"id":"stn-435","kind":"node","name":"Apgujeong Rodeo","lineRef":"train","lab":1,"color":"#ECA300"},"geometry":{"type":"Point","coordinates":[127.04071,37.52781]}},{"type":"Feature","properties":{"id":"stn-436","kind":"node","name":"Seoul-forest","lineRef":"train","lab":1,"color":"#ECA300"},"geometry":{"type":"Point","coordinates":[127.04474,37.54359]}},{"type":"Feature","properties":{"id":"stn-437","kind":"node","name":"Hanyang University at Ansan","lineRef":"metro","lab":1,"color":"#009BCE"},"geometry":{"type":"Point","coordinates":[126.85361,37.30973]}},{"type":"Feature","properties":{"id":"stn-438","kind":"node","name":"Bojeong","lineRef":"train","lab":1,"color":"#ECA300"},"geometry":{"type":"Point","coordinates":[127.10834,37.3126]}},{"type":"Feature","properties":{"id":"stn-439","kind":"node","name":"Yangjae Citizen's Forest","lineRef":"metro","lab":1,"color":"#B81B30"},"geometry":{"type":"Point","coordinates":[127.03848,37.46971]}},{"type":"Feature","properties":{"id":"stn-440","kind":"node","name":"Cheonggyesan","lineRef":"metro","lab":1,"color":"#B81B30"},"geometry":{"type":"Point","coordinates":[127.05464,37.44831]}},{"type":"Feature","properties":{"id":"stn-441","kind":"node","name":"Sungshin Women's University","lineRef":"metro","lab":1,"color":"#009BCE"},"geometry":{"type":"Point","coordinates":[127.01648,37.59268]}},{"type":"Feature","properties":{"id":"stn-442","kind":"node","name":"Gojan","lineRef":"metro","lab":1,"color":"#009BCE"},"geometry":{"type":"Point","coordinates":[126.8231,37.31685]}},{"type":"Feature","properties":{"id":"stn-443","kind":"node","name":"Jongno 3(sam)-ga","lineRef":"metro","lab":1,"color":"#004A85"},"geometry":{"type":"Point","coordinates":[126.99232,37.57044]}},{"type":"Feature","properties":{"id":"stn-444","kind":"node","name":"Jinjeop","lineRef":"metro","lab":1,"color":"#009BCE"},"geometry":{"type":"Point","coordinates":[127.20325,37.72005]}},{"type":"Feature","properties":{"id":"stn-445","kind":"node","name":"Onam","lineRef":"metro","lab":1,"color":"#009BCE"},"geometry":{"type":"Point","coordinates":[127.19117,37.70523]}},{"type":"Feature","properties":{"id":"stn-446","kind":"node","name":"Byeollaebyeolgaram","lineRef":"metro","lab":1,"color":"#009BCE"},"geometry":{"type":"Point","coordinates":[127.11627,37.66782]}},{"type":"Feature","properties":{"id":"stn-447","kind":"node","name":"Uijeongbu","lineRef":"metro","lab":1,"color":"#004A85"},"geometry":{"type":"Point","coordinates":[127.04605,37.7377]}},{"type":"Feature","properties":{"id":"stn-448","kind":"node","name":"Misa","lineRef":"metro","lab":1,"color":"#794698"},"geometry":{"type":"Point","coordinates":[127.19282,37.56305]}},{"type":"Feature","properties":{"id":"stn-449","kind":"node","name":"Gaehwa","lineRef":"metro","lab":1,"color":"#A49D87"},"geometry":{"type":"Point","coordinates":[126.79767,37.57854]}},{"type":"Feature","properties":{"id":"stn-450","kind":"node","name":"Sosa","lineRef":"train","lab":1,"color":"#5EAC41"},"geometry":{"type":"Point","coordinates":[126.79502,37.483]}},{"type":"Feature","properties":{"id":"stn-451","kind":"node","name":"Seongnam(Geobuk Market)","lineRef":"metro","lab":1,"color":"#6E7E31"},"geometry":{"type":"Point","coordinates":[126.67621,37.50728]}},{"type":"Feature","properties":{"id":"stn-452","kind":"node","name":"Seongnam","lineRef":"metro","lab":1,"color":"#6E7E31"},"geometry":{"type":"Point","coordinates":[126.67464,37.50629]}},{"type":"Feature","properties":{"id":"stn-453","kind":"node","name":"Juyeop","lineRef":"metro","lab":1,"color":"#ED6C00"},"geometry":{"type":"Point","coordinates":[126.76124,37.67015]}},{"type":"Feature","properties":{"id":"stn-454","kind":"node","name":"Gwanaksan","lineRef":"metro","lab":1,"color":"#6789CA"},"geometry":{"type":"Point","coordinates":[126.94533,37.46874]}},{"type":"Feature","properties":{"id":"stn-455","kind":"node","name":"Seoul Nat'l Univ. Venture Town","lineRef":"metro","lab":1,"color":"#6789CA"},"geometry":{"type":"Point","coordinates":[126.93371,37.472]}},{"type":"Feature","properties":{"id":"stn-456","kind":"node","name":"Danggok","lineRef":"metro","lab":1,"color":"#6789CA"},"geometry":{"type":"Point","coordinates":[126.9278,37.4897]}},{"type":"Feature","properties":{"id":"stn-457","kind":"node","name":"Boramae Medical Center","lineRef":"metro","lab":1,"color":"#6789CA"},"geometry":{"type":"Point","coordinates":[126.92427,37.49296]}},{"type":"Feature","properties":{"id":"stn-458","kind":"node","name":"Boramae Park","lineRef":"metro","lab":1,"color":"#6789CA"},"geometry":{"type":"Point","coordinates":[126.91819,37.49529]}},{"type":"Feature","properties":{"id":"stn-459","kind":"node","name":"Seoul Regional Office of Military Manpower","lineRef":"metro","lab":1,"color":"#6789CA"},"geometry":{"type":"Point","coordinates":[126.92272,37.50596]}},{"type":"Feature","properties":{"id":"stn-460","kind":"node","name":"Saetgang","lineRef":"metro","lab":1,"color":"#A49D87"},"geometry":{"type":"Point","coordinates":[126.92828,37.51736]}},{"type":"Feature","properties":{"id":"stn-461","kind":"node","name":"Seoul (Station)","lineRef":"metro","lab":1,"color":"#004A85"},"geometry":{"type":"Point","coordinates":[126.97236,37.55607]}},{"type":"Feature","properties":{"id":"stn-462","kind":"node","name":"Sanggye","lineRef":"metro","lab":1,"color":"#009BCE"},"geometry":{"type":"Point","coordinates":[127.07344,37.66076]}},{"type":"Feature","properties":{"id":"stn-463","kind":"node","name":"Seonyudo","lineRef":"metro","lab":1,"color":"#A49D87"},"geometry":{"type":"Point","coordinates":[126.89398,37.53786]}},{"type":"Feature","properties":{"id":"stn-464","kind":"node","name":"Sinmokdong","lineRef":"metro","lab":1,"color":"#A49D87"},"geometry":{"type":"Point","coordinates":[126.88318,37.54421]}},{"type":"Feature","properties":{"id":"stn-465","kind":"node","name":"Yeomchang","lineRef":"metro","lab":1,"color":"#A49D87"},"geometry":{"type":"Point","coordinates":[126.8754,37.54703]}},{"type":"Feature","properties":{"id":"stn-466","kind":"node","name":"Deungchon","lineRef":"metro","lab":1,"color":"#A49D87"},"geometry":{"type":"Point","coordinates":[126.86457,37.55115]}},{"type":"Feature","properties":{"id":"stn-467","kind":"node","name":"Jeungmi","lineRef":"metro","lab":1,"color":"#A49D87"},"geometry":{"type":"Point","coordinates":[126.86182,37.55751]}},{"type":"Feature","properties":{"id":"stn-468","kind":"node","name":"Gayang","lineRef":"metro","lab":1,"color":"#A49D87"},"geometry":{"type":"Point","coordinates":[126.8551,37.56114]}},{"type":"Feature","properties":{"id":"stn-469","kind":"node","name":"Yangcheon Hyanggyo","lineRef":"metro","lab":1,"color":"#A49D87"},"geometry":{"type":"Point","coordinates":[126.8413,37.56845]}},{"type":"Feature","properties":{"id":"stn-470","kind":"node","name":"Sinbanghwa","lineRef":"metro","lab":1,"color":"#A49D87"},"geometry":{"type":"Point","coordinates":[126.81659,37.5675]}},{"type":"Feature","properties":{"id":"stn-471","kind":"node","name":"Airport Market","lineRef":"metro","lab":1,"color":"#A49D87"},"geometry":{"type":"Point","coordinates":[126.8106,37.56366]}},{"type":"Feature","properties":{"id":"stn-472","kind":"node","name":"Wonjong","lineRef":"train","lab":1,"color":"#5EAC41"},"geometry":{"type":"Point","coordinates":[126.80486,37.52385]}},{"type":"Feature","properties":{"id":"stn-473","kind":"node","name":"Chongshin Univ. (Isu)","lineRef":"metro","lab":1,"color":"#009BCE"},"geometry":{"type":"Point","coordinates":[126.98224,37.48678]}},{"type":"Feature","properties":{"id":"stn-474","kind":"node","name":"Jeongneung","lineRef":"metro","lab":1,"color":"#BACC50"},"geometry":{"type":"Point","coordinates":[127.01336,37.60283]}},{"type":"Feature","properties":{"id":"stn-475","kind":"node","name":"Solsaem","lineRef":"metro","lab":1,"color":"#BACC50"},"geometry":{"type":"Point","coordinates":[127.01384,37.62017]}},{"type":"Feature","properties":{"id":"stn-476","kind":"node","name":"Samyang Sageori","lineRef":"metro","lab":1,"color":"#BACC50"},"geometry":{"type":"Point","coordinates":[127.02049,37.6212]}},{"type":"Feature","properties":{"id":"stn-477","kind":"node","name":"Samyang","lineRef":"metro","lab":1,"color":"#BACC50"},"geometry":{"type":"Point","coordinates":[127.01818,37.62692]}},{"type":"Feature","properties":{"id":"stn-478","kind":"node","name":"Hwagye","lineRef":"metro","lab":1,"color":"#BACC50"},"geometry":{"type":"Point","coordinates":[127.01749,37.63403]}},{"type":"Feature","properties":{"id":"stn-479","kind":"node","name":"Gaori","lineRef":"metro","lab":1,"color":"#BACC50"},"geometry":{"type":"Point","coordinates":[127.01657,37.64197]}},{"type":"Feature","properties":{"id":"stn-480","kind":"node","name":"April 19th National Cemetery","lineRef":"metro","lab":1,"color":"#BACC50"},"geometry":{"type":"Point","coordinates":[127.01369,37.64934]}},{"type":"Feature","properties":{"id":"stn-481","kind":"node","name":"Solbat Park","lineRef":"metro","lab":1,"color":"#BACC50"},"geometry":{"type":"Point","coordinates":[127.01325,37.65607]}},{"type":"Feature","properties":{"id":"stn-482","kind":"node","name":"Bukhansan Ui","lineRef":"metro","lab":1,"color":"#BACC50"},"geometry":{"type":"Point","coordinates":[127.01241,37.66332]}},{"type":"Feature","properties":{"id":"stn-483","kind":"node","name":"Yangchon","lineRef":"metro","lab":1,"color":"#957326"},"geometry":{"type":"Point","coordinates":[126.6148,37.64164]}},{"type":"Feature","properties":{"id":"stn-484","kind":"node","name":"Masan","lineRef":"metro","lab":1,"color":"#957326"},"geometry":{"type":"Point","coordinates":[126.64424,37.6406]}},{"type":"Feature","properties":{"id":"stn-485","kind":"node","name":"Janggi","lineRef":"metro","lab":1,"color":"#957326"},"geometry":{"type":"Point","coordinates":[126.66901,37.64403]}},{"type":"Feature","properties":{"id":"stn-486","kind":"node","name":"Unyang","lineRef":"metro","lab":1,"color":"#957326"},"geometry":{"type":"Point","coordinates":[126.68394,37.65381]}},{"type":"Feature","properties":{"id":"stn-487","kind":"node","name":"Geolpo Bukbyeon","lineRef":"metro","lab":1,"color":"#957326"},"geometry":{"type":"Point","coordinates":[126.70565,37.63171]}},{"type":"Feature","properties":{"id":"stn-488","kind":"node","name":"Sau","lineRef":"metro","lab":1,"color":"#957326"},"geometry":{"type":"Point","coordinates":[126.71976,37.6202]}},{"type":"Feature","properties":{"id":"stn-489","kind":"node","name":"Pungmu","lineRef":"metro","lab":1,"color":"#957326"},"geometry":{"type":"Point","coordinates":[126.73246,37.61237]}},{"type":"Feature","properties":{"id":"stn-490","kind":"node","name":"Gochon","lineRef":"metro","lab":1,"color":"#957326"},"geometry":{"type":"Point","coordinates":[126.77021,37.60126]}},{"type":"Feature","properties":{"id":"stn-491","kind":"node","name":"Jangja Lake Park","lineRef":"metro","lab":1,"color":"#D11D70"},"geometry":{"type":"Point","coordinates":[127.13791,37.58741]}},{"type":"Feature","properties":{"id":"stn-492","kind":"node","name":"Donggureung","lineRef":"metro","lab":1,"color":"#D11D70"},"geometry":{"type":"Point","coordinates":[127.13811,37.61051]}},{"type":"Feature","properties":{"id":"stn-493","kind":"node","name":"Dasan","lineRef":"metro","lab":1,"color":"#D11D70"},"geometry":{"type":"Point","coordinates":[127.14976,37.62433]}},{"type":"Feature","properties":{"id":"stn-494","kind":"node","name":"Unjeongjungang","lineRef":"train","lab":1,"color":"#AB087D"},"geometry":{"type":"Point","coordinates":[126.72829,37.71615]}},{"type":"Feature","properties":{"id":"stn-495","kind":"node","name":"Kintex","lineRef":"train","lab":1,"color":"#AB087D"},"geometry":{"type":"Point","coordinates":[126.74833,37.66521]}},{"type":"Feature","properties":{"id":"stn-496","kind":"node","name":"Ttukseom","lineRef":"metro","lab":1,"color":"#00A23F"},"geometry":{"type":"Point","coordinates":[127.04741,37.54724]}},{"type":"Feature","properties":{"id":"stn-497","kind":"node","name":"Bucheon City Hall","lineRef":"metro","lab":1,"color":"#6E7E31"},"geometry":{"type":"Point","coordinates":[126.7636,37.50465]}},{"type":"Feature","properties":{"id":"stn-498","kind":"node","name":"Wolmi Sea","lineRef":"train","lab":1,"color":"#ECA300"},"geometry":{"type":"Point","coordinates":[126.61658,37.47543]}},{"type":"Feature","properties":{"id":"stn-499","kind":"node","name":"경찰병원","lineRef":"metro","lab":1,"color":"#ED6C00"},"geometry":{"type":"Point","coordinates":[127.12425,37.49591]}},{"type":"Feature","properties":{"id":"stn-500","kind":"node","name":"대방","lineRef":"metro","lab":1,"color":"#004A85"},"geometry":{"type":"Point","coordinates":[126.9259,37.513]}},{"type":"Feature","properties":{"id":"hub-seoulstation","kind":"hub","name":"Seoul Station","subKey":"se.hub.seoulstation","lab":1,"modes":["metro","train"]},"geometry":{"type":"Point","coordinates":[126.97257,37.55285]}},{"type":"Feature","properties":{"id":"hub-wangsimni","kind":"hub","name":"Wangsimni","subKey":"se.hub.wangsimni","lab":1,"modes":["metro","train"]},"geometry":{"type":"Point","coordinates":[127.03858,37.56149]}},{"type":"Feature","properties":{"id":"hub-gangnam","kind":"hub","name":"Gangnam","subKey":"se.hub.gangnam","lab":1,"modes":["metro"]},"geometry":{"type":"Point","coordinates":[127.02756,37.49795]}},{"type":"Feature","properties":{"id":"hub-jamsil","kind":"hub","name":"Jamsil","subKey":"se.hub.jamsil","lab":1,"modes":["metro"]},"geometry":{"type":"Point","coordinates":[127.10014,37.51322]}},{"type":"Feature","properties":{"id":"hub-sindorim","kind":"hub","name":"Sindorim","subKey":"se.hub.sindorim","lab":1,"modes":["metro"]},"geometry":{"type":"Point","coordinates":[126.89123,37.50894]}},{"type":"Feature","properties":{"id":"hub-gongdeok","kind":"hub","name":"Gongdeok","subKey":"se.hub.gongdeok","lab":1,"modes":["metro","train"]},"geometry":{"type":"Point","coordinates":[126.95081,37.54365]}},{"type":"Feature","properties":{"id":"hub-expressbus","kind":"hub","name":"Express Bus Terminal","subKey":"se.hub.expressbus","lab":1,"modes":["metro"]},"geometry":{"type":"Point","coordinates":[127.00492,37.50504]}},{"type":"Feature","properties":{"id":"hub-cheongnyangni","kind":"hub","name":"Cheongnyangni","subKey":"se.hub.cheongnyangni","lab":1,"modes":["metro","train"]},"geometry":{"type":"Point","coordinates":[127.04826,37.5806]}},{"type":"Feature","properties":{"id":"hub-hongik","kind":"hub","name":"Hongik Univ.","subKey":"se.hub.hongik","lab":1,"modes":["metro","train"]},"geometry":{"type":"Point","coordinates":[126.92691,37.55735]}},{"type":"Feature","properties":{"id":"hub-dmc","kind":"hub","name":"Digital Media City","subKey":"se.hub.dmc","lab":1,"modes":["metro","train"]},"geometry":{"type":"Point","coordinates":[126.90008,37.57767]}},{"type":"Feature","properties":{"id":"hub-sadang","kind":"hub","name":"Sadang","subKey":"se.hub.sadang","lab":1,"modes":["metro"]},"geometry":{"type":"Point","coordinates":[126.98167,37.47658]}},{"type":"Feature","properties":{"id":"hub-yeouido","kind":"hub","name":"Yeouido","subKey":"se.hub.yeouido","lab":1,"modes":["metro"]},"geometry":{"type":"Point","coordinates":[126.9243,37.52167]}}]}