{"type":"FeatureCollection","features":[{"type":"Feature","properties":{"id":"dogal-0","kind":"district","btype":"dogal","name":"Losiny Ostrov National Park","lab":1},"geometry":{"type":"MultiPolygon","coordinates":[[[[37.77224,55.82893],[37.76951,55.82897],[37.7676,55.82985],[37.76632,55.82929],[37.76613,55.82847],[37.76462,55.82777],[37.76396,55.83052],[37.76164,55.83021],[37.75854,55.83099],[37.75724,55.83037],[37.75615,55.82921],[37.75033,55.82638],[37.74761,55.82576],[37.74974,55.82278],[37.74993,55.8212],[37.74443,55.82166],[37.74192,55.82102],[37.73577,55.8215],[37.73581,55.82194],[37.73286,55.82192],[37.73285,55.82222],[37.73207,55.82229],[37.73171,55.82188],[37.73079,55.82193],[37.72747,55.82285],[37.72762,55.82315],[37.72589,55.82319],[37.72471,55.82369],[37.7246,55.82418],[37.72219,55.82504],[37.72246,55.82685],[37.71848,55.82668],[37.71829,55.82734],[37.71702,55.82727],[37.71708,55.82663],[37.71273,55.82644],[37.7118,55.82679],[37.71205,55.82713],[37.71127,55.82761],[37.71018,55.82767],[37.70838,55.82859],[37.69371,55.83335],[37.68929,55.83525],[37.68878,55.835],[37.68039,55.83722],[37.67959,55.83779],[37.67919,55.83766],[37.67875,55.83833],[37.67866,55.84108],[37.67954,55.84128],[37.67908,55.84201],[37.69032,55.84801],[37.69223,55.85031],[37.68997,55.85122],[37.69228,55.85291],[37.68677,55.85451],[37.68786,55.85549],[37.6886,55.85528],[37.68941,55.85596],[37.69252,55.85613],[37.69313,55.8558],[37.69243,55.85533],[37.69475,55.85338],[37.69376,55.85207],[37.69682,55.84816],[37.70359,55.84877],[37.70564,55.84794],[37.7125,55.84753],[37.71408,55.84691],[37.71713,55.84906],[37.72017,55.85057],[37.71941,55.85142],[37.72164,55.85292],[37.71802,55.86061],[37.70051,55.86116],[37.70458,55.86357],[37.7061,55.86388],[37.70792,55.86534],[37.7077,55.86552],[37.71581,55.87015],[37.71967,55.8737],[37.72107,55.87321],[37.72181,55.87387],[37.72426,55.87301],[37.72793,55.8739],[37.72905,55.87465],[37.73182,55.87495],[37.73108,55.87572],[37.73101,55.87689],[37.7329,55.87805],[37.73378,55.87791],[37.73619,55.87954],[37.73858,55.88051],[37.75799,55.88145],[37.758,55.88601],[37.76112,55.88673],[37.76353,55.88564],[37.76637,55.88757],[37.75787,55.88889],[37.7542,55.88831],[37.74953,55.88944],[37.74895,55.89021],[37.74951,55.89038],[37.74923,55.89049],[37.75136,55.89317],[37.75145,55.89664],[37.7641,55.90595],[37.76978,55.90795],[37.7803,55.90485],[37.78722,55.90507],[37.78971,55.90478],[37.79196,55.90121],[37.79432,55.89998],[37.79525,55.90111],[37.79653,55.90176],[37.8018,55.90173],[37.80165,55.90402],[37.80402,55.90473],[37.80958,55.90435],[37.80988,55.91088],[37.81301,55.91074],[37.8179,55.91239],[37.81776,55.90674],[37.8265,55.90617],[37.82656,55.90682],[37.83531,55.90683],[37.8354,55.91162],[37.8389,55.90794],[37.84239,55.90242],[37.8455,55.90179],[37.84719,55.90053],[37.84602,55.90158],[37.85581,55.9001],[37.85775,55.90057],[37.86218,55.90071],[37.87094,55.89903],[37.87192,55.89889],[37.87233,55.89923],[37.88286,55.89745],[37.88802,55.90552],[37.88454,55.90718],[37.88841,55.9068],[37.8881,55.90553],[37.89234,55.90365],[37.89102,55.90126],[37.88929,55.89946],[37.88785,55.89978],[37.88596,55.8969],[37.89501,55.89731],[37.89481,55.90681],[37.89337,55.9068],[37.89423,55.90818],[37.89382,55.9086],[37.89394,55.90926],[37.89707,55.90926],[37.89709,55.90999],[37.8985,55.90998],[37.89849,55.90959],[37.89952,55.90958],[37.89966,55.90722],[37.90746,55.90772],[37.91517,55.90638],[37.91974,55.90932],[37.91994,55.91029],[37.926,55.90665],[37.93328,55.9043],[37.93328,55.90277],[37.93626,55.90274],[37.93783,55.90313],[37.94077,55.90237],[37.94025,55.90107],[37.94389,55.90042],[37.94389,55.8963],[37.9449,55.89455],[37.94742,55.89422],[37.94952,55.89508],[37.94991,55.89952],[37.9579,55.89874],[37.95518,55.8929],[37.94945,55.89356],[37.94724,55.89269],[37.94368,55.89489],[37.94053,55.89273],[37.93967,55.89061],[37.94083,55.89033],[37.94203,55.89146],[37.94322,55.89109],[37.94628,55.89211],[37.94842,55.8898],[37.94671,55.88938],[37.94577,55.88777],[37.94784,55.88763],[37.94646,55.88605],[37.94601,55.88677],[37.94511,55.88675],[37.94473,55.88618],[37.94268,55.88621],[37.94199,55.88763],[37.94356,55.88821],[37.94311,55.88964],[37.94114,55.89019],[37.93988,55.88876],[37.93612,55.88958],[37.9357,55.89095],[37.932,55.8909],[37.93185,55.89391],[37.93548,55.89418],[37.93646,55.89585],[37.93523,55.89682],[37.93155,55.8967],[37.93018,55.89504],[37.92931,55.89321],[37.92766,55.89171],[37.92499,55.88746],[37.92357,55.88609],[37.91961,55.88378],[37.92291,55.88277],[37.92261,55.88128],[37.9199,55.88108],[37.91834,55.88171],[37.91695,55.88179],[37.91411,55.87912],[37.91806,55.87858],[37.92117,55.8774],[37.92167,55.87825],[37.92304,55.87886],[37.92293,55.87632],[37.92255,55.8756],[37.92078,55.87573],[37.92039,55.87538],[37.92115,55.87429],[37.91982,55.87397],[37.91828,55.87283],[37.91924,55.87267],[37.91894,55.87209],[37.92092,55.87227],[37.92248,55.87193],[37.92174,55.87032],[37.92081,55.87019],[37.92113,55.86821],[37.92339,55.86812],[37.92553,55.86747],[37.92845,55.87194],[37.93119,55.87376],[37.93307,55.87429],[37.93694,55.87138],[37.93898,55.86907],[37.941,55.86946],[37.94148,55.86839],[37.94369,55.86851],[37.94328,55.87012],[37.94264,55.87049],[37.9422,55.87181],[37.93925,55.87222],[37.93784,55.87463],[37.93782,55.87506],[37.93933,55.87523],[37.93977,55.8746],[37.94286,55.87526],[37.94298,55.87582],[37.94282,55.87612],[37.93898,55.8766],[37.93857,55.87727],[37.93899,55.87779],[37.94749,55.87738],[37.95123,55.87589],[37.95329,55.87579],[37.94988,55.86571],[37.95096,55.8636],[37.94649,55.86368],[37.94079,55.86235],[37.94086,55.86101],[37.94533,55.85704],[37.94656,55.85461],[37.95008,55.85109],[37.94464,55.84353],[37.93754,55.84531],[37.93108,55.8448],[37.93074,55.84105],[37.92905,55.84088],[37.92257,55.83854],[37.91969,55.83823],[37.91901,55.838],[37.91872,55.83714],[37.91798,55.83701],[37.91599,55.82976],[37.88669,55.82512],[37.88954,55.82047],[37.8884,55.8202],[37.88791,55.82079],[37.88516,55.82062],[37.88428,55.81996],[37.88164,55.82434],[37.8729,55.823],[37.87247,55.82366],[37.86894,55.82287],[37.86849,55.82393],[37.8589,55.82193],[37.85664,55.82241],[37.85413,55.82128],[37.85454,55.82077],[37.85152,55.81985],[37.85173,55.81955],[37.85001,55.81893],[37.84953,55.81931],[37.84788,55.81874],[37.84752,55.8191],[37.84259,55.81847],[37.84254,55.81772],[37.84159,55.81768],[37.84253,55.81594],[37.84357,55.81513],[37.83929,55.81415],[37.83871,55.81911],[37.83737,55.82249],[37.83605,55.82422],[37.83439,55.82596],[37.83008,55.82915],[37.83014,55.8303],[37.82739,55.8306],[37.82552,55.8316],[37.82472,55.8311],[37.82531,55.83067],[37.82432,55.83065],[37.8233,55.83024],[37.82347,55.83],[37.81602,55.82983],[37.81584,55.83046],[37.81534,55.83057],[37.81137,55.83031],[37.81113,55.83062],[37.81009,55.83059],[37.81013,55.82994],[37.80498,55.82995],[37.80542,55.82717],[37.80338,55.82668],[37.80334,55.82579],[37.80269,55.82551],[37.80327,55.82497],[37.80159,55.82387],[37.80134,55.82303],[37.79843,55.82261],[37.79788,55.82208],[37.78647,55.82235],[37.78537,55.82281],[37.78519,55.82429],[37.78143,55.8246],[37.78125,55.8259],[37.77258,55.82615],[37.77263,55.82781],[37.77224,55.82893]]]]}},{"type":"Feature","properties":{"id":"dogal-lab-0","kind":"district-label","btype":"dogal","name":"Losiny Ostrov National Park"},"geometry":{"type":"Point","coordinates":[37.82692,55.86277]}},{"type":"Feature","properties":{"id":"dogal-1","kind":"district","btype":"dogal","name":"Bitsa Park","lab":1},"geometry":{"type":"MultiPolygon","coordinates":[[[[37.58027,55.58473],[37.5784,55.58475],[37.578,55.58417],[37.57807,55.58281],[37.57799,55.5835],[37.57063,55.58197],[37.56042,55.58436],[37.56058,55.58465],[37.55995,55.58448],[37.5474,55.58752],[37.54841,55.58886],[37.54901,55.58906],[37.54925,55.59059],[37.54896,55.59077],[37.54953,55.59117],[37.54895,55.5918],[37.54934,55.59189],[37.54923,55.59298],[37.54975,55.59329],[37.54842,55.59393],[37.54842,55.59428],[37.54163,55.59596],[37.54358,55.59673],[37.54438,55.59789],[37.54501,55.59773],[37.54504,55.59816],[37.54381,55.59848],[37.54323,55.5982],[37.54355,55.59866],[37.5452,55.59838],[37.54531,55.5987],[37.54393,55.59876],[37.54501,55.59916],[37.55918,55.59763],[37.55952,55.5988],[37.55812,55.59991],[37.55829,55.60038],[37.55775,55.60083],[37.55544,55.60117],[37.55636,55.60255],[37.55462,55.60291],[37.55538,55.60418],[37.55626,55.60451],[37.5568,55.60674],[37.5573,55.60709],[37.55703,55.60741],[37.5554,55.60757],[37.5549,55.60747],[37.55487,55.60708],[37.55453,55.60711],[37.55477,55.60738],[37.55104,55.60796],[37.55105,55.60881],[37.55298,55.60924],[37.55361,55.60985],[37.55496,55.61012],[37.55509,55.61051],[37.55639,55.61062],[37.55626,55.61134],[37.55674,55.61141],[37.5562,55.61165],[37.55671,55.61192],[37.55628,55.61181],[37.55477,55.61355],[37.55382,55.61379],[37.54797,55.61777],[37.54368,55.62015],[37.54384,55.62197],[37.54029,55.62974],[37.54056,55.63142],[37.54263,55.63476],[37.54332,55.63458],[37.54412,55.63509],[37.54418,55.63571],[37.5433,55.63587],[37.54626,55.63934],[37.55168,55.64162],[37.56121,55.64444],[37.56192,55.64606],[37.56307,55.64687],[37.56359,55.6484],[37.56543,55.649],[37.57595,55.6465],[37.58473,55.64381],[37.58486,55.64318],[37.58571,55.64314],[37.58574,55.64347],[37.58761,55.64288],[37.58778,55.64005],[37.58601,55.63364],[37.58872,55.63314],[37.58855,55.63262],[37.58989,55.63205],[37.59294,55.63278],[37.59358,55.63224],[37.5922,55.63126],[37.59171,55.63134],[37.59205,55.63109],[37.59177,55.63051],[37.58989,55.62801],[37.59014,55.62692],[37.58889,55.62688],[37.5875,55.6243],[37.58565,55.62398],[37.58584,55.62509],[37.58373,55.62535],[37.58319,55.62364],[37.58456,55.62346],[37.58456,55.62319],[37.58246,55.62127],[37.58111,55.62104],[37.58127,55.62062],[37.57952,55.61983],[37.58042,55.61933],[37.57942,55.61969],[37.57869,55.61898],[37.58091,55.61837],[37.57999,55.61722],[37.58025,55.61674],[37.57936,55.6153],[37.57463,55.61323],[37.57571,55.61228],[37.57463,55.6078],[37.57529,55.60667],[37.57782,55.60437],[37.58156,55.60434],[37.58177,55.60349],[37.5793,55.60103],[37.58034,55.60092],[37.58003,55.59993],[37.58125,55.59977],[37.58062,55.59873],[37.58084,55.5979],[37.58047,55.59752],[37.58261,55.5974],[37.58238,55.59701],[37.58297,55.59688],[37.58274,55.59651],[37.58498,55.59616],[37.58489,55.59582],[37.58674,55.59578],[37.58676,55.59514],[37.59108,55.59461],[37.59379,55.59383],[37.58736,55.58927],[37.58704,55.58897],[37.58794,55.58873],[37.58777,55.58836],[37.58711,55.58844],[37.58736,55.58813],[37.58821,55.58805],[37.58917,55.58854],[37.58875,55.58914],[37.59069,55.58933],[37.59089,55.58901],[37.59391,55.58855],[37.59399,55.58721],[37.59608,55.58642],[37.59526,55.58585],[37.59491,55.58393],[37.5899,55.58426],[37.5896,55.58106],[37.58528,55.58125],[37.58556,55.58225],[37.58381,55.58295],[37.58331,55.5837],[37.58179,55.58386],[37.58027,55.58443],[37.58027,55.58473]]]]}},{"type":"Feature","properties":{"id":"dogal-lab-1","kind":"district-label","btype":"dogal","name":"Bitsa Park"},"geometry":{"type":"Point","coordinates":[37.56708,55.61556]}},{"type":"Feature","properties":{"id":"dogal-2","kind":"district","btype":"dogal","name":"Tsaritsino","lab":1},"geometry":{"type":"MultiPolygon","coordinates":[[[[37.70145,55.60636],[37.70635,55.60359],[37.71818,55.59533],[37.71897,55.59539],[37.72037,55.5942],[37.72105,55.59442],[37.72085,55.59467],[37.72341,55.59497],[37.72341,55.59458],[37.72526,55.59432],[37.72562,55.59281],[37.72322,55.59177],[37.72371,55.59146],[37.72302,55.5911],[37.72389,55.59006],[37.7204,55.58891],[37.71435,55.58615],[37.69727,55.58679],[37.6934,55.5859],[37.69321,55.58671],[37.68578,55.58709],[37.68586,55.58666],[37.68534,55.58646],[37.68279,55.58603],[37.68183,55.58341],[37.68091,55.58324],[37.67853,55.58565],[37.67896,55.58577],[37.678,55.58615],[37.67763,55.58709],[37.67612,55.58844],[37.67392,55.5926],[37.67359,55.59259],[37.67118,55.60165],[37.67017,55.60411],[37.66043,55.61495],[37.66598,55.61582],[37.66906,55.61704],[37.67099,55.61833],[37.67604,55.62329],[37.68482,55.63058],[37.68819,55.63881],[37.69192,55.63691],[37.69212,55.63606],[37.6952,55.63581],[37.69974,55.63424],[37.70068,55.63374],[37.70047,55.63319],[37.70128,55.63324],[37.70087,55.63367],[37.70153,55.63326],[37.70121,55.63299],[37.70167,55.63257],[37.7022,55.63279],[37.70421,55.63101],[37.7053,55.6314],[37.70274,55.63337],[37.70302,55.63382],[37.7004,55.63475],[37.70309,55.63566],[37.73149,55.63514],[37.7341,55.63287],[37.73438,55.63182],[37.73885,55.63255],[37.74255,55.63194],[37.74602,55.63227],[37.74978,55.63178],[37.75012,55.63065],[37.73482,55.62993],[37.73493,55.6264],[37.73364,55.62604],[37.73259,55.62513],[37.73189,55.62537],[37.73097,55.62458],[37.72868,55.6246],[37.72869,55.62583],[37.72749,55.62596],[37.72739,55.62709],[37.72553,55.62788],[37.72003,55.62794],[37.71361,55.62693],[37.71315,55.62783],[37.71144,55.62781],[37.71094,55.62747],[37.71149,55.62667],[37.71086,55.62645],[37.71115,55.62596],[37.71204,55.62592],[37.71237,55.62472],[37.71273,55.62467],[37.71137,55.62445],[37.7102,55.62627],[37.70862,55.62633],[37.69894,55.62485],[37.69726,55.62425],[37.69732,55.62387],[37.69589,55.62265],[37.69638,55.62132],[37.69536,55.6208],[37.69574,55.61984],[37.69367,55.6197],[37.69435,55.61583],[37.69324,55.61478],[37.69388,55.61413],[37.69486,55.6141],[37.69528,55.61181],[37.69664,55.61001],[37.70145,55.60636]]]]}},{"type":"Feature","properties":{"id":"dogal-lab-2","kind":"district-label","btype":"dogal","name":"Tsaritsino"},"geometry":{"type":"Point","coordinates":[37.69503,55.61042]}},{"type":"Feature","properties":{"id":"dogal-3","kind":"district","btype":"dogal","name":"ООПТ Измайлово","lab":1},"geometry":{"type":"MultiPolygon","coordinates":[[[[37.82373,55.7902],[37.82997,55.78933],[37.83416,55.78765],[37.83848,55.78838],[37.83833,55.79451],[37.82367,55.79437],[37.82365,55.7967],[37.8257,55.79672],[37.82577,55.79853],[37.83237,55.8004],[37.83884,55.8036],[37.83903,55.8034],[37.84142,55.78393],[37.82426,55.78138],[37.82083,55.78144],[37.82033,55.78136],[37.81993,55.7807],[37.81875,55.78058],[37.81884,55.77963],[37.81923,55.77937],[37.81892,55.77857],[37.81926,55.7744],[37.81603,55.7748],[37.81506,55.77435],[37.81961,55.77268],[37.81861,55.77166],[37.79134,55.76633],[37.77866,55.76614],[37.76919,55.76322],[37.76897,55.76401],[37.76406,55.76215],[37.75763,55.76103],[37.75698,55.76221],[37.75362,55.76157],[37.75414,55.7606],[37.7536,55.76038],[37.75322,55.76047],[37.75087,55.76454],[37.74856,55.76628],[37.74818,55.7695],[37.75246,55.76981],[37.75424,55.77062],[37.75497,55.77163],[37.75484,55.77275],[37.75351,55.77408],[37.75344,55.77674],[37.74887,55.77661],[37.74843,55.78001],[37.75317,55.78008],[37.75213,55.78569],[37.75355,55.7857],[37.75352,55.78674],[37.75535,55.78678],[37.75532,55.78741],[37.75385,55.78737],[37.75381,55.78786],[37.76286,55.78821],[37.76292,55.78771],[37.76664,55.7875],[37.77053,55.78801],[37.77439,55.78752],[37.79718,55.78778],[37.79715,55.78816],[37.79459,55.78812],[37.79443,55.78858],[37.81835,55.78902],[37.81836,55.78861],[37.82232,55.7888],[37.8237,55.78902],[37.82373,55.7902]]]]}},{"type":"Feature","properties":{"id":"dogal-lab-3","kind":"district-label","btype":"dogal","name":"ООПТ Измайлово"},"geometry":{"type":"Point","coordinates":[37.78988,55.77876]}},{"type":"Feature","properties":{"id":"dogal-4","kind":"district","btype":"dogal","name":"Izmaylovsky Park","lab":1},"geometry":{"type":"MultiPolygon","coordinates":[[[[37.82061,55.78338],[37.81993,55.7807],[37.81875,55.78058],[37.81884,55.77963],[37.81923,55.77937],[37.81892,55.77857],[37.81944,55.77482],[37.81919,55.77429],[37.81603,55.7748],[37.81506,55.77435],[37.81961,55.77268],[37.81861,55.77166],[37.79134,55.76633],[37.77866,55.76614],[37.76919,55.76322],[37.76897,55.76401],[37.76406,55.76215],[37.75763,55.76103],[37.75698,55.76221],[37.75362,55.76157],[37.75414,55.7606],[37.7536,55.76038],[37.75322,55.76047],[37.75087,55.76454],[37.74856,55.76628],[37.74818,55.7695],[37.75246,55.76981],[37.75424,55.77062],[37.75497,55.77163],[37.75484,55.77275],[37.75351,55.77408],[37.75344,55.77674],[37.74887,55.77661],[37.74843,55.78001],[37.75317,55.78008],[37.75213,55.78569],[37.75355,55.7857],[37.75352,55.78674],[37.75535,55.78678],[37.75532,55.78741],[37.75385,55.78737],[37.75381,55.78786],[37.76203,55.78817],[37.76244,55.78707],[37.76319,55.78713],[37.76495,55.78586],[37.76576,55.78576],[37.76753,55.78633],[37.76617,55.78751],[37.76934,55.78793],[37.77439,55.78752],[37.79718,55.78778],[37.79715,55.78816],[37.79459,55.78812],[37.79443,55.78858],[37.81835,55.78902],[37.81865,55.78714],[37.82061,55.78338]]]]}},{"type":"Feature","properties":{"id":"dogal-lab-4","kind":"district-label","btype":"dogal","name":"Izmaylovsky Park"},"geometry":{"type":"Point","coordinates":[37.78315,55.77677]}},{"type":"Feature","properties":{"id":"dogal-5","kind":"district","btype":"dogal","name":"Kuzminki Lyublino park","lab":1},"geometry":{"type":"MultiPolygon","coordinates":[[[[37.80532,55.68028],[37.80253,55.68049],[37.7925,55.68306],[37.78923,55.68145],[37.77424,55.68981],[37.77277,55.68929],[37.77207,55.68976],[37.76727,55.69074],[37.76591,55.68909],[37.76662,55.68763],[37.76699,55.68755],[37.76592,55.68688],[37.76448,55.68287],[37.76369,55.68288],[37.76394,55.68378],[37.76293,55.68561],[37.76188,55.68552],[37.75347,55.68743],[37.75422,55.68795],[37.75523,55.68973],[37.75607,55.68986],[37.75673,55.69065],[37.75914,55.6902],[37.7601,55.69049],[37.76054,55.69097],[37.76039,55.69147],[37.7589,55.69328],[37.7601,55.69383],[37.76165,55.69379],[37.76217,55.69483],[37.76316,55.6947],[37.76408,55.69643],[37.76343,55.69652],[37.76387,55.69751],[37.76432,55.69745],[37.76469,55.69837],[37.76537,55.69857],[37.77175,55.69777],[37.77131,55.69657],[37.77295,55.69636],[37.77376,55.69755],[37.77955,55.69714],[37.78386,55.6962],[37.78507,55.69693],[37.78636,55.69677],[37.78648,55.69724],[37.79175,55.69664],[37.79026,55.69166],[37.80373,55.69008],[37.80813,55.68887],[37.80945,55.68917],[37.8106,55.6884],[37.814,55.68827],[37.81611,55.69033],[37.81393,55.69151],[37.81558,55.69264],[37.82462,55.68908],[37.83128,55.68347],[37.83601,55.67108],[37.83679,55.66877],[37.83635,55.66872],[37.83672,55.66772],[37.83716,55.66777],[37.83845,55.66435],[37.839,55.66215],[37.83879,55.65849],[37.83652,55.65785],[37.83604,55.65738],[37.83429,55.65715],[37.82479,55.65731],[37.81828,55.65751],[37.81508,55.65815],[37.81269,55.65917],[37.81111,55.66112],[37.8107,55.66111],[37.80774,55.66703],[37.80787,55.67263],[37.81611,55.67294],[37.82198,55.67198],[37.82322,55.67341],[37.8246,55.67611],[37.82431,55.67674],[37.82504,55.67677],[37.8275,55.67538],[37.83025,55.67617],[37.83038,55.67728],[37.82672,55.67927],[37.82786,55.67977],[37.82698,55.68042],[37.82199,55.67824],[37.81809,55.68037],[37.80793,55.67464],[37.80449,55.67742],[37.80532,55.68028]]]]}},{"type":"Feature","properties":{"id":"dogal-lab-5","kind":"district-label","btype":"dogal","name":"Kuzminki Lyublino park"},"geometry":{"type":"Point","coordinates":[37.80627,55.67929]}},{"type":"Feature","properties":{"id":"dogal-6","kind":"district","btype":"dogal","name":"Парк Мещёрский","lab":1},"geometry":{"type":"MultiPolygon","coordinates":[[[[37.38637,55.66454],[37.38005,55.66435],[37.37869,55.66007],[37.37648,55.66022],[37.37578,55.65929],[37.37496,55.65902],[37.37023,55.65936],[37.36879,55.66004],[37.36901,55.66072],[37.36995,55.66083],[37.37025,55.66275],[37.36873,55.66354],[37.36871,55.66489],[37.36548,55.6649],[37.36511,55.66638],[37.36363,55.66642],[37.36285,55.66605],[37.36223,55.66444],[37.35294,55.66028],[37.34871,55.66212],[37.34896,55.6628],[37.35055,55.66208],[37.35091,55.6623],[37.35076,55.66284],[37.34978,55.66268],[37.34912,55.66305],[37.35072,55.66339],[37.35104,55.66406],[37.35097,55.66479],[37.35007,55.66479],[37.34999,55.66534],[37.34859,55.66553],[37.34823,55.66407],[37.34893,55.66303],[37.34763,55.66211],[37.34446,55.66253],[37.34356,55.66384],[37.34451,55.66431],[37.34491,55.66567],[37.34616,55.66599],[37.34645,55.66812],[37.34734,55.66853],[37.34748,55.6693],[37.34738,55.66973],[37.34654,55.67013],[37.34733,55.67075],[37.34703,55.6715],[37.34906,55.67233],[37.34953,55.67371],[37.35064,55.67391],[37.3534,55.67301],[37.3557,55.67393],[37.35625,55.67464],[37.35771,55.67484],[37.3604,55.67436],[37.36117,55.67463],[37.36199,55.67576],[37.36371,55.67594],[37.36438,55.67689],[37.3666,55.67709],[37.36664,55.67813],[37.36521,55.67894],[37.36561,55.6797],[37.36851,55.67789],[37.3726,55.67431],[37.37521,55.67688],[37.38349,55.6768],[37.38591,55.67179],[37.39601,55.67141],[37.39831,55.67248],[37.39828,55.67894],[37.39625,55.67949],[37.39624,55.67982],[37.39915,55.68107],[37.40268,55.68326],[37.40301,55.68302],[37.40422,55.6834],[37.40653,55.68333],[37.40706,55.67834],[37.40901,55.67638],[37.40789,55.67575],[37.40867,55.67526],[37.40531,55.67363],[37.40457,55.67274],[37.40423,55.67112],[37.40553,55.66992],[37.41137,55.6677],[37.41286,55.66781],[37.41344,55.66715],[37.41269,55.66689],[37.41358,55.66685],[37.4155,55.6648],[37.40931,55.66296],[37.40242,55.66157],[37.39411,55.66092],[37.38895,55.66192],[37.38637,55.66454]]]]}},{"type":"Feature","properties":{"id":"dogal-lab-6","kind":"district-label","btype":"dogal","name":"Парк Мещёрский"},"geometry":{"type":"Point","coordinates":[37.37991,55.66911]}},{"type":"Feature","properties":{"id":"dogal-7","kind":"district","btype":"dogal","name":"Khimki Forest","lab":1},"geometry":{"type":"MultiPolygon","coordinates":[[[[37.44322,55.94173],[37.44422,55.94097],[37.4425,55.94047],[37.44169,55.93895],[37.44167,55.93787],[37.44036,55.93544],[37.43736,55.93755],[37.43625,55.93688],[37.43647,55.93632],[37.43581,55.93607],[37.43655,55.93572],[37.43609,55.9358],[37.43612,55.93546],[37.43523,55.93544],[37.43577,55.93566],[37.43535,55.93641],[37.43553,55.93688],[37.43483,55.93692],[37.43136,55.93557],[37.43816,55.93409],[37.43905,55.9336],[37.43835,55.93311],[37.43702,55.93307],[37.43585,55.93205],[37.43486,55.93205],[37.43411,55.93128],[37.43207,55.93099],[37.43063,55.93127],[37.43065,55.9308],[37.42913,55.9302],[37.42831,55.93205],[37.42752,55.93242],[37.42486,55.93026],[37.42351,55.9307],[37.42359,55.93148],[37.4217,55.93186],[37.4214,55.93126],[37.42284,55.92996],[37.42478,55.93006],[37.42347,55.92908],[37.42382,55.92881],[37.42256,55.92817],[37.42,55.92577],[37.42139,55.92465],[37.42371,55.92539],[37.42442,55.92481],[37.42387,55.92446],[37.41893,55.92271],[37.41391,55.92346],[37.41412,55.92395],[37.41363,55.92405],[37.41359,55.92472],[37.41287,55.92475],[37.41234,55.9256],[37.41102,55.9263],[37.4103,55.92643],[37.41054,55.92577],[37.40884,55.92563],[37.40683,55.92638],[37.40551,55.92609],[37.40577,55.92548],[37.40548,55.92544],[37.40293,55.92672],[37.40457,55.9272],[37.40619,55.92712],[37.40585,55.92783],[37.40705,55.92854],[37.40527,55.92905],[37.40667,55.92908],[37.40704,55.92976],[37.40759,55.92944],[37.4103,55.93059],[37.40975,55.93122],[37.41,55.932],[37.40954,55.93285],[37.40748,55.93478],[37.40575,55.93799],[37.40648,55.93938],[37.40725,55.94047],[37.40812,55.94056],[37.40809,55.9415],[37.41063,55.94528],[37.41199,55.94545],[37.41187,55.9461],[37.41357,55.94617],[37.41391,55.9457],[37.41556,55.94584],[37.41618,55.94686],[37.41366,55.94675],[37.4137,55.94701],[37.41941,55.94678],[37.42111,55.94751],[37.42092,55.94924],[37.42205,55.95068],[37.42091,55.95112],[37.4209,55.95168],[37.41992,55.95166],[37.42056,55.95245],[37.4259,55.95249],[37.42573,55.95347],[37.42934,55.95355],[37.43317,55.95123],[37.4338,55.94965],[37.43441,55.94915],[37.43757,55.94884],[37.43901,55.94786],[37.43822,55.94651],[37.43942,55.94551],[37.44222,55.94586],[37.44452,55.94446],[37.44428,55.94199],[37.44322,55.94173]]]]}},{"type":"Feature","properties":{"id":"dogal-lab-7","kind":"district-label","btype":"dogal","name":"Khimki Forest"},"geometry":{"type":"Point","coordinates":[37.42353,55.93868]}},{"type":"Feature","properties":{"id":"dogal-8","kind":"district","btype":"dogal","name":"Музей-заповедник «Царицыно»","lab":1},"geometry":{"type":"MultiPolygon","coordinates":[[[[37.67604,55.62329],[37.68482,55.63058],[37.68819,55.63881],[37.69192,55.63691],[37.69212,55.63606],[37.69564,55.63563],[37.69575,55.63459],[37.69322,55.63084],[37.69175,55.62683],[37.69184,55.62605],[37.69376,55.62298],[37.69364,55.61985],[37.69411,55.61749],[37.69408,55.61718],[37.69312,55.61711],[37.69323,55.61566],[37.69178,55.61456],[37.69435,55.61271],[37.69795,55.6089],[37.69385,55.60706],[37.69262,55.60589],[37.69178,55.60693],[37.68919,55.60712],[37.68847,55.60603],[37.68755,55.60605],[37.68322,55.60414],[37.67898,55.60726],[37.67439,55.60807],[37.67406,55.60671],[37.67149,55.60623],[37.67063,55.60495],[37.66967,55.60449],[37.66043,55.61495],[37.66598,55.61582],[37.66906,55.61704],[37.67181,55.61905],[37.67604,55.62329]]]]}},{"type":"Feature","properties":{"id":"dogal-lab-8","kind":"district-label","btype":"dogal","name":"Музей-заповедник «Царицыно»"},"geometry":{"type":"Point","coordinates":[37.68231,55.61766]}},{"type":"Feature","properties":{"id":"dogal-9","kind":"district","btype":"dogal","name":"Лохин остров","lab":1},"geometry":{"type":"MultiPolygon","coordinates":[[[[37.27919,55.76156],[37.2759,55.7636],[37.27066,55.76524],[37.26911,55.76731],[37.26971,55.76776],[37.26928,55.76951],[37.26823,55.77052],[37.26658,55.77078],[37.2608,55.77038],[37.25913,55.77152],[37.25877,55.77233],[37.25902,55.77336],[37.26056,55.77597],[37.26074,55.77937],[37.26165,55.7808],[37.26693,55.7817],[37.27036,55.78158],[37.27567,55.78054],[37.2905,55.78162],[37.29365,55.78054],[37.29654,55.77812],[37.30075,55.7736],[37.3036,55.77191],[37.30021,55.771],[37.29815,55.7697],[37.29766,55.76892],[37.29822,55.76864],[37.29738,55.76635],[37.29628,55.76548],[37.29536,55.76531],[37.29623,55.76663],[37.29456,55.76514],[37.28554,55.76341],[37.27999,55.76051],[37.27919,55.76156]]]]}},{"type":"Feature","properties":{"id":"dogal-lab-9","kind":"district-label","btype":"dogal","name":"Лохин остров"},"geometry":{"type":"Point","coordinates":[37.2806,55.77284]}},{"type":"Feature","properties":{"id":"dogal-10","kind":"district","btype":"dogal","name":"Ульяновский лесопарк","lab":1},"geometry":{"type":"MultiPolygon","coordinates":[[[[37.41277,55.59717],[37.40168,55.58771],[37.40032,55.58706],[37.39867,55.58673],[37.39756,55.58694],[37.39446,55.58596],[37.38041,55.57884],[37.37934,55.57938],[37.37841,55.57903],[37.37878,55.57852],[37.37745,55.57861],[37.37634,55.58016],[37.37511,55.58098],[37.36956,55.58155],[37.36712,55.58294],[37.36735,55.58326],[37.36693,55.5839],[37.36743,55.58452],[37.37063,55.58565],[37.37208,55.58643],[37.37236,55.58702],[37.37428,55.58536],[37.37268,55.58372],[37.37164,55.58142],[37.3756,55.58115],[37.37733,55.58194],[37.38003,55.58153],[37.38137,55.58393],[37.38221,55.58715],[37.37927,55.5868],[37.37948,55.58741],[37.37911,55.58763],[37.37962,55.58913],[37.38109,55.59073],[37.38416,55.59229],[37.38593,55.59192],[37.38673,55.59132],[37.38628,55.59177],[37.38704,55.59189],[37.385,55.59272],[37.38517,55.59332],[37.38622,55.59292],[37.38587,55.59326],[37.38657,55.59319],[37.38556,55.59339],[37.38668,55.5937],[37.38524,55.59356],[37.38537,55.59399],[37.38393,55.59556],[37.38445,55.59628],[37.38413,55.59683],[37.38347,55.59579],[37.38456,55.59361],[37.38441,55.5932],[37.38338,55.59241],[37.38135,55.59193],[37.38033,55.59287],[37.38103,55.59186],[37.37706,55.59232],[37.37593,55.59156],[37.37073,55.59462],[37.37155,55.59492],[37.37125,55.5951],[37.37214,55.59617],[37.37573,55.59919],[37.38569,55.60256],[37.39033,55.60305],[37.39272,55.60276],[37.39897,55.59973],[37.40364,55.59972],[37.40132,55.59846],[37.40205,55.59804],[37.40308,55.59865],[37.40421,55.59815],[37.40361,55.59775],[37.40625,55.59729],[37.4068,55.59627],[37.40747,55.59651],[37.40768,55.59731],[37.40843,55.597],[37.40613,55.59495],[37.40582,55.59422],[37.40639,55.59398],[37.40108,55.58968],[37.40177,55.58918],[37.40534,55.59177],[37.407,55.59369],[37.41118,55.59658],[37.41277,55.59717]]]]}},{"type":"Feature","properties":{"id":"dogal-lab-10","kind":"district-label","btype":"dogal","name":"Ульяновский лесопарк"},"geometry":{"type":"Point","coordinates":[37.38863,55.59249]}},{"type":"Feature","properties":{"id":"dogal-11","kind":"district","btype":"dogal","name":"ПКиО Измайлово","lab":1},"geometry":{"type":"MultiPolygon","coordinates":[[[[37.76244,55.78707],[37.76191,55.78681],[37.76263,55.78661],[37.76872,55.76394],[37.76406,55.76215],[37.75763,55.76103],[37.75698,55.76221],[37.75362,55.76157],[37.75414,55.7606],[37.75322,55.76047],[37.75087,55.76454],[37.74856,55.76628],[37.74633,55.78725],[37.74724,55.78765],[37.76176,55.78821],[37.76218,55.78807],[37.76244,55.78707]]]]}},{"type":"Feature","properties":{"id":"dogal-lab-11","kind":"district-label","btype":"dogal","name":"ПКиО Измайлово"},"geometry":{"type":"Point","coordinates":[37.75683,55.77466]}},{"type":"Feature","properties":{"id":"dogal-12","kind":"district","btype":"dogal","name":"Kuskovo Park","lab":1},"geometry":{"type":"MultiPolygon","coordinates":[[[[37.80863,55.7419],[37.81474,55.74246],[37.81673,55.73848],[37.81078,55.7323],[37.79992,55.72492],[37.79557,55.72579],[37.79478,55.72525],[37.79232,55.7261],[37.79084,55.7257],[37.78809,55.72659],[37.77877,55.72981],[37.77768,55.73039],[37.77841,55.73054],[37.77559,55.73157],[37.77284,55.73324],[37.7726,55.73424],[37.77139,55.73434],[37.77406,55.73495],[37.77476,55.73398],[37.77569,55.73417],[37.77504,55.73517],[37.77832,55.73579],[37.77869,55.73518],[37.78039,55.73545],[37.78038,55.73625],[37.80863,55.7419]]]]}},{"type":"Feature","properties":{"id":"dogal-lab-12","kind":"district-label","btype":"dogal","name":"Kuskovo Park"},"geometry":{"type":"Point","coordinates":[37.79651,55.73369]}},{"type":"Feature","properties":{"id":"dogal-13","kind":"district","btype":"dogal","name":"Прибрежная рекреационная зона «Сходненская»","lab":1},"geometry":{"type":"MultiPolygon","coordinates":[[[[37.33524,55.91796],[37.32636,55.9188],[37.32192,55.92284],[37.31937,55.92635],[37.32143,55.92704],[37.32505,55.92905],[37.32518,55.93013],[37.32593,55.93128],[37.32593,55.93173],[37.32547,55.93198],[37.32649,55.93241],[37.32418,55.93457],[37.32558,55.93503],[37.32596,55.93574],[37.32736,55.93482],[37.32699,55.93386],[37.32669,55.93467],[37.32616,55.93446],[37.32752,55.93316],[37.32907,55.93299],[37.33053,55.93383],[37.33083,55.93379],[37.33043,55.93355],[37.33062,55.93315],[37.3311,55.93362],[37.33369,55.93354],[37.33425,55.93337],[37.3326,55.93335],[37.33626,55.93253],[37.33836,55.93128],[37.33713,55.93078],[37.33797,55.92979],[37.33555,55.92834],[37.33305,55.92773],[37.33303,55.92677],[37.33821,55.92496],[37.34166,55.92262],[37.34623,55.92063],[37.34635,55.92012],[37.3491,55.91887],[37.35167,55.91824],[37.35241,55.91866],[37.35352,55.92078],[37.35308,55.9226],[37.3515,55.9241],[37.35071,55.92437],[37.35017,55.92538],[37.3504,55.92628],[37.35095,55.92624],[37.35083,55.92575],[37.35186,55.92544],[37.3537,55.92349],[37.35379,55.92088],[37.35417,55.92031],[37.35606,55.91998],[37.35858,55.92137],[37.36221,55.91969],[37.36115,55.91852],[37.36064,55.91871],[37.3578,55.91787],[37.35804,55.91732],[37.35744,55.91687],[37.3546,55.91635],[37.35508,55.91581],[37.35492,55.91446],[37.35564,55.91376],[37.35383,55.91265],[37.35419,55.91175],[37.35483,55.91133],[37.35526,55.91002],[37.35379,55.90966],[37.35348,55.91047],[37.35296,55.9107],[37.35105,55.91071],[37.3512,55.91009],[37.3484,55.91056],[37.34487,55.91045],[37.34453,55.91177],[37.34344,55.91188],[37.34291,55.91318],[37.3406,55.91263],[37.33416,55.9126],[37.33477,55.9133],[37.33527,55.91523],[37.33524,55.91796]]]]}},{"type":"Feature","properties":{"id":"dogal-lab-13","kind":"district-label","btype":"dogal","name":"Прибрежная рекреационная зона «Сходненская»"},"geometry":{"type":"Point","coordinates":[37.33836,55.92115]}},{"type":"Feature","properties":{"id":"dogal-14","kind":"district","btype":"dogal","name":"Tyoply Stan landspace reserve","lab":1},"geometry":{"type":"MultiPolygon","coordinates":[[[[37.47018,55.63994],[37.46719,55.64181],[37.46977,55.64302],[37.47192,55.64229],[37.46952,55.64135],[37.47029,55.64057],[37.47074,55.64074],[37.47156,55.6401],[37.47318,55.64068],[37.47533,55.63975],[37.48666,55.64493],[37.4863,55.64456],[37.48654,55.64439],[37.48088,55.64126],[37.48486,55.64035],[37.49083,55.64365],[37.49138,55.64323],[37.4962,55.64282],[37.4998,55.64151],[37.50056,55.64102],[37.49919,55.6403],[37.49982,55.63944],[37.49967,55.6384],[37.50044,55.63819],[37.5024,55.63977],[37.50184,55.63991],[37.5019,55.63953],[37.50094,55.64036],[37.49964,55.64039],[37.50066,55.641],[37.50955,55.63767],[37.50823,55.63398],[37.50769,55.6334],[37.50636,55.63435],[37.50527,55.63433],[37.50595,55.63282],[37.50673,55.63238],[37.50619,55.6319],[37.50507,55.63211],[37.50364,55.63012],[37.50346,55.62906],[37.50377,55.62895],[37.50295,55.62716],[37.50416,55.62612],[37.50394,55.6258],[37.50145,55.62356],[37.49778,55.6251],[37.49691,55.62431],[37.50232,55.62205],[37.50145,55.62233],[37.50136,55.62188],[37.50456,55.62089],[37.50356,55.62029],[37.49073,55.62516],[37.49115,55.62544],[37.48963,55.62626],[37.48867,55.62593],[37.48817,55.62623],[37.48787,55.62674],[37.48835,55.62692],[37.48759,55.62703],[37.48906,55.62712],[37.48963,55.62775],[37.48955,55.62831],[37.48805,55.62907],[37.48678,55.62907],[37.49015,55.62972],[37.49094,55.63042],[37.49018,55.63019],[37.49022,55.63062],[37.4889,55.63066],[37.49004,55.63214],[37.48946,55.63384],[37.48854,55.6345],[37.4881,55.63573],[37.48316,55.63479],[37.47381,55.63498],[37.47375,55.63536],[37.47288,55.63535],[37.47259,55.63662],[37.47149,55.63767],[37.47018,55.63994]]]]}},{"type":"Feature","properties":{"id":"dogal-lab-14","kind":"district-label","btype":"dogal","name":"Tyoply Stan landspace reserve"},"geometry":{"type":"Point","coordinates":[37.49253,55.63467]}},{"type":"Feature","properties":{"id":"dogal-15","kind":"district","btype":"dogal","name":"Тимирязевский парк","lab":1},"geometry":{"type":"MultiPolygon","coordinates":[[[[37.55347,55.80578],[37.55078,55.80669],[37.54111,55.81208],[37.5378,55.81721],[37.53527,55.81973],[37.53198,55.82185],[37.53283,55.82547],[37.53203,55.83133],[37.53765,55.8327],[37.53844,55.83448],[37.53649,55.83491],[37.53867,55.83616],[37.54358,55.83504],[37.53691,55.82808],[37.53692,55.82739],[37.53914,55.82499],[37.541,55.82419],[37.54528,55.82643],[37.54627,55.82505],[37.55239,55.82532],[37.55571,55.8261],[37.56271,55.81771],[37.55518,55.81684],[37.55501,55.81589],[37.55653,55.81333],[37.55333,55.8127],[37.55705,55.80644],[37.55347,55.80578]]]]}},{"type":"Feature","properties":{"id":"dogal-lab-15","kind":"district-label","btype":"dogal","name":"Тимирязевский парк"},"geometry":{"type":"Point","coordinates":[37.54606,55.81967]}},{"type":"Feature","properties":{"id":"dogal-16","kind":"district","btype":"dogal","name":"Moscow Botanical Garden of Academy of Sciences","lab":1},"geometry":{"type":"MultiPolygon","coordinates":[[[[37.62645,55.84552],[37.62627,55.84391],[37.62675,55.84335],[37.62577,55.84324],[37.6242,55.84075],[37.61944,55.8407],[37.61346,55.83968],[37.61179,55.83874],[37.61189,55.83685],[37.61232,55.83669],[37.61227,55.83623],[37.61054,55.83511],[37.61059,55.8346],[37.6087,55.83408],[37.60604,55.83215],[37.60597,55.83168],[37.60467,55.83127],[37.60476,55.83094],[37.60119,55.83015],[37.60104,55.83064],[37.59157,55.83589],[37.58897,55.84046],[37.58648,55.84358],[37.587,55.84371],[37.58717,55.84483],[37.59046,55.84486],[37.59098,55.8443],[37.59233,55.84517],[37.59191,55.84595],[37.59495,55.84649],[37.62645,55.84552]]]]}},{"type":"Feature","properties":{"id":"dogal-lab-16","kind":"district-label","btype":"dogal","name":"Moscow Botanical Garden of Academy of Sciences"},"geometry":{"type":"Point","coordinates":[37.60438,55.84032]}},{"type":"Feature","properties":{"id":"dogal-17","kind":"district","btype":"dogal","name":"Природно-исторический парк «Тушинский»","lab":1},"geometry":{"type":"MultiPolygon","coordinates":[[[[37.43441,55.86662],[37.43407,55.86573],[37.42462,55.86426],[37.42413,55.86455],[37.42327,55.86399],[37.42263,55.86428],[37.41884,55.86389],[37.41962,55.86297],[37.41884,55.86272],[37.41888,55.8623],[37.41332,55.86195],[37.41327,55.86271],[37.41049,55.86233],[37.41048,55.86132],[37.40906,55.8609],[37.40842,55.86117],[37.4061,55.85986],[37.40562,55.8594],[37.4062,55.8591],[37.4056,55.85896],[37.40311,55.85652],[37.405,55.85572],[37.40431,55.85539],[37.40401,55.855],[37.40435,55.85488],[37.40381,55.85444],[37.40207,55.8548],[37.39863,55.85271],[37.39775,55.85167],[37.39593,55.85199],[37.39594,55.85248],[37.39443,55.85215],[37.3991,55.8604],[37.4029,55.86454],[37.40751,55.86786],[37.40997,55.86845],[37.41195,55.86948],[37.4124,55.87057],[37.41837,55.87304],[37.42426,55.87494],[37.42932,55.8756],[37.43135,55.87541],[37.43714,55.87383],[37.43941,55.8724],[37.43936,55.87191],[37.43887,55.87176],[37.44019,55.87055],[37.43974,55.86998],[37.43884,55.87005],[37.43571,55.87074],[37.43582,55.87113],[37.43476,55.87115],[37.43449,55.8708],[37.43501,55.87069],[37.43357,55.86896],[37.43441,55.86662]]]]}},{"type":"Feature","properties":{"id":"dogal-lab-17","kind":"district-label","btype":"dogal","name":"Природно-исторический парк «Тушинский»"},"geometry":{"type":"Point","coordinates":[37.41746,55.86632]}},{"type":"Feature","properties":{"id":"dogal-18","kind":"district","btype":"dogal","name":"Kolomenskoe open-air museum","lab":1},"geometry":{"type":"MultiPolygon","coordinates":[[[[37.66095,55.65044],[37.65478,55.65406],[37.65382,55.65546],[37.65426,55.65566],[37.65392,55.6559],[37.65443,55.65832],[37.65735,55.66275],[37.65811,55.66303],[37.65794,55.66339],[37.65955,55.66538],[37.6601,55.66553],[37.66152,55.66764],[37.66239,55.66799],[37.66201,55.66837],[37.66275,55.66937],[37.66383,55.67259],[37.66906,55.67229],[37.66967,55.6733],[37.66847,55.67378],[37.66871,55.6743],[37.66906,55.67425],[37.66918,55.67474],[37.67058,55.67476],[37.67184,55.67635],[37.67755,55.67578],[37.67964,55.67361],[37.68133,55.67409],[37.68421,55.67224],[37.68092,55.67155],[37.67355,55.66784],[37.67182,55.66492],[37.6698,55.65562],[37.66986,55.65502],[37.67034,55.65482],[37.66997,55.65455],[37.67055,55.65384],[37.6746,55.65085],[37.68119,55.64788],[37.68099,55.64768],[37.6828,55.64714],[37.68009,55.64536],[37.67613,55.64658],[37.67441,55.64811],[37.67489,55.64842],[37.6748,55.64886],[37.67369,55.6493],[37.67403,55.64959],[37.6717,55.65058],[37.67111,55.65149],[37.66633,55.65395],[37.66448,55.65337],[37.66095,55.65044]]]]}},{"type":"Feature","properties":{"id":"dogal-lab-18","kind":"district-label","btype":"dogal","name":"Kolomenskoe open-air museum"},"geometry":{"type":"Point","coordinates":[37.66729,55.66236]}},{"type":"Feature","properties":{"id":"dogal-19","kind":"district","btype":"dogal","name":"Тропарёвский лесопарк","lab":1},"geometry":{"type":"MultiPolygon","coordinates":[[[[37.44934,55.65575],[37.45147,55.65806],[37.45276,55.65654],[37.45769,55.65789],[37.4562,55.65841],[37.45725,55.65962],[37.45587,55.65998],[37.45606,55.66021],[37.45525,55.66061],[37.45594,55.66068],[37.45566,55.6615],[37.45614,55.6616],[37.45586,55.6622],[37.45628,55.66231],[37.45481,55.66373],[37.45509,55.66466],[37.45599,55.66571],[37.45788,55.66678],[37.46125,55.66586],[37.46161,55.66505],[37.46119,55.66201],[37.46403,55.65916],[37.46786,55.65638],[37.46785,55.65601],[37.46937,55.65494],[37.47072,55.65486],[37.47086,55.65445],[37.46944,55.65417],[37.46775,55.65271],[37.468,55.65192],[37.4673,55.64934],[37.46734,55.64874],[37.46777,55.64859],[37.46731,55.64686],[37.46838,55.64649],[37.46659,55.6443],[37.46745,55.64348],[37.46235,55.64069],[37.45862,55.64084],[37.45757,55.64132],[37.44231,55.65422],[37.44934,55.65575]]]]}},{"type":"Feature","properties":{"id":"dogal-lab-19","kind":"district-label","btype":"dogal","name":"Тропарёвский лесопарк"},"geometry":{"type":"Point","coordinates":[37.45836,55.65218]}},{"type":"Feature","properties":{"id":"dogal-20","kind":"district","btype":"dogal","name":"Birulevo forest park","lab":1},"geometry":{"type":"MultiPolygon","coordinates":[[[[37.7202,55.59419],[37.72389,55.59006],[37.7204,55.58891],[37.71435,55.58615],[37.69727,55.58679],[37.6934,55.5859],[37.69321,55.58671],[37.68679,55.58686],[37.6868,55.58715],[37.68222,55.58787],[37.68264,55.58901],[37.68168,55.59107],[37.68263,55.59038],[37.68396,55.58842],[37.6853,55.58794],[37.6868,55.58783],[37.68704,55.58747],[37.69619,55.58705],[37.69651,55.58866],[37.69924,55.59055],[37.70086,55.59348],[37.7001,55.59619],[37.69821,55.59803],[37.69536,55.59927],[37.69699,55.60242],[37.69589,55.60271],[37.69536,55.60427],[37.6958,55.60474],[37.69262,55.60589],[37.69311,55.60643],[37.69419,55.60605],[37.69647,55.60696],[37.69649,55.6074],[37.69593,55.60776],[37.69795,55.6089],[37.69914,55.60795],[37.69801,55.60723],[37.69748,55.60744],[37.69732,55.60693],[37.69932,55.60618],[37.6977,55.60617],[37.69803,55.60564],[37.70098,55.6042],[37.70321,55.60531],[37.70244,55.60589],[37.70384,55.60513],[37.70635,55.60359],[37.70548,55.60314],[37.70823,55.60136],[37.70903,55.60176],[37.70914,55.60169],[37.70807,55.60124],[37.71003,55.59986],[37.70983,55.59962],[37.7122,55.5984],[37.71312,55.59882],[37.7164,55.59675],[37.71905,55.59438],[37.7202,55.59419]]]]}},{"type":"Feature","properties":{"id":"dogal-lab-20","kind":"district-label","btype":"dogal","name":"Birulevo forest park"},"geometry":{"type":"Point","coordinates":[37.70661,55.59447]}},{"type":"Feature","properties":{"id":"dogal-21","kind":"district","btype":"dogal","name":"Sokolniki Park","lab":1},"geometry":{"type":"MultiPolygon","coordinates":[[[[37.67971,55.79362],[37.67637,55.79238],[37.67602,55.7927],[37.67449,55.79254],[37.67424,55.79352],[37.67057,55.79357],[37.67061,55.79226],[37.67007,55.79219],[37.67007,55.79172],[37.66504,55.79157],[37.65924,55.79288],[37.65719,55.79738],[37.65833,55.8014],[37.66299,55.80441],[37.66848,55.80674],[37.67479,55.80731],[37.67941,55.80718],[37.68408,55.80615],[37.68412,55.80353],[37.686,55.80151],[37.68628,55.8004],[37.67971,55.79362]]]]}},{"type":"Feature","properties":{"id":"dogal-lab-21","kind":"district-label","btype":"dogal","name":"Sokolniki Park"},"geometry":{"type":"Point","coordinates":[37.67149,55.79955]}},{"type":"Feature","properties":{"id":"dogal-22","kind":"district","btype":"dogal","name":"Trade Fair Moscow, All-Russia Exhibition Centre","lab":1},"geometry":{"type":"MultiPolygon","coordinates":[[[[37.63726,55.83287],[37.64525,55.83017],[37.64325,55.82802],[37.64279,55.8281],[37.63947,55.82635],[37.63846,55.82663],[37.63711,55.82615],[37.63685,55.82548],[37.63731,55.82523],[37.63625,55.82469],[37.63104,55.82673],[37.63059,55.82666],[37.6303,55.82535],[37.62669,55.82558],[37.62667,55.82619],[37.6241,55.8263],[37.6242,55.82686],[37.62179,55.82703],[37.62213,55.82844],[37.62271,55.82838],[37.6224,55.82887],[37.62324,55.82944],[37.62211,55.82979],[37.62179,55.82873],[37.61898,55.82891],[37.61949,55.82998],[37.6135,55.8309],[37.61027,55.83292],[37.61002,55.83357],[37.60918,55.83407],[37.60959,55.83453],[37.61059,55.8346],[37.61054,55.83511],[37.61227,55.83623],[37.61232,55.83669],[37.61189,55.83685],[37.61179,55.83874],[37.61346,55.83968],[37.61944,55.8407],[37.6242,55.84075],[37.62577,55.84324],[37.62675,55.84335],[37.62744,55.84318],[37.6281,55.84227],[37.62886,55.84007],[37.63202,55.83824],[37.63202,55.83595],[37.63304,55.83595],[37.63423,55.83532],[37.63425,55.83381],[37.63667,55.83382],[37.63726,55.83287]]]]}},{"type":"Feature","properties":{"id":"dogal-lab-22","kind":"district-label","btype":"dogal","name":"Trade Fair Moscow, All-Russia Exhibition Centre"},"geometry":{"type":"Point","coordinates":[37.62613,55.83321]}},{"type":"Feature","properties":{"id":"dogal-23","kind":"district","btype":"dogal","name":"Парк Малевича","lab":1},"geometry":{"type":"MultiPolygon","coordinates":[[[[37.30623,55.73532],[37.30223,55.73437],[37.30136,55.73485],[37.29975,55.73636],[37.29721,55.73978],[37.30263,55.74191],[37.30957,55.74672],[37.31174,55.74638],[37.31342,55.74474],[37.31763,55.74397],[37.32572,55.73761],[37.32619,55.73052],[37.32313,55.72916],[37.32021,55.72844],[37.31817,55.72928],[37.31638,55.72951],[37.31403,55.72812],[37.30486,55.73297],[37.30745,55.7345],[37.30623,55.73532]]]]}},{"type":"Feature","properties":{"id":"dogal-lab-23","kind":"district-label","btype":"dogal","name":"Парк Малевича"},"geometry":{"type":"Point","coordinates":[37.31325,55.73701]}},{"type":"Feature","properties":{"id":"dogal-24","kind":"district","btype":"dogal","name":"Sokolniki nature-historical park","lab":1},"geometry":{"type":"MultiPolygon","coordinates":[[[[37.65721,55.7975],[37.65833,55.8014],[37.66299,55.80441],[37.66848,55.80674],[37.66688,55.80906],[37.66261,55.80711],[37.65944,55.80986],[37.66808,55.81987],[37.6778,55.81739],[37.67379,55.81457],[37.67479,55.80731],[37.68126,55.807],[37.68408,55.80615],[37.68393,55.80484],[37.68092,55.80525],[37.68007,55.80336],[37.68264,55.80302],[37.68253,55.80014],[37.67636,55.80012],[37.67566,55.80127],[37.67348,55.80084],[37.67232,55.80245],[37.67108,55.80218],[37.67293,55.79945],[37.67091,55.79902],[37.66851,55.79768],[37.66752,55.79604],[37.65721,55.7975]]]]}},{"type":"Feature","properties":{"id":"dogal-lab-24","kind":"district-label","btype":"dogal","name":"Sokolniki nature-historical park"},"geometry":{"type":"Point","coordinates":[37.66949,55.80686]}},{"type":"Feature","properties":{"id":"dogal-25","kind":"district","btype":"dogal","name":"Государственный музей-заповедник «Горки Ленинские»","lab":1},"geometry":{"type":"MultiPolygon","coordinates":[[[[37.76679,55.49597],[37.76307,55.49408],[37.76275,55.49508],[37.76129,55.49618],[37.7594,55.49659],[37.758,55.49627],[37.75771,55.4967],[37.75792,55.49989],[37.76037,55.50595],[37.76372,55.50835],[37.76614,55.51258],[37.76297,55.51346],[37.76348,55.51407],[37.76528,55.51384],[37.76588,55.51413],[37.76642,55.51585],[37.76227,55.51753],[37.76334,55.51896],[37.76684,55.51828],[37.76939,55.52101],[37.77112,55.52087],[37.77185,55.51932],[37.77341,55.51918],[37.77462,55.51857],[37.77733,55.51501],[37.77797,55.5132],[37.77745,55.5112],[37.77448,55.50779],[37.77221,55.50601],[37.77383,55.50541],[37.77567,55.50323],[37.77617,55.50314],[37.77626,55.50263],[37.77732,55.50252],[37.77674,55.5017],[37.77591,55.50161],[37.77568,55.50091],[37.77691,55.50066],[37.77725,55.50023],[37.77473,55.49999],[37.77341,55.49917],[37.77353,55.49852],[37.77106,55.49849],[37.76977,55.49799],[37.7702,55.49771],[37.76918,55.49721],[37.76821,55.49824],[37.76698,55.498],[37.76679,55.49597]]]]}},{"type":"Feature","properties":{"id":"dogal-lab-25","kind":"district-label","btype":"dogal","name":"Государственный музей-заповедник «Горки Ленинские»"},"geometry":{"type":"Point","coordinates":[37.76831,55.50713]}},{"type":"Feature","properties":{"id":"dogal-26","kind":"district","btype":"dogal","name":"Дворцово-парковый ансамбль «Царицыно»","lab":1},"geometry":{"type":"MultiPolygon","coordinates":[[[[37.67457,55.61449],[37.67475,55.61611],[37.67371,55.61659],[37.67364,55.61732],[37.67244,55.61893],[37.67337,55.61924],[37.6735,55.61983],[37.67575,55.62175],[37.68083,55.62151],[37.68997,55.61795],[37.69297,55.61724],[37.69323,55.61566],[37.69178,55.61456],[37.69435,55.61271],[37.69795,55.6089],[37.69385,55.60706],[37.69262,55.60589],[37.69178,55.60693],[37.68919,55.60712],[37.68847,55.60603],[37.68755,55.60605],[37.68322,55.60414],[37.68011,55.60672],[37.67621,55.60793],[37.67651,55.60983],[37.67035,55.61056],[37.66997,55.6116],[37.67457,55.61449]]]]}},{"type":"Feature","properties":{"id":"dogal-lab-26","kind":"district-label","btype":"dogal","name":"Дворцово-парковый ансамбль «Царицыно»"},"geometry":{"type":"Point","coordinates":[37.68354,55.61307]}},{"type":"Feature","properties":{"id":"dogal-27","kind":"district","btype":"dogal","name":"Troparyovo landspace reserve","lab":1},"geometry":{"type":"MultiPolygon","coordinates":[[[[37.46937,55.65494],[37.47072,55.65486],[37.47086,55.65445],[37.46944,55.65417],[37.46775,55.65271],[37.468,55.65192],[37.4673,55.64934],[37.46734,55.64874],[37.46777,55.64859],[37.46731,55.64686],[37.46838,55.64649],[37.46659,55.6443],[37.46745,55.64348],[37.46276,55.64081],[37.46126,55.64058],[37.45862,55.64084],[37.45757,55.64132],[37.44231,55.65422],[37.44934,55.65575],[37.45018,55.6565],[37.45122,55.65643],[37.45156,55.65703],[37.4522,55.65712],[37.45274,55.65651],[37.45644,55.65688],[37.45557,55.65616],[37.45595,55.65607],[37.45453,55.6551],[37.45424,55.65559],[37.45372,55.65534],[37.45403,55.65466],[37.45558,55.65473],[37.45565,55.65543],[37.45663,55.65585],[37.45708,55.65496],[37.45761,55.65564],[37.45924,55.65489],[37.45944,55.65631],[37.45904,55.65641],[37.45933,55.65717],[37.4626,55.65864],[37.46093,55.66026],[37.46146,55.66051],[37.46367,55.65892],[37.46403,55.65916],[37.46937,55.65494]]]]}},{"type":"Feature","properties":{"id":"dogal-lab-27","kind":"district-label","btype":"dogal","name":"Troparyovo landspace reserve"},"geometry":{"type":"Point","coordinates":[37.45843,55.65025]}},{"type":"Feature","properties":{"id":"dogal-28","kind":"district","btype":"dogal","name":"Krylatskiye Kholmy","lab":1},"geometry":{"type":"MultiPolygon","coordinates":[[[[37.42411,55.7696],[37.42701,55.7685],[37.42871,55.76742],[37.43298,55.75539],[37.43082,55.75027],[37.42665,55.74788],[37.41914,55.75158],[37.41764,55.75287],[37.41383,55.75334],[37.41308,55.75468],[37.41401,55.75555],[37.41928,55.75668],[37.42047,55.75872],[37.42106,55.75872],[37.42202,55.76024],[37.42066,55.76024],[37.41948,55.76113],[37.41587,55.76235],[37.4157,55.76259],[37.41865,55.7634],[37.41861,55.76408],[37.41601,55.76671],[37.41362,55.76745],[37.41348,55.76857],[37.41622,55.76962],[37.41842,55.7695],[37.42113,55.77],[37.42411,55.7696]]]]}},{"type":"Feature","properties":{"id":"dogal-lab-28","kind":"district-label","btype":"dogal","name":"Krylatskiye Kholmy"},"geometry":{"type":"Point","coordinates":[37.424,55.75921]}},{"type":"Feature","properties":{"id":"dogal-29","kind":"district","btype":"dogal","name":"Яузский лесопарк","lab":1},"geometry":{"type":"MultiPolygon","coordinates":[[[[37.6723,55.83003],[37.69394,55.83074],[37.69493,55.81961],[37.69465,55.81908],[37.69306,55.81845],[37.68604,55.81683],[37.68195,55.8181],[37.67961,55.81825],[37.67505,55.82048],[37.67462,55.82128],[37.67272,55.82246],[37.67079,55.82448],[37.67152,55.82736],[37.67154,55.82927],[37.67239,55.82937],[37.6723,55.83003]]]]}},{"type":"Feature","properties":{"id":"dogal-lab-29","kind":"district-label","btype":"dogal","name":"Яузский лесопарк"},"geometry":{"type":"Point","coordinates":[37.68378,55.82441]}},{"type":"Feature","properties":{"id":"dogal-30","kind":"district","btype":"dogal","name":"Pokrovskoye-Streshnevo","lab":1},"geometry":{"type":"MultiPolygon","coordinates":[[[[37.49044,55.827],[37.4915,55.82515],[37.49106,55.82401],[37.48936,55.82301],[37.48869,55.8233],[37.4877,55.82235],[37.4872,55.82145],[37.48763,55.82112],[37.48592,55.81889],[37.48562,55.8173],[37.48494,55.81664],[37.48303,55.81581],[37.47887,55.81505],[37.47412,55.81351],[37.46933,55.81576],[37.46938,55.81708],[37.46647,55.82078],[37.46426,55.8202],[37.46057,55.82145],[37.46232,55.82397],[37.46332,55.82458],[37.46302,55.82483],[37.46566,55.82521],[37.46609,55.8258],[37.46863,55.82706],[37.47074,55.82699],[37.47337,55.82861],[37.47471,55.82776],[37.476,55.8282],[37.47834,55.82654],[37.48041,55.82694],[37.48272,55.82684],[37.48287,55.82622],[37.484,55.82517],[37.48321,55.82535],[37.4822,55.82444],[37.48172,55.82328],[37.48397,55.82228],[37.48497,55.82289],[37.48583,55.82291],[37.48583,55.82368],[37.4833,55.82591],[37.4829,55.82683],[37.48682,55.82645],[37.49044,55.827]]]]}},{"type":"Feature","properties":{"id":"dogal-lab-30","kind":"district-label","btype":"dogal","name":"Pokrovskoye-Streshnevo"},"geometry":{"type":"Point","coordinates":[37.47614,55.82159]}},{"type":"Feature","properties":{"id":"dogal-31","kind":"district","btype":"dogal","name":"Природный парк \"Долина реки Сходни в Куркино\"","lab":1},"geometry":{"type":"MultiPolygon","coordinates":[[[[37.40438,55.87598],[37.39444,55.87724],[37.38231,55.87788],[37.381,55.87837],[37.37994,55.87995],[37.37816,55.88022],[37.37597,55.8813],[37.37288,55.88155],[37.3712,55.88386],[37.3748,55.88693],[37.37449,55.88734],[37.37257,55.88773],[37.37279,55.88935],[37.37357,55.89012],[37.37302,55.89128],[37.37644,55.89201],[37.3774,55.89273],[37.37477,55.89489],[37.37284,55.89517],[37.3721,55.89601],[37.37266,55.89637],[37.37195,55.89713],[37.376,55.89562],[37.38,55.8968],[37.38072,55.89739],[37.38201,55.89754],[37.38831,55.89703],[37.3866,55.89365],[37.38292,55.89338],[37.38081,55.89278],[37.38012,55.89196],[37.37863,55.89177],[37.3784,55.89085],[37.38113,55.89032],[37.3809,55.88952],[37.3803,55.88848],[37.37924,55.88867],[37.37907,55.88782],[37.37967,55.8871],[37.37947,55.88688],[37.3777,55.88702],[37.37481,55.88578],[37.37451,55.88514],[37.37568,55.88494],[37.37497,55.88409],[37.37516,55.88374],[37.37669,55.88285],[37.38011,55.88321],[37.3816,55.88378],[37.38232,55.88342],[37.38562,55.88338],[37.38707,55.88278],[37.38867,55.88372],[37.39059,55.88311],[37.3892,55.88139],[37.39122,55.88083],[37.39335,55.8821],[37.40519,55.88129],[37.40383,55.87717],[37.40438,55.87598]]]]}},{"type":"Feature","properties":{"id":"dogal-lab-31","kind":"district-label","btype":"dogal","name":"Природный парк \"Долина реки Сходни в Куркино\""},"geometry":{"type":"Point","coordinates":[37.38565,55.88483]}},{"type":"Feature","properties":{"id":"dogal-32","kind":"district","btype":"dogal","name":"Городской лес","lab":1},"geometry":{"type":"MultiPolygon","coordinates":[[[[37.73231,55.42463],[37.73267,55.42405],[37.73447,55.4232],[37.73767,55.42288],[37.73814,55.42342],[37.73921,55.42342],[37.73925,55.42425],[37.73612,55.42461],[37.73522,55.42619],[37.73295,55.42658],[37.73299,55.4269],[37.73492,55.42727],[37.73534,55.42693],[37.73797,55.42709],[37.73887,55.4277],[37.739,55.42719],[37.74016,55.4269],[37.7417,55.42736],[37.74202,55.42796],[37.74308,55.42701],[37.74157,55.42646],[37.74225,55.42649],[37.74275,55.42594],[37.74392,55.42621],[37.74615,55.42405],[37.74684,55.42405],[37.74852,55.42261],[37.74976,55.42211],[37.74986,55.42171],[37.74902,55.42136],[37.74993,55.42143],[37.7506,55.42196],[37.75089,55.42285],[37.75225,55.42315],[37.75302,55.42187],[37.75404,55.4214],[37.75407,55.42091],[37.75509,55.4208],[37.7556,55.41987],[37.75679,55.41897],[37.75737,55.41897],[37.75936,55.41561],[37.7564,55.41461],[37.75446,55.41656],[37.75355,55.41613],[37.75171,55.41608],[37.74801,55.41702],[37.74098,55.41659],[37.73912,55.41681],[37.73886,55.41636],[37.73806,55.41616],[37.73786,55.41655],[37.73564,55.41566],[37.73389,55.41698],[37.73286,55.41713],[37.7305,55.42054],[37.73041,55.42179],[37.73149,55.42468],[37.73231,55.42463]]]]}},{"type":"Feature","properties":{"id":"dogal-lab-32","kind":"district-label","btype":"dogal","name":"Городской лес"},"geometry":{"type":"Point","coordinates":[37.74323,55.42058]}},{"type":"Feature","properties":{"id":"dogal-33","kind":"district","btype":"dogal","name":"Зона отдыха \"Терлецкая дубрава\"","lab":1},"geometry":{"type":"MultiPolygon","coordinates":[[[[37.82223,55.76471],[37.8212,55.76176],[37.81881,55.76216],[37.81841,55.76106],[37.82077,55.76077],[37.81985,55.75878],[37.80889,55.76035],[37.80917,55.76098],[37.80786,55.76117],[37.8076,55.76054],[37.80298,55.7612],[37.80067,55.76103],[37.79991,55.76239],[37.80155,55.76612],[37.80149,55.76785],[37.81856,55.77111],[37.82003,55.7709],[37.82211,55.7664],[37.82223,55.76471]]]]}},{"type":"Feature","properties":{"id":"dogal-lab-33","kind":"district-label","btype":"dogal","name":"Зона отдыха \"Терлецкая дубрава\""},"geometry":{"type":"Point","coordinates":[37.8121,55.7649]}},{"type":"Feature","properties":{"id":"dogal-34","kind":"district","btype":"dogal","name":"Восточный лесопарк","lab":1},"geometry":{"type":"MultiPolygon","coordinates":[[[[37.26303,55.98872],[37.2611,55.98797],[37.25539,55.98726],[37.25523,55.98606],[37.25703,55.98386],[37.25646,55.98359],[37.25608,55.98398],[37.25241,55.98308],[37.24684,55.98353],[37.24581,55.98265],[37.24384,55.98321],[37.24282,55.9841],[37.23904,55.98483],[37.23451,55.98747],[37.23695,55.98956],[37.23815,55.98979],[37.23814,55.99085],[37.2403,55.99194],[37.24231,55.99415],[37.24328,55.99417],[37.24797,55.99183],[37.25079,55.99247],[37.25082,55.99186],[37.25192,55.99054],[37.25421,55.98895],[37.25724,55.98977],[37.2582,55.99121],[37.25863,55.99148],[37.25907,55.99107],[37.26046,55.99246],[37.26187,55.99271],[37.26531,55.99115],[37.26336,55.98984],[37.26303,55.98872]]]]}},{"type":"Feature","properties":{"id":"dogal-lab-34","kind":"district-label","btype":"dogal","name":"Восточный лесопарк"},"geometry":{"type":"Point","coordinates":[37.24827,55.98816]}},{"type":"Feature","properties":{"id":"dogal-35","kind":"district","btype":"dogal","name":"Filevsky Park","lab":1},"geometry":{"type":"MultiPolygon","coordinates":[[[[37.49763,55.75088],[37.49627,55.75087],[37.49699,55.74963],[37.49635,55.74939],[37.49744,55.74817],[37.47488,55.74166],[37.4732,55.74452],[37.47086,55.74541],[37.47289,55.74667],[37.47544,55.74914],[37.47693,55.75311],[37.47826,55.75303],[37.47849,55.75225],[37.47987,55.75227],[37.48027,55.7528],[37.49758,55.75284],[37.49763,55.75088]]]]}},{"type":"Feature","properties":{"id":"dogal-lab-35","kind":"district-label","btype":"dogal","name":"Filevsky Park"},"geometry":{"type":"Point","coordinates":[37.48413,55.74837]}},{"type":"Feature","properties":{"id":"dogal-36","kind":"district","btype":"dogal","name":"Ландшафтный парк \"Митино\"","lab":1},"geometry":{"type":"MultiPolygon","coordinates":[[[[37.3711,55.84117],[37.37272,55.8414],[37.37593,55.84002],[37.37476,55.83959],[37.37281,55.84075],[37.3712,55.83952],[37.37257,55.83867],[37.37432,55.83871],[37.37464,55.83888],[37.37454,55.83936],[37.37607,55.83993],[37.37725,55.83876],[37.3803,55.83751],[37.38025,55.83687],[37.38206,55.83516],[37.38159,55.83465],[37.38318,55.83253],[37.3785,55.83258],[37.37491,55.83201],[37.37333,55.83241],[37.36598,55.83027],[37.36529,55.83068],[37.35669,55.83132],[37.35758,55.83231],[37.35884,55.8323],[37.35998,55.8329],[37.36068,55.83414],[37.36088,55.83578],[37.36046,55.83645],[37.35635,55.83854],[37.35463,55.83871],[37.35465,55.8395],[37.35521,55.83988],[37.35662,55.84077],[37.36011,55.83941],[37.36514,55.83917],[37.36908,55.83998],[37.3711,55.84117]]]]}},{"type":"Feature","properties":{"id":"dogal-lab-36","kind":"district-label","btype":"dogal","name":"Ландшафтный парк \"Митино\""},"geometry":{"type":"Point","coordinates":[37.36907,55.83563]}},{"type":"Feature","properties":{"id":"dogal-37","kind":"district","btype":"dogal","name":"Moscow 850th Anniversary park","lab":1},"geometry":{"type":"MultiPolygon","coordinates":[[[[37.78156,55.65972],[37.77981,55.65768],[37.77984,55.65503],[37.78097,55.65467],[37.78041,55.65407],[37.78147,55.65402],[37.78169,55.65439],[37.78534,55.6537],[37.78641,55.65404],[37.78722,55.65383],[37.79038,55.65744],[37.79094,55.65741],[37.78939,55.65558],[37.78969,55.65504],[37.78833,55.65448],[37.78724,55.65287],[37.78579,55.65214],[37.78442,55.64951],[37.78147,55.65002],[37.77766,55.64952],[37.76463,55.64621],[37.75295,55.64243],[37.74593,55.64083],[37.73146,55.64204],[37.72358,55.64172],[37.71311,55.64042],[37.70472,55.64189],[37.70506,55.64223],[37.70646,55.64198],[37.70787,55.64314],[37.71166,55.64234],[37.71529,55.64217],[37.7284,55.64317],[37.74218,55.64297],[37.75408,55.64443],[37.76786,55.64972],[37.76959,55.64879],[37.77141,55.6491],[37.77193,55.6499],[37.77125,55.65101],[37.77789,55.65344],[37.77847,55.65497],[37.77837,55.65714],[37.77888,55.65872],[37.77972,55.65999],[37.78156,55.65972]]]]}},{"type":"Feature","properties":{"id":"dogal-lab-37","kind":"district-label","btype":"dogal","name":"Moscow 850th Anniversary park"},"geometry":{"type":"Point","coordinates":[37.7562,55.64696]}},{"type":"Feature","properties":{"id":"dogal-38","kind":"district","btype":"dogal","name":"Кировская пойма","lab":1},"geometry":{"type":"MultiPolygon","coordinates":[[[[37.41922,55.8082],[37.4129,55.81128],[37.40623,55.816],[37.4069,55.81634],[37.40581,55.81707],[37.40516,55.81677],[37.40244,55.8184],[37.39717,55.81953],[37.3953,55.81942],[37.39428,55.81871],[37.39314,55.81518],[37.39206,55.81528],[37.39187,55.81466],[37.39185,55.81789],[37.39538,55.82846],[37.39644,55.82816],[37.39613,55.82724],[37.3966,55.82687],[37.39513,55.82555],[37.39447,55.82372],[37.39498,55.82266],[37.39589,55.82257],[37.39685,55.82157],[37.40058,55.82117],[37.40129,55.8215],[37.40128,55.82209],[37.40053,55.82257],[37.40075,55.82295],[37.40227,55.82299],[37.403,55.82161],[37.40564,55.81961],[37.40829,55.81858],[37.40945,55.81871],[37.40713,55.82039],[37.40449,55.82139],[37.40358,55.82337],[37.4023,55.8243],[37.40252,55.82448],[37.40067,55.8256],[37.40045,55.82523],[37.40113,55.82525],[37.40115,55.82489],[37.40035,55.82498],[37.39999,55.82551],[37.40071,55.82603],[37.40469,55.82534],[37.40461,55.82498],[37.40633,55.82426],[37.41234,55.81942],[37.4117,55.81794],[37.41095,55.81822],[37.41035,55.81796],[37.41144,55.81608],[37.41252,55.81496],[37.415,55.81382],[37.41712,55.81184],[37.42276,55.80968],[37.43167,55.80768],[37.43155,55.80691],[37.43084,55.80647],[37.4269,55.80526],[37.42543,55.80527],[37.4254,55.80567],[37.4259,55.80567],[37.42559,55.8066],[37.41922,55.8082]]]]}},{"type":"Feature","properties":{"id":"dogal-lab-38","kind":"district-label","btype":"dogal","name":"Кировская пойма"},"geometry":{"type":"Point","coordinates":[37.40902,55.81642]}},{"type":"Feature","properties":{"id":"dogal-39","kind":"district","btype":"dogal","name":"Парк \"Братеевская пойма\"","lab":1},"geometry":{"type":"MultiPolygon","coordinates":[[[[37.78646,55.62746],[37.77983,55.62681],[37.77982,55.62963],[37.77686,55.62938],[37.77659,55.62979],[37.77371,55.63043],[37.77371,55.63613],[37.77276,55.63623],[37.77306,55.63669],[37.7729,55.63765],[37.77641,55.6386],[37.77605,55.64036],[37.77553,55.64101],[37.77647,55.64124],[37.7765,55.64214],[37.7758,55.6433],[37.77335,55.6441],[37.77324,55.64519],[37.77253,55.646],[37.77702,55.64713],[37.77722,55.64618],[37.77802,55.64603],[37.77961,55.64657],[37.77864,55.64735],[37.77935,55.64777],[37.78379,55.64752],[37.78298,55.64598],[37.7844,55.64524],[37.78417,55.64474],[37.78358,55.6448],[37.78373,55.64534],[37.78224,55.64522],[37.78237,55.64582],[37.78157,55.64603],[37.78098,55.64561],[37.7806,55.64452],[37.78205,55.64385],[37.78281,55.64397],[37.78332,55.64347],[37.78107,55.64305],[37.78255,55.6412],[37.78219,55.64088],[37.78269,55.64035],[37.78256,55.63649],[37.78336,55.63341],[37.78284,55.63309],[37.78348,55.63303],[37.78572,55.62808],[37.78646,55.62746]]]]}},{"type":"Feature","properties":{"id":"dogal-lab-39","kind":"district-label","btype":"dogal","name":"Парк \"Братеевская пойма\""},"geometry":{"type":"Point","coordinates":[37.77903,55.63697]}},{"type":"Feature","properties":{"id":"dogal-40","kind":"district","btype":"dogal","name":"Суханово","lab":1},"geometry":{"type":"MultiPolygon","coordinates":[[[[37.65427,55.52201],[37.65473,55.52265],[37.6544,55.52308],[37.6506,55.52419],[37.64905,55.52502],[37.64965,55.52594],[37.65051,55.52587],[37.65053,55.52698],[37.65163,55.52848],[37.65325,55.5284],[37.65431,55.5303],[37.65306,55.53071],[37.65359,55.53133],[37.66298,55.5275],[37.66397,55.52996],[37.66808,55.52893],[37.6689,55.52979],[37.66956,55.52983],[37.67393,55.52729],[37.66804,55.52117],[37.66785,55.52049],[37.66647,55.51975],[37.66304,55.51975],[37.66304,55.52035],[37.66247,55.52067],[37.65603,55.5225],[37.65427,55.52201]]]]}},{"type":"Feature","properties":{"id":"dogal-lab-40","kind":"district-label","btype":"dogal","name":"Суханово"},"geometry":{"type":"Point","coordinates":[37.66173,55.52546]}},{"type":"Feature","properties":{"id":"dogal-41","kind":"district","btype":"dogal","name":"Бирюлёвский дендропарк","lab":1},"geometry":{"type":"MultiPolygon","coordinates":[[[[37.67102,55.60216],[37.67017,55.60411],[37.67089,55.60441],[37.67063,55.60495],[37.67149,55.60623],[37.67406,55.60671],[37.67362,55.60355],[37.67407,55.60322],[37.68505,55.60006],[37.68571,55.59878],[37.68596,55.59682],[37.68438,55.5938],[37.68178,55.59212],[37.68168,55.59107],[37.68264,55.58901],[37.68222,55.58787],[37.67608,55.58894],[37.67521,55.59001],[37.67392,55.5926],[37.67359,55.59259],[37.67102,55.60216]]]]}},{"type":"Feature","properties":{"id":"dogal-lab-41","kind":"district-label","btype":"dogal","name":"Бирюлёвский дендропарк"},"geometry":{"type":"Point","coordinates":[37.67793,55.59673]}},{"type":"Feature","properties":{"id":"dogal-42","kind":"district","btype":"dogal","name":"Боровский парк","lab":1},"geometry":{"type":"MultiPolygon","coordinates":[[[[37.33797,55.62162],[37.33148,55.62005],[37.33006,55.61912],[37.32576,55.6176],[37.32505,55.61763],[37.32399,55.61894],[37.32551,55.62087],[37.32361,55.62233],[37.3196,55.62059],[37.3187,55.62185],[37.31567,55.62081],[37.3149,55.6208],[37.31383,55.62165],[37.31451,55.62329],[37.31589,55.6243],[37.31782,55.62453],[37.31858,55.62605],[37.32007,55.62717],[37.31948,55.62864],[37.32317,55.62938],[37.32686,55.62924],[37.32864,55.62575],[37.32917,55.62555],[37.33484,55.62714],[37.33704,55.62704],[37.33797,55.62162]]]]}},{"type":"Feature","properties":{"id":"dogal-lab-42","kind":"district-label","btype":"dogal","name":"Боровский парк"},"geometry":{"type":"Point","coordinates":[37.3266,55.62377]}},{"type":"Feature","properties":{"id":"dogal-43","kind":"district","btype":"dogal","name":"Victory Park","lab":1},"geometry":{"type":"MultiPolygon","coordinates":[[[[37.50594,55.73416],[37.51627,55.73573],[37.51739,55.73503],[37.51829,55.73341],[37.51465,55.7325],[37.50716,55.72794],[37.50739,55.72781],[37.50593,55.72684],[37.50636,55.72653],[37.49854,55.72349],[37.49629,55.72572],[37.4965,55.72627],[37.49622,55.72662],[37.49484,55.72727],[37.49411,55.72878],[37.49183,55.7313],[37.50594,55.73416]]]]}},{"type":"Feature","properties":{"id":"dogal-lab-43","kind":"district-label","btype":"dogal","name":"Victory Park"},"geometry":{"type":"Point","coordinates":[37.50394,55.73029]}},{"type":"Feature","properties":{"id":"dogal-44","kind":"district","btype":"dogal","name":"Park of the 50th Anniversary of October","lab":1},"geometry":{"type":"MultiPolygon","coordinates":[[[[37.5073,55.69105],[37.50538,55.68827],[37.50618,55.68802],[37.50696,55.6883],[37.50814,55.68703],[37.51286,55.68779],[37.51417,55.68704],[37.50933,55.68671],[37.50816,55.68589],[37.5079,55.68507],[37.50863,55.68406],[37.50999,55.68318],[37.5101,55.68202],[37.50949,55.68093],[37.50943,55.68029],[37.50988,55.67997],[37.50923,55.67955],[37.50966,55.67928],[37.50788,55.67827],[37.50752,55.67848],[37.50612,55.67783],[37.50237,55.67969],[37.50186,55.6793],[37.49821,55.68001],[37.49925,55.68075],[37.49906,55.68105],[37.494,55.6837],[37.49692,55.68525],[37.49393,55.68672],[37.50193,55.69099],[37.50439,55.69194],[37.5058,55.69164],[37.5073,55.69105]]]]}},{"type":"Feature","properties":{"id":"dogal-lab-44","kind":"district-label","btype":"dogal","name":"Park of the 50th Anniversary of October"},"geometry":{"type":"Point","coordinates":[37.50301,55.68471]}},{"type":"Feature","properties":{"id":"dogal-45","kind":"district","btype":"dogal","name":"Arkhangelskoye Palace","lab":1},"geometry":{"type":"MultiPolygon","coordinates":[[[[37.29307,55.78412],[37.2911,55.78249],[37.28744,55.78283],[37.27867,55.78161],[37.27116,55.78214],[37.27101,55.78298],[37.2732,55.78349],[37.27626,55.78288],[37.27772,55.78322],[37.2845,55.7934],[37.28556,55.79404],[37.29233,55.79569],[37.28915,55.78907],[37.29448,55.78757],[37.2909,55.7847],[37.29307,55.78412]]]]}},{"type":"Feature","properties":{"id":"dogal-lab-45","kind":"district-label","btype":"dogal","name":"Arkhangelskoye Palace"},"geometry":{"type":"Point","coordinates":[37.28537,55.7872]}},{"type":"Feature","properties":{"id":"dogal-46","kind":"district","btype":"dogal","name":"Суворовский парк","lab":1},"geometry":{"type":"MultiPolygon","coordinates":[[[[37.44503,55.73493],[37.43866,55.73743],[37.44188,55.73902],[37.43725,55.74075],[37.43733,55.74117],[37.43632,55.74215],[37.43564,55.74155],[37.43324,55.74265],[37.432,55.74456],[37.43025,55.74565],[37.43058,55.74627],[37.42754,55.74774],[37.43102,55.74964],[37.43547,55.74903],[37.43509,55.74779],[37.43545,55.74702],[37.44236,55.74306],[37.44514,55.74186],[37.45207,55.7402],[37.45272,55.73723],[37.45411,55.73593],[37.44888,55.73501],[37.44503,55.73493]]]]}},{"type":"Feature","properties":{"id":"dogal-lab-46","kind":"district-label","btype":"dogal","name":"Суворовский парк"},"geometry":{"type":"Point","coordinates":[37.4413,55.74134]}},{"type":"Feature","properties":{"id":"dogal-47","kind":"district","btype":"dogal","name":"Лесопарк \"Волкуша\"","lab":1},"geometry":{"type":"MultiPolygon","coordinates":[[[[37.90183,55.59512],[37.90827,55.59918],[37.90822,55.59975],[37.90917,55.60058],[37.91041,55.60077],[37.91182,55.60009],[37.9133,55.59825],[37.91426,55.59285],[37.91244,55.59141],[37.90846,55.58979],[37.90509,55.59018],[37.90476,55.59009],[37.90499,55.58968],[37.90346,55.58938],[37.89793,55.59047],[37.89477,55.58999],[37.89274,55.59126],[37.8946,55.59283],[37.89664,55.59365],[37.89699,55.59431],[37.8978,55.59431],[37.9007,55.59559],[37.90183,55.59512]]]]}},{"type":"Feature","properties":{"id":"dogal-lab-47","kind":"district-label","btype":"dogal","name":"Лесопарк \"Волкуша\""},"geometry":{"type":"Point","coordinates":[37.90561,55.59392]}},{"type":"Feature","properties":{"id":"dogal-48","kind":"district","btype":"dogal","name":"Setun Valley zakaznik","lab":1},"geometry":{"type":"MultiPolygon","coordinates":[[[[37.46553,55.71641],[37.46803,55.71982],[37.46909,55.72008],[37.46955,55.721],[37.47501,55.72192],[37.47673,55.72266],[37.47838,55.72226],[37.47739,55.71992],[37.47544,55.71789],[37.47319,55.718],[37.47256,55.71649],[37.47378,55.71608],[37.47439,55.71322],[37.47393,55.71191],[37.47261,55.71041],[37.47164,55.71085],[37.46921,55.71088],[37.46594,55.71033],[37.46334,55.70929],[37.46363,55.70996],[37.46169,55.71002],[37.46192,55.70929],[37.45984,55.70943],[37.45856,55.70865],[37.45778,55.70883],[37.45756,55.70849],[37.45587,55.70825],[37.45501,55.7105],[37.45523,55.71117],[37.45584,55.71038],[37.45872,55.71129],[37.45921,55.71094],[37.46435,55.71212],[37.46275,55.71305],[37.46209,55.71279],[37.46127,55.71334],[37.45904,55.71249],[37.46263,55.71423],[37.46553,55.71641]]]]}},{"type":"Feature","properties":{"id":"dogal-lab-48","kind":"district-label","btype":"dogal","name":"Setun Valley zakaznik"},"geometry":{"type":"Point","coordinates":[37.4685,55.71504]}},{"type":"Feature","properties":{"id":"dogal-49","kind":"district","btype":"dogal","name":"Ostankino park","lab":1},"geometry":{"type":"MultiPolygon","coordinates":[[[[37.61555,55.82473],[37.61481,55.82427],[37.61379,55.8247],[37.61205,55.82469],[37.61189,55.82406],[37.60763,55.82383],[37.60768,55.82467],[37.60591,55.82478],[37.60588,55.82379],[37.60309,55.82384],[37.60242,55.82497],[37.60119,55.83015],[37.60476,55.83094],[37.60467,55.83127],[37.60597,55.83168],[37.60604,55.83215],[37.60896,55.8342],[37.61002,55.83357],[37.61027,55.83292],[37.6135,55.8309],[37.61949,55.82998],[37.61838,55.82806],[37.61775,55.8255],[37.61856,55.82535],[37.61841,55.82456],[37.61718,55.82463],[37.61737,55.82519],[37.61675,55.82526],[37.61647,55.82472],[37.61555,55.82473]]]]}},{"type":"Feature","properties":{"id":"dogal-lab-49","kind":"district-label","btype":"dogal","name":"Ostankino park"},"geometry":{"type":"Point","coordinates":[37.6098,55.82812]}},{"type":"Feature","properties":{"id":"dogal-50","kind":"district","btype":"dogal","name":"North Tushino","lab":1},"geometry":{"type":"MultiPolygon","coordinates":[[[[37.44047,55.87524],[37.44186,55.87405],[37.44531,55.87278],[37.44556,55.87245],[37.4452,55.87216],[37.44627,55.87212],[37.44777,55.8713],[37.44769,55.87062],[37.45011,55.86987],[37.45084,55.86878],[37.45301,55.86878],[37.45243,55.86747],[37.45242,55.86638],[37.45281,55.86605],[37.45242,55.86564],[37.45242,55.86444],[37.45198,55.86439],[37.45319,55.86301],[37.45307,55.8615],[37.45279,55.86144],[37.45471,55.8597],[37.45552,55.8573],[37.45586,55.85195],[37.45308,55.85117],[37.44844,55.86462],[37.44795,55.86479],[37.44674,55.86785],[37.44372,55.86995],[37.44402,55.87013],[37.44488,55.86948],[37.44557,55.86992],[37.44392,55.87127],[37.44312,55.87094],[37.44395,55.87023],[37.4436,55.87005],[37.44109,55.8716],[37.44158,55.87217],[37.44095,55.87257],[37.43945,55.8726],[37.43734,55.87396],[37.43248,55.87565],[37.43417,55.87599],[37.43297,55.87714],[37.43335,55.87768],[37.43385,55.87797],[37.43425,55.87794],[37.43359,55.87781],[37.43383,55.87772],[37.43307,55.87714],[37.43464,55.87669],[37.43423,55.87709],[37.43467,55.87677],[37.43559,55.87698],[37.4353,55.87598],[37.43616,55.87533],[37.43651,55.87594],[37.43681,55.87547],[37.43881,55.87626],[37.43826,55.87573],[37.43936,55.87587],[37.44023,55.87547],[37.43998,55.87515],[37.44047,55.87524]]]]}},{"type":"Feature","properties":{"id":"dogal-lab-50","kind":"district-label","btype":"dogal","name":"North Tushino"},"geometry":{"type":"Point","coordinates":[37.44837,55.86499]}},{"type":"Feature","properties":{"id":"dogal-51","kind":"district","btype":"dogal","name":"Памятник природы \"Комплексы гнезд рыжих лесных муравьев лиственной расы\"","lab":1},"geometry":{"type":"MultiPolygon","coordinates":[[[[37.82869,55.51646],[37.82679,55.51744],[37.82665,55.518],[37.82895,55.51827],[37.82857,55.51906],[37.82992,55.51914],[37.84556,55.51769],[37.85063,55.51369],[37.85154,55.51241],[37.84694,55.51093],[37.83187,55.51356],[37.83141,55.51518],[37.83021,55.515],[37.8302,55.51665],[37.82869,55.51646]]]]}},{"type":"Feature","properties":{"id":"dogal-lab-51","kind":"district-label","btype":"dogal","name":"Памятник природы \"Комплексы гнезд рыжих лесных муравьев лиственной расы\""},"geometry":{"type":"Point","coordinates":[37.83963,55.51522]}},{"type":"Feature","properties":{"id":"dogal-52","kind":"district","btype":"dogal","name":"Горенский лесопарк","lab":1},"geometry":{"type":"MultiPolygon","coordinates":[[[[37.90053,55.79137],[37.90653,55.79317],[37.92103,55.7932],[37.92104,55.7885],[37.91903,55.78446],[37.91264,55.78607],[37.91178,55.78789],[37.9066,55.78966],[37.90196,55.79041],[37.90053,55.79137]]]]}},{"type":"Feature","properties":{"id":"dogal-lab-52","kind":"district-label","btype":"dogal","name":"Горенский лесопарк"},"geometry":{"type":"Point","coordinates":[37.91346,55.78995]}},{"type":"Feature","properties":{"id":"dogal-53","kind":"district","btype":"dogal","name":"Сходненская чаша","lab":1},"geometry":{"type":"MultiPolygon","coordinates":[[[[37.40398,55.84651],[37.40565,55.84763],[37.40748,55.84819],[37.41055,55.84827],[37.41282,55.84898],[37.41511,55.84825],[37.41694,55.84613],[37.41907,55.84465],[37.41996,55.84335],[37.41987,55.8421],[37.41806,55.84084],[37.41536,55.84102],[37.41437,55.84041],[37.41399,55.84054],[37.41425,55.84094],[37.41332,55.84075],[37.41172,55.84149],[37.41041,55.84152],[37.40998,55.84119],[37.41025,55.84063],[37.40802,55.83985],[37.40373,55.84274],[37.40398,55.84651]]]]}},{"type":"Feature","properties":{"id":"dogal-lab-53","kind":"district-label","btype":"dogal","name":"Сходненская чаша"},"geometry":{"type":"Point","coordinates":[37.41139,55.84436]}},{"type":"Feature","properties":{"id":"dogal-54","kind":"district","btype":"dogal","name":"Исторический дендропарк В. К. Порозова","lab":1},"geometry":{"type":"MultiPolygon","coordinates":[[[[37.68505,55.60006],[37.68571,55.59878],[37.68596,55.59682],[37.68438,55.5938],[37.68256,55.59284],[37.68118,55.59304],[37.6762,55.59219],[37.67359,55.59259],[37.67347,55.59308],[37.67472,55.5934],[37.67294,55.59946],[37.67377,55.60344],[37.68505,55.60006]]]]}},{"type":"Feature","properties":{"id":"dogal-lab-54","kind":"district-label","btype":"dogal","name":"Исторический дендропарк В. К. Порозова"},"geometry":{"type":"Point","coordinates":[37.67898,55.59744]}},{"type":"Feature","properties":{"id":"dogal-55","kind":"district","btype":"dogal","name":"Sparrow Hills Park","lab":1},"geometry":{"type":"MultiPolygon","coordinates":[[[[37.54085,55.72779],[37.54293,55.72694],[37.54048,55.7243],[37.53953,55.72109],[37.53984,55.7179],[37.54139,55.71518],[37.54427,55.71307],[37.54863,55.71087],[37.55437,55.70977],[37.55793,55.70961],[37.55378,55.70659],[37.55078,55.70686],[37.54581,55.7077],[37.54351,55.70859],[37.53889,55.71194],[37.5371,55.7144],[37.53575,55.71881],[37.5378,55.71883],[37.53847,55.72322],[37.54101,55.72693],[37.54122,55.72736],[37.54085,55.72779]]]]}},{"type":"Feature","properties":{"id":"dogal-lab-55","kind":"district-label","btype":"dogal","name":"Sparrow Hills Park"},"geometry":{"type":"Point","coordinates":[37.5443,55.71313]}},{"type":"Feature","properties":{"id":"dogal-56","kind":"district","btype":"dogal","name":"Park Druzhby","lab":1},"geometry":{"type":"MultiPolygon","coordinates":[[[[37.47554,55.85348],[37.47763,55.85398],[37.47728,55.85446],[37.47874,55.8549],[37.47898,55.85521],[37.47873,55.8557],[37.48023,55.85626],[37.48963,55.85522],[37.49088,55.8542],[37.49142,55.85441],[37.49094,55.8548],[37.49235,55.85545],[37.49296,55.85536],[37.49622,55.85244],[37.4956,55.85221],[37.49413,55.85346],[37.49204,55.85373],[37.49131,55.85348],[37.49237,55.85248],[37.49095,55.85208],[37.49034,55.85136],[37.49109,55.85071],[37.48547,55.85034],[37.47912,55.8505],[37.47444,55.84987],[37.47179,55.85375],[37.47484,55.85449],[37.4752,55.85426],[37.47465,55.85402],[37.47554,55.85348]]]]}},{"type":"Feature","properties":{"id":"dogal-lab-56","kind":"district-label","btype":"dogal","name":"Park Druzhby"},"geometry":{"type":"Point","coordinates":[37.48302,55.85295]}},{"type":"Feature","properties":{"id":"dogal-57","kind":"district","btype":"dogal","name":"Neskuchny Garden","lab":1},"geometry":{"type":"MultiPolygon","coordinates":[[[[37.58824,55.71314],[37.58548,55.71114],[37.58227,55.71103],[37.57837,55.71383],[37.58313,55.71638],[37.59274,55.72408],[37.59668,55.72255],[37.59614,55.72225],[37.59541,55.72251],[37.59359,55.72166],[37.5968,55.72009],[37.59408,55.71833],[37.59256,55.71915],[37.59297,55.71958],[37.59223,55.71943],[37.59213,55.71883],[37.59081,55.71775],[37.59267,55.71687],[37.58794,55.71395],[37.58845,55.71376],[37.58787,55.7133],[37.58824,55.71314]]]]}},{"type":"Feature","properties":{"id":"dogal-lab-57","kind":"district-label","btype":"dogal","name":"Neskuchny Garden"},"geometry":{"type":"Point","coordinates":[37.58778,55.71696]}},{"type":"Feature","properties":{"id":"dogal-58","kind":"district","btype":"dogal","name":"Братцевский парк","lab":1},"geometry":{"type":"MultiPolygon","coordinates":[[[[37.39761,55.84106],[37.39587,55.84081],[37.39423,55.84321],[37.39347,55.8434],[37.39374,55.84347],[37.39284,55.84492],[37.39232,55.84698],[37.39273,55.84886],[37.39381,55.85092],[37.39594,55.85148],[37.40208,55.85056],[37.40356,55.84713],[37.40272,55.84686],[37.40066,55.84725],[37.39908,55.84562],[37.39803,55.84532],[37.39775,55.84447],[37.39719,55.84428],[37.39735,55.84366],[37.40168,55.84262],[37.40333,55.84258],[37.40789,55.83956],[37.40637,55.83919],[37.40478,55.84005],[37.40306,55.84036],[37.39873,55.84084],[37.39837,55.84027],[37.39761,55.84106]]]]}},{"type":"Feature","properties":{"id":"dogal-lab-58","kind":"district-label","btype":"dogal","name":"Братцевский парк"},"geometry":{"type":"Point","coordinates":[37.3981,55.8459]}},{"type":"Feature","properties":{"id":"dogal-59","kind":"district","btype":"dogal","name":"Парк Петра Алексеева","lab":1},"geometry":{"type":"MultiPolygon","coordinates":[[[[37.50797,55.84473],[37.50695,55.84496],[37.50302,55.84389],[37.50271,55.84439],[37.50437,55.84509],[37.5088,55.85032],[37.50957,55.84972],[37.507,55.84636],[37.50821,55.84604],[37.50858,55.84645],[37.50759,55.84689],[37.50832,55.84786],[37.51025,55.84729],[37.51377,55.84713],[37.51619,55.84557],[37.51742,55.84564],[37.51769,55.84459],[37.52168,55.84366],[37.52198,55.84176],[37.52086,55.84134],[37.5199,55.84152],[37.52048,55.84225],[37.51981,55.84243],[37.51918,55.84158],[37.51775,55.84113],[37.51676,55.84144],[37.51712,55.84177],[37.51643,55.84215],[37.51416,55.84057],[37.51136,55.84007],[37.50989,55.8391],[37.5094,55.83867],[37.51047,55.83771],[37.50509,55.8373],[37.50425,55.83954],[37.50914,55.83999],[37.51029,55.84167],[37.50969,55.84228],[37.51222,55.84369],[37.50947,55.84538],[37.50797,55.84473]]]]}},{"type":"Feature","properties":{"id":"dogal-lab-59","kind":"district-label","btype":"dogal","name":"Парк Петра Алексеева"},"geometry":{"type":"Point","coordinates":[37.51208,55.84335]}},{"type":"Feature","properties":{"id":"dogal-60","kind":"district","btype":"dogal","name":"Хорошёвский Серебряный Бор","lab":1},"geometry":{"type":"MultiPolygon","coordinates":[[[[37.41383,55.77679],[37.40848,55.77772],[37.40702,55.77879],[37.40622,55.78027],[37.40794,55.78073],[37.42085,55.78166],[37.4221,55.78138],[37.4222,55.78184],[37.4238,55.78039],[37.42333,55.78027],[37.42166,55.78115],[37.42163,55.78081],[37.42363,55.77984],[37.42461,55.77846],[37.42571,55.77837],[37.42307,55.77788],[37.42543,55.77736],[37.42523,55.77572],[37.42462,55.77539],[37.41763,55.77603],[37.41781,55.7766],[37.41383,55.77679]]]]}},{"type":"Feature","properties":{"id":"dogal-lab-60","kind":"district-label","btype":"dogal","name":"Хорошёвский Серебряный Бор"},"geometry":{"type":"Point","coordinates":[37.41677,55.77876]}},{"type":"Feature","properties":{"id":"dogal-61","kind":"district","btype":"dogal","name":"Парк Олимпийской деревни","lab":1},"geometry":{"type":"MultiPolygon","coordinates":[[[[37.4703,55.67797],[37.46975,55.67829],[37.47079,55.67888],[37.47066,55.6795],[37.47148,55.67996],[37.47063,55.68045],[37.4708,55.68106],[37.47043,55.68135],[37.47767,55.68543],[37.47885,55.68444],[37.48038,55.68224],[37.48106,55.68106],[37.48033,55.6809],[37.48061,55.68048],[37.48135,55.68063],[37.48194,55.6797],[37.48204,55.67938],[37.48066,55.67939],[37.48066,55.67878],[37.48207,55.67859],[37.48089,55.678],[37.48129,55.67749],[37.48317,55.67761],[37.48422,55.67605],[37.47971,55.67443],[37.47877,55.67548],[37.47672,55.67643],[37.47575,55.67635],[37.47225,55.67833],[37.4703,55.67797]]]]}},{"type":"Feature","properties":{"id":"dogal-lab-61","kind":"district-label","btype":"dogal","name":"Парк Олимпийской деревни"},"geometry":{"type":"Point","coordinates":[37.47703,55.67973]}},{"type":"Feature","properties":{"id":"dogal-62","kind":"district","btype":"dogal","name":"Gorky Park","lab":1},"geometry":{"type":"MultiPolygon","coordinates":[[[[37.60216,55.72605],[37.60008,55.72499],[37.59908,55.72491],[37.59931,55.72457],[37.59711,55.72342],[37.60023,55.72175],[37.59944,55.72132],[37.59269,55.72417],[37.5963,55.72799],[37.59653,55.72922],[37.59758,55.73108],[37.59947,55.73288],[37.60078,55.73224],[37.60128,55.73273],[37.6028,55.73225],[37.60277,55.73165],[37.60415,55.7312],[37.60506,55.73152],[37.60921,55.73032],[37.60823,55.72964],[37.60725,55.72991],[37.60664,55.72936],[37.60747,55.72901],[37.60476,55.72793],[37.60462,55.72764],[37.60508,55.72743],[37.60474,55.72721],[37.60685,55.72606],[37.60647,55.72581],[37.60444,55.72698],[37.60387,55.72677],[37.60355,55.72707],[37.60182,55.72634],[37.60216,55.72605]]]]}},{"type":"Feature","properties":{"id":"dogal-lab-62","kind":"district-label","btype":"dogal","name":"Gorky Park"},"geometry":{"type":"Point","coordinates":[37.60016,55.72788]}},{"type":"Feature","properties":{"id":"dogal-63","kind":"district","btype":"dogal","name":"Парк «Раздолье»","lab":1},"geometry":{"type":"MultiPolygon","coordinates":[[[[37.28873,55.73194],[37.28371,55.73707],[37.29202,55.73794],[37.29655,55.7396],[37.29815,55.73707],[37.30137,55.73426],[37.29375,55.73235],[37.29107,55.73247],[37.28873,55.73194]]]]}},{"type":"Feature","properties":{"id":"dogal-lab-63","kind":"district-label","btype":"dogal","name":"Парк «Раздолье»"},"geometry":{"type":"Point","coordinates":[37.29268,55.73546]}},{"type":"Feature","properties":{"id":"dogal-64","kind":"district","btype":"dogal","name":"Юго-Западный лесопарк","lab":1},"geometry":{"type":"MultiPolygon","coordinates":[[[[37.5082,55.65832],[37.51229,55.65702],[37.51368,55.65699],[37.51379,55.65656],[37.51227,55.65598],[37.51215,55.6552],[37.51365,55.65503],[37.51289,55.65446],[37.51319,55.65383],[37.51279,55.65329],[37.51158,55.6524],[37.51164,55.65188],[37.51066,55.65106],[37.50904,55.65023],[37.50845,55.65081],[37.50966,55.65198],[37.50816,55.65247],[37.50871,55.65298],[37.50675,55.65377],[37.50391,55.65288],[37.50267,55.65294],[37.50295,55.65322],[37.50251,55.65348],[37.50272,55.65373],[37.50158,55.65423],[37.5024,55.65486],[37.50072,55.65563],[37.50117,55.65599],[37.49997,55.65644],[37.50038,55.65677],[37.4999,55.65741],[37.50578,55.66098],[37.50721,55.66112],[37.50786,55.65948],[37.50884,55.65889],[37.5082,55.65832]]]]}},{"type":"Feature","properties":{"id":"dogal-lab-64","kind":"district-label","btype":"dogal","name":"Юго-Западный лесопарк"},"geometry":{"type":"Point","coordinates":[37.5069,55.65598]}},{"type":"Feature","properties":{"id":"dogal-65","kind":"district","btype":"dogal","name":"парк Яуза","lab":1},"geometry":{"type":"MultiPolygon","coordinates":[[[[37.6357,55.85704],[37.63738,55.85653],[37.63824,55.85537],[37.63757,55.85414],[37.63602,55.85336],[37.63123,55.85401],[37.63045,55.85297],[37.63041,55.85238],[37.6314,55.85227],[37.63106,55.85149],[37.63199,55.85141],[37.63157,55.85011],[37.63327,55.84941],[37.63166,55.8489],[37.63355,55.84778],[37.63382,55.84685],[37.63282,55.84688],[37.63282,55.84741],[37.63073,55.84865],[37.62864,55.84871],[37.6279,55.85009],[37.62815,55.85089],[37.6275,55.85183],[37.62726,55.85336],[37.62804,55.85479],[37.62903,55.85562],[37.63155,55.85507],[37.63246,55.85555],[37.6328,55.85594],[37.63205,55.85631],[37.63188,55.85698],[37.63317,55.85714],[37.63305,55.85917],[37.63354,55.86009],[37.63516,55.86124],[37.63556,55.86103],[37.63686,55.86209],[37.63533,55.86144],[37.63935,55.86407],[37.64012,55.86495],[37.64162,55.86525],[37.64199,55.86437],[37.64336,55.86366],[37.64279,55.86349],[37.64337,55.86307],[37.64228,55.86306],[37.63478,55.85865],[37.63408,55.85741],[37.63446,55.85668],[37.63534,55.85664],[37.6357,55.85704]]]]}},{"type":"Feature","properties":{"id":"dogal-lab-65","kind":"district-label","btype":"dogal","name":"парк Яуза"},"geometry":{"type":"Point","coordinates":[37.63401,55.85608]}},{"type":"Feature","properties":{"id":"dogal-66","kind":"district","btype":"dogal","name":"Борисовские пруды","lab":1},"geometry":{"type":"MultiPolygon","coordinates":[[[[37.71558,55.63432],[37.71234,55.63402],[37.71083,55.63293],[37.7069,55.63129],[37.7053,55.6314],[37.70274,55.63337],[37.70302,55.63382],[37.70398,55.63406],[37.70579,55.63404],[37.70605,55.63561],[37.73141,55.63512],[37.73174,55.63494],[37.73,55.63481],[37.73001,55.63338],[37.73117,55.6327],[37.73414,55.63275],[37.73481,55.631],[37.73434,55.63062],[37.73437,55.63006],[37.72968,55.6299],[37.72966,55.63051],[37.729,55.63068],[37.72957,55.63174],[37.72928,55.63267],[37.72788,55.63327],[37.72749,55.63403],[37.72603,55.63475],[37.72405,55.63475],[37.72254,55.63429],[37.72201,55.6335],[37.722,55.63227],[37.7216,55.63205],[37.71953,55.63229],[37.71759,55.63379],[37.71558,55.63432]]]]}},{"type":"Feature","properties":{"id":"dogal-lab-66","kind":"district-label","btype":"dogal","name":"Борисовские пруды"},"geometry":{"type":"Point","coordinates":[37.71832,55.63345]}},{"type":"Feature","properties":{"id":"dogal-67","kind":"district","btype":"dogal","name":"Английский парк Царицына","lab":1},"geometry":{"type":"MultiPolygon","coordinates":[[[[37.68074,55.61624],[37.68096,55.61524],[37.6837,55.61518],[37.68593,55.61625],[37.68757,55.61409],[37.68912,55.61351],[37.69065,55.61176],[37.68993,55.61126],[37.6904,55.61092],[37.68868,55.61012],[37.68874,55.60945],[37.68655,55.60779],[37.68455,55.60884],[37.68053,55.6101],[37.67988,55.61169],[37.67788,55.61425],[37.67806,55.61609],[37.68031,55.61635],[37.68074,55.61624]]]]}},{"type":"Feature","properties":{"id":"dogal-lab-67","kind":"district-label","btype":"dogal","name":"Английский парк Царицына"},"geometry":{"type":"Point","coordinates":[37.68418,55.61238]}},{"type":"Feature","properties":{"id":"dogal-68","kind":"district","btype":"dogal","name":"Лесопарк «Липовая роща»","lab":1},"geometry":{"type":"MultiPolygon","coordinates":[[[[37.37161,55.79922],[37.37662,55.79663],[37.37176,55.79303],[37.36772,55.79144],[37.36162,55.79249],[37.35914,55.79346],[37.36339,55.795],[37.3705,55.79837],[37.37161,55.79922]]]]}},{"type":"Feature","properties":{"id":"dogal-lab-68","kind":"district-label","btype":"dogal","name":"Лесопарк «Липовая роща»"},"geometry":{"type":"Point","coordinates":[37.36867,55.7949]}},{"type":"Feature","properties":{"id":"dogal-69","kind":"district","btype":"dogal","name":"Парк технических видов спорта","lab":1},"geometry":{"type":"MultiPolygon","coordinates":[[[[37.67431,55.6579],[37.67767,55.65855],[37.67727,55.65556],[37.68211,55.6553],[37.68198,55.65464],[37.68878,55.65198],[37.68945,55.6522],[37.68638,55.64999],[37.68263,55.65164],[37.67909,55.65026],[37.67472,55.65248],[37.67286,55.65413],[37.67267,55.65624],[37.67387,55.6562],[37.67282,55.65658],[37.67313,55.65727],[37.67431,55.6579]]]]}},{"type":"Feature","properties":{"id":"dogal-lab-69","kind":"district-label","btype":"dogal","name":"Парк технических видов спорта"},"geometry":{"type":"Point","coordinates":[37.67932,55.65368]}},{"type":"Feature","properties":{"id":"dogal-70","kind":"district","btype":"dogal","name":"Парк Свиблово","lab":1},"geometry":{"type":"MultiPolygon","coordinates":[[[[37.62805,55.86436],[37.62672,55.86578],[37.62746,55.86611],[37.62663,55.8667],[37.62569,55.86652],[37.62303,55.86844],[37.62353,55.86865],[37.62287,55.8692],[37.62928,55.86995],[37.63008,55.86853],[37.63141,55.86786],[37.63128,55.86705],[37.63568,55.86501],[37.63662,55.86641],[37.64054,55.86678],[37.64157,55.8654],[37.63985,55.86502],[37.63538,55.86164],[37.63436,55.86185],[37.63492,55.8614],[37.63294,55.85976],[37.6323,55.85967],[37.63109,55.86008],[37.63152,55.8617],[37.63289,55.86291],[37.63255,55.86365],[37.63021,55.86484],[37.62805,55.86436]]]]}},{"type":"Feature","properties":{"id":"dogal-lab-70","kind":"district-label","btype":"dogal","name":"Парк Свиблово"},"geometry":{"type":"Point","coordinates":[37.63195,55.86546]}},{"type":"Feature","properties":{"id":"dogal-71","kind":"district","btype":"dogal","name":"Вишняковский лесопарк","lab":1},"geometry":{"type":"MultiPolygon","coordinates":[[[[37.93178,55.78967],[37.93278,55.78983],[37.93631,55.78868],[37.94055,55.78671],[37.94304,55.77929],[37.9415,55.77854],[37.93774,55.78],[37.93702,55.78182],[37.93552,55.78343],[37.93549,55.78574],[37.93176,55.78527],[37.93178,55.78967]]]]}},{"type":"Feature","properties":{"id":"dogal-lab-71","kind":"district-label","btype":"dogal","name":"Вишняковский лесопарк"},"geometry":{"type":"Point","coordinates":[37.9376,55.78449]}},{"type":"Feature","properties":{"id":"dogal-72","kind":"district","btype":"dogal","name":"Парк \"Говоровский лес\"","lab":1},"geometry":{"type":"MultiPolygon","coordinates":[[[[37.43081,55.64843],[37.43113,55.64817],[37.4299,55.64719],[37.42972,55.6411],[37.42677,55.64035],[37.4249,55.64211],[37.42491,55.64258],[37.42451,55.64258],[37.42335,55.64455],[37.42372,55.64514],[37.42303,55.6449],[37.42159,55.64659],[37.4192,55.64738],[37.42415,55.65068],[37.42667,55.64967],[37.42845,55.64783],[37.43081,55.64843]]]]}},{"type":"Feature","properties":{"id":"dogal-lab-72","kind":"district-label","btype":"dogal","name":"Парк \"Говоровский лес\""},"geometry":{"type":"Point","coordinates":[37.4259,55.6458]}},{"type":"Feature","properties":{"id":"dogal-73","kind":"district","btype":"dogal","name":"Парк двенадцати лучей","lab":1},"geometry":{"type":"MultiPolygon","coordinates":[[[[37.80373,55.69008],[37.79026,55.69166],[37.79175,55.69664],[37.7946,55.69627],[37.80165,55.6938],[37.80647,55.69075],[37.80599,55.68923],[37.80373,55.69008]]]]}},{"type":"Feature","properties":{"id":"dogal-lab-73","kind":"district-label","btype":"dogal","name":"Парк двенадцати лучей"},"geometry":{"type":"Point","coordinates":[37.79741,55.69287]}},{"type":"Feature","properties":{"id":"dogal-74","kind":"district","btype":"dogal","name":"Джамгаровский парк","lab":1},"geometry":{"type":"MultiPolygon","coordinates":[[[[37.69121,55.89245],[37.69188,55.89258],[37.69179,55.89179],[37.69259,55.891],[37.69753,55.89165],[37.70299,55.89128],[37.70378,55.89093],[37.70423,55.89136],[37.70858,55.88998],[37.70833,55.88907],[37.70128,55.88914],[37.70092,55.88717],[37.69095,55.88738],[37.68981,55.89005],[37.69121,55.89245]]]]}},{"type":"Feature","properties":{"id":"dogal-lab-74","kind":"district-label","btype":"dogal","name":"Джамгаровский парк"},"geometry":{"type":"Point","coordinates":[37.69769,55.88957]}},{"type":"Feature","properties":{"id":"dogal-75","kind":"district","btype":"dogal","name":"Воронцовский парк","lab":1},"geometry":{"type":"MultiPolygon","coordinates":[[[[37.54182,55.66779],[37.54045,55.66521],[37.53143,55.66446],[37.52899,55.66509],[37.52693,55.66676],[37.52709,55.66701],[37.52621,55.66735],[37.52666,55.66748],[37.52731,55.66909],[37.52624,55.66974],[37.52778,55.67081],[37.52847,55.67055],[37.52947,55.67101],[37.53075,55.66912],[37.53285,55.66811],[37.54159,55.66842],[37.54182,55.66779]]]]}},{"type":"Feature","properties":{"id":"dogal-lab-75","kind":"district-label","btype":"dogal","name":"Воронцовский парк"},"geometry":{"type":"Point","coordinates":[37.53336,55.66708]}},{"type":"Feature","properties":{"id":"dogal-76","kind":"district","btype":"dogal","name":"Ostafievo estate","lab":1},"geometry":{"type":"MultiPolygon","coordinates":[[[[37.50578,55.49612],[37.50269,55.49478],[37.50348,55.49409],[37.50026,55.49367],[37.49674,55.49712],[37.48984,55.50028],[37.4919,55.5017],[37.49457,55.50278],[37.50292,55.49741],[37.5037,55.49736],[37.50375,55.49658],[37.50497,55.49673],[37.50578,55.49612]]]]}},{"type":"Feature","properties":{"id":"dogal-lab-76","kind":"district-label","btype":"dogal","name":"Ostafievo estate"},"geometry":{"type":"Point","coordinates":[37.49782,55.49825]}},{"type":"Feature","properties":{"id":"dogal-77","kind":"district","btype":"dogal","name":"Brateevo park","lab":1},"geometry":{"type":"MultiPolygon","coordinates":[[[[37.71471,55.6386],[37.72773,55.63976],[37.73833,55.6394],[37.73878,55.6392],[37.73855,55.63877],[37.73891,55.63827],[37.74001,55.63794],[37.74025,55.63685],[37.73681,55.63627],[37.73665,55.63658],[37.73541,55.63639],[37.73304,55.63741],[37.72935,55.63772],[37.72869,55.63763],[37.72856,55.63721],[37.71651,55.63744],[37.71577,55.63774],[37.71554,55.63726],[37.71401,55.63727],[37.71348,55.63797],[37.71471,55.6386]]]]}},{"type":"Feature","properties":{"id":"dogal-lab-77","kind":"district-label","btype":"dogal","name":"Brateevo park"},"geometry":{"type":"Point","coordinates":[37.72838,55.63824]}},{"type":"Feature","properties":{"id":"dogal-78","kind":"district","btype":"dogal","name":"Зона отдыха \"Озеро Белое\"","lab":1},"geometry":{"type":"MultiPolygon","coordinates":[[[[37.85721,55.72112],[37.85772,55.72127],[37.85813,55.72067],[37.85806,55.7193],[37.85679,55.71945],[37.85497,55.71704],[37.8542,55.71732],[37.85215,55.71695],[37.84973,55.71716],[37.84945,55.71667],[37.84801,55.71703],[37.84792,55.71786],[37.84707,55.71859],[37.84721,55.71902],[37.84805,55.71891],[37.84804,55.71972],[37.84909,55.72119],[37.84878,55.72197],[37.8478,55.72189],[37.8478,55.72142],[37.84546,55.72168],[37.84573,55.72247],[37.84827,55.72281],[37.84854,55.72312],[37.8481,55.72355],[37.84973,55.72381],[37.85037,55.72451],[37.85721,55.72112]]]]}},{"type":"Feature","properties":{"id":"dogal-lab-78","kind":"district-label","btype":"dogal","name":"Зона отдыха \"Озеро Белое\""},"geometry":{"type":"Point","coordinates":[37.85194,55.72029]}},{"type":"Feature","properties":{"id":"dogal-79","kind":"district","btype":"dogal","name":"Экопарк \"Летова Тропа\"","lab":1},"geometry":{"type":"MultiPolygon","coordinates":[[[[37.42819,55.554],[37.42826,55.55367],[37.42647,55.55254],[37.42178,55.55047],[37.42223,55.54978],[37.4212,55.54949],[37.41609,55.55092],[37.41639,55.55195],[37.41624,55.55442],[37.41665,55.55583],[37.42757,55.55565],[37.42712,55.55425],[37.42819,55.554]]]]}},{"type":"Feature","properties":{"id":"dogal-lab-79","kind":"district-label","btype":"dogal","name":"Экопарк \"Летова Тропа\""},"geometry":{"type":"Point","coordinates":[37.42137,55.55321]}},{"type":"Feature","properties":{"id":"dogal-80","kind":"district","btype":"dogal","name":"Юсуповский парк","lab":1},"geometry":{"type":"MultiPolygon","coordinates":[[[[37.26697,55.78891],[37.26871,55.78741],[37.2729,55.78575],[37.27847,55.78526],[37.27904,55.78617],[37.27806,55.78638],[37.27885,55.78764],[37.28001,55.7876],[37.28096,55.78902],[37.27457,55.79182],[37.26697,55.78891]]]]}},{"type":"Feature","properties":{"id":"dogal-lab-80","kind":"district-label","btype":"dogal","name":"Юсуповский парк"},"geometry":{"type":"Point","coordinates":[37.27432,55.78841]}},{"type":"Feature","properties":{"id":"dogal-81","kind":"district","btype":"dogal","name":"Парк имени Ю. М. Лужкова","lab":1},"geometry":{"type":"MultiPolygon","coordinates":[[[[37.65477,55.66657],[37.65999,55.66744],[37.65372,55.65935],[37.65029,55.65683],[37.64804,55.66086],[37.64861,55.66153],[37.64825,55.66221],[37.64933,55.6632],[37.65095,55.66345],[37.65245,55.66499],[37.65531,55.66546],[37.65477,55.66657]]]]}},{"type":"Feature","properties":{"id":"dogal-lab-81","kind":"district-label","btype":"dogal","name":"Парк имени Ю. М. Лужкова"},"geometry":{"type":"Point","coordinates":[37.65315,55.66237]}},{"type":"Feature","properties":{"id":"dogal-82","kind":"district","btype":"dogal","name":"Khimkinskiy park","lab":1},"geometry":{"type":"MultiPolygon","coordinates":[[[[37.46475,55.88254],[37.47424,55.88447],[37.48078,55.88165],[37.47965,55.88178],[37.47905,55.88236],[37.47806,55.88224],[37.47855,55.88151],[37.47778,55.88109],[37.47722,55.88154],[37.47653,55.88138],[37.47682,55.88086],[37.47654,55.88059],[37.47424,55.87961],[37.46702,55.87935],[37.46292,55.88157],[37.46223,55.88238],[37.46433,55.88265],[37.4631,55.88194],[37.4644,55.88135],[37.46506,55.88194],[37.46475,55.88254]]]]}},{"type":"Feature","properties":{"id":"dogal-lab-82","kind":"district-label","btype":"dogal","name":"Khimkinskiy park"},"geometry":{"type":"Point","coordinates":[37.47124,55.88171]}},{"type":"Feature","properties":{"id":"dogal-83","kind":"district","btype":"dogal","name":"Берёзовая роща","lab":1},"geometry":{"type":"MultiPolygon","coordinates":[[[[37.51512,55.78249],[37.51034,55.79196],[37.51377,55.79258],[37.51517,55.79016],[37.51714,55.79035],[37.5201,55.7842],[37.51924,55.78403],[37.5197,55.78324],[37.51512,55.78249]]]]}},{"type":"Feature","properties":{"id":"dogal-lab-83","kind":"district-label","btype":"dogal","name":"Берёзовая роща"},"geometry":{"type":"Point","coordinates":[37.51538,55.78737]}},{"type":"Feature","properties":{"id":"dogal-84","kind":"district","btype":"dogal","name":"Парк \"Чермянка\"","lab":1},"geometry":{"type":"MultiPolygon","coordinates":[[[[37.57441,55.91021],[37.57517,55.91031],[37.57512,55.91063],[37.57774,55.91067],[37.57806,55.91013],[37.57862,55.91007],[37.57938,55.91072],[37.58582,55.9099],[37.58742,55.90886],[37.58698,55.90586],[37.57695,55.90591],[37.57712,55.90839],[37.5744,55.90931],[37.57441,55.91021]]]]}},{"type":"Feature","properties":{"id":"dogal-lab-84","kind":"district-label","btype":"dogal","name":"Парк \"Чермянка\""},"geometry":{"type":"Point","coordinates":[37.58137,55.90822]}},{"type":"Feature","properties":{"id":"dogal-85","kind":"district","btype":"dogal","name":"Экопарк \"Губайловский\"","lab":1},"geometry":{"type":"MultiPolygon","coordinates":[[[[37.31189,55.82897],[37.31322,55.83063],[37.31553,55.83206],[37.32036,55.83369],[37.32026,55.83405],[37.3207,55.83427],[37.32031,55.83447],[37.32145,55.83488],[37.32166,55.83465],[37.32204,55.83505],[37.3241,55.83329],[37.32489,55.83185],[37.32316,55.83203],[37.32296,55.83186],[37.32379,55.8309],[37.32281,55.83056],[37.32249,55.82989],[37.31811,55.82954],[37.31951,55.82775],[37.32027,55.82743],[37.31773,55.82716],[37.31571,55.82831],[37.31435,55.82834],[37.31383,55.82783],[37.31189,55.82897]]]]}},{"type":"Feature","properties":{"id":"dogal-lab-85","kind":"district-label","btype":"dogal","name":"Экопарк \"Губайловский\""},"geometry":{"type":"Point","coordinates":[37.31857,55.83091]}},{"type":"Feature","properties":{"id":"dogal-86","kind":"district","btype":"dogal","name":"Чоботовский лес","lab":1},"geometry":{"type":"MultiPolygon","coordinates":[[[[37.35855,55.64564],[37.35583,55.64355],[37.35448,55.64405],[37.35511,55.64712],[37.35568,55.64743],[37.35784,55.64705],[37.36081,55.64807],[37.36308,55.64984],[37.36197,55.6505],[37.36288,55.65121],[37.36888,55.64832],[37.36692,55.64745],[37.36109,55.64355],[37.36059,55.6436],[37.36188,55.64456],[37.35855,55.64564]]]]}},{"type":"Feature","properties":{"id":"dogal-lab-86","kind":"district-label","btype":"dogal","name":"Чоботовский лес"},"geometry":{"type":"Point","coordinates":[37.36154,55.64705]}},{"type":"Feature","properties":{"id":"dogal-87","kind":"district","btype":"dogal","name":"Красногорский городской парк","lab":1},"geometry":{"type":"MultiPolygon","coordinates":[[[[37.32392,55.82039],[37.32476,55.82133],[37.32223,55.82218],[37.32167,55.82182],[37.32125,55.82202],[37.3213,55.82393],[37.3209,55.82415],[37.32129,55.82435],[37.32056,55.82437],[37.3198,55.82501],[37.32831,55.82723],[37.33006,55.82719],[37.33145,55.82539],[37.33015,55.82507],[37.329,55.82372],[37.32866,55.8231],[37.32901,55.82278],[37.32846,55.82261],[37.32897,55.82195],[37.32869,55.82095],[37.32818,55.82063],[37.32518,55.8208],[37.32392,55.82039]]]]}},{"type":"Feature","properties":{"id":"dogal-lab-87","kind":"district-label","btype":"dogal","name":"Красногорский городской парк"},"geometry":{"type":"Point","coordinates":[37.32586,55.82403]}},{"type":"Feature","properties":{"id":"dogal-88","kind":"district","btype":"dogal","name":"Природно-исторический парк \"Косинский\"","lab":1},"geometry":{"type":"MultiPolygon","coordinates":[[[[37.88713,55.72165],[37.88692,55.72026],[37.88612,55.71959],[37.881,55.7191],[37.88064,55.71764],[37.87874,55.71732],[37.87803,55.71652],[37.87808,55.71591],[37.87833,55.71669],[37.87901,55.7171],[37.88163,55.71748],[37.8853,55.71885],[37.89659,55.71834],[37.89773,55.71794],[37.89804,55.71717],[37.89974,55.71793],[37.90017,55.71921],[37.89665,55.72005],[37.89185,55.72027],[37.89185,55.72057],[37.89015,55.72115],[37.89075,55.72216],[37.88985,55.7237],[37.88548,55.72419],[37.88416,55.7234],[37.88713,55.72165]]]]}},{"type":"Feature","properties":{"id":"dogal-lab-88","kind":"district-label","btype":"dogal","name":"Природно-исторический парк \"Косинский\""},"geometry":{"type":"Point","coordinates":[37.88989,55.72017]}},{"type":"Feature","properties":{"id":"dogal-89","kind":"district","btype":"dogal","name":"Сквер, прилегающий к Лазоревому проезду","lab":1},"geometry":{"type":"MultiPolygon","coordinates":[[[[37.63188,55.85698],[37.63408,55.85741],[37.63446,55.85668],[37.63534,55.85664],[37.6357,55.85704],[37.6369,55.85683],[37.63824,55.85537],[37.63757,55.85414],[37.63602,55.85336],[37.6316,55.85401],[37.6306,55.85359],[37.63041,55.85238],[37.6314,55.85227],[37.63106,55.85149],[37.63199,55.85141],[37.63157,55.85011],[37.63327,55.84941],[37.63166,55.8489],[37.63355,55.84778],[37.63382,55.84685],[37.63282,55.84688],[37.63282,55.84741],[37.63073,55.84865],[37.62864,55.84871],[37.6279,55.85009],[37.62815,55.85089],[37.6275,55.85183],[37.62726,55.85336],[37.62771,55.85439],[37.62903,55.85562],[37.63155,55.85507],[37.63246,55.85555],[37.6328,55.85594],[37.63205,55.85631],[37.63188,55.85698]]]]}},{"type":"Feature","properties":{"id":"dogal-lab-89","kind":"district-label","btype":"dogal","name":"Сквер, прилегающий к Лазоревому проезду"},"geometry":{"type":"Point","coordinates":[37.63195,55.85312]}},{"type":"Feature","properties":{"id":"dogal-90","kind":"district","btype":"dogal","name":"Парк у прудов «Радуга»","lab":1},"geometry":{"type":"MultiPolygon","coordinates":[[[[37.81151,55.73245],[37.81295,55.73341],[37.81546,55.73271],[37.82133,55.73236],[37.8244,55.731],[37.82693,55.73224],[37.82912,55.73222],[37.82832,55.73217],[37.8283,55.73148],[37.82925,55.73145],[37.82886,55.72813],[37.82804,55.72599],[37.82685,55.72627],[37.8266,55.72576],[37.82569,55.72608],[37.82576,55.72848],[37.82511,55.72852],[37.82391,55.72963],[37.81788,55.73043],[37.81151,55.73245]]]]}},{"type":"Feature","properties":{"id":"dogal-lab-90","kind":"district-label","btype":"dogal","name":"Парк у прудов «Радуга»"},"geometry":{"type":"Point","coordinates":[37.82274,55.73041]}},{"type":"Feature","properties":{"id":"dogal-91","kind":"district","btype":"dogal","name":"Парк \"Ангарские пруды\"","lab":1},"geometry":{"type":"MultiPolygon","coordinates":[[[[37.53322,55.87768],[37.53347,55.8764],[37.52792,55.87544],[37.52621,55.87598],[37.52399,55.8783],[37.52419,55.8787],[37.52893,55.88036],[37.53045,55.88501],[37.53256,55.8853],[37.53282,55.8803],[37.53149,55.8804],[37.53096,55.87975],[37.53243,55.87897],[37.53261,55.87754],[37.53322,55.87768]]]]}},{"type":"Feature","properties":{"id":"dogal-lab-91","kind":"district-label","btype":"dogal","name":"Парк \"Ангарские пруды\""},"geometry":{"type":"Point","coordinates":[37.5296,55.87932]}},{"type":"Feature","properties":{"id":"dogal-92","kind":"district","btype":"dogal","name":"Lefortovo park","lab":1},"geometry":{"type":"MultiPolygon","coordinates":[[[[37.69461,55.76375],[37.69138,55.76135],[37.69017,55.76178],[37.68975,55.76146],[37.6891,55.76182],[37.68968,55.76215],[37.68886,55.76242],[37.68793,55.76149],[37.68704,55.76179],[37.68631,55.7638],[37.689,55.76727],[37.69234,55.76916],[37.69296,55.76891],[37.69246,55.76863],[37.69496,55.76735],[37.69537,55.76758],[37.69636,55.7668],[37.69415,55.76563],[37.69261,55.76542],[37.69257,55.76496],[37.69418,55.76477],[37.69588,55.76393],[37.69461,55.76375]]]]}},{"type":"Feature","properties":{"id":"dogal-lab-92","kind":"district-label","btype":"dogal","name":"Lefortovo park"},"geometry":{"type":"Point","coordinates":[37.691,55.76496]}},{"type":"Feature","properties":{"id":"dogal-93","kind":"district","btype":"dogal","name":"Great Lawn","lab":1},"geometry":{"type":"MultiPolygon","coordinates":[[[[37.54035,55.70945],[37.53782,55.71132],[37.53559,55.71488],[37.52812,55.71176],[37.53612,55.70709],[37.54035,55.70945]]]]}},{"type":"Feature","properties":{"id":"dogal-lab-93","kind":"district-label","btype":"dogal","name":"Great Lawn"},"geometry":{"type":"Point","coordinates":[37.53459,55.71091]}},{"type":"Feature","properties":{"id":"dogal-94","kind":"district","btype":"dogal","name":"Ландшафтный заказник \"Лианозовский\"","lab":1},"geometry":{"type":"MultiPolygon","coordinates":[[[[37.56615,55.90549],[37.56686,55.90675],[37.56687,55.90568],[37.56795,55.90557],[37.56776,55.90516],[37.56729,55.90517],[37.56718,55.9046],[37.56602,55.90459],[37.56571,55.90088],[37.5677,55.90111],[37.56763,55.89888],[37.5572,55.89806],[37.55505,55.90009],[37.55703,55.90192],[37.56026,55.90069],[37.56112,55.90142],[37.56031,55.90179],[37.56074,55.90211],[37.5619,55.90193],[37.56278,55.90258],[37.56615,55.90549]]]]}},{"type":"Feature","properties":{"id":"dogal-lab-94","kind":"district-label","btype":"dogal","name":"Ландшафтный заказник \"Лианозовский\""},"geometry":{"type":"Point","coordinates":[37.56219,55.90071]}},{"type":"Feature","properties":{"id":"dogal-95","kind":"district","btype":"dogal","name":"Парк Яуза","lab":1},"geometry":{"type":"MultiPolygon","coordinates":[[[[37.64725,55.8697],[37.64835,55.86967],[37.64917,55.87017],[37.64899,55.87068],[37.64984,55.87071],[37.65058,55.87152],[37.65536,55.8709],[37.65243,55.86951],[37.64885,55.86544],[37.64735,55.86442],[37.64569,55.86444],[37.64597,55.86372],[37.64551,55.86366],[37.64485,55.86441],[37.64412,55.86453],[37.64324,55.86399],[37.64224,55.86442],[37.64103,55.86686],[37.64549,55.86766],[37.64672,55.8686],[37.64725,55.8697]]]]}},{"type":"Feature","properties":{"id":"dogal-lab-95","kind":"district-label","btype":"dogal","name":"Парк Яуза"},"geometry":{"type":"Point","coordinates":[37.64759,55.8675]}},{"type":"Feature","properties":{"id":"dogal-96","kind":"district","btype":"dogal","name":"North River Station Park","lab":1},"geometry":{"type":"MultiPolygon","coordinates":[[[[37.46402,55.85462],[37.4662,55.85507],[37.46672,55.85453],[37.46978,55.85512],[37.47145,55.85276],[37.47116,55.85251],[37.47178,55.85151],[37.47236,55.85135],[37.47382,55.84927],[37.47123,55.84874],[37.47176,55.8479],[37.46876,55.84727],[37.46402,55.85462]]]]}},{"type":"Feature","properties":{"id":"dogal-lab-96","kind":"district-label","btype":"dogal","name":"North River Station Park"},"geometry":{"type":"Point","coordinates":[37.46895,55.85147]}},{"type":"Feature","properties":{"id":"dogal-97","kind":"district","btype":"dogal","name":"Парк культуры и отдыха им. Л. Н. Толстого","lab":1},"geometry":{"type":"MultiPolygon","coordinates":[[[[37.46529,55.89486],[37.46368,55.89429],[37.4627,55.89235],[37.46045,55.89174],[37.45988,55.89117],[37.45475,55.89337],[37.45533,55.89377],[37.453,55.8949],[37.45572,55.89782],[37.45641,55.89783],[37.45795,55.89744],[37.45993,55.89591],[37.46104,55.89599],[37.46372,55.89479],[37.46529,55.89486]]]]}},{"type":"Feature","properties":{"id":"dogal-lab-97","kind":"district-label","btype":"dogal","name":"Парк культуры и отдыха им. Л. Н. Толстого"},"geometry":{"type":"Point","coordinates":[37.45852,55.89451]}},{"type":"Feature","properties":{"id":"dogal-98","kind":"district","btype":"dogal","name":"Lublinskiy park","lab":1},"geometry":{"type":"MultiPolygon","coordinates":[[[[37.74628,55.68932],[37.7536,55.68833],[37.75298,55.68751],[37.74985,55.68782],[37.74956,55.68641],[37.74613,55.6865],[37.7463,55.68754],[37.74555,55.6876],[37.74526,55.68681],[37.74414,55.68693],[37.74416,55.68781],[37.74345,55.6879],[37.7432,55.68713],[37.74407,55.68701],[37.74383,55.68644],[37.74473,55.68631],[37.74437,55.68526],[37.74055,55.68523],[37.74055,55.68558],[37.74207,55.68607],[37.74174,55.68627],[37.74185,55.6868],[37.73743,55.68644],[37.73655,55.68926],[37.73784,55.68942],[37.73834,55.69004],[37.7361,55.69038],[37.73798,55.69051],[37.73998,55.68969],[37.74073,55.68909],[37.74051,55.68785],[37.74139,55.68887],[37.74628,55.68932]]]]}},{"type":"Feature","properties":{"id":"dogal-lab-98","kind":"district-label","btype":"dogal","name":"Lublinskiy park"},"geometry":{"type":"Point","coordinates":[37.74367,55.68781]}},{"type":"Feature","properties":{"id":"dogal-99","kind":"district","btype":"dogal","name":"Golyanovsky Park","lab":1},"geometry":{"type":"MultiPolygon","coordinates":[[[[37.81225,55.82321],[37.80111,55.8227],[37.79898,55.82168],[37.79819,55.81991],[37.8116,55.82025],[37.81166,55.8208],[37.81311,55.82082],[37.81316,55.82167],[37.81197,55.82194],[37.81214,55.8226],[37.81264,55.82267],[37.81225,55.82321]]]]}},{"type":"Feature","properties":{"id":"dogal-lab-99","kind":"district-label","btype":"dogal","name":"Golyanovsky Park"},"geometry":{"type":"Point","coordinates":[37.80585,55.82147]}},{"type":"Feature","properties":{"id":"dogal-100","kind":"district","btype":"dogal","name":"Парк Рассказовка","lab":1},"geometry":{"type":"MultiPolygon","coordinates":[[[[37.314,55.62921],[37.3126,55.62927],[37.30702,55.63239],[37.30639,55.63392],[37.31057,55.63423],[37.31533,55.63226],[37.31891,55.63255],[37.32231,55.63199],[37.32212,55.6316],[37.31796,55.63064],[37.314,55.62921]]]]}},{"type":"Feature","properties":{"id":"dogal-lab-100","kind":"district-label","btype":"dogal","name":"Парк Рассказовка"},"geometry":{"type":"Point","coordinates":[37.31327,55.63178]}},{"type":"Feature","properties":{"id":"dogal-101","kind":"district","btype":"dogal","name":"Парк культуры и отдыха им. Талалихина","lab":1},"geometry":{"type":"MultiPolygon","coordinates":[[[[37.55584,55.43464],[37.55448,55.43471],[37.55699,55.43564],[37.55851,55.43713],[37.55913,55.44138],[37.55877,55.44407],[37.55967,55.44575],[37.56214,55.44787],[37.56432,55.44759],[37.56659,55.44507],[37.5651,55.4453],[37.5633,55.44469],[37.56278,55.44577],[37.56131,55.44522],[37.56103,55.44452],[37.56189,55.44354],[37.56025,55.43927],[37.56198,55.43628],[37.55911,55.43495],[37.55788,55.43385],[37.55739,55.43403],[37.55821,55.43471],[37.55768,55.43516],[37.55584,55.43464]]]]}},{"type":"Feature","properties":{"id":"dogal-lab-101","kind":"district-label","btype":"dogal","name":"Парк культуры и отдыха им. Талалихина"},"geometry":{"type":"Point","coordinates":[37.56066,55.44152]}},{"type":"Feature","properties":{"id":"dogal-102","kind":"district","btype":"dogal","name":"Новый долинный парк","lab":1},"geometry":{"type":"MultiPolygon","coordinates":[[[[37.6943,55.61264],[37.69795,55.6089],[37.69385,55.60706],[37.69262,55.60589],[37.69133,55.60708],[37.68655,55.60779],[37.68874,55.60945],[37.68868,55.61012],[37.6904,55.61092],[37.68993,55.61126],[37.69046,55.61189],[37.6943,55.61264]]]]}},{"type":"Feature","properties":{"id":"dogal-lab-102","kind":"district-label","btype":"dogal","name":"Новый долинный парк"},"geometry":{"type":"Point","coordinates":[37.69255,55.60938]}},{"type":"Feature","properties":{"id":"dogal-103","kind":"district","btype":"dogal","name":"Парк культуры и отдыха \"Ёлочки\"","lab":1},"geometry":{"type":"MultiPolygon","coordinates":[[[[37.77663,55.42056],[37.7794,55.42161],[37.78008,55.42138],[37.78248,55.42194],[37.78424,55.41952],[37.78848,55.41597],[37.78015,55.41607],[37.77943,55.41704],[37.77989,55.4171],[37.77966,55.41756],[37.77912,55.41744],[37.77663,55.42056]]]]}},{"type":"Feature","properties":{"id":"dogal-lab-103","kind":"district-label","btype":"dogal","name":"Парк культуры и отдыха \"Ёлочки\""},"geometry":{"type":"Point","coordinates":[37.78198,55.41861]}},{"type":"Feature","properties":{"id":"dogal-104","kind":"district","btype":"dogal","name":"парк \"Новодевичьи пруды\"","lab":1},"geometry":{"type":"MultiPolygon","coordinates":[[[[37.55011,55.72674],[37.55036,55.72768],[37.5566,55.73006],[37.56043,55.7274],[37.55809,55.72577],[37.55544,55.72303],[37.5524,55.72455],[37.55011,55.72674]]]]}},{"type":"Feature","properties":{"id":"dogal-lab-104","kind":"district-label","btype":"dogal","name":"парк \"Новодевичьи пруды\""},"geometry":{"type":"Point","coordinates":[37.5551,55.72675]}},{"type":"Feature","properties":{"id":"dogal-105","kind":"district","btype":"dogal","name":"Kuskovo museum - historical reserve","lab":1},"geometry":{"type":"MultiPolygon","coordinates":[[[[37.81105,55.7335],[37.80387,55.73577],[37.80432,55.73615],[37.80396,55.73626],[37.80818,55.7395],[37.8153,55.73725],[37.81211,55.73401],[37.8117,55.73412],[37.81105,55.7335]]]]}},{"type":"Feature","properties":{"id":"dogal-lab-105","kind":"district-label","btype":"dogal","name":"Kuskovo museum - historical reserve"},"geometry":{"type":"Point","coordinates":[37.80958,55.73649]}},{"type":"Feature","properties":{"id":"dogal-106","kind":"district","btype":"dogal","name":"Коробковский сад","lab":1},"geometry":{"type":"MultiPolygon","coordinates":[[[[37.60592,55.67051],[37.60603,55.6688],[37.61164,55.66613],[37.61083,55.66544],[37.60481,55.66552],[37.59932,55.66618],[37.59962,55.66747],[37.60055,55.66757],[37.60147,55.66927],[37.60414,55.67143],[37.60543,55.67139],[37.60592,55.67051]]]]}},{"type":"Feature","properties":{"id":"dogal-lab-106","kind":"district-label","btype":"dogal","name":"Коробковский сад"},"geometry":{"type":"Point","coordinates":[37.60481,55.66765]}},{"type":"Feature","properties":{"id":"dogal-107","kind":"district","btype":"dogal","name":"Парк «Филатов луг»","lab":1},"geometry":{"type":"MultiPolygon","coordinates":[[[[37.37131,55.5951],[37.37328,55.59397],[37.37277,55.59325],[37.37594,55.5916],[37.37705,55.59236],[37.38035,55.59208],[37.38027,55.59236],[37.3769,55.5928],[37.37655,55.5932],[37.37692,55.59443],[37.37673,55.59589],[37.37858,55.59756],[37.38231,55.59883],[37.38719,55.60202],[37.37412,55.59736],[37.37265,55.59657],[37.37131,55.5951]]]]}},{"type":"Feature","properties":{"id":"dogal-lab-107","kind":"district-label","btype":"dogal","name":"Парк «Филатов луг»"},"geometry":{"type":"Point","coordinates":[37.37691,55.59625]}},{"type":"Feature","properties":{"id":"dogal-108","kind":"district","btype":"dogal","name":"Petrovsky Park","lab":1},"geometry":{"type":"MultiPolygon","coordinates":[[[[37.55919,55.79383],[37.55508,55.79084],[37.55166,55.79233],[37.55391,55.79325],[37.55392,55.79366],[37.5525,55.79439],[37.55098,55.79396],[37.55015,55.79308],[37.54766,55.79413],[37.55056,55.79635],[37.5524,55.79525],[37.55368,55.7956],[37.55404,55.79765],[37.55866,55.79598],[37.55907,55.79524],[37.55838,55.79429],[37.55919,55.79383]]]]}},{"type":"Feature","properties":{"id":"dogal-lab-108","kind":"district-label","btype":"dogal","name":"Petrovsky Park"},"geometry":{"type":"Point","coordinates":[37.55439,55.79431]}},{"type":"Feature","properties":{"id":"dogal-109","kind":"district","btype":"dogal","name":"Ивантеевский парк","lab":1},"geometry":{"type":"MultiPolygon","coordinates":[[[[37.91488,55.9766],[37.91065,55.97818],[37.90967,55.98016],[37.91094,55.98035],[37.91044,55.98138],[37.90941,55.98129],[37.91321,55.98435],[37.91401,55.98385],[37.91538,55.98041],[37.91621,55.98032],[37.91802,55.97863],[37.92009,55.97801],[37.91921,55.97746],[37.91488,55.9766]]]]}},{"type":"Feature","properties":{"id":"dogal-lab-109","kind":"district-label","btype":"dogal","name":"Ивантеевский парк"},"geometry":{"type":"Point","coordinates":[37.91387,55.97981]}},{"type":"Feature","properties":{"id":"dogal-110","kind":"district","btype":"dogal","name":"Ближняя дача","lab":1},"geometry":{"type":"MultiPolygon","coordinates":[[[[37.59721,55.92195],[37.59467,55.92061],[37.59272,55.91861],[37.59307,55.91821],[37.5976,55.91734],[37.59918,55.91579],[37.59832,55.91509],[37.59989,55.91546],[37.60241,55.91396],[37.60341,55.91264],[37.60481,55.91298],[37.60353,55.91475],[37.60224,55.91556],[37.60268,55.91594],[37.6025,55.91698],[37.59721,55.92195]]]]}},{"type":"Feature","properties":{"id":"dogal-lab-110","kind":"district-label","btype":"dogal","name":"Ближняя дача"},"geometry":{"type":"Point","coordinates":[37.59865,55.91784]}},{"type":"Feature","properties":{"id":"dogal-111","kind":"district","btype":"dogal","name":"Парк Чермянка","lab":1},"geometry":{"type":"MultiPolygon","coordinates":[[[[37.6229,55.86956],[37.6217,55.86944],[37.61445,55.87461],[37.61473,55.87775],[37.61634,55.88022],[37.61795,55.87986],[37.61701,55.87802],[37.61726,55.87526],[37.61807,55.87519],[37.62031,55.87311],[37.62231,55.87282],[37.62374,55.87148],[37.62652,55.87115],[37.62773,55.87009],[37.62372,55.86965],[37.62153,55.87112],[37.62019,55.87115],[37.62224,55.86957],[37.6229,55.86956]]]]}},{"type":"Feature","properties":{"id":"dogal-lab-111","kind":"district-label","btype":"dogal","name":"Парк Чермянка"},"geometry":{"type":"Point","coordinates":[37.61919,55.87382]}},{"type":"Feature","properties":{"id":"dogal-112","kind":"district","btype":"dogal","name":"Khodynka Field","lab":1},"geometry":{"type":"MultiPolygon","coordinates":[[[[37.53788,55.78721],[37.53366,55.78519],[37.52834,55.78496],[37.52425,55.78641],[37.52277,55.78775],[37.52218,55.78921],[37.53345,55.78779],[37.5326,55.78715],[37.53319,55.78691],[37.53118,55.78576],[37.53124,55.7854],[37.53269,55.78556],[37.53267,55.786],[37.53349,55.78653],[37.53435,55.78643],[37.53585,55.78748],[37.53788,55.78721]]]]}},{"type":"Feature","properties":{"id":"dogal-lab-112","kind":"district-label","btype":"dogal","name":"Khodynka Field"},"geometry":{"type":"Point","coordinates":[37.52886,55.78696]}},{"type":"Feature","properties":{"id":"dogal-113","kind":"district","btype":"dogal","name":"Наташинские пруды","lab":1},"geometry":{"type":"MultiPolygon","coordinates":[[[[37.87965,55.69455],[37.87924,55.69457],[37.88265,55.69278],[37.88613,55.69483],[37.88868,55.69498],[37.88853,55.69524],[37.89051,55.69553],[37.88902,55.69743],[37.88986,55.6977],[37.88775,55.69994],[37.8863,55.69955],[37.87965,55.69455]]]]}},{"type":"Feature","properties":{"id":"dogal-lab-113","kind":"district-label","btype":"dogal","name":"Наташинские пруды"},"geometry":{"type":"Point","coordinates":[37.88533,55.69624]}},{"type":"Feature","properties":{"id":"dogal-114","kind":"district","btype":"dogal","name":"Щукинский лесопарк","lab":1},"geometry":{"type":"MultiPolygon","coordinates":[[[[37.46623,55.80822],[37.47611,55.80855],[37.47676,55.80301],[37.47528,55.80293],[37.46664,55.80742],[37.4661,55.80787],[37.46623,55.80822]]]]}},{"type":"Feature","properties":{"id":"dogal-lab-114","kind":"district-label","btype":"dogal","name":"Щукинский лесопарк"},"geometry":{"type":"Point","coordinates":[37.47271,55.80634]}},{"type":"Feature","properties":{"id":"dogal-115","kind":"district","btype":"dogal","name":"Ворошиловский парк","lab":1},"geometry":{"type":"MultiPolygon","coordinates":[[[[37.467,55.73937],[37.46061,55.7376],[37.45883,55.74078],[37.4649,55.7424],[37.47086,55.74541],[37.4732,55.74452],[37.46836,55.74257],[37.46614,55.74027],[37.467,55.73937]]]]}},{"type":"Feature","properties":{"id":"dogal-lab-115","kind":"district-label","btype":"dogal","name":"Ворошиловский парк"},"geometry":{"type":"Point","coordinates":[37.46489,55.74118]}},{"type":"Feature","properties":{"id":"dogal-116","kind":"district","btype":"dogal","name":"Парк \"Хованская дубрава\"","lab":1},"geometry":{"type":"MultiPolygon","coordinates":[[[[37.44346,55.5995],[37.44049,55.60133],[37.43912,55.60087],[37.43848,55.60137],[37.43669,55.60077],[37.43894,55.59881],[37.43914,55.59819],[37.43858,55.59809],[37.43877,55.59763],[37.435,55.59714],[37.43259,55.59969],[37.43405,55.60113],[37.4428,55.60405],[37.44301,55.60377],[37.44253,55.6031],[37.44443,55.5993],[37.44346,55.5995]]]]}},{"type":"Feature","properties":{"id":"dogal-lab-116","kind":"district-label","btype":"dogal","name":"Парк \"Хованская дубрава\""},"geometry":{"type":"Point","coordinates":[37.4381,55.60043]}},{"type":"Feature","properties":{"id":"dogal-117","kind":"district","btype":"dogal","name":"Парк имени Шкулёва","lab":1},"geometry":{"type":"MultiPolygon","coordinates":[[[[37.73578,55.69185],[37.73534,55.69256],[37.74432,55.69333],[37.74422,55.6922],[37.74262,55.69207],[37.74314,55.69051],[37.74858,55.69249],[37.75483,55.69079],[37.75375,55.69042],[37.75463,55.68986],[37.75382,55.68874],[37.75363,55.68908],[37.74735,55.69025],[37.74218,55.69008],[37.73885,55.69162],[37.73578,55.69185]]]]}},{"type":"Feature","properties":{"id":"dogal-lab-117","kind":"district-label","btype":"dogal","name":"Парк имени Шкулёва"},"geometry":{"type":"Point","coordinates":[37.74585,55.69126]}},{"type":"Feature","properties":{"id":"dogal-118","kind":"district","btype":"dogal","name":"парк Долгие пруды","lab":1},"geometry":{"type":"MultiPolygon","coordinates":[[[[37.53243,55.92009],[37.53628,55.92084],[37.5357,55.92233],[37.5392,55.91953],[37.53891,55.91824],[37.53724,55.9155],[37.53617,55.91562],[37.5354,55.91466],[37.53644,55.9144],[37.5356,55.91325],[37.53476,55.91296],[37.53339,55.91564],[37.535,55.91762],[37.53313,55.91795],[37.53215,55.91966],[37.53243,55.92009]]]]}},{"type":"Feature","properties":{"id":"dogal-lab-118","kind":"district-label","btype":"dogal","name":"парк Долгие пруды"},"geometry":{"type":"Point","coordinates":[37.53578,55.9179]}},{"type":"Feature","properties":{"id":"dogal-119","kind":"district","btype":"dogal","name":"Левобережный","lab":1},"geometry":{"type":"MultiPolygon","coordinates":[[[[37.45842,55.87382],[37.45973,55.87596],[37.46097,55.87612],[37.46177,55.87564],[37.46419,55.87677],[37.46434,55.87737],[37.46586,55.87777],[37.4658,55.8784],[37.46513,55.87863],[37.46607,55.87933],[37.46552,55.87959],[37.46146,55.87717],[37.46028,55.87725],[37.4598,55.87771],[37.45969,55.88156],[37.45925,55.8822],[37.46154,55.88236],[37.46165,55.882],[37.46055,55.88159],[37.46003,55.87986],[37.46023,55.87919],[37.46172,55.87821],[37.46541,55.88027],[37.46918,55.87669],[37.46846,55.87644],[37.46906,55.87613],[37.46789,55.87578],[37.46757,55.87609],[37.46651,55.87577],[37.46677,55.87554],[37.46079,55.87364],[37.46058,55.87408],[37.45842,55.87382]]]]}},{"type":"Feature","properties":{"id":"dogal-lab-119","kind":"district-label","btype":"dogal","name":"Левобережный"},"geometry":{"type":"Point","coordinates":[37.46348,55.87699]}},{"type":"Feature","properties":{"id":"dogal-120","kind":"district","btype":"dogal","name":"Мытищинский парк культуры и отдыха","lab":1},"geometry":{"type":"MultiPolygon","coordinates":[[[[37.74323,55.90681],[37.74199,55.90748],[37.7431,55.90763],[37.74348,55.90825],[37.74393,55.90801],[37.74454,55.90834],[37.74451,55.90875],[37.7432,55.9094],[37.74083,55.90827],[37.737,55.91052],[37.74206,55.91333],[37.74661,55.91181],[37.74589,55.91056],[37.74596,55.90988],[37.74711,55.90861],[37.74417,55.90792],[37.74336,55.90746],[37.74383,55.90715],[37.74323,55.90681]]]]}},{"type":"Feature","properties":{"id":"dogal-lab-120","kind":"district-label","btype":"dogal","name":"Мытищинский парк культуры и отдыха"},"geometry":{"type":"Point","coordinates":[37.74246,55.9105]}},{"type":"Feature","properties":{"id":"dogal-121","kind":"district","btype":"dogal","name":"Парк Братеевская Набережная","lab":1},"geometry":{"type":"MultiPolygon","coordinates":[[[[37.7485,55.63931],[37.77253,55.646],[37.77324,55.64519],[37.77335,55.6441],[37.76824,55.64375],[37.749,55.63833],[37.7485,55.63931]]]]}},{"type":"Feature","properties":{"id":"dogal-lab-121","kind":"district-label","btype":"dogal","name":"Парк Братеевская Набережная"},"geometry":{"type":"Point","coordinates":[37.76172,55.64237]}},{"type":"Feature","properties":{"id":"dogal-122","kind":"district","btype":"dogal","name":"Izmaylovo Manor","lab":1},"geometry":{"type":"MultiPolygon","coordinates":[[[[37.75683,55.79104],[37.75758,55.79128],[37.7575,55.79095],[37.75823,55.79089],[37.75854,55.79264],[37.75668,55.79296],[37.75756,55.79328],[37.76393,55.7936],[37.76584,55.79335],[37.76803,55.79239],[37.76665,55.79034],[37.75886,55.78986],[37.75683,55.79104]]]]}},{"type":"Feature","properties":{"id":"dogal-lab-122","kind":"district-label","btype":"dogal","name":"Izmaylovo Manor"},"geometry":{"type":"Point","coordinates":[37.76249,55.79178]}},{"type":"Feature","properties":{"id":"dogal-123","kind":"district","btype":"dogal","name":"Парк на Северодвинской","lab":1},"geometry":{"type":"MultiPolygon","coordinates":[[[[37.6832,55.88695],[37.67962,55.88729],[37.68001,55.88978],[37.68159,55.89204],[37.68111,55.89289],[37.68165,55.89296],[37.68187,55.89182],[37.68296,55.89163],[37.68345,55.89331],[37.68396,55.89323],[37.68427,55.89424],[37.68674,55.89427],[37.68618,55.89105],[37.68438,55.88889],[37.68533,55.88851],[37.68501,55.88809],[37.68312,55.88752],[37.6832,55.88695]]]]}},{"type":"Feature","properties":{"id":"dogal-lab-123","kind":"district-label","btype":"dogal","name":"Парк на Северодвинской"},"geometry":{"type":"Point","coordinates":[37.68324,55.8904]}},{"type":"Feature","properties":{"id":"dogal-124","kind":"district","btype":"dogal","name":"Леонидовка","lab":1},"geometry":{"type":"MultiPolygon","coordinates":[[[[37.79216,55.92529],[37.77431,55.92459],[37.77706,55.92672],[37.779,55.92744],[37.78185,55.92784],[37.78606,55.92731],[37.79216,55.92529]]]]}},{"type":"Feature","properties":{"id":"dogal-lab-124","kind":"district-label","btype":"dogal","name":"Леонидовка"},"geometry":{"type":"Point","coordinates":[37.78248,55.92606]}},{"type":"Feature","properties":{"id":"dogal-125","kind":"district","btype":"dogal","name":"Люберецкий парк","lab":1},"geometry":{"type":"MultiPolygon","coordinates":[[[[37.89843,55.67352],[37.89107,55.67096],[37.89072,55.67111],[37.89241,55.67172],[37.89197,55.67215],[37.88974,55.67149],[37.88996,55.67259],[37.89062,55.67254],[37.89086,55.67344],[37.89166,55.67392],[37.89214,55.67371],[37.8939,55.67474],[37.89348,55.67529],[37.89473,55.67595],[37.89419,55.67618],[37.89643,55.67749],[37.89792,55.67697],[37.89704,55.67604],[37.89777,55.6758],[37.89692,55.67506],[37.89957,55.67447],[37.90067,55.67497],[37.90175,55.67483],[37.90247,55.67415],[37.89957,55.67313],[37.89843,55.67352]]]]}},{"type":"Feature","properties":{"id":"dogal-lab-125","kind":"district-label","btype":"dogal","name":"Люберецкий парк"},"geometry":{"type":"Point","coordinates":[37.89556,55.67406]}},{"type":"Feature","properties":{"id":"dogal-126","kind":"district","btype":"dogal","name":"Покровский парк","lab":1},"geometry":{"type":"MultiPolygon","coordinates":[[[[37.62319,55.60357],[37.62476,55.60683],[37.6317,55.60404],[37.62942,55.60189],[37.62674,55.60051],[37.62319,55.60357]]]]}},{"type":"Feature","properties":{"id":"dogal-lab-126","kind":"district-label","btype":"dogal","name":"Покровский парк"},"geometry":{"type":"Point","coordinates":[37.627,55.60367]}},{"type":"Feature","properties":{"id":"dogal-127","kind":"district","btype":"dogal","name":"Парк \"Пехорка\"","lab":1},"geometry":{"type":"MultiPolygon","coordinates":[[[[37.93852,55.80356],[37.94614,55.80359],[37.94577,55.8025],[37.9461,55.80145],[37.94649,55.80076],[37.94734,55.80039],[37.94622,55.80015],[37.94423,55.80045],[37.94427,55.79947],[37.93924,55.79951],[37.9382,55.80037],[37.93852,55.80356]]]]}},{"type":"Feature","properties":{"id":"dogal-lab-127","kind":"district-label","btype":"dogal","name":"Парк \"Пехорка\""},"geometry":{"type":"Point","coordinates":[37.94218,55.8016]}},{"type":"Feature","properties":{"id":"dogal-128","kind":"district","btype":"dogal","name":"Солдатенковский парк","lab":1},"geometry":{"type":"MultiPolygon","coordinates":[[[[37.46061,55.7376],[37.45411,55.73593],[37.45272,55.73723],[37.45207,55.7402],[37.45883,55.74078],[37.46061,55.7376]]]]}},{"type":"Feature","properties":{"id":"dogal-lab-128","kind":"district-label","btype":"dogal","name":"Солдатенковский парк"},"geometry":{"type":"Point","coordinates":[37.45607,55.73854]}},{"type":"Feature","properties":{"id":"dogal-129","kind":"district","btype":"dogal","name":"Парк Школьников","lab":1},"geometry":{"type":"MultiPolygon","coordinates":[[[[37.46723,55.67063],[37.46241,55.66807],[37.46247,55.66769],[37.46323,55.66751],[37.46232,55.66592],[37.45942,55.66705],[37.45315,55.6704],[37.4525,55.67112],[37.45602,55.67222],[37.45643,55.67114],[37.46113,55.66865],[37.46386,55.66975],[37.46587,55.67119],[37.46723,55.67063]]]]}},{"type":"Feature","properties":{"id":"dogal-lab-129","kind":"district-label","btype":"dogal","name":"Парк Школьников"},"geometry":{"type":"Point","coordinates":[37.45916,55.6692]}},{"type":"Feature","properties":{"id":"dogal-130","kind":"district","btype":"dogal","name":"Garden of the Future","lab":1},"geometry":{"type":"MultiPolygon","coordinates":[[[[37.6367,55.84039],[37.63769,55.8436],[37.63824,55.84389],[37.63776,55.84424],[37.63813,55.84472],[37.64446,55.84343],[37.64582,55.84296],[37.64544,55.84182],[37.64353,55.84195],[37.64372,55.84053],[37.64546,55.84068],[37.64558,55.84057],[37.64119,55.83987],[37.63958,55.84036],[37.6367,55.84039]]]]}},{"type":"Feature","properties":{"id":"dogal-lab-130","kind":"district-label","btype":"dogal","name":"Garden of the Future"},"geometry":{"type":"Point","coordinates":[37.64088,55.84216]}},{"type":"Feature","properties":{"id":"dogal-131","kind":"district","btype":"dogal","name":"Парк Дубки","lab":1},"geometry":{"type":"MultiPolygon","coordinates":[[[[37.42478,55.89476],[37.41432,55.89444],[37.41454,55.89226],[37.41297,55.89182],[37.41265,55.89117],[37.4141,55.89048],[37.41508,55.89089],[37.41483,55.8916],[37.417,55.89131],[37.41857,55.89197],[37.41843,55.89306],[37.42117,55.89307],[37.42192,55.89368],[37.42397,55.89313],[37.42409,55.89222],[37.42671,55.89231],[37.42712,55.89262],[37.42478,55.89476]]]]}},{"type":"Feature","properties":{"id":"dogal-lab-131","kind":"district-label","btype":"dogal","name":"Парк Дубки"},"geometry":{"type":"Point","coordinates":[37.41918,55.89317]}},{"type":"Feature","properties":{"id":"dogal-132","kind":"district","btype":"dogal","name":"Перовский парк","lab":1},"geometry":{"type":"MultiPolygon","coordinates":[[[[37.77402,55.74468],[37.77558,55.74507],[37.77706,55.74481],[37.7764,55.74338],[37.77801,55.74154],[37.77635,55.73859],[37.77228,55.73861],[37.77217,55.7389],[37.77111,55.73845],[37.77283,55.74271],[37.77424,55.74249],[37.77456,55.743],[37.7741,55.74309],[37.77487,55.74328],[37.77514,55.74383],[37.77373,55.74408],[37.77402,55.74468]]]]}},{"type":"Feature","properties":{"id":"dogal-lab-132","kind":"district-label","btype":"dogal","name":"Перовский парк"},"geometry":{"type":"Point","coordinates":[37.77482,55.74125]}},{"type":"Feature","properties":{"id":"dogal-133","kind":"district","btype":"dogal","name":"Парк культуры и отдыха","lab":1},"geometry":{"type":"MultiPolygon","coordinates":[[[[37.50595,55.94438],[37.50544,55.94551],[37.50574,55.94687],[37.49881,55.94537],[37.49861,55.94162],[37.50303,55.94143],[37.50325,55.94171],[37.50257,55.94171],[37.50262,55.94242],[37.50326,55.94241],[37.50444,55.94412],[37.50595,55.94438]]]]}},{"type":"Feature","properties":{"id":"dogal-lab-133","kind":"district-label","btype":"dogal","name":"Парк культуры и отдыха"},"geometry":{"type":"Point","coordinates":[37.5019,55.94408]}},{"type":"Feature","properties":{"id":"dogal-134","kind":"district","btype":"dogal","name":"Парк имени Святослава Фёдорова","lab":1},"geometry":{"type":"MultiPolygon","coordinates":[[[[37.54859,55.86445],[37.54748,55.86822],[37.5505,55.86777],[37.55444,55.86311],[37.55452,55.86217],[37.55327,55.86126],[37.5498,55.86316],[37.54859,55.86445]]]]}},{"type":"Feature","properties":{"id":"dogal-lab-134","kind":"district-label","btype":"dogal","name":"Парк имени Святослава Фёдорова"},"geometry":{"type":"Point","coordinates":[37.55094,55.86477]}},{"type":"Feature","properties":{"id":"dogal-135","kind":"district","btype":"dogal","name":"Парк \"Печатники\"","lab":1},"geometry":{"type":"MultiPolygon","coordinates":[[[[37.717,55.68791],[37.71723,55.68247],[37.71628,55.68092],[37.71647,55.67591],[37.716,55.67586],[37.71661,55.67541],[37.71541,55.67531],[37.71405,55.68006],[37.71414,55.68327],[37.71518,55.68634],[37.7157,55.68627],[37.71604,55.68728],[37.717,55.68791]]]]}},{"type":"Feature","properties":{"id":"dogal-lab-135","kind":"district-label","btype":"dogal","name":"Парк \"Печатники\""},"geometry":{"type":"Point","coordinates":[37.71566,55.68177]}},{"type":"Feature","properties":{"id":"dogal-136","kind":"district","btype":"dogal","name":"Парк имени А. И. Герцена","lab":1},"geometry":{"type":"MultiPolygon","coordinates":[[[[37.67657,55.5756],[37.67748,55.57509],[37.67845,55.57567],[37.67827,55.5764],[37.67781,55.57654],[37.67937,55.57707],[37.68397,55.57742],[37.68459,55.57627],[37.6842,55.57605],[37.68426,55.57518],[37.68346,55.57462],[37.67523,55.57272],[37.67497,55.57412],[37.67657,55.5756]]]]}},{"type":"Feature","properties":{"id":"dogal-lab-136","kind":"district-label","btype":"dogal","name":"Парк имени А. И. Герцена"},"geometry":{"type":"Point","coordinates":[37.67995,55.57523]}},{"type":"Feature","properties":{"id":"dogal-137","kind":"district","btype":"dogal","name":"Krasnaya Presnya park","lab":1},"geometry":{"type":"MultiPolygon","coordinates":[[[[37.55624,55.75333],[37.55384,55.75617],[37.54931,55.75574],[37.54813,55.75515],[37.54764,55.75407],[37.55044,55.75137],[37.55624,55.75333]]]]}},{"type":"Feature","properties":{"id":"dogal-lab-137","kind":"district-label","btype":"dogal","name":"Krasnaya Presnya park"},"geometry":{"type":"Point","coordinates":[37.55172,55.75398]}},{"type":"Feature","properties":{"id":"dogal-138","kind":"district","btype":"dogal","name":"Парк Битца","lab":1},"geometry":{"type":"MultiPolygon","coordinates":[[[[37.58217,55.57297],[37.57938,55.57328],[37.57834,55.5715],[37.57968,55.57094],[37.58038,55.57197],[37.58311,55.57155],[37.58447,55.57193],[37.59234,55.56983],[37.59315,55.57088],[37.59299,55.57168],[37.5863,55.57328],[37.58217,55.57297]]]]}},{"type":"Feature","properties":{"id":"dogal-lab-138","kind":"district-label","btype":"dogal","name":"Парк Битца"},"geometry":{"type":"Point","coordinates":[37.58624,55.57191]}},{"type":"Feature","properties":{"id":"dogal-139","kind":"district","btype":"dogal","name":"Большая Всехсвятская роща","lab":1},"geometry":{"type":"MultiPolygon","coordinates":[[[[37.48993,55.80727],[37.48966,55.80487],[37.48854,55.80453],[37.48451,55.80521],[37.48392,55.81054],[37.48872,55.80906],[37.48797,55.80891],[37.48801,55.80779],[37.48833,55.80743],[37.48993,55.80727]]]]}},{"type":"Feature","properties":{"id":"dogal-lab-139","kind":"district-label","btype":"dogal","name":"Большая Всехсвятская роща"},"geometry":{"type":"Point","coordinates":[37.48666,55.8072]}},{"type":"Feature","properties":{"id":"dogal-140","kind":"district","btype":"dogal","name":"Парк Жужа","lab":1},"geometry":{"type":"MultiPolygon","coordinates":[[[[37.64108,55.66692],[37.64193,55.66833],[37.64866,55.67231],[37.64921,55.67313],[37.64898,55.67383],[37.64998,55.67395],[37.65368,55.67596],[37.65408,55.67576],[37.65344,55.67524],[37.65403,55.67501],[37.65468,55.67548],[37.6547,55.67513],[37.64847,55.67042],[37.64759,55.67054],[37.64586,55.66773],[37.64324,55.66726],[37.64322,55.66768],[37.6426,55.66757],[37.64279,55.66722],[37.64108,55.66692]]]]}},{"type":"Feature","properties":{"id":"dogal-lab-140","kind":"district-label","btype":"dogal","name":"Парк Жужа"},"geometry":{"type":"Point","coordinates":[37.64784,55.67112]}},{"type":"Feature","properties":{"id":"dogal-141","kind":"district","btype":"dogal","name":"Дендропарк","lab":1},"geometry":{"type":"MultiPolygon","coordinates":[[[[37.89348,55.82751],[37.8913,55.82873],[37.89403,55.83095],[37.89434,55.83163],[37.89381,55.83338],[37.89276,55.83329],[37.89271,55.83355],[37.89613,55.83391],[37.89832,55.82837],[37.89348,55.82751]]]]}},{"type":"Feature","properties":{"id":"dogal-lab-141","kind":"district-label","btype":"dogal","name":"Дендропарк"},"geometry":{"type":"Point","coordinates":[37.89513,55.83027]}},{"type":"Feature","properties":{"id":"dogal-142","kind":"district","btype":"dogal","name":"Усадьба Узкое","lab":1},"geometry":{"type":"MultiPolygon","coordinates":[[[[37.53567,55.61809],[37.53217,55.61968],[37.53245,55.62025],[37.53183,55.62101],[37.53214,55.62172],[37.53185,55.62285],[37.53396,55.62281],[37.53636,55.6214],[37.53734,55.62148],[37.53893,55.62084],[37.5398,55.61972],[37.53749,55.61816],[37.53567,55.61809]]]]}},{"type":"Feature","properties":{"id":"dogal-lab-142","kind":"district-label","btype":"dogal","name":"Усадьба Узкое"},"geometry":{"type":"Point","coordinates":[37.53541,55.62035]}},{"type":"Feature","properties":{"id":"dogal-143","kind":"district","btype":"dogal","name":"Парк культуры и отдыха \"Ивановские пруды\"","lab":1},"geometry":{"type":"MultiPolygon","coordinates":[[[[37.31724,55.81832],[37.31624,55.81836],[37.31573,55.81707],[37.31526,55.81704],[37.31249,55.8174],[37.31191,55.819],[37.31532,55.82273],[37.31577,55.82272],[37.31825,55.82055],[37.31926,55.82025],[37.31861,55.81999],[37.31982,55.8189],[37.3184,55.81842],[37.31843,55.8192],[37.3173,55.81922],[37.31724,55.81832]]]]}},{"type":"Feature","properties":{"id":"dogal-lab-143","kind":"district-label","btype":"dogal","name":"Парк культуры и отдыха \"Ивановские пруды\""},"geometry":{"type":"Point","coordinates":[37.31539,55.81961]}},{"type":"Feature","properties":{"id":"dogal-144","kind":"district","btype":"dogal","name":"Южный ландшафтный парк","lab":1},"geometry":{"type":"MultiPolygon","coordinates":[[[[37.67819,55.69161],[37.67132,55.68915],[37.67024,55.69004],[37.67106,55.69027],[37.67065,55.6908],[37.66964,55.6912],[37.66976,55.69236],[37.67742,55.69357],[37.67774,55.693],[37.679,55.69313],[37.67937,55.69283],[37.67819,55.69161]]]]}},{"type":"Feature","properties":{"id":"dogal-lab-144","kind":"district-label","btype":"dogal","name":"Южный ландшафтный парк"},"geometry":{"type":"Point","coordinates":[37.67403,55.69164]}},{"type":"Feature","properties":{"id":"dogal-145","kind":"district","btype":"dogal","name":"Сквер Победы","lab":1},"geometry":{"type":"MultiPolygon","coordinates":[[[[37.83852,55.62623],[37.83906,55.62454],[37.84087,55.62384],[37.84128,55.62446],[37.84382,55.62406],[37.84464,55.62688],[37.84402,55.62697],[37.84424,55.62744],[37.84465,55.62738],[37.84522,55.62885],[37.84641,55.62866],[37.84727,55.63002],[37.84858,55.62982],[37.84872,55.63008],[37.84801,55.6306],[37.84649,55.63017],[37.84453,55.62937],[37.84333,55.62838],[37.84167,55.62789],[37.84016,55.627],[37.84004,55.62646],[37.83852,55.62623]]]]}},{"type":"Feature","properties":{"id":"dogal-lab-145","kind":"district-label","btype":"dogal","name":"Сквер Победы"},"geometry":{"type":"Point","coordinates":[37.84271,55.62668]}},{"type":"Feature","properties":{"id":"dogal-146","kind":"district","btype":"dogal","name":"Брусиловский парк","lab":1},"geometry":{"type":"MultiPolygon","coordinates":[[[[37.5911,55.49986],[37.58182,55.50133],[37.57686,55.50006],[37.57273,55.49989],[37.57787,55.49901],[37.57856,55.49967],[37.58203,55.49992],[37.58439,55.49903],[37.58902,55.49862],[37.58935,55.49927],[37.59093,55.49953],[37.5911,55.49986]]]]}},{"type":"Feature","properties":{"id":"dogal-lab-146","kind":"district-label","btype":"dogal","name":"Брусиловский парк"},"geometry":{"type":"Point","coordinates":[37.5833,55.49994]}},{"type":"Feature","properties":{"id":"dogal-147","kind":"district","btype":"dogal","name":"Усадьба Ивановское","lab":1},"geometry":{"type":"MultiPolygon","coordinates":[[[[37.51542,55.43557],[37.51539,55.43407],[37.52066,55.43413],[37.52866,55.43339],[37.53014,55.43534],[37.51542,55.43557]]]]}},{"type":"Feature","properties":{"id":"dogal-lab-147","kind":"district-label","btype":"dogal","name":"Усадьба Ивановское"},"geometry":{"type":"Point","coordinates":[37.52285,55.43467]}},{"type":"Feature","properties":{"id":"dogal-148","kind":"district","btype":"dogal","name":"Перовский сквер","lab":1},"geometry":{"type":"MultiPolygon","coordinates":[[[[37.79101,55.74189],[37.79337,55.74282],[37.79318,55.7435],[37.79494,55.74389],[37.79533,55.74497],[37.79853,55.74479],[37.79825,55.7412],[37.79466,55.74055],[37.79445,55.74138],[37.79146,55.74129],[37.7905,55.74093],[37.7895,55.74174],[37.78963,55.74234],[37.79101,55.74189]]]]}},{"type":"Feature","properties":{"id":"dogal-lab-148","kind":"district-label","btype":"dogal","name":"Перовский сквер"},"geometry":{"type":"Point","coordinates":[37.79527,55.74261]}}]}